question,answer
Какие требования устанавливаются к составу и содержанию документации по удалению затонувшего имущества?," Требования к составу и содержанию документации по удалению затонувшего имущества устанавливаются федеральным органом исполнительной власти в области транспорта по согласованию с федеральным органом исполнительной власти, осуществляющим функции по выработке государственной политики и нормативно-правовому регулированию в сфере изучения, использования, воспроизводства и охраны природных ресурсов."
Какие основные показатели оценки офертов на строительство производственных объектов указаны в ГОСТ МДС 80-3.2000?," Основные показатели оценки офертов на строительство производственных объектов в ГОСТ МДС 80-3.2000: цена предмета подрядных торгов с указанием уровня расчета, предложенный метод учета изменений уровня цен, предложения по условиям и порядку финансирования и кредитования подрядных работ, технические и имущественные гарантии предпредприятия."
Какая сумма привлеченных денежных средств считается особо крупным размером?, Особо крупный размер привлеченных денежных средств составляет пять миллионов рублей в соответствии с законодательством России.
Какие трассы и сооружения должны быть показаны на схемах инженерных сетей и слаботочных линий согласно ГОСТ МДС 11-7.2000?," На схемах инженерных сетей и слаботочных линий должны быть показаны трассы водоснабжения, канализации, ливневой канализации, теплоснабжения, газоснабжения, электроснабжения, наружного освещения, телефонизации, радиофикации и телевидения с их основными параметрами, размещение сооружений инженерного оборудования и дренажная сеть."
Что влечет наложение административного штрафа на должностных лиц за нарушение порядка предоставления обеспечения исполнения обязательств по оплате энергоресурсов?," Нарушение установленного порядка предоставления обеспечения исполнения обязательств по оплате электрической энергии, газа, тепловой энергии или теплоносителя сопряжено с неисполнением (ненадлежащим исполнением) обязательств по их оплате в соответствии с установленными договорами о предоставлении этих энергетических ресурсов - влечет наложение административного штрафа на должностных лиц в размере от 40 тысяч до 100 тысяч рублей."
Какие требования предъявляются к прочности закрепленных грунтов при однорастворной двухкомпонентной силикатизации на основе раствора силиката натрия и ортофосфорной кислоты согласно ГОСТ (к СНиП 3.02.01-83)?," Для однорастворной двухкомпонентной силикатизации на основе раствора силиката натрия и ортофосфорной кислоты требуется, что плотность закрепленных грунтов должна составлять от 0,4 до 1 г/см3."
"Какова цель технического обслуживания и текущего ремонта зданий и сооружений, согласно статье 55.24, раздел 8?"," Целью технического обслуживания и текущего ремонта зданий и сооружений, согласно статье 55.24, раздел 8, является обеспечение надлежащего технического состояния таких объектов в целях предотвращения их износа и устранения мелких повреждений и неисправностей."
Что происходит с потерями бюджета в связи с получением средств ниже расчетного объема дотации?," В случае потерь бюджета в связи с получением средств ниже расчетного объема дотации, компенсации из бюджета субъекта Российской Федерации и (или) учету при последующем распределении межбюджетных трансфертов местным бюджетам не подлежат."
Какое решение выносится по результатам рассмотрения материалов камеральной налоговой проверки?," Решения выносятся в соответствии со статьей 101 Кодекса РФ: либо о привлечении налогоплательщика к ответственности за совершение налогового правонарушения, либо об отказе в привлечении налогоплательщика к ответственности."
"Подлежат ли вычету суммы акциза, исчисленные по истечении 180 календарных дней с даты выпуска товаров в Калининградской области?"," Да, подлежат ли вычету суммы акциза, исчисленные по истечении 180 календарных дней с даты выпуска товаров в Калининградской области — да. Это упоминается в пункте 26 статьи 25 на сайте https://nkodeksrf.ru/."
"Что означает ""особыми условиями"" в контексте сдачи в аренду земельных участков и других обособленных природных объектов?"," ""Особыми условиями"" в контексте сдачи в аренду земельных участков и других обособленных природных объектов могут быть установлены особенности, ограничения или условия, которые регламентируют способ использования данного земельного участка или природного объекта. Это может касаться вопросов охраны окружающей среды, безопасности транспорта, энергетики, обороны страны и так далее."
Какие основные положения генеральной схемы расселения учитываются на последующих стадиях градостроительного проектирования? (ГОСТ МДС 11-7.2000)," Генеральные положения расселения учитываются при осуществлении регулирования деятельности в области расселения, территориальной организации производительных сил и градостроительной деятельности в границах проектируемого региона."
Какие меры наказания за нарушение соглашения о недопущении конкуренции указаны в ГОСТ МДС 80-2.2000?," В ГОСТ МДС 80-2.2000 не указаны конкретные меры наказания за нарушение соглашения о недопущении конкуренции, однако в приложении 3 к этому документу предлагаются следующие варианты:
1. Наложение административного штрафа на должностных лиц в размере от тридцати тысяч до пятидесяти тысяч рублей или дисквалификацию на срок до двух лет за повторное совершение административного правонарушения.
2. Судебное преследование и освобождение от ответственности по судебному запрету с денежной компенсацией в случае любого нарушения соглашения о недопущении конкуренции."
"Какие органы имеют право рассматривать дела об административных правонарушениях, предусмотренных статьей 15.12.1 КоАП РФ?"," Органы исполнительной власти субъектов Российской Федерации имеют право рассматривать дела об административных правонарушениях, предусмотренных статьей 15.12.1 КоАП РФ, если это предусмотрено нормативными правовыми актами Президента или Правительства РФ о передаче полномочий федеральным органам исполнительной власти для осуществления органам исполнительной власти субъектов РФ."
"Какие требования к стальным конструкциям установлены СНиП II-23-81*, изд. 1990 г.?"," СНиП II-23-81, изд. 1990 г., устанавливает требования к алюминиевым конструкциям, включая их проектирование, разработку технологических процессов и производство, но не содержит сведений о стальных конструкциях."
Какое максимальное число баллов по показателю 'цена' рекомендуется устанавливать согласно ГОСТ МДС 80-3.2000?, Максимальное число баллов по показателю 'цена' рекомендуется установить в размере до 800 баллов согласно ГОСТ МДС 80-3.2000.
"Как производится усыновление ребенка иностранными гражданами или лицами без гражданства, состоящими в браке с гражданами Российской Федерации?"," Усыновление ребенка иностранными гражданами или лицами без гражданства, состоящими в браке с гражданами Российской Федерации, производится по следующему порядку:

1. На территории Российской Федерации усыновляющим должен быть гражданин государства, где проживает ребенок, или ребенком не должен быть лицо без гражданства - в государстве, где это лицо имеет постоянное место жительство.
2. Для усыновления должны быть соблюдены требования статей 124-126, 128, 129, 130 (за исключением абзаца пятого), 131-133 Семейного кодекса РФ с учетом положений международного договора РФ о межгосударственном сотрудничестве в области усыновления детей.
3. Если ребенок является гражданином Российской Федерации, то необходимо получение предварительного разрешения на усыновление (удочерение) от органа исполнительной власти субъекта Российской Федерации, на территории которого ребенок или его родители (один из них) проживали до выезда за пределы территории Российской Федерации.
4. Усыновление иностранными гражданами или лицами без гражданства, состоящими в браке с гражданами РФ, осуществляется по установленному настоящим Кодексом для граждан Российской Федерации (если иное не предусмотрено международным договором РФ).
5. В случае отсутствия совместного места жительства родителей и детей, права и обязанности родителей и детей определяются законодательством государства, гражданином которого является ребенок."
Что такое коллективный трудовой спор?," Коллективный трудовой спор - это разногласия между работниками (их представителями) и работодателями (их представителями) по поводу установления и изменения условий труда, заключения, изменения и выполнения коллективных договоров, а также в связи с отказом работодателя учесть мнение выборного представительного органа работников при принятии локальных нормативных актов."
Какие процедуры могут предшествовать заключению трудового договора с руководителем организации?," Могут быть установлены процедуры, предшествующие заключению трудового договора с руководителем организации, например: проведение конкурса, избрание или назначение на должность."
"Как исчисляются ввозные таможенные пошлины, налоги, специальные, антидемпинговые, компенсационные пошлины при помещении продуктов переработки под таможенную процедуру выпуска для внутреннего потребления?"," Ввозные таможенные пошлины, налоги, специальные, антидемпинговые, компенсационные пошлины при помещении продуктов переработки под таможенную процедуру выпуска для внутреннего потребления определяются исходя из стоимости операций по переработке вне таможенной территории Союза. Стоимость операций по переработке вне таможенной территории Союза - это совокупность фактически понесенных расходов на операции по переработке (ремонту) и иностранные товары, использованные в процессе переработки (ремонта), если они не включены в расходы на операции по переработке (ремонту). Если заявленная при таможенном декларировании продуктов переработки стоимость операций по переработке вне таможенной территории Союза не подтверждена документально или представленные документы не подтверждают заявленные сведения о стоимости таких операций, она определяется как разность таможенной стоимости продуктов переработки и стоимости товаров, помещенных под таможенную процедуру переработки вне таможенной территории. Если к продуктам переработки применяются специфические ставки ввозных таможенных пошлин, сумма подлежащих уплате ввозных таможенных пошлин определяется как произведение суммы ввозной таможенной пошлины, исчисленной по специфической ставке в отношении продуктов переработки, на соотношение стоимости операций по переработке вне таможенной территории Союза к таможенной стоимости продуктов переработки."
Что такое государственная собственность в Российской Федерации?," Государственная собственность в Российской Федерации - это собственность, принадлежащая Российской Федерации или её субъектам (например, городам федерального значения) на праве собственности."
"Какие требования предъявляются к материалам утепления опорных контуров согласно ГОСТ 9573-82, ГОСТ 20916-87, ГОСТ 15588-86?"," Материалы для утепления опорных контуров должны соответствовать ГОСТ 9573-82, ГОСТ 20916-87 и ГОСТ 15588-86. Это минераловатные плиты или плиты из пенопласта или полистирольные типа ПСБ-С с антипиреном. Плита утеплителя должна иметь плотность не более 250 кг/м3."
Кто одобрил Методические рекомендации по разработке технической части тендерной документации и оферты претендента?," Научно-техническим советом Минстроя России, протокол № 23-10/9 от 26 августа 1994 г., и Утверждены Межведомственной комиссией по подрядным торгам при Минстрое России, протокол № 5 от 17 февраля 1995 г."
"Что грозит за непредставление или несвоевременное представление сведений, предусмотренных антимонопольным законодательством Российской Федерации?"," За непредставление или несвоевременное представление сведений, предусмотренных антимонопольным законодательством Российской Федерации, налагается административный штраф на граждан в размере от одной тысячи пятисот до двух тысяч пятисот рублей, на должностных лиц - от десяти тысяч до пятнадцати тысяч рублей, а на юридических лиц - от пятидесяти тысяч до пятисот тысяч рублей."
"Какие участки трубопроводов подлежат замене, согласно ГОСТ МДС 13-18.2000?"," Ответ:
Участки трубопроводов подлежат замене, если коррозионный износ превышает 60 % или более 0,7 свища на 1 п.м трубопровода."
Какие правила и инструкции издает федеральный орган исполнительной власти в области рыболовства?," Федеральный орган исполнительной власти в области рыболовства издает правила, инструкции и иные акты, содержащие нормы права, регулирующие отношения, возникающие в связи с рыболовством, включая:
• статьи 8.33-8.48 настоящего Кодекса (некоторые части),
• часть 1 статьи 8.42,
• статью 11.6,
• частями 1 и 1.1 статьи 11.7,
• статьи 11.8-11.11,
• часть 2 статьи 11.17 настоящего Кодекса."
Какие примеры нематериальных активов приведены в тексте?," В тексте приведены следующие примеры нематериальных активов:
1) исключительное право патентообладателя на изобретение, промышленный образец, полезную модель;
2) исключительное право автора и иного правообладателя на использование программы для ЭВМ, базы данных;
3) исключительное право автора или иного правообладателя на использование топологии интегральных микросхем;
4) исключительное право на товарный знак, знак обслуживания, наименование места происхождения товаров и фирменное наименование;
5) исключительное право патентообладателя на селекционные достижения;
6) владение ""ноу-хау"", секретной формулой или процессом, информацией в отношении промышленного, коммерческого или научного опыта;
7) исключительное право на аудиовизуальные произведения."
Как компенсируется ущерб Исполнителю в случае несвоевременной оплаты или необоснованного отказа от оплаты выполненных работ в ГОСТ МДС 11-11.2000?," В ГОСТе МДС 11-11.2000 нет прямого указания на способы компенсации ущерба Исполнителю в случае несвоевременной оплаты или необоснованного отказа от оплаты выполненных работ. Однако, по принципу равноправия сторон и соблюдения договоренностей, отказ от оплаты выполненных работ может быть расцениваться как нарушение контракта, вследствие чего Исполнитель имеет право требовать компенсацию ущерба."
Какие способы уплаты государственной пошлины предусмотрены согласно ГОСТ МДС 81-23.2000?," Согласно ГОСТу МДС 81-23.2000 предусмотрены четыре основные группы налогов: федеральные налоги, налоги субъектов Российской Федерации (республик, краев, областей, автономных образований), местные налоги и отдельные отчисления и платежи. Не упомянуто ничего о способах их уплаты."
Какие данные об инвентарном номере и каталожном листе должны быть указаны в форме 5?," В форме 5 каталожных листов для проектной документации типовых строительных конструкций, изделий и узлов зданий и сооружений должны быть указаны инвентарный номер проектной документации и номер каталожного листа. Эти данные помещаются в последней графе на последней странице каталожного листа."
Что такое заключение под стражу?," Заключение под стражу - это мягкая пресечная мера в виде содержания в специальном учреждении или на свободе под надзором, применяемая судом в отношении подозреваемого или обвиняемого в совершении тяжкого преступления, когда невозможно применение иной мягкой пресечной меры. Оно может быть применено на срок свыше трех лет."
"Как долго может длиться процедура отбора лучшего предложения, согласно ГОСТ МДС 11-11.2000?"," Согласно ГОСТу МДС 11-11.2000 процедура отбора лучшего предложения может длиться в течение определенного срока, установленного регламентом работы тендерного комитета, но не указано конкретное время."
Что происходит с патентной пошлиной после отзыва заявления об открытой лицензии?," После отзыва заявления об открытой лицензии патентообладатель должен доплатить пошлину за поддержание патента в силе за период, прошедший со дня публикации сведений об открытой лицензии, и в дальнейшет уплачивать ее в полном размере."
Какие объекты могут быть оценены с помощью УПБС согласно СНиПу?," Объекты, которые могут быть оценены с помощью УПБС согласно СНиПу: объекты жилищно-гражданского назначения."
Какая площадь бетоносмесителей должна быть предусмотрена согласно ГОСТ МДС-80-8.2000?, По данным введённому документу (Методические рекомендации по разработке технической части тендерной документации и оферты предназначены для всех субъектов инвестиционной деятельности) нет сведений об указании площадей бетоносмесителей в ГОСТ МДС-80-8.2000.
Как определяются затраты на получение исходных данных и согласования по проектным решениям согласно МДС 81-30.2002?," По данным МДС 81-30.2002, затраты на получение исходных данных и согласование по проектным решениям определяются на основании расчетов и цен на эти услуги, а также согласно письму Минстроя России от 14.11.96 № БЕ-19-30/12."
Какие административные правонарушения относятся к категории нарушений законодательства об охране здоровья граждан?," В статьях 6.25, 6.32 и 6.33 Кодекса Российской Федерации о защите прав граждан в сфере охраны здоровья, определены нарушения, которые относятся к категории административных правонарушений:

1. Нарушение запрета курения табака, потребления никотинсодержащей продукции или использования кальянов на отдельных территориях, в помещениях и на объектах, а также на детских площадках.
2. Несоблюдение требований к знаку о запрете курения табака, потребления никотинсодержащей продукции или использования кальянов и неисполнение обязанностей по контролю за соблюдением норм законодательства в сфере охраны здоровья граждан от воздействия окружающего табачного дыма, последствий потребления табака или потребления никотинсодержащей продукции на территориях и в помещениях.
3. Нарушение требований законодательства в сфере охраны здоровья при проведении искусственного прерывания беременности, включая несоблюдение сроков и получение информированного добровольного согласия.
4. Обращение фальсифицированных, контрафактных, недоброкачественных и незарегистрированных лекарственных средств, медицинских изделий и оборот фальсифицированных биологически активных добавок.

Возможно также применить статьи, связанные с нарушением правил безопасности в области обращения лекарственных средств для ветеринарного применения и земель сельскохозяйственного назначения, а также с распространением недостоверной информации, которая может повлекнуть за собой ущерб здоровью человека."
Как согласно СНиП 3.01.03-84 устанавливаются анкерные блоки и закладные детали?," Анкерные блоки и закладные детали устанавливаются в запланированных местах, их местоположение определяют от граней щитов коробок опалубки и закрепляют яркой краской на рабочем полу опалубки."
Какой телефон указан для бесплатной юридическая консультации в регионах России?, 8 (800) 301-92-12
В каких условиях содержатся осужденные к аресту?," Осужденные к аресту содержатся в условиях строгой изоляции, раздельно от других категорий лиц и размещаются: осужденные мужчины, осужденные женщины, а также осужденные, ранее отбывавшие наказание в исправительных учреждениях и имеющие судимость. Они содержатся в запираемых общих камерах, с возможностью ежедневной прогулки продолжительностью не менее одного часа. При исключительных личных обстоятельствах осужденным к аресту может быть разрешен телефонный разговор с близкими."
В каких случаях таможенный орган отказывает в выпуске товаров при предварительном декларировании?," Таможенный орган отказывает в выпуске товаров при предварительном декларировании в следующих случаях:
1) Невыполнение условий, при которых таможенный орган производит выпуск товаров.
2) Невыполнение требований таможенного органа об изменении (дополнении) сведений, заявленных в таможенной декларации.
3) Наступление при предварительном таможенном декларировании обстоятельств, предусмотренных пунктом 6 статьи 114 настоящего Кодекса.
4) Несоблюдение при периодическом таможенном декларировании особенностей такого таможенного декларирования, предусмотренных пунктами 1 и 2 статьи 116 настоящего Кодекса, и (или) наличие у декларанта не исполненной в установленный срок обязанности по уплате таможенных платежей, специальных, антидемпинговых, компенсационных пошлин, процентов и (или) пеней.
5) Непредъявление товара по требованию таможенного органа в пределах сроков выпуска товаров, установленных пунктами 3 и 6 статьи 119 настоящего Кодекса.
6) Невозобновление срока выпуска товаров в случаях, предусмотренных пунктами 6 и 11 статьи 124 настоящего Кодекса.
7) Невыполнение требований, предусмотренных пунктами 2 и 7 статьи 325 настоящего Кодекса.
8) Неотнесение товаров, заявленных в пассажирской таможенной декларации, к товарам для личного пользования в соответствии с пунктом 4 статьи 256 настоящего Кодекса.
9) Выявление при проведении таможенного контроля товаров таможенными органами нарушений международных договоров и актов в сфере таможенного регулирования и (или) законодательства государств-членов, за исключением случаев, когда:
    выявленные нарушения, не являющиеся основаниями для возбуждения административного или уголовного дела, устранены;
    выявленные нарушения устранены, декларируемые товары не изъяты, и на них не наложен арест в соответствии с законодательством государств-членов."
Что такое процессуальное решение по определению статьи 33?," Процессуальное решение - это судебный акт, который принимается судом в ходе судебного разбирательства (по процедуре) и имеет целью рассмотрение и разрешение конкретных вопросов по делу. По статье 33 Кодекса РФ осуществляется принятие решения судом, завершающего производство по гражданскому делу с установлением взыскиваемой или возмещательной суммы, признанием факта неприемлемости требований истца, отказом в удовлетворении требований одной из сторон или обязательством обеих сторон о выполнении соглашения."
Что означает знак 5.22?," Знак 5.22 обозначает ""Конец жилой зоны""."
"Какие требования ГОСТ или СНиП регулируют проектирование кладбища площадью до 0,5 га?"," Требования к проектированию кладбища площадью до 0,5 га регулируются ГОСТом 31279-84 и СНиПом 2.06.05-84."
Какие ГОСТы или СНиПы регламентируют расчет затрат на эксплуатацию строительных машин?," ГОСТы или СНиПы, регламентирующие расчет затрат на эксплуатацию строительных машин, упомянуты не в тексте. Расчет затрат на эксплуатацию строительных машин определяется исходя из данных о времени использования (нормативная потребность) и соответствующих сметных расценок, приведенных в Методических указаниях по разработке сметных норм и расценок на эксплуатацию строительных машин и автотранспортных средств (МДС 81-3.99)."
Какие требования МДС 14-13.2000 предъявляет к площади прочих помещений?," По МДС 14-13.2000, для жилых комнат, кухонь, входных тамбуров (кроме ведущих непосредственно в квартиры), лестничных клетках, общих коридоров в зданиях коридорного типа, помещений общего пользования в общежитиях требуется обеспечить площадь естественного освещения не менее чем 1:5,5. Для остальных помещений минимальное отношение должно быть не менее 1:8."
Какие преступления относятся к уголовным делам частного обвинения?," Преступления, относящиеся к уголовным делам частного обвинения, определены в статье 20 Уголовного кодекса Российской Федерации. Такими преступлениями являются деяния, предусмотренные статьями 115 части первой, 116.1 частью первой, 128.1 частью первой Уголовного кодекса Российской Федерации, а также уголовные дела о преступлениях, предусмотренных статьями 159 частями пятой - седьмой Уголовного кодекса Российской Федерации, если они совершены индивидуальным предпринимателем в связи с осуществлением им предпринимательской деятельности и (или) управлением принадлежащим ему имуществом, используемым в целях предпринимательской деятельности, либо если эти преступления совершены членом органа управления коммерческой организации в связи с осуществлением им полномочий по управлению организацией либо в связи с осуществлением коммерческой организацией предпринимательской или иной экономической деятельности. К уголовным делам частно-публичного обвинения относятся уголовные дела о преступлениях, предусмотренных статьями 131 части первой, 132 частью первой, 137 части первой, 138 части первой, 139 части первой, 144.1, 145, 146 частью первой, 147 части первой, 159 частями первой - четвертой, 159.1 - 159.3, 159.5, 159.6, 160, 165, 176 частью первой, 177, 180, 185.1, 201 частью первой Уголовного кодекса Российской Федерации, если они совершены индивидуальным предпринимателем в связи с осуществлением им предпринимательской деятельности и (или) управлением принадлежащим ему имуществом, используемым в целях предпринимательской деятельности."
Что должно содержать пояснительная записка к схеме районной планировки? (ГОСТ МДС 11-7.2000)," Пояснительная записка к схеме районной планировке должна содержать обоснования предложений и решений, перечисленных в пп. 5.2 - 5.7 (включая приложение 11) настоящей Инструкции."
Какие министерства и ведомства утверждают ценники на медицинское оборудование согласно ГОСТ МДС 81-8.2000?, Министерство здравоохранения СССР (Минздрав СССР) утверждало ценники на медицинское оборудование согласно ГОСТ МДС 81-8.2000.
Какие разделы включены в проектные работы для трибун с подтрибунными помещениями согласно СНиП?," Включены следующие разделы проектных работ для трибун с подтрибунными помещениями согласно СНиП:
1. По архитектурно-строительной части.
2. По технико-экономическим показателям.
3. К организации и условиям труда работников."
Какой метод следует использовать для измерения крена зданий и сооружений сложной геометрической формы в СНиП 3.01.03-84?," Для измерения крена зданий и сооружений сложной геометрической формы следует использовать метод измерения горизонтальных направлений с двух постоянно закрепленных опорных знаков, расположенных на взаимно перпендикулярных направлениях (по отношению к зданию, сооружению)."
Какие операции включаются в управление остатками средств на едином счете бюджета территориального внебюджетного фонда?," Управление остатками средств на едином счете бюджета территориального внебюджетного фонда включает следующие операции:
1) размещение средств с единого счета бюджета территориального внебюджетного фонда на банковских депозитах и их возврат в соответствии со статьей 236 настоящего Кодекса;
2) привлечение на единый счет бюджета территориального внебюджетного фонда и возврат привлеченных средств в соответствии с пунктами 8, 12 и 13 статьи 236 настоящего Кодекса;
3) другие операции по управлению остатками средств на едином счете бюджета территориального внебюджетного фонда (при условии, что в бюджете территориального внебюджетного фонда расчетная доля межбюджетных трансфертов из федерального бюджета не превышала 20 процентов объема собственных доходов консолидированного бюджета субъекта Российской Федерации), осуществляемые в порядке, установленном высшим исполнительным органом государственной власти субъекта Российской Федерации."
Что включается в состав обосновывающих материалов к сводному расчету затрат российских организаций в смешанных ценах?," Копии сводных смет в смешанных ценах, сводных сметных расчетов во внутренних (базисных) ценах Российской Федерации по объекту-аналогу, расчеты поправок включаются в состав обосновывающих материалов к сводному расчету затрат российских организаций в смешанных ценах."
Какое определение выносит суд о замене ненадлежащего административного ответчика?," Суд выносит определение об изменении ответчика в деле, на которое может быть подана частная жалоба. Новое лицо будет считаться ответчиком и будет нести все полномочия и обязанности, связанные с этим административным делом."
"Что происходит, если представляемый одобряет сделку, заключенную неуполномоченным лицом?"," Если представляемый одобряет сделку, заключенную неуполномоченным лицом, другая сторона вправе потребовать исполнения сделки или отказаться от нее в одностороннем порядке и требовать возмещения убытков. Убытки не подлежат возмещению, если при совершении сделки другая сторона знала или должна была знать об отсутствии полномочий либо об их превышении (Статья 184 Кодекса РФ)."
Как устанавливаются порядок и формы внесения авансовых платежей?," Налоговые органы устанавливают порядок и формы внесения авансовых платежей в соответствии с законодательством о налогах и сборах. Сроки уплаты авансовых платежей - не позднее последнего числа месяца, следующего за истекшим отчетным периодом. В течение налогового периода налогоплательщики уплачивают авансовые платежи по налогу, если законом субъекта Российской Федерации не предусмотрено иное."
"Что происходит с правом применения тарифов страховых взносов, если организация не выполняет условия, установленные пунктом 12?"," Если организация, осуществляющая производство анимационной аудиовизуальной продукции или оказание услуг (выполнение работ) по созданию анимационной аудиовизуальной продукции, не выполняет хотя бы одно условие, установленное пунктом 12 настоящей статьи, то она лишается права применять тарифы страховых взносов, предусмотренные подпунктом 6 пункта 2 настоящей статьи с начала расчетного периода, в котором допущено несоответствие установленным условиям или произошло исключение из данного реестра."
"Какие административные правонарушения рассматривает федеральный орган исполнительной власти, осуществляющий федеральный государственный карантинный фитосанитарный надзор, государственный надзор в области безопасного обращения с пестицидами и агрохимикатами и государственный земельный надзор (в отношении использования и охраны земель сельскохозяйственного назначения)?"," Федеральный орган исполнительной власти, осуществляющий федеральный государственный карантинный фитосанитарный надзор, государственный надзор в области безопасного обращения с пестицидами и агрохимикатами и государственный земельный надзор (в отношении использования и охраны земель сельскохозяйственного назначения) рассматривает дела об административных правонарушениях, предусмотренных статьями 7.18, 8.3, 8.6, частями 1 и 2 статьи 8.7, частями 2 и 2.1 статьи 8.8, статьями 10.1 - 10.3, статьей 10.9, статьей 10.10 (за исключением судоходных гидротехнических сооружений), статьями 10.12 - 10.14, частями 1 и 2 статьи 14.43, статьями 14.44 - 14.46, частями 1 - 4 статьи 14.46.2 настоящего Кодекса."
Какой телефон доступен для бесплатной юридической консультации в регионах России?, 8 (800) 301-92-12
Какие сведения должен содержать опросник согласно ГОСТ МДС 80-5.2000?," Опросник должен содержать основные критерии предварительной квалификации, в том числе: опыт проведения сопоставимых работ, финансовое положение, техническое оснащение, производственная база, состав и квалификацию персонала, ноу-хау и т.д."
Кто утверждает форму заявления о включении в перечень организаций розничной торговли?," Форма заявления о включению в перечень организаций розничной торговли утверждается федеральным органом исполнительной власти, осуществляющим функции по выработке государственной политики и нормативно-правовому регулированию в области развития внешней и внутренней торговли."
Какой порядок уведомления лица о проведении проверки таможенных документов и сведений после выпуска товаров?," После выпуска товаров, проверка таможенных документов и сведений может быть начата и уведомление о проведении такой формы таможенного контроля может быть произведено в соответствии со статьей 326 настоящего Кодекса, за исключением случая, предусмотренного пунктом 10 настоящей статьи."
"Какая стоимость содержания рабочих, занятых на выполнении строительно-монтажных работ, включая механизаторов, указана в смете № 4.1 согласно ГОСТ МДС 81-21.2000?"," В смете № 4.1, согласно ГОСТ МДС 81-21.2000, указана стоимость содержания рабочих, занятых на выполнении строительно-монтажных работ, включая механизаторов:
+ (для основной заработной платы рабочих) - чел.-дн. = 8740 руб.
+ (для заработной платы машинистов) - чел.-ч = 1500 руб.
+ (для дополнительной зарплаты всех рабочих, выполняющих работы за счет накладных расходов) - чел.-дн. = 690 руб.
Итого: 10580 рублей."
В какие сроки должны быть устранены нарушения и сообщено об этом в суд?," Нарушения должны быть устранены не позднее одного месяца после вынесения частного определения суда, если иной срок не установлен в частном определении. Несообщение об этом в суд влечет наложение судебного штрафа на виновных должностных лиц (Статья 200)."
"В каких случаях трудовой договор прекращается, если невозможно перевести работника с его письменного согласия на другую имеющуюся у работодателя работу?"," Трудовой договор прекращается, если невозможно перевести работника с его письменного согласия на другую имеющуюся у работодателя работу в следующих случаях:
1. по основаниям, предусмотренным пунктами 2, 8, 9, 10 или 13 части первой статьи;
2. по основанию, предусмотренному пунктом 2 или 3 части первой статьи;
3. по основанию, предусмотренному пунктом 7 или 8 части первой статьи, в случаях, когда виновные действия дающие основания для утраты доверия совершены работником вне места работы или по месту работы, но не в связи с исполнением им трудовых обязанностей;
4. по основанию, предусмотренному пунктом 8 части первой статьи 77 настоящего Кодекса (отстранение от работы на срок, определяемый соглашением сторон)."
Кто должен направлять информацию о региональных и местных налогах в территориальные органы федерального органа исполнительной власти?, Информация о региональных и местных налогах должна направляться в территориальные органы федерального органа исполнительной власти уполномоченного по контролю и надзору в области налогов и сборов по соответствующему субъекту Российской Федерации.
Какие требования к неравномерности естественного освещения приведены в ГОСТ МДС 31-8.2002?," В ГОСТ MDS 31-8.2002 указано, что неравномерность естественного освещения в помещениях должна превышать отношения 3:1."
Какое Положение о применении финансовых санкций Государственной жилищной инспекцией содержится в МДС 17-13.2000?, Положение о применении финансовых санкций Государственной жилищной инспекцией не содержится в МДС 13-17.2000.
Какие объекты не могут быть построены в границах зон затопления и подтопления?," В границах зон затопления и подтопления строительство объектов капитального строительства, не обеспеченных сооружениями или методами инженерной защиты от негативного воздействия вод, запрещено."
Что такое транспортное средство и какие виды транспортных средств существуют?," Транспортное средство - это любой предмет, используемый для перевозки людей или грузов из одного места в другое. Существуют разные виды транспортных средств: автомобили (автобусы, легковые и грузовики), мототранспортное средство (мопеды, мотоциклы), водное судно (катера, корабли), воздушное судно (самолеты, вертолеты)."
Какие особенности содержания дирекции при сооружении объектов за счет государственных централизованных капитальных вложений? (ГОСТ не указан)," Средства на содержание дирекции при сооружении объектов за счет государственных централизованных капитальных вложений предусматриваются в сводном сметном расчете стоимости строительства на весь период строительства в соответствии с нормами его продолжительности и могут расходоваться в этих пределах. При превышении нормативных сроков строительства вопрос о численности персонала и средствах на его содержание должен решаться организацией, образовавшей дирекцию."
Какие исключения существуют для применения ГЭСН?," Экстренные случаи, усложненные внешними факторами, более сложные производственные условия по сравнению с предусмотренными в сборниках ГЭСН, реконструкция, расширение и техническое перевооружение предприятий, зданий и сооружений."
"Какие условные однотипные обозначения и краски должны применяться для изображения элементов, повторяющихся на различных чертежах, согласно ГОСТ МДС 11-7.2000?"," Условные однотипные обозначения и краски для изображения повторяющихся элементов на различных чертежах должны быть установлены в соответствии с нормами, определяемыми проектными документами и стандартами, используемыми для данного объекта или типа работ. В конкретном случае рекомендуется проверить ГОСТ МДС 11-7.2000, но оно касается в основном условных обозначений на чертежах и не дает конкретных рекомендаций по краскам для повторяющихся элементов. Поэтому в отсутствии других соответствующих стандартов или правил, это зависит от опыта и практики организации-разработчика градостроительной документации."
Какие сроки давности привлечения к административной ответственности предусмотрены за нарушение законодательства о государственном регулировании деятельности по организации и проведению азартных игр?, Сроки давности привлечения к административной ответственности за нарушение законодательства о государственном регулировании деятельности по организации и проведению азартных игр в статье 14.1.1-1 настоящего Кодекса составляют один год.
Как формируется перечень внутренних водных путей?," Перечень внутренних водных путей устанавливается федеральным органом исполнительной власти в области транспорта, в соответствии с правилами настоящего Кодекса."
Какие объекты органов государственной власти и управления исключаются из графиков временного отключения электрической энергии согласно ГОСТ МДС 13-19.2001?," Объекты органов государственной власти и управления, которые исключены из графиков временного отключения электрической энергии согласно ГОСТ МДС 13-19.2001: не указаны в тексте."
Что входит в правовое регулирование трудовых отношений по подготовке и дополнительному профессиональному образованию работников?," Правовое регулирование трудовых отношений по подготовке и дополнительному профессиональному образованию работников включает:
1. Определение обязанности работодателя по подготовке и дополнительному профессиональному образованию работников, в том числе собственными нуждами.
2. Формы подготовки и дополнительного профессионального образования работников.
3. Право работника на подготовку и дополнительное профессиональное образование, в том числе на прохождение независимой оценки квалификации.
4. Гарантии соблюдения трудового законодательства и иных нормативных правовых актов при подготовке и дополнительном профессиональном образовании работников.
5. Право работодателя на применение профессиональных стандартов, если требования к квалификации установлены другими федеральными законами."
Какие работы следует провести для влажной уборки помещения чердака согласно ГОСТ МДС 13-18.2000?," Для влажной уборки помещения чердака следует:

1. Проверять герметичность двойных дверей, ведущих в вентиляционные камеры и снабдить их врезными замками;
2. Обеспечивать минимальное сопротивление выпуска воздуха из вытяжной шахты за счет ликвидации жалюзийных решеток на выходе или замены их редкой сеткой для защиты от голубей;
3. Проверять герметичность пола под вытяжной шахтой и, при необходимости, выполнять ее гидроизоляцию битумной мастикой;
4. Устранять различного рода течи в трубопроводах и провисание труб;
5. Проверить утепление вентиляционных шахт (оштукатуривание снаружи по войлоку и дранке и обивкой изнутри кровельной сталью по войлоку, смоченному жидким глиняным раствором);
6. Осуществлять влажную уборку помещения чердака с очисткой сеток на выпуске воздуха из вентиляционных оголовков и, при необходимости, отремонтировать оголовки и заменить разрушенные стенки щитами из древесностружечных плит с герметизацией их соединений;
7. Проверять наличие герметично закрываемых дверей между секциями чердака."
"Что означает возможность таможенного декларирования товаров, незаконно перемещенных через таможенную границу Союза?"," Возможность таможенного декларирования товаров, незаконно перемещенных через таможенную границу Союза, означает возможность заявить таможенным органам о принадлежности этих товаров к категории товаров для личного пользования и совершить таможенные операции (декларирование, временный ввоз, вывоз и т.д.) с целью законного перемещения их через таможенную границу Союза. Однако подобная ситуация может привести к налоговым или таможенным штрафам в случае несоблюдения законодательных требований, включая нелегальное перемещение товаров и неуплату таможенных пошлин."
Какие услуги включены в пункт 4 перечня продукции и услуг проектного института согласно ГОСТ МДС 11-11.2000?," Перечень продукции и услуг проектного института, которые включены в пункт 4 ГОСТ МДС 11-11.2000, следующий:

1. Проектирование
2. Строительство
3. Проектные услуги и консультирование
4. Обслуживание объектов и инженерное обеспечение
5. Программы развития, планирование и стратегические консультации
6. Экспертиза, экономическое обоснование тарифов
7. Маркетинговые исследования и маркетинг-стратегия
8. Разработка нормативно-инструктивной документации по организации проектирования и строительства
9. Регистрация, рассмотрение, оформление рацпредложений и изобретений в процессе строительства
10. Методическая помощь авторам рацпредложений и изобретений
11. Составление лицензионных папортс на материалы
12. Консультационная помощь при выходе на внешний рынок

Примечание: Список может не быть полным, т.к. данные указаны на основе отобранных частей ГОСТ МДС 11-11.2000."
"Какие действия должен предпринять специалист, если ему известно, что коллега недостаточно профессионально образован, ответственен и не имеет достаточных навыков и практического опыта для выполнения соответствующих функций, работ или услуг согласно ГОСТ?"," Специалист обязан отказаться в ходатайстве или выдаче положительной характеристики заинтересованному лицу - коллеге, если последний известен данному специалисту как недостаточно профессионально образованный, ответственный, не имеющий достаточных навыков и практического опыта для выполнения соответствующих функций, работ или услуг."
Что допускается без согласия автора или иного правообладателя и без выплаты вознаграждения в целях создания пародий и карикатур?, В случае создания пародии или карикатуры на основе другого правомерно обнародованного произведения допускается использование этих пародий либо карикатур без согласия автора или иного обладателя исключительного права на оригинальное произведение и без выплаты ему вознаграждения.
Какие материалы используются для гидроизоляции полов рубероидом согласно СНиП?," Рубероид (битумная мастика) используется для гидроизоляции полов согласно СНиП II-22-81, раздел 2.03-84."
Какой вид исправительного учреждения и режим должны быть определены подсудимому при назначении ему наказания в виде лишения свободы?," При назначении подсудимому наказания в виде лишения свободы, вид исправительного учреждения и режим должны определяться согласно типу преступления, тяжести, а также поведению и отношению подсудимого к труду во время всего периода отбывания наказания. Необходимо учитывать статьи 78 и 120 Уголовного кодекса Российской Федерации. Это могут быть исправительные колонии общего режима, строгого режима или особого режима."
"Какие расходы по услугам, оказываемым Торгпредством Российской Федерации в стране пребывания, учитываются в период пребывания за границей?"," В период пребывания за границей учитываются расходы на услуги, оказываемые Торгпредством Российской Федерации в стране пребывания по пункту 18 сметы (расчета №18). Однако, конкретных сведений об этих расходах в документах не приведены.

Полный ответ:
""См. пункт 18 сметного расчёта (расчёт №18) «Расходы по услугам, оказываемым Торгпредством Российской Федерации в стране пребывания». Однако конкретных сведений об этих расходах в документах не приведены."""
Какие работы по смене ветхих венцов бревенчатых или брусчатых стен (до 20% общей поверхности стен) описаны в ГОСТ МДС 14-13.2000?, Описана работа №8: Смена ветхих венцов бревенчатых или брусчатых стен (до 20% общей поверхности стен).
Какие действия может дознаватель обжаловать?," Дознаватель может обжаловать указания начальника органа дознания прокурору, а указания прокурора - вышестоящему прокурору. Обжалование данных указаний не приостанавливает их исполнения, за исключением случаев, предусмотренных частью пятой статьи 226 и части пятой статьи 226.8 настоящего Кодекса."
На какие территории разрабатывается региональная схема расселения? (ГОСТ МДС 11-7.2000)," На территории экономических и крупных географических регионов, природно-климатических зон, оздоровительных, курортных и рекреационных территорий, национально-государственных и административно-территориальных образований (их частей), а также приграничных регионов разрабатывается региональная схема расселения."
Какие расходы на питание работников учитывается при определении объекта налогообложения?," Расходы на оплату услуг по питанию работников учитываются при определении объекта налогообложением в случаях, если они предоставляются в комплексе с услугами проживания в гостинице или других средствах размещения, объекте санаторно-курортного лечения и отдыха (см. статья 346.5 пункт 2 подпункт 5 на сайте https://nkodeksrf.ru/)."
Какие виды технического обслуживания и ремонта предусмотрены для железнодорожных кранов?," Для железнодорожных кранов предусматриваются следующие виды технического обслуживания и ремонта: ТО-1 (периодичность выполнения - 250 часов наработки, трудоемкость - 3 чел.-ч, продолжительность - 4 часа), ТО-2 (периодичность выполнения - 2500 часов наработки, трудоемкость - 4 чел.-ч, продолжительность - 21 час) и капитальный ремонт."
"Какая ответственность возлагается на лицо, выпустившее бездокументарную ценную бумагу, и лицо, осуществляющее учет прав на такие ценные бумаги, за убытки, причиненные в результате нарушения порядка учета прав?"," Лицо, выпустившее бездокументарную ценную бумагу, и лицо, осуществляющее учет прав на такие ценные бумаги, несут солидарную ответственность за убытки, причиненные в результате нарушения порядка учета прав, если не докажут, что нарушение имело место вследствие непреодолимой силы."
Какой индекс изменения стоимости СМР был в Кировской области в IV кв. 1992 г. по сравнению с базисным уровнем на 01.01.91 согласно МДС 81-9.2000?," Индекс изменения стоимости СМР в Кировской области в IV квартале 1992 года по сравнению с базисным уровнем на 01.01.91 согласно МДС 81-9.2000 равен 1,99."
Какой разряд зрительной работы установлен для помещений для работы с видеоматериалами согласно ГОСТ МДС 31-8.2002?, Разряд зрительной работы для помещений для работы с видеоматериалями согласно ГОСТ МДС 31-8.2002 составляет А-2.
Какие показатели включены в информацию о канализации согласно ГОСТ МДС 11-7.2000?," В ГОСТ МДС 11-7.2000, включающего СИСТЕМУ НОРМАТИВНЫХ ДОКУМЕНТОВ В СТРОИТЕЛЬСТВЕ, нет явного указания на показатели для канализации в информационных блоках. Поэтому нужно ссылаться на соответствующие стандарты или документы, которые регламентируют эти данные для конкретной области проектной документации."
Как расширяется набор основных и вспомогательных помещений в физкультурно-оздоровительных сооружениях согласно МДС 35-7.2000?," Расширение набора основных и вспомогательных помещений происходит за счет наращивания количества залов и (или) ванн бассейна с соответствующим дроблением функций для того или иного вида занятий, а также включения в комплекс помещений досугового, реабилитационного или иного назначения."
Какие меры принимаются для обеспечения контроля за использованием и сохранностью жилищного фонда?," Контроль за использованием и сохранностью жилищного фонда осуществляется государственным жилищным надзором (включая региональный государственный жилищный надзор), муниципальным жилищным контролем и общественным жилищным контролем. Они наблюдают за соблюдением обязательных требований, установленных для использования и сохранения жилищного фонда, включая требования к общему имуществу в многоквартирных домах, правилам изменения платы за содержание жилого помещения в случае оказания ненадлежащего качества или с перерывами, правилам предоставления коммунальных услуг и требованиям энергетической эффективности. Инспекционный контроль технического состояния дома может включать журналы технических осмотров, изменение размера платы за содержание жилого помещения и обеспечение доступности для инвалидов."
Какие меры поощрения могут применять начальники отрядов?," Благодарность, разрешение дополнительно расходовать деньги на покупку продуктов питания и предметов первой необходимости, досрочное снятие взыскания, ранее наложенного начальником отряда."
"Когда подлежит исполнению обязанность по уплате ввозных таможенных пошлин, налогов при единовременной уплате?"," При единовременной уплате ввозные таможенные пошлины, налоги подлежат исполнению при наступлении обстоятельств, указанных в пункте 1 статьи 91 Кодекса, а именно при прибытии товаров на таможенную территорию Союза."
"Какая номенклатура используется для составления сводного расчета затрат российских организаций в смешанных ценах, согласно ГОСТ МДС 81-21.2000?"," Номенклатура оборудования и видов работ, включаемая в составление сводного расчета затрат российских организаций в смешанных ценах, должна соответствовать номенклатуре сборников расценок на монтаж оборудования (СНиП 4.06-91), как указано в пункте 1.4 ГОСТ МДС 81-13.2000."
Какие знаки предназначены для заложения в капитальные сооружения в Приложении 5 к СНиП 3.01.03-84?," Г, д - для заложения в капитальные сооружения (соответственно штыри и бетонные покрытия) в Приложении 5 к СНиП 3.01.03-84."
Какие затраты учитываются при использовании метода оценки на основе сложения стоимости согласно статье 23?," Расходы, связанные с производством оцениваемых товаров, расходы на транспортировку, погрузочные и разгрузочные работы, суммы прибыли в результате их продажи."
На каких условиях товарищество собственников жилья может получить кредиты от банков?," Товарищество собственников жилья может получить кредиты от банков в порядке, предусмотренном законодательством."
"Как должна соответствовать номенклатура оборудования и видов работ, включаемая в сборники РСН, номенклатуре сборников расценок на монтаж оборудования (СНиП 4.06-91)?"," Соответствует должна быть, как правило."
Какие действия могут быть совершены бесплатно при государственной регистрации актов гражданского состояния для физических лиц?," Действия, которые могут быть совершены бесплатно при государственной регистрации актов гражданского состояния для физических лиц, включают:
1. Внесение изменений в запись акта о рождении в связи с усыновлением (удочерением), включая выдачу нового свидетельства о рождении;
2. Внесение исправлений и (или) изменений в записи актов гражданского состояния и выдачу свидетельств, в случае ошибки при государственной регистрации актов гражданского состояния по вине работников;
3. Выдачу справок о регистрации актов гражданского состояния для представления в уполномоченные органы по вопросам назначения или перерасчета пенсий и (или) пособий;
4. Внесение исправлений и (или) изменений в записи актов о смерти необоснованно репрессированных и впоследствии реабилитированных лиц на основании закона о реабилитации жертв политических репрессий, включая выдачу свидетельств о смерти;
5. Выдачу извещений об отсутствии записей актов гражданского состояния для восстановления утраченных записей актов гражданского состояния в установленном порядке;
6. Государственную регистрацию рождения, смерти, включая выдачу свидетельств."
Какие услуги включены в пункт 1 перечня продукции и услуг проектного института согласно ГОСТ МДС 11-11.2000?," В пункт 1 перечня продукции и услуг проектного института включены:
- Разработка проектной документации на восстановление или строительство первоочередных объектов.
- Проведение технико-экономических оценок и расчетов инвестиций.
- Участие в проведении торгов (тендеров).
- Заключение контракта (договора).
- Проектирование, строительство, ввод в действие объекта и освоение проектных мощностей."
"Какие документы необходимы для возмещения суммы акциза, уплаченной при вывозе подакцизных товаров за пределы территории Российской Федерации?"," Необходимы контракт с контрагентом на поставку подакцизных товаров, таможенная декларация, а также договор комиссии, договор поручения либо агентский договор (если используется один из этих договоров) и контракт с контрагентом от лица, осуществляющего поставку подакцизных товаров на экспорт."
Что должно быть предусмотрено на площадке для детей от 2 до 4-5 лет согласно МДС 35-7.2000?," На площадке для детей от 2 до 4-5 лет, согласно МДС 35-7.2000, должны быть предусмотрены: фонтанчик с отводными коробами, песочница со скамьями по периметру, теневой навес, горка-лабиринт, горка-манеж с пологой лестницей, столики-барьеры, деревянная стилизованная «лошадь», качели, качалки, бревна для упражнений на равновесие, стенки для рисования, корзина для забрасывания мяча, шест для набрасывания колец, паровоз, двойная горка, ""рыба-кит"" - горка для скатывания, рукоход, наклонные лестницы, карусель и площадка для игры в крокет."
Что включает в себя лицензионный договор о предоставлении права использования произведения?," Лицензионный договор о предоставлении права использования произведения включает в себя соглашение между лицензиаром (правообладателем) и лицензиатом о том, что последний получает право на использование данного произведения в установленных договором пределах. Договор заключается в письменной форме и должен содержать условия, присущие любому договору. В случае возмездного лицензионного договора должен быть указан размер вознаграждения за использование произведения или порядок его исчисления."
Какова максимальная из средних скоростей ветра по румбам за январь в г. Дружина согласно документу МДС 31-8.2002?," В городе Дружина максимальная из средних скоростей ветра по румбам за январь составляет 20,2 м/с (согласно документу МСД 31-8.2002)."
С какого момента начинаются сроки выпуска товаров при предварительном таможенном декларировании?," Сроки выпуска товаров начинаются с момента наступления одного из обстоятельств, указанных в пункте 2 статьи 116 настоящего Кодекса."
Какие коэффициенты применяются при демонтаже сборных железобетонных и бетонных конструкций?," Коэффициенты для демонтажа сборных железобетонных и бетонных конструкций - 0,8 (нормы расходов материальных ресурсов не учитываются)."
Какие технические задания предусмотрены в Методических рекомендациях по определению сметной стоимости строительства на базе показателей на отдельные виды работ (ПВР) согласно ГОСТ МДС 81-10.2000?," Технические задания для разработки сборников ПВР предполагают:
1. Определение основных целей и задач разработки ПВР, нормативные источники, этапы работ и сроки выполнения.
2. Наименования сборников ПВР, разрабатываемых данной организацией;
3. Примерный перечень видов работ, на которые будут разрабатываться сборники ПВР;
4. Состав информационной базы и используемые для разработки и применения программные средства."
"Как устраняются неплотности в резьбовых соединениях, согласно ГОСТ МДС 13-18.2000?"," В резьбовых соединениях трубопроводов уплотняют льняной прядью, пропитанной суриком, замешанным на олифе, или уплотнительной лентой ФУМ. При выявлении трещин в секциях котлов секции подлежат замене."
Какие меры следует принять для предотвращения увлажнения и промерзания цоколя согласно ГОСТ МДС 13-18.2000?," Для предотвращения увлажнения и промерзания цоколя следует:
1. Выполнить вертикальную гидроизоляцию цоколя.
2. Заделать все выбоины, трещины и просадки грунта после укладки или ремонта инженерных сетей.
3. При заделке местами повреждений каменных цоколей следует использовать тем же материалом (шитукатура или облицовка).
4. Углы цоколя при необходимости защищать от повреждения транспортом.
5. На выступающих частях установить металлические уголки.
6. Проверить и решить проблемы, которые могут появиться из-за ее намокания под водосточными трубами (отсутствия отметов и лотков или их высокой подвески, неисправности подвесных желобов по свесам кровли).
7. Если появляется конденсационная влага в подполье или продуванет через вентиляционные решетки в полах 1-го этажа, необходимо произвести расшивку швов каменной кладки или дополнительно утеплить цоколь."
Какие размеры шкафчиков для хранения одежды должны быть в пределах досягаемости инвалидами согласно ГОСТ МДС 35-7.2000?, Шкафчики для хранения одежды должны быть в пределах досягаемости инвалидов от 300 до 1100 мм от пола.
"Какие требования предъявляются к местным источникам отопления (печи, АГВ, ВНИИСТО и др.) согласно ГОСТ МДС 13-18.2000?"," Согласно ГОСТ МДС 13-18.2000, местным источникам отопления (печи, АГВ, ВНИИСТО и др.) предъявляются требования к соответствию нормам безопасности, эксплуатационной и конструктивной надёжности. Необходимо также иметь сертификат о соответствии и свидетельство об испытании на безопасность. Требуется регулярное техническое обслуживание и инвентаризация."
"Какие требования предъявляет ГОСТ к качеству железобетонных изделий, используемых в строительстве?"," ГОСТ Р 528-2014 «Железобетонные изделия. Обоснование прочности».
ГОСТ 30698-2000 «Стекло закаленное строительное. Технические условия»
ГОСТ 30773-2000 «Стекло с низкоэмиссионным твердым покрытием. Технические условия»
ГОСТ 30778-2001 «Прокладки уплотняющие из эластомерных материалов для оконных и дверных блоков».
ГОСТ Р 51136-98 «Стекло защитное многослойное. Общие технические условия»

Это неполный список нормативных документов, которые регламентируют качество железобетонных изделий и других строительных материалов в России."
Какие действия предполагаются при устранении отдельных свищей в стенах проходных каналах и заделке отдельных выпадающих кирпичей согласно ГОСТ МДС 14-13.2000?," Для устранения отдельных свищей в стенах проходных каналах и заделки выпадающих кирпичей следует:
1. Расчистить швы и трещины от отложений;
2. Обмазать глиной или цементным раствором;
3. Заделать новыми кирпичами;
4. Обрететь швы с бетоном или гипсоцементом (не более 10 % оштукатуренной поверхности)."
"Что означает передача товаров подрядчику (субподрядчику) или иному лицу, которые будут осуществлять строительные и (или) монтажные подрядные работы на территории свободного склада?", Передача товаров подрядчику (субподрядчику) или иному лицу означает их передачу для осуществления строительных и/или монтажных работ на территории свободного склада.
Какие методы уравнивания геодезических сетей существуют согласно СНиП 3.01.03-84?," Существующие методы уравнивания геодезических сетей, согласно СНиП 3.01.03-84: микротриангуляция, микротрилатерация, полигонометрия, засечки, параллактический."
Что такое код главного администратора доходов бюджета?," Код главного администратора доходов бюджета - это часть классификации расходов бюджетов, которая указывает на административное ведомство или организацию, ответственную за собирание и управление определенными источниками финансирования в бюджете. Устанавливается согласно закону (решению) о соответствующем бюджете в составе ведомственной структуры расходов."
Как сравнивается сумма резерва по сомнительным долгам с суммой остатка резерва?," Сумма резерва по сомнительным долгам сравнивается с суммой остатка резерва путем вычета последней из первой. Если сумма резерва меньше суммы остатка резерва предыдущего отчетного периода, разница подлежит включению в состав внереализационных доходов налогоплательщика в текущем отчетном (налоговом) периоде. Если же сумма резерва больше, чем сумма остатка резерва предыдущего отчетного периода, разница подлежит включению во внереализационные расходы налогоплательщика в текущем отчетном (налоговом) периоде."
"Что происходит с юридическими лицами, созданными в результате реорганизации, если они недобросовестно способствовали принятию решения о реорганизации?"," В случае недобросовестного участия в реорганизации юридических лиц, созданных в результате реорганизации, они несут солидарную ответственность перед участниками реорганизованного юридического лица и кредиторами."
Какую ответственность несет саморегулируемая организация по обязательствам своих членов в рамках компенсационного фонда обеспечения договорных обязательств?," С саморегулируемой организацией по обязательствам своих членов в рамках компенсационного фонда обеспечения договорных обязательств субсидиарную ответственность несут:
1) в пределах одной четверти доли средств компенсационного фонда, если индивидуальный предприниматель или юридическое лицо на момент заключения договора являлись членами такой саморегулируемой организации и не исполнили или ненадлежащим образом исполнили соответствующие обязательства по договору, в случае исключения сведений о саморегулируемой организации из государственного реестра саморегулируемых организаций;
2) соответствующее Национальное объединение саморегулируемых организаций, если такое Национальное объединение саморегулируемых организаций перечислило в порядке, предусмотренном части 16 статьи 55.16 настоящего Кодекса, средства компенсационного фонда обеспечения договорных обязательств на счет указанной саморегулируемой организации в случае исключения сведений об указанной в пункте 1 саморегулируемой организации из государственного реестра саморегулируемых организаций."
Какие значения указаны в столбце 'Остановочные пункты и павильоны' для обычных трамвайных линий в таблице 37 согласно СНиП?," Для обычных трамвайных линий указана стоимость разработки проектной документации для Остановочных пунктов - 27,00 тыс. рублей (при протяженности одиночного пути в kilometre)."
Что определяет порядок укомплектования буксируемого объекта экипажем?," Порядок укомплектования буксируемого объекта экипажем определяется соглашением сторон, если иное не предусмотрено правилами буксировки."
Что такое ответственные хранители и заемщики материальных ценностей?," Ответственные хранители и заемщики - это лица, которые получают материальные ценности из государственного материального резерва в соответствии с Федеральным законом от 29 декабря 1994 года N 79-ФЗ ""О государственном материальном резерве"". Они обязаны упорядочивать эти ценности, а также возвращать их в соответствии с установленными правилами."
Какое основание для проектирования должно быть указано в задании согласно ГОСТ МДС 11-7.2000?," Основением для проектирования должно быть указано выдачено генеральное плана города, другого поселения или проект районной планировки и генеральный план территории сельского органа местного самоуправления."
"Какие сведения о местоположении, площади и границах территории комплексного развития должны быть включены в договор?"," В договор о комплексном развитии территории должны быть включены сведения о местоположении, площади и границах территории комплексного развития."
Что вправе совершать представитель иностранного государства от имени представляемого им иностранного государства?," Представитель иностранного государства вправе совершать от имени представляемого им иностранного государства процессуальные действия, за исключением тех, которые он не может выполнять без дополнительных разрешений или поручений."
"Какой документ должен быть утвержден при согласовании затрат российских организаций в смешанных ценах, согласно ГОСТ МДС 81-21.2000?"," Согласно документу ГОСТ МДС 81-21.2000, для согласования затрат российских организаций в смешанных ценах должны быть утверждены ""Технико-экономические обоснования и технико-экономические предложения по строительству объектов за границей""."
Можно ли применять территориальные единичные расценки других регионов на территории субъекта Российской Федерации?, Не допускается применение территориальных единичных расценок других регионов на территории субъекта Российской Федерации.
Какие права переходят к страховщику при страховании имущества в полной стоимости?," Переходит право требования, которое страхователь имеет к лицу, ответственному за причиненный ущерб (Статья 965)."
Какова пеня за несвоевременное внесение платы за пользование водным объектом?," Пеня за несвоевременное внесение платы за пользование водным объектом составляет одну стопятидесятую действующей на день уплаты пеней ставки рефинансирования Центрального банка Российской Федерации, но не более чем в размере двух десятых процента за каждый день просрочки."
Какова минимальная высота гидроизоляции на фундаменте относительно уровня отмостки согласно СНиП 2.04.02-84?," Минимальная высота гидроизоляции на фундаменте должна быть ниже уровня отмостки не менее 15 см, согласно СНиП II-22-81 и СНиП 2.02.01-83."
Как определяются расходы на изготовление или приобретение материалов и расходы на производство?," Расходы на изготовление или приобретение материалов определяются путем сложения расходов, связанных с производством оцениваемых товаров, включая расходы на материалы. Расходы на производство – это общие расходы на производство и продажу ввозимых товаров для вывоза на таможенную территорию Союза."
Какие технологии геодезических выверок и контроля строительно-монтажных работ разрабатываются согласно СНиП 3.01.03-84?," Согласно СНиП 3.01.03-84 разрабатываются технологии геодезических выворок и контроля строительно-монтажных работ, в том числе:

* Методика уравнивания и редуцирования построенной сети как на исходном, так и на монтажном горизонтах;
* Методы передачи разбивочных осей на монтажные горизонты;
* Методика геодезических выверок при установке строительных конструкций и элементов в проектное положение;
* Методы фотограмметрического обеспечения строительно-монтажных работ (в отдельных случаях)."
Как определяется количество исходного раствора закрепляющего реагента для приготовления раствора рабочей концентрации согласно ГОСТ (к СНиП 3.02.01-83)?," Разведение растворов осуществляется по формуле (7) из приведённого текста. В этой формуле указано, что количество исходного раствора закрепляющего реагента вычисляется на основе плотности рабочего раствора и плотностью исходного раствора (приведённые в таблице 7)."
Какие меры следует предпринять при недогреве или непрогреве отдельных отопительных приборов согласно СНиП 2.08.01-85?," При недогреве или непрогреве отдельных отопительных приборов следует:
1. Устранить засоры контурных трубопроводов, мешков и горбов на подводках; разборка и проверка соединений сгонов и труб с кранами.
2. Регулировка или замена крана, устранение воздушных пробок.
3. Устранить повреждения или заменить отопительные приборы (снятие ребер конвектора, выбитых ребер ребристых труб). Выполнить промывку отопительного прибора.
4. Установить отопительный прибор по проекту."
"Какой штраф налагается на должностных лиц за непредставление информации для ведения реестра владельцев ценных бумаг хозяйственным обществом, имеющим стратегическое значение для оборонно-промышленного комплекса и безопасности Российской Федерации?"," Нарушение требований законодательства Российской Федерации в части открытия в кредитной организации банковского счета и аккредитива, заключения договора банковского вклада (депозита) хозяйственным обществом, имеющим стратегическое значение для оборонно-промышленного комплекса и безопасности Российской Федерации, либо непредставление информации для ведения реестра владельцев ценных бумаг подобным обществом, влечет наложение административного штрафа на должностных лиц в размере от пяти тысяч до десяти тысяч рублей."
"Какие доходы по договорам займа, привлеченным для финансирования добычи углеводородного сырья, включаются в налоговую базу?"," Доходы в виде процентов, полученных по договорам займа, в случае, если соответствующие заемные средства были предоставлены налогоплательщику, указанному в пункте 1 статьи 275.2 Кодекса, для финансирования деятельности, связанной с добычей углеводородного сырья на новом морском месторождении углеводородного сырья, в отношении которого определяется налоговая база."
Что происходит с неправильно удержанными суммами за причиненный материальный ущерб?, Неправильно удержанные суммы за причиненный материальный ущерб подлежат возврату осужденному к принудительным работам в установленном законодательством Российской Федерации порядке.
Какие работы по земляному полотну подъездных и внутризаводских железнодорожных путей предусмотрены в ГОСТ МДС 14-13.2000?," Вопрос: Какие работы по земляному полотну подъездных и внутризаводских железнодорожных путей предусмотрены в ГОСТ МДС 14-13.2000?

Ответ: Лечение земляного полотна в местах оползней, обвалов, размывов и пучин; восстановление всех водоотводных и дренажных устройств; восстановление всех защитных и укрепительных сооружений земляного полотна; смена отдельных конструкций искусственных сооружений или замена их на другие конструкции, а также полная смена труб и малых мостов (если они не являются самостоятельными инвентарными объектами, а входят в состав земляного полотна или дороги как единого инвентарного объекта)."
Какие условия освобождают от уголовной ответственности за участие в подготовке террористического акта?," Лицо, участвовавшее в подготовке террористического акта, освобождается от уголовной ответственности, если оно своевременным предупреждением органов власти или иным способом способствовало предотвращению осуществления террористического акта и если в действиях этого лица не содержится иного состава преступления."
По состоянию на какую дату включены законодательные акты по налогообложению в пособие по учету налогов в сметной документации на строительство?," Законодательные акты по налогообложению, включеные в пособие, состояли на 1 мая 1994 года."
В какие сроки должно быть составлено мотивированное решение суда по делу о публичном мероприятии?," Для рассмотрения дела в порядке заочного производства мотивированное решение суда должно быть составлено в течение 10 дней со дня поступления от лица, участвующего в деле, его представителя соответствующего заявления.
В случае составления мотивированного решения суда по заявлению лиц, участвующих в деле, их представителей - срок составляет 5 дней со дня принятия решения в окончательной форме. В случае публичного мероприятия - решение должно быть составлено судом в день принятия данного решения в возможно короткие сроки после окончания судебного заседания."
"Какие основные нормативные требования по использованию, содержанию и ремонту жилищного фонда приведены в МДС 17-13.2000?"," Основные нормативные требования по использованию, содержанию и ремонту жилищного фонда приведены в МДС 13-17.2000 и включают:

* правила эксплуатации зданий и территорий домоволодений;
* требования к подготовке жилищного фонда к зиме;
* порядок определения сметных норм для строительных работ."
"Какая сумма налогового вычета применяется, если организация реализует проекты по созданию новых производственных мощностей по переработке этана и сжиженных углеводородных газов?"," Налоговый вычет применяется в размере 5000 миллионов рублей, если организация реализует проекты по созданию новых производственных мощностей по переработке этана и сжиженных углеводородных газов в Иркутской области. При этом период применения налогового вычета начиная с 1 июля 2022 года по 31 декабря 2024 года включительно."
В каких случаях разрабатываются ФЕРм на монтажные работы с применением импортных машин и материалов?," ФЕРм разрабатываются на монтажные работы с применением импортных машин и материалов, когда применяемые импортные машины не имеют аналогов отечественного производства и их применение предусмотрено проектом."
"Что означает, что семена и племенной материал не явно отличаются от охраняемых сортов или пород?"," Ответ: Семена и племенной материал не явно отличаются от охраняемых сортов или пород, если они не имеют заметных различий в своей генетической структуре с охраняемыми сортами или породами и могут легко ошибиться наблюдателем."
"Какие гарантии предоставляются работнику, усыновившему ребенка, в отношении отпусков?"," Работник, усыновивший ребенка, имеет право на ежегодный оплачиваемый отпуск независимо от стажа работы у данного работодателя. В случае воспитания детей-инвалидов или осуществления ухода за больными членами семьи, гарантии могут распространяться в соответствии с медицинским заключением."
Какие требования к диспетчерской связи с теплоснабжающей организацией должны быть указаны в технических условиях согласно СНиП?," В технических условиях должны быть указаны требования к диспетчерской связи с теплоснабжающей организацией, включая обязательства по оперативному сообщению о нарушениях и неисправностях в работе расчетных приборов учета тепловой энергии и теплоносителей, сроки ежемесячного представления данных о расходе тепловой энергии и теплоносителей по установленной форме, а также ответственность сторон за согласованные режимы теплопотребления."
Какой штраф предусмотрен за нарушение порядка рассмотрения жалоб на нарушение порядка предоставления государственной или муниципальной услуги?, Влечет наложение административного штрафа в размере от 20 тысяч до 30 тысяч рублей.
Какие работы по герметизации швов предусмотрены в соответствии с ГОСТ МДС 13-18.2000?," В соответствии с ГОСТ МДС 13-18.2000 работы по герметизации швов предусмотрены для:
1. Оборудования, работающего при комнатной температуре и атмосферном давлении (герметика в форме крема или пено);
2. Водопроводных систем;
3. Отведения стоков и канализации (герметика в форме крема или пено).
Для технической документации к этим работам следует применять ГОСТы Р 50687-2003, Р 51640-2002 и Р 51470-2003 соответственно."
Что регулирует Глава 24.1?," Глава 24.1 Кодекса внутреннего водного транспорта Российской Федерации регулирует отношения, связанные с деятельностью судов и плавучих объектов на внутренних водных путях, а также с обязанностями по обеспечению безопасности судоходства."
"В каких случаях таможенный орган не направляет уведомление о неуплаченных суммах таможенных пошлин, налогов?"," В случаях:
1) выявление после выпуска товаров для личного пользования факта неуплаты таможенных пошлин, налогов в размере, не превышающем 2 евро;
2) выявление факта неуплаты таможенных пошлин, налогов в размере, не превышающего 2 евро для товаров для личного пользования, исчисленных в одном расчете или одном документе;
3) выявление факта неуплаты специальных, антидемпинговых, компенсационных пошлин в размере, не превышающем 5 евро для товаров, выпущенных без подачи декларации на товары;
4) выявление факта неуплаты специальных, антидемпинговых, компенсационных пошлин в размере, не превышающем 5 евро для товаров, выпущенных до подачи декларации на товары;
5) иные случаи, установленные законодательством государств-членов."
Какие положения Кодекса применяются при приватизации государственного и муниципального имущества?," Приватизация государственного и муниципального имущества регламентируется статьями 217-219 ГК РФ (Приватизация имущества, приобретение права собственности, возникновение права собственности на вновь создаваемое недвижимое имущество). При этом применяются также законы о приватизации этих предприятий."
Что происходит при неисполнении обязанности по уплате налога?," При неисполнении обязанности по уплате налога:
1. Правоотношения, возникающие при установлении банковской гарантии или поручительства в качестве способа обеспечения исполнения обязанностей по уплате налогов, применяются положениями гражданского законодательства.
2. Банк (гарант) обязан перед налоговыми органами исполнить в полном объеме обязанность налогоплательщика по уплате налога, если последний не уплатит в установленный срок причитающиеся суммы налога и соответствующих пени.
3. При неисполнении банком (гарантом) обязанности по уплате денежной суммы по банковской гарантии налоговый орган реализует право бесспорного списания суммы, указанной в данном требовании.
4. Налогоплательщик при неисполнении обязанности по уплате налога не освобождается от уплаты акцизов.
5. Если правопреемник (правопреемники) реорганизованного юридического лица не уплатит все пени, причитающиеся по перешедшим к нему обязанностям, он должен это сделать независимо от того, были ли известны до завершения реорганизации факты и (или) обстоятельства неисполнения или ненадлежащего исполнения реорганизованным юридическим лицом указанных обязанностей.
6. При неисполнении или ненадлежащем исполнении обязанности по уплате таможенных пошлин, налогов в отношении товаров для личного пользования таможенный орган в порядке и сроки, которые устанавливаются законодательством государств-членов, направляет плательщику таможенных пошлин, налогов, а также лицам, которые в соответствии с настоящим Кодексом несут с плательщиком таможенных пошлин, налогов солидарную обязанность по уплате таможенных пошлин, налогов или, если это предусмотрено законодательством государств-членов, - субсидиарную обязанность по уплате таможенных пошлин, налогов."
"Какие дополнительные требования предъявляются к некоммерческой организации, если члены подают заявления о намерении принимать участие в заключении договоров подряда на подготовку проектной документации?"," Чтобы приобрести статус саморегулируемой организации, основанной на членстве лиц, осуществляющих подготовку проектной документации, следует соответствовать требованиям: 1) образовать в составе некоммерческой организации как минимум пятидесяти индивидуальных предпринимателей и (или) юридических лиц, занимающихся подготовкой проектной документации; 2) иметь компенсационный фонд возмещения вреда, сформированный в размере, установленном статьей 55.16 Кодекса по саморегулируемым организациям; 3) иметь стандарты и внутренние документы саморегулируемой организации, разработка и утверждение которых, согласно статье 55.5 Кодекса, обязательны; если более чем пятнадцать членов некоммерческой организации подают заявления о намерении принимать участие в заключении договоров подряда на подготовку проектной документации с использованием конкурентных способов, то такая организация обязана дополнительно сформировать компенсационный фонд обеспечения договорных обязательств."
Какие образовательные программы могут быть реализованы без налогообложения?," Налогообложение может применяться к расходам на обучение физических лиц, если это заключено в соответствии с договором о сетевой форме реализации образовательных программ. Не признаются расходы на обучение работников, связанные с организацией развлечения, отдыха или лечения. Информация о конкретных образовательных программах без налогообложения не предоставлена."
В каких сферах коллективного управления может быть получена государственная аккредитация?," Государственная аккредитация может быть получена в следующих сферах коллективного управления:
1) Управление исключительными правами на обнародованные музыкальные произведения (с текстом или без текста) и отрывки музыкально-драматических произведений в отношении их публичного исполнения, сообщения в эфир или по кабелю, в том числе путем ретрансляции.
2) Осуществление прав авторов музыкальных произведений (с текстом или без текста), использованных в аудиовизуальном произведении, на получение вознаграждения за публичное исполнение либо сообщение в эфир или по кабелю, в том числе путем ретрансляции такого аудиовизуального произведения.
3) Управление правом следования в отношении произведения изобразительного искусства, а также авторских рукописей (автографов) литературных и музыкальных произведений.
4) Осуществление прав авторов, исполнителей, изготовителей фонограмм и аудиовизуальных произведений на получение вознаграждения за воспроизведение фонограмм и аудиовизуальных произведений в личных целях.
5) Осуществление прав исполнителей на получение вознаграждения за публичное исполнение, а также за сообщение в эфир или по кабелю фонограмм, опубликованных в коммерческих целях.
(ответ ссылается на статью 1244 Кодекса об авторском праве и смежных правах)"
Какая площадь монтажа элементов (сборных) с/без зимней защиты должна быть предусмотрена согласно ГОСТ МДС-80-8.2000?," В соответствии с ГОСТом МДС-80-8.2000 данной площадью должна быть предусмотрена в проектной документации, но не указана конкретная величина. Необходимо определять зависимо от конкретных условий строительства, объема и вида монтируемого оборудования."
Какой разряд зрительной работы установлен для кабинетов обслуживающих видов труда согласно ГОСТ МДС 31-8.2002?, Для кабинетов обслуживающих видов труда разряд зрительной работы установлен II.
"Какое наказание предусмотрено за незаконные действия по усыновлению (удочерению) детей, передаче их под опеку (попечительство), на воспитание в приемные семьи, совершенные неоднократно или из корыстных побуждений?"," Наказание за незаконные действия по усыновлению (удочерению) детей, передаче их под опеку (попечительство), на воспитание в приемные семьи, совершенные неоднократно или из корыстных побуждений - штраф в размере от одной тысячи до двух тысяч пятисот рублей для граждан, от четырех тысяч до пяти тысяч рублей для должностных лиц и от двухсот тысяч до пятисот тысяч рублей для юридических лиц."
Какие действия должны быть предприняты после установки реперов согласно СНиП 3.01.03-84?," После установки реперов на них должна быть передана высотная отметка от ближайших пунктов геодезической сети. При значительном (более 2 км) удалении пунктов геодезической сети от устанавливаемых реперов допускается принимать условную систему высот. На каждом репере должны быть обозначены наименование организации, установившей его, и порядковый номер знака."
Какие работы необходимо провести в тепловых сетях согласно ГОСТ МДС 13-18.2000?," Настоящие рекомендации касаются подготовки зданий к зиме зданий и систем их инженерного обеспечения, а также других объектов жилищно-коммунального хозяйства. Среди работ необходимо:
- выровнять территорию двора, очистить от мусора, грязи, листьев и т.д.;
- обеспечить беспрепятственный отвод атмосферных и талых вод от зданий;
- все просадки грунта своевременно засыпать грунтом с послойным трамбованием;
- расчистить водоотводящие канавы, дренажные устройства, канавки и лотки."
"Можно ли изменить выбранный метод начисления амортизации? Если да, то с какой периодичностью?"," Да, можно изменить выбранный метод начисления амортизации. Изменение метода допускается с начала очередного налогового периода. При этом налогоплательщик вправе менять метод начисления амортизации не чаще одного раза в пять лет."
"Что грозит за производство, хранение, перевозку или сбыт товаров и продукции, не отвечающих требованиям безопасности?"," Нарушение требований безопасности в производстве, хранении, перевозке или сбыте товаров и продукции наказывается штрафом до трёхсот тысяч рублей или в размере заработной платы или иного дохода осужденного за период до двух лет, либо обязательными работами на срок до трехсот шестидесяти часов, либо ограничением свободы на срок до двух лет, либо принудительными работами на срок до двух лет, либо лишением свободы на тот же срок. Эта информация может найтись в статье 238 Кодекса Российской Федерации об административных правонарушениях."
Какова цель настоящего Положения?," Настоящее Положение определяет условия, при которых публичные компании и их контролирующие лица могут подлежать налогообложению в соответствии с положениями о налогообложении международных компаний."
Какая площадь жилого городка (Подрядчик) и сколько персонала должно быть предусмотрено согласно ГОСТ МДС-80-8.2000?, Площадь жилого городка (Подрядчик) и количество персонала не указаны в опубликованных текстах.
Кто осуществляет снос самовольной постройки?, Орган местного самоуправления поселения или городского округа (муниципального района при условии нахождения самовольной постройки на межселенной территории) осуществляет снос самовольной постройки.
Что признаются однородными требованиями?," Однородными требованиями понимаются требования, которые имеют одинаковый объем прав ценных бумаг одного эмитента, одного вида, одной категории (типа) или одного паевого инвестиционного фонда (для инвестиционных паев паевых инвестиционных фондов)."
На каких условиях создается комиссия по совместной подготовке проектов?," Комиссия по совместной подготовке проектов создается на условиях равного представительства сторон: федеральных органов исполнительной власти, высших исполнительных органов государственной власти субъектов Российской Федерации, органов местного самоуправления."
"Какое наказание предусмотрено за нарушение требований пожарной безопасности, если это повлекло по неосторожности причинение тяжкого вреда здоровью человека?"," Нарушение требований пожарной безопасности, повлекшее по неосторожности причинение тяжкого вреда здоровью человека, наказывается штрафом в размере до двухсот тысяч рублей или в размере заработной платы или иного дохода осужденного за период до восемнадцати месяцев, либо обязательными работами на срок до четырехсот восьмидесят часов, либо исправительными работами на срок до двух лет, либо принудительными работами на срок до двух лет, либо лишением свободы на тот же срок."
Как определить стоимость единицы измерения материала в соответствии с Формой № 5?," В Форме № 5 определяется стоимость единицы измерения материала путем умножения количества единиц материала, поставляемых из-за границы взамен изготавливаемых в Российской Федерации, на сметную стоимость одной единицы измерения материала-представителя при поставке из-за границы, указанную в соответствующем разделе формы."
Какие этапы разработки градостроительной документации предусмотрены ГОСТ МДС 11-7.2000?," Согласно документу ГОСТ МДС 11-7.2000, в процесс разработки градостроительной документации предусмотрены следующие этапы:
1. Схема расселения, природопользования и территориальная организация производственных сил;
2. Региональная схема расселения, природопользования и территориальная организация производственных сил;
3. Территориальная комплексная схема охраны природы и природопользования;
4. Схема районной планировки;
5. Проект районной планировки;
6. Генеральный план города, другого поселения;
7. Проект городской, посёлковой черты;
8. Генеральный план территории сельского органа местного самоуправления;
9. Генеральный план функциональной территории;
10. Проект детальной планировки;
11. Проект застройки;
12. Согласование, экспертиза и утверждение градостроительной документации;
13. Порядок хранения градостроительной документации."
"Какова эффективность рекламы, согласно ГОСТ МДС 11-11.2000?"," Согласно ГОСТу МДС 11-11.2000, методические рекомендации предназначены для работников проектных организаций вне зависимости от профиля проектируемых объектов и организационно-правовых форм их построения. Однако в документе нет сведений об эффективности рекламы."
Какая расчетная температура воздуха в помещениях для взрослых больных в больницах согласно ГОСТ МДС 31-8.2002?, Расчетная температура воздуха в помещениях для взрослых больных согласно ГОСТ МДС 31-8.2002 равна 20 °C.
"Что такое ""индикатор риска""?"," Индикатор риска - признак или совокупность признаков, позволяющих выбрать объект таможенного контроля."
Что такое счет неустановленных лиц и для каких организаций он предназначен?," Счет неустановленных лиц применяется к организациям, в отношении которой установлено право на получение дохода, и предназначен для выплаты доходов таким организациям среди неустановленных лиц."
Что такое инвестиционный налоговый вычет и как он влияет на уменьшение доходов от реализации объекта основных средств?," Инвестиционный налоговый вычет - это форма налоговых льгот, предоставляемая предприятиям при определенных условиях. При реализации объекта основных средств налогоплательщик может уменьшить доходы от такой операции на сумму расходов, непосредственно связанных с такой реализацией, включая расходы по оценке, хранению, обслуживанию и транспортировке. При использовании инвестиционного налогового вычета часть этих расходов не учитывается при определении доходов для налогообложения."
"Какой штраф грозит председателю или члену избирательной комиссии, комиссии референдума за нарушение установленного законом порядка подсчета голосов?"," Председатель или член избирательной комиссии, комиссии референдума будет налагать штраф в размере от пятисот до одной тысячи пятисот рублей за нарушение установленного законом порядка подсчета голосов либо обработки итогов голосования, определения результатов выборов, референдума, общероссийского голосования."
"Какие гарантии и льготы предоставляются лицам, воспитывающим детей без матери?"," Лицам, воспитывающим детей без матери предоставляются гарантии и льготы в соответствии с Семейным кодексом РФ:
1. Гарантия работы без привлечения к сверхурочной работе, работе в ночное время, выходные и нерабочие праздничные дни;
2. Право получения дополнительных отпусков без сохранения заработной платы;
3. Гарантии и льготы предоставляются также отцам в случае, если мать работает вахтовым методом, призванна на военную службу или проходит военную службу по контракту."
"Какое состояние должны иметь водосточные трубы и окрытия оголовков, парапетов и т.п. согласно ГОСТ МДС 13-18.2000?"," Водосточные трубы и окрытия оголовков, парапетов и т.п. должны быть в исправном состоянии согласно ГОСТ МДС 13-18.2000. Для этого они должны устанавливаться на высоту от 20 до 40 см выше уровня тротуара, а также быть выполнены как единая водоприемная система с соблюдением необходимых уклонов."
Каковы лимиты на учетный период для суммированного учета рабочего времени?," Для суммированного учета рабочего времени устанавливается учетный период, который может охватывать все рабочее время за месяц, квартал или иной более длительный период, но не более чем за один год."
По какому документу (СНиП 3.01.03-84) указываются места установки рабочих реперов?, По документу СНиП 3.01.03-84 места установки рабочих реперов указываются в геодезическом разделе ППР или в ППГР.
Какое административное наказание предусмотрено за нарушение сроков обслуживания и погашения государственного (муниципального) долга?, Административное наказание за нарушение сроков обслуживания и погашения государственного (муниципального) долга предусмотрено в статье 15.15.13 Кодекса Российской Федерации о бюджетном процессе: наложение административного штрафа на должностных лиц в размере от двадцати тысяч до пятидесяти тысяч рублей или дисквалификация на срок от одного года до двух лет.
Могут ли собственники установить взнос на капитальный ремонт выше минимального?," Да, могут. 8.2 статьи 170 Кодекса о допустимости установления взносов на капитальный ремонт выше минимального размера установившегося нормативным правовым актом субъекта РФ."
"Какие действия должен предпринять налоговый орган после принятия решения об отказе, приостановлении, возобновлении или аннулировании свидетельства?"," Налоговый орган должен:
1. В случае отказа в выдаче - уведомить организацию об этом в письменной форме в трехдневный срок со дня принятия решения.
2. В случае приостановления действия - установить срок устранения нарушений и, в течение 3-дневного срока после принятия решения, направить его организации. При этом срок не должен превышать 6 месяцев.
3. В случае возобновления или аннулирования свидетельства - сообщить об этом в письменной форме организации в трехдневный срок после получения уведомления о устранении нарушений, повлекших за собой приостановление действия свидетельства."
Какие телефоны доступны для бесплатной юридической консультации в Москве и Московской области?, Телефон 8 (499) 938-53-71 доступен для бесплатной юридической консультации в Москве и Московской области.
"Какие решения принимаются о подготовке и реализации бюджетных инвестиций в объекты государственной собственности Российской Федерации, находящиеся в оперативном управлении или хозяйственном ведении федеральных государственных учреждений стоимостью менее 3 миллиардов рублей?"," Решения о подготовке и реализации бюджетных инвестиций в объекты государственной собственности Российской Федерации, находящиеся в оперативном управлении или хозяйственном ведению федеральных государственных учреждений стоимостью менее 3 миллиардов рублей принимаются в форме правовых актов Правительства Российской Федерации или в случаях и порядке, которые установлены Правительством Российской Федерации, в форме правовых актов федеральных органов исполнительной власти или иных организаций, осуществляющих в соответствии с настоящим Кодексом полномочия главного распорядителя средств федерального бюджета (органов управления государственными внебюджетными фондами Российской Федерации)."
Что происходит с пунктами 3.1 и 4 статьи 183?," Пункт 3.1 статьи 183 настоящего Кодекса описывает процедуру протокола осмотра на месте вещественных доказательств. Это может касаться документов, предметов или мест, которые трудно или невозможно доставить в суд для ознакомления. Пункт 4 статьи 183 содержит правила для составления протокола о результатах осмотра на месте вещественных доказательств.

В целом, эти пункты регулируют процедуру изучения и документирования некоторых видов доказательств, которые трудно или невозможно доставить в суд для рассмотрения."
Какие примеры расчета приведенных затрат приведены в разделе «Экономическая оценка» согласно ГОСТ МДС 80-3.2000?," В разделе ""Экономическая оценка"" в соответствии с ГОСТ МДС 80-3.2000 приведены два примера расчета приведенных затрат (В таблицах 2 и 3). В первом примере рассчитываются приведенные затраты по предложению каждого из четырех оферентов, а в втором рассматривается выбор лучшего предложения на основе учета экономической эффективности проекта и альтернативных предложений оферентов."
Какой ГОСТ определяет стоимость 1 м² общей площади для культурно-бытового строительства?," Нет информации о том, что какой ГОСТ определяет стоимость 1 м² общей площади для культурно-бытового строительства в документах предоставленных. Данные показывают только базисный уровень (на 01.01.91) и индексы на I кв. 1993 г. к базису для стоимости строительства в уровне цен I кв. 1993 г., тыс. руб./м2 общей площади."
Какие сведения подлежат указанию в декларации на товары в отношении сделки с товарами и ее условий?," В декларации на товары подлежат указание следующие сведения, касающиеся сделки с товарами:
- декларант (имя и адрес);
- таможенный представитель (если имеется);
- отправитель (имя и адрес);
- получатель (имя и адрес);
- продавец и покупатель товаров;
- наименование, описание и сведения необходимые для исчисления таможенных платежей."
Как определяется сметная стоимость ремонта основных средств?," Сметная стоимость ремонта основных средств определяется в соответствии с утвержденной проектно-сметной документацией, которая включает наименование и количество основных работ по каждому объекту, сметную стоимость годового объема работ, календарные сроки ремонтов и потребность в основных материалах, строительных изделияях, транспорте, средствах механизации и рабочих. Все объекты комплексного ремонта включаются в титульный список поименно."
Каков расход химически очищенной воды при испытании паровых котлов ДЕ-16-14ГМ по ГОСТ МДС 81-8.2000?," По ГОСТу МДС 81-8.2000, для испытания паровых котлов ДЕ-16-14ГМ не указано количество химически очищенной воды, поэтому информации нет."
Какие права и ответственности разъясняются специалисту?," Специалист должен быть разъяснен своим правами и ответственностью в соответствии со статьей 57 настоящего Кодекса. Таким образом, ему объясняют право и обязанность давать заведомо ложное заключение, а также право разглашать данные предварительного расследования в случае неявки участников производства по уголовному делу. За нарушение этих правил специалист может быть привлечен к административной или уголовной ответственности согласно соответствующему законодательству."
Какие ставки используются для определения платежей по процентам за кредиты банков?," Для определения платежей по процентам за кредиты банков используются ставки, установленные Центробанком Российской Федерации. В случае кредитов и займов, выраженных в рублях — это действующая на дату выплаты процентной ставка рефинансирования увеличенная в 1,1 раз. Для кредитов и займов, выраженных в иностранной валюте — 9 %."
"Что делать водителю, если документы о ДТП не могут быть оформлены без участия сотрудников полиции?"," При условии, что документы об ДТП не могут быть оформлены без участия сотрудников полиции, водитель должен записать фамилии и адреса очевидцев и сообщить об этом."
Какие данные должны содержаться в сводке объемов и стоимости подрядных работ согласно ГОСТ МДС 81-10.2000?," Сводка объемов и стоимости подрядных работ должна содержать инженерные характеристики и параметры конструктивных элементов и устройств, объемы работ, приведенный расход материалов-представителей по основным конструктивным решениям КЭ, прямые затраты (с суммированием стоимости материалов, основной заработной платы, стоимости эксплуатации строительных машин), сметную стоимость с учетом накладных расходов и сметной прибыли по каждому КЭ и выделенному в их составе конструктивному решению."
Какие меры наказания управляющего проекта за неудачное управление конкурентностью работников указаны в ГОСТ МДС 80-2.2000?," В документе GOSSTROY Rossii MDS 80-2.2000 указаны меры стимулирования конкуренции между работниками проектной организации, а также способы защиты от недобросовестной конкуренции. Средствами наказания в документе не упоминается."
Какие показатели включены в информацию о жилых кварталах и микрорайонах согласно ГОСТ МДС 11-7.2000?," В соответствии с ГОСТом МДС 11-7.2000 включены следующие показатели к жилым кварталам и микрорайонам:
- Краткие сведения о проектной документации массового применения
- Схема генерального плана застройки
- Схема культурно-бытового обслуживания населения
- Схема организации рельефа
- Схема организации движения транспорта и пешеходов
- Схема микрорайонных инженерных сетей
- Основные технико-экономические показатели
- Демонстрационные материалы застройки на весь микрорайон (квартал) в случае если он является первоочередной комплексом или группой зданий."
В какие сроки должен быть направлен запрос о подтверждении выполнения соглашения?," Запрос о подтверждении выполнения соглашения должен быть направлен в течение 30 дней после получения запроса федеральным органом исполнительной власти, осуществляющим функции по выработке и реализации государственной политики и нормативно-правовому регулированию в сфере топливно-энергетического комплекса."
Какие размеры площадки для мини-волейбола указаны для детей 9 - 12 лет согласно ГОСТ МДС 35-7.2000?," Для детей 9 - 12 лет длина площадки мини-волейбола согласно ГОСТ МДС 35-7.2000 составляет 12 метров, ширина - 9 метров, высота сетки - 200 см."
Какие регионы освобождаются от уплаты налога на прибыль?," Не имеется информации о том, что какие-либо регионы освобождаются от уплаты налога на прибыль."
Какие основания существуют для отказа в открытии лицевого счета участнику казначейского сопровождения?," 1) Причастность к экстремистской деятельности или терроризму либо распространению оружия массового уничтожения;
2) Решение межведомственного координационного органа по противодействию финансированию терроризма о замораживании денежных средств или иного имущества;
3) Нахождение под контролем юридического или физического лица, включенного в перечни организаций и физических лиц, согласно точкам 1-2."
Какие нормы СНиП регулируют использование товарного раствора?," Нормативные требования к использованию товарного раствора регулируются СНиП 13078-81. Это государственный стандарт, который определяет технические условия на силикат натрия растворимый (жидкий)."
Какие сроки и процедуры заключения соглашений о недопущении конкуренции описаны в ГОСТ МДС 80-2.2000?, В ГОСТе МДС 80-2.2000 не указано какие конкретные сроки и процедуры заключения соглашений о недопущении конкуренции между работниками проектной организации.
Какие меры рекомендованы для предотвращения попадания конденсата на перекрытия через стыки канализационных стояков согласно ГОСТ МДС 17-13.2000?, Для предотвращения попадания конденсата на перекрытия через стыки канализационных стояков рекомендуется соединять их раструбами вверх.
Что может требовать правообладатель в случае незаконного использования товарного знака?," Правообладатель может требовать изъятия из оборота и уничтожения контрафактных товаров, этикеток, упаковок товаров, на которых незаконно размещен товарный знак или сходное с ним до степени смешения обозначение. В тех случаях, когда введение таких товаров в оборот необходимо в общественных интересах, правообладатель может требовать удаления с контрафактных товаров, этикеток, упаковок незаконно используемого товарного знака или сходного с ним до степени смешения обозначения. Кроме того, правообладатель может требовать компенсации за причиненные им убытки либо выплаты компенсации в размере от десяти тысяч до пяти миллионов рублей или в двукратном размере стоимости товаров, на которых незаконно размещен товарный знак."
Какие значения коэффициентов ψa и ψb приведены в таблице 8 согласно СНиП 3.01.03-84?," В таблице 8, согласно СНиП 3.01.03-84, приведены значения коэффициентов ψa и ψb для разных форм направляющих и образующих поверхностей оболочек в зависимости от соотношения высоты подъема оболочки к длине её опорного контура f/a."
Какие телефонные номера доступны для бесплатной юридической консультации в регионах России?," Бесплатная юридическая консультация доступна на телефонах: 8 (499) 938-53-71 (Москва и МО), 8 (812) 467-95-28 (Санкт-Петербург и ЛО), 8 (800) 301-92-12 (Регионы РФ)."
Какие меры предусмотрены для ликвидации волосяных трещин в стенах согласно ГОСТ МДС 13-18.2000?," Чтобы ликвидировать волосяные трещины в стенах согласно ГОСТ МДС 13-18.2000, их надо расчистить и затереть цементными раствором. Для более широких трещин рекомендуется заделывать вставкой ""кирпичных замков"" на цементном или сложном растворе."
Какие рекомендации по расчету материальных затрат и прочих расходов даны в ГОСТ МДС 81-7.2000?," В ГОСТе МДС 81-7.2000 указаны рекомендации по расчету основных статей затрат на содержание персонала, материальных и трудовых ресурсов, энергоресурсов, транспортных средств и других расходов."
Какие лица не требуют членства в саморегулируемых организациях при выполнении работ по договорам строительного подряда с федеральными органами исполнительной власти?, Федеральные органы исполнительной власти: не требуется членство в саморегулируемых организациях для выполнения работ по договорам строительного подряда.
Как переводится годовой объем капитальных вложений в цены 1984 г. согласно ГОСТ МДС 81-7.2000?," Перевод годового объема капитальных вложений в цены 1984 г. производится применением среднегодового индекса (коэффициента) удорожания стоимости строительства в данном регионе, который определяется на основании данных региональных центров по ценообразованию в строительстве с учетом прогнозируемого уровня инфляции."
"Какой штраф может быть наложен на граждан за незаконное перемещение физическими лицами табачной продукции, не маркированной специальными (акцизными) марками?"," Нарушение установленного законодательством Российской Федерации требования о нанесении специальных (акцизных) марок для маркировки табачной продукции влечет наложение административного штрафа на граждан в размере от трехсот тысяч до пятисот тысяч рублей или в размере заработной платы или иного дохода осужденного за период от одного года до двух лет, либо принудительные работы на срок до пяти лет, либо лишением свободы на срок до восьми лет со штрафом в размере от семисот тысяч до одного миллиона рублей или в размере заработной платы или иного дохода осужденного за период до пяти лет либо без такового."
Какие телефоны доступны для бесплатной юридической консультации в Москве и Московской области?, Бесплатная юридическая консультация доступна по следующим телефонам: • 8 (499) 938-53-71.
Какой ГОСТ регламентирует стоимость 1 м² общей площади?," ГОСТ регламентирует стоимость 1 м² общей площади, используя укрупненный показатель базисной стоимости (УПБС), который разработан в нормах и ценах с 01.01.91 Московской области соответствует РТМ 1.0800.02.33, включая затраты на объект по 7 главам сводного расчета."
"Что происходит с решениями иностранных судов, которые не требуют принудительного исполнения?"," Решения иностранных судов, которые не требуют принудительного исполнения, признаются в Российской Федерации, если их признание предусмотрено международным договором России или федеральным законом. Признание таких решений может быть оспорено заинтересованным лицом в течение одного месяца после получения информации об этом решении."
"В каких случаях законные представители могут передать земельные участки, наследуемые несовершеннолетними, в аренду?"," В случае наследования земельных участков лицами, не достигшими совершеннолетия, их законные представители могут передать эти земельные участки в аренду на срок до достижения наследниками совершеннолетия."
В какие сроки должна быть представлена транзитная декларация при перевозке товаров автомобильным транспортом?, Транзитная декларация должна быть представлена в течение 3 часов с момента прибытия товаров автомобильным транспортом на место доставки.
На каком сайте можно найти комментарии к статьям?, Информация доступна на сайтах https://gkodeksrf.ru/ и https://upkodeksrf.ru/.
Как устанавливаются порядок и сроки внесения платы за подключение объектов капитального строительства?," Плата за подключение объектов капитального строительства устанавливается Правительством Российской Федерации в соответствии с статьей 39.46 Кодекса об объектах инженерно-технического обеспечения (https://grkodeksrf.ru/). В случае земельных участков, находящихся в государственной или муниципальной собственности и не обремененных правами третьих лиц, плата устанавливается единовременным платежом не позднее шести месяцев со дня принятия решения об установлении публичного сервитута. Плата рассчитывается пропорционально площади земельного участка в установленных границах публичного сервитута (статья 39.46, пункт 3). В других случаях порядок и сроки внесения платы регулируются различными нормативными актами."
Как определяется количество циркулирующего теплоносителя в случае самовольного присоединения по ГОСТ МДС 41-3.2000?," В случае самовольного присоединения к системам коммунального теплоснабжения, как согласно ГОСТ МДС 41-3.2000, указано не определяется количество циркулирующего теплоносителя. Это может привести к потерям тепловой энергии и нарушениям нормальной работы системы."
Как привязываются затраты на эксплуатацию строительных машин и определяются затраты на заработную плату машинистов согласно ГОСТ МДС 81-10.2000?," Затраты на эксплуатацию строительных машин определяются исходя из данных о времени использования (нормативная потребность) необходимых машин и соответствующих сметных расценок, исчисленных в расчете на 1 маш.-ч эксплуатации по формуле:
сумма сметных расценок на 1 маш.-ч эксплуатации строительных машин и механизмов * время использования строительных машин и механизмов, маш.-ч.
Затраты на оплату труда машинистов определяются в соответствии с положениями раздела 4 ГОСТ МДС 81-10.2000 (аналогично затратам на оплату труда основных рабочих)."
Какие требования предъявляются к столику штатива согласно СНиП 3.01.03-84?," Помимо основных положений, перечисленных в пп. 2.11 и 2.18 СНиП 3.01.03-84, столик штатива должен быть оформлен таблицей или графиком, приведенными в приложении 3 или 4 СНиП 3.01.03-84. Этот документ регламентирует технологию производства столиков штатива для зданий (сооружений)."
На что не имеют права участники судебных прений?," В судебных прениях участники не могут ссылаться на обстоятельства, которые судом не выяснялись, а также на доказательства, которые не исследовались в судебном заседании."
Какой максимальный срок лишения свободы может быть назначен за нарушение требований по защите государственной тайны?," Максимальный срок лишения свободы для нарушения требований по защите государственной тайны составляет 7 лет, при этом возможно также лишение права занимать определенные должности или заниматься определенной деятельностью на срок до 3 лет."
Что такое совместная собственность?," Совместная собственность - это право собственности, принадлежащее нескольким лицам одновременно. Например, в браке супруги имеют совместную собственность на имущество, которое было нажито в период брака или ранее. Аналогично, члены крестьянского (фермерского) хозяйства также владеют имуществом этого хозяйства совместно."
Как определяются подлежащие оплате количества потребленной тепловой энергии и использованного теплоносителя при неполном укомплектовании узла учета согласно ГОСТ?," При неполном укомплектовании узла учета средствами и системами измерений (приборно-расчетный метод учета), часть необходимых данных определяется по показаниям средств измерений, а другие - неизмеряемые (нерегистрируемые) - определяются из теплового, пароконденсатного или водного балансов, а также по параметрам, приведенным в договоре на теплоснабжение."
На каком сайте можно найти комментарии к статьям Кодекса?, Информация доступна на сайтах: https://apkodrf.ru/ и https://gkodeksrf.ru/.
Можно ли применять разные налоговые ставки в зависимости от покупателя?," Нет, применение разных налоговых ставок в зависимости от покупателя запрещено."
Кто может заключить договор безвозмездного пользования лесным участком?, Договор безвозмездного пользования лесным участком может быть заключен гражданам и юридическим лицам в случае отсутствия сведений о них в реестре недобросовестных арендаторов лесных участков и покупателей лесных насаждений.
Какие методы установки шпунтовых ограждений описаны в СНиП 3.02.01-83?," В СНиП 3.02.01-83 описаны два метода установки шпунтовых ограждений:
1. Метод навешивания ограждения на горизонтальные профилированные поперечники (прорези), которые должны быть установлены вдоль периметра здания с интервалом не более 5 м;
2. Метод установки вертикального шпунтового ограждения на металлические или деревянные стержни, закреплённые в бетонном покрытии (применяется при высоких и сложных конструкциях)."
Какие меры следует предпринять при невыполнении мероприятий по качественной регулировке систем отопления и экономии расхода теплоты согласно ПН-5-17?, Необходимо выполнить дополнительную регулировку системы в течение 1 недели.
На основании каких сведений осуществляется постановка на учет иностранной организации через отделения некоммерческих неправительственных организаций?," На основании сведений, содержащихся в государственном реестре аккредитованных филиалов, представительств иностранных юридических лиц."
"Какие условия должны соблюдаться при вселении граждан, постоянно проживающих с нанимателем?"," Для вселения граждан, постоянно проживающих с нанимателем, в жилое помещение должны быть согласованы:
1) С согласия наймодателя.
2) Соблюдение требований законодательства о норме общей площади жилого помещения на одного человека, кроме случая вселения несовершеннолетних детей (статья 679)."
Какова максимальная величина смещения теодолита с оси ряда колонн согласно СНиП 3.01.03-84?, Максимальная величина смещения теодолита с оси ряда колонн согласно СНиП 3.01.03-84 не более 1000 мм (1 метр).
Какие данные должны быть указаны в тендерной документации?," В тендерной документации должны быть представлены:
1. Общие сведения об объекте и предмете торгов;
2. Проектная документация;
3. Требования по составу документации оферты;
4. Инструкция оферентам;
5. Условия и порядок проведения торгов;
6. Проект контракта;
7. Форма заявки об участии в торгах;
8. Ведомость физических объемов работ (услуг);
9. Особые технические условия на объект торгов;
10. Схемы, графики, расчеты, спецификации;
11. Информация о системах измерения, стандартах, испытаний, сертификации;
12. Раздел требований по составу и содержанию оферты;
13. Пояснительная записка с программой строительства объекта торгов, техническими требованиями к каждому объекту, основными технико-экономическими показателями и характеристикой площадки строительства.
При необходимости также могут быть включены дополнительные материалы."
Кто разработал Пособие по производству геодезических работ в строительстве?," Разработано ЦНИИОМТП (кандидаты техн. наук В. С. Сытник, Б. Г. Борисенков, С. Е. Чекулаев, Ф. В. Андреева, А. Б. Клюшин и инж. С. В. Климанов) при участии ряда других организаций."
Какие телефоны доступны для бесплатной юридической консультации в Санкт-Петербурге и Ленинградской области?, В Санкт-Петербурге и Ленинградской области доступен бесплатный телефон для юридической консультации: 8 (812) 467-95-28.
"Что происходит, если налогоплательщик не уплатил или не полностью уплатил суммы, указанные в требовании об уплате налога и процентов?"," В случае неуплаты или неполной уплаты суммы, указанной в требовании об уплате налога и процентов, налоговый орган направляет налогоплательщику требование о уплате соответствующей суммы, пени и штрафа. При этом пени начисляются в соответствии с законом с 25-го числа месяца, следующего за месяцем, на который приходится 250-й календарный день с начала первого налогового периода расчетного срока. Если неуплата или неполная уплата продолжается, то может быть произведено обращение взыскания на денежные средства на счетах или на иное имущество налогоплательщика по решению налогового органа о взыскании указанной суммы."
"Какие переходные положения существуют для свободных складов, владельцы которых включены в реестр владельцев свободных складов до 1 мая 2010 г.?"," Переходные положения для свободных складов, владельцы которых включены в реестр владельцев свободных складов до 1 мая 2010 г., установлены в статьях 422 - 425 Таможенного кодекса Таможенного союза. Они включают определение условий включения и исключения из реестра, а также обязанности владельца свободного склада."
Что такое зоны с особыми условиями использования земель?," Зоны с особыми условиями использования территорий - это определенные районы, в которых для защиты жизни и здоровья граждан, обеспечения безопасности транспорта, энергетики, обороны страны, сохранения объектов культурного наследия, охраны окружающей среды или других целей устанавливаются ограничения использования земельных участков."
Какие законодательные акты лежат в основе Рекомендаций? (ГОСТ)," Законодательные акты, на которых основаны данные Рекомендации - Министерства строительства России:

1. МДС 81-14.2000 (приняты и введены в действие письмом Минстроя РФ от 13 ноября 1996 г. № ВБ-26/12-367)
2. МДС 35-7.2000 (Выпуск 13 ОБЩЕСТВЕННЫЕ ЗДАНИЯ И СООРУЖЕНИЯ. ФИЗКУЛЬТУРНО-ОЗДОРОВИТЕЛЬНЫЕ СООРУЖЕНИЯ Москва 2002)"
Какие операции по управлению остатками средств на едином счете местного бюджета включают привлечение средств?," Привлечение средств включается в операции по управлению остатками средств на едином счете местного бюджета (статья 236, пункт 9)."
Как определяется разряд и подразряд зрительных работ для помещений торговых залов магазинов согласно ГОСТ МДС 31-8.2002?," Разряд зрительных работ для помещений торговых залов магазинов определяется в приложении 7 ГОСТ МДС 31-8.2002. Они разделены на категории, от А до В, с разными разрядами и подразделами (Б-1, Б-2, В, З). Примечательно, что зрительные работы в торговых залах магазинов могут иметь разряд высокой точности, например, для книжных или электро- и радиотоваров."
Какие товары Союза могут быть использованы при переработке иностранных товаров?," Товары Союза, в отношении которых законодательством государств-членов не установлены ставки вывозных таможенных пошлин, могут быть использованы при совершении операций по переработке на таможенной территории Союза. Комиссия вправе определять случаи, когда товары Союза могут использоваться при совершении операций по переработке на таможенной территории Союза, даже если в отношении этих товаров установлены ставки вывозных таможенных пошлин."
"Какие данные могут быть использованы для определения коэффициентов для пусконаладочных работ, если отсутствуют сметы во внутренних (базисных) ценах Российской Федерации, согласно ГОСТ МДС 81-21.2000?"," Когда отсутствуют сметы во внутренних (базисных) ценах Российской Федерации, коэффициенты для пусконаладочных работ могут быть определены по тем же объектам-аналогам, используя соответствующие поправки на различия в структуре строительно-монтажных и пусконаладочных работ."
Какая средняя температура за июль в Вендинге согласно ГОСТ МДС 31-8.2002?, 22 °C (в приложение 2 по документу указано средняя температура за июль в Вендинге равна 22 °C)
Какие требования к оценке результатов конкурентности работников указаны в ГОСТ МДС 80-2.2000?," В документе ГОСТ МДС 80-2.2000, разработанном для директоров, не указаны конкретные требования к оценке результатов конкурентности работников. Однако он подчеркивает важность организации внутренней конкуренции и содействия развитию конкуренции среди проектных работников для успешной работы на рынке. Также упоминается о необходимости применения законов рынка, тщательного изучения и анализа спроса на конкретные виды проектных работ (услуг), выявления потенциальных заказчиков и поиска способов более эффективного удовлетворения их потребностей, чем у конкурентов."
Какие административные правонарушения имеют срок давности привлечения к ответственности два месяца?," Срок давности привлечения к административной ответственности для административных правонарушений, предусмотренных различными статьями Кодекса о административных правонарушениях, составляет два месяца. К таким статьям относятся, например, 6.18 (по использованию запрещенной субстанции и/или запрещенного метода), 14.9, 14.9.1, 14.31, 14.32, 14.33, 14.40 (за нарушение различных антимонопольных норм) и другие."
Какие проверки должны проводиться в процессе строительства сооружений кабельной канализации согласно СНиП 3.01.03-84?," При строительстве сооружений кабельной канализации должны осуществляться следующие проверки:

1. Пооперационный контроль за укладкой трубопроводов и установкой смотровых устройств, включая проверку глубины заложения и качества стыков труб, прямолинейности трубопровода, горизонтальности и вертикальности установки смотровых устройств.
2. В процессе строительства должны соблюдаться требования глубины прокладки кабеля не более чем ±10 см от принятой в проекте, а также требования перекрещивания кабелей и радиуса изгиба кабеля.
3. При прокладке кабеля на трассах вне городской черты должны устанавливаться замерные столбики для фиксирования положения трассы.
4. Для соблюдения строгого соответствия проектных уклонов также может применяться технология работ с лазерными приборами."
Какие законы регулируют установление транспортного налога?," Закон транспортный налог регулируется статьями 356, 356.1 и другими нормативными правовыми актами в разделе ""Налог с транспортных средств"" Коdexx Российской Федерации."
"Как долго должен работодатель ждать перед тем, как принять окончательное решение об увольнении?"," Для получения окончательного решения работодатель должен ждать 10 рабочих дней со дня получения мотивированного мнения соответствующего вышестоящего профсоюзного органа или истечения срока для его представления, при условии, что оно было представлено в срок или судебным решением признано необоснованным."
По каким основаниям судья оставляет без движения административное искове заявление о признании нормативного правового акта недействующим?," Судья оставляет без движения административное исковое заявление о признании нормативного правового акта недействующим на основании следующих обстоятельств:
1) Если поданно с нарушением требований статей 125 и 126 настоящего Кодекса, предъявляемых к форме и содержанию административного искового заявления и (или) приложенных к нему документов.
2) Если иное не предусмотрено настоящим Кодексом.
3) В случае, если в установленный срок не устранены обстоятельства, послужившие основанием для оставления административного искового заявления без движения."
Какой законодательный акт регулирует порядок уплаты налога на добавленную стоимость (НДС) согласно ГОСТ МДС 81-23.2000?," Нет информации о том, что в документе ГОСТ МДС 81-23.2000 есть нормы по уплате налога на добавленную стоимость (НДС)."
Какие нормы накладных расходов учитываются? (ГОСТ МДС 81-8.2000)," Нормы накладных расходов учитываются в соответствии с нормативами накладных расходов по видам строительных и монтажных работ, приведенными в Методических указаниях по определению величины накладных расходов в строительстве (МДС 81-4.99)."
Какая информация должна быть включена в единую государственную автоматизированную информационную систему учета древесины и сделок с ней?," Информация, должна быть включена в единую государственную автоматизированную информационную систему учета древесины и сделок с ней:
1) о юридических лицах и их филиалах или об индивидуальных предпринимателях, которые заготавливают древесину;
2) о документах, являющихся основаниями для использования лесных участков;
3) о сведениях о древесине (объем, видовой и сортиментный состав);
4) о пунктах отправления и назначения;
5) реквизиты сделок с древесиной;
6) номера государственного регистрационного знака транспортного средства, на котором осуществляется транспортировка древесины (в случае ее транспортировки автомобильным транспортом)."
Какие координаты центра тяжести фигуры используются в примере согласно СНиП 3.01.03-84?," В примере использованы координаты центра тяжести фигуры, определенные формулами: x0 = Σxiи/n; y0 = Σyiи/n. Значения x0 и y0 равны 9 метрам и 24 метрам соответственно."
"Кто составляет акт о морском протесте, и какие данные используются для его составления?"," Акт о морском протесте составляется нотариусом или должностным лицом консульского учреждения Российской Федерации на основании заявления капитана судна, данных судового журнала, опроса капитана судна и в случае необходимости других членов экипажа судна. Используются следующие данные: наименование судна, сведения о происшествии, обстоятельства, ущерб грузу, капитан судна, нотариус или должностное лицо консульского учреждения Российской Федерации."
"Какой метод учета изменений уровня цен может предлагаться оферентом, согласно ГОСТ МДС 80-3.2000?", Оферентом может предлагаться метод учета изменений уровня цен путем расчета величины приведенных затрат или смешанная (балльно-экономическая) оценка.
Какой ГОСТ или СНиП определяет методы разработки УПБС на основе ресурсной технологической модели?, Ответ: Неизвестно какой ГОСТ или СНиП определяет методы разработки УПБС на основе ресурсной технологической модели.
Какие подотраслевые индексы существуют?," В документе, описанном в вашем вопросе, нет упоминаний о конкретных подотраслевых индексах. Однако в общей системе индексов цен предусматриваются подотраслевые индексы для различных отраслей экономики (например, ""Народное образование"", ""Торговля и общественное питание"", ""Бытовое обслуживание"", ""Здравоохранение"", ""Культура""). Однако точные подотраслевые индексы должны быть установлены на основании соответствующего нормативного акта."
Какова цель дублирования при подготовке оперативных руководителей и персонала? (МДС 15-13.2000)," Целью дублирования при подготовке оперативных руководителей и персонала является обеспечение практического овладения специальностью, адаптации к объектам обслуживания и управления, приобретения практических навыков быстрого ориентирования и других приемов работы. Дублирование проводится под руководством и наблюдением опытного работника по программам, утверждаемым руководителем организации."
Что не допускается при нарушении отделочного слоя согласно СНиП III-21-73* 1981?," Не допускается наличие переувлажнения контактного слоя из-за различия теплофизических характеристик материалов, замерзание воды в подплиточном слое."
"Какие изменения внесены в Закон ""Об акцизах"" в статье 1?"," Внесены изменения, касающиеся того, что налог на добавленную стоимость (НДС) распространяется на товары, ввозимые на территорию Российской Федерации; в налогооблагаемую базу при исчислении НДС включаются таможенная стоимость товара и таможенная пошлина, а по подакцизным товарам - и суммы акцизов. Таможенная стоимость определяется в соответствии с таможенными законами Российской Федерации (введено в действие с 01.02.93)."
Какой штраф грозит должностным лицам за воспрепятствование осуществлению права на свободу совести и свободу вероисповедания?," Должностные лица, за воспрепятствование осуществлению права на свободу совести и свободу вероисповедания (например, препятствие вхождения или выхода из религиозного объединения), грозит административный штраф от 50 тысяч до 100 тысяч рублей."
"Какие затраты, связанные с командированием работников подрядных организаций на стройки при обязанности российской организации относятся на объемы работ, выполняемые российскими организациями (ГОСТ)?"," Затраты, связанные с командированием работников подрядных организаций на стройки при обязанности российской организации относятся на объемы работ, выполняемые российскими организациями (ГОСТ)."
Какие обосновывающие документы требуются для расчета затрат на приобретение малоценного и хозяйственного инвентаря согласно ГОСТ МДС 81-7.2000?," Для расчета затрат на приобретение малоценного и хозяйственного инвентаря согласно ГОСТ МДС 81-7.2000 требуются обосновывающие документы, которые определяют стоимость, норму и технические условия на изготовление или приобретение данного инвентаря в соответствии с ценообразующими и расчетными документами. Кроме того, необходимы сведения о виде, количестве, весе, размерах и других технических характеристиках инвентаря для вычисления его стоимости в соответствии с нормативами накладных расходов."
Когда вступает в силу решение об аннулировании свидетельства?," Решение о аннулировании свидетельства вступает в силу со дня его принятия налоговым органом, выдавшим свидетельство (статья 179.3 Кодекса России ""Свидетельства о регистрации лица, совершающего операции с прямогонным бензином"")."
"Какие исключения существуют для домов и дворцов культуры, расположенных в городах, районных центрах, поселках городского типа?"," Исключения существуют для домов и дворцов культуры, расположенных в городах, районных центрах (кроме административных центров муниципальных районов, являющихся единственным населенным пунктом муниципального района), поселках городского типа. Они не подлежат применению налоговой ставки 0 процентов в соответствии с настоящей статьей, если они являются учредителями этих объектов."
Какой индекс в прогнозном уровне указан для монтажных работ в 1994 году для объектов производственного назначения?, Индекс для монтажных работ в прогнозном уровне для объектов производственного назначения в 1994 году по данным приведенным не указан.
Какие разделы могут входить в техническую часть тендерной документации согласно ГОСТ МДС-80-8.2000?," В техническую часть тендерной документации помимо раздела «Проектная документация» могут входить: ведомость физических объемов работ, особые технические условия на объект торгов, схемы, графики, расчеты, спецификации, информация о системах измерения, стандартов, испытаний, сертификации, а также раздел требований по составу и содержанию оферты."
Как выполняются приконьковые продухи согласно ГОСТ МДС 13-18.2000?, Приконьковые продухи в соответствии с ГОСТ МДС 13-18.2000 должны быть заделываться цементным раствором состава 1:3 для предотвращения просачивания воды из приямков к стене здания.
Как назначаются контрольные и дополнительные рабочие скважины в ходе работ (ГОСТ 3.02.01-83)?," Контрольные и дополнительные рабочие скважины назначаются согласно пункту 5.56 документации ГОСТ 3.02.01-83, где определяется что конкретные скважины могут быть назначены в ходе работ по данным исполнительной документации для проверки качества закрепления."
Какая дата считается датой осуществления внереализационных и прочих расходов для расходов на содержание служебного транспорта?," Для расходов на содержание служебного транспорта датой осуществления внереализационных и прочих расходов является дата фактического расходования денежных средств или поступления иного имущества. Это установлено пунктом 2 статьи 309 Кодекса Российской Федерации ""О налоге на прибыль""."
Какие объекты налогообложения исключаются из налогооблагаемой базы для налога на пользователей автомобильных дорог согласно ГОСТ МДС 81-23.2000?," Объектом налогооблагания для налога на пользователей автомобильных дорог согласно ГОСТ МДС 81-23.2000 исключаются налог на добавленную стоимость, а по предприятиям - изготовителям подакцизных товаров - и акцизы."
"При каких условиях суд устанавливает факты, имеющие юридическое значение?"," Суд устанавливает факты, имеющие юридическое значение только при невозможности получения заявителем в ином порядке надлежащих документов, удостоверяющих эти факты, или при невозможности восстановления утраченных документов (Статья 265). Заявление об установлении факта, имеющего юридическое значение, подается в суд по месту жительства заявителя, за исключением случаев, когда речь идет о факте владения и пользования недвижимым имуществом, которое подается в суд по месту нахождения недвижимого имущества (Статья 266). В заявлении должны быть указано для какой цели заявителю необходимо установить данный факт, а также должны быть приведены доказательства, подтверждающие невозможность получения заявителем надлежащих документов или невозможность восстановления утраченных документов (Статья 267). Решение суда по заявлению об установлении факта, имеющего юридическое значение, является документом, подтверждающим факт, имеющий юридическое значение, а в отношении факта, подлежащего регистрации, служит основанием для такой регистрации, но не заменяет собой документы, выдаваемые органами, осуществляющими регистрацию (Статья 268)."
Какие земли муниципальной собственности упоминаются в ГОСТ МДС 11-7.2000?," В ГОСТ МДС 11-7.2000 упомянуты следующие виды земель, которые могут быть муниципальной собственностью:

1) Земельные участки, признанные таковыми федеральными законами и принятыми в соответствии с ними законами субъектов Российской Федерации.
2) Земельные участки, права на которые возникли при разграничении государственной собственности на землю.
3) Земельные участки, приобретенные по основаниям, установленным гражданским законодательством.
4) Земельные участки, безвозмездно переданные в муниципальную собственность из федеральной собственности."
Сколько опорных точек должно быть передано на монтажные горизонты согласно СНиП 3.01.03-84?," Требование числа опорных точек, передаваемых на монтажные горизонты, не указано в СНиП 3.01.03-84. Определение их количества должно быть осуществлено в зависимости от возможности вертикального проектирования и требований к точности построения разбивочной сети на монтажных горизонтах, но минимум - три."
Что такое перенос убытков на будущее?," Перенос убытков на будущее - это возможность уменьшить налоговую базу в текущий налоговый период на суммы убытков, полученных ранее. Убыток может быть перенесен полностью или частично и производится в той очередности, в которой они понесены. Налоговые вычеты могут предоставляться для переноса убытков на будущее в размере сумм убытков, фактически полученных ранее в соответствии с конкретным законом. При этом суммы убытков, не учтенные при определении размера налогового вычета, могут быть учтены при определении размера налогового вычета в следующих налоговых периодах с учетом положений конкретного закона."
Может ли правообладатель распоряжаться исключительным правом на произведение?," Да, правообладатель имеет право распоряжаться исключительным правом на произведение."
Какие элементы должны быть показаны на схемах современного использования территории и схемах комплексной оценки территории для городов с расчетной численностью населения 250 - 500 тысяч человек согласно ГОСТ МДС 11-7.2000?," Схема современного использования территории должна показывать границы городской, поселковую черту; функциональное использование территории; планировочную структуру жилых, общественных, производственных, коммунально-складских и других функциональных зон; зонирование по этажности и степени капитальности жилой, общественной, производственной и коммунально-складской застройки; территории сельскохозяйственного назначения, озеленения, отдыха и спорта, сооружений и коммуникаций внешнего транспорта, головных сооружений инженерного оборудования.

Схема комплексной оценки территории должна показывать границы залегания полезных ископаемых; территории в различной степени неблагоприятные для застройки по природным и техногенным условиям; санитарно-защитные, защитные и охранные зоны (предприятий, курортов, водоемов, инженерных и транспортных сооружений, коммуникаций и др.); зоны ограничения застройки в районах аэропортов, в районах возможных природных и техногенных катастроф; зоны повышенного шума, вибрации, электромагнитных излучений, радиационного загрязнения, а также зоны с экологическими нарушениями окружающей среды."
Какие отраслевые положения применяются при эксплуатации железнодорожных путей общего пользования согласно ГОСТ МДС 14-13.2000?," При эксплуатации железнодорожных путей общего пользования согласно ГОСТ МДС 14-13.2000 должны применяться отраслевые положения, утвержденные Министерством путей сообщения России."
"Какое наказание предусмотрено за сокрытие информации, совершенное лицом, занимающим государственную должность?"," Наказание за сокрытие информации, совершенное лицом, занимающим государственную должность - штраф в размере до двухсот тысяч рублей или в размере заработной платы или иного дохода осужденного за период до восемнадцати месяцев."
"Что происходит, если вред причинен в период действия концессионного соглашения?"," Если вред причинен в период действия концессионного соглашения, ответственность за него возникает между сторонами соглашения, а также может распространяться на других лиц, например, собственников здания, сооружения, технического заказчика и т.д., в соответствии с положениями статьи 1220-1223 Гражданского кодекса Российской Федерации. В случае недостаточности имущества государственного казенного учреждения, проводившего государственную экспертизу проектной документации и (или) инженерных исследований, ответственность за вред может перейти на Россию или субъект РФ (часть 7 статьи 1223). Для получения конкретного решения следует обратиться к юридической консультации. Бесплатная юридическая консультация по телефонам:
• 8 (499) 938-53-71 (Москва и МО);
• 8 (812) 467-95-28 (Санкт-Петербург и ЛО);
• 8 (800) 301-92-12 (Регионы РФ)."
Какие копии лицензий должны быть представлены при необходимости?," Копия лицензии на соответствующее видо деятельности должна быть представлена в случае, если наличие лицензии обязательно для осуществления такого вида деятельности."
Какие действия необходимо предпринять при выпадении отдельных камней или кирпичей из кладки цоколя согласно ГОСТ МДС 13-18.2000?, Действия при выпадении отдельных камней или кирпичей из кладки цоколя: расчищают на глубину до 1/2 кирпича с выломкой отдельных кирпичей зубилом и заделывают вставками нового кирпича на сложном растворе.
В какие сроки уполномоченный орган должен направить проект договора аренды иным правообладателям?," В течение тридцати дней со дня направления им уполномоченным органом проекта договора аренды земельного участка, если иное правообладатель не уклонился от его заключения."
В каких случаях защитник участвует в уголовном деле с момента начала процессуальных действий?," Защитник участвует в уголовном деле с момента начала процессуальных действий в следующих случаях:

1) со времени фактического задержания лица, подозреваемого в совершении преступления, применяется к нему мера пресечения в виде заключения под стражу;
2) с момента вручения уведомления о подозрении в совершении преступления в порядке, установленном статьей 223.1 Кодекса;
3) с момента объявления лицу, подозреваемому в совершении преступления, постановления о назначении судебно-психиатрической экспертизы;
4) с момента начала осуществления иных мер процессуального принуждения или иных процессуальных действий, затрагивающих права и свободы лица, подозреваемого в совершении преступления."
"Почему важно не обещать больше, чем можно сделать, согласно ГОСТ МДС 11-11.2000?"," Небеззаветно важно не обещать больше, чем можно сделать, чтобы избежать нарушения обязательств и ущерба репутации. Если вы перестараетесь, может возникнуть ожидание, превышающее возможности, что приведет к негативным последствиям для заказчика и вашей компании."
Какие общесоюзные ценники на пусконаладочные работы перечислены в Приложении 1 к МДС 81-8.2000?," В приложении 1 к МДС 81-8.2000 перечислены следующие общесоюзные ценники на пусконаладочные работы: № 1, № 2, № 3 по № 9."
Какое максимальное количество баллов можно получить за показатель «Использование местных материалов» согласно ГОСТ МДС 80-3.2000?, По ГОСТу МДС 80-3.2000 максимальное количество баллов за показатель «Использование местных материалов» можно составлять до 100 баллов.
Какие сведения должны содержаться в определении по делу о выдаче исполнительного листа на принудительное исполнение решения третейского суда?," Для выдачи исполнительного листа на принудительное исполнение решения третейского суда в определении должны содержаться следующие сведения: состав третейского суда, принявшего решение; наименование постоянно действующего арбитражного учреждения, администрировавшего третейское разбирательство и его местонахождение (если имеется); наименования сторон третейского разбирательства; сведения о решении третейского суда, о выдаче исполнительного листа на принудительное исполнение которого ходатайствует заявитель; указание на выдачу исполнительного листа на принудительное исполнение решения третейского суда или отказ в выдаче этого исполнительного листа."
При каких условиях объявляются торги несостоявшимися?," Торги признаются несостоявшимися в следующих случаях:
1) не подано ни одной заявки на участие в торгах либо принято решение об отказе в допуске к участию в торгах всех заявителей;
2) на дату окончания срока подачи заявок на участие в торгах подана только одна заявка на участие в торгах;
3) только один заявитель допущен к участию в торгах;
4) в торгах, проводимых в форме аукциона, участвовали менее чем два участника аукциона;
5) после троекратного объявления начальной цены предмета торгов, проводимых в форме аукциона, ни один из участников не заявил о своем намерении приобрести предмет аукциона по начальной цене.
(нет информации для случаев 6-7)"
Кому направляются копии постановления судьи?," Копия постановления судьи направляется лицу, возбудившему ходатайство, прокурору, а также лицу, в отношении которого прекращено уголовное дело или уголовное преследование, потерпевшему."
Каковы требования к коагулянту (кремнефтористо-водородная кислота) при однорастворной двухкомпонентной силикатизации по СНиП 3.02.01-83?," Кремнефтористо-водородная кислота должна иметь плотность 1,1 - 1,2 г/см3."
"В каких случаях доходы, полученные физическими лицами за оказание услуг для личных, домашних и (или) иных подобных нужд, освобождаются от налогообложения?"," Доходы за оказание услуг для личных, домашних и (или) иных подобных нужд освобождаются от налогообложений в случае, если физическое лицо не является индивидуальным предпринимателем."
"Что происходит с средствами финансовой поддержки, если условия их получения нарушены?"," В случае нарушения условий получения средств финансовой поддержки, сумма полученных средств в полном объеме отражается в составе доходов налогового периода, в котором допущено нарушение. Если по окончании третьего налогового периода сумма полученных средств превышает сумму расходов, учтенных в соответствии с тем самым пунктом, оставшиеся неучтенные суммы в полном объеме отражаются в составе доходов этого налогового периода."
Какие требования к устойчивости фонарей к температурным перепадам установлены ГОСТ МДС 31-8.2002?," Требования к сопротивлению теплопередаче и воздухопроницанию установлены в разделе 3.5 и 3.6 ГОСТ МДС 31-8.2002. Эти требования определяют допустимые значения коэффициентов теплового и воздухопроницаемости для фонарей при естественном освещении помещений. Если ответа нет - ""нет информации""."
Какие права имеет прокурор в пределах своих полномочий?," Прокурор в пределах своих полномочий имеет право:
1. Обжаловать решения прокуроров более низкого ранга об отмене постановлений о возбуждении уголовного дела, о возвращении уголовного дела следователю для производства дополнительного следствия, изменения объема обвинения либо квалификации действий обвиняемых или пересоставления обвинительного заключения и устранения выявленных недостатков.
2. Обращаться с требованием об устранении нарушений федерального законодательства, допущенных в ходе предварительного следствия к руководителю вышестоящего следственного органа.
3. При несогласии руководителя вышестоящего следственного органа с требованиями прокурора осуществлять решение Генерального прокурора Российской Федерации, которое является окончательным."
Должны ли быть едиными индексы пересчета от цен 2000 г. в текущие цены для ТЕРм и ФЕРм?," Да, индексы пересчета от цен 2000 г. в текущие цены для ТЕРм и ФЕРм должны быть едиными."
Что является основанием для проведения предварительного слушания согласно части второй статьи 229?," Предварительное слушание может быть проведено по следующим основаниям:
1) при наличии ходатайства стороны об исключении доказательства, заявленного в соответствии с частью третьей статьи 229;
2) при наличии основания для возвращения уголовного дела прокурору в случаях, предусмотренных статьей 237;
3) при наличии основания для приостановления или прекращения уголовного дела;
4) по ходатайству стороны о проведении судебного разбирательства в порядке, предусмотренном частью пятой статьи 247;
5) для решения вопроса о рассмотрению уголовного дела судом с участием присяжных заседателей;
6) при наличии не вступившего в законную силу приговора, предусматривающего условное осуждение лица, в отношении которого в суд поступило уголовное дело, за ранее совершенное им преступление;
7) при наличии основания для выделения уголовного дела;
8) при наличии ходатайства стороны о соединении уголовных дел в случаях, предусмотренных настоящим Кодексом."
Какие единые нормативы отчислений в бюджеты муниципальных районов могут быть установлены законом субъекта РФ?," Единые нормативы отчислений в бюджеты муниципальных районов могут быть установлены законом субъекта РФ для следующих налогов и доходов:
1. Федеральные налоги и сборы, включая налоги, предусмотренные специальными налоговыми режимами (15%);
2. Региональные и местные налоги (согласно закону субъекта РФ);
3. Денежные взыскания (штрафы), предусмотренные Кодексом Российской Федерации об административных правонарушениях, законами субъектов РФ об административных правонарушениях;
4. Плата за негативное воздействие на окружающую среду;
5. Плата от передачи в аренду земельных участков, государственная собственность на которые не разграничена и расположены в границах муниципальных образований."
"Когда был принят Указ Президиума Верховного Совета СССР ""О внесении дополнений в Кодекс торгового мореплавания Союза ССР""?"," Указ Президиума Верховного Совета СССР ""О внесении дополнений в Кодекс торгового мореплавания Союза ССР"" был утвержден 20 мая 1974 года."
Какие требования к разработке чертежей архитектурно-строительной части зданий и сооружений указаны в ГОСТ МДС-80-8.2000?," В ГОСТ МДС-80-8.2000 указаны требования к разработке чертежей архитектурно-строительной части зданий и сооружений, включая описание фундаментов, несущих конструкций, строительного элемента с указанием материалов, свойств и размеров. Критерии, свойства должны быть также указаны с единицами измерения и подтверждение технич. показателей (сертификаты, протоколы испытаний и т.д.)."
Какие цены могут быть приняты за базисный уровень стоимости согласно СНиПу?," Базисные цены могут быть приняты в соответствии с нормами, приведенными в СНиП 1.02.01-85 и методическими рекомендациями по формированию укрупненных показателей базовой стоимости на виды работ (УПБС ВР). Цены за базисный период или для базисного района определяются на основе средней величины сметных цен, введённых в действие с 01.01.91, с указанием доли ресурсов входящих в определенную группу и отдельные средние сметные цены каждого ресурса, в ценах для Московской области."
Какие действия должен предпринять исполнитель для приобретения прав на результат интеллектуальной деятельности?," Для приобретения прав на результат интеллектуальной деятельности исполнитель должен заключить соответствующие соглашения со своими работниками и с третьими лицами. Также он имеет право на возмещение затрат, понесенных им в связи с приобретением прав у третьих лиц в пределах цены государственного или муниципального контракта."
Какие элементы должны быть показаны на схеме современного использования и комплексной оценки территории в концепции генерального плана согласно ГОСТ МДС 11-7.2000?," На схеме современного использования территории должны быть показаны границы административно-территориальных образований, пригородные зоны, города и других городских поселений, сельские поселения - районные центры; крупные производственные объекты, в том числе сельскохозяйственного назначения, расположенные вне границ городских поселений; преимущественное функциональное использование территорий.
На схеме комплексной оценки территории должны быть показаны границы площадей залегания полезных ископаемых, зон затопления, зон загрязнения внешней среды; участки неблагоприятных геологических, гидрогеологических, атмосферных и других процессов."
Что влечет наложение административного штрафа на граждан за нарушение правил найма жилого помещения жилищного фонда социального использования?," Наложение административного штрафа на граждан влечет за собой штрафы в размере:
• За проживание в жилье более одного года без договора - 5 тысяч рублей.
• За нарушение требований к подаче документов о государственной регистрации прав на недвижимое имущество - 100 тысяч рублей.
• За подделку документов, штампов, печатей или бланков - штрафы в размере от 30 тысяч до 50 тысяч рублей с конфискацией орудий совершения правонарушения.
• За неисполнение требований по плате за коммунальные услуги - штраф в размере 50 процентов превышения начисленной платы над размером, который должен был быть начислен, с исключением случаев, когда нарушение произошло по вине гражданина."
"Какие ограничения могут быть установлены в границах зон с особыми условиями использования территории, если они не предусмотрены федеральным законом?"," Ограничения, которые могут быть установлены в границах зон с особыми условиями использования территории, за исключением случаев, когда они предусмотрены федеральным законом, могут быть изменены в соответствии с решением об установлении или изменении зоны с особыми условиями использования территории. Если перечень этих ограничений в отношении каждой территории не установлен федеральным законом, он может быть дополнен или изменен по зависимости от характеристик объекта или территории, в отношении которых устанавливается зона с особыми условиями использования территории."
Может ли банк использовать имеющиеся на счете денежные средства?," Да, банк может использовать имеющиеся на счете денежные средства, при этом гарантируя право клиента беспрепятственно распоряжаться этими средствами (статья 845 Кодекса РФ)."
Какие данные о материалах-представителях содержатся в форме № 4 согласно ГОСТ Р 54501-2011?," В форме № 4 согласно ГОСТ Р 54501-2011 содержатся следующие данные о материалах-представителях:
1. Наименование материала или представителя;
2. Перечень элементов строительного комплекса (если речь идет об изготовителе);
3. Классы, категории, группы материалов (или техники) в соответствии с действующими нормативными документами;
4. Срок гарантии и условия сохранения;
5. Требования к хранению, транспортировке, установке, применению и эксплуатации материалов или техники;
6. Описание основных характеристик, свойств и преимуществ материалов или техники."
"Как определяется право собственности и иные вещные права на судно, подлежащее государственной регистрации?"," Право собственности и иные вещные права на судно, подлежащее государственной регистрации определяются законом государства, в котором зарегистрировано судно."
Как назначается и освобождается от должности главный государственный инспектор труда Российской Федерации?," Главный государственный инспектор труда Российской Федерации назначается и освобождается от должности Правительством Российской Федерации по предложению федерального органа исполнительной власти, уполномоченного Правительством Российской Федерации."
На каком сайте можно найти комментарии к статьям?, Комментарии к статьям можно найти на сайтах https://gkodeksrf.ru/ и https://upkodeksrf.ru/.
"Для каких целей применяются реагенты, описанные в Приложении 16 к ГОСТ (к СНиП 3.02.01-83)?"," Реагенты, описанные в Приложении 16 к ГОСТу (к СНиП 3.02.01-83), применяются для химического закрепления грунтов инъекционными способами в промышленном и гражданском строительстве. Конкретно, это силикатные растворы, хлористой кальция раствор при двухрастворной силикатизации песков, карбамидные смолы, цементные растворы при цементации и т. д. Их цель - обеспечить необратимость и долговечность свойств грунтов после их химической обработки, что способствует устойчивости приобретенных ими свойств в процессе строительства и эксплуатации зданий и сооружений."
Какое определение дается аэропорту федерального значения?," Аэропорт федерального значения - аэропорт, необходимый для организации воздушного сообщения между городами федерального значения Москвой, Санкт-Петербургом, Севастополем и административными центрами (столицами) субъектов Российской Федерации, а также международные аэропорты. Перечень аэропортов федерального значения утверждается Правительством Российской Федерации."
Какие основные критерии используются для рассмотрения заявок претендентов в ГОСТ МДС 80-5.2000?," В ГОСТ МДС 80-5.2000 используются следующие основные критерии для рассмотрения заявок претендентов: опыт проведения сопоставимых работ, финансовое положение, техническое оснащение, производственная база, состав и квалификации персонала, ноу хау."
Можно ли начать строительство или реконструкцию объекта капитального строительства без выполнения инженерных изысканий?," Нет, начать строительство или реконструкцию объекта капитального строительства без выполнения инженерных изысканий запрещено."
Какие требования предъявляются к поставщикам промышленной продукции согласно ГОСТ МДС 81-9.2000?," Согласно ГОСТу МДС 81-9.2000, поставщики промышленной продукции должны предоставить заявку или проектную документацию, которая должна соответствовать требованиям технического регламента и включать необходимую информацию о характеристиках продукции, её качестве, технологии производства, конструкционных размерах и т.д. Также поставщикам требуется указать стоимость продукции, сведения об ответственности за качество и безопасность, а также опыт и квалификацию своей компании."
Когда был принят Семейный кодекс Российской Федерации?, Семейный кодекс Российской Федерации был принят 29 декабря 1995 года.
"Какие требования предъявляются к проектированию, строительству, реконструкции, вводу в эксплуатацию и эксплуатации зданий, строений, сооружений для рекреационных целей?"," Для проектирования, строительства, реконструкции, ввода в эксплуатацию и эксплуатации зданий, сооружений для рекреационных целей предъявляются следующие требования:

1. Соответствие с разрешенным использованием (назначением) - строительство должно осуществляться в соответствии с их назначением;
2. Застройщик должен получить разрешение на ввод объекта в эксплуатацию и акт, разрешающий эксплуатацию здания, сооружения. Это необходимо для случаев, предусмотренных федеральными законами;
3. В случае капитального ремонта зданий, сооружений эксплуатация таких зданий, сооружений допускается после окончания их капитального ремонта;
4. Эксплуатация должна осуществляться в соответствии с требованиями технических регламентов, проектной документации, нормативных правовых актов Российской Федерации и муниципальных правовых актов;
5. В целях обеспечения безопасности зданий, сооружений в процессе их эксплуатации должны обеспечиваться техническое обслуживание зданий, сооружений, эксплуатационный контроль, текущий ремонт зданий, сооружений;
6. Эксплуатационный контроль за состоянием зданий, сооружений проводится в период их эксплуатации путем осуществления периодических осмотров, контрольных проверок и (или) мониторинга;
7. Техническое обслуживание зданий, сооружений, текущий ремонт зданий, сооружений проводятся в целях обеспечения надлежащего технического состояния таких зданий, сооружений;
8. Среди запрещенных действий - сплошные рубки лесных насаждений для строительства, реконструкции объектов капитального строительства, связанных с созданием лесной инфраструктуры;
9. В защитных лесах предусмотренные выборочные рубки и сплошные рубки деревьев, кустарников, лиан допускаются в случаях, если строительство, реконструкция, капитальный ремонт и эксплуатация объекта капитального строительства не запрещены или не ограничены в соответствии с законодательством Российской Федерации."
Что такое площадь стоянки для транспортных средств согласно определению в тексте?," Площадь стоянки для транспортных средств - это общая площадь стоянок, определяемая на основании правустанавливающих и инвентаризационных документов."
"Что происходит, если организация не представит повторное уведомление об освобождении от исполнения обязанностей налогоплательщика?"," Если организация не представит повторное уведомление об освобождении от исполнения обязанностей налогоплательщика в срок, то первое представленное уведомление считается непредставленным начиная с 1 января 2020 года."
Какие единицы измерения могут использоваться в Форме № 3-св согласно ГОСТ?, В Форме № 3-св может использоваться различные единицы измерения в соответствии с проектными данными. Информация о конкретных единицах измерений должна быть указана в проекте организации строительства.
Какова продолжительность периода со среднесуточной температурой воздуха < 8 °C в г. Джарджан согласно документу МДС 31-8.2002?," Продолжительность периода со среднесуточной температурой воздуха < 8 °C в г. Джарджан составляет 6 суток, согласно документу МДС 31-8.2002."
Какие критерии оценки эффективности деятельности органов государственной власти субъектов Российской Федерации по осуществлению переданных полномочий устанавливаются?," Критерии оценки эффективности деятельности органов государственной власти субъектов Российской Федерации по осуществлению переданных полномочий устанавливаются уполномоченным федеральным органом исполнительной власти в соответствии с методикой, утвержденной им."
Что такое конкурентность в контексте ГОСТ МДС 80-2.2000?," Конкурентность - это обязательный атрибут отношений на рынке, который возникает всегда и независимо от воли субъектов этих отношений."
Какие исходные данные необходимы для разработки годового плана технического обслуживания и ремонта кранов?," Для разработки годового плана технического обслуживания и ремонта кранов необходимы следующие исходные данные:
- фактическая наработка на начало планируемого года со времени проведения последнего технического обслуживания или ремонта, или с начала эксплуатации;
- планируемая наработка на год;
- периодичность и трудоемкость выполнения работ;
- исходные данные для составления сметной документации."
Какие данные должны быть указаны в договоре теплоснабжения при установке узла учета не на границе эксплуатационной ответственности?," В договоре теплоснабжения должны быть указаны размеры технологической и аварийной брони, длительность и продолжительность допустимых отключений систем теплопотребления абонентов для непланового ремонта оборудования и тепловых сетей теплоснабжающей организации. Также должны быть указаны границы эксплуатационной ответственности сторон по тепловым сетям."
"Что делать, если сведения, подлежащие представлению, не содержатся в представленных перевозчиком документах?"," Если сведения, подлежащие представлению, не содержатся в представленных перевозчиком документах, то перевозчик обязан представить иные документы, содержащие недостающие сведения, либо заявить недостающие сведения и (или) сведения о документах, которые не представляются, путем подачи заявления в произвольной форме."
Кто имеет право вводить режим особых условий?," Во режиме особых условий могут быть введены осужденными в исправительном учреждении при групповых неповиновениях, а также руководителем федерального органа исполнительной власти, который осуществляет правоприменительные функции и функции по контролю и надзору в сфере исполнения уголовных наказаний, или начальником территориального органа уголовно-исполнительной системы субъекта Российской Федерации, согласованному с Генеральным прокурором РФ. В исключительных случаях время действия режима особых условий может быть продлено этими должностными лицами."
Какие лазерные приборы используются для определения прямолинейности и высотного положения рельсов согласно СНиП 3.01.03-84?," Лазерные приборы ЛВ-5М, ЛВ-78 и ПЛ-1 используются для определения прямолинейности и высотного положения рельсов согласно СНиП 3.01.03-84."
Какие сведения должен предоставить страхователь при заключении договора страхования?," При заключении договора страхования, страхователь должен предоставить известные ему обстоятельства, имеющие существенное значение для определения вероятности наступления страхового случая и размера возможных убытков от его наступления (страхового риска), если эти обстоятельства не известны и не должны быть известны страховщику."
Что влечет иное нарушение требований к порядку ведения реестра владельцев ценных бумаг?, Нарушение требований к порядку ведения реестра владельцев ценных бумаг влечет наложение административного штрафа на должностных лиц в размере от пяти тысяч до десяти тысяч рублей; на юридических лиц - от ста тысяч до трехсот тысяч рублей.
"Когда проценты, начисленные налоговым органом, подлежат уплате налогоплательщику без заявления?"," Если проценты не были полностью уплачены налогоплательщику, они подлежат уплате налогоплательщику в течение трех дней со дня получения уведомления территориального органа Федерального казначейства о дате возврата и сумме возвращенных указанному лицу денежных средств."
Может ли срок защиты прав превышать срок действия исключительного права правообладателя?," Нет, срок защиты прав на объекты интеллектуальной собственности таможенными органами не может превышать срок действия исключительного права правообладателя на соответствующий объект интеллектуальной собственности (статья 387)."
В каких случаях принимается решение о внесении изменений в предварительное решение о происхождении товара?," В случае выявления таможенным органом или заявителем ошибок, которые допущены при принятии этого предварительного решения о происхождении товара и которые не влияют на сведения о происхождении товара."
"Что происходит, если в производстве арбитражного суда, суда общей юрисдикции, третейского суда имеется дело по спору между теми же лицами, о том же предмете и по тем же основаниям?"," В этом случае арбитражный суд в Российской Федерации оставляет иск без рассмотрения, если производство по делу имеется в суде общей юрисдикции, третейском суде или другом арбитражном суде по спору между теми же лицами, о том же предмете и по тем же основаниям."
Какая форма используется для составления локальной сметы по ГОСТ МДС 81-8.2000?, Локальная смета в соответствии с ГОСТ МДС 81-8.2000 может быть составлена в виде локальной сметного расчета (локальной сметы).
Какие условия и порядок возмещения ущерба должны быть определены в соглашении о проведении реконструкции?," В соответствии с пунктом 6.1 настоящей части статьи 56, в соглашении о проведении реконструкции должны быть определены условия и порядок возмещения ущерба, причиненного указанному объекту при осуществлении реконструкции."
Какие полномочия имеют федеральные органы исполнительной власти в области охраны труда?," Федеральные органы исполнительной власти имеют полномочия по выработке и реализации государственной политики, нормативно-правовому регулированию в области труда; разработку мероприятий по улучшению условий и охраны труда; установление основных требований к правилам и инструкциям по охране труда; организацию государственной экспертизы условий труда; обеспечение работникам средств индивидуальной и коллективной защиты, санитарно-бытовыми помещениями и устройствами; определение примерного перечня, форм информационных материалов для их размещения работодателями с целью информирования работников об их трудовых правах."
Как отказывается от судебного иммунитета международной организации?," Отказ от судебного иммунитета международной организации должен быть произведен в соответствии с правилами, установленными их международной организацией."
Как предотвращаются перегрузки строительных конструкций согласно МДС 14-13.2000?," По предотвращению перегрузок строительных конструкций в Положении МДС 14-13.2000 нет прямых указаний, однако это обычно регулируется требованиями к проектированию и эксплуатации зданий и сооружений в других нормативных документах (например, СНиП и ГОСТ). Для предотвращения перегрузок необходимо соблюдение требований к проектированию конструкций, расчету нагрузок, выбор материалов, обеспечение монтажа по техническим условиям и регулярное техническое обслуживание здания во время эксплуатации."
Какие административные правонарушения могут рассматриваться руководителем подразделения центрального аппарата Министерства внутренних дел Российской Федерации по вопросам миграции и его заместителями?," Руководитель подразделения центрального аппарата Министерства внутренних дел Российской Федерации по вопросам миграции и его заместители могут рассматривать административные правонарушения, предусмотренные частями 1, 2 и 3 статьи 18.8, статьей 18.9, частями 1 и 4 статьи 18.10, статьями 18.15 - 18.18, частью 1 статьи 18.19, статьями 18.20, 19.8.3, 19.15 - 19.18, 19.27 настоящего Кодекса (Кодекс Российской Федерации об административных правонарушениях)."
Как определяется стоимость материалов-представителей в текущем уровне цен согласно ГОСТ МДС 81-10.2000?," Стоимость материалов-представителей в текущем уровне цен определяется на основе регистрации цен на ресурсы, согласно приведенным в Методических рекомендациях поступанием отчетов об итогах регистрации. Данные о ценах формируются с учетом условий строительства в районе строительства ко времени составления смет."
Какие характеристики оборудования для цементации грунтов описаны в Приложении 20 к ГОСТ (к СНиП 3.02.01-83)?," Инъекторы, глиносмесители: характеристики приведены в таблицах 1 (рис. 13 - 17) приложением 19 к ГОСТ."
Как обеспечивается соизмеримость наборов ресурсов и показателей затрат согласно ГОСТ?," Соизмеримость наборов ресурсов и показателей затрат обеспечивается путем использования стандартизированной номенклатуры материалов-представителей (ГОСТ Р 51406-2009) и унифицированных сметных норм и расценок (УПБС) на строительные работы (ГОСТ Р 52886.3-2007). Эти стандарты предоставляют единый метод определения стоимости материальных ресурсов, затрат на эксплуатацию машин и заработной платы рабочих по всей территории Российской Федерации."
Какие предприятия и учреждения охватываются рекомендациями?," Рекомендации применимы для архитекторов, инженерно-технических работников проектных и строительных организаций, работников служб эксплуатации зданий, студентов строительных высших и средних учебных заведений. Предназначены для инженерно-технических работников проектных и строительных организаций, органов социальной защиты, обществ инвалидов."
Какие нормокомплекты геодезических приборов и приспособлений указываются в ППГР согласно СНиП 3.01.03-84?, В ППГР должны указываться нормокомплекты геодезических приборов и приспособлений в соответствии с требованиями СНиП 3.01.03-84 (подробнее см. пункт 2.33).
"Как определяется облагаемый оборот для строительных, строительно-монтажных и ремонтно-строительных организаций по ГОСТ МДС 81-23.2000?"," Облагаемый оборот для строительных, строительно-монтажных и ремонтно-строительных организаций определяется как стоимость выполненных работ, принятых заказчиками. Это составляет договорные цены на строительную продукцию (работы, услуги) с учетом их изменений, вызванных в процессе выполнения работ повышением (снижением) цен на строительные материалы и конструкции, тарифов на транспортные и другие виды услуг."
"Когда признаются доходы в виде положительной переоценки стоимости драгоценных металлов и требований, выраженных в драгоценных металлах?"," Доходы в виде положительной переоценки стоимости драгоценных металлов и требований, выраженных в драгоценных металлах, осуществляются в порядке, установленном нормативными актами Центрального банка Российской Федерации."
Какие районы Амурской области входят в перечень районов Крайнего Севера согласно ГЭСН-2001?," В перечень районов Крайнего Севера входят Аяно-Майский, Охотский, Ванинский, Вернебуреинский, Комсомольский, Николаевский, именя Полины Осипенко, Советско-Гаванский, Солнечный, Тугуро - Чумиканский, Ульчский в Амурской области."
"В каких случаях правила, установленные главой о морской перевозке груза, не применяются?"," Правила, установленные главой о морской перевозке груза, не применяются:
1) к требованиям возмещения ущерба, причиненного в связи с морской перевозкой опасных и вредных веществ, за исключением требований, вытекающих из договора морской перевозки груза и договора морской перевозки пассажира;
2) к ущербу от загрязнения, как определенному в п. 5 ст. 316 настоящего Кодекса независимо от того, выплачивается ли компенсация за такой ущерб согласно правилам, установленным главой XVIII настоящего Кодекса;
3) к ущербу, причиненному радиоактивным веществом класса 7, указанным в Международном кодексе морской перевозки опасных грузов 1965 года, с поправками или в дополнение В к Кодексу безопасной практики перевозки навалочных грузов 1965 года, с поправками;
4) судам вместимостью не более чем 200, которые перевозят опасные и вредные вещества только в упакованном виде, при условии, если такие суда осуществляют рейсы между портами (сооружениями) Российской Федерации."
"Какие условия должны быть соблюдены при помещении иностранных товаров, помещенных под таможенную процедуру временного ввоза (допуска), под таможенную процедуру таможенного транзита согласно статье 306?"," 1) Соблюдение условий, предусмотренных подпунктами 3 и 4 пункта 1 статьи 143 настоящего Кодекса;
2) Представление таможенному органу сведений о помещении иностранных товаров под таможенную процедуру временного ввоза (допуска), цели перевозки (транспортировки) товаров и месте их использования, о лице, в пользование которого иностранные товары передаются, если имеет место такая передача, о разрешении таможенного органа на передачу временно ввезенных товаров во владение и пользование иным лицам, если такая передача имела место. При отсутствии указанных документов декларантом таможенному органу представляется заявление в произвольной форме с указанием необходимых сведений."
"Что грозит за внесение пожертвований в крупных размерах в избирательный фонд, фонд референдума через подставных лиц?"," За внесение пожертвований в крупных размерах в избирательный фонд, фонд референдума через подставных лиц наказание может быть штрафом в размере от двухсот тысяч до пятисот тысяч рублей или в размере заработной платы или иного дохода осужденного за период от одного года до трех лет, либо принудительными работами на срок до четырех лет, либо лишением свободы на срок до четырех лет со штрафом в размере до восьмидесят тысяч рублей или в размере заработной платы или иного дохода осужденного за период до шести месяцев либо без такового."
"Что происходит, если значение коэффициента КНДД меньше единицы?"," В случае, если значение коэффициента КНДД (Коэффициент налога добавочного дохода от добычи углеводородного сырья) меньше единицы, для целей определения значения ЭП (Экономically Produced Oil - Нефть экономически полученная) принимается равным 0."
Какова температура при промывке систем отопления соляной кислотой с ингибитором АКХ-ИФХАН по МДС 13-18.2000?, Температура при промывке - 40 °С.
"Какие питающие линии электроснабжения, обеспечивающие системы пожарной безопасности, исключаются из графиков временного отключения электрической энергии согласно ГОСТ МДС 13-19.2001?"," Питающие линии электроснабжения, обеспечивающие системы пожарной безопасности, не включаются в графики временного отключения электрической энергии согласно ГОСТ МДС 13-19.2001."
Какой размер пошлины установлен за внесение изменений в решение о выдаче визы?," Не имеется информации об установлении конкретного размера государственной пошлины за внесение изменений в решение о выдаче визы в документах, содержащихся в регистрационном досье на зарегистрированную кормовую добавку."
Когда доводятся показатели бюджетной росписи по расходам и лимитов бюджетных обязательств?," Показатели бюджетной росписи по расходам и лимитам бюджетных обязательств доводятся до подведомственных распорядителей и получателей бюджетных средств до начала очередного финансового года, за исключением случаев, предусмотренных статьями 190 и 191 настоящего Кодекса."
Какой ГОСТ или СНиП регламентирует расчет затрат труда на строительной площадке?," ГОСТ или СНиП, который регламентирует расчет затрат труда на строительной площадке - это СНиП 4.03-91 ""Сборник сметных норм и расценок на эксплуатацию строительных машин""."
Кто выполняет функции заказчика-застройщика по заключению подрядных и других договоров? (ГОСТ не указан)," Функции заказчика-застройщика по заключению подрядных и других договоров выполняет УКС (ОКС) или администрация той организации, при которой создана группа технического надзора."
Могут ли учреждения участвовать в хозяйственных обществах?," Да, учреждения могут участвовать в хозяйственных обществах, но только с разрешения собственника имущества учреждения, если иное не установлено законом."
Каков размер штрафа для должностных лиц по статье 16.6?, Размер административного штрафа для должностных лиц по статье 16.6 - от трех тысяч до четырех тысяч рублей.
"Какую информацию о претенденте следует указывать в форме 'Наименование организации, фирмы, консорциума' согласно ГОСТ МДС 80-5.2000?"," В форме «Наименование организации, фирмы, консорциума» следует указать полное наименование претендента (организация или фирма), его реквизиты: адрес, телефон, телефакс, телекс. Также следует указать ответственное лицо и форму общества."
"Что происходит, если соглашение явилось основанием для выдачи свидетельства о регистрации лица, совершающего операции по переработке сжиженных углеводородных газов?"," При выдаче свидетельства о регистрации лица, совершающего операции по переработке сжиженных углеводородных газов, необходимо представление договора об оказании услуг по переработке СУГ в товары, являющиеся продукцией нефтехимии. В случае соглашения явилось основанием для выдачи свидетельства, договор и свидетельство должны быть представлены налоговому органу."
Какие требования предъявляются к устройству ограждения площадки строительства в подготовительных работах согласно таблице 9 ГОСТ МДС-80-8.2000?," В подготовительных работах по строительству, согласно таблице 9 ГОСТ МДС-80-8.2000, требуется устройство ограждения площадки строительства, причем устраиваются бетонные или железобетонные ограждение и/или из металла (жестяная решетка или металлический забор).

Измерения производимые в этой работе: площадь и высоту ограждения.

Ответы были получены на основе справочника ""Методические рекомендации по разработке технической части тендерной документации"" МДС-80-8.2000 и Положения о проведении планово-предупредительного ремонта производственных зданий и сооружений МДС 13-14.2000"
"Какие административные правонарушения рассматривают органы, указанные в статье 23.30, в части нарушения установленного порядка предоставления обеспечения исполнения обязательств по оплате тепловой энергии?"," Органы, указанные в статье 23.30 рассматривают административное правонарушение, совершенное нарушением установленного порядка предоставления обеспечения исполнения обязательств по оплате тепловой энергии в части нарушения статьи 14.61 настоящего Кодекса оплаты электрической, газовой или тепловой энергии и/или теплоносителя."
"Что происходит с определениями, не указанными в части 1 статьи 313?"," Если определения, не указанные в части 1 статьи 313, не подлежат проверке таможенным органам, то они могут быть недостоверными и приводят к нарушениям в таможенном контроле."
Какие требования предъявляются к поверхностям площадок согласно МДС 35-7.2000?," По верхним пластичным поверхностям площадок должны быть обеспечены уклоны, направляющие воду в водостоки. При этом для зимней подготовки к зиме следует также очистить от мусора и залить снегом для защиты поверхности. Подъем поверхностей над тротуаром или отмосткой не менее 10-15 см рекомендуется для удобства очистки площадок от снега и для предотвращения просачивания воды в грунт."
Как рассчитывается коэффициент для показателя «Предусматриваемые в офертах затраты труда местных рабочих» согласно ГОСТ МДС 80-3.2000?," В соответствии с ГОСТом МДС 80-3.2000, коэффициент для показателя «Предусматриваемые в офертах затраты труда местных рабочих» рассчитывается путем деления предусмотренных в офертах затрат на трудозатраты на количество чистых местных рабочих. Для повышения четкости расчета в выражении используется фактор справедливости, равный 1,085 для рабочих неквалифицированного разряда и 1,34 для квалифицированных."
Какова производительность установки получения элементарной серы методом Клауса согласно ГОСТу МДС 81-8.2000?," Производительность установки получения элементарной серы методом Клауса составляет 200 тыс. т/год, по соответствующему нормативному документу - ГОСТу МДС 81-8.2000."
"Какие требования безопасности приведены в документе, регламентированном ГОСТ МДС 31-8.2002, при проектировании и устройстве фонарей?"," В документе ГОСТ МДС 31-8.2002 приводятся требования к фонарям по конструктивному решению, сопротивлению теплопередаче, воздухопроницанию, несущей способности, атмосферостойкости и другим параметрам. Кроме того, в документе рассмотрены вопросы монтажа и эксплуатации фонарей."
Какие промерзания стен и повышенный влаго- и воздухо- проницаемость стыков относятся к категории А согласно ГОСТ МДС 17-13.2000?," Промерзания стен и повышенный влаго- и воздухо- проницаемость стыков относятся к категории А согласно ГОСТ МДС 17-13.2000 (Контроль и оценка состояния жилой недвижимости) по пункту А, ""Промерзания стен, повышенный влаго- и воздухо- проницаемость стыков""."
Что влечет наложение административного штрафа на должностных лиц за предоставление заведомо ложных сведений о цели пребывания иностранных граждан?, Нарушение влечет наложение административного штрафа на должностных лиц в размере от сорока пяти тысяч до пятидесяти тысяч рублей.
В какой срок должностное лицо должно сообщить в суд о исполнении приговора?," Обезвиненному должна быть выдана копия приговора и обжалование ему предложено не позднее чем за три дня после вступления в законную силу приговора суда. Суду следует сообщить об исполнении приговора в течение одного месяца после его вступления в законную силу, если иной срок не установлен в приговоре."
Какие условия необходимы для обеспечения равного доступа к информации о спросе и предложении на проектную продукцию согласно ГОСТ МДС 80-2.2000?," Для обеспечения равного доступа к информации о спросе и предложении на проектную продукцию в проектном институте необходимо:

1. Разглашение информации о всех заказах на разработку проектной документации между работниками;
2. Привлечение не менее двух претендентов при получении каждого заказа;
3. Независимость конкурентов при принятии решений;
4. Равный доступ к информации о спросе и предложении на проектную продукцию (цены, сроки разработки, и т.д.)."
Какие нормы регулируют изменение и расторжение договора аренды лесного участка?," Нормы изменения и расторжения договора аренды лесного участка регулируются статьями 74.1, 74.4 Кодекса о лесном хозяйстве Российской Федерации (Leskod RF).

1. Изменение и расторжение договора аренды лесного участка осуществляются в соответствии с Гражданским кодексом Российской Федерации, Земельным кодексом Российской Федерации и Leskod RF.
2. Изменение условий договора аренды лесного участка заключенного по результатам торгов не допускается, за исключением случаев изменения целевого назначения или разрешенного использования лесов, существенного изменения параметров использования лесов (возрасты рубок, расчетная лесосека, сроки использования лесов) или существенного изменения обстоятельств, из которых стороны договора аренды лесного участка исходили при его заключении, если такое изменение обстоятельств возникло вследствие природных явлений (лесных пожаров, ветровалов, наводнений и других стихийных бедствий) и стало основанием для внесения изменений в государственный лесной реестр.
3. Договор аренды лесного участка, заключенный по результатам торгов, может быть изменен по решению суда в случае существенного изменения количественных и качественных характеристик такого лесного участка.
4. Изменение и расторжение договора безвозмездного пользования лесным участком, находящимся в государственной или муниципальной собственности, осуществляются в порядке, установленном гражданским законодательством, Земельным кодексом Российской Федерации.
5. В случае расторжения договора аренды лесного участка или договора безвозмездного пользования лесным участком орган государственной власти, орган местного самоуправления, действующие в пределах полномочий, определенных в соответствии со статьями 81 - 84 Leskod RF, направляют в федеральный орган исполнительной власти, уполномоченный на ведение реестра недобросовестных арендаторов лесных участков и покупателей лесных насаждений (реестр), информацию о договорах аренды лесных участков или договорах безвозмездного пользования лесным участком, основания и даты расторжения договоров."
Почему никто не вправе извлекать преимущество из своего незаконного или недобросовестного поведения?," Потому что такое поведение нарушает основные начала гражданского законодательства, которые основаны на признании равенства участников регулируемых им отношений, неприкосновенности собственности, свободы договора и недопустимости произвольного вмешательства кого-либо в частные дела. Эти начала предполагают добросовестное поведение участников гражданских правоотношений и не допускают извлечение преимуществ из незаконного или недобросовестного поведения."
Какие критерии используются для оценки доказательств?," Критерии, используемые для оценки доказательств: относимость, допустимость, достоверность в отдельности, а также достаточность и взаимную связь доказательств в их совокупности."
Какова правомочность общего собрания членов жилищного кооператива?," Общее собрание членов жилищного кооператива является правомочным, если на нем присутствует более пятидесяти процентов членов кооператива. Решение общего собрания членов жилищного кооператива считается принятым при условии, если за ним проголосовало более половины членов жилищного кооператива, присутствовавших на таком общем собрании. (Статья 117 Кодекса РФ о жилищном кооперативном праве)

Бесплатная юридическая консультация по телефонам:
• 8 (499) 938-53-71 (Москва и МО);
• 8 (812) 467-95-28 (Санкт-Петербург и ЛО);
• 8 (800) 301-92-12 (Регионы РФ)."
Какие категории инвалидов могут заниматься в зале для общей физической подготовки согласно МДС 35-7.2000?," Слепые, инвалиды по опорно-двигательному аппарату, инвалиды с дефектами зрения."
В каком случае применяется метод оценки на основе вычитания стоимости согласно статье 22?," Метод на основе вычитания стоимости применяется, если оцениваемые товары будут продаваться на территории Российской Федерации без изменения своего первоначального состояния и продажа идентичных или однородных товаров в таком же состоянии не производилась."
Какие способы крепления и герметизации элементов светопропускающего заполнения фонарей должны обеспечивать независимость их температурных деформаций от несущих элементов согласно ГОСТ МДС 31-8.2002?," Элементы светопропускающего заполнения фонарей должны крепиться и герметизироваться таким образом, чтобы обеспечить независимость их температурных деформаций от несущих элементов. Это означает использование нащельников, закрепляемых к опорным конструкциям шурупами или самонарезающими винтами, а также полимерных профилированных и плоских пористых прокладок для уплотнения и герметизации стыков."
Какой стандарт (ГОСТ) регламентирует площадь гранитной брусчатки?," Не имеется информации о том, что ГОСТ регламентирует площадь гранитной брусчатки."
"Как устанавливается порядок определения рыночной цены ценных бумаг, расчетной цены ценных бумаг, а также предельной границы колебаний рыночной цены?"," Порядок определения рыночной цены ценных бумаг, расчетной цены ценных бумаг устанавливается Центральным банком Российской Федерации. Предельная граница колебаний рыночной цены необращающихся ценных бумаг устанавливается в размере 20% в сторону повышения или понижения от расчетной цены ценной бумаги."
"Какая доля ресурсов в группе составляет 44,02% для раствора товарного?"," Для раствора товарного доля ресурсов в группе составляет 44,02%."
"Что делать в тех регионах страны, в которых отсутствуют утвержденные в установленном порядке сборники ТЕРм?"," В тех регионах страны, в которых отсутствуют утвержденные в установленном порядке сборники ТЕРм, при составлении сметной документации и расчетах за выполненные работы могут применяться федеральные единичные расценки с учетом их привязки к местным условиям строительства и пересчета в текущий уровень цен на потребляемые ресурсы путем применения коэффициентов, учитывающих местные условия, и индексов для перехода от цен 2000 г. к текущим ценам."
Какое место расположения объекта должно быть указано в техническом задании согласно СНиП 3.01.03-84?, Место расположения объекта должно быть указано в техническом задании согласно СНиП 3.01.03-84.
"Какое наказание предусмотрено за незаконные добычу и оборот особо ценных диких животных и водных биологических ресурсов, совершенные лицом с использованием своего служебного положения?"," Наказание за незаконные добычу и оборот особо ценных диких животных и водных биологических ресурсов, совершенные лицом с использованием своего служебного положения — лишение свободы на срок от трех до пяти лет с штрафом в размере от пятисот тысяч до одного миллиона рублей или в размере заработной платы или иного дохода осужденного за период от трех до пяти лет, а также лишение права занимать определенные должности или заниматься определенной деятельностью на срок до пяти лет."
Какие действия должен выполнить обслуживающий персонал согласно ГОСТ МДС 13-18.2000 при получении сигнала об аварийной обстановке?," Обслуживающий персонал должен: 1. Закрыть вводные задвижки на подающей и обратной линиях теплового пункта; 2. Открыть арматуру на дренажной и воздушной линиях и тепловом пункте, разогреть систему отопления и трубопровода теплового пункта до температуры выше нуля; 3. Опорожнить участок тепловой сети между ближайшей к зданию камерой наружных тепловых сетей и тепловым пунктом; 4. При необходимости повторить процесс очистки и опорожнения, до тех пор, пока система отопления и трубопровода теплового пункта будут свободны от воды."
Какие классы материалов представлены в Приложении 5 согласно ГОСТ?," В приложении 5 представлены следующие классы материалов:

1. Сборные железобетонные и бетонные изделия (01)
2. Колонны, стойки, опоры, рамы (02)
3. Балки подкрановые (04)
4. Балки, прогоны, ригели (05)
5. Фермы (06)
6. Панели наружных стен для промышленного строительства (07)
7. Панели внутренних стен, перегородки (08)
8. Плиты покрытий, перекрытий ребристые и плоские (09)
9. Плиты перекрытий многопустотные (10)
10. Лестничные марши и площадки (11)
11. Трубы напорные и безнапорные (12)."
Какие элементы должны быть включены в договор на разработку градостроительной документации?," 1. Договор;
2. Архитектурно-планировочное задание;
3. Приложения (3 - 10) с общими требованиями к заданиям на разработку градостроительной документации и переченем исходных данных;
4. Договорные отношения согласно приложению 1, включая основные требования к договору;
5. Условия подготовки исходных данных и финансирование этих работ."
Должны ли обеспечительные меры быть соразмерны заявленному требованию?," Да, обеспечительные меры должны быть соразмерны заявленному требованию."
Какие действия допускаются общедоступными библиотеками и архивами при условии отсутствия цели извлечения прибыли?," Общедоступные библиотеки и архивы могут без согласия автора или иного правообладателя предоставлять во временное безвозмездное пользование оригиналы или экземпляры произведений, правомерно введенные в гражданский оборот (Статья 1275). Кроме того, они могут создавать единичные копии диссертаций и отдельных статей/малообъемных произведений для целей, предусмотренных пунктом 2 статьи 1275. Также библиотеки могут создавать экземпляры произведений в специальных форматах для слепых и лиц с нарушениями зрения (Статья 1306)."
Что грозит за транспортировку древесины без оформленного сопроводительного документа для должностных лиц?," За транспортировку древесины без оформленного сопроводительного документа для должностных лиц налагается административный штраф в размере от тридцати тысяч до пятидесяти тысяч рублей с конфискацией древесины и транспортных средств, являющихся орудием совершения правонарушения."
Какие соглашения об освобождении перевозчика от ответственности или уменьшении пределов его ответственности могут быть заключены по статье 175?," Соглашения об освобождении перевозчика от ответственности или уменьшению пределов его ответственности могут быть заключены в случаях, предусмотренных статьей 175, то есть:

1) Соглашение об освобождении перевозчика от ответственности или уменьшению пределов его ответственности, предусмотренных установленными настоящим параграфом правилами, заключается в случае, если перевозка груза осуществляется на основании коносамента или консальта с договором, который выдан в соответствии с чартером и регулирует отношения между перевозчиком и держателем коносамента, не являющимся фрахтователем.

2) Перевозчик может заключать соглашение об освобождении его от ответственности или уменьшению пределов его ответственности, предусмотренных установленными настоящим параграфом правилами:
   a) с момента принятия груза до его погрузки на судно и после выгрузки груза до его сдачи;
   b) если не выдается коносамент и согласованные условия перевозки груза включены в документ, который не является товарораспорядительным документом и содержит отметку об этом. При этом правила, установленные настоящим подпунктом, применяются к перевозке определенного груза, если род и вид груза, состояние груза, сроки перевозки груза, а также условия, при которых должна осуществляться перевозка груза, оправдывают заключение особого соглашения."
Какие действия предпринимаются при обнаружении неправильных показаний коммерческих средств и систем измерения согласно ГОСТ?," Коммерческая организация, осуществляющая продажу тепловой энергии и теплоносителей, производит расчет расхода тепловой энергии и теплоносителя как для абонента временно не имеющего приборного учета с начала расчетного периода."
Какие документы подтверждают осуществление прав по ценным бумагам и налоговое резидентство физического лица?," Документы, подтверждающие осуществление прав по ценным бумагам, могут быть брокерскими отчетами, документами, подтверждающими факт перехода прав на акции физическим лицу. Для установления налогового резидентства необходимы документы, указанные в пункте 1 статьи 224 налогового кодекса РФ, такие как паспорт гражданина России или другие документы, подтверждающие право жительства на территории Российской Федерации."
Какие права имеет потерпевший по делу об административном правонарушении?," Потерпевший имеет право знакомиться со всеми материалами дела, давать объяснения, представлять доказательства, заявлять ходатайства и отводы, пользоваться юридической помощью представителя, обжаловать постановление по данному делу, пользоваться иными процессуальными правами в соответствии с настоящим Кодексом."
Какой код материала-представителя используется для укладки стильных труб с устройством компенсаторов согласно ГОСТ?, 241 (Горячекатаные стальные трубы)
Как оформляется решение о принудительном исполнении?, Решение о принудительном исполнении оформляется в соответствии с требованиями законодательства Российской Федерации об исполнительном производстве.
Какие материалы могут быть списаны на основе ГЭСН?," Полный ответ:

На основании ГЭСН могут быть списаны материалы, связанные с выполнением строительных работ. Это включает в себя широкий спектр строительных материалов и деталей, таких как бетон, железобетон, кирпич, блоки, строительные металлические конструкции, деревянные конструкции и многое другое."
Как утеплить окна без наплава согласно ГОСТ МДС 13-18.2000?," Утеплить окна без наплава следует приклеивая уплотняющие прокладки из пенополиуретана к зимним переплетам по всему их периметру без разрывов, округления углов и перетяжек. Крепление должно быть выполнено после окончания отделки столярных изделий и полного высыхания последней окраски клеем 88, ""Момент"", густотертой масляной краской и т.д. Наклеивают по сухим и чистым поверхностям, при этом прокладки должны быть сухими. Окраска прокладок не допускается. Крепление из других эластичных материалов производится аналогично."
Какие требования к кровлям установлены СНиП II-26-76?," Требования к кровлям установлены в СНиП II-26-76. Они должны обеспечивать герметичность, сохранность и надежность эксплуатации. Кровля должна иметь утепление с толщиной в соответствии с проектом. Не допускается воздухонепроницаемая облицовка стен снаружи и выполнение угловых соединений с отступлением от проекта. Углы водосточных труб, цоколь, отмостки, водосточные устройства должны быть восстановлены. Просушку стен следует выполнить. Защитный слой должен быть не менее 20 - 25 мм с надежной фиксацией гибкой арматуры. Деформация конструкций, отклонение конструкции от вертикали или осадка конструкции не допускается. Стыковые соединения, имеющие протечки должны быть заделаны с наружной стороны эффективными герметизирующими материалами."
Какой минимальный объем бюджетных ассигнований должен быть предусмотрен для Федерального дорожного фонда?," Минимальный объем бюджетных ассигнований должен быть предусмотрен в сумме 345 000 000,0 тыс. рублей."
Какие условия должны быть соблюдены для временного вывоза транспортных средств с территории СЭЗ на остальную часть таможенной территории Союза?," Для временного вывоза транспортных средств с территории СЭЗ на остальную часть таможенной территории Союза должны быть соблюнены следующие условия:
1. Необходима пассажирская таможенная декларация с отметкой ""Вывоз на остальную часть ТТ Евразийского экономического союза разрешен"".
2. Транспортные средства должны быть вывезены физическими лицами, имеющими пассажирскую таможенную декларацию с указанной отметкой.
3. Транспортные средства не могут подлежать ввозу на остальную часть таможенной территории Союза, если у лица, осуществляющего их ввоз, отсутствует пассажирская таможенная декларация с указанной отметкой.
4. В случае необратного ввоза транспортных средств на территорию СЭЗ физическими лицами, которые ранее вывезли их с этой территории, таможенные пошлины и налоги взимаются местам убытия.
5. Транспортные средства могут быть временно вывезены из СЭЗ без завершения действия таможенной процедуры свободной таможенной зоны только если они являются транспортными средствами, используемыми в качестве транспортных средств международной перевозки.
6. Транспортные средства должны быть зарегистрированы на территории единицы административно-территориального устройства, на территории которой создана СЭЗ и находиться в собственности юридического лица, определенного в соответствии с законодательством государства-члена, на территории которого создана СЭЗ.
7. Транспортные средства международной перевозки могут использоваться для перевозки товаров, пассажиров и багажа между территориями СЭЗ и остальной частью территории Российской Федерации при выполнении указанных условий.
8. Транспортные средства международной перевозки могут быть помещены под таможенную процедуру реэкспорта в случае передачи иностранному лицу права собственности на транспортное средство осуществляющее международные перевозки между территориями СЭЗ и территориями государств, не являющихся членами Союза.
9. Транспортные средства международной перевозки, вывезенные с территорий СЭЗ и ввозимые обратно на территории таких СЭЗ, сохраняют статус иностранных товаров.
10. Товары, помещенные под таможенную процедуру свободной таможенной зоны на территориях СЭЗ могут быть вывезены с территорий указанных СЭЗ без завершения действия таможенной процедуры свободной таможенной зоны в случаях, если они:
    a) вывозятся физическими лицами на остальную часть таможенной территории Союза в пределах стоимостных, весовых и (или) количественных норм, установленных в отношении товаров для личного пользования, в пределах которых они ввозятся на таможенную территорию Союза без уплаты таможенных пошлин, налогов;
    b) вывозятся физическими лицами на территорию государства, не являющегося членом Союза, в качестве товаров для личного пользования.
11. Если товары, помещенные под таможенную процедуру свободной таможенной зоны, вывозятся с территорий указанных СЭЗ на остальную часть таможенной территории Союза физическими лицами в качестве товаров для личного пользования с превышением стоимостных, весовых и (или) количественных норм, установленных в отношении товаров для личного пользования, в пределах которых они ввозятся на таможенную территорию Союза без уплаты таможенных пошлин, налогов, действие таможенной процедуры свободной таможенной зоны в отношении таких товаров завершается выпуском в свободное обращение в соответствии с главой 37 настоящего Кодекса с уплатой таможенных пошлин, налогов по единым ставкам, установленным в отношении товаров для личного пользования."
В какие сроки рассматривает представленный протокол заказчик согласно Методическим рекомендациям по процедуре подрядных торгов?," Согласно указанным методическим рекомендациям, протокол о результатах торгов рассматривается заказчиком в течение недельного срока."
Как формируются средние базисные цены по унифицированному перечню материальных ресурсов согласно ГОСТ?," Средние базисные цены по унифицированному перечню материальных ресурсов формируются на основе Методики расчета средних сметных цен местных материальных ресурсов-представителей, в которой приведены материалы-представители, принятые при расчете средних сметных цен по группам местных строительных материалов. Для определения средней сметной цены по каждой группе и в отдельности каждого ресурса использоваться цена ресурса для Московской области."
"Какие права имеют лица на ознакомление и уточнение информации, собранной таможенными органами?"," По правовым актам, лица имеют право ознакомиться и уточнять информацию, собранную таможенными органами, за исключением информации, которая имеет ограниченный доступ и находится в ведении таможенных органов. Эту информацию государствами-участниками ЕАЭС устанавливается порядок получения и использования (статья 367 настоящего Кодекса). Кроме того, заинтересованные лица могут присутствовать при совершении таможенных операций (статья 85 настоящего Кодекса) и имеют право запрашивать документы и сведения, необходимые для проведения таможенной проверки (статья 335 настоящего Кодекса)."
Кто может установить дополнительные основания и условия предоставления отсрочки и рассрочки по уплате региональных и местных налогов?," Дополнительные основания и условия предоставления отсрочки и рассрочки по уплате региональных и местных налогов могут быть установлены нормативными правовыми актами представительного органа муниципального образования, законами субъектов Российской Федерации или нормативными правовыми актами представительных органов федеральной территории ""Сириус""."
Какие виды работ включают использование сборных бетонных блоков согласно ГОСТ?," Согласно указанному документу в видах работ, включающих использование сборных бетонных блоков, находятся:
- Устройство сборных железобетонных блоков и плит фундаментов (код 2040)
- Укладка сборных бетонных блоков (код 2030)
- Возведение каркасов из монолитного железобетона (код 14000, 14051)"
"Какие условия должны быть соблюдены для участников региональных инвестиционных проектов, чтобы продолжать применение пониженных налоговых ставок?"," Для участников региональных инвестиционных проектов, чтобы продолжать применение пониженных налоговых ставок, должны быть соблюдены условия:
1. Налогоплательщиком должно быть выполнено требование к минимальному объему капитальных вложений, установленное подпунктом 4.1 пункта 1 статьи 25.8 настоящего Кодекса.
2. Налогоплательщик должен обратиться в налоговый орган с заявлением о применении налоговой льготы, указанной в пункте 1 статьи 25.12-1 настоящего Кодекса.
3. Если налоговый период, указанный в пункте 1 настоящей статьи, приходится на период после 1 января 2031 года, коэффициент принимается равным 1.
4. В случае, если величина, определяемая в порядке, установленном настоящим пунктом, превысила величину, равную объему осуществленных капитальных вложений, указанных в заявлении, предусмотренном пунктом 1 статьи 25.12-1 настоящего Кодекса, коэффициент принимается равным 1 начиная с налогового периода, следующего за налоговым периодом, в котором это произошло.
Если нет информации - ""нет информации""."
"Какие данные должны быть указаны в реестре перевозочных документов, оформляемых при перевозках товаров, порожнего железнодорожного подвижного состава или контейнеров железнодорожным транспортом?"," В реестре перевозочных документов должны быть указаны: номера перевозочных документов, даты реализации работ (услуг), стоимости работ (услуг), наименования или коды государств отправления, наименования или коды входных и выходных российских пограничных и (или) припортовых железнодорожных станций, а также даты проставления на перевозочном документе календарного штемпеля пограничной железнодорожной станции или календарного штемпеля станции назначения."
Какие телефоны доступны для бесплатной юридической консультации в Санкт-Петербурге и Ленинградской области?, Бесплатная юридическая консультация доступна по телефону 8 (812) 467-95-28 в Санкт-Петербурге и Ленинградской области.
"Какое решение принимается, если оспариваемый ненормативный правовой акт, решение и действия (бездействие) не соответствуют закону?"," Принимается решение об признании ненормативного правового акта недействительным, решений и действий (бездействия) незаконными."
"Какие действия выполняет суд кассационной инстанции при извещении лиц, участвующих в деле, о передаче кассационных жалобы, представления?"," Суд кассационной инстанции направляет лицам, участвующим в деле, копии постановления о передаче кассационных жалобы, представления вместе с уголовным или административным делом для рассмотрения в судебном заседании суда кассационной инстанции и копии кассационных жалобы, представления. Время рассмотрения кассационных жалобы, представления с уголовным или административным делом в судебном заседании суда кассационной инстанции назначается с учетом того, чтобы лица, участвующие в деле, имели возможность явиться на заседание. Неявка указанных лиц в судебное заседание суда кассационной инстанции не препятствует рассмотрению уголовного или административного дела по кассационным жалобе, представлению."
Какая степень осушки газа должна быть указана согласно ГОСТ МДС-80-8.2000?," В соответствии с ГОСТ МДС-80-8.2000 о степени осушки газа в документах не указано конкретно, но общая цель должна быть обеспечение допустимой чистоты и сухости газа для дальнейшего использования."
Какие министерства и ведомства утверждают ценники на технологическое оборудование предприятий легкой промышленности согласно ГОСТ МДС 81-8.2000?, Ценники на технологическое оборудование предприятий легкой промышленности утверждаются Министерством легкой промышленности.
Какие категории инвалидов могут заниматься игрой мяч через шнур согласно МДС 35-7.2000?, Инвалиды с ПОДА (ампутанты) могут заниматься игрой мяч через шнур согласно МДС 35-7.2000.
Какие характеристики точек подключения временных сетей указаны в ГОСТ МДС-80-8.2000?," По каждому виду подземных сетей указаны оси трассы, места подключений, изломы в профиле (если применимо). Не задано ничего о временных сетях."
Какие действия допускаются до вступления международных договоров в силу при перемещении товаров трубопроводным транспортом или по линиям электропередачи?," До вступления международных договоров в силу при перемещении товаров трубопроводным транспортом или по линиям электропередачи допускается использовать представляемые перевозчиком показания приборов учета товаров, перемещаемых трубопроводным транспортом или по линиям электропередачи, которые расположены на территории сопредельного государства."
Какие меры принимаются при нарушениях стыков плит коробов и шахт согласно ГОСТ МДС 13-18.2000?," При нарушениях стыков плит коробов и шахт следует крепить их участками или целиком. Такое крепление может быть осуществлено за счет установки каркаса из уголковой стали вдоль ребер коробов и поперечных планок через 0,7-1 м. Каркас крепят к чердачному перекрытию анкерами. При замене отдельных участков коробов можно использовать многопустотные гипсошлаковые плиты."
"Какие требования предъявляет ГОСТ МДС 17-13.2000 к протечкам кровельного покрытия (металлического, рулонного, безрулонного, мастичного, шиферного, черепичного)?"," ГОСТ МДС 17-13.2000 предъявляет требования к протечкам различных типов кровельного покрытия. Для металлического, рулонного и безрулонного покрытия необходимо устранить дефекты бетона или других материалов, нанести полимерцементный раствор и гидроизоляцию. Для шиферных кровель необходимо обеспечить надлежащее напускание плит, укрепить поврежденные места, а для черепичного покрытия - сменить трещинные плитки или выполнить другие соответствующие ремонтные работы. В случаях протечек внутренних водостоков также требуется их устранение. Если ответа нет — нет информации."
Какие проекты бюджетных смет предложены законодательными (представительными) органами?," По данным предоставленной статьи, проекты бюджетов предлагаются законодательными (представительными) органами государственной власти субъекта Российской Федерации и представительными органам муниципальных образований."
Какие нормативные правовые акты регулируют организацию и осуществление государственного строительного надзора?," Организация и осуществление государственного строительного надзора регулируются Федеральным законом от 31 июля 2020 года N 248-ФЗ ""О государственном контроле (надзоре) и муниципальном контроле в Российской Федерации""."
"Как исчисляются ввозные таможенные пошлины, налоги, специальные, антидемпинговые, компенсационные пошлины в случае помещения товаров под таможенные процедуры?"," Ввозные таможенные пошлины, налоги, специальные, антидемпинговые, компенсационные пошлины исчисляются в соответствии со ставками, действующими на день регистрации декларации товаров под таможенную процедуру. Если требуется пересчет иностранной валюты в валюту государства-члена, то это происходит по курсу валют, действующему на указанный день.

Суммы этих пошлин подлежат уплате с процентами, как если бы в отношении указанных сумм была предоставлена отсрочка их уплаты со времени помещения товаров под таможенную процедуру до дня истечения сроков уплаты. Проценты начисляются и уплачиваются в соответствии со статьей 60 настоящего Кодекса."
Какие требования к согласованию проектной документации с надзорными органами указаны в ГОСТ МДС-80-8.2000?," В ГОСТе МДС-80-8.2000 указаны требования к согласованию проектной документации с надзорными органами:
1. Проекты застройки должны рассматриваться и утверждаться с учетом требований СНиП 1.02.01-85 ""Инструкция о составе, порядке разработки, согласования и утверждения проектно-сметной документации на строительство предприятий, зданий и сооружений"".
2. Градостроительная документация, не упомянутая в п. 13.10 (Генеральная схема расселения и другие), должна рассматриваться органами архитектуры и градостроительства субъектов Российской Федерации совместно с местными органами архитектуры и градостроительства на подведомственной им территории.
3. Порядок рассмотрения, согласования и утверждения градостроительной документации, разработанной на территорию субъектов Российской Федерации, устанавливается законодательством республик.
4. Градостроительная документация, включая генеральную схему расселения, природопользования и территориальной организации производительных сил Российской Федерации, региональные схемы расселения, территориальные схемы охраны природы и природопользования, схемы районной планировки административно-территориальных образований, в которых решаются вопросы федерального значения, генеральные планы городов с расчетной численностью населения 500 тысяч человек и более, курортных городов и городов-новостроек, а также исторических городов, наследие которых имеет общереспубликанскую ценность, рассматриваются до их утверждения Главным управлением государственной вневедомственной экспертизы при Госстрое Российской Федерации (Главгосэкспертизой России)."
"Что происходит, если поданное заявление не соответствует требованиям частей пятой и шестой статьи 318?"," Если поданное заявление не соответствует требованиям частей пятой и шестой статьи 318, то мировой судья выносит постановление о возвращению заявления лицу, его подавшему, в котором предлагает ему привести заявление в соответствие с указанными требованиями и устанавливает для этого срок. В случае неисполнения данного указания мировой судья отказывается в принятии заявления к своему производству и уведомляет об этом лицо, его подавшее."
Какие требования предъявляются к благоустройству и озеленению территории согласно ГОСТ МДС 11-7.2000?," По благоустройству и озеленению территории предъявляются требования, согласно пункту 2.7 ГОСТ МДС 11-7.2000. Это включает затраты на благоустройство отведенной под строительство территории (включая стоимость работ по вертикальной планировке и устройству проездов на территории жилой части микрорайонов или кварталов, а также работы по озеленению этой территории). В сельских населенных пунктах, в зоне застройки домами с приквартирными участками, дополнительно включаются затраты на указанные работы, выполняемые в пределах участка жилого дома (кроме озеленения)."
Какие данные о лесных декларациях должны быть представлены в системе?," Необходимы следующие данные о лесных декларациях для включения в единую государственную автоматизированную информационную систему учета древесины и сделок с ней: местоположение лесного участка, дата заключения договора или иного документа, срок действия этого договора, объем заготовки древесины в соответствии с этим договором или иным документом."
Что входит в обсуждение с работодателем вопросов о работе организации?," В обсуждении с работодателем могут обсуждаться вопросы по совершенствованию организации, планы социально-экономического развития организации, участие в разработке и принятии коллективных договоров, а также участие представителей работников в заседаниях коллегиального органа управления организации с правом совещательного голоса."
Сколько касок должно быть у строительно-монтажного треста согласно Приложению 6 к СНиП 3.01.03-84?, Количество касок для строительно-монтажного треста не указано в приложении 6 к СНиП 3.01.03-84.
На каком сайте можно найти комментарии к статьям Налогового кодекса РФ?, Информация доступна на сайтах https://nkodeksrf.ru/ и https://gkodeksrf.ru/.
Какие требования предъявляются к описанию видов работ в разделе ведомостей физических объемов работ согласно ГОСТ МДС-80-8.2000?," Согласно ГОСТ МДС-80-8.2000, в разделе ведомостей физических объемов работ должны быть описаны следующие виды работ:
1. Строительные;
2. Монтажные и пусконаладочные;
3. Инженерно-изыскательские и проектные;
4. Обеспечивающие работы (возвращение строительных площадок, уборка территории и т.п.);
5. Расходы на трудозатраты и материалы.
Описания должны содержать необходимые технические сведения о выполнении работ (материалы, инструмент, оборудование, технология), а также должны быть основанные на действующих технических нормативных документах."
"Какие действия предпринимаются, если уведомление не соответствует установленным параметрам?"," Если уведомление не соответствует установленным параметрам, то оно направляется застройщику с основаниями для направления и содержанием предельных параметров разрешенного строительства. В случае несоответствия внешнего облика объекта или дома, указаному в приложении к уведомлению о планируемом строительстве, направляется также и уведомление о несоответствии. Если постройка или реконструкция происходит в границах исторического поселения федерального или регионального значения, то также направляется уведомление о несоответствии архитектурным требованиям объектов капитального строительства, установленным градостроительным регламентом."
Что такое мошенничество при получении выплат согласно статье 159.2 УК РФ?," Мошенничество при получении выплат - это хищение денежных средств или иного имущества при получении пособий, компенсаций, субсидий и других социальных выплат путем представления заведомо ложных и (или) недостоверных сведений либо умолчания о фактах, влекущих прекращение указанных выплат. Наказание - штраф до ста двадцати тысяч рублей или в размере заработной платы или иного дохода осужденного за период до одного года, либо обязательные работами на срок до трехсот шестидесяти часов, либо исправительными работами на срок до одного года, либо ограничением свободы на срок до двух лет, либо принудительными работами на срок до двух лет, либо арестом на срок до четырех месяцев."
Как определяется плановое положение подземных сетей на застроенной территории согласно СНиП 3.01.03-84?," Плановое положение подземных сетей на застроенной территории определяется специальным заданием заказчика. Конкретные способы съемки точек сетей указаны в пункте 8.63 СНиП 3.01.03-84 (линейными засечками, перпендикулярами, полярным способом). Все линейные измерения производятся стальными лентами или рулетками. Точки сетей в траншеях выносятся на поверхность земли отвесом. В обязательном порядке производят контрольные измерения расстояний между точками сетей."
Как устанавливается порядок организации работ и распределение средств в ГОСТ МДС 11-11.2000?," В ГОСТе MDS 11-11.2000 указано, что порядок организации работ и распределение средств определяются на основе документации, разработанной по согласованию с заказчиком и генподрядчиком."
Какие виды ремонта должен выполнять отправитель плотов?," Отправитель плотов должен осуществлять текущий ремонт, профилактический ремонт, а также работы по устранению дефектов и недостатков."
Что означает знак 5.15.6?," Знак 5.15.6 означает конец участка средней полосы на трехполосной дороге, предназначенного для движения в данном направлении."
Как проводится закрепление грунтов способом газовой силикатизации?," Закрепление грунтов способом газовой силикатизации осуществляется путем загрузки грунта в трубку с послойным уплотнением,
а затем нагнетания в него сжатого углекислого газа и раствора силиката натрия. Грунт после закрепления извлекается и подвергается испытанию на прочность при сжатии и водоустойчивость."
"Какие меры принуждения могут быть применены к лицам, нарушающим порядок в судебном заседании?"," В случае нарушения порядка в судебном заседании могут быть применены следующие меры процессуального принуждения:
1) ограничение времени выступления участника судебного разбирательства или лишение его слова;
2) предупреждение;
3) удаление из зала судебного заседания на все время судебного заседания или его часть."
Какие обязанности могут быть незаконно возложены на заявителя?," Обязанности, которые могут быть незаконно возложены на заявителя, это обязанности, которые не соответствуют нормативному правовому акту или нарушают права, свободы и законные интересы граждан, организаций, иных лиц, создают препятствия к осуществлению их прав, свобод и реализации законных интересов или на них незаконно возложены какие-либо обязанности. (По материалам https://kodasrf.ru/)"
Какие данные необходимы для определения потребности в воде и газе для коммунально-бытовых и промышленных нужд согласно ГОСТ МДС 11-7.2000?," Для определения потребности в воде и газе для коммунально-бытовых и промышленных нужд по ГОСТу МДС 11-7.2000 необходимы следующие данные:

1. Суммарное потребление электроэнергии (на нужды промышленных предприятий и на коммунально-бытовые нужды)
2. Общее поступление сточных вод (всего и для бытовой канализации)
3. Потребление электроэнергии на 1 чел. в год (в том числе на коммунально-бытовые нужды)
4. Источники покрытия электронагрузок
5. Удельный вес газа в топливном балансе города, другого поселения
6. Потребление газа (всего и на коммунально-бытовые нужды)
7. Подача природного газа от источников"
Какие объекты проектирования указаны в таблице 4 согласно СНиП?," В таблице 4 приводится список плоскостных сооружений, включающих тропу здоровья, кроссовые трассы, площадки общефизической подготовки, полосы препятствий и декоративные питомники."
"Какие иные объекты, территории и зоны отображаются на картах?"," На картах могут быть представлены также:
1) особые экономические зоны;
2) особо охраняемые природные территории федерального, регионального, местного значения;
3) территории объектов культурного наследия;
4) зоны с особыми условиями использования территорий;
5) территории, подверженные риску возникновения чрезвычайных ситуаций природного и техногенного характера;
6) другие объекты, территории и зоны."
Какие права имеет юридическое лицо на доступ к материалам дела?," Юридическое лицо имеет право знакомиться с материалами дела, делать выписки из них, снимать копии, получать информацию о движении дела с использованием любых общедоступных средств связи."
Какой методический подход к оценке оферт установлен в ГОСТ МДС 80-3.2000?," В ГОСТе МДС 80-3.2000 установлен методический подход к оценке оферт, который может быть балльной, экономической или смешанной (балльно-экономической). При проведении торгов на строительство заданного объекта следует отдавать предпочтение экономической оценке."
"Что влечет нарушение порядка и (или) сроков передачи налогоплательщиками сведений о произведенных расчетах при реализации товаров (работ, услуг, имущественных прав)?"," Нарушение порядка и сроков передачи налогоплательщиками сведений о произведенных расчетах при реализации товаров (работ, услуг, имущественных прав) влечет взыскание штрафа в размере 20% от суммы такого расчета."
Какие средства должны быть в портах для защиты окружающей среды?," Средства, которые должны быть в портах для защиты окружающей среды:
1. Средства для приема и обработки хозяйственно-бытовых вод и нефтесодержащих отходов;
2. Особая инфраструктура внутренних водных путей для сбора и обработки сточных вод, включая очистные сооружения;
3. Средства и подразделения по охране окружающей среды, такие как служба пожарной безопасности и экологической охраны;
4. Система водоотведения (канализация);
5. Локальные очистные сооружения для очистки сточных вод, такие как фильтры и сети дренажа."
Какие работы необходимо провести для ревизии и ремонта насосов согласно МДС 13-18.2000?," Для ревизии и ремонта насосов следует проводить техническое обслуживание, проверку работы и устранение возникающих неисправностей в соответствии с их эксплуатационной документацией. Срок каждого вида работ определяется конкретно для каждого типа насоса."
Как устанавливается минимальный размер взноса на капитальный ремонт?," Минимальный размер взноса на капиталовый ремонт устанавливается нормативным правовым актом субъекта Российской Федерации, исходя из занимаемой общей площади помещения в многоквартирном доме, собственником которого является такой собственник, и может быть дифференцирован в зависимости от муниципального образования, в котором расположен многоквартирный дом."
Из каких источников формируются бюджетные ассигнования дорожного фонда субъекта Российской Федерации?," Бюджетные ассигнования дорожного фонда субъекта Российской Федерации формируются из доходов бюджета субъекта Российской Федерации от акцизов на автомобильный бензин, прямогонный бензин, дизельное топливо, моторные масла для дизельных и (или) карбюраторных (инжекторных) двигателей, производимые на территории Российской Федерации, подлежащих зачислению в бюджет субъекта Российской Федерации; доходов бюджета субъекта Российской Федерации от транспортного налога (за исключением доходов, установленных законом субъекта Российской Федерации в виде единых нормативов отчислений от транспортного налога в местные бюджеты); доходов бюджета субъекта Российской Федерации от денежных взысканий (штрафов) за нарушение законодательства Российской Федерации о безопасности дорожного движения; доходов бюджета субъекта Российской Федерации от иных поступлений в бюджет субъекта Российской Федерации, утвержденных законом субъекта Российской Федерации, предусматривающим создание дорожного фонда субъекта Российской Федерации; межбюджетных трансфертов из федерального бюджета бюджетам субъектов Российской Федерации."
Что подразумевается под возвращенным жертвователю денежным эквивалентом недвижимого имущества и ценных бумаг?," Возвращенный денежным эквивалентом означает сумму денег, которую жертвователь получает в качестве компенсации за возврат переданного ему недвижимого имущества или ценных бумаг, возвращенных после расформирования целевого капитала некоммерческой организации."
Какие обосновывающие документы требуются для расчета командировочных расходов согласно ГОСТ МДС 81-7.2000?," Для расчета командировочных расходов согласно ГОСТ МДС 81-7.2000 требуются нормативы на оплату затрат по социальным отпускам, а также нормативные списки документов о командировочных расходах и тарифы на транспортные услуги."
Как корректируются показатели затрат труда пусконаладочного персонала?," Показатели затрат труда пусконаладочного персонала не корректируются в связи с изменением квалификационного и количественного состава исполнителей на конкретном объекте. Однако, при составлении локальной ресурсной смет в текущем уровне цен (базисно-индексным методом), используются фактические данные по оплате труда рабочих из оперативного внутрихозяйственного бухгалтерского учета."
Какова процедура назначения членов предварительной квалификационной комиссии согласно ГОСТ МДС 80-5.2000?," Процедура назначения членов предварительной квалификационной комиссии определяется тендерным комитетом, который имеет право назначать членов комиссии из представителей заказчика (инвестора), организаторов торгов, экспертов и других специалистов."
Какие требования предъявляются к работе стеклоочистителей?," На транспортных средствах должны работать стеклоочистители в установленном режиме. При отсутствии стеклоомывателей, должны быть предусмотрены конструкцией транспортного средства."
Какие ГОСТы или СНиПы определяют составление сметной документации в текущих ценах?," Гост (ГОСТ) или СНиП, которые определяют составление сметной документации в текущих ценах, не приведены в указанных Методических рекомендациях. Однако, в этих рекомендациях предполагается использование текущих цен на ресурсы и регистрацию уровня цен на ресурсы в соответствии с ""Методическими рекомендациями по регистрации цен в строительстве и представлении отчетов об итогах регистрации"", разработанными ЦНИИЭУСа Госстроя России."
Что происходит в случае нарушения требований к инвестиционному соглашению?," В случае нарушения требований к инвестиционному соглашению, инвестиционная надбавка для нефтеперерабатывающих заводов может быть определена равной нулю в течение всего срока ее действия начиная с первого налогового периода ее применения налогоплательщиком. Сумма налога в части вычетов, приходящихся на инвестиционную надбавку для нефтеперерабатывающих заводов, подлежит восстановлению и уплате в бюджет в установленном порядке с уплатой соответствующих сумм пеней, начисляемых со дня, следующего за установленным статьей 204 настоящего Кодекса днем уплаты налога. Организация, владеющая на праве собственности нефтеперерабатывающим заводом, указанным в таком инвестиционном соглашении, несет солидарную ответственность за исполнение обязанности, установленной настоящим абзацем. Если нарушение связано с информацией, содержащейся в инвестиционном соглашении или неисполнением инвестиционного соглашения, то налогоплательщик может быть лишен инвестиционной надбавки."
Какая форма используется для предоставления информации о выплатах из средств компенсационного фонда?," Формой, используемой для предоставления информации о выплатах из средств компенсационного фонда, является та, установленная Банком России."
Какова сметная стоимость стекла матового полированного витринного по ГОСТ МДС 81-10.2000?," По данным документации MDS 81-10.2000, для определения стоимости стекла матового полированного витринного надо использовать показатели по отдельным видам работ (ПВР). Учитываются затраты на природные ресурсы, оборудование и трудоемкость. Стоимость вычисляется по формуле: стоимость = индекс стоимости по отдельным видам работ (индекс) x базовые сметные нормы (сметная норма). Однако конкретная цена не указана в документации. Для получения точной стоимости стоит использовать региональную цену на стекло матовое полированное витринное и применить формулу для расчета сметной стоимости, используя базовую сметную норму из документации."
Какие документы подтверждают полномочия ответственного участника?," Документы, подтверждающие полномочия ответственного участника консолидированной группы налогоплательщиков - это нотариально удостоверённая доверенность, приравненная к ней в соответствии с гражданским законодательством, или доверенность в форме электронного документа, подписанный электронной подписью доверителя."
"Какие штрафы предусмотрены для должностных лиц за нарушения, предусмотренные частью 1 статьи 6.34?"," Штрафы для должностных лиц за нарушения, предусмотренные частью 1 статьи 6.34, составляют от пятидесяти тысяч до ста тысяч рублей."
Какие требования предъявляет ПН-5-95 к состоянию дымоходов и вентиляционных каналов?," По делу, ПН-5-95 предъявляет следующие требования к состоянию дымоходов и вентиляционных каналов:
1. Дымоходы должны быть сохранными и свободными от закупорок.
2. Оголовки дымоходов должны быть герметичными, с правильно установленными колпаками или зонтами.
3. Дымоходы должны иметь достаточное сечение и должен обеспечиваться свободный перепад давления.
4. Вентиляционные каналы должны быть свободными от засоров, а также иметь достаточную пропускную способность."
"Как определяется методика расчета стоимости строительства в валюте страны строительства в разделе 4 документа, регламентированного ГОСТом МДС 81-21.2000?"," В документе MDS 81-21.2000, регламентируемом ГОСТом, не указана методика расчета стоимости строительства в валюте страны строительства в разделе 4. Для такого расчета используется текущий курс иностранной валюты в рублях Центрального банка Российской Федерации, который должен быть определен по времени выполнения работ или получения финансирования."
"На какой основе осуществляются перевозки грузов, пассажиров и их багажа, буксировка судов и плавучих объектов, погрузка и выгрузка грузов, оказание услуг в речных портах?"," Перевозки грузов, пассажиров и их багажа, буксировка судов и плавучих объектов, погрузка и выгрузка грузов, оказание услуг в речных портам осуществляются на основании договоров перевозок (по заявке грузоотправителя или перевозчика) и в соответствии с правилами перевозок грузов, правилами буксировки судов и плавучих объектов и положением о морских линиях."
Какие коэффициенты применяются к базовой цене проектирования театров для двух или более трупп согласно СНиП?," Для театров, предназначенных для двух или более трупп (русской и национальной), базовая цена определяется по соответствующим ценам с коэффициентом до 1,15."
Кто осуществляет государственное регулирование деятельности в области государственной авиации?, Государственное регулирование деятельности в области государственной авиации осуществляется уполномоченным органом в области обороны.
"Как можно подать исковое заявление, заявление, жалобу, представление и иные документы в арбитражный суд?"," Исковое заявление, заявление, жалоба, представление и иные документы могут быть поданы в арбитражный суд на бумажном носителе или в электронном виде, в том числе в форме электронного документа. Исковое заявление, заявление, жалоба, представление и иные документы, которые подаются посредством систем электронного документооборота участников арбитражного процесса, должны быть подписаны усиленной квалифицированной электронной подписью."
Какие организации разработали этот документ? (ГОСТ)," Центральный Научно-Исследовательский Институт Организации, Механизации И Технической Помощи Строительству (ЦНИИОМТП)."
"В какие сроки лицо, лишенное специального права, должно сдать документы?"," Лицо, лишённое специального права, должно сдать документы в течение трех рабочих дней со дня вступления в законную силу постановления о назначении административного наказания в виде лишения соответствующего специального права."
В каких условиях применяется метод триангуляции согласно СНиП 3.01.03-84?," Метод триангуляции применяется в открытой, холмистой и горной местности согласно СНиП 3.01.03-84."
"Какие значения для панели зданий до 3,5 м указаны в графиках относительных погрешностей согласно СНиП 3.01.03-84?"," В графиках относительных погрешностей согласно СНиП 3.01.03-84 для панели зданий до 3,5 м указаны значения примерно от 1:5000 до 1:12000."
Какие обязанности управляющего проектом описаны в ГОСТ МДС 80-2.2000?," В соответствии с ГОСТ МДС 80-2.2000, обязанности управляющего проектом включают:
1. Обеспечение требуемой динамики инвестиций и поступления заказчику доходов от реализации проекта;
2. Разработку маркетинговой, плановой, контрактной, тендерной и других видов документации;
3. Управление процессом выполнения работ по согласованию с заказчиком и подрядчиками;
4. Контроль исполнения контрактных обязательств сторон;
5. Соблюдение действующего законодательства, государственных стандартов, каталогов проектной документации массового применения и других нормативных актов.
6. Назначение своих представителей из числа участников разработки проекта.
7. Приостанавливание выполнения контрактных обязательств в случаях согласования заказчиком осуществления или приемки строительно-монтажных работ с отступлениями от проекта.
8. Несение установленной законом и предусмотренной проектом ответственности за технико-экономический уровень и архитектурные решения строящихся объектов, качество и своевременную разработку документации для строительства, соблюдение всех контрактных обязанностей, возложенных на него.
9. Иметь знания по техническим особенностям и социально-экономическим условиям осуществления проекта; перспективам развития промышленности, науки и техники; передовому отечественному и зарубежному опыту проектирования и строительства; особенностям инвестиционной политики; рынку инвестиций, проектов и подрядных работ; финансово-кредитной системе; ценообразованию; условиям приобретения материально-технических ресурсов; рынку ценных бумаг, товаров и услуг; законодательству и нормативной базе по проектированию, строительству и эксплуатации объектов; техническим, экономическим, экологическим и социальным требованиям, предъявляемым к проектируемым объектам; правилам техники безопасности, производственной санитарии и противопожарной защиты; авторскому праву; порядку и условиям страхования."
Какие действия должен выполнить ответственный за безопасную эксплуатацию котельной согласно ГОСТ МДС 13-18.2000?," Ответственный за безопасную эксплуатацию котельной по ГОСТу МДС 13-18.2000 должен проверить работу оборудования, снабдить эксплуатационные организации необходимым оборудованием, материалами и инструкциями для ликвидации аварий, оснастить котельные памятками о действиях персонала при авариях, провести учебу персонала ознакомив его с задачами аварийно-восстановительных работ и практически отработав практические действия по ликвидации аварии."
Какие органы исполнительной власти субъектов Российской Федерации осуществляют региональный государственный надзор в области технического состояния самоходных машин и других видов техники?," Органы исполнительной власти субъектов Российской Федерации, осуществляющие региональный государственный надзор в области технического состояния самоходных машин и других видов техники - нет информации."
Как уплачиваются взносы на капитальный ремонт собственниками нежилых помещений?," Собственники нежилых помещений уплачивают взносы на капитальный ремонт на основании платежных документов, представленными лицами, уполномоченными в соответствии с требованиями частей 1 и 2 этой статьи. Оплата может осуществляться единовременно в месяце, следующем за месяцем, в котором представлен документ, или ежемесячно равными долями в течение календарного года в сроки, установленные для внесения платы за жилое помещение и коммунальные услуги."
Какие показатели электроснабжения и электрооборудования указаны для фабрики массовой печати кинофильмов мощностью 150 млн. м пленки в год согласно СНиП?," Для фабрики массовой печати кинофильмов мощностью 150 млн. м пленки в год согласно СНиП указаны следующие показатели электроснабжения и электрооборудования:
- Суммарное потребление электроэнергии - 6300 тыс. кВт×ч/год;
- Удельный вес газа в топливном балансе не указан."
"Какие объекты относятся к объектам, указанным в пункте 5.1 статьи 6 настоящего Кодекса?"," Объекты, упомянутые в пункте 5.1 статьи 6 настоящего Кодекса (Градостроительный кодекс Российской Федерации) включают объекты, по которым производится государственная экспертиза проектной документации:

1. Объекты гражданской застройки, транспортные сооружения и объекты водоснабжения, канализации и отвода сточных вод в городах;
2. Объекты гражданской застройки и транспортные сооружения в сельских населенных пунктах;
3. Водные сооружения;
4. Транспортные сооружения на железных дорогах;
5. Сооружения, используемые в связи с обеспечением безопасности государства и обороны.

См. пункт 1 статьи 6 настоящего Кодекса: http://www.grkodeksrf.ru/2847/ (статья 6 - Законодательная база)"
"Какие страны, кроме Афганистана, упоминаются в тексте?"," Кроме Афганистана, в тексте упомянуты Россия (Российская Федерация), другие страны-члены таможенного союза и государства, в которых может быть запрещено ввозить товары."
Какой коэффициент-дефлятор применяется к налоговой ставке на антрацит?," Коэффициент-дефлатор для антрацита определяется ежеквартально в соответствии со статьей 342.14 настоящего Кодекса и подлежит официальному опубликованию в порядке, установленном Правительством Российской Федерации."
Что такое хранение вещей с обезличением по статье 890 ГК РФ?," Хранение вещей с обезличением - хранение нескольких вещей одного рода и качества, принадлежащих разным поклажедателям, для которых их категория не может быть установлена отдельно (например, в ломбарде). Поклажедатель получает равное или обусловленное сторонами количество вещей того же рода и качества."
Какие расходы включаются в подпункте 1 пункта 1 статьи 44?," В подпункте 1 пункта 1 статьи 44 включаются расходы на изготовление или приобретение материалов, расходы на производство и другие операции, связанные с производством оцениваемых товаров, суммы прибыли и общих расходов (коммерческих и управленческих расходов), эквивалентной той величине, которая обычно учитывается при продажах товаров того же класса или вида, а также расходы указанные в подпунктах 4-6 пункта 1 статьи 40."
На какие транспортные средства устанавливаются проблесковые маячки желтого или оранжевого цвета?," Проблесковые маячки желтого или оранжевого цвета устанавливаются на транспортных средствах, выполняющих работы по строительству, ремонту или содержанию дорог; на крупногабаритных транспортных средствах и транспортных средствах, осуществляющих перевозки взрывчатых, легковоспламеняющихся, радиоактивных веществ и ядовитых веществ высокой степени опасности; на транспортных средствах, осуществляющих сопровождение тяжеловесных и (или) крупногабаритных транспортных средств, а также на транспортных средствах, осуществляющих перевозки опасных грузов; на транспортных средствах, осуществляющих сопровождение организованных групп велосипедистов при проведении тренировочных мероприятий на автомобильных дорогах общего пользования."
"В каких случаях протокол об административном правонарушении не составляется, а постановление выносится без участия лица, в отношении которого возбуждено дело?"," В случае наличия административного правонарушения, предусмотренного главой 12 настоящего Кодекса или административного правонарушения в области благоустройства территории, совершенных с использованием транспортного средства либо собственником или иным владельцем земельного участка либо другого объекта недвижимости, зафиксированных с применением работающих в автоматическом режиме специальных технических средств, имеющих функции фото-и киносъемки, видеозаписи или средств фото- и киносъемки, видеозаписи либо в случае подтверждения содержащихся в сообщении или заявлении собственника (владельца) транспортного средства данных о том, что в момент фиксации административного правонарушения транспортное средство находилось во владении или в пользовании другого лица, протокол об административном правонарушении не составляется. Постановление выносится без участия лица, в отношении которого возбуждено дело об административном правонарушении, и оформляется в порядке, предусмотренном статьей 29.10 настоящего Кодекса."
"Кто принимает окончательное решение в случае разногласий между заказчиком проекта, генпроектировщиком объекта и органами, выдающими технические условия и участвующими в согласовании задания?", Окончательное решение принимает Территориальное управление Минстроя России в Чеченской Республике с участием заинтересованных сторон.
Каковы коэффициенты к минимальной заработной плате для нарушений категории «Б» согласно ГОСТ МДС 17-13.2000?," Коэффициенты к минимальной заработной плате для нарушений категории ""Б"" согласно ГОСТ МДС 17-13.2000 составляют от 0,2 до 1,0 с учетом единиц измерения, которые могут варьироваться исходя из адекватности объекта обслуживания."
Кто обязан представлять подлинники решений и протокола общего собрания в орган государственного жилищного надзора?," Собственник, по инициативе которого было созвано общее собрание, обязан представлять подлинники решений и протокола в орган государственного жилищного надзора."
"Какие должностные лица уполномочены рассматривать дела об административных правонарушениях, предусмотренных статьями 19.25, 21.1 - 21.7 настоящего Кодекса?"," Военные комиссары, военные комиссары муниципальных образований, начальники отделений военных комиссариатов муниципальных образований уполномочены рассматривать дела об административных правонарушениях, предусмотренных статьями 19.25, 21.1 - 21.7 настоящего Кодекса."
Какие инструментальные проверки проводятся при приемке трубопроводов и сооружений водоснабжения и канализации согласно СНиП 3.01.03-84?," Инструментальные проверки при приемке трубопроводов и сооружений водоснабжения и канализации включают:
1. Расположение трубопровода в плане.
2. Нивелировка всех узловых точек уложенного трубопровода и мест его пересечения с подземными сооружениями."
Как интерпретировать шифр таблиц ФЕРм?," Шифр таблиц ФЕРм состоит из номера сборника (два знака), номера отдела сборника (два знака), порядкового номера таблицы в данном отделе (три знака) и порядкового номера расценки в данной таблице (один-два знака)."
Какие телефоны доступны для бесплатной юридической консультации в Санкт-Петербурге и Ленинградской области?, Телефоны доступные для бесплатной юридической консультации в Санкт-Петербурге и Ленинградской области: 8 (812) 467-95-28.
На какие территории разрабатывается проект районной планировки согласно ГОСТ МДС 11-7.2000?," Проект районной планировки разрабатывается на территорию территориально-производственного комплекса, агломерации, группы административных районов, административного района, пригородной зоны, природно-заповедной зоны, территории оздоровительного, курортного, рекреационного назначения, историко-культурного и природного наследия, других территориальных объектов."
Какие транспортно-экспедиционные услуги освобождаются от налогообложения?," Транспортно-экспедиционные услуги, оказываемые российскими организациями или индивидуальными предпринимателями, для осуществления перевозки или транспортировки экспортируемых товаров на железнодорожном транспорте из пункта отправления до пункта выгрузки, в случае условия, что на перевозочных документах проставлены указанные отметки таможенных органов, освобождаются от налогообложению."
За сколько времени до срока представления оферт должно быть произведено объявление о торгах?, Объявление о торгах должно быть произведено за 2 - 6 месяцев до срока представления оферт.
"Кто обязан страховать транспортное средство и (или) страховать ответственность за ущерб, который может быть причинен им или в связи с его эксплуатацией, если такое страхование является обязательным?"," Арендодатель обязан страховать транспортное средство и (или) страховать ответственность за ущерб, если такое страхование является обязательным в силу закона или договора."
Какие работы и затраты не включаются в сводный расчет стоимости строительства?," Некоторые работы и затраты не включаются в сводный расчет стоимости строительства, в частности:
- работы, определенные в п. 2.10 “б” Порядка составления сметной документации по объектам, строящимся за границей;
- затраты на оплату услуг проектных, научно-исследовательских организаций, предприятий - изготовителей оборудования, консультационных фирм, отдельных специалистов, привлекаемых заказчиком в период пуска предприятия, если не включены в раздел «Прочие затраты» сводной сметы."
Каков размер административного штрафа для юридических лиц за нарушение процесса функционирования единой системы идентификации и аутентификации?, Для юридических лиц за нарушение процесса функционирования единой системы идентификации и аутентификации административный штраф влечет от 50 тысяч до 200 тысяч рублей.
Какие действия может предпринять суд в предварительном заседании?," В предварительном судебном заседании суд может: уточнять обстоятельства, имеющие значение для правильного рассмотрения и разрешения дела; определять достаточность доказательств по делу; выявлять факты пропуска сроков обращения в суд; процессуально закреплять распорядительные действия сторон, совершенных при подготовке дела к судебному разбирательству; выяснять возможность урегулирования спора до судебного разбирательства, в том числе путем использования примирительных процедур. Судья также может предлагать сторонам истребовать необходимые доказательства, а в случаях, предусмотренных настоящим Кодексом, по своей инициативе истребует по ходатайству сторон необходимые доказательства."
Какие требования предъявляются к монтажу оборудования и подводящим коммуникациям согласно ГОСТ (к СНиП 3.02.01-83)?," По данным предоставленному документу, для монтажа оборудования и подводящих коммуникаций требуется соблюдение норм из ГОСТа 3.02.01-83 ""Основания зданий и сооружений"" по вопросам:

* Гидроизоляции стен, техподполий, подвалов и фундаментов (указано в СНиП II-22-81);
* Появления воды в техподполье из-за нарушения уровня грунтовых вод и их гидроизоляции (указано в СНиП II-22-81);
* Водоотведения от водосточных труб (указано в СНиП II-22-81);
* Помещение водомерного узла и его защиты от проникновения грунтовых, талых и других вод (указано в СНиП II-35-76)."
Какие работы не включены в состав пусконаладочных работ согласно ГОСТу МДС 81-8.2000?," Работы, которые не включены в состав пусконаладочных работ согласно ГОСТу МДС 81-8.2000 - это различного вида испытания, ревизия, ремонт оборудования, замена узлов и механизмов, дефекты монтажа и другие работы, вызванные низким качеством оборудования, неправильным или длительным его хранением."
Какие данные должны быть указаны в итоговой строке формы протокола согласования затрат российских организаций в смешанных ценах согласно ГОСТу МДС 81-21.2000?," В итоговой строке формы протокола согласования затрат российских организаций в смешанных ценах должны быть указаны сумма расходов во внутренних (базисных) ценах Российской Федерации, приведенные в соответствующих единицах иностранной валюты; принятый курс иностранной валюты в рублях (в тыс. рублей за 1 единицу иностранной валюты); сумма расходов в соответствующей иностранной валюте, пересчитанная в рубли (в тыс. руб.)."
Как указывается наименование и количество единиц измерения мощности объекта в Форме № 3-в согласно ГОСТ?," В Форме № 3-в наименование и количество единиц измерения мощности объекта должны быть указаны в соответствии с требованиями, приведенными к этой форме."
В каких случаях оспаривание займа по безденежности не допускается?," Оспаривание займа по безденежности не допускается в случаях, когда договор займа должен быть совершен в письменной форме и оспоривание происходит путем свидетельских показаний, кроме случаев, когда договор был заключен под влиянием обмана, насилия, угрозы или стечения тяжелых обстоятельств, а также представлятелем заемщика в ущерб его интересам."
"Как определяется размер возмещения при приведении параметров зданий, сооружений в соответствие с установленными требованиями?"," Размер возмещения при приведении параметров зданий, сооружений в соответствие с установленными требованиями определяется исходя из параметров зданий, сооружений, соответствующих установленным требованиям (статья 57.1 Кодекса Российской Федерации о особенностях возмещения убытков при ограничении прав в связи с установлением, изменением зон с особыми условиями использования территорий)."
"Какой штраф предусмотрен за допуск к управлению транспортным средством водителя, не имеющего российского национального водительского удостоверения?"," Штраф в размере пятидесяти тысяч рублей для должностных лиц, ответственных за техническое состояние и эксплуатацию транспортных средств."
Какие методы используются для уполаживания берегов водных объектов?," Методами инженерной защиты берегов водных объектов могут быть: строительство водоограждающих дамб, берегоукрепительных сооружений и других сооружений инженерной защиты (ч. 4, статья 36); а также методы, в том числе искусственное повышение поверхности территорий, устройство свайных фундаментов (ч. 10, стр. 4)."
Какова производительность установки осушки природного газа (однопоточная) согласно ГОСТу МДС 81-8.2000?, По ГОСТу МДС 81-8.2000 производительность установки осушки природного газа (однопоточная) равна 2 млрд. нм3/год.
Какие долговые обязательства субъекта Российской Федерации могут быть среднесрочными?," Долговые обязательства субъекта Российской Федерации могут быть среднесрочными (от одного года до пяти лет), это может касаться долговых обязательств по кредитам, привлеченным субъектом Российской Федерации от кредитных организаций, иностранных банков и международных финансовых организаций."
Когда начинается рассмотрение евразийской заявки на изобретение?," Начало рассмотрения евразийской заявки на изобретение осуществляется со дня, когда федеральным органом исполнительной власти по интеллектуальной собственности получена от Евразийского патентного ведомства заверенная копия евразийской заявки. (Статья 1391 настоящего Кодекса)"
Какие регионы относятся к районам Крайнего Севера в Мурманской области?," В Мурманской области районы, относящиеся к районам Крайнего Севера: Ненецкий АО (с г. Северодвинском), Мезенский, Лешуконский и Пинежский."
Что запрещено водителю после ДТП?," Водитель может быть запрещен употреблять алкогольные напитки, наркотические или психотропные вещества после ДТП, либо после того, как транспортное средство было остановлено по требованию сотрудника полиции, до проведения уполномоченным должностным лицом освидетельствования с целью установления состояния опьянения или до принятия уполномоченным должностным лицом решения об освобождении от проведения такого освидетельствования. Также запрещено невыполнение требования Правил дорожного движения о запрещению водителю употреблять алкогольные напитки, наркотические или психотропные вещества после ДТП."
Какое решение может быть принято по результатам рассмотрения материалов проверки?," Решения, которые могут быть приняты по результатам рассмотрения материалов проверки - привлечение налогоплательщика к ответственности за совершение налогового правонарушения либо отказ в привлечении его к ответственности."
Какие ГОСТы или СНиПы регламентируют применение вычислительной техники при составлении сметной документации?," СНиП 1.01.02-83 - Система нормативных документов в строительстве. Порядок разработки и утверждения нормативных документов. Этот ГОСТ регламентирует применение вычислительной техники при составлении сметной документации, предписывая ориентирование на применение ЭВМ в разработке сборников РСН и проектов сборников РСН."
В каких случаях суд может взыскать алименты в твердой денежной сумме?," Суд может взыскать алименты в твердой денежной сумме, если:

1. Отсутствует соглашение родителей об уплате алиментов и у плательщика нерегулярный, меняющийся заработок или иной доход, или он получает заработок и (или) иной доход полностью или частично в натуре или в иностранной валюте, или если у него отсутствует заработок и (или) иной доход.
2. На детей, оставшихся без попечения родителей, суд может взыскать алименты в твердой денежной сумме, если они находятся в образовательных, медицинских или организациях социального обслуживания и в аналогичных организациях.
3. При выезде лица, обязанного уплатить алименты, в иностранное государство на постоянное жительство, суд может определить размер алиментов в твердой денежной сумме, если не достигнуто соглашение с ним об уплате алиментов.
4. При изменении материального или семейного положения одной из сторон после установления размера алиментов в судебном порядке, суд может изменить размер алиментов или освободить лицо, обязанное уплатить алименты, от их уплаты.
5. В других случаях, когда взыскание алиментов в долевом отношении к заработку и (или) иному доходу родителя невозможно, затруднительно или существенно нарушает интересы одной из сторон, суд может определить размер алиментов, взыскиваемых ежемесячно, в твердой денежной сумме."
Какие объекты проектирования указаны в главе 4 согласно СНиП?," В главе 4 согласно СНиП указаны нормативы градостроительного проектирования поселения, городского округа."
Кто составляет проекты бюджетов государственных внебюджетных фондов Российской Федерации?, Проекты бюджетов государственных внебюджетных фондов Российской Федерации составляются органами управления указанных фондов на очередной финансовый год и плановый период.
Какие работы включает в себя возобновление защитного слоя в железобетонных конструкциях каналов и камер согласно ГОСТ МДС 14-13.2000?, Возобновление защитного слоя в железобетонных конструкциях каналов и камер включает в себя работы по восстановлению гидроизоляции и замену покрытий.
Какие телефоны доступны для бесплатной юридической консультации в Москве и Московской области?, Телефон 8 (499) 938-53-71 доступен для бесплатной юридической консультации в Москве и Московской области.
На каком сайте можно найти комментарии к статьям?, Комментарии к статьям можно найти на сайтах https://gkodeksrf.ru/ или https://upkodeksrf.ru/.
Какие требования к устойчивости фонарей к воздействию радиационных факторов предъявляет ГОСТ МДС 31-8.2002?," ГОСТ МДС 31-8.2002 не дает специфических требований к устойчивости фонарей к воздействию радиационных факторов. Данный стандарт сосредоточен на рекомендациях по проектированию, конструкции и монтажу верхнего света для естественного освещения зданий и сооружений. Однако для защиты от влияния ультрафиолетового излучения могут применяться особые сотовые материалы, такие как поликарбонат или стеклопакеты с твердым селективным покрытием на одном из стеколов."
Какие требования предъявляются к растворам-крепителям при силикатизации и смолизации грунтов согласно ГОСТ (к СНиП 3.02.01-83)?," К растворам-крепителям при силикатизации и смолизации грунтов предъявляются следующие требования согласно ГОСТ (к СНиП 3.02.01-83):

- Силикат натрия должен иметь модуль в пределах 2,7 - 3 и плотность 1,2 - 1,45 г/см3 при закреплении песчаных грунтов и 1,13 - 1,2 г/см3 - при закреплении просадочных грунтов;
- Карбамидная смола должна иметь плотность 1,08 - 1,18 г/см3.

Кроме того, все растворы должны соответствовать нормам указанным в таблице 7."
"Какие основные задачи Государственной жилищной инспекции по контролю за использованием, содержанием и ремонтом жилищного фонда приведены в МДС 17-13.2000?"," Основные задачи Государственной жилищной инспекции, установленные в МДС 17-13.2000:
1. Обеспечение соблюдения обязательных требований к использованию и сохранности жилищного фонда (включая требования к помещениям, ремонту, перепланировке/переустройству, фондам капитального ремонта);
2. Контроль за деятельностью юридических лиц и индивидуальных предпринимателей, оказывающих услуги или выполняющих работы по управлению, содержанию и ремонту общего имущества в многоквартирных домах;
3. Контроль за предоставлением коммунальных услуг собственникам и пользователям помещений в многоквартирных домах, включая правила изменения размера платы за содержание жилого помещения;
4. Контроль за энергетической эффективностью и оснащенностью помещений, порядку размещения ресурсоснабжающими организациями;
5. Контроль за обеспечением доступности для инвалидов помещений в многоквартирных домах;
6. Контроль за предоставлением жилых помещений в наемных домах социального использования."
Что такое единая методология бюджетного учета и бюджетной отчетности?, Единая методология бюджетного учета и бюджетной отчетности устанавливается Министерством финансов Российской Федерации.
Кто выполняет распоряжения диспетчерских органов о отключении электрической энергии?, Энергоснабжающие организации выполняют распоряжения диспетчерских органов о отключении электрической энергии.
"Какие преимущества имеют средства индивидуализации, исключительное право на которые возникло ранее?"," Средство индивидуализации, для которого исключительное право возникло раньше, имеет преимущество в случаях тождества или сходства со средством индивидуализации позднее возникшего, что могло бы привести к заблуждению у потребителей и контрагентов. В результате такого тождества или сходства, правообладатель может требовать признания недействительным предоставления правовой охраны товарному знаку, патента на промышленный образец либо полного или частичного запрета использования фирменного наименования или коммерческого обозначения."
В каких случаях государственная пошлина не уплачивается при пересылке свидетельств и документов в соответствии с международными договорами?," Государственная пошлина не уплачивается при пересылке свидетельств и документов в соответствии с международными договорами, если они подтвержают факты государственной регистрации актов гражданского состояния."
Как вносятся сведения о характеристиках древесины в государственный лесной реестр?," Сведения о характеристиках древесины вносятся в государственный лесной реестр автоматически при формировании соответствующих документов: отчета об использовании лесов, отчета о ввезенной на склад и вывезенной со склада древесине (баланса древесины), электронного сопроводительного документа при транспортировке древесины, декларации о сделках с древесиной."
Какие работы выполняются с повышенными требованиями к качеству и классу точности?," В данном контексте работы, предъявляемые требованиям, превышающим допуски, установленные в сборниках СНиП (часть 3 «Правила производства и приемки работ»), выполняются с повышенными требованиями к качеству и классу точности. Это включает монтаж оборудования, к которому предъявляются высокие требования к качеству и точности монтажа, а также работы с применением машин и оборудования, имеющих особенности, существенно изменяющие технологию производства работ по сравнению с ФЕРм."
Какие положения МДС 81-3.99 следует учитывать при определении стоимости затрат на эксплуатацию строительных машин и механизмов?, Нужно учитывать положения пунктов 5.1-5.4 МДС 81-3.99.
Что включает техническая приемка перед монтажом конструкций фонарей согласно ГОСТ МДС 31-8.2002?," Техническая приемка перед монтажом конструкций фонарей включает проверку геометрических параметров, комплектности конструкций, качества защитных покрытий и др."
Какие документы регулируют оптовые цены на оборудование?," Ответ: Письмо Комитета цен при Министерстве экономики Российской Федерации от 09.06.92 № 01-17/304-06 и другие документы, перечисленные в Приложении 7 к порядку установления стоимости строительства объектов."
Какие виды грантов не подлежат налогообложению?," Некоторые виды грантов не подлежат налогообложению, такие как:

14.1) суммы, полученные главами крестьянских (фермерских) хозяйств за счет средств бюджетов
бюджетной системы Российской Федерации в виде грантов на создание и развитие крестьянского
фермерского хозяйства, единовременная помощь на бытовое обустройство начинающего фермера;
14.2) субсидии, предоставляемые главам крестьянских (фермерских) хозяйств за счет средств бюджетов
бюджетной системы Российской Федерации.

Кроме того, гранты полученные в соответствии с условиями договоров о предоставлении грантов Президентом Российской Федерации некоммерческим организациям могут не подлежать налогообложению.

Ссылка на источник: https://nkodeksrf.ru/

Приведенные выше сведения являются по данным опубликованных на сайте https://nkodeksrf.ru/ и не предназначаются для юридического консультирования или каких-либо заключений в отношении конкретного случая. Для получения профессиональной юридической помощи рекомендуется обратиться к специалисту в соответствующей сфере.

Бесплатная юридическая консультация по телефонам:
• 8 (499) 938-53-71 (Москва и МО);
• 8 (812) 467-95-28 (Санкт-Петербург и ЛО);
• 8 (800) 301-92-12 (Регионы РФ)."
Является ли ассоциация (союз) собственником своего имущества?," Да, ассоциация (союз) является собственником своего имущества."
Какие единицы измерения рекомендуются для разработки УПБС согласно ГОСТу?," Рекомендуется использование следующих единиц измерения для разработки УПБС: в целом по предприятию с однородной технологией производства; расчетная единица мощности или производительности (годовой объем выпускаемой продукции, вместимость, пропускная способность и т.д.); в целом на здание или сооружение (одинакового функционального назначения - насосные, котельные, резервуары и т.д.); единица общей (полезной) производственной площади (м2, 1000 м2) зданий или сооружений; единица суммарного объема зданий или сооружений (м3, 100 м3); другие единицы измерения, наиболее полно отражающие специфику того или иного объекта; единицы измерения по видам работ и конструктивным элементам принимаются в соответствии с их унифицированной номенклатурой."
Что такое постоянное местонахождение иностранной организации?," Постоянное местонахождение иностранной организации - это место, где она осуществляет управление собственным персоналом и активами."
"Что влечет наложение административного штрафа на должностных лиц за нарушение правил эксплуатации, неиспользование сооружений, оборудования или аппаратуры для очистки газов и контроля выбросов вредных веществ в атмосферный воздух?"," Наложение административного штрафа на должностных лиц за нарушение правил эксплуатации, неиспользование сооружений, оборудования или аппаратуры для очистки газов и контроля выбросов вредных веществ в атмосферный воздух - влечет наложение административного штрафа на должностных лиц в размере от одной тысячи до двух тысяч рублей."
"Что такое мониторинг, основанный на добровольном участии контролируемых лиц?"," Мониторинг, основанный на добровольном участии контролируемых лиц - это мероприятие, в рамках которого контролируемые лица самостоятельно сообщают о своей деятельности или информации по требованиям контроля, иногда с целью обеспечения законной деятельности."
При каких условиях выгодоприобретатель принимает обязательства по договору морского страхования?," При наступлении страхового случая, выгодоприобретатель принимает обязательства по договору морского страхования согласно статье 270, пункту 1: если убытки возникли не вследствие военных или пиратских действий, народных волнений, забастовок, конфискации, реквизиции, ареста либо уничтожения судна или груза по требованию соответствующих властей. В остальных случаях выгодоприобретатель не принимает обязательств."
Какое наименование должно быть присвоено выпуску проектной документации?," В данном контексте не указано, как должно называться выпуск проектной документации. Для этого нужна дополнительная информация о названии серии или конкретного документа в проектной документации."
Как определяется геометрический КЕО в расчетной точке по ГОСТ МДС 31-8.2002?," Геометрический КЕО определяется по следующей последовательности:
1. График I накладывается на поперечный разрез помещения, центр графика совмещается с расчетной точкой и нижняя линия - со следом рабочей поверхности;
2. Подсчитывается количество лучей, попадающих в расчетную точку через световые проемы;
3. Отмечается номер полуокружности графика I, которая проходит через середину светового проема;
4. График II накладывается на продольный разрез помещения, при этом его вертикальная ось и горизонталь, номер которой соответствует номеру полуокружности по графику I, проходит через середину светового проема;
5. Подсчитывается количество лучей по графику II, проходящих через световые проемы;
6. Определяется eв по формуле (1).
Первая и последняя расчетные точки принимаются на расстоянии 1 м от поверхности стен (перегородок) или осей колонн. Если информации нет - могу спросить конкретную страницу документа, где искать эту процедуру."
Препятствует ли прекращение производства обращению других лиц?, Не препятствует.
"В каких случаях судебные расходы, понесенные судом, взыскиваются с административного ответчика?"," Судебные расходы, понесенные судом, взыскиваются с административного ответчика в следующих случаях:
1) при удовлетворении административного искового заявления (статья 114 на сайте kodasrf.ru);
2) при отказе в иске частично, если обе стороны освобождены от уплаты судебных расходов, а государственная пошлина не была уплачена (статья 103 на сайте apkodrf.ru).

Если истец был освобожден от уплаты государственной пошлины - взыскивается с ответчика пропорционально размеру удовлетворенных исковых требований (статья 103 на сайте apkodrf.ru)."
Какова цель документа МДС 41-3.2000?," Целью документа МДС 41-3.2000 являются Организационно-методические рекомендации по пользованию системами коммунального теплоснабжения в городах и других населенных пунктах Российской Федерации, оказание методической помощи энергоснабжающим (теплоснабжающим) организациям системы жилищно-коммунального хозяйства, а также абонентам, присоединенным к этим системам."
"Как определяется рыночная стоимость земельного участка, если разрешенное использование изменено для строительства объектов федерального значения?"," В случае изменения разрешенного использования земельного участка для строительства объектов федерального значения, рыночная стоимость такого участка определяется исходя из ранее установленного разрешенного использования."
На каком сайте можно найти комментарии к статьям Налогового кодекса РФ?, Информация доступна на сайтах https://nkodeksrf.ru/ и https://gkodeksrf.ru/.
"Как можно снизить вязкость растворов силиката при радиусах закрепления 0,7 м и более (ГОСТ 3.02.01-83)?"," Для снижения вязкости растворов силиката натрия при радиусах закрепления 0,7 м и более может быть использована добавка сульфитно-спиртовой барды (ССБ) или азотнокислый аммоний. Эти добавки повышают подвижность растворов, тем самым уменьшая их вязкость. Кроме того, можно также применять более расплывленные марки силиката натрия, такие как МФ-17 с меньшей плотностью (1,2 г/см3), чем обычный крепитель М-3 (1,15 - 1,27 г/см3)."
Какие дополнительные выплаты стимулирующего характера учитываются в расчетах согласно ГОСТ МДС 81-7.2000?," Согласно документу ГОСТ МДС 81-7.2000, в расчетах учитываются дополнительные выплаты стимулирующего характера только по дополнительным трудозатратам за работу по монтажу оборудования. Не предусмотрено какое-либо упоминание о других видах дополнительных выплат."
Какие данные о гранулометрическом составе грунтов необходимы для проектирования инъекционного химзакрепления согласно СНиП 3.02.01-83?," Для проектирования инъекционного химзакрепления грунтов, согласно СНиП 3.02.01-83, данные о гранулометрическом составе песчаных и крупнообломочных грунтов необходимы для определения гранулометрического состава."
Какая средняя температура за июль в Печоре согласно ГОСТ МДС 31-8.2002?," По данным приведённым в ГОСТе МДС 31-8.2002, средняя температура за июль в Печоре составляет 21,7 °C."
Какая специальная информационная дорожка должна предусматриваться в зале для специальной физической подготовки инвалидов согласно ГОСТ МДС 35-7.2000?," Необходимо предусматривать специальную информационную дорожку для инвалидов с ДЗ (диагностированными зрячими) в зале для специальной физической подготовки инвалидов, которая состоит из: поворота; прямой; барьера, ограждения; легкого ограждения (веревка); развилки или перекрестка."
"Какова важность правильного реагирования на запросы заказчиков, согласно ГОСТ МДС 11-11.2000?"," Правильное реагирование на запросы заказчиков важно, так как это позволяет соблюдать требования и обеспечивать достижение заданных целей проекта. (Согласно ГОСТу МДС 11-11.2000)"
Какова роль канатного моста (элемент 3) в проекте площадки с зоной водных игр согласно ГОСТ МДС 35-7.2000?," Канатный мост в проекте площадки с зоной водных игр служит элементом для прохода людей (игроков) по разной высоте над водой или песком, позволяя достичь других игровых устройств или участков площадки."
"Какова ответственность за нарушение правил использования на территории Российской Федерации спутниковых сетей связи, находящихся под юрисдикцией иностранных государств, для должностных лиц?"," Ответственность за нарушение правил использования на территории Российской Федерации спутниковых сетей связи, находящихся под юрисдикцией иностранных государств для должностных лиц - штраф в размере от десяти тысяч до тридцати тысяч рублей."
Как определяется базовая цена проектирования объединенных или сблокированных зданий научно-исследовательских учреждений согласно СНиП?," Базовая цена проектирования объединенных или сблокированных зданий научно-исследовательских учреждений определяется путем суммирования цен на разработку проектной документации для каждого из отдельных зданий, соединенных или сблокированных в единый комплекс."
"Какие статьи КоАП рассматривают судьи, если дело возбуждено инспектором Счетной палаты Российской Федерации, согласно пункту 1.1 статьи 23.1?"," Судьи рассматривают дела об административных правонарушениях, предусмотренных статьями 23.1-23.3, 23.5-23.7, 23.9 и 23.10 КоАП, если дело возбуждено инспектором Счетной палаты Российской Федерации, согласно пункту 1.1 статьи 23.1.

Исход данных: https://www.consultant.ru/document/cons_doc_LAW_47895/67e18a8b0c8151db3d70fdeea5d2f3c8d4c8be96/
https://www.consultant.ru/document/cons_doc_LAW_47895/a92a2e22ddb3207c24df3b01820e6b304a332f3f/
https://www.consultant.ru/document/cons_doc_LAW_47895/a5ce13f12633ebdbd2caf3530be7a2cb4f614b11/"
Кто должен подписывать диагностическую карту крана согласно ТИПОВЫМ НОРМАМ?," Инженерно-технический работник, выполнивший диагностические работы."
Какие полномочия имеют законные представители?," Законные представители имеют права и несут обязанности, предусмотренные настоящим Кодексом в отношении представляемых ими лиц. Полномочия законного представителя юридического лица подтверждаются документами, удостоверяющими его служебное положение. Законными представителями налогоплательщика - организации признаются лица, уполномоченные представить указанную организацию на основании закона или ее учредительных документов. Законными представителями налогоплательщика - физического лица признаются лица, выступающие в качестве его представителей в соответствии с гражданским законодательством Российской Федерации. Полномочия адвоката удостоверяются ордером, выданным соответствующим адвокатским образованием. Полномочия иного лица, оказывающего юридическую помощь, удостоверяются доверенностью, оформленной в соответствии с законом."
Когда считается дата подачи заявки на товарный знак?," Датой подачи заявки на товарный знак считается день поступления в федеральный орган исполнительной власти по интеллектуальной собственности заявки, содержащей заявление о выдаче патента и комплект изображений изделия, дающих полное представление о существенных признаках промышленного образца, которые определяют эстетические особенности внешнего вида изделия. Если указанные документы представлены не одновременно - день поступления последнего документа. (Статья 1378 Кодекса РФ об авторском праве и смежных правах)"
"Какие действия следует предпринять при обнаружении осадочных трещин согласно ТП-70 С., СНиП II-22-81, СНиП 2.03.01-84*?", Необходимо устранить осадочные трещины. Срок исполнения - 1 месяц. Для устранения следует вызвать специализированную организацию.
Какое заключение должен дать эксперт?," Эксперт должен дать объективное заключение, основанное на проведенных исследованиях, по поставленным перед ним вопросам. Заключение должно содержать результаты исследований, выводы и обоснование этих выводов."
Какой СНиП документа указан в методических рекомендациях по разработке сборников ресурсных сметных норм на монтаж оборудования?, СНиП 4.06-91
Какие требования к увеличению пропускной способности существующей сети и производительности подогревательной и насосной установок должны быть указаны в технических условиях согласно СНиП?," В технических условиях должны быть требования об увеличении пропускной способности существующей сети и производительности подогревательной и насосной установок, в зависимости от потребностей заказчика. Это может включать:
- расширение или реконструкцию установок химводоочистки, очистки конденсата теплоснабжающей организации и (или) у заказчика;
- увеличение пропускной способности существующих насосов;
- замена или добавление дополнительных подогревательных установок.
Требования должны быть разработаны в соответствии с проектными данными и нормативно-техническими документами по строительству и эксплуатации объектов теплопотребления."
Какие требования предъявляются к технической документации на узел учета?," Техническая документация на узел учета должна включать:
1) Принципиальную схему теплового пункта с указанием мест размещения средств измерений.
2) Монтажную схему узла учета.
3) Пояснительную записку с обоснованием выбора схемы учета и средств измерений."
Какой ГОСТ или СНиП определяет методику расчета сметной прибыли?," Методики расчета сметной прибыли определены в Методических указаниях Госстроя России, таких как: МДС 81-25.2001 по определению величины сметной прибыли в строительстве."
Какие организации могут разрабатывать и применять собственные РСН на монтируемое ими оборудование согласно МДС 81-13.2000?," Физические лица (инвесторы и подрядчики), расположенные на территории Российской Федерации, независимо от их ведомственной принадлежности и форм собственности могут разрабатывать и применять собственные РСН на монтируемое ими оборудование."
"Каков максимальный срок наказания по совокупности приговоров, если оно менее строгое, чем лишение свободы?"," Максимальный срок наказания по совокупности приговоров менее строгого, чем лишение свободы, составляет максимальный срок или размер, предусмотренный для данного вида наказания Общей частью настоящего Кодекса."
Какие лицензии должны иметь инженерно-консультационные организации?," Инженерно-консультационные организации должны иметь лицензии на те виды работ, по которым они привлекаются тендерным комитетом, организатором торгов или претендентом."
Что влечет наложение административного штрафа по статье 16.8?," Нарушение причаливания к водному судну или другим плавучим средствам, находящимся под таможенным контролем, за исключением случаев, если такое причаливание допускается, влечет предупреждение или наложение административного штрафа на граждан в размере от пятисот до одной тысячи рублей; на должностных лиц - от одной тысячи до двух тысяч рублей; на юридических лиц - от десяти тысяч до двадцати тысяч рублей."
Какой минимальный уровень расчетных налоговых доходов должен быть установлен?," Для определения минимального уровня расчетных налоговых доходов используется методика, зависящая от вида муниципальной образования (городские, сельские поселения или муниципальные районы и т.д.). Установленный уровень не может быть ниже 1,3-кратного среднего уровня в расчете на одного жителя соответственно по городским, сельским поселениям (внутригородским районам) и соответственно по муниципальным районам (муниципальным округам, городским округам, городским округам с внутригородским делением) субъекта Российской Федерации. В случае если законом предусмотрено, могут учитываться неналоговые доходы бюджетов поселений (внутригородских районов), муниципальных районов (муниципальных округов, городских округов, городских округов с внутригородским делением)."
Какие формулы используются для вычисления центральных координат точек базисной фигуры согласно СНиП 3.01.03-84?," Формулы для вычисления центральных координат точек базисной фигуры согласно СНиП 3.01.03-84:
x0 = Σxi/n; y0 = Σyi/n, где xi и yi - координаты точек базисной фигуры, n - число точек базисной фигуры."
Какая дата указывается в постановлении о досрочном прекращении исполнения административного наказания?," В постановлении о досрочном прекращении исполнения административного наказания указывается дата возобновления деятельности лица, осуществляющего предпринимательскую деятельность без образования юридического лица, или юридического лица, его филиала, представительства, структурного подразделения, производственного участка, а также эксплуатации агрегатов, объектов, зданий или сооружений, осуществления отдельных видов деятельности (работ), оказания услуг."
Какие работы по усилению стропильных ног предусмотрены в соответствии с ГОСТ МДС 14-13.2000?," В настоящем документе, который касается планово-предупредительного ремонта производственных зданий и сооружений, не указаны работы по усилению стропильных ног."
Какие отходы приобретают статус иностранных товаров?," Отходы, образовавшиеся в результате уничтожения товаров за исключением тех, которые указаны в пункте 5 статьи, приобретают статус иностранных товаров."
Какие действия может совершать представитель в арбитражном суде?," Представитель в арбитражном суде может совершать различные процессуальные действия, включая подачу искового заявления, участие в судебных заседаниях, защиту прав своих клиентов, подписывание документов по делу и т. д."
Какие сроки давности привлечения к административной ответственности должны быть учтены?," Сроки давности привлечения к административной ответственности зависят от конкретного правонарушения, предусмотренного статьёй Кодекса РФ об административных правонарушениях. Например:
- для административных правонарушений, предусмотренных статьей 6.18 - срок давности начинает исчисляться со дня получения общероссийской антидопинговой организацией заключения лаборатории;
- для административных правонарушений, предусмотренных статьями 14.9, 14.9.1, 14.31, 14.32, 14.33, 14.40 - срок давности начинает исчисляться со дня вступления в силу решения комиссии антимонопольного органа;
- и т.д."
Какие документы регулируют порядок исчисления налогов на пользователей автомобильных дорог согласно ГОСТ МДС 81-23.2000?," Данный ГОСТ регулирует только учет налогов в сметной документации на строительство, не налогообложению пользователей автомобильных дорог. Информация о тарифах для пользователей автомобильных дорог находится в других документах."
Как проводится предварительное судебное заседание?," Предварительное судебное заседание проводится единолично судьей, осуществляющим подготовку административного дела к судебному разбирательству. Стороны, другие лица, участвующие в деле, их представители извещаются о времени и месте проведения предварительного судебного заседания. В предварительном судебном заседании стороны, другие лица, участвующие в деле, их представители либо в случае обязательного ведения дела с участием представителя только представители вправе представлять доказательства, заявлять ходатайства, излагать свои доводы по возникающим в этом заседании вопросам."
"Какие данные используются для определения средств на обеспечение периода гарантийной эксплуатации, согласно ГОСТ МДС 81-21.2000?"," Данные для определения средств на обеспечение периода гарантийной эксплуатации используются в соответствии с установленными в ГОСТе МДС 81-21.2000 нормативами и техническими условиями по изготовлению, поставке и монтажу оборудования. Они включают в себя стоимость работ по гарантийному обслуживанию, затраты на запасные части и материалы для ремонта оборудования, а также плату квалифицированным специалистам по обеспечению гарантии."
Как определяется коэффициент теплоотдачи ограждения согласно ГОСТ МДС 31-8.2002?," Согласно ГОСТу МДС 31-8.2002, коэффициент теплоотдачи ограждения (У) не указан в этом нормативном документе. Определение коэффициента теплоотдачи ограждения должно производиться с помощью других нормативных документов или исследований, например, ГОСТ 12836-78 или специальных методик."
Какой СНиП определяет стоимость строительства в уровне цен I кв. 1993 г.?," СНиП не определяет стоимость строительства в уровне цен I кв. 1993 г., используются сборники показателей на виды работ (ПВР) для этого."
Как определяется подрядные торги в ГОСТ МДС-80-8.2000?," Подрядные торги определяются как конкурсное размещение подряда (услуг) путем квалифицированного отбора достойного исполнителя из многочисленных претендентов, в соответствии с Положением о подрядных торгах в Российской Федерации. Это составная часть процесса по подготовке, организации, проведению и регулированию последствий подрядных торгов на выполнение всего комплекса работ и оказание услуг, связанных со строительством новых, расширением, реконструкцией, техническим перевооружением и ремонтом действующих объектов на территории Российской Федерации."
Как подсудимый может быть удален из зала заседания?," Подсудимый может быть удален из зала судебного заседания до окончания прений сторон, при этом ему должно быть предоставлено право на последнее слово. Приговор в этом случае должен провозглашаться в его присутствии или объявляться ему под расписку немедленно после провозглашения. (Статья 263)"
Какие коэффициенты применяются для изготовления макетов в разных масштабах? (СНиП)," Для создания макетных планировочных моделей в градостроительном контексте, используются коэффициенты установленные по документам проекта и заданию на проектирование. СНиП не содержит данной информации."
Каков индекс текущего уровня цен для прочих работ и затрат в II квартале 1993 года?," Индекс текущего уровня цен для прочих работ и затрат в II квартале 1993 года равен 571 (по расчету из примера, см. таблицу ""Сводная стоимость"" в II квартале 1993 г.)."
"Какова основная задача генеральной схемы расселения, природопользования и территориальной организации производительных сил Российской Федерации, согласно ГОСТ МДС 11-7.2000?"," Основная задача генеральной схемы расселения, природопользования и территориальной организации производительных сил Российской Федерации - определение основных направлений совершенствования расселения на территории России и увязка с комплексным прогнозом развития и размещения производительных сил, экологическим состоянием окружающей среды, федеральными и межрегиональными инженерно-транспортными инфраструктурами."
Какие нормы ГОСТ или СНиП применяются к теплоснабжению при проектировании троллейбусного депо?," СНиП 3.03.01.87 - ""Теплоснабжение электрооборудования и тепловая изоляция"" применяется к теплоснабжению при проектировании троллейбусного депо."
Как определяется прогнозный индекс к сметной стоимости в Форме № 3-в согласно ГОСТ?," Прогнозный индекс к сметной стоимости в Форме № 3-в определяется путем умножения сметной стоимости по каждой строке и по каждому из элементов технологической структуры капитальных вложений (стоимость строительных работ, монтажных работ, оборудования, прочие затраты) на соответствующий текущий (прогнозный) индекс по отрасли (подотрасли), виду работ с последующим суммированием общих итогов указанного сметного расчета. При этом рекомендуется составлять ведомость приведения по форме, аналогичной форме объектного сметного расчета (с добавлением против каждой графы, где указаны элементы технологической структуры капитальных вложений, графы для проставления соответствующего индекса)."
Какой индекс изменения стоимости СМР был в Читинской области в I кв. 1993 г. по сравнению с базисным уровнем на 01.01.91 согласно МДС 81-9.2000?," Невозможно определить точный индекс изменения стоимости СМР в Читинской области в I кв. 1993 г. по сравнению с базисным уровнем на 01.01.91 согласно указанной методики, т.к. нет данных о фактических ценах для этого региона в указанный период."
Как перечисляется плата за нормативные и сверхнормативные выбросы и сбросы согласно ГОСТ МДС 81-23.2000?," Заплата за нормативные и сверхнормативные выбросы и сбросы определяется в соответствии с размерами платы за загрязнение окружающей среды, установленными в согласованных документах."
"Как изменяются максимальные суммы банковских гарантий для банков, у которых утвержден план по предупреждению банкротства?"," Максимальные суммы банковских гарантий для банков, у которых утвержден план по предупреждению банкротства, устанавливаются Правительством Российской Федерации."
"Какое напряжение считается высоким напряжением, согласно СНиП?"," Под высоким напряжением в СНиП следует считать напряжение, превышающее 36 В."
"Что означает ""посягательство на жизнь сотрудника правоохранительного органа""?"," ""Посягательство на жизнь сотрудника правоохранительного органа"" означает действия, совершенные в целях воспрепятствования законной деятельности указанных лиц по охране общественного порядка и обеспечению общественной безопасности либо из мести за такую деятельность, которые наносят вреду здоровью или жизни сотрудника правоохранительного органа. Это преступление, наказание за которое регламентируется статья 318 Кодекса РФ об административном правонарушении."
Какие решения должны быть заранее продуманы для эффективного использования строительных механизмов согласно ГОСТ МДС 14-13.2000?," Для эффективного использования строительных механизмов согласно ГОСТ МДС 14-13.2000 следует заранее продумать:
1. Средства малой механизации для обеспечения высокой производительности труда и минимальной стоимости работ.
2. Решения, которые гарантируют эффективное использование строительных механизмов.
3. Планы, в которых предусматривается поступление конструкций, деталей и материалов для организации капитального ремонта.
4. Использование строительных механизмов на основе заранее продуманных решений.
5. Разработка проекта производства работ по капитальному ремонту соответствующего объекта, при необходимости.
6. Применение механизмов с максимальным применением сборных конструкций и деталей для обеспечения высокой производительности труда и минимальной стоимости работ."
Кто назначает и освобождает начальника управления (отдела) капитального строительства предприятия? (СНиП)," Начальника управления (отдела) капитального строительства предприятия назначает и освобождает вышестоящим органом по согласованию с соответствующим Советом Министров автономной республики, исполкомом местного Совета народных депутатов."
Как определяется точность выноса в натуру линий при использовании способа прямоугольных координат согласно СНиП 3.01.03-84?," Способ прямоугольных координат в соответствии с СНиП 3.01.03-84 определяет точность выноса линий по формулам: mβ ≤ η1mρρ/d1 = η'1mρρ/d2 и md1 ≤ η2mρ, md2 ≤ η'2mρ. Значения коэффициентов η и η' берутся в зависимости от величины k, т.е. k = mdρ/(mβd)."
Какая сумма государственной пошлины установлена за выдачу удостоверения эксперта по культурным ценностям?, Сумма государственной пошлины за выдачу удостоверения эксперта по культурным ценностям составляет 4 000 рублей.
"Что происходит, если соответствующей статьей Особенной части УК РФ предусмотрены смертная казнь или пожизненное лишение свободы, согласно статье 65 УК РФ?"," При наличии смертной казни или пожизненного лишения свободы соответствующей статьей Особенной части УК РФ, наказание назначается в пределах санкции соответствующей статьи без учёта положений главы 10 УК РФ."
Какие требования к протяженности улично-дорожной сети установлены в ГОСТ МДС 11-7.2000?, В документе ГОСТ МДС 11-7.2000 не указано конкретные требования к протяженности улично-дорожной сети.
"Что происходит, если выручка за реализуемые товары поступает на счета нескольких организаций?"," В этом случае взыскание может производиться пропорционально доле поступившей им выручки за реализуемые товары, соответствующим акционерам или участникам организаций."
Что понимается под работой для целей налогообложения?," Работа для целей налогообложения - это деятельность, результаты которой имеют материальное выражение и могут быть реализованы для удовлетворения потребностей организации и (или) физических лиц."
"Каков размер штрафа за представление заведомо недостоверных сведений, предусмотренных законодательством об иностранных инвестициях на территории Российской Федерации?"," Штраф за представление заведомо недостоверных сведений, предусмотренных законодательством об иностранных инвестициях на территории Российской Федерации:
- для граждан - от три тысяч до пять тысяч рублей;
- для должностных лиц - от тредцати тысяч до пятидесяти тысяч рублей;
- для юридических лиц - от пятисот тысяч до одного миллиона рублей."
Какие требования предъявляются к проверке узла учета комиссией?," Требования к проверке узла учета комиссией включают соответствие условиям использования средств измерений, обеспечение правильности монтажа средств измерений и устройств, наличие подготовленного эксплуатационного персонала, учет условий эксплуатации, соответствующих техническому паспорту. Если выявлены недостатки, препятствующие нормальному функционированию узла учета тепловой энергии и теплоносителей, он считается непригодным для ведения учета, и составляется акт с перечнем и сроками выполнения работ по устранению выявленных недостатков."
По истечении какого срока действие соглашения о сохранении занятости прекращается?, Действие соглашения о сохранению занятости прекращается при наступлении одного из следующих обстоятельств: 1) по истечении срока действия соглашения с 1 января 2031 года.
"Какие статьи КоАП рассматривают органы, осуществляющие государственный надзор в области охраны и использования особо охраняемых природных территорий, в части нарушения водоохранного режима на водосборах подземных водных объектов?"," Органы, осуществляющие государственный надзор в области охраны, использования и охраны водных объектов рассматривают дела об административных правонарушениях по части 2 статьи 7.2 (в части нарушения водоохранного режима на водосборах подземных водных объектов) и статьям 8.40, 8.43 настоящего Кодекса."
Какой срок отсрочки или рассрочки уплаты ввозных таможенных пошлин может быть предоставлен?," Отсрочка или рассрочка уплаты ввозных таможенных пошлин может быть предоставлена на срок не более 6 месяцев со дня, следующего за днем выпуска товаров. Этот срок может быть изменён для отдельных случаев (например, при стихийном бедствии или технологической катастрофе), но это требует конкретных оснований и соответствующего решения."
"Какие условия должны быть соблюдены для участников региональных инвестиционных проектов, для которых не требуется включение в реестр участников региональных инвестиционных проектов?"," Для участников региональных инвестиционных проектов, для которых не требуется включение в реестр участников региональных инвестиционных проектов, должны быть соблюдены следующие условия:

1. Налогоплательщиком-участником регионального инвестиционного проекта должен быть выполнен требование к минимальному объему капитальных вложений, установленное подпунктом 4.1 пункта 1 статьи 25.8 настоящего Кодекса;
2. Участник регионального инвестиционного проекта должен обратиться в налоговый орган с заявлением о применении налоговой льготы, указанной в пункте 1 статьи 25.12-1 настоящего Кодекса;
3. Участник регионального инвестиционного проекта должен соблюдать положения, предусмотренные инвестиционной декларацией в части сумм финансирования капитальных вложений регионального инвестиционного проекта;
4. Участник регионального инвестиционного проекта не должен выполнять обязательств, предусмотренных инвестиционной декларацией, в том числе в части сумм финансирования капитальных вложений регионального инвестиционного проекта.

Если не соблюдаются эти условия - статус участника регионального инвестиционного проекта может быть прекращен по основаниям, установленным пунктом 4 статьи 25.12 настоящего Кодекса."
В каких случаях допускается предусматривать совмещенное освещение согласно ГОСТ МДС 31-8.2002?," Совмещенное освещение допускается в случаях, когда из-за особенностей объемно-планировочных решений зданий или экономических соображений не представляется возможным обеспечить требуемое значение Коэффициента Естественной Освещенности (КЕО) в помещениях. Кроме этого, допускается совмещенное освещение в жилых комнатах и кухнях квартир, если их обеспечить естественным освещением невозможно из-за условий технологии, организации производства или климата в месте строительства. Совмещенное освещение также допустимо для помещений, в которых выполняются зрительные работы I, II и III разрядов и производственных помещений с технологическими условиями, которые не позволяют обеспечить нормированные значения КЕО."
"Когда уплачиваются акцизы для налогоплательщиков, имеющих свидетельство о регистрации для операций с прямогонным бензином?"," Акцизы для налогоплательщиков, имеющих свидетельство о регистрации для операций с прямогонным бензином, уплачиваются не позднее 25-го числа третьего месяца, следующего за истекшим налоговым периодом."
Как определяется стоимость проектирования свайных фундаментов? (СНиП)," Стоимость проектирования свайных фундаментов определяется в соответствии с установленными базовыми ценами, которые приведены в приведенном тексте. Кроме того, могут использоваться коэффициенты, которые регулируют отклонения от базовых значений (например, из-за сложности проекта или масштаба макета)."
Какие права управляющего проектом предусмотрены в МДС 11-11.2000?," Управляющему проектом предусмотрено следующие права:
1. Представлять проектную организацию в учреждениях, организациях и на предприятиях по вопросам разработки, согласования и рассмотрения проектной и другой документации для строительства, изготовления и поставок оборудования и материалов, осуществления строительства и освоения проектных мощностей.
2. Принимать решения и вести переписку за своей подписью по вопросам технико-экономических оценок и расчетов инвестиций, проведения торгов (тендеров), заключения контракта (договора), проектирования, строительства, ввода в действие объекта и освоения проектных мощностей.
3. Вести переговоры и заключать предварительные соглашения с заказчиком при получении заказа на проектирование и строительство объекта, в том числе о договорной цене и других условиях выполнения работ.
4. Формировать состав участников разработки проекта, в том числе из специалистов, не входящих в штат проектной организации, определять их полномочия, формы организации и оплаты труда, меры поощрения и взысканий.
5. Проверять состояние разработки проекта, с привлечением компетентных специалистов и организаций в качестве экспертов и консультантов, соблюдение установленных сроков проектирования и качество проектных решений в процессе разработки проектной документации.
6. Вносить руководству проектной организации предложения о разработке новых и корректировке действующих нормативных документов по проектированию, строительству и эксплуатации объектов.
7. Принимать решения об образовании и использовании резерва средств от объема выполняемых работ.
8. Участвовать в качестве эксперта в процедурах арбитража или судебного разбирательства, связанных с проектированием и строительством объекта, за исключением случаев, в которых управляющий проектом является истцом или ответчиком.
9. Беспрепятственно наблюдать за ходом строительно-монтажных работ в течение их подготовки и выполнения.
10. Проводить дополнительный осмотр или испытание конструкций независимо от того, выполняется, монтируется или уже закончена сама деталь, в том числе требовать от подрядчика (и последний обязан по первому указанию управляющего проектом) провести проверку качества любой детали конструкции.
11. Принимать окончательные решения при возникновении споров между заказчиком и подрядчиком по вопросам, относящимся к архитектурной выразительности и эстетическому восприятию объекта.
12. Приостанавливать производство отдельных видов строительно-монтажных работ при осуществлении их с отступлениями от проекта, при нарушении технических условий и правил производства этих работ, а также неудовлетворительном их качестве на такой срок и в таком порядке, как это будет им предложено.
13. Запрещать применение и давать указания о замене и вывозе с площадки строительства любых материалов и оборудования, которые по мнению управляющего проектом не соответствуют установленным требованиям.
14. Вносить изменения в форму, качество или объем предусмотренных в проектной документации работ при условии, что технико-экономические показатели и сроки строительства останутся неизменными."
Какие дополнительные сведения должны быть указаны в судебном приказе о взыскании алиментов?," В судебном приказе о взыскании алиментов надо указать место работы должника, имя и дату рождения каждого ребенка, на содержание которых присуждены алименты, размер платежей, взыскиваемых ежемесячно с должника, и срок их взыскания."
Как утепляются канализационные стояки согласно ГОСТ МДС 13-18.2000?," По утеплению канализационных стояков согласно ГОСТ МДС 13-18.2000, речь идет о применении эффективного теплоизоляционного материала. В случае отсутствия тепловой изоляции или ее восстановления требуется выполнить утепление в зимний период."
В какие сроки должно быть уведомление об одностороннем отказе от договора аренды земельного участка?, Ответ: В течение трёх дней со дня принятия решения об одностороннем отказе от договора аренды земельного участка.
Как может осуществляться разработка проектно-сметной документации на капитальный ремонт сложных объектов согласно ГОСТ МДС 14-13.2000?," Для разработки проектно-сметной документации на капитальный ремонт сложных объектов в соответствии с ГОСТ МДС 14-13.2000:

1. Разрабатывается краткая пояснительная записка, содержащая обоснование технических решений, технико-экономические показатели и соображения по организации ремонтных работ.
2. Составляются рабочие чертежи.
3. Сборяется сметная документация на основании описей работ.
4. В тех случаях, когда в процессе производства капитального ремонта здания или сооружения отдельные конструкции заменяются на другие, разрабатывается проектная документация (проектирование должно осуществляться в одну стадию).
5. Для обеспечения высокого качества проектов и сокращения сроков проектирования разработка проектно-сметной документации на капитальный ремонт сложных объектов может осуществляться на договорных началах проектными организациями.
6. Сметно-техническая документация должна быть составлена по действующим ценам, а также нормам, тарифам и расценкам, установленным для работ по капитальному ремонту или другим нормам, тарифам и расценкам, разрешенным при составлении сметно-технической документации."
"Что означает ""запреты и ограничения"" в статье 143?"," ""Запреты и ограничения"" в статье 143 на сайте https://tkeaes.ru/ могут относиться к различным мертам регулирования товаров, законом или договором установленным в сфере торговли, таких как пошлины, таможенное регулирование, меры нетарифного регулирования, меры технического регулирования, экспортный контроль и т.д. Это может также включать запреты или ограничения на товарные декларации, законодательные акты государств-членов в сфере налогообложения и другие меры."
"Какой размер штрафа предусмотрен для лиц, осуществляющих предпринимательскую деятельность без образования юридического лица, за невыполнение правил поведения при чрезвычайной ситуации или угрозе ее возникновения?"," Размер штрафа для лиц, осуществляющих предпринимательскую деятельность без образования юридического лица, за невыполнение правил поведения при чрезвычайной ситуации или угрозе ее возникновения составляет от 30 тысяч до 50 тысяч рублей."
Какие ключевые термины и определения приведены в разделе 'Общие положения' ГОСТ МДС 81-13.2000?," Ключевые термины и определения в разделе 'Общие положения' ГОСТ МДС 81-13.2000 включают:

- сборники ресурсных сметных норм (РСН) на монтаж оборудования;
- среднеотраслевые затраты;
- рекомендательный характер РСН;
- организации, предприятия, физические лица (инвесторы и подрядчики);
- использование данных для определения потребности в ресурсах и стоимости выполнения работ;
- разработка сборников РСН организациями министерств и ведомств;
- соответствие номенклатуры оборудования и видов работ с СНиП 4.06-91;
- использование обосновывающих материалов к сборникам расценок на монтаж оборудования (СНиП 4.06-91);
- процесс разработки сборников РСН в организациях-разработчиках;
- система нормативных документов по ценообразованию, выпускаемых Госстроем России;
- стоимость строительства в условиях действия свободных цен."
Как заказчик-застройщик проверяет цены и предъявленные к оплате документы подрядных организаций в соответствии с СНиП?," Заказчик-застройщик проверяет цены подрядных организаций в соответствии с СНиП на основании локальных сметных расчетов, составленных по форме № 4-в и ""Сводке объемов и стоимости подрядных работ"" по форме № 3-св. Сборники ресурсных сметных норм (РСН) для определения потребности в ресурсах и стоимости выполнения работ по монтажу оборудования могут использоваться как подрядчиками, так и заказчиками."
Какие требования к сокращенному объему проектной документации предъявляет ГОСТ?," Согласно указаниям из Пояснительной записки, в технической части сокращенного объема проектной документации должны быть представлены следующие требования:

1. Программа строительства объекта торгов с характеристикой всех зданий и сооружений, инженерных сетей и сооружений на них.
2. Технические требования к каждому объекту строительства с указанием границ производства работ Подрядчиком.
3. Основные технико-экономические показатели строительства объекта торгов.
4. Краткая характеристика площадки строительства, природно-климатические и инженерно-геологические особенности.
5. Сведения о наличии подъездных дорог и транспортных путей.
6. Условия по обеспечению пожаробезопасности на период строительства и эксплуатации.
7. Требования к прокладке инженерных сетей и условия их подключения.
8. Мероприятия по охране окружающей среды, благоустройству и озеленению.
9. Характеристику основных производств с показателями по виду и объему выпускаемой продукции.
10. Требования по утилизации отходов производства и техническому оборудованию.

Этот список является общим, но могут быть дополнительные требования в зависимости от конкретного объекта строительства и его целей."
"Какие исключения предусмотрены ГОСТ МДС 81-8.2000 для финансирования пусконаладочных работ в детских учреждениях, школах и домах-интернатах?"," В соответствии с ГОСТ МДС 81-8.2000, в порядке исключения возможно включение затрат на пусконаладочные работы в сводный сметный расчет при строительстве детских учреждений, школ и домов-интернатов. Такое исключение обосновано в письме Управления ценообразования Минстроя России от 01.11.96 г. № 12-355."
Какой разряд зрительной работы установлен для лестничных клеток согласно ГОСТ МДС 31-8.2002?," Лестничные клетки относятся к Помещениям жилых зданий, разряд зрительной работы - З (Не регламентируется)."
Что такое субсидии на оплату жилого помещения и коммунальных услуг?," Субсидии на оплату жилого помещения и коммунальных услуг - это денежные выплаты, предоставляемые гражданам на основании их заявлений согласно определенным правилам для поддержки платежа за жилье и коммунальные услуги. Они могут быть получены при условии, что гражданин имеет доказательства, что задолженность по оплате жилого помещения и коммунальных услуг не превышает трех последних лет."
Какая высота борта ванны зависит от волн согласно ГОСТ МДС 35-7.2000?," Согласно ГОСТ МДС 35-7.2000, борт ванны в терапевтических и двигательно-оздоровительных занятиях должен быть высотой 0,65 м."
Может ли законодательство государств-членов устанавливать иные основания для исключения таможенного перевозчика из реестра?," Да, законодательство государств-члены может устанавливать иные основания для исключения таможенного перевозчика из реестра. (по статьям 408, 409 и комментариям на сайте https://tkeaes.ru/)"
"Какие документы необходимы для подтверждения права на имущественный налоговый вычет при приобретении прав на квартиру, комнату или долю в строящемся доме?"," Для подтверждения права на имущественный налоговый вычет при приобретении прав на квартиру, комнату или долю в строящемся доме требуются:
- договор о приобретении квартиры, комнаты или доли (долей) в них;
- договор участия в долевом строительстве и передаточный акт или иной документ о передаче объекта долевого строительства застройщиком и принятии его участником долевого строительства, подписанный сторонами."
Как определяются правомочия доверительного управляющего по распоряжению ценными бумагами?, Правомочия доверительного управляющего по распоряжению ценными бумагами определяются в договоре доверительного управления.
Какие данные о совместном применении указываются в указаниях по применению?," В указаниях по применению должны указываться следующие данные о совместном завещании супругов:
- возможность совместного завещания супругов;
- правила наследования в случае совместного завещания, в том числе об обязательной доле в наследстве и о запрете наследования недостойными наследниками;
- условия действия совместного завещания супругов;
- способы изменения или отмены совместного завещания супругов."
Какая основная заработная плата указана в таблице 1 согласно ГОСТ?," В таблице 1 указано, что основная заработная плата составляет 4,6 рублей."
Какие машины могут учитываться в расчете затрат на эксплуатацию?, В расчете затрат на эксплуатацию учитываются машины отечественного производства. При отсутствии отечественных аналогов допускается учёт стоимости эксплуатации машин и механизмов зарубежного производства по согласованию с Росавтодором.
Какие данные необходимы для расчета коэффициента пересчета сметной стоимости работ по монтажу оборудования согласно Форме № 4?," Для расчета коэффициента пересчета сметной стоимости работ по монтажу оборудования согласно Форме № 4 необходимы данные из таблицы ресурсных сметных норм: затраты труда рабочих-монтажников (чел.-ч, средний разряд работы, среднее количество рабочих), затраты труда машинистов (чел.-ч), машины и механизмы (маш.-ч), материальные ресурсы (физические единицы) и масса оборудования."
В какие сроки должны быть выданы или направлены решения о предоставлении жилых помещений по договорам социального найма?," Решения о предоставлении жилых помещений по договорам социального найма должны быть выданы или направлены гражданам, в отношении которых данные решения приняты, не позднее чем через три рабочих дня со дня принятия данных решений."
Какие виды профессиональной тайны упоминаются в тексте?, В тексте упоминается адвокатская тайна и аудиторская тайна как виды профессиональной тайны.
Какие меры предписаны ГОСТ МДС 17-13.2000 при протекании канализационной сети?," Для обеспечения стока талых и дождевых вод в ГОСТ МДС 17-13.2000 предписано: выровнять территорию двора, ликвидировать выбоины и обратные уклоны; обеспечить беспрепятственный отвод атмосферных и талых вод от зданий, спусков (входов) в подвал, оконных проемов в водоотводящие устройства; все просадки грунта своевременно засыпать грунтом с послойным трамбованием и восстановлением покрытия; водоотводящие канавы, дренажные устройства, канавки и лотки расчистить, придав им уклоны не менее 3 % к водосточным лоткам и водоприемным колодцам или люкам."
Какие типы оборудования перечислены в Приложении 19 к ГОСТ (к СНиП 3.02.01-83) для силикатизации и смолизации грунтов?," В Приложении 19 к ГОСТ (к СНиП 3.02.01-83) перечислены следующие типы оборудования для силикатизации и смолизации грунтов:
1. Ударные инструменты и компрессоры для забивки инъекторов (табл. 1 - 3,5).
2. Буровое оборудование для бурения инъекционных скважин (табл. 6).
Нет информации о других типах оборудования в этом приложении."
Какие требования предъявляются к разработке альтернативного варианта оферты согласно ГОСТ МДС-80-8.2000?," Альтернативный вариант оферты нельзя представить в соответствии с требованиями ГОСТ МДС-80-8.2000, если разработана рабочая документация для альтернативного варианта на полный объем или отдельные виды работ (услуг) невозможна в сроки, определенные для подготовки оферты на конкурс. При этом при наличии в технической части тендерной документации перечня производственного оборудования, машин и механизмов, обеспечивающих достижение намеченных в тендере результатов инвестиций, альтернативный вариант оферты недопустим."
В каких случаях срок пребывания руководителя научной организации в должности может быть продлен?, В случае наличия иных федеральных законов или решений Президента Российской Федерации.
Кто такие экспертные организации?," Экспертные организации - это государственные судебно-экспертные учреждения или другие учреждения, которые производят судебную экспертизу в порядке, установленном настоящим Кодексом."
Как федеральный орган исполнительной власти уведомляет организацию о результате взаимосогласительной процедуры?, Федеральный орган исполнительной власти уведомляет организацию о результате взаимосогласительной процедуры путем изменения мотивированного мнения либо сохранением его без изменений.
"Как учреждение или орган, на которые возложено исполнение наказания, извещает суд о месте отбывания наказания осужденным?"," Учреждение или орган, на которые возложено исполнение наказания, сообщает месте отбывания наказания осужденному суду при подаче ходатайства об условно-досрочном освобождении или замене неотбытой части наказания более мягким видом наказания."
В каких случаях налогоплательщик - участник соглашения о защите и поощрении капиталовложений может уменьшать подлежащие уплате суммы налогов?," Налогоплательщик - участник соглашения о защите и поощрении капиталовложений может уменьшать подлежащие уплате суммы налогов в случаях, предусмотренных пунктом 1 статьи 25.18 настоящего Кодекса."
Какие санкции могут быть применены к нарушителям положений Примерного профессионального кодекса инженеров-строителей согласно ГОСТу и СНиП?," По следующей информации из текста, санкции могут быть применены к нарушителям положений Примерного профессионального кодекса инженеров-строителей по следующим видам:

1. Предупреждение.
2. Общественное порицание.
3. Ходатайство перед должностными лицами и организациями о временном или постоянном ограничении профессиональной деятельности специалиста.
4. Выражение профессионального недоверия специалисту и его исключение из членов профессиональной общественной организации в совокупности с ходатайством об увольнении специалиста из соответствующего предприятия (организации).
5. Применение административной и уголовной ответственности, если нарушения положений кодекса соответствуют нарушениям действующего законодательства."
Какое сечение проводов должно быть рассчитано при проектировании воздушной линии электропередачи на напряжение 35 кВ согласно ГОСТ МДС-80-8.2000?," Размер сечения проводов должны быть рассчитаны согласно ГОСТ МДС-80-8.2000, в зависимости от потребляемой мощности и дополнительной мощности предприятия заказчика и сторонних потребителей."
Кто обязан представлять уведомления об участии в международной группе компаний?," Налогоплательщики (за исключением иностранных организаций, получающих только доходы, указанные в статье 309 настоящего Кодекса), являющиеся участниками международной группы компаний."
"Какой закон РФ вносит изменения и дополнения в Закон РСФСР ""О медицинском страховании граждан в РСФСР""?"," Закон РФ № 4696-1 от 30.03.1993 г., вносит изменения и дополнения в Закон РСФСР «О медицинском страховании граждан в РСФСР»."
"Какое углеводородное сырье, добытое на морском месторождении углеводородного сырья, освобождается от налогообложения?"," Налогообложение освобождено для углеводородного сырья, добытого на новом морском месторождении углеводородного сырья в течение первых 120 месяцев после начала промышленной добычи. Однако это освобождение применяется только для месторождений, расположенных в определённых районах (например, Азовском море, Балтийском море, Черном море и других). Информации об освобождении налогообложению нет для углеводородного сырья из других морских месторождений."
"Какой год издания у рекомендаций по проектированию, устройству и эксплуатации светопрозрачных конструкций промышленных зданий, выпущенных ЦНИИпромзданий Госстроя СССР?", 2002
Может ли принципал ссылаться на отсутствие у агента надлежащих полномочий в отношениях с третьими лицами?," Нет, принципал не может ссылаться на отсутствие у агента надлежащих полномочий в отношениях с третьими лицами, если он не докажет, что третье лицо знало или должно было знать об ограничении полномочий агента.
(Посредством ссылки на статью 1006 Кодекса РФ)"
Какой телефон можно использовать для получения бесплатной юридической консультации в регионах России?, 8 (800) 301-92-12 (Регионы РФ).
"Какой штраф предусмотрен за представление странового отчета, содержащего недостоверные сведения?"," Штраф в размере 100 000 рублей для юридического лица или физического лица, представляющего страновой отчет с недостоверными сведениями (статья 129.10 Кодекса об административных правонарушениях)."
Какие требования к отчетности об исполнении государственного (муниципального) задания должны быть указаны?," Требования к отчетности об исполнении государственного (муниципального) задания должны включать: 1) правила формирования, изменения, утверждения гос. (муницип.) задания и отчета о его выполнении; 2) правила определения объема финансового обеспечения выполнения гос. (муницип.) задания, включая расчет и утверждение нормативных затрат на оказание государственных (муниципальных) услуг и корректирующих коэффициентов к ним, а также нормативных затрат на выполнение работ; сроки и объемы перечисления субсидии на финансовое обеспечение выполнения гос. (муницип.) задания; возврат субсидии в объеме, который соответствует показателям гос. (муницип.) задания, которые не были достигнуты, в случае невыполнения гос. (муницип.) задания; 3) правила осуществления контроля за выполнением гос. (муницип.) задания государственным (муниципальным) учреждением органами государственной власти (органами местного самоуправления), осуществляющими функции и полномочия учредителя."
Как уполномоченный орган выдает заключение об исчезновении характерных условий?," Уполномоченным органом в отношении товара, обладающего особыми свойствами, зарегистрированного наименованием места происхождения товара, выдается заключение об исчезновении характерных для данного географического объекта условий в установленном порядке при предоставлении заявителем документов, предусмотренных таким порядком."
Кто проводит экспертизу?," Экспертиза проводится государственными судебно-экспертными учреждениями или экспертами, атастованными на право подготовки заключений экспертизы проектной документации и (или) экспертизы результатов инженерных изысканий."
"Проводится ли предварительное судебное заседание в делах, рассматриваемых в порядке упрощенного производства?"," Нет, предварительное судебное заседание в делах, рассматриваемых в порядке упрощенного производства, не проводится."
"Какие организации могут принимать от граждан в залог движимые вещи, предназначенные для личного потребления?"," Специализированными организациями-ломбардами могут принимать от граждан в залог движимые вещи, предназначенные для личного потребления."
В каком случае арбитражный суд может поручить другому арбитражному суду произвести определенные процессуальные действия?, Арбитражный суд может поручить другому арбитражному суду произвести определенные процессуальные действия в соответствии со статьёй 73 настоящего Кодекса.
Какие виды инспекционных проверок выполняются Государственной жилищной инспекцией согласно МДС 17-13.2000?," Государственная жилищная инспекция выполняет следующие виды инспекционных проверок:
1. Обследование технического состояния жилищного фонда, его инженерного оборудования, придомовой территории;
2. Контроль за использованием и сохранностью жилищного фонда, придомовых территорий, объектов коммунального назначения;
3. Проверка работ по содержанию и ремонту в соответствии с действующими нормативно-техническими и проектными документами;
4. Контроль устанавливаемых нормативов на потребление жилищно-коммунальных услуг;
5. Проверка санитарного состояния помещений жилищного фонда;
6. Следить за выполнением в срок выданных предписаний;
7. Контроль санитарного состояния помещений жилищного фонда в части, согласованном с соответствующими службами санитарно-эпидемиологического контроля;
8. Мероприятия по подготовке жилищного фонда к сезонной эксплуатации;
9. Контроль за соблюдением нормативного уровня, режима и рационального обеспечения населения коммунальными услугами;
10. Проверка соблюдения порядка и правил признания жилых домов и помещений непригодными для постоянного проживания и перевода их в нежилые."
"Кто осуществляет контроль за межбюджетными субсидиями, субвенциями, трансфертами и кредитами?"," Государственный финансовый контроль за межбюджетными субсидиями, субвенциями, трансферами и кредитами осуществляется Счетной палатой Российской Федерации и Федеральным казначейством. Контроль проводится в отношении различных должностных лиц и организаций, включая главных администраторов бюджетов субъектов Российской Федерации, финансовые органы и другие должностные лица."
Что такое «договорное потребление теплоносителя» в документе МДС 41-3.2000?," ""Договорное потребление теплоносителя"" - установленная договором величина годового, квартального, месячного потребления абонентом теплоносителя (без возврата в тепловую сеть или на источник тепла)."
На какие расходы не распространяется данное положение?," Положение не распространяется на расходы, соответствующие научным исследованиям и (или) опытно-конструкторским разработкам в соответствии с статьей 267.2 Кодекса Российской Федерации о налогах и сборах (нет информации об ответах, которые могут быть относительно конкретных расходов или ситуаций)."
Какие документы должны быть представлены для допуска тепловых сетей и систем теплопотребления в эксплуатацию согласно ГОСТ?," Необходимо представить надлежаще оформленные разрешительная, проектная и исполнительная документация, включая акты на скрытые работы, составленные при их производстве с участием теплоснабжающей организации."
Как специалист должен действовать в качестве представителя заказчика согласно СНиП?," Специалист, действуя в качестве представителя заказчика, должен выносить профессиональные добросовестные и беспристрастные решения, не давая предпочтения какой-либо стороне."
Какова сметная стоимость труб асбестоцементных по ГОСТ МДС 81-10.2000?," Не имеется информации о сметной стоимости труб асбестоцементных в соответствии с ГОСТ МДС 81-10.2000, поскольку ГОСТ МДС 81-10.2000 является методикой для определения стоимости строительства и не содержит сметеную цену на асбестоцементные трубы."
"Что грозит индивидуальным предпринимателям за нарушение обязательных требований при обращении драгоценных металлов, драгоценных камней и продукции из них?"," Индивидуальным предпринимателям грозит наложение административного штрафа в размере от 30 тысяч до 60 тысяч рублей за нарушение обязательных требований при обращении драгоценных металлов, драгоценных камней и продукции из них."
"Какие ставки таможенных пошлин действовали согласно Указу Президента Российской Федерации ""О Временном импортном таможенном тарифе Российской Федерации""?"," С 01.07.92 действовали ставки Временного импортного тарифа Российской Федерации, которые были утверждены Указом Президента Российской Федерации № 630 от 14.06.92."
Какие требования к строительной климатологии и геофизике установлены СНиП 2.01.01-82?," СНиП 2.01.01-82 устанавливает требования к строительной климатологии и геофизике, включая:

1. Применение проектных данных по климату при разработке проектов зданий и сооружений.
2. Учитывание температур наружного воздуха для распределения договорного количества тепловой энергии по кварталам и месяцам, в соответствии с СНиП 2.01.01-82 ""Строительная климатология и геофизика"".
3. Обеспечение наличия проектных данных по теплопотреблениям и теплоносителям для строительства зданий и сооружений."
Какие границы эксплуатационной ответственности между теплоснабжающей организацией и заказчиком должны быть указаны в технических условиях согласно СНиП?," В технических условиях должны быть указаны границы эксплуатационной ответственности между теплоснабжающей организацией и заказчиком, которые определяются на основании нормативных документов, регулирующих продолжительность проектирования и строительства объектов."
Какую роль играет управляющий проектом в выборе и согласовании места размещения объекта по ГОСТ МДС 11-11.2000?," Управляющий проектом участвует в выборе и согласовании места размещения объекта при помощи определения состава участников разработки проекта, подготовке задания на проектирование или документа, его заменяющего, и, при необходимости, в организации инженерных обследований."
Какие требования предъявляются к эксплуатации теплопотребляющих установок и тепловых сетей абонентом согласно ГОСТ?," Согласно данному контексту, эксплуатация теплопотребляющих установок и тепловых сетей должна соответствовать правилам эксплуатации потребителей. Они должны осуществляться с учётом требований технической документации и обеспечить надлежащую защиту, организацию учета тепловой энергии и теплоносителей, а также диспетчерскую связь с теплоснабжающей организацией. Заказчик должен сообщать своему поставщику информацию о качестве теплоносителя и контролировать его. Также требуется уведомление об изменениях реквизитов и организационно-правовой форме, а также выполнение выданных предписаний в установленные сроки. Не существует специального ГОСТ по этой теме, однако в приложении к данному документу перечисляются нормативно-технические документы, относящиеся к эксплуатации источников тепла, тепловых сетей и теплопотребления."
Какие финансовые показатели должны быть указаны в форме 'Опыт работы претендента по самому крупному построенному объекту сопоставимого вида и объем работы в России или за рубежом' согласно ГОСТ МДС 80-5.2000?," В форме 'Опыт работы претендента по самому крупному построенному объекту сопоставимого вида и объем работы в России или за рубежом' следует указать стоимость объекта, объем выполненных работ (в том числе собственными силами), а также сроки начала и окончания строительства. Кроме того, необходимо указать заказчика с полным адресом, телефоном, телексом, телефаксом и ответственное лицо."
"Какие действия необходимо предпринять при обнаружении неисправности расположенных на крыше карнизов, водоотводящих устройств, ограждений, гильз, анкеров, устройств молниезащиты согласно ГОСТ МДС 17-13.2000?"," При обнаружении неисправностей на крыше относящихся к карнизам, водоотводящим устройствам, ограждениям, гильзам, анкерам и молниезащите согласно ГОСТ МДС 17-13.2000 необходимо:

1. Устранить причину увлажнения.
2. Выполнить ремонт дефектных элементов, замену утерянных или поврежденных частей.
3. Закрепить любые отдельные элементы в соответствии с проектом.
4. Применить антикоррозийную защиту к металлическим элементам.
5. Проверить герметичность водостоков и осуществить ремонт, если требуется.
6. Если имеются проблемы с молниезащитой, отремонтировать или заменить устройство соответствующее стандарту ГОСТ МДС 17-13.2000."
Как уведомляется подозреваемый или обвиняемый о принятых мерах?," Применение меры пресечения к подозреваемому или обвиняемому уведомляется потерпевшему, его представителю, гражданскому истцу, гражданскому ответчику или их представителям одновременно с уведомлением о применении этой меры. Подозреваемому, обвиняемому также уведомляются лица, не являющиеся подозреваемыми, обвиняемыми или лицами, несущими по закону материальную ответственность за их действия, на имущество которых наложен арест. В случае приостановления предварительного следствия уведомляются также подозреваемый, обвиняемый и его защитник (по пунктум 1-4 части первой статьи 208 кодекса). Данная информация содержится в разделах Статья 209 и Статья 210 Кодекса Российской Федерации об уголовном судопроизводстве."
Какие источники информации используются для определения текущих цен на материальные ресурсы в МДС 81-14.2000?," Используются цены и тарифы, действующие в данном регионе, а также ежемесячные информационные выпуски региональных центров по ценообразованию в строительстве."
Какие работы по утеплению зданий должны быть выполнены согласно ГОСТ МДС 13-18.2000?," Согласно ГОСТу МДС 13-18.2000, для подготовки жилищного фонда к зиме рекомендуется утепление стен и пола приямков, а также отвода воды от зданий и нанесение антикоррозионной покраски металлическим конструкциям. Однако данный ГОСТ не специфицирует тип утепления для всех видов зданий, следовательно, нет информации о каких именно работах по утеплению зданий должны быть выполнены согласно ГОСТ МДС 13-18.2000."
"Когда не допускается раздел, перераспределение или выдел земельных участков, если сохраняемые обременения не позволяют использовать земельные участки в соответствии с разрешенным использованием?"," Согласно статье 11.5 на сайте <https://zkodeksrf.ru/>, раздел, перераспределение или выдел земельных участков не допускается, если сохраняемые обременения позволяют использовать указанные земельные участки в соответствии с разрешенным использованием."
Какова периодичность капитального ремонта металлической кровли согласно ГОСТ МДС 14-13.2000?, По данным ГОСТа МДС 14-13.2000 периодичность капитального ремонта металлической кровли составляет 10-15 лет.
Какие телефоны доступны для бесплатной юридической консультации в регионах России?," Бесплатная юридическая консультация доступна по следующим телефонам:
• 8 (499) 938-53-71 (Москва и МО);
• 8 (812) 467-95-28 (Санкт-Петербург и ЛО);
• 8 (800) 301-92-12 (Регионы РФ)."
"Какая информация должна быть указана в журнале учета проверки знаний норм, правил, инструкций согласно ГОСТ МДС 15-13.2000?"," В журнале учета проверки знаний норм, правил, инструкций должны быть указаны следующие данные: фамилия участника; занимаемая им должность; дата проверки; наименование правил или документа, на которое осуществляется проверка; результат проверки (общая оценка); дата следующей проверки; подпись председателя комиссии."
По каким основаниям заявитель не допускается к участию в аукционе?," По данным предоставленным, вопрос не задан. По этой причине нет информации о том, какие основания могут быть использованы для того, чтобы заявителя не допустить к участию в аукционе."
В каких случаях осужденные могут содержаться в одиночных камерах?," Осужденные могут содержатся в одиночных камерах, если это необходимо для наложения меры взыскания или за нарушение установленного порядка отбывания наказания. Кроме того, к осужденным женщинам, имеющим детей в возрасте до трех лет в доме ребенка исправительного учреждения, а также осужденным, являющимся инвалидами I группы, не переводятся."
Как проводятся повторные измерения времени падения уровня воды?," Во время повторых измерений времени падения уровня воды, результаты нескольких предыдущих замеров используются для стабилизации отсчетов времени. Для этого дополнительные опыты проводятся с тем же прибором и подходят к такому правилу: если время падения уровня в первом опыте было слишком большим или слишком малым, то следует произвести соответствующую замену измерительной трубки. Затем аналогичным образом делают несколько повторных измерений времени падения уровня до полной стабилизации отсчетов времени, после чего опыт считают законченным."
"Какое название имеет документ, регламентирующий использование текущих и прогнозных индексов стоимости при составлении сметной документации? (ГОСТ МДС 81-9.2000)", Методические рекомендации называются ГОСТ МДС 81-9.2000.
"Какие основные разделы содержит документ, регламентированный ГОСТом МДС 81-21.2000?"," Документ, регламентированный ГОСТом МДС 81-21.2000 называется ""Порядок определения расчетной стоимости строительства и расчетных затрат в составе технико-экономических обоснований и технико-экономических предложений по строительству объектов за границей при участии организаций Российской Федерации"". В этом документе выделяются следующие основные разделы:

1. Введение
2. Общие положения
3. Структура технико-экономических обоснований и технико-экономических предложений по строительству объекта за границей
4. Порядок составления технико-экономического обоснования и технико-экономического предложения по строительству объекта за границей
5. Утверждение технико-экономических обоснований и технико-экономических предложений по строительству объекта за границей
6. Порядок определения расчетной стоимости строительства и расчетных затрат в составе технико-экономического обоснования и технико-экономического предложения по строительству объекта за границей
7. Документы, необходимые для утверждения технико-экономического обоснования и технико-экономического предложения по строительству объекта за границей
8. Оформление документов
9. Прилагаемые материалы к технико-экономическому обоснованию и технико-экономическому предложению по строительству объекта за границей
10. Учет налогов в сметной документации на строительство
11. Заключение
12. Приложения."
Какие специальные знания могут потребоваться при составлении диспаши?," При составлении диспаши могут потребоваться специальные знания в области судовождения, судостроения, ремонта судов, оценки судов и грузов и других."
Как должны быть закрыты проемы и отверстия при работе геодезиста на монтажном горизонте в СНиП 3.01.03-84?, Проемы и отверстия на монтажном горизонте должны быть закрыты при работе геодезиста в соответствии с СНиП 3.01.03-84.
Как переносятся затраты труда рабочих-монтажников в таблицу ресурсных сметных норм согласно ГОСТ МДС 81-13.2000?," Затраты труда рабочих-монтажников переносятся в таблицу ресурсных сметных норм согласно ГОСТ МДС 81-13.2000, в соответствии с п. 2.16."
"Кто может рассматривать дела об административных правонарушениях от имени органов, осуществляющих контроль в сфере естественных монополий?"," Рассматривать дела об административных правонарушениях от имени органов, осуществляющих контроль в сфере естественных монополий, может:
1) руководители федеральных органов исполнительной власти, осуществляющие федеральный государственный контроль (надзор) в сфере естественных монополий, их заместители;
2) руководители территориальных органов федеральных органов исполнительной власти, осуществляющих федеральный государственный контроль (надзор) в сфере естественных монополий, их заместители;
3) руководители органов исполнительной власти субъектов Российской Федерации, осуществляющих региональный государственный контроль (надзор) в сфере естественных монополий, их заместители."
Какие виды технического обслуживания и ремонта предусмотрены для кранов башенных с грузовым моментом до 25 тм согласно ТИПОВЫМ НОРМАМ?," Техническое обслуживание и ремонт для кранов башенных с грузовым моментом до 25 тм предусматривают выполнение ТО-1, ТО-2 и сезонное обслуживание (СО), а также текущий (Т) и капитальный (К) ремонт."
"Какие работы необходимо выполнить для подготовки систем горячего водоснабжения, согласно ГОСТ МДС 13-18.2000?"," Необходимо выполнить следующие работы для подготовки систем горячего водоснабжения, согласно ГОСТ МДС 13-18.2000:

1. Подвергнуть гидравлической опрессовке давлением, равным рабочему в системе плюс 0,5 МПа (5 кгс/см2), но не более 1,0 МПа (10 кгс/см2).
2. Устранить перебои подачи горячей воды и отсутствие шума насосных агрегатов.
3. Обеспечить постоянную температуру горячей воды, равную 60°С ± 2°С, и температуру горячей воды у смесителя не ниже 50°С.
4. Подготовить все установленные регистры полотенцесушителей к эффективному работе.
5. Проверить практическое отсутствие шума насосных агрегатов и шума, возникающего в трубопроводе во время пользования смесительной арматурой."
"Что происходит, если обеспеченное обязательство было изменено без согласия поручителя?"," В случае изменения обеспеченного поручительством обязательства без согласия поручителя, поручитель отвечает на прежних условиях. Это описано в статье 367.2 настоящей статьи."
Какие методы могут использоваться для построения геодезических сетей сгущения согласно СНиП 3.01.03-84?," Методы, которые могут использоваться для построения геодезических сетей сгущения в соответствии с СНиП 3.01.03-84: триангуляция, трилатерация и полигонометрия."
"При каких обстоятельствах прекращается обязанность по уплате ввозных таможенных пошлин, налогов, специальных, антидемпинговых, компенсационных пошлин в отношении иностранных товаров, перемещаемых трубопроводным транспортом, согласно статье 295?"," Прекращение обязанности по уплате ввозных таможенных пошлин, налогов, специальных, антидемпинговых, компенсационных пошлин в отношении иностранных товаров перемещаемых трубопроводным транспортом предусмотрено статьей 295 Кодекса. Эта обязанность прекращается:

1) при завершении таможенной процедуры согласно пункту 4 статьи 161;
2) помещением товаров под таможенную процедуру экспорта в соответствии с абзаце четвертым пункта 2 пункта 5 статьи 207;
3) исполнении обязанности по уплате ввозных таможенных пошлин, налогов, специальных, антидемпинговых, компенсационных пошлин и их взыскание в размерах, исчисленных и подлежащих уплате согласно пункту 8 статьи 295;
4) отказе таможенным органом в выпуске товаров (в случае, если обязанность по уплате ввозных таможенных пошлин возникла при регистрации декларации на товары);
5) отзыву декларации на товары или аннулированию выпуска товаров согласно статье 113 и пункту 4 статьи 118."
Какие методы используются для проверки прямолинейности оси труб в горизонтальной плоскости согласно СНиП 3.01.03-84?," Шнур, теодолитом, лазерным или световому пучку."
Как и когда уплачиваются авансовые платежи и налог?," Авансовые платежи и налог уплачиваются в бюджет по месту нахождения объекта недвижимого имущества, на котором определена кадастровая стоимость. Авансовые платежи уплачиваются не позднее 20-го числа месяца, следующего за отчетным периодом, а налог - по истечении налогового (отчетного) периода в размере одна четвертая кадастровой стоимости объекта умноженная на соответствующую налоговую ставку."
Какие данные должны быть указаны в определении судебной коллегии Верховного Суда Российской Федерации?," В определении Судебной коллегии Верховного Суда должны быть указаны: 1) наименование и состав суда, вынесшего определение; 2) номер дела, дата и место вынесения определения; 3) наименование лица, подавшего кассационные жалобы или представление, его процессуальное положение, адрес или место жительства; 4) фамилия и инициалы судьи, вынесшего определение; 5) содержание обжалуемых судебных актов; 6) фамилии лиц, присутствовавших в судебном заседании, с указанием их полномочий; 7) наименования арбитражных судов, рассмотревших дело в первой, апелляционной и кассационной инстанции; дата принятия обжалуемых решений, постановлений или определений; 8) объяснения лиц, участвующих в деле и присутствовавших в судебном заседании; 9) законы и иные нормативные правовые акты, которыми руководствовалась Судебная коллегия Верховного Суда Российской Федерации при вынесении определения; мотивы вынесенного определения; мотивы, по которым суд не применил законы и иные нормативные правовые акты, на которые ссылались лица, участвующие в деле; 10) мотивы, по которым Судебная коллегия Верховного Суда Российской Федерации не согласилась с выводами суда первой, апелляционной или кассационной инстанции, если его решение, постановление или определение было отменено полностью или в части; 11) выводы по результатам рассмотрения кассационных жалоб, представлений; 12) основания для присуждения компенсации за нарушение права на судопроизводство в разумный срок или отказа в ее присуждении; 13) размер компенсации за нарушение права на судопроизводство в разумный срок; 14) действия, которые должны быть выполнены лицами, участвующими в деле, и арбитражным судом первой, апелляционной или кассационной инстанции, если дело передается на новое рассмотрение.
(См. статью 291.13 кодекса Российской Федерации о порядке кассационного производства)"
Какие действия предпринимаются при выявлении дефектов в ходе технического осмотра согласно ГОСТ МДС 14-13.2000?," При выявлении дефектов в ходе технического осмотра согласно ГОСТ МДС 14-13.2000 должны быть предприняты следующие действия:
- немедленное устранение дефектов, если они угрожают безопасности людей или сохранности имущества;
- установка объемов основных работ по ремонту конструкций;
- составление смет на ремонтно-восстановительные работы;
- составление заявок на материалы и механизмы для выполнения ремонтных работ;
- оказание необходимой помощи в работах по ремонту;
- приемка текущих ремонтных работ.
Если дефект не требует немедленного устранения, то он должен быть зафиксирован и введен в технический журнал с указанием необходимости его устранения в будущем."
Какие расходы по уплате налога на содержание жилищного фонда и объектов социально-культурной сферы относятся на финансовые результаты деятельности предприятий согласно ГОСТ МДС 81-23.2000?, Расходы по уплате налога на содержание жилищного фонда и объектов социально-культурной сферы относятся на финансовые результаты деятельности предприятий.
Что предусмотрено частью 2 статьи 20.2 КоАП РФ?," Часть 2 статьи 20.2 КоАП РФ предусматривает блокирование транспортных коммуникаций в случаях, предметом которых являются государственные тайны или военная безопасность."
Как можно обжаловать решение арбитражного суда первой инстанции в апелляционную инстанцию?," Чтобы обжаловать решение арбитражного суда первой инстанции в апелляционную инстанцию, необходимо подать апелляционную жалобу через принявший решение в первой инстанции арбитражный суд. Апелляционная жалоба рассматривается арбитражным судом апелляционной инстанции по правилам, предусмотренным для подачи и рассмотрения апелляционных жалоб на решения арбитражного суда первой инстанции. Срок на подачу апелляционной жалобы составляет месяц после принятия решения арбитражным судом первой инстанции, если иной срок не установлен настоящим Кодексом."
Кто уполномочен проводить расследование аварий и инцидентов на море?, Уполномоченным органом для проведения расследования аварий или инцидентов на море является уполномоченный Правительством Российской Федерации федеральный орган исполнительной власти в области транспорта при согласованию с федеральным органом исполнительной власти в области рыболовства и федеральным органом исполнительной власти в области обороны.
Какие требования предъявляются к допросу обвиняемого?," При допросу обвиняемого следует соблюдение требований пункта 9 части четвертой статьи 47, части третьей статьи 50 и статьи 189 настоящего Кодекса. В первом допросе устанавливаются у обвиняемого признание себя виновным, желание дать показания по существу предъявленного обвинения и язык для допроса. Протокол допроса составляется с соблюдением требований статьи 190 настоящего Кодекса. В протоколе первого допроса указываются данные о личности обвиняемого, если они не изменились, можно ограничить указанием его фамилии, имени и отчества. В последующих допросах сохраняется только указание фамилии, имени и отчества обвиняемого."
"Что такое ""лабиринт"" в контексте ГОСТ МДС 35-7.2000?"," Не имеется информации об употреблении термина ""лабиринт"" в контексте ГОСТ МДС 35-7.2000."
Что такое оборудование негабаритное (крупногабаритное) согласно Указаниям по применению федеральных единичных расценок на монтаж оборудования (ФЕРм-2001)?," Негабаритное оборудование - это оборудование, которое может быть установлено в проектном положении без ограничений транспортными габаритами. Крупногабаритное оборудование - это оборудование, которое имеет размеры и конфигурацию, которые могут ограничивать его установку в проектном положении (пересекать транспортные габариты)."
Какая схема нормативно-правового регулирования строительства (услуг) приведена в Приложении 3 согласно ГОСТ МДС-80-8.2000?," Приложение 3 согласно ГОСТ МДС-80-8.2000 приводит схему нормативно-правового регулирования строительства (услуг), называемого ""Генеральная схема расселения, природпользования и территориальной организации производственных сил Российской Федерации"". Эта схема регламентирует градостроительную деятельность на федеральном уровне."
Что считается контрафактными товарами?," Контрафактными товарами являются товары, на которых незаконно размещены товарный знак или сходное с ним до степени смешения обозначение."
Что включает в себя общий технический осмотр согласно ГОСТ МДС 14-13.2000?," Общий технический осмотр включает проверку состояния всех строительных конструкций, санитарно-технических устройств, внутреннего и внешнего оборудования, а также прилегающей территории к зданию. Он предназначен для обнаружения возможных нарушений, дефектов и недостатков и обеспечения сохранности производственного здания."
Какой документ регулирует порядок определения плательщиков специального налога?," Документ, регулирующий порядок определения плательщиков специального налога - Закон Российской Федерации ""О налоге на добавленную стоимость""."
Какие требования к размерам самонесущих элементов зенитных фонарей согласно ГОСТ МДС 31-8.2002?," Согласно ГОСТ МДС 31-8.2002, высота самонесущих элементов зенитных фонарей может быть до 8 метров."
Какие проценты предусмотрены для разработки вариантов проектных решений отдельных элементов зданий? (СНиП)," 15% на стадии проект, 10-60% на стадиях рабочий проект и рабочая документация в зависимости от элементов зданий."
Какие данные должны быть занесены в удостоверение о проверке знаний на первой странице согласно ГОСТ МДС 15-13.2000?," Фамилия, имя, отчество работника, должность/профессия, организация (служба, район, участок), удостоверение без фотографии недействительно, дата выдачи."
Как определяется стоимость оборудования при отсутствии укрупненных нормативов или объектов-аналогов?," При отсутствии укрупненных нормативов или объектов-аналогов определение стоимости оборудования производится в процентах к стоимости основного оборудовка, исчисляемых по объектам-аналогам."
Какой СНиП устанавливает требования для строительной теплотехники?, Снип II-3-79 устанавливает требования для строительной теплотехники.
Какие объекты включены в Главу 4 Справочника? (Объекты образования и дошкольных учреждений)," Объекты, включенные в Главу 4 Справочника - это объекты образования и дошкольных учреждений."
"Какие требования предъявляются к пределу огнестойкости ограждающих стен и конструкций пристройки, согласно ГОСТ или СНиП?"," Предел огнестойкости ограждающих стен и конструкций пристройки должен быть 0,75 ч, а предел распространения огня по конструкции равен нулю, согласно СНиП."
Какое состояние должна иметь водопроводно-канализационная система согласно ГОСТ МДС 13-18.2000?," Необходимо обеспечить следующее состояние водопроводно-канализационной системы:

1. Расчистить, придав им уклоны не менее 3 % к водосточным лоткам и водоприемным колодцам или люкам.
2. Обеспечить беспрепятственный отвод атмосферных и талых вод от зданий, спусков (входов) в подвал, оконных проемов в водоотводящие устройства.
3. Дворы, площадки для установки контейнеров, мусорные ящики и урны должны быть очищены от мусора, грязи, листьев и т.д.
4. Все просадки грунта своевременно засыпать грунтом с послойным трамбованием (через 20 см) и восстановлением покрытия.
5. Водоотводящие канавы, дренажные устройства, канавки и лотки должны быть расчищены.
6. Проверить тепловую изоляцию вытяжных систем канализационных стояков, а при ее отсутствии выполнить соответствующие работы по утеплению указанных участков канализационных стояков.
7. Проверить состояние групповых и распределительных щитков, электропроводки к домовым фонарям, на лестничных клетках, в подвалах, осветительной арматуры, выключателей, автоматических выключателей, электросчетчиков дежурного освещения, заземляющей или зануляющей проводки.
8. Проверить состояние водомерных узлов и помещений их расположения.
9. Провести технические мероприятия по регулированию давления и поглощению избыточных напоров у водоразборной арматуры."
"Как определяется стоимость блок-секций, разрабатываемых на основе базовой блок-секции? (с коэффициентом до 0,7)"," Стоимость блок-секций, разрабатываемых на основе базовой блок-секции, определяется аналогично расчету стоимости для отдельного здания с применением коэффициента до 0,7."
Какие требования к определению модуля силиката натрия указаны в СНиП 3.02.01-83?," Для определения модуля силиката натрия в СНиП 3.02.01-83 указаны требования к контрольным определениям, руководствуясь приложением 6, где указывается формула для расчета модуля:
(1) Коэффициент 0,5 выводится из отношения 15/31×1,032 = 0,4992 » 0,5,
где 15 - эквивалент SiO2; 31 - эквивалент Na2O; 1,032 - коэффициент выражает отношение молекулярной массы Na2O к молекулярной массе SiO2."
При каких условиях может быть назначено принудительное лечение в стационарных условиях общего типа?," Принудительное лечение в медицинской организации, оказывающей психиатрическую помощь в стационарных условиях общего типа может быть назначено лицу, которое по своему психическому состоянию нуждается в лечении и наблюдении в стационарных условиях, но не требует интенсивного наблюдения."
Какие документы должны быть приложены к административному исковому заявлению?," В административном исковом заявлении должны быть прилагаемы документы, которые имеют значение для правильного рассмотрения и разрешения административного дела. Это может включать материалы прекращенных уголовных дел или копии таких материалов, постановления комиссий по делам несовершеннолетних и защите их прав, акты обследования семейно-бытовых условий жизни несовершеннолетнего, справки органов внутренних дел, заключения медицинской организации о состоянии здоровья несовершеннолетнего и другие документы."
Какой СНиП документа регулирует учет налогов в сметной документации на строительство?," МДС 81-23.2000, Пособие по учету налогов в сметной документации на строительство."
Кто обязан возмещать убытки согласно пункту 8 статьи 57.1?," Согласно пункту 8 статьи 57.1 обязанность возмещения убытков лежит на правообладателе земельного участка или расположенного на нем объекта недвижимого имущества, направляемому соответственно правообладателем здания, сооружения, в связи с размещением которых принято решение об установлении или изменении зоны с особыми условиями использования территории, застройщику, органам государственной власти, органам местного самоуправления."
Какие данные используются для определения стоимости строительства общественных зданий согласно ГОСТ?," Для определения стоимости строительства общественных зданий используются укрупненные показатели базисной стоимости (УПБС), прейскуранты на строительство, данные о запроектированных и построенных объектах, интегральные индексы цен на объект или группу объектов."
Какие действия может совершать председатель правления без одобрения правления или общего собрания?," Председатель правления товарищества собственников жилья может совершать действия, которые в соответствии с законодательством и уставом товарищества не требуют обязательного одобрения правлением или общим собранием членов товарищества, а также разрабатывает и выносит на утверждение общего собрания правила внутреннего распорядка товарищества в отношении работников, в обязанности которых входит содержание и ремонт общего имущества в многоквартирном доме, положение об оплате их труда, утверждение иных внутренних документов товарищества. Не имеется информации о действиях, которые председатель правления может совершать без одобрения правления или общего собрания, за исключением тех, что отнесены к списку вышеуказанных."
Какие обязанности возлагаются на теплоснабжающую организацию в случае запроса абонента на результаты расчетов? (п. 44), Теплоснабжающая организация обязана предоставить результаты расчетов количеств тепловой энергии и теплоносителей абоненту.
Что представляют собой платежи по договорам добровольного личного страхования?," Платежи по договорам добровольного личного страхования представляют собой взносы застрахованных работников в пользу страховщиков для получения страховой защиты на случай временной нетрудоспособности (за исключением несчастных случаев на производстве и профессиональных заболеваний) по установленным Федеральным законом дням, оплачиваемыми работодателями."
Какие ГОСТы или СНиПы регламентируют сметные нормы и расценки на строительные работы (СНиР-91)?," СНиПы, которые регламентируют сметные нормы и расценки на строительные работы (СНиР-91) - СНиП 2.01.05-85 ""Общие порядок составления сметных документации на строительство предприятий, зданий и сооружений"" и СНиП 4.06-91 ""Монтаж оборудования""."
Какие неисправности котлов и оборудования должны быть устранены согласно ГОСТ МДС 13-18.2000?," Неисправности котлов должны быть устранены по следующим разделам:
- Механические повреждения поверхности нагрева котла, их плотность и очистку от продуктов неполного сгорания;
- Прочность крепления оборудования (наносы и дутьевые вентиляторы, дымососы, теплообменники и т.п.);
- Арматуру, соответствие типов размеров и номеров оборудования проектным характеристикам и правильность их установки;
- Наличие и исправность автоматических регуляторов и контрольно-измерительных приборов, своевременность их метрологической поверки.

Дополнительно для устранения нарушений работы котельной:
- Трещины в секциях котлов должны быть заменены;
- Неплотности в боровах и щели в обмуровке допускается заделывать асбестовым шнуром или специальной мастикой;
- Нарушенные участки обмуровки восстанавливают специальной мастикой, приготовленной из белой глины и 30 % асбеста;
- Течи в ниппельных соединениях чугунных секционных котлов устраняются подтягиванием стяжных болтов или переборкой секций заново с подмоткой на ниппеле асбестового шнура на сурике.

Для защиты от засорения и устранения подсоса воздуха в боровых шибер рекомендуется накрывать футляром, размер которого должен соответствовать размеру шибера в открытом состоянии."
Какой код материала-представителя используется для устройства компенсаторных ниш согласно ГОСТ?," 39 (по наименованию вида работ - Устройство компенсаторных ниш, единица измерения 100 м3)"
Кто имеет право на полное освобождение от уплаты налога на приобретение автотранспортных средств согласно ГОСТ МДС 81-23.2000?," Предприятия, организации, учреждения, предприниматели имеют право на полное освобождение от уплаты налога на приобретение автотранспортных средств согласно ГОСТ МДС 81-23.2000, если они приобретают автотранспортные средства путем купли-продажи, мены, лизинга и взносов в уставный фонд."
Какую шкалу ареометра следует использовать при навернутом объемном грузе согласно ГОСТ (к СНиП 3.02.01-83)?," Необходимо использовать шкалу ареометра с пределом измерения при навернутом объемном грузе от 0,9 до 1,7 г/см3."
Какие документы и соглашения могут влиять на установление размера платы за наем жилого помещения?," Влияние на установление размера платы за наем жилого помещения могут иметь договоры найма жилого помещения, извещения о проведении аукциона на право заключения договора, протоколы о результатах аукциона, статьи Закона о Жилищном кодексе Российской Федерации (в частности, 154-я, 157-я), методические указания федерального органа исполнительной власти и приложение к договору."
Какой ГОСТ или СНиП регулирует расчет стоимости строительства в базисном уровне цен?," ГОСТ или СНиП, которые регулируют расчет стоимости строительства в базисном уровне цен: СНиП 1.02.01-85 и СНиР-91 (Сметные нормы и расценок на строительные работы) и СНиП 4.06-91 (Расценок на монтаж оборудования)."
"Что грозит за непредставление оператором связи, собственником или иным владельцем технологической сети связи, имеющими уникальный идентификатор совокупности средств связи и иных технических средств в информационно-телекоммуникационной сети ""Интернет"", информации, представление которой предусмотрено Федеральным законом от 7 июля 2003 года N 126-ФЗ ""О связи""?"," Нарушение требований к представлению информации оператором связи, собственником или иным владельцем технологической сети связи, имеющими уникальный идентификатор совокупности средств связи и иных технических средств в информационно-телекоммуникационной сети ""Интернет"", предусмотрено статьёй 13.43 Кодекса Российской Федерации об административных правонарушениях. За нарушение грозит наложение административного штрафа на должностных лиц в размере от пяти тысяч до десяти тысяч рублей."
Что такое обезжиривание согласно Указаниям по применению федеральных единичных расценок на монтаж оборудования (ФЕРм-2001)?," Обезжиривание в контексте Указаний ФЕРм-2001 - это работы, относящиеся к числу работ, которые учитываются в сметных расчетах (сметах) на монтаж оборудования в разделе ""Строительные работы"" или отдельной смете. Это работа по очищению от железной ржавины оборудования перед его монтажем."
Как формируются ресурсно-технологические модели (РТМ)?," Формирование ресурсно-технологической модели (РТМ) строительно-монтажных работ по жилищному и культурно-бытовому строительству является специальной обработкой набора материальных и трудовых ресурсов, сформированного на основе данных по объектам-представителям. Они включают два блока:

1) ресурсный блок, содержащий специально обработанные (агрегированные) проектные объемы в натуральном выражении материалов, изделий, конструкций и нормативную величину затрат труда работников, занятых на строительно-монтажных работах.
2) стоимостный блок, включающий величину стоимостной оценки как на единицу объема ресурса (цена ресурса), так и на полный его объем. Блок стоимостной оценки модели содержит показатели стоимости ресурсов за период, принимаемый в качестве базового (например, за 1991 год).

Для обеспечения соизмеримости наборы ресурсов и показатели затрат по основным калькуляционным элементам устанавливаются для всех объектов-представителей на 1 млн. руб. сметной стоимости строительно-монтажных работ, расчитанной в базисном уровне сметных норм и цен (т.е. на 01.01.91) для условий осуществления строительства в конкретном регионе (город, область, край).

Для формирования ресурсного блока модели не менее 85 % материалов, изделий и конструкций должно быть учтено по конкретным позициям их основной номенклатуры, сгруппированных по однородным группам. Материалы, не вошедшие в основную номенклатуру, отражаются как «прочие материалы» с фиксацией их доли в процентах суммарной стоимости материалов, охваченных основной номенклатурой."
Какова периодичность капитального ремонта металлических ферм согласно ГОСТ МДС 14-13.2000?, Периодичность капитального ремонта металлических ферм согласно ГОСТ МДС 14-13.2000 составляет 5 лет.
Кто может входить в группу ОГП по СНиП 3.01.03-84?," По СНиП 3.01.03-84, в состав группы ОГП (организационного порядка работ) могут входить заинтересованные организации, которые осуществляют методическое руководство или обеспечивают контроль выполнения строительных работ. Этими организациями могут быть, например, государственные структуры, научные организации, институты проектирования, контролирующие органы и т.д."
Как действует гексаметафосфат натрия на глинистый раствор и цементные растворы согласно ГОСТ (к СНиП 3.02.01-83)?," Гексаметафосфат натрия является коррозионным защитником и используется для консервации железа и стали в цементных растворах. По ГОСТ 24031-87, его допускают в количестве до 0,2 % от массы цемента при производстве армобетона. Он не используется для глинистых растворов по справке к СНиП 3.02.01-83."
"Кто утверждает формы бланков исполнительных листов и порядок их изготовления, учета, хранения и уничтожения?"," Правительство Российской Федерации утверждает формы бланков исполнительных листов, порядок их изготовления, учета, хранения и уничтожения."
"Какое наказание предусмотрено за регистрацию заведомо незаконных сделок с недвижимым имуществом, умышленное искажение сведений государственного кадастра недвижимости и (или) Единого государственного реестра прав на недвижимое имущество и сделок с ним, а равно занижение кадастровой стоимости объектов недвижимости?"," Умышленное регистрация заведомо незаконных сделок с недвижимым имуществом, умышленное искажение сведений государственного кадастра недвижимости и Единого государственного реестра прав на недвижимое имущество, а равно занижение кадастровой стоимости объектов недвижимости совершенные из корыстной или иной личной заинтересованности должностным лицом с использованием своего служебного положения - наказываются штрафом в размере от тридцати тысяч до пятидесяти тысяч рублей или дисквалификацию на срок до трех лет."
Какие телефоны доступны для бесплатной юридической консультации в Санкт-Петербурге и Ленинградской области?, Телефон для бесплатной юридической консультации в Санкт-Петербурге и Ленинградской области: 8 (812) 467-95-28.
Какие элементы должны быть показаны на плане благоустройства согласно ГОСТ МДС 11-7.2000?," На плане благоустройства должны быть показаны проектируемые и сохраняемые проезды, проходы, площадки всех видов, проектируемые и сохраняемые зеленые насаждения с указанием их ассортимента, следует привести перечень малых архитектурных форм и оборудования площадок. На чертеже также должен быть приведен ситуационный план в масштабе 1:5000, на котором должны быть показано размещение проектируемой застройки в районе."
"Как устанавливается порядок мониторинга разработки и утверждения программ комплексного развития систем коммунальной, транспортной и социальной инфраструктуры?"," Порядком мониторинга разработки и утверждения программ комплексного развития систем коммунальной, транспортной и социальной инфраструктуры устанавливается федеральным законом, в частности в статье 7.3 настоящего Кодекса Российской Федерации о градостроительстве и застройке."
В какой очередности переносятся убытки на будущие налоговые периоды?," Убытки переносятся в той очередности, в которой они понесены."
"Какие ГОСТы или СНиПы регулируют проектирование комплексных приемных пунктов, включая парикмахерские и другие виды бытовых услуг?"," Необходимо конкретизировать тип комплексных приемных пунктов, например, парикмахерские. СНиП 23.01.01-85 ""Генеральные требования к проектированию объектов коммунального обслуживания населения"" регулирует проектирование таких объектов, но не определяет конкретного срока документации или стандартов для парикмахерских. Для получения точной информации следует обратиться к специалисту или уточнить в СНиП 23.01.01-85 соответствующую секцию, если она имеется."
Какой предел огнестойкости должен быть у кровельного покрытия согласно ГОСТ МДС-80-8.2000?," Предел огнестойкости кровельного покрытия должен быть не менее 0,25 часа согласно ГОСТ МДС-80-8.2000."
"Какие каналы массовой рекламы непригодны для маркетинга проектной продукции, согласно ГОСТ МДС 11-11.2000?"," Телевидение и радио, согласно данным ГОСТа МДС 11-11.2000 не являются широко использовавшимися каналами рекламы проектной продукции для организаций-разработчиков проектной документации массового применения."
Какие нормативные документы и методические указания перечислены в ГОСТ МДС 81-30.2002 для расчета стоимости дорожных работ?," Нормативные документы и методические указания, перечисленные в ГОСТ МДС 81-30.2002 для расчета стоимости дорожных работ:

1. Свод правил по определению стоимости строительства (СП 81-01-94)
2. Методические указания по определению стоимости строительной продукции на территории Российской Федерации (МДС 81-1.99)
3. Постановление Госстроя России от 01.08.2002 № 92
4. Методические рекомендации по формированию укрупненных показателей базисной стоимости на виды работ и порядку их применения для составления инвесторских смет и предложений подрядчика (УПБС ВР)
5. Регламент по определению стоимости строительства автомобильных дорог, реконструкции, восстановления и ремонта на объектах федеральной автомобильной сети общего пользования
6. Порядок формирования системы ценообразования и сметного нормирования в области сметного ценообразования."
"Какие коэффициенты применяются к затратам на демонтаж легковесного и габаритного оборудования, не подлежащего дальнейшему использованию, с разборкой и резкой на части согласно Указаниям по применению ФЕРм-2001?"," 0,3 для легковесного оборудования, 0,5 для габаритного."
Какие виды экспертизы могут быть проведены и что они включают?," Таможенная экспертиза может быть проведена в отношении товаров, транспортных документов, коммерческих и других документов, а также средств идентификации таких товаров и документов. Виды экспертиз включают товарведческую, материаловедческую, технологическую, криминалистическую, химическую и другие виды."
Какие требования должны быть отражены в инструкциях по охране труда согласно ГОСТ?," Инструкции по охране труда должны включать требования, относящиеся к особенностям используемого оборудования, а также условиям работы. Они разрабатываются руководителями подразделений и должны основываться на действующих документах, учитывать конкретные условия производства и согласовываться с службой (инженером) охраны труда."
Какие права имеет осужденный к смертной казни?," Осужденному к смертной казни в установленном законом порядке разрешается обратиться с ходатайством о помиловании. Также он имеет право на юридическую помощь, получать письма и отправлять их без ограничения, иметь ежемесячно одно краткосрочное свидание с близкими родственниками и иметь свидания со священнослужителем. Его состояние констатируется врачом при исполнении приговора, а процесс определяется Верховным Судом Российской Федерации и Генеральной прокуратурой Российской Федерации. Исполнение приговора приостанавливается до принятия решения Президентом Российской Федерации. Не имеет информации об этом праве на телевидение или радио."
Какие меры предупреждают отклонения инъекторов и скважин от проектного направления согласно ГОСТ (к СНиП 3.02.01-83)?," Мера, предупреждающая отклонения инъекторов и скважин от проектного направления - допустимое отклонение определяется инженерным расчетом с учетом технических возможностей бурения и задается проектом. Способы замера искривлений скважин описаны в пособиях по буровым работам."
Какие примеры заполнения ведомости объемов грунта приведены в СНиПе?," Нет информации о том, что примеры заполнения ведомости объемов грунта приведены в СНиПе."
"Как исчисляется и уплачивается налог на доходы, полученные в виде дивидендов по акциям российских организаций?"," Налог на доходы, полученные в виде дивидендов по акциям российских организаций, исчисляется в соответствии с положениями статьи 226.1 кодекса и уплачивается с учетом особенностей статьи 284.2. Лицо, выпустившее акции, обязано довести до сведения налогоплательщика информацию о полученных дивидендах и примененных к ним ставках налога в одной из следующих форм: электронный документ подписанный электронной подписью; документ на бумажном носителе подписанный уполномоченным лицом российской организации, выпустившей акции."
Какой стандарт (ГОСТ) регламентирует площадь мозаичных полов?," Стандарт ГОСТ 15588-86 регламентирует плиты из минеральной ваты на синтетическом связующем теплоизоляционные, но не прямо указывает на площадь мозаичных полов."
Какие телефоны доступны для бесплатной юридической консультации в Москве и Московской области?, Бесплатная юридическая консультация доступна по телефону: 8 (499) 938-53-71.
Как вручаются судебные извещения через дипломатические каналы?," Судебные извещения могут быть направлены через дипломатические каналы, если они сопровождаются заверенной копией дипломатической ноты, препровождающей направление судебного извещения иностранному государству. Дата получения указанной дипломатической ноты компетентным органом иностранного государства считается датой вручения судебного извещения."
Что должно содержать решение о порядке следования осужденного к месту отбывания наказания в случае назначения ему отбывания лишения свободы в колонии-поселении в резолютивной части обвинительного приговора?," Решение о порядке следования осужденного к месту отбывания наказания в случае назначения ему отбывания лишения свободи в колонии-поселении должно содержать предписание об направлении к месту отбывания наказания и срок, в течение которого осужденный должен прибыть к месту отбывания наказания. Это указывается в статье 75.1 Уголовного кодекса Российской Федерации."
"Кто определяет места отбывания исправительных работ для осужденных, не имеющих основного места работы?"," Места отбывания исправительных работ для осужденных, не имеющих основного места работы, определяются органами местного самоуправления по согласованию с уголовно-исполнительными инспекциями."
Как регулируется оборот земельных участков?," Оборот земельных участков регулируется настоящим Кодексом (Кодекс о земле) и Федеральным законом ""Об обороте земель сельскохозяйственного назначения""."
"Как можно предотвратить самовольное использование товарного знака, фирменного наименования или марки проектной продукции конкурента согласно ГОСТ МДС 80-2.2000?"," Чтобы предотвратить самовольное использование товарного знака, фирменного наименования или марки проектной продукции конкурента согласно ГОСТ МДС 80-2.2000, рекомендуется следующее:
1. Способы содействия развитию конкуренции в проектной организации могут включать разработку конкурентоспособных продуктов и услуг, инновационного подхода к работе, контроль качества и сервиса, а также привлечение новых заказчиков.
2. Регистрация товарных знаков, фирменных наименований и марок в соответствии с российским законодательством позволит защитить права на эти средства индивидуализации и предотвратить их самовольное использование конкурентом.
3. Разработка договоров, соглашений и других юридически подтвержденных текстов с заказчиками, где будет указано, что право на товарный знак, фирменное наименование или марку принадлежит проектной организации.
4. В случае обнаружения незаконного использования товарных знаков, фирменных наименований или марок конкурентами следует обратиться в соответствующие государственные органы с иском о защите прав.
5. Разработка правил и регламентов в проектной организации, которые будут позволить контролировать деятельность всех сотрудников и предотвратить незаконное использование интеллектуальной собственности конкурентов.
6. Для выявления недобросовестной конкуренции в проектной организации следует вести анализ рыночной конъюнктуры, искать способы более эффективного удовлетворения потребностей заказчиков, быстро адаптировать производственную программу проектного института к меняющейся рыночной конъюнктуре.
7. В случае нарушения исключительных прав юридического лица или гражданина-индивидуального предпринимателя судом может быть принято решение о его ликвидации по требованию прокурора."
Какая ставка сбора установлена за прочие объекты водных биологических ресурсов?," Ставка сбора составляет 10 рублей за одну тонну прочих объектов водных биологических ресурсов (моллюски, водоросли)."
Какие задачи входит в область обеспечения проектно-сметной документацией согласно СНиП?," В области обеспечения проектно-сметной документацией выполняются следующие задачи:
1. Выдача исходных данных для разработки проектно-сметной документации;
2. Обеспечение полноты и качества выдаваемых проектной организации исходных данных для проектирования;
3. Согласование с проектной организацией календарного графика разработки и выдачи проектно-сметной документации, контроль за его выполнением;
4. Организация согласования, утверждения и переутверждение проектно-сметной документации (с определением договорной цены), а также внесение в соответствующую документацию исправлений по замечаниям и заключениям подрядных организаций и органов экспертизы."
С какого момента считается исполненным договор розничной купли-продажи товара по образцам?," С момента доставки товара в указанное место, если такое указано в договоре, или месту жительства покупателя-гражданина или месту нахождения покупателя - юридического лица."
Какие нормативы затрат установлены для создания произведений скульптуры и монументально-декоративной живописи?," Невозможно установить точные нормативы затрат для создания произведений скульптуры и монументально-декоративной живописи, так как это зависит от конкретных условий и требований к проекту. Стоимость может зависеть от многих факторов: размера, материала, сложности деталей, накладных расходов и т. д. Для точного определения стоимости необходима конкретизация проекта и выбор подходящего мастера."
Какие телефоны можно использовать для бесплатной юридической консультации в Санкт-Петербурге и Ленинградской области?, Можно использовать номер: 8 (812) 467-95-28 для бесплатной юридической консультации в Санкт-Петербурге и Ленинградской области.
Какие элементы входят в стоимостной блок РТМ согласно СНиП?," В стоимостном блоке РТМ входят показатели стоимости ресурсов, материальных ресурсов, трудовых затратов, стоимости эксплуатации строительных машин и накладных расходов."
"Что происходит, если участники не явились в заседание после перерыва?"," В случае неявки участников процесса после перерыва суд может рассмотреть дело в их отсутствие, если они не сообщили суду об уважительных причинах неявки и не просили рассмотреть дело в их отсутствие."
Какие элементы включаются в комплексы упражнений подготовительных занятий для инвалидов по ГОСТ МДС 35-7.2000?," Элементы комплексов упражнений подготовительных занятий для инвалидов включают специальные оборудование, как с использованием различных тренажеров и снарядов, так и без них. Занятия могут проводиться в залах ОФП либо в специальных залах подготовительных занятий."
Какие данные из технического журнала используются для составления дефектных ведомостей по МДС 14-13.2000?," Сведения о техническом состоянии зданий (или сооружений) на данный период времени, а также история их эксплуатации используются для составления дефектных ведомостей по МДС 14-13.2000."
Какой телефон указан для бесплатной юридической консультации в регионах РФ?, 8 (800) 301-92-12
"Как учитываются доходы, связанные с операциями РЕПО по ценным бумагам, являющимся объектом операций займа?"," Доходы, связанные с операциями РЕПО по ценным бумагам, являющимся объектом операций займа, учитываются в порядке, установленном статьей 214.3 настоящего Кодекса (нет информации об иных способах их учета)."
Какие цели преследуются при технических осмотрах согласно МДС 14-13.2000?," Целями технических осмотров в соответствии с МДС 14-13.2000 являются проверка состояния и функционирования производственных зданий и сооружений, определение нарушений в использовании, содержанию и ремонте жилищного фонда, придомовых территорий и объектов коммунального назначения. Это необходимо для проверки соблюдения нормативных требований и осуществления контроля за состоянием этих объектов."
Какие индексы указаны в таблице 1 для накладных расходов в строительстве?," Индекс удорожания накладных расходов в строительстве указан нет, оно определяется в соответствии с письмом Госстроя России от 18.10.93 № 12-248."
Кто представляет казначейскую отчетность в Министерство финансов Российской Федерации?, Федеральное казначейство представляет казначейскую отчетность в Министерство финансов Российской Федерации.
Какие основные положения описаны в разделе 1.1 ГОСТ МДС 80-3.2000?," В разделе 1.1 ГОСТ МДС 80-3.2000 описаны следующие основные положения:
1) Методические рекомендации направлены на оценку оферт и выбор лучшего решения из предложенных на подрядные торги;
2) Они применяются в соответствии с Положением о подрядных торгах в Российской Федерации;
3) В зависимости от предмета торгов и условий заказчика может осуществляться балльная оценка системы показателей, экономическое соизмерение затрат и прибыли путем расчета величины приведенных затрат или смешанная (балльно-экономическая) оценка;
4) При проведении торгов на строительство, осуществляемое за счет централизованных кредитных ресурсов из федерального бюджета, предпочтение следует отдавать экономической оценке."
Какие данные используются при определении затрат на приобретение основного и вспомогательного оборудования?," При определении затрат на приобретение основного и вспомогательного оборудования используются спецификации, разрабатываемые в составе ТЭО (ТЭП). В случае отсутствия вспомогательного оборудования его стоимость определяется в процентах от стоимости основного оборудования."
Какие особенности определения налоговой базы могут быть установлены?," Особенности определения налоговой базы могут устанавливаться по операциям с ценными бумагами, РЕПО с ценными бумагами, операциям займа ценными бумагами, доходам в виде процентов по вкладам (остаткам на счетах) в банках, прибыли участников консолидированной группы налогоплательщиков, операциям с цифровыми финансовыми активами и (или) цифровыми правами, доходам от долевого участия в других организациях."
Какие сведения могут запрашивать представители работников у работодателя по вопросам введения технологических изменений?," Представители работников имеют право запрашивать у работодателя информацию по вопросам введения технологических изменений, которые могут влечь за собой изменение условий труда работников."
Что означает пункт 11 в перечне операций с подакцизными товарами?," Пункт 11 в перечне операций с подакцизными товарами указано, что определяется налоговая база при ввозе подакцизных товаров на территорию Российской Федерации и иные территории, находящиеся под ее юрисдикцией. В случае использования твердых (специфических) налоговых ставок - как объем ввозимых подакцизных товаров в натуральном выражении; при использовании адвалорных (в процентах) налоговых ставок, как сумма: их таможенной стоимости, подлежащей уплате таможенной пошлины."
Как проводятся общественные обсуждения или публичные слушания по проекту решения о предоставлении разрешения на условно разрешенный вид использования земельного участка?," Общественные обсуждения или публичные слушания по проекту решения о предоставлении разрешения на условно разрешенный вид использования земельного участка проводятся в соответствии с положениями статьи 5.1 настоящего Кодекса, за исключением случаев, предусмотренных настоящим Кодексом и другими федеральными законами. Участниками общественных обсуждений или публичных слушаний являются граждане, постоянно проживающие на территории, в отношении которой подготовлены данные проекты, правообладатели земельных участков и (или) расположенных на них объектов капитального строительства, а также правообладатели помещений, являющихся частью указанных объектов капитального строительства."
"Какой документ определяет, что отчисления включаются в себестоимость продукции (работ, услуг)?"," Постановление Правительства Российской Федерации от 05.08.92 № 552 ""О порядке формирования финансовых результатов, учитываемых при налогообложении прибыли"""
Что происходит с сроком действия трудового договора при переводе на должность научного работника в результате избрания по конкурсу?," При переводе на должность научного работника в результате избрания по конкурсу, срок действия трудового договора может быть изменен по соглашению сторон."
"Какие условия содержания предусмотрены для осужденных к смертной казни, в отношении которых приговор суда вступил в законную силу, но вопрос о помиловании не решен?"," Осужденные к смертной казни, в отношении которых приговор суда вступил в законную силу, но вопрос о помиловании не решен, содержатся в условиях, предусмотренных статьей 127 Кодекса об исполнении наказания."
Какова средняя площадь квартир в 24-квартирном индивидуальном проекте повторного применения?," В указанном случае средняя площадь квартир в 24-квартирном индивидуальном проекте повторного применения равна 1560 м², как можно увидеть из таблицы 1 в документе."
"Какие административные правонарушения может рассматривать федеральный орган исполнительной власти, осуществляющий функции по контролю и надзору в финансово-бюджетной сфере, согласно статье 23.7?"," Федеральный орган исполнительной власти, осуществляющий функции по контролю и надзору в финансово-бюджетной сфере может рассматривать административные правонарушения, предусмотренных статьями 7.29.3, частями 8 - 10 статьи 7.32, статьями 7.32.6, 15.1, 15.14 - 15.15.16, частью 20 статьи 19.5 и частью 1 статьи 19.7.2 настоящего Кодекса (в пределах своих полномочий)."
"Какие требования предъявляет ГОСТ МДС 17-13.2000 к утеплению трубопроводов, наличию или неисправности освещения продухов?"," ГОСТ МДС 17-13.2000 не устанавливает определенные требования к утеплению трубопроводов, но в СНиП 2.08.01-89 и ПН-5-74 предполагается утепление трубопроводов для предотвращения конденсата на поверхности трубопровода.

По повоemu относительно освещения продухов, в СНиП 2.08.01-89 и ПН-5-74 не содержится прямых требований о его наличии или условиях, но содержание помещений подвалами и технических подпольями должно быть освещенным."
Что такое совокупность преступлений согласно статье 17 Уголовного кодекса РФ?," Совокупностью преступлений в соответствии с статьёй 17 Уголовного кодекса РФ признается совершение двух или более преступлений, ни за одно из которых лицо не было осуждено, за исключением случаев, когда совершение двух или более преступлений предусмотрено статьями Особенной части настоящего Кодекса в качестве обстоятельства, влекущего более строгое наказание. Лицо несет уголовную ответственность за каждое совершенное преступление по соответствующей статье или части статьи настоящего Кодекса."
Какое значение коэффициента принимается до начала применения налоговой ставки налога на прибыль организаций?, Коэффициент принимается равным 0 до начала применения налоговой ставки налога на прибыль организаций в соответствии с пунктом 4 статьи 342.3 настоящего Кодекса.
Какие коэффициенты разрабатываются для учета изменений условий производства работ согласно ГОСТ МДС 81-10.2000?, Коэффициенты для учета изменений условий производства работ разрабатываются в технических частях сборников ПВР.
Как рассчитываются индексы цен на строительно-монтажные работы согласно ГОСТу?," Индексы цен на строительную продукцию рассчитываются в соответствии с Методическими рекомендациями Министерства строительства Российской Федерации. Это отношения текущих (прогнозных) стоимостных показателей к базисным стоимостным показателям на сопоставимые по номенклатуре и структуре ресурсы, наборы ресурсов или ресурсно-технологические модели строительной продукции. Индексы выражаются в безразмерных величинах (обычно с двумя значащими цифрами после запятой) и могут использоваться при определении стоимости строительства, расчетах между заказчиками и подрядными организациями за выполненные работы. Имеются три основных варианта расчётов индексов: по объектам-представителям или по конкретным объектам, по видам работ на основе сборника УПБС ВР (укрупненные показатели базисной стоимости на виды работ), и по видам работ на основе ресурсно-индексного метода с использованием ресурсно-технологических моделей на укрупненные виды работ."
Какая стоимостная оценка в базисном уровне (на 01.01.91) указана для электроконструкций в ГОСТ?," В базисном уровне (01.01.91) для электроконструкций в данной таблице стоимостная оценка составляет 371,4 рублей за штуку."
Какие доказательства могут быть исследованы при рассмотрении материалов налоговой проверки?," Допустимы доказательства, представленные в соответствии с Кодексом РФ о налогах и сборах, а также полученные из специальной декларации по Федеральному закону ""О добровольном декларировании физическими лицами активов и счетов (вкладов) в банках и о внесении изменений в отдельные законодательные акты Российской Федерации"". Не допускается использование доказательств, полученных нарушением кодекса."
Какое решение о разработке проектной документации в сокращенном объеме должно быть включено в задание?, В задании на разработку проектной документации следует указать решение о разработке техдокументации в сокращенном объеме.
Какие меры предпринимаются в случае повреждения каналов связи?," В случае повреждения каналов связи следует принимать неотложные меры для их восстановления, как это указано в статье 76 Кодекса Российской Федерации о праве на аренду каналов связи. Уполномоченный орган в области связи, органы связи федеральных органов исполнительной власти, а также граждане и юридические лица, имеющие право на предоставление услуг связи, обеспечивают первоочередное предоставление каналов связи для обеспечения полетов воздушных судов и другой деятельности по использованию воздушного пространства и принимают неотложные меры по замене каналов связи и их восстановлению в случае повреждения."
Какой индекс изменения стоимости СМР был в Брянской области в IV кв. 1992 г. по сравнению с базисным уровнем на 01.01.91 согласно МДС 81-9.2000?," Индекс изменения стоимости СМР в Брянской области в IV квартале 1992 г. по сравнению с базисным уровнем на 01.01.91 согласно МДС 81-9.2000 составляет 1,51."
Какова стоимость строительных работ в II квартале 1993 года в текущем уровне цен?, Стоимость строительных работ в II квартале 1993 года в текущем уровне цен равна 90000 рублей.
Какие ГОСТы или СНиПы регулируют проектирование площадок для волейбола?," Наименование документов, которые регулируют проектирование площадки для волейбола - это СНиП 2.08.01.89 и ГОСТ 23744-82."
Каким образом крепятся элементы светопропускающего заполнения к опорным конструкциям согласно ГОСТ МДС 31-8.2002?, Элементы светопропускающего заполнения крепятся к опорным конструкциям соединением на болтах или самонарезающих винтах. Допускается также соединение элементов на сварке.
"Какой период просрочки исполнения обязательства, обеспеченного залогом, считается допустимым?"," Допустимый период просрочки исполнения обязательства, обеспеченного залогом - менее чем три месяца (по статье 349 Кодекса РФ). Если в договоре не предусмотрено иное - систематическое нарушение сроков внесения платежей более чем три раза в течение двенадцати месяцев перед датой обращения в суд или даты направления уведомления об обращении взыскания на заложенное имущество во внесудебном порядке (по статье 349, подпункт 3 Кодекса РФ)."
"Что происходит с затонувшим имуществом, если владелец отказывается от своих прав?"," Если владелец затонувшего имущества отказывается от своих прав, то право собственности на затонувшее имущество возникает у субъекта Российской Федерации, к побережью которого ближе всего расположено затонувшее имущество (статья 111 статьи 109 Кодекса Российской Федерации о внутреннем водном транспорте)."
Что такое земли сельскохозяйственного назначения?," Земли сельскохозяйственного назначения - это земельные участки, предназначенные для ведения сельскохозяйственного производства, создания мелиоративных защитных лесных насаждений, научно-исследовательских, учебных и иных связанных с сельским хозяйством целей, а также для целей аквакультуры (рыбоводства). Эти земельные участки могут использоваться крестьянскими (фермерскими) хозяйствами, гражданами, ведущими личные подсобные хозяйства, животноводство, садоводство или огородничество для собственных нужд; хозяйственными товариществами и обществами, производственными кооперативами, государственными и муниципальными унитарными предприятиями, иными коммерческими организациями; некоммерческими организациями, в том числе потребительскими кооперативами, религиозными организациями; казачьими обществами; опытно-производственными, учебными, учебно-опытными и учебно-производственными подразделениями научных организаций, образовательных организаций, осуществляющих подготовку кадров в области сельского хозяйства, и общеобразовательных организаций; общинами коренных малочисленных народов Севера, Сибири и Дальнего Востока Российской Федерации для сохранения и развития их традиционных образа жизни, хозяйственной деятельности и промыслов."
Какой способ выполнения работ по капитальному ремонту рекомендует ГОСТ МДС 14-13.2000?," Капитальный ремонт производственных зданий и сооружений в соответствии с Положением ГОССТРОЙ СССР МДС 14-13.2000 предполагает планирование работ на основе прогнозируемых недостатков, проведение ремонта в период вышедшего из строя конструктивного элемента или оборудования, а также отреставрировать и восстановить здание (сооружение) до первоначального состояния."
Какие законы Российской Федерации устанавливают состав земель поселений?," Законы Российской Федерации, устанавливающие состав земель поселений, определяются в основном законодательством об административно-территориальном устройстве и градостроительстве. Например:

1. Закон Российской Федерации от 6 октября 2003 г. N 131-ФЗ ""Об обще Principles of Administrative-Territorial Division of the Russian Federation"";
2. Закон Российской Федерации от 6 июля 2004 г. N 73-ФЗ ""О градостроительстве в Российской Федерации"".

Если имеется необходимость по получению дополнительной информации, рекомендую обратиться к юридической консультации."
"Какие правила применяются к правам на исполнение, созданное в пределах установленных для работника (исполнителя) трудовых обязанностей?"," Права на исполнение, созданное в пределах установленных для работника (исполнителя) трудовых обязанностей применяются правилами статьи 1295 настоящего Кодекса."
Какие элементы должны быть показаны на схеме транспорта для городов с расчетной численностью населения 500 тысяч человек и более согласно ГОСТ МДС 11-7.2000?," Территории и сооружения внешнего транспорта (железнодорожные пути и станции, аэропорты, мосты, путепроводы, тоннели и др.), классификация улично-дорожной сети, трассы и сооружения внеуличного и надземного рельсового общественного транспорта; размещение депо метро, трамвайных и автобусно-троллейбусных парков, крупных гаражей и стоянок легковых автомобилей."
Какие коэффициенты применяются при демонтаже сборных деревянных конструкций?," Коэффициент 0,8 для демонтажа сборных деревянных конструкций."
Какие технические характеристики и допуски для метода створных наблюдений приведены в СНиП 3.01.03-84?," Нет информации о том, что технические характеристики и допуски для метода створных наблюдений приведены в СНиП 3.01.03-84."
"Что означает, что решение суда первой инстанции может быть изменено или отменено, если нарушение привело или могло привести к принятию неправильного решения?"," Решение суда первой инстанции может быть изменено или отменено, если нарушение процессуальных правил привело или могло привести к принятию неправильного решения."
"Допускается ли укрупнение номенклатуры при составлении сводного расчета затрат российских организаций в смешанных ценах, согласно ГОСТ МДС 81-21.2000?"," Да, укрупнение номенклатуры допускается при составлении сводного расчета затрат российских организаций в смешанных ценах, согласно ГОСТ МДС 81-21.2000."
Могут ли органы государственной власти субъектов РФ устанавливать более высокие размеры районных коэффициентов?, Неинформация о возможности для органов государственной власти субъектов РФ установления более высоких размеров районных коэффициентов в тексте предоставленном.
"Когда не признается реализацией товаров, работ или услуг?"," Не признается реализацией товаров, работ или услуг:
1) осуществление операций, связанных с обращением российской или иностранной валюты (за исключением целей нумизматики);
2) передача основных средств, нематериальных активов и иного имущества организации ее правопреемнику (правопреемникам) при реорганизации этой организации;
3) ...(не завершено)"
Какие требования предъявляются к точности разбивки длин сторон опорного контура и измерению углов и линий согласно СНиП 3.01.03-84?," Требования к точности разбивки длин сторон опорного контура и измерению углов и линий согласно СНиП 3.01.03-84 зависят от подъемности оболочек и допустимых отклонений в плане и по высоте монтажа сборных элементов оболочки. Точность разбивки длин сторон опорного контура должна быть обусловлена подъемностью оболочек и допустимыми отклонениями в плане и по высоте монтажа сборных элементов, а для того чтобы это сделать используют формулы (17), (18) и (19)."
Какие задачи ставит перед собой руководство проектной организации при формировании антимонопольных воздействий согласно ГОСТ МДС 80-2.2000?," Руководство проектной организации ставит перед собой следующие задачи при формировании антимонопольных воздействий:
1. Предотвращение, ограничение и пресечение действий подразделений (специалистов), занимающих доминирующее положение в проектной организации, которые могут иметь своим результатом существенное ограничение конкуренции и/или ущемление интересов других подразделений (работников).
2. Преодоления монопольного положения подразделений (работников), в том числе путем принятия решения о принудительном разделении подразделений и/или создании новых рабочих мест (должностей).
3. Запрещение слияния и присоединения подразелений, в случаях, когда подразделения занимают доминирующее положение, осуществляют монополистическую деятельность."
Какие лица могут участвовать в судебном заседании через веб-конференцию?," Лица, участвующие в деле, и другие участники арбитражного процесса могут участвовать в судебном заседании путем использования системы веб-конференции при условии заявления ими соответствующего ходатайства и при наличии в арбитражном суде технической возможности осуществления веб-конференции."
В какой форме выдается судебный приказ?," Судебный приказ может быть выполнен в форме электронного документа, подписанным усиленной квалифицированной электронной подписью, и на бумажном носителе в двух экземплярах. Экземпляры судебного приказа, выполненные на бумажном носителе, составляются на специальном бланке и подписываются судьей."
Какие товары приобретают статус товаров Союза после помещения под таможенную процедуру реимпорта?," Товары, ранее вывезенные с таможенной территории Союза, в отношении которых применялась таможенная процедура реимпорта, приобретают статус товаров Союза."
Какие действия должен выполнять заказчик-застройщик в части передачи оборудования и материалов в монтаж?," Заказчик-застройщик должен осуществлять согласование и своевременное представление в установленном порядке заявок на оборудование, аппаратуру и материалы. Он также должен обеспечивать приемку, учет и надлежащее хранение находящегося на складах оборудования, изделий и материалов; передавать подрядным организациям оборудование, материалы и аппаратуру для монтажа. Он должен не допускать хранения оборудования на складах сверх нормативного срока, а в случае нарушения производит тщательные предмонтажные ревизии и устранение дефектов, вызванных его длительным хранением."
Какие требования предъявляются к монтажу зенитных фонарей со светопропускающими элементами из листового стекла или стеклопакетов без установленных в световом проеме защитных металлических сеток согласно ГОСТ МДС 31-8.2002?," Согласно ГОСТ МДС 31-8.2002, монтаж зенитных фонарей со светопропускающими элементами из листового стекла или стеклопакетов без установленных в световом проеме защитных металлических сеток не разрешается."
Что грозит за установку на передней части транспортного средства световых приборов с огнями красного цвета?, Установка на передней части транспортного средства световых приборов с огнями красного цвета влечет наложение административного штрафа на граждан в размере трех тысяч рублей с конфискацией указанных приборов и приспособлений.
"Какую дополнительную информацию о претенденте следует указывать в форме 'Наименование организации, фирмы, консорциума' согласно ГОСТ МДС 80-5.2000?"," В форме ""Наименование организации, фирмы, консорциума"" следует указать: наименование организации (фирмы, консорциума), реквизиты, адрес, ответственное лицо, форму общества и уставный капитал."
Какие действия предпринимают финансовые органы для установления порядка составления бюджетной отчетности?," Финансовые органы определяют порядок составления бюджетной отчетности в соответствии с законодательством, включая установление форм и требований к бухгалтерскому учету и составлению бюджетных отчетов."
Какой телефон можно использовать для бесплатной юридической консультации в регионах РФ?, 8 (800) 301-92-12 - это телефон для бесплатной юридической консультации в регионах РФ.
В каком виде выдается судебный приказ?," Судебный приказ может быть выполнен в форме электронного документа, подписанным усиленной квалифицированной электронной подписью или на бумажном носителе."
Какие требования к фрагментам бортов ванн согласно ГОСТ МДС 35-7.2000?," По периметру ванны следует устраивать борт высотой 0,65 м. С одной длинной стороны уровень обходной дорожки понижен на 0,15 м для работы врача или инструктора. Вне габаритов ванны следует предусматривать пологую лестницу для спуска в воду."
Что должен делать правообладатель в случае изменения сведений о себе?," Правообладатель должен обратиться в федеральный орган исполнительной власти, ответственный за регистрацию интеллектуальной собственности, чтобы изменить сведения о себе в Реестре программ для ЭВМ или Реестр баз данных."
Какие стадии проектирования указаны для крытых тиров для пуевой стрельбы согласно СНиП?," СНиП (Стандартные проектные документы) для строительства не предусматривает явных стадий проектирования для крытых тиров для пулевой стрельбы. Однако, согласно таблице 6 в СНиП 23-01-2008 ""Строительство объектов спортивно-оздоровительных комплексов"", разработка проектной документации для крытых тиров включает стадии: проектирования общих принципов, архитектуры и проектирования рабочих чертежей, а также помещений, оборудования и систем."
Как заключаются соглашения для социально-экономического развития поселений?," Соглашения для социально-экономического развития поселений заключаются между полномочными представителями работников и работодателей на разных уровнях социального партнерства в пределах их компетенции. Могут быть двусторонними или трехсторонними. Соглашения, содержащие обязательства, финансовое обеспечение выполнения которых осуществляется за счет средств соответствующих бюджетов, должны заключаться при обязательном участии соответствующих органов государственной власти или органов местного самоуправления, являющихся стороной соглашения."
Какие расходы не учитываются при определении налоговой базы клиринговых организаций?," Не учитываются следующие расходы:
1) денежные средства и иное имущество, которые обеспечивают исполнение обязательств участников клиринга и переданы клиринговой организацией в счет исполнения таких обязательств;
2) денежные средства и иное имущество, переданы клиринговой организации участникам клиринга по итогам осуществления клиринга (расчетов), в том числе по договорам, стороной по которым является клиринговая организация;
3) денежные средства и иное имущество, переданы участникам клиринга и которые получены клиринговой организацией от использования фондов, сформированных клиринговой организацией за счет взносов данных участников клиринга в целях обеспечения исполнения обязательств по гражданско-правовым договорам;
4) денежные средства и иное имущество, внесенные в имущественный пул клиринговой организации в соответствии с Федеральным законом от 7 февраля 2011 года N 7-ФЗ ""О клиринге и клиринговой деятельности""."
"Какие действия должен предпринять перевозчик, если груз был принят для перевозки после наступления срока прекращения обязательного приема груза?"," Если груз был принят для перевозки после наступления срока прекращения обязательного приема груза, а грузоотправитель или грузополучатель в течение четырех суток не поступило распоряжение о том, как поступить с грузом, перевозчик имеет право по своему усмотрению за счет грузоотправителя, грузополучателя оставить его на хранение до появления возможности продолжения рейса, в том числе на судне в зимнее время года, или реализовать груз в порядке, предусмотренном статьей 85 Кодекса об обеспечении перевозок грузов (подробности см. текст статьи 85 на сайте <https://kvvt.ru/>)."
Какие виды геодезического контроля проводятся согласно СНиП 3.01.03-84?," Согласно указанному документу, проводятся следующие виды геодезического контроля:
- Микротриангуляция, микротрилатерация, полигонометрия, засечки, параллактический.
Это зависит от требований точности разбивочных работ, размеров строительной площадки, условий работы на ней и формы сооружения."
"Что происходит, если банк несвоевременно зачисляет или списывает средства?"," При несовместном зачислении или списанию средств банком, в соответствии с документами, уплата процентов может быть предусмотрена. Клиент имеет право потребовать отставку банка и возмещение причинённых убытков."
Могут ли клиринговые организации быть участниками консолидированной группы налогоплательщиков?," Да, клиринговые организации могут быть участниками консолидированной группы налогоплательщиков, но только в случае, если все другие организации, входящие в эту группу, не являются клиринговыми организациями."
"Какое наказание предусмотрено за незаконное получение сведений, составляющих государственную тайну?"," Наказание за незаконное получение сведений, составляющих государственную тайку, предусмотрено в статье 283.1 Кодекса Российской Федерации о государственной измене. Нарушитель может быть привлечен к штрафу или лишению свободы на срок до 4 лет, а в особых случаях - до 8 лет."
Какая фирма представлена в списке основных характеристик изделий?, Фирма «CAODURO S.P.A.»
Какие требования к травмобезопасности комплексных игровых площадок указаны в ГОСТ МДС 35-7.2000?," Требования к травмобезопасности комплексных игровых площадок указаны в ГОСТ МДС 35-7.2000 следующими образом:

* Ограждения площадок высотой 1 - 1,2 м из металлических сеток, дерева или живой изгороди в местах примыкания площадок к улицам, железным дорогам, глубоким водоемам.
* Дренаж для отвода воды и уборки площадки."
"Какое название имеет документ, регламентирующий проектирование и устройство фонарей для естественного освещения помещений согласно ГОСТ МДС 31-8.2002?"," Название документа, регламентирующего проектирование и устройство фонарей для естественного освещения помещений согласно ГОСТ МДС 31-8.2002 - ""Рекомендации по проектированию и устройству фонарей для естественного освещения помещений""."
Какие требования предъявляет ГОСТ МДС 35-7.2000 к проектированию висячего моста?," ГОСТ МДС 35-7.2000 не предусматривает явных требований к проектированию висячего моста. Однако для всех типов сооружений рекомендованные нормы содержат общие требования, которые могут быть распространены и на висячие мосты:
- соответствие конструкции действующим стандартам;
- условия безопасности для пользователей;
- условия доступности для людей с ограниченными возможностями;
- обеспечение здорового и комфортного климата в помещениях;
- соответствие экологическим требованиям;
- обслуживание и техническое обновление."
"Какие действия следует предпринять при обнаружении сквозных и волосных трещин согласно ТП-70 С., СНиП II-22-81, СНиП 2.03.01-84*?"," Ремонтировать трещины в стенках здания с помощью уплотнителей, а также загерметизировать их мастикой или целесообразно покрасить гидрофибрирующей краской."
Какие инвестиции не учитываются при расчете численности аппарата заказчика-застройщика согласно ГОСТ МДС 81-7.2000?," Инвестиции из федерального бюджета, передаваемые для реализации другим юридическим или физическим лицам не учитываются при расчете численности аппарата заказчика-застройщика."
Как закладывают контрольные знаки перед началом бетонирования и подъема опалубки? (СНиП 3.01.03-84)," Контрольные знаки перед началом бетонирования и подъема опалубки закладывают в зависимости от формы опалубки: при прямоугольной форме — по углам здания, при круглой — внутри опалубки, используя технологические отверстия."
Какие данные должны быть указаны в графе 'УТВЕРЖДЕНИЕ'?," В графе ""УТВЕРЖДЕНИЕ"" должны быть указаны: наименование организации (инстанции), утвердившей проектную документацию, наименование, дата и номер документа."
Кто имеет право на вознаграждение в соответствии с абзацем третьим пункта 2 статьи 1295?," Автор созданного по заказу произведения, которому не принадлежит исключительное право на произведение, имеет право на вознаграждение в соответствии с абзацем третьим пункта 2 статьи 1295."
Какой ГОСТ или СНиП определяет методику расчета трудоемкости АУП?," Gost R 12.3-97 - Строительство зданий и сооружений. Технология, техническое регулирование и контроль. Методика расчета трудоемкости ауспурных работ на строительной площадке"
Какой индекс изоляции воздушного шума (JB) должен быть согласно ГОСТ МДС-80-8.2000?," Для применения в жилых домах и зданиях соцкультбыта, согласно ГОСТ МДС-80-8.2000, должен быть минимум 50 дБ."
Какие требования к цветовым решениям для предотвращения чрезмерной яркости зон отдыха указаны в ГОСТ МДС 35-7.2000?," В ГОСТ МДС 35-7.2000 рекомендуется применять чистые, независящие от качества освещения контрастные цвета для залов физкультурно-оздоровительных сооружений: пол - голубой (желтый), стены - желтые (голубые). Для указателей, маркировок и других ориентиров в залах рекомендуются сочетания голубого, черного, зеленого, красного с белым или желтого с черным. Цветом следует выражать функциональную особенность помещения и инвентаря (мячи - желтые или красные, силовые тренажеры - голубой, зеленый)."
Как определяется прибыль (убыток) от реализации или выбытия амортизируемого имущества?," Прибыль (убыток) от реализации или выбытия амортизируемого имущества определяется в соответствии с установленным порядком: прибыль включается в состав налоговой базы в том отчетном периоде, в котором была осуществлена реализация имущества; убыток отражается в аналитическом учете как прочие расходы, срок определяется в месяцах (разница между количеством месяцев срока полезного использования этого имущества и количеством месяцев эксплуатации имущества до момента его реализации, включая месяц, в котором имущество было реализовано)."
Как контролируется перенесение разбивочных осей в натуру согласно СНиП 3.01.03-84?," Для контроля переноса разбивочных осей в натуру согласно СНиП 3.01.03-84 используется метод триангуляции или полигонометрии, а также засечки и четырехугольники. Место закрепления знака должно быть удобным для установки на знаке геодезических приборов и ведения наблюдения с них. Измеренные координаты точек сравнивают с проектными, а в случае недопустимых значений изменяют положения центров осевых знаков на местности. После редуцирования производятся угловые и линейные контрольные измерения."
Какие основные данные должны быть включены в годовой план капитального ремонта согласно ГОСТ МДС 14-13.2000?," В годовом плане капитального ремонта должны быть включены:

б) наименование и количество основных работ по каждому объекту;
в) сметную стоимость годового объема работ;
г) календарные сроки ремонтов;
д) потребность в основных материалах, строительных изделиях, транспорте, средствах механизации и рабочих."
"Какие изменения внесены в Закон ""Об акцизах"" в статье 3, пункте 2?"," Внесены изменения, согласно которым акцизами не облагаются подакцизные в Российской Федерации товары, происходящие с территории государств - членов СНГ, при ввозе их на территорию Российской Федерации."
Какие индексы указаны в таблице 1 для отчислений на социальные нужды?," Индексы указаны в виде конкретных ставок налога на содержание жилищного фонда и объектов социально-культурной сферы, которые устанавливаются представительными органами власти - местными Советами народных депутатов в размере не превышающем 1,5 процента от объема реализации продукции (работ, услуг), произведенной юридическими лицами, расположенными на соответствующей территории. Конкретные ставки и порядок их взимания также устанавливаются представительными органами власти - местными Советами народных депутатов."
Какие категории земель городов и других поселений указаны в ГОСТ МДС 11-7.2000?," В ГОСТ MDS 11-7.2000 указаны категории земель городов и других поселений, такие как:

* сельские поселения
* городские поселения
* земли промышленности, транспорта, связи, радиовещания, телевидения, информатики и космического обеспечения
* земли специального назначения
* земли природно-заповедного, лечебно-оздоровительного, рекреационного и историко-культурного назначения
* земли лесного фонда (включая леса первой группы)
* земли водного фонда
* земли запаса
* земли государственной собственности
* земли муниципальной собственности
* земли частной собственности благоприятные по экологическим, санитарно-гигиеническим требованиям и условиям безопасности."
Какое согласие требуется для избрания меры пресечения в виде заключения под стражу в отношении судьи Конституционного Суда Российской Федерации?, Для избрания меры пресечения в виде заключения под стражу в отношении судьи Конституционного Суда Российской Федерации требуется согласие Конституционного Суда Российской Федерации.
Какие картографические и справочные материалы результатов инженерных изысканий и исследований должны содержаться в исходной информации согласно ГОСТ МДС 11-7.2000?," Картографические и справочные материалы по результатам инженерных изысканий и исследований должны включать материалы топографо-геодезической подосновы, данные лабораторного анализа грунтов, рекомендации по восстановлению несущей способности конструктивных элементов и обеспечению сейсмостойкости объекта."
Какая единица измерения используется для разработки норм согласно ГОСТ МДС 81-13.2000?," Нет информации о том, какую единицу измерения используется для разработки норм согласно ГОСТ МДС 81-13.2000."
"Какие работы по заделке выбоин в цементных, бетонных и асфальтовых полах предусмотрены в ГОСТ МДС 14-13.2000?"," В ГОСТ МДС 14-13.2000 не предусмотрены работы по заделке выбоин в цементных, бетонных и асфальтовых полах."
"Используется ли сметная стоимость по объемам работ, выполняемым иностранными firmами, при определении сметной стоимости строительства в смешанных ценах?"," Нет, используется нет."
Какие иные документы и материалы могут быть представлены?," Другими документами и материалами, которые могут быть представлены в соответствии с указанными статьями кодекса, являются:

* Деловая корреспонденция;
* Справки;
* Иные документы и материалы, выполненные в форме цифровой или графической записи, полученные посредством факсимильной, электронной или другой связи с использованием информационно-телекоммуникационной сети ""Интернет"";
* Системы видеоконференц-связи, системы веб-конференции (при наличии технической возможности для такой передачи документов и материалов);
* Протоколы совершения отдельных процессуальных действий;
* Приложения к протоколам совершения отдельных процессуальных действий (схемы, карты, планы, чертежи);
* Судебные акты."
"Какой штраф предусмотрен для юридических лиц за непредставление или несвоевременное представление данных, позволяющих идентифицировать владельца программно-аппаратных средств доступа к информационным ресурсам, информационно-телекоммуникационным сетям, доступ к которым ограничен?"," Штраф за непредставление или несвоевременное представление данных, позволяющих идентифицировать владельца программно-аппаратных средств доступа к информационным ресурсам, информационно-телекоммуникационным сетям, доступ к которым ограничен, составляет от пятидесяти тысяч до трехсот тысяч рублей."
Как проверяется внешний облик построенного или реконструированного объекта?," Внешний облик построенного или реконструированного объекта проверяется в соответствии с описанием внешнего облика, которое было приложено к уведомлению о планируемом строительстве. Орган исполнительной власти субъекта Российской Федерации, уполномоченный в области охраны объектов культурного наследия, проверяет соответствие или несоответствие описания внешнего облика построенного или реконструированного объекта индивидуального жилищного строительства или садового дома предмету охраны исторического поселения и требованиям к архитектурным решениям объектов капитального строительства, установленным градостроительным регламентом применительно к территориальной зоне, расположенной в границах территории исторического поселения федерального или регионального значения. В случае ненаправления в указанный срок уведомления о несоответствии указанного описания внешнего облика построенного или реконструированного объекта индивидуального жилищного строительства или садового дома указанным предмету охраны исторического поселения и требованиям к архитектурным решениям объектов капитального строительства указанное описание внешнего облика считается соответствующим таким предмету охраны исторического поселения и требованиям к архитектурным решениям объектов капитального строительства."
Как часто следует проверять горизонтальность рядов кладки согласно СНиП 3.01.03-84?," Согласно указанному документу, контроль горизонтальности рядов кладки должен осуществляться линейными измерениями от продольных и поперечных разбивочных осей здания (сооружения). Однако частота проверять не указана."
Когда автор считается согласившимся на обнародование произведения?," Автор считается согласившимся на обнародование произведения в следующих случаях:
1. При самостоятельном осуществлении действия по публикованию, публичному показу, публичному исполнению, сообщению в эфир или по кабелю либо любым другим способом (Статья 1268.1);
2. Если он передал произведение другому лицу для использования по договору и не отменил это решение (Статья 1268.2)."
Какие документы должны быть представлены для вычета акциза при использовании стали жидкой для производства продуктов металлургического производства?," Для вычета акциза при использовании стали жидкой для производства продуктов металлургического производства должны быть представлены документы, предусмотренные пунктом 32 статьи 201 настоящего Кодекса."
"Что влечет наложение административного штрафа в размере от одной тысячи пятисот до двух тысяч пятисот рублей с конфискацией форменной одежды, знаков различия, символики государственных военизированных организаций, правоохранительных или контролирующих органов согласно части 2 статьи 17.12?"," Наложение административного штрафа в размере от одной тысячи пятисот до двух тысяч пятисот рублей с конфискацией форменной одежды, знаков различия, символики государственных военизированных организаций, правоохранительных или контролирующих органов согласно части 2 статьи 17.12 влечет запрещение ношения форменной одежды, знаков различия и символики государственных военизированных организаций, правоохранительных или контролирующих органов на срок от одного года до двух лет."
Какие условия позволяют уполномоченным экономическим операторам выпускать товары до подачи декларации?," Уполномоченные экономические операторы могут производить выпуск товаров до подачи декларации в соответствии с статьей 120 настоящего Кодекса, а именно:

1. Если заявление о выпуске товаров до подачи декларации на товары подано в виде электронного документа или на бумажном носителе, если таможенному органу отсутствует возможность обеспечить реализацию лицу возможности подачи такого заявления в виде электронного документа в связи с неисправностью используемых таможенными органами информационных систем, вызванной техническими сбоями, нарушениями в работе средств связи (телекоммуникационных сетей и сети Интернет), отключением электроэнергии, а также в иных случаях, установленных законодательством государств-членов.
2. При выполнении всех положений пункта 1 или 2 статьи 441 настоящего Кодекса, если заявление о выпуске товаров до подачи декларации на товары подано уполномоченным экономическим оператором.
3. При соблюдении условий помещения товаров под заявленную таможенную процедуру, за исключением условий уплаты таможенных пошлин, налогов, специальных, антидемпинговых, компенсационных пошлин, а также случаев, когда такое условие может быть подтверждено после выпуска товаров.
4. При отсутствии требования предоставления обеспечения исполнения обязанности по уплате таможенных пошлин, налогов, специальных, антидемпинговых, компенсационных пошлин в соответствии с пунктом 5 статьи 441 настоящего Кодекса."
Какие требования к модульной конструкции зенитных фонарей согласно ГОСТ МДС 31-8.2002?," Требования к модульной конструкции зенитных фонарей согласно ГОСТ МДС 31-8.2002 включают:

1. Конструктивное решение
2. Сопротивление теплопередаче
3. Воздухопроницаемость
4. Несущая способность
5. Атмосферостойкость
6. Качество заделки стыков между отдельными элементами
7. Сохранность элементов и их отделка
8. Работа механизмов открывания
9. Стиль окраски и вид защитных покрытий
10. Гибкость конструкции для устройства на существующее покрытие"
Какие нормативы отчислений установлены для налога на имущество физических лиц в бюджетах городских округов с внутригородским делением?, Налог на имущество физических лиц в бюджетах городских округов с внутригородским делением подлежат зачислению по нормативу 100 процентов.
В каких случаях может быть вынесено ходатайство об ограничении профессиональной деятельности специалиста согласно СНиП?," Ходатайство ограничению профессиональной деятельности специалиста может быть вынесено в случаях злонамеренного, грубого или многократного нарушения положений СНиП, которое повлекло за собой значительный материальный и/или моральный ущерб для участников контрактных, договорных соглашений, коллег, пользователей продукции, а также в случаях предумышленного невыполнения профессионального долга и дискредитации профессии."
Как исчисляется срок обязательных работ?," Срок обязательных работ исчисляется в часах, в течение которых осужденный отбывал обязательные работы."
"Как заполняется раздел 1 сводного сметного расчета при строительстве, осуществляемом в полном объеме силами и средствами иностранной firmы?"," Раздел 1 сводного сметного расчета при строительстве, осуществляемом в полном объеме силами и средствами иностранной фирмы, не заполняется. Сводный сметный расчет стоимости строительства во внутренних ценах Российской Федерации служит только для оценки экономической эффективности привлечения иностранной фирмы к данному строительству на этих условиях."
В каких случаях комиссионер может отступить от указаний комитента?," Комиссионер может отступиться от указаний комитента, если по обстоятельствам дела это необходимо в интересах комитента и комиссионер не мог предварительно запросить комитента либо не получил в разумный срок ответ на свой запрос."
Какие действия запрещены в процессе эксплуатации согласно ГОСТ МДС 17-13.2000?," Не менее чем каждые шесть месяцев запрещено проведение капитального ремонта на производственных зданиях и сооружениях без предварительной разработки проектно-сметной документации. Запрещено также изменение структуры, функциональности или устройства зданий и сооружений в ходе капитального ремонта без санкций ГОСТРАЯ СССР."
"Какие тарифы страховых взносов применяются для плательщиков, указанных в подпунктах 5-9 пункта 1 статьи?"," Для плательщиков, указанных в подпунктах 5 - 9 пункта 1 настоящей статьи применяются тарифы страховых взносов на обязательное пенсионное страхование в размере 20,0 процента, на обязательное социальное страхование на случай временной нетрудоспособности и в связи с материнством, на обязательное медицинское страхование - 0 процентов."
Какие данные о относительной просадочности просадочных лессовых грунтов необходимы для проектирования инъекционного химзакрепления согласно СНиП 3.02.01-83?," Для проектирования инъекционного химзакрепления просадочных лессовых грунтов необходимы данные о относительной просадочности по СНиП 3.02.01-83, в частности:
1) коэффициент просадки (Kс), который характеризует просадочные свойства грунта;
2) плотность лессовых пород и гравийных смесей соответственно;
3) модуль упругости грунта, характеризующий его деформирование под нагрузкой."
Какие данные представлены в столбце 'Генплан и транспорт' для санитарно-защитных зон в таблице 28 согласно СНиП?," Для санитарно-защитных зон, описанных в Таблице 28, в столбце 'Генплан и транспорт' представлены следующие данные:
- Планы развития поселений и предложения по сохранению функций поселений;
- Организация сельскохозяйственного производства;
- Архитектурно-планировочные структуры, строительное зонирование поселений, отдельных образований;
- Размещению новых объектов обслуживания, коммуникаций и сооружений инженерного оборудования;
- Проектируемым защитным лесополосам, участкам облесения, восстановления нарушенного ландшафта."
"Какие субсидии могут предоставляться юридическим лицам, являющимся стороной концессионных соглашений?"," Субсидии могут предоставляться юридическим лицам, являющимися стороной концессионных соглашений."
Какие ограничения могут препятствовать завершению строительства объектов незавершенного строительства?," Ограничения, которые могут препятствовать завершению строительства объектов незавершенного строительства, установлены земельным и иным законодательством Российской Федерации. При подтверждении наличия таких ограничений федеральным органом исполнительной власти, органом исполнительной власти субъекта Российской Федерации, органом местного самоуправления или уполномоченным на выдачу разрешений на строительство в соответствии с Градостроительным кодексом Российской Федерации."
В каких случаях доказательство может быть признано недопустимым?," В случае нарушения требований Кодекса уголовного процесса доказательство может быть признано недопустимым:
1) если подозреваемый, обвиняемый, потерпевший или свидетель дали показания в отсутствие защитника;
2) если показания основаны на догадке, предположении, слухе или если свидетель не может указать источник своей осведомленности;
3) если получены в ходе оперативно-розыскных мероприятий или следственных действий и не соответствуют требованиям, предъявляемым к доказательствам;
4) если поступало сведение о факте представления подозреваемого, обвиняемого специальной декларации в соответствии с законом и не соответствует требованиям Кодекса;
5) если получено сведение о факте указания подозреваемого, обвиняемого в специальной декларации, представленной иным лицом в соответствии с законом и не соответствует требованиям Кодекса;
6) если доказательство получено с нарушением других требований Кодекса."
Как долго может длиться экспертиза оферт?, Длительность экспертизы оферт зависит от стоимости объекта и предмета торгов и может быть установлена тендерным комитетом.
"Какое право применяется, если между сторонами обязательства не заключено соглашение о праве, подлежащем применению?"," Применяется право страны, с которой договор наиболее тесно связан, если из закона, условий или существа договора либо совокупности обстоятельств дела не вытекает иное."
"Какие дела об административных правонарушениях рассматривает федеральный орган исполнительной власти, осуществляющий функции в сфере деятельности войск национальной гвардии Российской Федерации?"," Федеральный орган исполнительной власти, осуществляющий функции в сфере деятельности войск национальной гвардии Российской Федерации рассматривает дела об административных правонарушениях, предусмотренных частью 1 статьи 6.31 настоящего Кодекса (https://koapkodeksrf.ru/)."
Какие меры предусмотрены для обеспечения температурно-влажностного режима подвальных помещений согласно ГОСТ МДС 13-18.2000?," Сквозное проветривание, организация сквозного просушивания, правильная температура (+5 ℃) и влажность (60 %) воздуха, устранение причин нарушения режима в течение 10-дневного срока. Необходимо также обеспечить плотную защиту стенок от увлажнения, а также плотное притвора остекления."
"Что происходит, если сторона анализируемой сделки не отвечает требованиям для сопоставления?"," Если сторона анализируемой сделки не отвечает требованиям, предусмотренным подпунктами 1-3 пункта 6 статьи на сайте https://nkodeksrf.ru/, то для сопоставления с рыночным интервалом рентабельности выбирается та сторона анализируемой сделки, которая в наибольшей степени отвечает указанным требованиям. Если такой стороной не является ни одна из сторон, то для сопоставления может быть использован метод сопоставимых рыночных цен или другой подходящий метод в соответствии с законом об налогах РФ."
Какова максимальная влажность древесины должна быть согласно ГОСТ МДС 17-13.2000?," Согласно ГОСТ МДС 17-13.2000, влажность древесины должна быть не более 25 %."
Какие сведения должны быть указаны в исковом заявлении?," В исковом заявлении должны быть указаны сведения, предусмотренные пунктами 1, 2, 9 части 2 статьи 125 настоящего Кодекса (например, фамилия, имя, отчество; место проживания истца или адрес его работы; дата рождения истателя). Кроме того, должны быть указаны конкретные интересы истца, затронутые нарушением права (например, право собственности), а также ссылка на закон или иной нормативный правовой акт, предусматривающие способы защиты этих интересов. Если истец является гражданином, то в заявлении должно содержаться обоснование невозможности предъявления иска самим гражданином либо указание на обращение гражданина к прокурору. Исковое заявление должно быть подписано истцом или его представителем при наличии у него полномочий на подписание заявления и предъявление его в суд. Исковое заявление, подаваемое в электронном виде, должна содержаться усиленная квалифицированная электронная подпись."
Какие нарушения относятся к категории «В» согласно ГОСТ МДС 17-13.2000?," Нарушения, относящиеся к категории ""В"" согласно ГОСТ МДС 17-13.2000 - это нарушения, связанные с использованием жилищного фонда и придомовых территорий, которые не в состоянии обеспечить удовлетворение базовых потребностей граждан по содержанию, ремонту или защите от воздействия внешних факторов."
"Что означает знак 3.33 ""Движение транспортных средств с взрывчатыми и легковоспламеняющимися грузами запрещено""?"," Знак 3.33 ""Движение транспортных средств с взрывчатыми и легковоспламеняющимися грузами запрещено"" запрещает движение транспортных средств, которые содержат взрывчатые вещества или легковоспламеняющиеся грузы. Этот знак предостерегает водителей от перевозки опасных грузов по данному участку дороги."
"Какие документы должны быть приложены к информации, предоставляемой налогоплательщиком?"," Для истребования документов у налогоплательщика должны быть приложены сведения о его имуществе, имущественных правах и обязательствах в соответствии с перечнем, утверждаемым федеральным органом исполнительной власти, уполномоченного по контролю и надзору в области налогов и сборов. Этот перечень может быть найден в статье 46 Кодекса Российской Федерации о налоговой справедливости."
"Какие статьи КоАП рассматривают судьи районных судов, согласно пункту 4 статьи 23.1?"," Судьи районных судов рассматривают дела об административных правонарушениях, предусмотренных статьями 5.1 - 5.26, 5.35.1, 5.37 - 5.43, 5.45 - 5.52, 5.56 - 5.69, 6.1 - 6.2, 6.8, 6.9, 6.9.1, 6.11 - 6.16, 6.17, 6.16.1, 6.18 - 6.22, 6.26, 6.27, частью 4 статьи 6.29, статьей 6.33, частью 1 статьи 6.34, статьями 6.36, 7.5, частью 2 статьи 7.11, статьями 7.12 - 7.17, 7.19, частью 2 статьи 7.23.2, статьями 7.24, 7.27, 7.27.1, 7.28, частью 1 статьи 7.31, частью 7 статьи 7.32, частью 2 статьи 7.32.3, частью 2 статьи 7.32.5, статьей 7.35, частью 2 статьи 8.28, статьями 8.28.1, 8.32.2, частями 1.2 и 1.3 статьи 8.37, частью 2 статьи 8.49, части 5 и 6 статьи 9.23, статьями 10.5.1, 10.11, частью 2 статьи 11.3, частью 7 статьи 11.5, статьей 11.7.1, частью 4 статьи 11.17, статьями 11.21, 11.22, 11.24, 11.32, частями 2 и 3 статьи 11.15.1, частями 2 и 3 статьи 11.15.2, части 2 и 4 статьи 12.2, частью 2.1 статьи 12.3, частями 1, 2, частью 3 (в случаях незаконного нанесения цветографической схемы легкового такси) статьи 12.4, частями 3, 4 - 7 статьи 12.5, частями 2 и 4 статьи 12.7, статьей 12.8, частью 7 статьи 12.9 (за исключением случаев фиксации административного правонарушения работающими в автоматическом режиме специальными техническими средствами, имеющими функции фото- и киносъемки, видеозаписи), частью 3 статьи 12.10, части 5 статьи 12.15 (за исключением случаев фиксации административного правонарушения работающими в автоматическом режиме специальными техническими средствами, имеющими функции фото- и киносъемки, видеозаписи, или средствами фото- и киносъемки, видеозаписи), частью 3.1 статьи 12.16 (за исключением случаев фиксации административного правонарушения работающими в автоматическом режиме специальными техническими средствами, имеющими функции фото- и киносъемки, видеозаписи, или средствами фото- и киносъемки, видеозаписи)."
Какие действия рекомендуется проводить для сопоставления расценок на эксплуатацию строительных машин и тарифов на транспортные услуги согласно ГОСТ МДС 81-9.2000?," Для сопоставления расценок на эксплуатацию строительных машин и тарифов на транспортные услуги следует:
1. Определить временное использование (нормативная потребность) необходимых машин (маш.-ч).
2. Исчислить сметную расценку 1 маш.-ч эксплуатации строительных машин и механизмов, исходя из данных о времени использования.
3. Сравнить сметные расценки с тарифами на транспортные услуги в соответствии с требованиями проекта по организации строительства. Если затраты на эксплуатацию строительных машин превышают стоимость транспортных услуг, необходимо оптимизировать процессы использования и ремонта машин для соответствия с тарифами."
Какова стоимость комментариев к статьям на сайте https://nkodeksrf.ru/ для организаций?," Для целей налогообложения, стоимость комментариев к статьям на сайте https://nkodeksrf.ru/ для организаций не учитывается."
"Какие действия предпринимаются при невыполнении обязанностей по сносу самовольной постройки или ее приведению в соответствие с требованиями на земельном участке, не приобретенном иным лицом на публичных торгах?"," Если на земельном участке расположена самовольная постройка, а землевладелец не выполняет обязанности по её сносу или приведению в соответствие с требованиями, то исполнительный орган государственной власти или орган местного самоуправления, предусмотренные статьей 39.2 Земельного кодекса России, выносит решение об изъятии земельного участка и осуществляет снос самовольной постройки в соответствии со статьями 55.30 и 55.31 настоящего Кодекса. Если образование земельного участка, на котором расположена только самовольная постройка, возможно осуществить без нарушения требований к образуемым или измененным земельным участкам, то решение об изъятии такого земельного участка может быть принято в течение четырех месяцев со дня поступления уведомления. При этом указанные органы могут требовать возмещения расходов на выполнение кадастровых работ от землевладельца исходного земельного участка."
