question,answer,source,page
Какие требования устанавливаются к составу и содержанию документации по удалению затонувшего имущества?,"Требования к составу и содержанию документации по удалению затонувшего имущества, 
а также критерии оценки такой документации устанавливаются федеральным органом 
исполнительной власти в области транспорта по согласованию с федеральным органом 
исполнительной власти, осуществляющим функции по выработке государственной политики и 
нормативно-правовому регулированию в сфере изучения, использования, воспроизводства и 
охраны природных ресурсов.",Кодекс торгового мореплавания Российской Федерации.pdf,45
Какие основные показатели оценки офертов на строительство производственных объектов указаны в ГОСТ МДС 80-3.2000?,"В состав показателей для оценки коммерческой части оферт могут входить:
предложенная оферентом цена, предмета подрядных торгов (осуществления
строительства, выполнения комплекса работ, оказания услуг, поставки продукции) с
указанием, в какой валюте и на каком уровне (в ценах какого периода) рассчитана
предложенная цена;
предложенный оферентом метод учета при осуществлении расчетов за
выполненные работы последующих изменений уровня цен в связи с инфляцией,
изменением законодательства в области налоговой политики и по другим вопросам;
предложения оферента по условиям и порядку финансирования и кредитования
подрядных работ;
удельные стоимостные показатели по предмету торгов, если торг проводятся на
проектирование объекта или на проектирование и строительство объектов «под
ключ».",Data1_10_10869_index.pdf,2
Какая сумма привлеченных денежных средств считается особо крупным размером?,"Деяния, предусмотренные настоящей статьей, признаются совершенными в крупном 
размере, если сумма привлеченных денежных средств (сделки с денежными средствами) превышает три 
миллиона рублей, в особо крупном размере - пять миллионов рублей.",Уголовный кодекс Российской Федерации.pdf,132
Какие трассы и сооружения должны быть показаны на схемах инженерных сетей и слаботочных линий согласно ГОСТ МДС 11-7.2000?,"На схемах инженерных сетей и слаботочных линий должны быть показаны
трассы 
водоснабжения, 
канализации, 
ливневой 
канализации, 
теплоснабжения,
газоснабжения, электроснабжения, наружного освещения, телефонизации, радиофикации и
телевидения с их основными параметрами, размещение сооружений инженерного
оборудования и дренажная сеть, а также места подключения коммуникаций к
внеплощадочным сетям и сооружениям.",Data1_1_1904_index.pdf,21
Что влечет наложение административного штрафа на должностных лиц за нарушение порядка предоставления обеспечения исполнения обязательств по оплате энергоресурсов?,"Нарушение установленного порядка предоставления обеспечения исполнения 
обязательств по оплате электрической энергии (мощности), газа, тепловой энергии 
(мощности) и (или) теплоносителя, сопряженное с неисполнением (ненадлежащим 
исполнением) обязательств по их оплате 
Нарушение потребителем электрической энергии, ограничение режима потребления электрической 
энергии которого может привести к экономическим, экологическим или социальным последствиям, 
потребителем газа, потребителем тепловой энергии либо теплоснабжающей организацией установленного 
законодательством порядка предоставления обеспечения исполнения обязательств по оплате 
электрической энергии (мощности), газа, тепловой энергии (мощности) и (или) теплоносителя, 
сопряженное с неисполнением (ненадлежащим исполнением) обязательств по их оплате в соответствии с 
установленными договорами о предоставлении указанных энергетических ресурсов сроками платежей, - 
влечет наложение административного штрафа на должностных лиц в размере от сорока тысяч до ста тысяч 
рублей или дисквалификацию на срок от двух до трех лет; на юридических лиц - от ста тысяч до трехсот 
тысяч рублей.",Административный кодекс Российской Федерации.pdf,301
Какие требования предъявляются к прочности закрепленных грунтов при однорастворной двухкомпонентной силикатизации на основе раствора силиката натрия и ортофосфорной кислоты согласно ГОСТ (к СНиП 3.02.01-83)?,"Наименование способов и исходных
реагентов
Реакция среды
закрепляющих
реагентов
Область применения
Экстремальные и средние
значения прочности при
одноосном сжатии, МПа
Номенклатура и некоторые
характеристики грунтов
Коэффициент
фильтрации
грунтов, м/сут
Однорастворная 
двухкомпонентная
силикатизация на основе раствора силиката
натрия и ортофосфорной кислоты
Кислая
Пески средней крупности, мелкие и
пылеватые
0,5 - 10
(0,2 - 0,5)/0,35
Однорастворная 
двухкомпонентная
силикатизация на основе раствора силиката
натрия и алюмината натрия
Щелочная
Пески средней крупности, мелкие и
пылеватые, 
в 
том 
числе
карбонатные
0,5 - 10
(0,2 - 0,3)/0,25
Однорастворная 
двухкомпонентная
смолизация 
на 
основе 
растворов
карбамидных смол марок М, М-2, М-3,
МФ-17 и соляной кислоты
Кислая
Пески всех видов - от гравелистых
до пылеватых, кроме карбонатных
0,5 - 50
(2 - 8)/5
Однорастворная 
двухкомпонентная
смолизация 
на 
основе 
растворов
карбамидных смол марок М, М-2, М-3 и
МФ-17 и щавелевой кислоты
»
Пески всех видов - от гравелистых
до 
пылеватых, 
в 
том 
числе
некоторые карбонатные, согласно
результатам 
специальных
исследований
0,5 - 50
(2 - 8)/5
Цементация
Щелочная
Пустоты, полости в грунтах всех
видов.",Data1_11_11295_index.pdf,5
"Какова цель технического обслуживания и текущего ремонта зданий и сооружений, согласно статье 55.24, раздел 8?","ПРОИЗВОДСТВЕННЫЕ ПОМЕЩЕНИЯ ПРЕДПРИЯТИЙ БЫТОВОГО ОБСЛУЖИВАНИЯ
А. Станции технического обслуживания автотранспорта, транспортные предприятия, депо, стоянки
1
Участки мойки и уборки подвижного состава
VI
2
Участки диагностирования
III-IV
3
Участки технического обслуживания и текущего ремонта
IV-V
4
Агрегатные участки
III-IV
5
Участки монтажа и ремонта автомобильных шин, кузнечный, сварочно-жестяночный, кузовной
участки
IV
6
Окрасочный участок
III
7
Слесарно-механический участок
II
Б. Электропомещения
8
Помещения распределительных устройств, диспетчерские, операторные, электрощитовые,
электромашинные с постоянным дежурством персонала
IV
В. Помещения инженерных сетей и прочие технические помещения
9
Машинные залы насосных, генераторные с постоянным дежурством персонала
VIII
10
Компрессорные (блоки, станции, помещения, залы) с постоянным дежурством персонала
IV
11
Помещения приготовления реагентов, углевальная, фтораторная, хлордозаторная, аммонизаторная,
озонаторная, фильтровальные
VIII
12
Помещения вакуум-фильтров, центрифуг, фильтр-прессов, помещения сушки осадка
VI
13
Электролизерная
VIII
Г. Склады
14
Экспедиция приема и выдачи груза
IV
Д. Пожарные депо
15
Зона стоянки технического состава
VIII
16
Пост технического обслуживания
V
17
Аппаратная, пункт связи
III
П р и м е ч а н и е  - Нормирование значений КЕО принимается, как правило, в горизонтальной плоскости, расположенной на
уровне рабочей поверхности (у.р.п) 0,8 м от пола; для основных помещений жилых домов, детских дошкольных учреждений,
помещений для спортивных соревнований, мойки транспорта у.р.п принимается на отметке 0,0, в первой группе административных
районов для жилых комнат и кухонь - на отм.",Data1_10_10846_index.pdf,32
Что происходит с потерями бюджета в связи с получением средств ниже расчетного объема дотации?,"Потери бюджета городского, сельского поселения, внутригородского района в связи с 
получением средств по дополнительному нормативу отчислений от налога на доходы физических 
лиц ниже расчетного объема дотации на выравнивание бюджетной обеспеченности поселений 
(внутригородских районов) (части расчетного объема дотации) компенсации из бюджета субъекта 
Российской Федерации и (или) учету при последующем распределении межбюджетных 
трансфертов местным бюджетам не подлежат.",Бюджетный кодекс Российской Федерации.pdf,211
Какое решение выносится по результатам рассмотрения материалов камеральной налоговой проверки?,"По результатам рассмотрения материалов камеральной налоговой проверки руководитель (заместитель 
руководителя) налогового органа выносит решение о привлечении налогоплательщика к ответственности за 
совершение налогового правонарушения либо об отказе в привлечении налогоплательщика к 
ответственности за совершение налогового правонарушения.",Налоговый кодекс Российской Федерации.pdf,541
"Подлежат ли вычету суммы акциза, исчисленные по истечении 180 календарных дней с даты выпуска товаров в Калининградской области?","Вычетам подлежат суммы акциза, исчисленные по истечении 180 календарных дней с даты выпуска 
товаров в соответствии с таможенной процедурой выпуска для внутреннего потребления при завершении 
действия таможенной процедуры свободной таможенной зоны на территории Особой экономической зоны 
в Калининградской области после использования этих товаров для осуществления операций, признаваемых 
объектами налогообложения и подлежащих налогообложению в соответствии с настоящей главой.",Налоговый кодекс Российской Федерации.pdf,672
"Что означает ""особыми условиями"" в контексте сдачи в аренду земельных участков и других обособленных природных объектов?","Законом могут быть установлены особенности сдачи в аренду земельных участков и других 
обособленных природных объектов.",Гражданский кодекс Российской Федерации.pdf,284
Какие основные положения генеральной схемы расселения учитываются на последующих стадиях градостроительного проектирования? (ГОСТ МДС 11-7.2000),"Основные положения региональных схем расселения учитываются на последующих
стадиях 
градостроительного 
проектирования, 
при 
осуществлении 
органами
исполнительной власти субъектов Российской Федерации регулирования деятельности в
области расселения и территориальной организации, а также учитываются всеми
участниками градостроительной деятельности в границах проектируемого региона.",Data1_1_1904_index.pdf,7
Какие меры наказания за нарушение соглашения о недопущении конкуренции указаны в ГОСТ МДС 80-2.2000?,"Наличие конкуренции между работниками внутри проектного института
означает, что созданы такие организационные, экономические и социальные условия,
которые позволяют директору института, управляющему проектом (ГИПу, ГАПу) и
начальнику основного проектного отдела (мастерской) принимать решения о том,
кому поручить выполнение работы, за какую цену и в какие сроки на конкурентной
основе, т.е.",Data1_10_10872_index.pdf,3
"Какие органы имеют право рассматривать дела об административных правонарушениях, предусмотренных статьей 15.12.1 КоАП РФ?","Федеральные органы исполнительной власти, осуществляющие функции по контролю (надзору) в сфере 
обращения товаров, подлежащих маркировке средствами идентификации, с использованием 
государственной информационной системы мониторинга за оборотом товаров, подлежащих обязательной 
маркировке средствами идентификации (далее - информационная система мониторинга), рассматривают 
дела об административных правонарушениях, предусмотренных статьей 15.12.1 настоящего Кодекса.",Административный кодекс Российской Федерации.pdf,505
"Какие требования к стальным конструкциям установлены СНиП II-23-81*, изд. 1990 г.?","СНиП 2.08.01-89*                   Жилые здания
СНиП 2.01.07-85                     Нагрузки и воздействия
Дополнение
к СНиП 2.01.07-85                  Прогибы и перемещения
СНиП 2.01.02-85                     Противопожарные нормы
СНиП II-3-79*, изд.",Data1_10_10865_index.pdf,30
Какое максимальное число баллов по показателю 'цена' рекомендуется устанавливать согласно ГОСТ МДС 80-3.2000?,"Если у заказчика на строительство объектов основным критерием оценки
оферт является цена, то максимальное число баллов по этому показателю
рекомендуется устанавливать в размере до 800 баллов.",Data1_10_10869_index.pdf,4
"Как производится усыновление ребенка иностранными гражданами или лицами без гражданства, состоящими в браке с гражданами Российской Федерации?","Усыновление 
(удочерение) 
на 
территории 
Российской 
Федерации 
иностранными 
гражданами или лицами без гражданства, состоящими в браке с гражданами Российской 
Федерации, детей, являющихся гражданами Российской Федерации, производится в порядке, 
установленном настоящим Кодексом для граждан Российской Федерации, если иное не 
предусмотрено международным договором Российской Федерации.",Семейный кодекс Российской Федерации.pdf,52
Что такое коллективный трудовой спор?,"Если такие условия включены в коллективный договор, соглашение или трудовой договор, то они не 
подлежат применению.",Трудовой кодекс Российской Федерации.pdf,6
Какие процедуры могут предшествовать заключению трудового договора с руководителем организации?,"Трудовым законодательством и иными нормативными правовыми актами, содержащими нормы 
трудового права, или учредительными документами организации могут быть установлены процедуры, 
предшествующие заключению трудового договора с руководителем организации (проведение конкурса, 
избрание или назначение на должность и другое).",Трудовой кодекс Российской Федерации.pdf,160
"Как исчисляются ввозные таможенные пошлины, налоги, специальные, антидемпинговые, компенсационные пошлины при помещении продуктов переработки под таможенную процедуру выпуска для внутреннего потребления?","При помещении товаров, указанных в подпункте 1 пункта 3 статьи 134 настоящего 
Кодекса, под таможенную процедуру выпуска для внутреннего потребления ввозные таможенные 
пошлины, налоги, специальные, антидемпинговые, компенсационные пошлины подлежат уплате в 
размере сумм 
ввозных 
таможенных 
пошлин, 
налогов, 
специальных, 
антидемпинговых, 
компенсационных пошлин, которые подлежали бы уплате, как если бы иностранные товары, 
помещенные 
под 
таможенную 
процедуру 
переработки 
на 
таможенной 
территории 
и 
использованные для изготовления товаров, указанных в подпункте 1 пункта 3 статьи 134 
настоящего Кодекса, в соответствии с нормами их выхода, помещались под таможенную 
процедуру выпуска для внутреннего потребления.",Таможенный кодекс Евразийского экономического союза.pdf,159
Что такое государственная собственность в Российской Федерации?,"Комментарии к статьям на сайте 
https://budkod.ru/ 
 
 
 
договоров аренды указанных земельных участков - по нормативу 100 процентов, если 
законодательством соответствующего субъекта Российской Федерации не установлено иное; 
доходы от продажи земельных участков, государственная собственность на которые не 
разграничена и которые расположены в границах городов федерального значения Москвы, Санкт-
Петербурга 
и 
Севастополя, 
- 
по 
нормативу 
100 
процентов, 
если 
законодательством 
соответствующего субъекта Российской Федерации не установлено иное; 
доходы от продажи земельных участков, которые находятся в федеральной собственности и 
осуществление полномочий Российской Федерации по управлению и распоряжению которыми 
передано органам государственной власти субъектов Российской Федерации, передачи в аренду 
таких земельных участков, продажи прав на заключение договоров аренды таких земельных 
участков - по нормативу 100 процентов, если законодательством соответствующего субъекта 
Российской Федерации не установлено иное; 
доходы от продажи объектов недвижимого имущества одновременно с занятыми такими 
объектами недвижимого имущества земельными участками, которые находятся в федеральной 
собственности и осуществление полномочий Российской Федерации по управлению и 
распоряжению которыми передано органам государственной власти субъектов Российской 
Федерации, - по нормативу 100 процентов, если законодательством соответствующего субъекта 
Российской Федерации не установлено иное; 
плата за снятие запрета на реконструкцию, строительство зданий, строений, сооружений на 
земельном участке - по нормативу 100 процентов; 
плата за увеличение площади земельных участков, находящихся в частной собственности, в 
результате перераспределения таких земельных участков и земель и (или) земельных участков, 
государственная собственность на которые не разграничена и которые расположены в границах 
городов федерального значения Москвы, Санкт-Петербурга и Севастополя, либо за увеличение 
площади 
земельных 
участков, 
находящихся 
в 
частной 
собственности, 
в 
результате 
перераспределения таких земельных участков и земельных участков, находящихся в собственности 
этих субъектов Российской Федерации, - по нормативу 100 процентов, если законодательством 
соответствующего субъекта Российской Федерации не установлено иное; 
плата по соглашениям об установлении сервитута, заключенным государственными 
(муниципальными) органами, государственными или муниципальными предприятиями либо 
государственными или муниципальными учреждениями в отношении земельных участков, 
находящихся в собственности субъектов Российской Федерации - городов федерального значения 
Москвы, 
Санкт-Петербурга 
и 
Севастополя, 
или 
земельных 
участков, 
государственная 
собственность на которые не разграничена и которые расположены в границах городов 
федерального значения Москвы, Санкт-Петербурга и Севастополя, - по нормативу 100 процентов, 
если законодательством соответствующего субъекта Российской Федерации не установлено иное; 
плата за увеличение площади земельных участков, находящихся в частной собственности, в 
результате перераспределения таких земельных участков и земельных участков, которые находятся 
в федеральной собственности и осуществление полномочий Российской Федерации по управлению 
и распоряжению которыми передано органам государственной власти субъектов Российской 
Федерации, - по нормативу 100 процентов, если законодательством соответствующего субъекта 
Российской Федерации не установлено иное; 
плата по соглашениям об установлении сервитута, заключенным органами исполнительной 
власти субъектов Российской Федерации, государственными или муниципальными предприятиями 
либо государственными или муниципальными учреждениями в отношении земельных участков,",Бюджетный кодекс Российской Федерации.pdf,55
"Какие требования предъявляются к материалам утепления опорных контуров согласно ГОСТ 9573-82, ГОСТ 20916-87, ГОСТ 15588-86?","Для утепления опорных контуров зенитных фонарей следует, как правило, применять плитные
эффективные утеплители из негорючих (НГ) или слабогорючих (Г1) материалов с плотностью не более 250 кг/
м3.",Data1_10_10846_index.pdf,8
Кто одобрил Методические рекомендации по разработке технической части тендерной документации и оферты претендента?,"ГОССТРОЙ РОССИИ
М Е Т О Д И Ч Е С К И Е  Р Е К О М Е Н Д А Ц И И
ПО РАЗРАБОТКЕ
ТЕХНИЧЕСКОЙ ЧАСТИ
ТЕНДЕРНОЙ ДОКУМЕНТАЦИИ
И ОФЕРТЫ ПРЕТЕНДЕНТА
МДС-80-8.2000
МОСКВА 2000
Методические 
рекомендации 
по 
разработке 
технической 
части 
тендерной 
документации
предназначены 
для 
всех 
субъектов 
инвестиционной 
деятельности: 
заказчиков 
(инвесторов),
организаторов торгов, тендерных комитетов всех уровней, подрядных и субподрядных организаций,
представленных в качестве претендентов и оферентов, консалтинговых, инженерно-консультационных,
финансовых, страховых и иных организаций, в том числе иностранных партнеров, участвующих в
подрядных торгах на территории Российской Федерации, а также университетов и институтов
повышения квалификации руководящих работников и специалистов организаций вне зависимости от
видов и форм собственности.",Data1_10_10865_index.pdf,1
"Что грозит за непредставление или несвоевременное представление сведений, предусмотренных антимонопольным законодательством Российской Федерации?","Непредставление или несвоевременное представление в федеральный антимонопольный орган, его 
территориальный орган сведений (информации), предусмотренных антимонопольным законодательством 
Российской Федерации, в том числе непредставление сведений (информации) по требованию указанных 
органов, за исключением случаев, предусмотренных частями 3, 4 и 7 настоящей статьи, а равно 
представление в федеральный антимонопольный орган, его территориальный орган заведомо 
недостоверных сведений (информации), за исключением случаев, предусмотренных частью 8 настоящей 
статьи - 
влечет наложение административного штрафа на граждан в размере от одной тысячи пятисот до двух 
тысяч пятисот рублей; на должностных лиц - от десяти тысяч до пятнадцати тысяч рублей; на юридических 
лиц - от пятидесяти тысяч до пятисот тысяч рублей.",Административный кодекс Российской Федерации.pdf,410
"Какие участки трубопроводов подлежат замене, согласно ГОСТ МДС 13-18.2000?","Программа «Ресурс-2» позволяет с высокой точностью выявлять отдельные участки
тепловых сетей, которые подлежат немедленной замене.",Data1_10_10852_index.pdf,15
Какие правила и инструкции издает федеральный орган исполнительной власти в области рыболовства?,"Федеральный орган исполнительной власти в области транспорта в соответствии с 
международными договорами Российской Федерации, настоящим Кодексом, другими законами и 
иными правовыми актами Российской Федерации издает в пределах своей компетенции 
обязательные для исполнения организациями, а также гражданами правила, в том числе правила 
буксировки, инструкции и иные акты, содержащие нормы права, регулирующие отношения, 
возникающие из торгового мореплавания.",Кодекс торгового мореплавания Российской Федерации.pdf,3
Какие примеры нематериальных активов приведены в тексте?,"Комментарии к статьям на сайте 
https://nkodeksrf.ru/ 
 
 
 
 
реконструкцию, модернизацию и техническое перевооружение основных средств, произведенных в 
указанном периоде, - с момента ввода этих основных средств в эксплуатацию; 
в отношении приобретенных (созданных самим налогоплательщиком) в период применения единого 
сельскохозяйственного налога нематериальных активов - с момента принятия этих нематериальных 
активов на бухгалтерский учет; 
2) в отношении приобретенных (сооруженных, изготовленных) основных средств, а также приобретенных 
(созданных самим налогоплательщиком) нематериальных активов до перехода на уплату единого 
сельскохозяйственного налога стоимость основных средств и нематериальных активов включается в 
расходы в следующем порядке: 
в отношении основных средств и нематериальных активов со сроком полезного использования до трех лет 
включительно - в течение первого календарного года применения единого сельскохозяйственного налога; 
в отношении основных средств и нематериальных активов со сроком полезного использования от трех до 
15 лет включительно: в течение первого календарного года применения единого сельскохозяйственного 
налога - 50 процентов стоимости, второго календарного года - 30 процентов стоимости и в течение третьего 
календарного года - 20 процентов стоимости; 
в отношении основных средств и нематериальных активов со сроком полезного использования свыше 15 
лет - в течение первых 10 лет применения единого сельскохозяйственного налога равными долями от 
стоимости основных средств и нематериальных активов.",Налоговый кодекс Российской Федерации.pdf,1486
Как компенсируется ущерб Исполнителю в случае несвоевременной оплаты или необоснованного отказа от оплаты выполненных работ в ГОСТ МДС 11-11.2000?,"Работодатель полностью компенсирует Исполнителю ущерб, понесенный из-за
несвоевременной оплаты или необоснованного отказа от оплаты выполненных работ, а
также в случае задержки сроков выполнения работ по вине Работодателя.",Data1_10_10858_index.pdf,10
Какие способы уплаты государственной пошлины предусмотрены согласно ГОСТ МДС 81-23.2000?,"К надзорной жалобе должны быть приложены документ, подтверждающий уплату 
государственной пошлины в установленных законом случаях, порядке и размере или право на 
получение льготы по уплате государственной пошлины, либо в надзорной жалобе должно 
содержаться ходатайство о предоставлении отсрочки или рассрочки уплаты государственной 
пошлины либо об уменьшении ее размера или освобождении от ее уплаты.",Кодекс административного судопроизводства Российской Федерации.pdf,214
Какие данные об инвентарном номере и каталожном листе должны быть указаны в форме 5?,"ПРИЛОЖЕНИЕ 3
ОСНОВНЫЕ ТРЕБОВАНИЯ К ЗАДАНИЮ НА РАЗРАБОТКУ СХЕМЫ И ПРОЕКТА
РАЙОННОЙ ПЛАНИРОВКИ, ГЕНЕРАЛЬНОГО ПЛАНА ГОРОДА, ДРУГОГО
ПОСЕЛЕНИЯ, ТЕРРИТОРИИ СЕЛЬСКОГО ОРГАНА МЕСТНОГО
САМОУПРАВЛЕНИЯ
В задании на разработку схемы и проекта районной планировки, генерального плана
города, другого поселения, территории сельского органа моечного самоуправления должны
быть указаны:
наименование объекта, его основные характеристики (местоположение, численность
населения, территория, основные виды ресурсов, профилирующие отрасли производства,
административная 
структура, 
условия 
обеспечения 
инженерно-транспортной
инфраструктурой, другие специфические характеристики);
основание для проектирования;
состав 
участников 
разработки 
и 
согласования 
проектных 
материалов 
и 
их
взаимообязательства;
кем и в какие сроки должны выдаваться исходные данные для проектирования;
состав 
подлежащих 
передаче 
материалов 
и 
услуг 
по 
этапам 
(если 
они
предусматриваются), сроки и стоимость работ;
требования к содержанию и форме представляемых материалов, сроки проектирования;",Data1_1_1904_index.pdf,27
Что такое заключение под стражу?,"Комментарии к статьям на сайте 
https://grkodeksrf.ru/ 
 
 
 
 
 
3) принятие решения о комплексном развитии территории нежилой застройки и его опубликование в 
порядке, установленном для официального опубликования правовых актов, иной официальной 
информации; 
4) заключение договора о комплексном развитии территории нежилой застройки с правообладателями, 
выразившими в письменной форме согласие на его заключение, при условии, что такое согласие было 
получено от всех правообладателей объектов недвижимого имущества, расположенных в границах 
территории, в отношении которой подготовлен проект решения о комплексном развитии нежилой 
территории, и представлено в орган, направивший предложение о заключении указанного договора, не 
позднее сорока пяти дней со дня получения правообладателем этого предложения.",Градостроительный кодекс Российской Федерации.pdf,299
"Как долго может длиться процедура отбора лучшего предложения, согласно ГОСТ МДС 11-11.2000?","Это происходит в тех случаях, когда все условия
данных торгов заранее переданы одной или двум фирмам, с которыми заказчик и
предполагает иметь дело, официально оформив его через торги;
круг проектных организаций, заинтересованных в получении работы, может быть
достаточно широким, поэтому конкуренция будет очень жесткой;
подготовка необходимых материалов для участия в торгах требует серьезных затрат
времени и дорого обходится, причем это будут чистые убытки для тех, кого отвергнут, а
иногда по условиям торгов стоимость работ по подготовке и участию в торгах не
возмещается даже выигравшей торги фирме;
процедура отбора заказчиком лучшего предложения может быть длительной.",Data1_10_10858_index.pdf,21
Что происходит с патентной пошлиной после отзыва заявления об открытой лицензии?,"В этом случае размер патентной пошлины за поддержание патента на изобретение, полезную модель или 
промышленный образец в силе уменьшается на пятьдесят процентов начиная с года, следующего за годом 
публикации федеральным органом исполнительной власти по интеллектуальной собственности сведений 
об открытой лицензии.",Гражданский кодекс Российской Федерации.pdf,572
Какие объекты могут быть оценены с помощью УПБС согласно СНиПу?,"УПБС на виды работ и конструктивные элементы могут разрабатывать по разделам локальных
смет на объекты массового строительства, составленных в разное время и учитывающих различный
уровень цен (1984 г., 1991 г., 1992 г. и т.д.).",Data1_2_2081_index.pdf,5
Какая площадь бетоносмесителей должна быть предусмотрена согласно ГОСТ МДС-80-8.2000?,"Договором строительного подряда должны быть определены состав и содержание технической 
документации, а также должно быть предусмотрено, какая из сторон и в какой срок должна предоставить 
соответствующую документацию.",Гражданский кодекс Российской Федерации.pdf,319
Как определяются затраты на получение исходных данных и согласования по проектным решениям согласно МДС 81-30.2002?,"следующем порядке: затраты труда пусконаладочного персонала, затраты труда
машинистов, наименование производственного оборудования и дорогостоящих приборов
(если затраты на их использование не включены в накладные расходы);
в графу 4 «Единица измерения» - единицы измерения работ и ресурсов;
в графу 5 «Количество на единицу измерения» - расходы ресурсов на единицу
измерения того вида работ, к которому они относятся;
в графу 6 «Количество по проектным данным»: напротив наименования
соответствующего вида работы - объем работ, принимаемый по проектным данным, а
напротив наименования соответствующих ресурсов - их количество, подсчитанное как
произведение удельного расхода и объема работ.",Data1_10_10864_index.pdf,8
Какие административные правонарушения относятся к категории нарушений законодательства об охране здоровья граждан?,"В случаях, если после выявления административного правонарушения в области антимонопольного, 
патентного законодательства, законодательства Российской Федерации в области связи (в части 
административных правонарушений, предусмотренных статьей 13.2.1 настоящего Кодекса), 
законодательства в области обеспечения безопасности критической информационной инфраструктуры 
Российской Федерации (в части административных правонарушений, предусмотренных статьями 13.12.1 и 
19.7.15 настоящего Кодекса), законодательства о средствах массовой информации (в части 
административных правонарушений, предусмотренных статьей 13.15 настоящего Кодекса), 
законодательства о естественных монополиях, законодательства о рекламе, законодательства об 
акционерных обществах, о рынке ценных бумаг и об инвестиционных фондах, страхового 
законодательства, законодательства о защите прав и законных интересов физических лиц при 
осуществлении деятельности по возврату просроченной задолженности, законодательства о выборах и 
референдумах, законодательства о противодействии легализации (отмыванию) доходов, полученных 
преступным путем, и финансированию терроризма, законодательства Российской Федерации о 
противодействии терроризму (в части административного правонарушения, предусмотренного 
статьей 15.27.1 настоящего Кодекса), законодательства о противодействии экстремистской деятельности (в 
части административных правонарушений, предусмотренных статьями 20.3.1, 20.3.2 настоящего Кодекса), 
законодательства о противодействии коррупции, трудового законодательства, законодательства о 
противодействии неправомерному использованию инсайдерской информации и манипулированию 
рынком, законодательства о наркотических средствах, психотропных веществах и об их прекурсорах, 
законодательства о физической культуре и спорте в части, касающейся предотвращения допинга в спорте и 
борьбы с ним, нарушения требований к положениям (регламентам) об официальных спортивных 
соревнованиях, законодательства о государственном регулировании деятельности по организации и 
проведению азартных игр в части, касающейся нарушения требований к организаторам азартных игр в 
букмекерских конторах и тотализаторах при заключении пари на официальные спортивные соревнования 
и проведении иных азартных игр, миграционного законодательства, валютного законодательства 
Российской Федерации и актов органов валютного регулирования, законодательства о защите прав 
потребителей, о техническом регулировании, об аккредитации в национальной системе аккредитации, об 
организации и о проведении азартных игр, об охране здоровья граждан, об авторском праве и смежных 
правах, о товарных знаках, знаках обслуживания и наименованиях мест происхождения товаров, в области 
бюджетного законодательства Российской Федерации и нормативных правовых актов, регулирующих 
бюджетные правоотношения, законодательства в области налогов и сборов, санитарно-
эпидемиологического благополучия населения, ветеринарии, карантина растений, общественной 
нравственности, таможенного дела, экспортного контроля, государственного регулирования цен (тарифов)",Административный кодекс Российской Федерации.pdf,568
Как согласно СНиП 3.01.03-84 устанавливаются анкерные блоки и закладные детали?,"Ржавчина, загрязнения
утеря окрасочного слоя
газопроводов и запорных
устройств, отсутствие
утепления мест
Системы газоснабжения
жилых домов должны
выполняться согласно
проекта и соответствовать
требованиям СНиП 2.04.08-
Выполнить очистку и
окраску газопроводов и
запорных устройств,
произвести утепление при
подготовке к эксплуатации в",Data1_10_10861_index.pdf,20
Какой телефон указан для бесплатной юридическая консультации в регионах России?,"В протоколах также должно быть указано, в какое время, при какой погоде и каком освещении 
производились осмотр или освидетельствование, какие технические средства были применены и какие 
получены результаты, какие предметы изъяты и опечатаны и какой печатью, куда направлены после 
осмотра труп или предметы, имеющие значение для уголовного дела.",Уголовно-процессуальный кодекс Российской Федерации.pdf,126
В каких условиях содержатся осужденные к аресту?,Осужденные к аресту содержатся в условиях строгой изоляции.,Уголовно-исполнительный кодекс Российской Федерации.pdf,37
В каких случаях таможенный орган отказывает в выпуске товаров при предварительном декларировании?,"Таможенный орган отказывает в выпуске товаров по следующим основаниям: 
1) невыполнение условий, при которых таможенный орган производит выпуск товаров, в 
том числе условий, предусмотренных статьями 120 - 123 настоящего Кодекса, а также в отношении 
товаров для личного пользования, транспортных средств международной перевозки и припасов; 
2) невыполнение требований таможенного органа об изменении (дополнении) сведений, 
заявленных в таможенной декларации, в случае, предусмотренном пунктом 2 статьи 112 
настоящего Кодекса; 
3) наступление при предварительном таможенном декларировании обстоятельств, 
предусмотренных пунктом 6 статьи 114 настоящего Кодекса; 
4) несоблюдение при периодическом таможенном декларировании особенностей такого 
таможенного декларирования, предусмотренных пунктами 1 и 2 статьи 116 настоящего Кодекса, и 
(или) наличие у декларанта не исполненной в установленный срок обязанности по уплате 
таможенных платежей, специальных, антидемпинговых, компенсационных пошлин, процентов и 
(или) пеней; 
5) непредъявление товара по требованию таможенного органа в пределах сроков выпуска 
товаров, установленных пунктами 3 и 6 статьи 119 настоящего Кодекса; 
6) невозобновление срока выпуска товаров в случаях, предусмотренных пунктами 6 и 11 
статьи 124 настоящего Кодекса; 
7) невыполнение требований, предусмотренных пунктами 2 и 7 статьи 325 настоящего 
Кодекса; 
8) неотнесение товаров, заявленных в пассажирской таможенной декларации, к товарам для 
личного пользования в соответствии с пунктом 4 статьи 256 настоящего Кодекса; 
9) выявление при проведении таможенного контроля товаров таможенными органами 
нарушений международных договоров и актов в сфере таможенного регулирования и (или) 
законодательства государств-членов, за исключением случаев, когда: 
выявленные нарушения, не являющиеся основаниями для возбуждения административного 
или уголовного дела, устранены; 
выявленные нарушения устранены, декларируемые товары не изъяты, и на них не наложен 
арест в соответствии с законодательством государств-членов.",Таможенный кодекс Евразийского экономического союза.pdf,141
Что такое процессуальное решение по определению статьи 33?,"Соглашение о создании новых мощностей и (или) модернизации (реконструкции) действующих 
мощностей по производству товаров, являющихся продукцией нефтехимии, считается неисполненным при 
наступлении хотя бы одного из следующих обстоятельств: 
1) соглашение о создании новых мощностей и (или) модернизации (реконструкции) действующих 
мощностей по производству товаров, являющихся продукцией нефтехимии, расторгнуто по основанию, 
указанному в пункте 7 статьи 179.8 настоящего Кодекса; 
2) принято решение о реорганизации организации, заключившей соглашение о создании новых мощностей 
и (или) модернизации (реконструкции) действующих мощностей по производству товаров, являющихся 
продукцией нефтехимии (за исключением реорганизации в форме присоединения к такой организации 
других юридических лиц или в форме выделения из такой организации юридических лиц без передачи им 
мощностей по производству товаров, являющихся продукцией нефтехимии), или решение о ликвидации 
такой организации в период с 1 января 2022 года по 31 декабря 2027 года включительно; 
3) совокупная первоначальная стоимость объектов основных средств, включенных в соглашение о создании 
новых мощностей и (или) модернизации (реконструкции) действующих мощностей по производству 
товаров, являющихся продукцией нефтехимии, и введенных в эксплуатацию в период с 1 января 2022 года 
по 31 декабря 2027 года включительно, оказалась менее 65 миллиардов рублей (110 миллиардов рублей 
для организации, которая осуществляет налогообложение СУГ в порядке, установленном абзацем вторым 
пункта 12 статьи 193 настоящего Кодекса, или 220 миллиардов рублей для организации, заключившей 
соглашение о создании новых мощностей и (или) модернизации (реконструкции) действующих мощностей 
по производству товаров, являющихся продукцией нефтехимии, при условии, что такое соглашение служило 
основанием для получения свидетельства лицом, являющимся взаимозависимым по отношению к такой 
организации, в соответствии с подпунктом 3 пункта 2 настоящей статьи).",Налоговый кодекс Российской Федерации.pdf,587
Что означает знак 5.22?,"При решении вопроса о досрочном прекращении правовой охраны товарного знака вследствие его 
неиспользования могут быть приняты во внимание представленные правообладателем доказательства 
того, что товарный знак не использовался по независящим от него обстоятельствам.",Гражданский кодекс Российской Федерации.pdf,631
"Какие требования ГОСТ или СНиП регулируют проектирование кладбища площадью до 0,5 га?",")
 
СТРОИТЕЛЬНЫЕ НОРМЫ И ПРАВИЛА РОССИЙСКОЙ ФЕДЕРАЦИИ
 
ИНСТРУКЦИЯ ПО РАЗМЕЩЕНИЮ ТЕПЛОВЫХ АГРЕГАТОВ,
ПРЕДНАЗНАЧЕНЫХ ДЛЯ ОТОПЛЕНИЯ И ГОРЯЧЕГО
ВОДОСНАБЖЕНИЯ ОДНОКВАРТИРНЫХ ИЛИ БЛОКИРОВАНЫХ
ЖИЛЫХ ДОМОВ
 
INSTRUCTION ON THE LOKATION OF TERMAL UNITS USED FOR
HEATING AND HOT WATER-SUPPLY IN SINGL-APARTMENT OR SEMI-
DETACHED HOUSES
Дата введения 1996-12-01
1 ОБЛАСТЬ ПРИМЕНЕНИЯ
1.1 
Требования 
настоящей 
Инструкции 
следует 
соблюдать 
при
проектировании помещений в одноквартирных или блокированных жилых
зданиях, в которых размещаются тепловые агрегаты (теплогенераторы),
использующие в качестве топлива природный газ по ГОСТ 5542-87,
предназначенные для отопления и горячего водоснабжения этих зданий.",Data1_2_2096_index.pdf,2
Какие ГОСТы или СНиПы регламентируют расчет затрат на эксплуатацию строительных машин?,"В расчет затрат на эксплуатацию строительных машин и механизмов не
включаются накладные расходы и сметная прибыль, исчисляемые от затрат на
оплату труда рабочих-механизаторов.",Data1_10_10848_index.pdf,5
Какие требования МДС 14-13.2000 предъявляет к площади прочих помещений?,"Если лицо, имеющее право на ограничение ответственности в соответствии с правилами 
настоящей статьи, предъявляет требование к истцу, возникающее из того же происшествия, их 
соответствующие требования подлежат зачету и положения настоящей статьи применяются только 
к остатку, если он образуется.",Кодекс внутреннего водного транспорта Российской Федерации.pdf,70
Какие преступления относятся к уголовным делам частного обвинения?,"К уголовным делам частно-публичного обвинения относятся уголовные дела о преступлениях, 
предусмотренных статьями 116, 131 частью первой, 132 частью первой, 137 частью первой, 138 частью 
первой, 139 частью первой, 144.1, 145, 146 частью первой, 147 частью первой, 159 частями пятой - седьмой 
Уголовного кодекса Российской Федерации, а также уголовные дела о преступлениях, предусмотренных 
статьями 159 частями первой - четвертой, 159.1 - 159.3, 159.5, 159.6, 160, 165, 176 частью первой, 177, 180, 
185.1, 201 частью первой Уголовного кодекса Российской Федерации, если они совершены 
индивидуальным предпринимателем в связи с осуществлением им предпринимательской деятельности и 
(или) управлением принадлежащим ему имуществом, используемым в целях предпринимательской 
деятельности, либо если эти преступления совершены членом органа управления коммерческой 
организации в связи с осуществлением им полномочий по управлению организацией либо в связи с 
осуществлением коммерческой организацией предпринимательской или иной экономической 
деятельности.",Уголовно-процессуальный кодекс Российской Федерации.pdf,12
Что должно содержать пояснительная записка к схеме районной планировки? (ГОСТ МДС 11-7.2000),"Пояснительная записка к схеме районной планировки должна содержать
обоснования предложений и решений, перечисленных в п",Data1_1_1904_index.pdf,9
Какие министерства и ведомства утверждают ценники на медицинское оборудование согласно ГОСТ МДС 81-8.2000?,"При включении в состав проекта предприятия машин и сложного технологического
оборудования с длительным циклом изготовления, а также нового и модернизируемого
оборудования, машиностроительные министерства и ведомства обязаны выдавать
заказчику исходные данные по этому оборудованию, достаточные для составления
индивидуальных калькуляций на выполнение пусконаладочных работ.",Data1_10_10864_index.pdf,16
Какие разделы включены в проектные работы для трибун с подтрибунными помещениями согласно СНиП?,"Таблица 38 Трамвайное, троллейбусное депо, мастерские путевого хозяйства,
мастерские электрохозяйства
Таблица 39 Тяговые подстанции
Конечные станции на маршрутах трамвая (троллейбуса)
Таблица 40 Конечные станции на маршрутах трамвая (троллейбуса)
Таблица 41 Контактные сети и транспортные узлы троллейбусных и трамвайных
линий
Сооружения инженерной защиты городских территорий от подтопления
грунтовыми водами
Таблица 42 Сооружения инженерной защиты городских территорий от подтопления
(дренажная система)
Глава 11 Макеты жилых и гражданских зданий и сооружений
Таблица 43 Макеты жилых и гражданских зданий и сооружений с показом
интерьеров и оборудования
Глава 12 Разработка вариантов проектных решений отдельных элементов жилых и
гражданских зданий для типовых проектов
Таблица 44 Разработка вариантов проектных решений отдельных элементов жилых
и гражданских зданий для типовых проектов
3 Таблицы относительной стоимости разработки проектной документации
1 ОСНОВНЫЕ ПОЛОЖЕНИЯ
1.1 Справочник базовых цен на проектные работы для строительства (далее именуемый ""Справочник"") рекомендуется для
определения базовых цен с целью последующего формирования договорных цен на разработку проектной документации для
строительства объектов жилищно-гражданского назначения.",Data1_11_11835_index.pdf,2
Какой метод следует использовать для измерения крена зданий и сооружений сложной геометрической формы в СНиП 3.01.03-84?,"Для измерения крена зданий и сооружений сложной геометрической формы
следует использовать метод измерения горизонтальных направлений с двух постоянно
закрепленных опорных знаков, расположенных на взаимно перпендикулярных
направлениях (по отношению к зданию, сооружению).",Data1_11_11285_index.pdf,75
Какие операции включаются в управление остатками средств на едином счете бюджета территориального внебюджетного фонда?,"Операции по управлению остатками средств на едином счете бюджета заключаются в 
размещении временно свободных средств единого счета бюджета и в привлечении средств для 
обеспечения остатка средств на едином счете бюджета.",Бюджетный кодекс Российской Федерации.pdf,329
Что включается в состав обосновывающих материалов к сводному расчету затрат российских организаций в смешанных ценах?,"Расчеты удельных показателей в смешанных ценах вместе с копиями сводных смет в смешанных ценах и сводных сметных расчетов во
внутренних (базисных) ценах Российской Федерации по объекту-аналогу и расчетами поправок включаются в состав обосновывающих
материалов к сводному расчету затрат российских организаций в смешанных ценах.",Data1_2_2069_index.pdf,9
Какое определение выносит суд о замене ненадлежащего административного ответчика?,"О замене ненадлежащего административного ответчика надлежащим или о привлечении к 
участию в деле другого надлежащего административного ответчика суд выносит определение.",Кодекс административного судопроизводства Российской Федерации.pdf,26
"Что происходит, если представляемый одобряет сделку, заключенную неуполномоченным лицом?","Если представляемый отказался одобрить сделку или ответ на предложение представляемому ее 
одобрить не поступил в разумный срок, другая сторона вправе потребовать от неуправомоченного лица, 
совершившего сделку, исполнения сделки либо вправе отказаться от нее в одностороннем порядке и 
потребовать от этого лица возмещения убытков.",Гражданский кодекс Российской Федерации.pdf,118
Как устанавливаются порядок и формы внесения авансовых платежей?,"Порядок и формы внесения авансовых платежей устанавливаются законодательством 
государств-членов.",Таможенный кодекс Евразийского экономического союза.pdf,49
"Что происходит с правом применения тарифов страховых взносов, если организация не выполняет условия, установленные пунктом 12?","В случае, если по итогам расчетного (отчетного) периода применительно к указанному расчетному 
(отчетному) периоду организация не выполняет условия, установленные настоящим пунктом, такая 
организация лишается права применять пониженные тарифы страховых взносов, предусмотренные 
подпунктом 1 пункта 2 настоящей статьи, с начала расчетного периода, в котором допущено 
несоответствие условиям, указанным в настоящем пункте.",Налоговый кодекс Российской Федерации.pdf,1636
"Какие административные правонарушения рассматривает федеральный орган исполнительной власти, осуществляющий федеральный государственный карантинный фитосанитарный надзор, государственный надзор в области безопасного обращения с пестицидами и агрохимикатами и государственный земельный надзор (в отношении использования и охраны земель сельскохозяйственного назначения)?","Федеральный орган исполнительной власти, осуществляющий федеральный 
государственный карантинный фитосанитарный надзор, государственный надзор в 
области 
безопасного 
обращения 
с 
пестицидами 
и 
агрохимикатами 
и 
государственный земельный надзор (в отношении использования и охраны земель 
сельскохозяйственного назначения) 
1.",Административный кодекс Российской Федерации.pdf,469
Какой телефон доступен для бесплатной юридической консультации в регионах России?,"На территорию 
исправительного учреждения адвокаты или иные указанные лица, имеющие право на оказание 
юридической помощи, вправе проносить копировально-множительную технику и фотоаппаратуру 
только для снятия копий с материалов личного дела осужденного, компьютеры и пользоваться 
такими копировально-множительной техникой и фотоаппаратурой, компьютерами только в 
отсутствие осужденного в отдельном помещении, определенном администрацией исправительного 
учреждения.",Уголовно-исполнительный кодекс Российской Федерации.pdf,52
Какие сведения должен содержать опросник согласно ГОСТ МДС 80-5.2000?,"Комментарии к статьям на сайте 
https://gkodeksrf.ru/ 
  
 
Устав унитарного предприятия должен содержать сведения о его фирменном наименовании и месте его 
нахождения, предмете и целях его деятельности.",Гражданский кодекс Российской Федерации.pdf,65
Кто утверждает форму заявления о включении в перечень организаций розничной торговли?,"Форма заявления о включении в перечень организаций розничной торговли, указанный в абзаце первом 
настоящего пункта, порядок рассмотрения заявления о включении организации розничной торговли в 
указанный перечень и порядок исключения организации розничной торговли из указанного перечня 
утверждаются федеральным органом исполнительной власти, осуществляющим функции по выработке 
государственной политики и нормативно-правовому регулированию в области развития внешней и 
внутренней торговли.",Налоговый кодекс Российской Федерации.pdf,500
Какой порядок уведомления лица о проведении проверки таможенных документов и сведений после выпуска товаров?,"Законодательством 
государств-членов 
о 
таможенном 
регулировании 
могут 
устанавливаться случаи проведения проверки таможенных, иных документов и (или) сведений в 
отношении таможенной декларации, документов, подтверждающих сведения, заявленные в 
таможенной декларации, сведений, заявленных в таможенной декларации и (или) содержащихся в 
представленных таможенным органам документах, начатой после выпуска товаров, и порядок 
уведомления лица о проведении такой формы таможенного контроля.",Таможенный кодекс Евразийского экономического союза.pdf,396
"Какая стоимость содержания рабочих, занятых на выполнении строительно-монтажных работ, включая механизаторов, указана в смете № 4.1 согласно ГОСТ МДС 81-21.2000?","Содержание российских специалистов, командируемых за границу
4.1
Смета №
Стоимость содержания рабочих, занятых
на выполнении строительно-монтажных
работ, включая механизаторов
+
+
+
+
-
-
4.2
Смета №
Стоимость содержания рабочих
подсобных производств, обслуживающих
и прочих хозяйств, включая работников
автотранспорта
+
+
+
+
-
-
4.3
Смета №
Стоимость содержания персонала для
осуществления шефмонтажа
оборудования
+
+
+
+
+
+
4.4
Смета №
Стоимость содержания
административно-управленческого
персонала (АУП) и линейно-
производственного персонала (ЛПП)
российской строительно-монтажной
организации
+
+
+
+
-
-
4.5
Смета №
Стоимость содержания персонала
коммерческо-юридической группы
российского заказчика
+
+
-
-
+
+",Data1_2_2069_index.pdf,16
В какие сроки должны быть устранены нарушения и сообщено об этом в суд?,"По результатам рассмотрения жалобы, протеста на вступившие в законную силу постановление по делу 
об административном правонарушении, решения по результатам рассмотрения жалоб, протестов 
выносится одно из следующих решений: 
1) об оставлении постановления по делу об административном правонарушении, решения по результатам 
рассмотрения жалобы, протеста без изменения, а жалобы, протеста на вступившие в законную силу 
постановление по делу об административном правонарушении, решения по результатам рассмотрения 
жалоб, протестов без удовлетворения; 
2) об изменении постановления по делу об административном правонарушении, решения по результатам 
рассмотрения жалобы, протеста, если допущенные нарушения настоящего Кодекса и (или) закона субъекта 
Российской Федерации об административных правонарушениях могут быть устранены без возвращения 
дела на новое рассмотрение и при этом не усиливается административное наказание или иным образом 
не ухудшается положение лица, в отношении которого вынесены указанные постановление, решение; 
3) об отмене постановления по делу об административном правонарушении, решения по результатам 
рассмотрения жалобы, протеста и о возвращении дела на новое рассмотрение в случаях существенного 
нарушения процессуальных требований, предусмотренных настоящим Кодексом, если это не позволило 
всесторонне, полно и объективно рассмотреть дело; 
4) об отмене постановления по делу об административном правонарушении, решения по результатам 
рассмотрения жалобы, протеста и о прекращении производства по делу при наличии хотя бы одного из 
обстоятельств, предусмотренных статьями 2.9, 24.5 настоящего Кодекса, а также при недоказанности 
обстоятельств, на основании которых были вынесены указанные постановление, решение.",Административный кодекс Российской Федерации.pdf,594
"В каких случаях трудовой договор прекращается, если невозможно перевести работника с его письменного согласия на другую имеющуюся у работодателя работу?","В случаях, предусмотренных частью первой настоящей статьи, трудовой договор прекращается, если 
невозможно перевести работника с его письменного согласия на другую имеющуюся у работодателя 
работу (как вакантную должность или работу, соответствующую квалификации работника, так и вакантную",Трудовой кодекс Российской Федерации.pdf,60
Кто должен направлять информацию о региональных и местных налогах в территориальные органы федерального органа исполнительной власти?,"Информация и копии законов, иных нормативных правовых актов об установлении, изменении и 
прекращении действия региональных и местных налогов направляются органами государственной власти 
субъектов Российской Федерации, органами местного самоуправления, органами публичной власти 
федеральной территории ""Сириус"" в территориальные органы федерального органа исполнительной 
власти, уполномоченного по контролю и надзору в области налогов и сборов, по соответствующему 
субъекту Российской Федерации и финансовые органы соответствующих субъектов Российской Федерации.",Налоговый кодекс Российской Федерации.pdf,23
Какие требования к неравномерности естественного освещения приведены в ГОСТ МДС 31-8.2002?,"Для устройства естественного освещения помещений производственных зданий с избытками явного
тепла от 23 до 50 Вт/м3, к которым не предъявляются специальные требования к чистоте воздуха, следует
применять светоаэрационные фонари.",Data1_10_10846_index.pdf,2
Какое Положение о применении финансовых санкций Государственной жилищной инспекцией содержится в МДС 17-13.2000?,"электромеханиками, а также записей
о проведенной работе в журнале
«Приемка-сдача смен»
д) контролировать проведение
технических осмотров и ремонтов
лифтов работниками
специализированных организаций в
установленные сроки
ПОЛОЖЕНИЕ
о применении финансовых санкций Государственной жилищной инспекцией
1.",Data1_10_10861_index.pdf,36
Какие объекты не могут быть построены в границах зон затопления и подтопления?,"В границы территории, в отношении которой принимается решение о комплексном развитии территории 
жилой застройки, могут быть включены земельные участки и (или) расположенные на них объекты 
недвижимого имущества, не указанные в части 2 настоящей статьи, при условии, что такие земельные 
участки и (или) объекты недвижимого имущества расположены в границах элемента планировочной 
структуры поселения, городского округа (за исключением района), в котором расположены 
многоквартирные дома, указанные в части 2 настоящей статьи.",Градостроительный кодекс Российской Федерации.pdf,295
Что такое транспортное средство и какие виды транспортных средств существуют?,"При обратном вывозе с таможенной территории Союза временно ввезенных 
транспортных средств международной перевозки и при обратном ввозе на таможенную 
территорию Союза временно вывезенных транспортных средств международной перевозки, 
таможенное декларирование которых осуществлялось в письменной форме, в качестве декларации 
на транспортное средство допускается использование декларации на транспортное средство, 
поданной таможенному органу при таможенном декларировании временно ввозимых или временно 
вывозимых транспортных средств международной перевозки соответственно.",Таможенный кодекс Евразийского экономического союза.pdf,339
Какие особенности содержания дирекции при сооружении объектов за счет государственных централизованных капитальных вложений? (ГОСТ не указан),"Средства на содержание дирекции при сооружении объектов за счет
государственных централизованных капитальных вложений предусматриваются в сводном
сметном расчете стоимости строительства на весь период строительства в соответствии с
нормами его продолжительности и могут расходоваться в этих пределах.",Data1_1_1804_index.pdf,10
Какие исключения существуют для применения ГЭСН?,"Для целей применения настоящего пункта налоговым агентом является лицо, в собственности которого 
находится гражданское воздушное судно на дату исключения из Государственного реестра гражданских 
воздушных судов Российской Федерации.",Налоговый кодекс Российской Федерации.pdf,442
"Какие условные однотипные обозначения и краски должны применяться для изображения элементов, повторяющихся на различных чертежах, согласно ГОСТ МДС 11-7.2000?","Для изображения элементов, повторяющихся на различных чертежах, применяются
условные однотипные обозначения и краски, как правило, прозрачные, не закрывающие
топографо-геодезической подосновы; графические материалы должны выполняться с
учетом наглядного восприятия проектных предложений.",Data1_1_1904_index.pdf,27
Какие сроки давности привлечения к административной ответственности предусмотрены за нарушение законодательства о государственном регулировании деятельности по организации и проведению азартных игр?,"Комментарии к статьям на сайте 
https://koapkodeksrf.ru/ 
 
 
 
 
информационную систему сведений о показах фильмов в кинозалах либо предоставления заведомо 
недостоверной информации), в области охраны собственности (в части административных 
правонарушений, предусмотренных статьями 7.3, 7.5 настоящего Кодекса) по истечении одного года со 
дня совершения административного правонарушения, за нарушение таможенного законодательства 
Таможенного союза в рамках ЕврАзЭС (далее - Таможенный союз) и (или) законодательства Российской 
Федерации о таможенном деле, за нарушение бюджетного законодательства Российской Федерации и 
иных нормативных правовых актов, регулирующих бюджетные правоотношения, а также за 
административные правонарушения, предусмотренные статьями 5.35.1, 6.1.1 настоящего Кодекса, за 
нарушение валютного законодательства Российской Федерации и актов органов валютного регулирования, 
законодательства Российской Федерации о бухгалтерском учете, законодательства о государственном 
регулировании деятельности по организации и проведению азартных игр (в части административных 
правонарушений, предусмотренных статьей 14.1.1 настоящего Кодекса), об участии в деятельности 
иностранной или международной неправительственной организации, в отношении которой принято 
решение о признании нежелательной на территории Российской Федерации ее деятельности в 
соответствии с законодательством Российской Федерации (в части административного правонарушения, 
предусмотренного статьей 20.33 настоящего Кодекса) по истечении двух лет со дня совершения 
административного правонарушения, за нарушение законодательства Российской Федерации о 
политических партиях (в части административных правонарушений, предусмотренных статьями 5.64 - 5.68 
настоящего Кодекса), о несостоятельности (банкротстве), об аккредитации в национальной системе 
аккредитации, за нарушение в области воинского учета, за нарушение законодательства о 
противодействии легализации (отмыванию) доходов, полученных преступным путем, и финансированию 
терроризма (в части административных правонарушений, предусмотренных частью 4 статьи 15.27 и статьей 
15.27.3 настоящего Кодекса) по истечении трех лет со дня совершения административного 
правонарушения, а за нарушение законодательства Российской Федерации о противодействии 
терроризму, законодательства Российской Федерации о специальных экономических мерах и 
принудительных мерах (в части административного правонарушения, предусмотренного статьей 15.27.1 
настоящего Кодекса) и законодательства Российской Федерации о противодействии коррупции - по 
истечении шести лет со дня совершения административного правонарушения.",Административный кодекс Российской Федерации.pdf,30
Как формируется перечень внутренних водных путей?,"Сборы (тарифы) с судов за услуги по использованию инфраструктуры внутренних водных 
путей, перечень таких сборов (тарифов) и правила их применения устанавливаются в соответствии 
с законодательством о естественных монополиях.",Кодекс внутреннего водного транспорта Российской Федерации.pdf,6
Какие объекты органов государственной власти и управления исключаются из графиков временного отключения электрической энергии согласно ГОСТ МДС 13-19.2001?,"Временное ограничение подачи электрической энергии (мощности) в случае
снижения запасов топлива на тепловых и атомных электростанциях и гидроресурсов
гидравлических электростанций вводится на основании имеющихся графиков
ограничения потребления и временного отключения электрической энергии
(мощности):
в Единой энергетической системе России и объединенных энергетических
системах - по решению Российского акционерного общества «ЕЭС России»,
согласованному с Министерством топлива и энергетики Российской Федерации;
в регионах (при отсутствии технической возможности передачи электрической
энергии из Единой энергетической системы России) - по совместному решению
энергоснабжающей организации и соответствующего органа исполнительной власти
субъекта Российской Федерации.",Data1_10_10853_index.pdf,3
Что входит в правовое регулирование трудовых отношений по подготовке и дополнительному профессиональному образованию работников?,"Основными задачами трудового законодательства являются создание необходимых правовых условий для 
достижения оптимального согласования интересов сторон трудовых отношений, интересов государства, а 
также правовое регулирование трудовых отношений и иных непосредственно связанных с ними 
отношений по: 
организации труда и управлению трудом; 
трудоустройству у данного работодателя; 
подготовке и дополнительному профессиональному образованию работников непосредственно у данного 
работодателя; 
социальному партнерству, ведению коллективных переговоров, заключению коллективных договоров и 
соглашений; 
участию работников и профессиональных союзов в установлении условий труда и применении трудового 
законодательства в предусмотренных законом случаях; 
материальной ответственности работодателей и работников в сфере труда; 
государственному контролю (надзору), профсоюзному контролю за соблюдением трудового 
законодательства (включая законодательство об охране труда) и иных нормативных правовых актов, 
содержащих нормы трудового права; 
разрешению трудовых споров; 
обязательному социальному страхованию в случаях, предусмотренных федеральными законами.",Трудовой кодекс Российской Федерации.pdf,0
Какие работы следует провести для влажной уборки помещения чердака согласно ГОСТ МДС 13-18.2000?,"В зданиях с теплым чердаком следует осуществлять влажную уборку помещения
чердака с очисткой сеток на выпуске воздуха из вентиляционных оголовков.",Data1_10_10852_index.pdf,25
"Что означает возможность таможенного декларирования товаров, незаконно перемещенных через таможенную границу Союза?","Комментарии к статьям на сайте 
https://tkeaes.ru/ 
 
 
 
перемещены через таможенную границу Союза 
Законодательством 
государств-членов 
о 
таможенном 
регулировании 
может 
быть 
установлена возможность таможенного декларирования, совершения иных таможенных операций и 
уплаты таможенных пошлин, налогов, специальных, антидемпинговых, компенсационных пошлин 
в отношении товаров, которые незаконно перемещены через таможенную границу Союза либо 
выпуск которых не произведен таможенными органами в соответствии с настоящим Кодексом, что 
повлекло за собой неуплату таможенных пошлин, налогов или несоблюдение запретов и 
ограничений, мер защиты внутреннего рынка, и которые обнаружены таможенными органами у 
лиц, приобретших эти товары на таможенной территории Союза.",Таможенный кодекс Евразийского экономического союза.pdf,90
Какие услуги включены в пункт 4 перечня продукции и услуг проектного института согласно ГОСТ МДС 11-11.2000?,"Требования к квалификации управляющего проектом
Приложение 1 Примерная форма контракта для управляющего проектом
Приложение 2 Примерная форма дополнительного соглашения к контракту для
управляющего проектом
Приложение 3 Примерный перечень продукции и услуг проектного института для
управляющего проектом
Приложение 4 Принципы и методы маркетинга для управляющего проектом
Приложение 5 Этические нормы профессиональной деятельности управляющего
проектом
Приложение 6 Примерная учебная программа для повышения квалификации
управляющих проектами (главных инженеров проектов, главных
архитекторов проектов)
Список рекомендуемой литературы",Data1_10_10858_index.pdf,28
"Какие действия должен предпринять специалист, если ему известно, что коллега недостаточно профессионально образован, ответственен и не имеет достаточных навыков и практического опыта для выполнения соответствующих функций, работ или услуг согласно ГОСТ?","Специалист обязан отказать в ходатайстве или выдаче положительной
характеристики заинтересованному лицу - коллеге, если последний известен данному
специалисту 
в 
качестве 
недостаточно 
профессионально 
образованного,
ответственного, не имеющего достаточных навыков и практического опыта для
выполнения соответствующих функций, работ или услуг.",Data1_10_10851_index.pdf,6
Что допускается без согласия автора или иного правообладателя и без выплаты вознаграждения в целях создания пародий и карикатур?,"Свободная запись произведения организацией эфирного вещания в целях 
краткосрочного пользования 
Организация эфирного вещания вправе без согласия автора или иного правообладателя и без выплаты 
дополнительного вознаграждения делать запись в целях краткосрочного пользования того произведения, 
в отношении которого эта организация получила право на сообщение в эфир, при условии, что такая запись 
делается организацией эфирного вещания с помощью ее собственного оборудования и для собственных 
передач.",Гражданский кодекс Российской Федерации.pdf,531
Какие материалы используются для гидроизоляции полов рубероидом согласно СНиП?,"Изделия специального назначения для
лотков, тоннелей, облицовок, камер
01.01.14
м3
 
 
 
Панели наружных стен для жилищно-
гражданского строительства
01.01.15
м2
 
 
 
Бетонные изделия
 
 
 
 
 
Блоки из тяжелого бетона
01.02.01
м3
 
 
 
Плиты бетонные для полов
01.02.02
м2
 
 
 
Камни бетонные бортовые
01.02.03
м3
 
 
 
Изделия из ячеистого бетона, плиты из
легкого бетона
01.02.04
м3
 
 
 
Другие бетонные изделия
01.02.05
м3
 
 
 
Бетоны, растворы
 
 
 
 
 
Бетон товарный
02.01.01
м3
 
 
 
Раствор товарный
02.01.02
м3
 
 
 
Стеновые материалы (кроме бетона)
 
 
 
 
 
Кирпич керамический
03.01.01
тыс.",Data1_2_2080_index.pdf,12
Какой вид исправительного учреждения и режим должны быть определены подсудимому при назначении ему наказания в виде лишения свободы?,"Комментарии к статьям на сайте 
https://upkodeksrf.ru/ 
 
 
 
 
 
2) доказано ли, что деяние совершил подсудимый; 
3) является ли это деяние преступлением и какими пунктом, частью, статьей Уголовного кодекса 
Российской Федерации оно предусмотрено; 
4) виновен ли подсудимый в совершении этого преступления; 
5) подлежит ли подсудимый наказанию за совершенное им преступление; 
6) имеются ли обстоятельства, смягчающие или отягчающие наказание; 
6.1) имеются ли основания для изменения категории преступления, в совершении которого обвиняется 
подсудимый, на менее тяжкую в соответствии с частью шестой статьи 15 Уголовного кодекса Российской 
Федерации; 
7) какое наказание должно быть назначено подсудимому; 
7.1) имеются ли основания для замены наказания в виде лишения свободы принудительными работами в 
порядке, установленном статьей 53.1 Уголовного кодекса Российской Федерации; 
7.2) нуждается ли подсудимый в прохождении лечения от наркомании и медицинской и (или) социальной 
реабилитации в порядке, установленном статьей 72.1 Уголовного кодекса Российской Федерации; 
8) имеются ли основания для постановления приговора без назначения наказания, освобождения от 
наказания или применения отсрочки отбывания наказания; 
9) какой вид исправительного учреждения и режим должны быть определены подсудимому при 
назначении ему наказания в виде лишения свободы; 
10) подлежит ли удовлетворению гражданский иск, в чью пользу и в каком размере; 
10.1) доказано ли, что имущество, подлежащее конфискации, получено в результате совершения 
преступления или является доходами от этого имущества либо использовалось или предназначалось для 
использования в качестве орудия, оборудования или иного средства совершения преступления либо для 
финансирования терроризма, экстремистской деятельности (экстремизма), организованной группы, 
незаконного вооруженного формирования, преступного сообщества (преступной организации); 
11) как поступить с имуществом, на которое наложен арест для обеспечения исполнения наказания в виде 
штрафа, для обеспечения гражданского иска или возможной конфискации; 
12) как поступить с вещественными доказательствами; 
13) на кого и в каком размере должны быть возложены процессуальные издержки; 
14) должен ли суд в случаях, предусмотренных статьей 48 Уголовного кодекса Российской Федерации, 
лишить подсудимого специального, воинского или почетного звания, классного чина, а также 
государственных наград; 
15) могут ли быть применены принудительные меры воспитательного воздействия в случаях, 
предусмотренных статьями 90 и 91 Уголовного кодекса Российской Федерации; 
16) могут ли быть применены принудительные меры медицинского характера в случаях, предусмотренных 
статьей 99 Уголовного кодекса Российской Федерации; 
17) следует ли отменить или изменить меру пресечения в отношении подсудимого.",Уголовно-процессуальный кодекс Российской Федерации.pdf,192
"Какие расходы по услугам, оказываемым Торгпредством Российской Федерации в стране пребывания, учитываются в период пребывания за границей?","1
2
3
4
5
6
 
 
ПЕРИОД ПРЕБЫВАНИЯ ЗА ГРАНИЦЕЙ
 
 
 
12
Расчет №Суточные за время пребывания за границей
-
+
+
13
Расчет №Квартирные за время пребывания за границей
-
+
+
14
Расчет №Заработная плата за время пребывания за
границей
+
-
+
15
Расчет №Страховые 
взносы 
в 
фонды 
Российской
Федерации 
(Пенсионный 
фонд, 
Фонд
социального 
страхования, 
Государственный
фонд 
занятости 
населения, 
фонды
обязательного медицинского страхования) по
пункту 14
+
-
+
16
Расчет №Расходы по найму автотранспорта
-
+
+
17
Расчет №Расходы по проезду железной дорогой или
автотранспортом в стране пребывания
-
+
+
18
Расчет №Расходы 
по 
услугам, 
оказываемым
Торгпредством Российской Федерации в стране
пребывания
-
+
+
 
 
Итого:
+
+
+
 
 
ВОЗВРАЩЕНИЕ В МОСКВУ
 
 
 
19
Расчет №Проезд из страны пребывания в Москву
-
+
+
20
Расчет №Суточные за время нахождения в пути после
пересечения государственной границы
+
-
+
21
Расчет №Заработная плата за время нахождения в пути
после пересечения государственной границы
+
-
+
22
Расчет №Проезд 
в 
Москве 
от 
аэропорта 
или
железнодорожной станции
+
-
+
23
Расчет №Страховые 
взносы 
в 
фонды 
Российской
Федерации 
(Пенсионный 
фонд, 
Фонд
социального 
страхования, 
Государственный
фонд 
занятости 
населения, 
фонды
обязательного медицинского страхования) по
пункту 21
+
-
+
 
 
Итого:
+
+
+
 
 
ВОЗВРАЩЕНИЕ ИНОГОРОДНИХ
СПЕЦИАЛИСТОВ ОТ МОСКВЫ ДО
ПОСТОЯННОГО МЕСТА ЖИТЕЛЬСТВА
 
 
 
24
Расчет №Проезд от Москвы до постоянного места
жительства
+
-
+
25
Расчет №
Заработная плата за время нахождения в
Москве и в пути до постоянного места
жительства
+
-
+
26
Расчет №Суточные за время нахождения в Москве и в
пути
+
-
+
27
Расчет №Квартирные за время нахождения в Москве
+
-
+
28
Расчет №
Страховые 
взносы 
в 
фонды 
Российской
Федерации 
(Пенсионный 
фонд, 
Фонд
социального 
страхования, 
Государственный
фонд 
занятости 
населения, 
фонды
обязательного медицинского страхования) по
пункту 25
+
-
+
 
 
Итого:
+
-
+
 
 
Всего по смете:
+
+
+
Составил _____________________________________________________________
должность, подпись (инициалы, фамилия)
Проверил _____________________________________________________________
должность, подпись (инициалы, фамилия)
Примечание: 1.",Data1_2_2082_index.pdf,23
Какие работы по смене ветхих венцов бревенчатых или брусчатых стен (до 20% общей поверхности стен) описаны в ГОСТ МДС 14-13.2000?,Смена ветхих венцов бревенчатых или брусчатых стен (до 20 % общей поверхности стен).,Data1_1_1879_index.pdf,27
Какие действия может дознаватель обжаловать?,"Признав, что необходимые следственные действия произведены и объем собранных доказательств 
достаточен для обоснованного вывода о совершении преступления подозреваемым, дознаватель 
составляет обвинительное постановление.",Уголовно-процессуальный кодекс Российской Федерации.pdf,159
На какие территории разрабатывается региональная схема расселения? (ГОСТ МДС 11-7.2000),"Региональная схема расселения разрабатывается на территории экономических и
крупных географических районов, природно-климатических зон, оздоровительных,
курортных 
и 
рекреационных 
территорий, 
национально-государственных 
и
административно-территориальных образований, а также приграничных регионов.",Data1_1_1904_index.pdf,6
Какие расходы на питание работников учитывается при определении объекта налогообложения?,"Комментарии к статьям на сайте
https://nkodeksrf.ru/
15) право на применение инвестиционного налогового вычета в отношении расходов налогоплательщика, 
указанных в подпункте 6 пункта 2 настоящей статьи, применительно к объектам амортизируемого 
имущества, амортизация по которым учитывается в составе указанных расходов, и (или) работникам, 
расходы на оплату труда которых учитываются в составе указанных расходов, относящимся к организации 
или ее обособленным подразделениям, расположенным на территории этого субъекта Российской 
Федерации; 
16) предельный размер расходов на научные исследования и (или) опытно-конструкторские разработки, 
учитываемых при определении инвестиционного налогового вычета; 
17) категории налогоплательщиков, которым предоставляется (не предоставляется) право на применение 
инвестиционного налогового вычета, предусмотренное подпунктом 15 настоящего пункта; 
18) виды научных исследований и (или) опытно-конструкторских разработок, в отношении расходов на 
осуществление которых налогоплательщикам предоставляется (не предоставляется) право на применение 
инвестиционного налогового вычета, предусмотренное подпунктом 15 настоящего пункта; 
23) право на применение инвестиционного налогового вычета в отношении расходов налогоплательщика, 
указанных в подпункте 8 пункта 2 настоящей статьи.",Налоговый кодекс Российской Федерации.pdf,1126
Какие виды технического обслуживания и ремонта предусмотрены для железнодорожных кранов?,"Нормы могут быть полезны также для конструкторских и проектных организаций при решении вопросов
технического обслуживания и ремонта грузоподъемных кранов.",Data1_10_10855_index.pdf,1
"Какая ответственность возлагается на лицо, выпустившее бездокументарную ценную бумагу, и лицо, осуществляющее учет прав на такие ценные бумаги, за убытки, причиненные в результате нарушения порядка учета прав?","Лицо, выпустившее бездокументарную ценную бумагу, и лицо, осуществляющее по его поручению учет 
прав на такие ценные бумаги, несут солидарную ответственность за убытки, причиненные в результате 
нарушения порядка учета прав, порядка совершения операций по счетам, утраты учетных данных, 
предоставления недостоверной информации об учетных данных, если не докажут, что нарушение имело 
место вследствие непреодолимой силы.",Гражданский кодекс Российской Федерации.pdf,98
Какой индекс изменения стоимости СМР был в Кировской области в IV кв. 1992 г. по сравнению с базисным уровнем на 01.01.91 согласно МДС 81-9.2000?,"(БЕЗ НДС)
Регионы
Индексы цен по сравнению с базисным
уровнем на 01.01.91
Изменение стоимости
СМР (гр.",Data1_2_2075_index.pdf,11
Какой разряд зрительной работы установлен для помещений для работы с видеоматериалами согласно ГОСТ МДС 31-8.2002?,"Неравномерность естественного освещения не нормируется для
вспомогательных помещений производственных зданий и помещений общественных зданий с разрядами
зрительной работы Г, Д, Е, Ж, З.",Data1_10_10846_index.pdf,14
Какие показатели включены в информацию о канализации согласно ГОСТ МДС 11-7.2000?,"Подрядчик разрабатывает раздел «Охрана окружающей среды» в соответствии с требованиями
перечисленных ниже нормативных документов:
Закон об охране природной среды РСФСР Временная инструкция о порядке оценки воздействия
хозяйственной деятельности на окружающую среду (ОВОС)
ОНД 1-84 Госкомгидромет      Инструкция о порядке рассмотрения, согласования и экспертизы
водоохранных 
мероприятий 
и 
выдачи 
разрешения 
на 
выброс
загрязняющих веществ в атмосферу по проектным решениям
ОНД-86 Госкомгидромет            Методика расчета концентраций в атмосферном воздухе вредных
веществ, содержащихся в выбросах предприятий
ГОСТ 17.1.3.05-82                                    Охрана природы.",Data1_10_10865_index.pdf,32
Как расширяется набор основных и вспомогательных помещений в физкультурно-оздоровительных сооружениях согласно МДС 35-7.2000?,"Домик для игр в воде и с песком
1 - плескательная ванна (0,3 м глубиной); 2 - фонтан; 3 - песчаная площадка; 4 - маты разной формы для
лазания; 5 - свободная площадка для передвижения; 6 - кладовая для инвентаря; 7 - проекторная; 8 -
белая стена для проекций фильмов и слайдов
Основные функциональные блоки
СОСТАВ ОСНОВНЫХ И ВСПОМОГАТЕЛЬНЫХ ПОМЕЩЕНИЙ
· Состав основных и вспомогательных помещений физкультурно-оздоровительных
сооружений 
определяется 
исходя 
из 
функционального 
назначения 
объекта,
предполагаемого контингента пользователей и требований методического и медико-
гигиенического характера.",Data1_10_10847_index.pdf,22
Какие меры принимаются для обеспечения контроля за использованием и сохранностью жилищного фонда?,"Комментарии к статьям на сайте 
https://jkodeksrf.ru/ 
 
 
 
 
3.1) установление порядка определения дохода граждан и постоянно проживающих совместно с ними 
членов их семей и стоимости подлежащего налогообложению их имущества в целях признания граждан 
нуждающимися в предоставлении жилых помещений по договорам найма жилых помещений жилищного 
фонда социального использования; 
3.2) определение порядка установления максимального размера дохода граждан и постоянно 
проживающих совместно с ними членов их семей и стоимости подлежащего налогообложению их 
имущества в целях признания граждан нуждающимися в предоставлении жилых помещений по договорам 
найма жилых помещений жилищного фонда социального использования; 
4) определение иных категорий граждан в целях предоставления им жилых помещений жилищного фонда 
субъекта Российской Федерации; 
5) определение порядка предоставления по договорам социального найма установленным 
соответствующим законом субъекта Российской Федерации категориям граждан жилых помещений 
жилищного фонда субъекта Российской Федерации; 
6) признание в установленном порядке жилых помещений жилищного фонда субъекта Российской 
Федерации непригодными для проживания, многоквартирных домов, все жилые помещения в которых 
находятся в собственности субъекта Российской Федерации, аварийными и подлежащими сносу или 
реконструкции; 
7) определение порядка ведения органами местного самоуправления учета граждан в качестве 
нуждающихся в жилых помещениях, предоставляемых по договорам социального найма; 
8) осуществление контроля за использованием и сохранностью жилищного фонда субъекта Российской 
Федерации, соответствием жилых помещений данного фонда установленным санитарным и техническим 
правилам и нормам, иным требованиям законодательства; 
8.1) осуществление регионального государственного жилищного надзора; 
8.2) установление минимального размера взноса на капитальный ремонт; 
8.3) определение порядка установления необходимости проведения капитального ремонта общего 
имущества в многоквартирном доме; 
8.4) осуществление мониторинга применения предельных (максимальных) индексов изменения размера 
вносимой гражданами платы за коммунальные услуги; 
8.5) осуществление лицензирования деятельности по управлению многоквартирными домами; 
8.6) определение порядка информирования органами местного самоуправления собственников 
помещений в многоквартирных домах о способах формирования фонда капитального ремонта, о порядке 
выбора способа формирования фонда капитального ремонта; 
8.7) установление порядка информирования собственников помещений в многоквартирных домах и 
организаций, осуществляющих управление многоквартирными домами, о содержании региональной 
программы капитального ремонта общего имущества в многоквартирных домах и критериях оценки 
состояния многоквартирных домов, на основании которых определяется очередность проведения 
капитального ремонта; 
8.8) утверждение порядка и перечня случаев оказания на возвратной и (или) безвозвратной основе за счет 
средств бюджета субъекта Российской Федерации дополнительной помощи при возникновении",Жилищный кодекс Российской Федерации.pdf,8
Какие меры поощрения могут применять начальники отрядов?,"Начальники отрядов имеют право применять следующие меры поощрения: 
а) благодарность; 
б) разрешение дополнительно расходовать деньги на покупку продуктов питания и 
предметов первой необходимости; 
в) утратил силу; 
г) досрочное снятие взыскания, ранее наложенного начальником отряда.",Уголовно-исполнительный кодекс Российской Федерации.pdf,80
"Когда подлежит исполнению обязанность по уплате ввозных таможенных пошлин, налогов при единовременной уплате?","Обязанность по уплате ввозных таможенных пошлин, налогов в отношении товаров, 
помещаемых (помещенных) под таможенную процедуру временного ввоза (допуска) с частичной 
уплатой ввозных таможенных пошлин, налогов, подлежит исполнению (ввозные таможенные 
пошлины, налоги подлежат уплате): 
1) при единовременной уплате ввозных таможенных пошлин, налогов либо при уплате 
первой части суммы ввозных таможенных пошлин, налогов при периодической уплате ввозных 
таможенных пошлин, налогов - до выпуска товаров в соответствии с таможенной процедурой 
временного ввоза (допуска); 
2) при уплате второй и последующих частей суммы ввозных таможенных пошлин, налогов 
при периодической уплате ввозных таможенных пошлин, налогов - до начала периода, за который 
производится уплата очередной части суммы ввозных таможенных пошлин, налогов.",Таможенный кодекс Евразийского экономического союза.pdf,265
"Какая номенклатура используется для составления сводного расчета затрат российских организаций в смешанных ценах, согласно ГОСТ МДС 81-21.2000?","Кроме того, при предпроектных проработках по:
первому варианту (когда конкретные подрядчики не определены) сводный расчет стоимости
строительства во внутренних ценах Российской Федерации применяется для выбора генерального
подрядчика при проведении подрядных торгов по реализации на территории Российской Федерации
инвестиционных проектов с участием российских организаций и иностранных фирм;
второму варианту (когда известны конкретные подрядчики):
используется сводный расчет стоимости строительства во внутренних ценах Российской
Федерации при составлении сводного расчета стоимости строительства в смешанных ценах, в том
числе для определения суммы по объемам работ (затрат), выполняемым российскими организациями,
и для определения количества материальных ресурсов, поставляемых из-за границы взамен
изготовляемых в Российской Федерации;
устанавливается экономическая эффективность привлечения иностранных фирм к данному
строительству (наряду с другими факторами целесообразности их привлечения: техническими,
политическими и др.)",Data1_2_2082_index.pdf,2
Какие знаки предназначены для заложения в капитальные сооружения в Приложении 5 к СНиП 3.01.03-84?,"металлических колонн соответственно 6 и 3 м; 5, 6 - для шага железобетонных колонн соответственно 6 и
3 м
ПРИЛОЖЕНИЕ 5
ТИПЫ ПОСТОЯННЫХ ЗНАКОВ ВНЕШНЕЙ РАЗБИВОЧНОЙ СЕТИ ЗДАНИЯ
(СООРУЖЕНИЯ)
а, б - для зоны сезонного промерзания; в - для зоны глубинного промерзания; г - для заложения в
капитальные сооружения; д - для заложения в бетонные покрытия; 1 - пластина 200 × 200 мм; 2 - наплыв
от сварки; 3 - труба диаметром 50 - 70 мм; 4 - якорь, 5 - зона промерзания грунтов; 6 - рельс; 7 - скважина
под бур; 8 - свая; 9 - сферическая поверхность
ПРИЛОЖЕНИЕ 6
НОРМЫ ТЕХНИЧЕСКОГО ОБЕСПЕЧЕНИЯ СТРОИТЕЛЬНО-МОНТАЖНЫХ
ОРГАНИЗАЦИЙ ДЛЯ ПРОИЗВОДСТВА ГЕОДЕЗИЧЕСКИХ РАБОТ (ПРИМЕР)",Data1_11_11285_index.pdf,81
Какие затраты учитываются при использовании метода оценки на основе сложения стоимости согласно статье 23?,"МЕТОД НА ОСНОВЕ СЛОЖЕНИЯ СТОИМОСТИ
При использовании метода оценки на основе сложения стоимости в качестве основы для
определения таможенной стоимости товара принимается цена товара, рассчитанная путем сложения:
а) стоимости материалов и издержек, понесенных изготовителем в связи с производством
оцениваемого товара;
б) общих затрат, характерных для продажи в Российскую Федерацию из страны вывоза товаров
того же вида, в том числе расходов на транспортировку, погрузочные и разгрузочные работы,
страхование до места пересечения таможенной границы Российской Федерации и иных затрат;
в) прибыли, обычно получаемой экспортером в результате поставки в Российскую Федерацию
таких товаров.",Data1_2_2082_index.pdf,21
На каких условиях товарищество собственников жилья может получить кредиты от банков?,"Решение о выделении товарищества может быть принято на 
общем собрании собственников помещений в многоквартирном доме, в котором будет создано 
товарищество собственников жилья в процессе выделения, большинством голосов от общего числа 
голосов собственников помещений в данном доме.",Жилищный кодекс Российской Федерации.pdf,106
"Как должна соответствовать номенклатура оборудования и видов работ, включаемая в сборники РСН, номенклатуре сборников расценок на монтаж оборудования (СНиП 4.06-91)?","Номенклатура оборудования и видов работ, включаемая в сборники РСН,
должна, как правило, соответствовать номенклатуре сборников расценок на монтаж
оборудования (СНиП 4.06-91).",Data1_2_2073_index.pdf,1
Какие действия могут быть совершены бесплатно при государственной регистрации актов гражданского состояния для физических лиц?,"Льготы при государственной регистрации актов гражданского состояния 
От уплаты государственной пошлины за государственную регистрацию актов гражданского состояния и 
другие юридически значимые действия, совершаемые органами записи актов гражданского состояния и 
иными уполномоченными органами, освобождаются: 
1) физические лица: 
за внесение изменений в запись акта о рождении в связи с усыновлением (удочерением), включая выдачу 
нового свидетельства о рождении; 
за внесение исправлений и (или) изменений в записи актов гражданского состояния и выдачу свидетельств 
в связи с ошибками, допущенными при государственной регистрации актов гражданского состояния по вине 
работников, производящих государственную регистрацию актов гражданского состояния; 
за выдачу справок о регистрации актов гражданского состояния для представления в уполномоченные 
органы по вопросам назначения либо перерасчета пенсий и (или) пособий; 
за внесение исправлений и (или) изменений в записи актов о смерти необоснованно репрессированных и 
впоследствии реабилитированных лиц на основании закона о реабилитации жертв политических репрессий, 
включая выдачу свидетельств о смерти, а также за выдачу повторных свидетельств о смерти лиц указанной 
категории; 
за выдачу извещений об отсутствии записей актов гражданского состояния для восстановления утраченных 
записей актов гражданского состояния в установленном порядке; 
за государственную регистрацию рождения, смерти, включая выдачу свидетельств; 
абзац восьмой утратил силу; 
2) органы, осуществляющие управление в сфере образования, органы опеки и попечительства и комиссии 
по делам несовершеннолетних и защите их прав: 
за выдачу повторных свидетельств о рождении детей, оставшихся без попечения родителей, повторных 
свидетельств (справок) о смерти их родителей, о перемене имени, заключении и расторжении брака 
умершими родителями, а также за истребование указанных документов с территории иностранных 
государств; 
за внесение исправлений и (или) изменений в записи актов гражданского состояния, составленные в 
отношении детей-сирот и детей, оставшихся без попечения родителей, а также в отношении их умерших 
родителей, включая выдачу свидетельств.",Налоговый кодекс Российской Федерации.pdf,1319
Какие услуги включены в пункт 1 перечня продукции и услуг проектного института согласно ГОСТ МДС 11-11.2000?,"Требования к квалификации управляющего проектом
Приложение 1 Примерная форма контракта для управляющего проектом
Приложение 2 Примерная форма дополнительного соглашения к контракту для
управляющего проектом
Приложение 3 Примерный перечень продукции и услуг проектного института для
управляющего проектом
Приложение 4 Принципы и методы маркетинга для управляющего проектом
Приложение 5 Этические нормы профессиональной деятельности управляющего
проектом
Приложение 6 Примерная учебная программа для повышения квалификации
управляющих проектами (главных инженеров проектов, главных
архитекторов проектов)
Список рекомендуемой литературы",Data1_10_10858_index.pdf,28
"Какие документы необходимы для возмещения суммы акциза, уплаченной при вывозе подакцизных товаров за пределы территории Российской Федерации?","При вывозе подакцизных товаров за пределы территории Российской Федерации в соответствии с 
таможенной процедурой экспорта для подтверждения обоснованности освобождения от уплаты акциза, 
предоставленного в соответствии с пунктами 2, 2.1, 2.2 и 4 статьи 184 настоящего Кодекса, а также 
возмещения сумм акциза, уплаченных налогоплательщиком в связи с отсутствием банковской гарантии или 
договора поручительства, предусмотренных пунктами 2, 2.2 и 4 статьи 184 настоящего Кодекса, и сумм 
акциза, уплаченных налогоплательщиком и подлежащих в соответствии со статьей 200 настоящего Кодекса 
налоговым вычетам в порядке, установленном статьей 201 настоящего Кодекса, в налоговый орган по месту 
учета налогоплательщика представляются следующие документы: 
1) контракт (копия контракта) налогоплательщика с контрагентом на поставку подакцизных товаров.",Налоговый кодекс Российской Федерации.pdf,652
Что должно быть предусмотрено на площадке для детей от 2 до 4-5 лет согласно МДС 35-7.2000?,"Для подбора составов и приготовления цементных растворов при цементационных работах на площадке должны быть
приборы по определению параметров цементных растворов согласно прил.",Data1_11_11295_index.pdf,17
Что включает в себя лицензионный договор о предоставлении права использования произведения?,"Лицензионный договор о предоставлении права использования товарного знака должен содержать 
наряду с условиями, предусмотренными пунктом 6 статьи 1235 настоящего Кодекса, перечень товаров, в 
отношении которых предоставляется право использования товарного знака.",Гражданский кодекс Российской Федерации.pdf,632
Какова максимальная из средних скоростей ветра по румбам за январь в г. Дружина согласно документу МДС 31-8.2002?,"Республика, край область, пункт
Средняя
температура
наиболее
холодной
пятидневки, °С
Период со среднесуточной
температурой воздуха < 8 °С
Среднемесячная
температура за
июль, °С
Максимальная из
средних
скоростей ветра
по румбам за
январь, м/с
продолжительность,
сут
средняя
температура, °С
Нерчинский Завод
- 41
237
- 12,7
25,2
2,7
Средний Калар
- 46
271
- 16,4
24
-
Тунгокочен
- 45
262
- 13,8
23,9
-
Тупик
- 44
260
- 14,8
24,4
-
Чара
- 46
267
- 15,5
23,6
-
Чита
- 38
242
- 11,4
25,2
3,2
Чувашская 
Республика 
- 
Чаваш
республики
 
 
 
 
 
Порецкое
- 31
212
- 4,6
24,7
6,4
Чебоксары
- 32
217
- 4,9
24,1
-
Чукотский 
АО 
(Магаданская
область)
 
 
 
 
 
Анадырь
- 40
311
- 10,5
14,7
11,4
Марково
- 48
286
- 14,3
19,2
6
Островное
- 51
288
- 17,8
19,2
4,5
Усть-Олой
- 51
286
- 18,4
19,4
-
Эньмувеем
- 48
294
- 14,5
18,4
-
Республика Саха (Якутия)
 
 
 
 
 
Алдан
- 42
267
- 13,3
22,6
4,1
Аллах-Юнь
- 54
280
- 21,4
22,2
3,2
Амга
- 55
259
- 21,3
25,4
2,5
Батамай
- 52
265
- 20,8
23,3
-
Бердигястях
- 54
268
- 19,6
23,9
-
Буяга
- 52
266
- 18,2
25,1
-
Верхоянск
- 59
279
- 24,1
22,1
2,1
Вилюйск
- 52
262
- 18,2
24,5
3
Витим
- 51
257
- 13,7
25,1
4,9
Воронцово
- 51
297
- 19,6
17,3
-
Джалинда
- 56
296
- 19,5
19,7
-
Джарджан
- 52
284
- 19
20,3
6,1
Джикимда
- 51
259
- 16,5
26,4
-
Дружина
- 52
284
- 20,2
18,9
2,8
Екючю
- 58
281
- 23
22,3
-
Жиганск
- 51
278
- 19,3
21,4
5,1
Зырянка
- 51
274
- 19,2
20,8
5,3
Исить
- 50
256
- 17,4
24,7
5,4
Иэма
- 57
292
- 22,9
19,6
-
Крест-Хальджай
- 55
256
- 22,1
24,6
-
Кюсюр
- 54
298
- 18,7
17,6
7,7
Ленек
- 49
259
- 14,2
24,7
-
Нагорный
- 41
275
- 14,2
22,1
6,6
Нера
- 58
272
- 23,8
22,5
-
Нюрба
- 52
263
- 17,7
24,1
3,3
Нюя
- 50
253
- 14,2
24,9
5,3
Оймякон
- 60
286
- 24,3
21,6
1
Олекминск
- 50
256
- 15,3
25,1
3,5
Оленек
- 57
290
- 20
21,1
2,4
Охотский Перевоз
- 55
260
- 21,7
24,2
1,8
Сангар
- 50
261
- 19,6
23,4
7,6
Саскылах
- 53
314
- 17,8
17,3
-
Среднеколымск
- 51
287
- 18,9
19
2,9
Сунтар
- 51
260
- 16,5
24,7
3,3
Сухана
- 57
286
- 20,6
21,1
4
Сюльдюкар
- 53
270
- 18
24,2
-
Сюрен-Кюель
- 46
292
- 17,4
19,2
8,7
Токо
- 51
279
- 18,4
22,4
-
Томмот
- 51
262
- 17,1
25,5
-
Томпо
- 55
276
- 22,2
23,2
3,1
Туой-Хая
- 52
266
- 15,8
23,5
3
Тяня
- 50
262
- 15,7
26,2
-
Усть-Мая
- 54
256
- 20,1
24,6
2,2
Усть-Миль
- 51
259
- 18,9
25
-
Усть-Мома
- 58
277
- 23,1
21,8
3,8
Чульман
- 49
270
- 17,1
23,7
2,3
Чурапча
- 56
239
- 21,8
24,9
-
Шелагонцы
- 57
285
- 20,1
21,9
2,3
Эйик
- 52
284
- 18,5
20,8
-
Якутск
- 54
256
- 20,6
25,2
2,6
Ненецкий 
АО 
(Архангельская
область)
 
 
 
 
 
Варандей
- 36
323
- 7,3
13
-
Индига
- 33
305
- 5,1
14,2
10,6
Канин Нос
- 23
325
- 2
11,4
10,1",Data1_10_10846_index.pdf,28
С какого момента начинаются сроки выпуска товаров при предварительном таможенном декларировании?,"При предварительном таможенном декларировании товаров сроки выпуска товаров, 
предусмотренные настоящей статьей, исчисляются с момента наступления одного из следующих 
обстоятельств: 
1) изменение (дополнение) сведений, заявленных в таможенной декларации, - при условии, 
что таможенным органом, зарегистрировавшим таможенную декларацию, получено уведомление о 
размещении товаров в зоне таможенного контроля, указанной в таможенной декларации, а в 
отношении товаров, перевозимых водными судами, - таможенным органом выдано разрешение на 
их выгрузку в месте прибытия, указанном в таможенной декларации в соответствии с пунктом 3 
статьи 114 настоящего Кодекса; 
2) получение таможенным органом, зарегистрировавшим таможенную декларацию, 
уведомления о размещении товаров в зоне таможенного контроля, указанной в таможенной 
декларации, а в отношении товаров, перевозимых водными судами, - выдача таможенным органом 
разрешения на их выгрузку в месте прибытия, указанном в таможенной декларации в соответствии 
с пунктом 3 статьи 114 настоящего Кодекса, - при условии, что таможенный орган уведомлен об 
отсутствии необходимости внесения изменений (дополнений) в поданную таможенную 
декларацию либо изменения (дополнения) внесены в сведения, заявленные в таможенной 
декларации до получения таможенным органом уведомления о размещении товаров в зоне 
таможенного контроля, указанной в таможенной декларации, или получения разрешения на 
выгрузку в месте прибытия, указанном в таможенной декларации в соответствии с пунктом 3 
статьи 114 настоящего Кодекса в отношении товаров, перевозимых водными судами.",Таможенный кодекс Евразийского экономического союза.pdf,132
Какие коэффициенты применяются при демонтаже сборных железобетонных и бетонных конструкций?,"При отсутствии в сборниках ГЭСН необходимых сметных норм на демонтаж
(разборку) конструкций зданий и сооружений, внутренних санитарно-технических
устройств и наружных сетей, затраты на демонтаж должны определяться по
соответствующим нормам сборников ГЭСН с применением к нормам затрат труда
рабочих-строителей машинистов и нормам времени эксплуатации машин и
механизмов, следующих коэффициентов:
а) при демонтаже сборных железобетонных и бетонных конструкций - 0,8 (нормы
расходов материальных ресурсов не учитываются);
б) то же, сборных деревянных конструкций - 0,8 (нормы расходов материальных
ресурсов не учитываются);
в) 
то 
же, 
внутренних 
санитарно-технических 
устройств 
(водопровода,
канализации, 
водостоков, 
отопления, 
вентиляции) 
- 
0,4 
(нормы 
расходов
материальных ресурсов не учитываются);
г) то же, наружных сетей водопровода, канализации, теплоснабжения и
газоснабжения - 0,6 (нормы расходов материальных ресурсов не учитываются);
д) то же, металлических конструкций:
0,6 - к затратам труда рабочих-строителей;
0,7 - ко времени эксплуатации машин в т.ч.",Data1_10_10062_index.pdf,5
Какие технические задания предусмотрены в Методических рекомендациях по определению сметной стоимости строительства на базе показателей на отдельные виды работ (ПВР) согласно ГОСТ МДС 81-10.2000?,"Применение этого метода
приведено в Методических рекомендациях по определению сметной стоимости строительства на базе показателей на
отдельные виды работ (ПВР) и Методических рекомендациях по формированию укрупненных показателей базовой
стоимости на виды работ и порядку их применения для составления инвесторских смет и предложений подрядчика
(УПБС ВР) (письма Госстроя России от 04.06.93 № 12-146 и от 05.11.93 № 12-275).",Data1_2_2117_index.pdf,3
"Как устраняются неплотности в резьбовых соединениях, согласно ГОСТ МДС 13-18.2000?","Для 
устранения 
завоздушивания
необходимо:
устранить 
конструктивный 
дефект
подводок к отопительным приборам, а
также выверить уклон магистральных
трубопроводов в системах с верхним
разливом;
проверить наличие в верхних точках
магистралей систем с верхним разливом
наличие проточных воздухосборников и
работоспособность крана для выпуска
воздуха; 
в 
системах 
с 
нижним
расположением подающей и обратной
магистралей 
проверить 
наличие 
и
работоспособность 
(незасоренность)
кранов 
для 
выпуска 
воздуха,
установленных у отопительных приборов
верхнего этажа;
в 
двухтрубных 
системах 
с 
нижней
разводкой при наличии воздушной линии
проверить установку на стояках выше
отопительного прибора верхнего этажа
кранов или вентилей
Установить в тепловом узле на обратном
трубопроводе 
системы 
отопления
регулятор 
давления 
«на 
себя» 
или
дросселирующее устройство (шайбу), если
при колебаниях давления в обратной
магистрали 
тепловых 
сетей 
величина
давления 
не 
всегда 
соответствует
статическому 
давлению 
в 
системе
отопления, что приводит к оголениям
верхней 
части 
системы 
и 
ее
завоздушиванию
Дефекты 
резьбовых 
и 
сварочных
соединений выражаются в чрезмерном
заглублении 
трубы 
в 
тройники 
или
крестовины
При резьбовом соединении трубопроводов
или в наплывах металла, образовавшихся
из-за некачественной сварки при сварочных
соединениях трубопроводов
В этих случаях необходимо уменьшить
длину резьбы или заменить сварочное
соединение
Неплотности
трубопроводов 
в
резьбовых
фланцевых
соединениях
Появление 
течи,
свищей, 
потения
трубопроводов 
и
их соединений
Коррозия 
металла,
старение
уплотнительного
материала
Замена пришедших в негодность участков
трубопроводов, резьбового соединения и
уплотняющего материала
Нарушение
герметичности
запорной
арматуры 
на
Прокручивание
маховиков
запорной
арматуры 
на
Сорвана 
резьба
червячной передачи,
поломка 
щечек
задвижек, трещины на
Замена вышедшей из строя запорной
арматуры",Data1_10_10852_index.pdf,31
Какие меры следует принять для предотвращения увлажнения и промерзания цоколя согласно ГОСТ МДС 13-18.2000?,"В целях недопущения увлажнения и промерзания цоколя, что приводит к образованию
трещин и повреждению защитного слоя (облицовки, штукатурки), выступы цоколя должны
быть не менее 3 см и поверху заканчиваться откосом из цементного раствора или
покрытием из кровельной стали с уклоном не менее 5 % для стока воды.",Data1_10_10861_index.pdf,4
Какие размеры шкафчиков для хранения одежды должны быть в пределах досягаемости инвалидами согласно ГОСТ МДС 35-7.2000?,"Шкафчики для хранения
одежды должны быть в пределах досягаемости инвалидами разного возраста - от 300
до 1100 мм от пола.",Data1_10_10847_index.pdf,33
"Какие требования предъявляются к местным источникам отопления (печи, АГВ, ВНИИСТО и др.) согласно ГОСТ МДС 13-18.2000?","6
Входные двери и подъезды, оконные заполнения на лестничных
клетках и в квартирах (дата и номер акта сдачи)
 
 
7
Доводчики на входных дверях и лестничных клетках и
запирающие устройства (дата и номер акта сдачи)
 
 
8
Техподполье, подвальные помещения, состояние продухов,
установка регулируемых решеток, изоляция трубопроводов
Входные двери и другие работы по приведению в соответствие с
требованиями «Правил безопасности в газовом хозяйстве» (дата
и номер акта сдачи), ограждения приямков в подвалах и ЦТП
 
 
9
Внутридомовая система отопления (указать дату и номер акта
сдачи теплоснабжающей организации)
 
 
10
Помещение и оборудование местного теплового узла
 
 
11
Централизованный источник теплоснабжения (ЦТП, газ и
угольная котельная)
 
 
12
Местные источники отопления (печи, АГВ, ВНИИСТО и др.)",Data1_10_10852_index.pdf,37
"Какие требования предъявляет ГОСТ к качеству железобетонных изделий, используемых в строительстве?","В описании должно быть определено
требование Заказчика к каждому виду работ, сформулированы объемы работ Подрядчика, которые
необходимо учесть при определении стоимости предложения, а также требования по качеству
применяемых конструкций, материалов и оборудования.",Data1_10_10865_index.pdf,21
Какие действия предполагаются при устранении отдельных свищей в стенах проходных каналах и заделке отдельных выпадающих кирпичей согласно ГОСТ МДС 14-13.2000?,"Устранение отдельных свищей в стенах проходных каналах и заделка отдельных выпадающих
кирпичей.",Data1_1_1879_index.pdf,21
"Что означает передача товаров подрядчику (субподрядчику) или иному лицу, которые будут осуществлять строительные и (или) монтажные подрядные работы на территории свободного склада?","Допускается передача товаров, помещенных под таможенную процедуру свободного 
склада, и (или) товаров, изготовленных (полученных) из товаров, помещенных под таможенную 
процедуру свободного склада, без завершения действия таможенной процедуры свободного склада 
во владение и (или) пользование: 
1) подрядчику (субподрядчику) или иному лицу, которые будут осуществлять строительные 
и (или) монтажные подрядные работы на территории свободного склада;",Таможенный кодекс Евразийского экономического союза.pdf,245
Какие методы уравнивания геодезических сетей существуют согласно СНиП 3.01.03-84?,"Уравнивание сетей
триангуляции, трилатерации, полигонометрии, строительных сеток, комбинированных
линейно-угловых построений следует выполнять по программам уравнивания
комбинированных 
геодезических 
сетей.",Data1_11_11285_index.pdf,12
Что такое код главного администратора доходов бюджета?,"Код классификации доходов бюджетов Российской Федерации состоит из: 
1) кода главного администратора доходов бюджета; 
2) кода вида доходов; 
3) кода подвида доходов; 
4) утратил силу.",Бюджетный кодекс Российской Федерации.pdf,16
Как сравнивается сумма резерва по сомнительным долгам с суммой остатка резерва?,"Сумма резерва по сомнительным долгам, исчисленного на отчетную дату по правилам, установленным 
пунктом 4 настоящей статьи, сравнивается с суммой остатка резерва, который определяется как разница 
между суммой резерва, исчисленного на предыдущую отчетную дату по правилам, установленным пунктом 
4 настоящей статьи, и суммой безнадежных долгов, возникших после предыдущей отчетной даты.",Налоговый кодекс Российской Федерации.pdf,989
"Что происходит с юридическими лицами, созданными в результате реорганизации, если они недобросовестно способствовали принятию решения о реорганизации?","Комментарии к статьям на сайте 
https://gkodeksrf.ru/ 
  
 
предоставлено, убытки не возмещены и не предложено достаточное обеспечение исполнения 
обязательства, солидарную ответственность перед кредитором наряду с юридическими лицами, 
созданными в результате реорганизации, несут лица, имеющие фактическую возможность определять 
действия реорганизованных юридических лиц (пункт 3 статьи 53.1), члены их коллегиальных органов и 
лицо, уполномоченное выступать от имени реорганизованного юридического лица (пункт 3 статьи 53), если 
они своими действиями (бездействием) способствовали наступлению указанных последствий для 
кредитора, а при реорганизации в форме выделения солидарную ответственность перед кредитором 
наряду с указанными лицами несет также реорганизованное юридическое лицо.",Гражданский кодекс Российской Федерации.pdf,31
Какую ответственность несет саморегулируемая организация по обязательствам своих членов в рамках компенсационного фонда обеспечения договорных обязательств?,"Саморегулируемая организация в пределах средств компенсационного фонда обеспечения договорных 
обязательств несет субсидиарную ответственность по обязательствам своих членов в случаях, 
предусмотренных статьей 60.1 настоящего Кодекса.",Градостроительный кодекс Российской Федерации.pdf,213
Какие значения указаны в столбце 'Остановочные пункты и павильоны' для обычных трамвайных линий в таблице 37 согласно СНиП?,"1 В настоящей таблице приведены цены на выполнение электрических расчетов тяговых сетей напряжением 0,6 кВ постоянного тока:
- троллейбусных линий;
- обычных трамвайных линий;
- локальных электрических расчетов, выполняемых по отдельному заказу или для отдельных стадий проектирования.",Data1_11_11835_index.pdf,16
Что определяет порядок укомплектования буксируемого объекта экипажем?,"Порядок 
укомплектования буксируемого объекта экипажем или проводниками определяется соглашением 
сторон, если иное не предусмотрено правилами буксировки.",Кодекс внутреннего водного транспорта Российской Федерации.pdf,52
Что такое ответственные хранители и заемщики материальных ценностей?,"Такое вознаграждение имеет компенсационный характер и выплачивается 
правообладателям за счет средств, которые подлежат уплате изготовителями и импортерами 
оборудования и материальных носителей, используемых для такого воспроизведения.",Гражданский кодекс Российской Федерации.pdf,509
Какое основание для проектирования должно быть указано в задании согласно ГОСТ МДС 11-7.2000?,"В задании на проектирование должны найти отражение следующие вопросы:
основание для выдачи задания;
заказчик проекта;
генеральный проектировщик и проектные организации - исполнители проекта;
кем и в какие сроки выдаются исходные данные для проектирования;
специальные требования по структурной организации и функциональному зонированию
территории;
предлагаемые проекты жилых домов, предприятий и учреждений обслуживания;
возможность использования существующих зданий по их начальному назначению или
для других целей, иные требования к реконструкции сложившейся застройки;
требования к решению объемно-пространственной композиции застройки, организации
транспортного обслуживания населения, благоустройству и озеленению территории,
инженерной подготовке и оборудованию территории, охране окружающей среды,
инженерно-техническим мероприятиям гражданской обороны, сохранению памятников
природы, истории и культуры;
состав проекта;",Data1_1_1904_index.pdf,29
"Какие сведения о местоположении, площади и границах территории комплексного развития должны быть включены в договор?","В договор о комплексном развитии территории включаются: 
1) сведения о местоположении, площади и границах территории комплексного развития; 
2) перечень расположенных в границах такой территории объектов капитального строительства, линейных 
объектов, подлежащих сносу, перечень объектов капитального строительства, линейных объектов, 
подлежащих строительству, реконструкции; 
3) соотношение общей площади жилых и нежилых помещений в многоквартирных домах, подлежащих 
строительству или реконструкции в соответствии с договором, а также условие о размещении на первых 
этажах указанных домов нежилых помещений; 
4) перечень выполняемых лицом, заключившим договор, видов работ по благоустройству территории, срок 
их выполнения; 
5) обязательство лица, заключившего договор, по подготовке и представлению на утверждение 
исполнительному органу государственной власти или органу местного самоуправления в определенный 
договором срок документации по планировке территории комплексного развития в части, составляющей 
предмет договора; 
6) обязательство лица, заключившего договор, осуществить строительство, реконструкцию объектов 
капитального строительства на территории, в отношении которой принято решение о комплексном 
развитии, в соответствии с утвержденной документацией по планировке территории, определенные на 
основании этой документации этапы и максимальные сроки осуществления строительства, реконструкции 
объектов капитального строительства, а также очередность (этапность) осуществления мероприятий по 
комплексному развитию такой территории в отношении двух и более таких несмежных территорий или их 
частей в случае заключения договора в отношении таких несмежных территорий или их частей; 
7) обязательство исполнительного органа государственной власти или органа местного самоуправления 
утвердить документацию по планировке территории, подлежащей комплексному развитию, срок его 
исполнения; 
8) обязательство исполнительного органа государственной власти или органа местного самоуправления 
принять решение об изъятии для государственных или муниципальных нужд в целях комплексного",Градостроительный кодекс Российской Федерации.pdf,302
Что вправе совершать представитель иностранного государства от имени представляемого им иностранного государства?,"Представитель иностранного государства вправе совершать от имени представляемого им иностранного 
государства все процессуальные действия, за исключением действий, указанных в части четвертой 
настоящей статьи, если иное не предусмотрено в доверенности или ином соответствующем документе, 
выданном представляемым иностранным государством.",Гражданский процессуальный кодекс Российской Федерации.pdf,172
"Какой документ должен быть утвержден при согласовании затрат российских организаций в смешанных ценах, согласно ГОСТ МДС 81-21.2000?","Затраты Российских организаций в смешанных ценах, определенные сводным сметным расчетом в составе технико-экономических
обоснований предложений (ненужное не печатать), составленным, __________________________________
                                                                                                 (наименование организации, составившей расчет)
утверждаются в следующих суммах:
всего затрат российских организаций по строительству объекта ________ тыс.",Data1_2_2069_index.pdf,13
Можно ли применять территориальные единичные расценки других регионов на территории субъекта Российской Федерации?,"Территориальные единичные расценки (в дальнейшем изложении ТЕРм)
разрабатываются для каждой территории (региона) Российской Федерации в уровне
цен по состоянию на 1 января 2000 г. и предназначены для:
- расчетов стоимости работ по монтажу оборудования при формировании
инвесторских смет и подготовки тендерной документации;
- определения сметной стоимости монтажных работ и расчетов за выполненные
работы;
- планирования и анализа экономических показателей проектных решений и
работы монтажных фирм.",Data1_10_10754_index.pdf,14
Какие права переходят к страховщику при страховании имущества в полной стоимости?,"В указанных случаях к страховщику переходят: 
все права на застрахованное имущество при страховании имущества в полной стоимости; 
права на долю застрахованного имущества пропорционально отношению страховой суммы 
к страховой стоимости при страховании имущества не в полной стоимости.",Кодекс торгового мореплавания Российской Федерации.pdf,88
Какова пеня за несвоевременное внесение платы за пользование водным объектом?,"Несвоевременное внесение водопользователем платы за пользование водным объектом 
влечет за собой уплату пеней в размере одной стопятидесятой действующей на день уплаты пеней 
ставки рефинансирования Центрального банка Российской Федерации, но не более чем в размере 
двух десятых процента за каждый день просрочки.",Водный кодекс Российской Федерации.pdf,10
Какова минимальная высота гидроизоляции на фундаменте относительно уровня отмостки согласно СНиП 2.04.02-84?,"СНиП II-
22-81
СНиП
2.02.01-
83
Влажные стены из-за
капиллярного
увлажнения стен
техподполий и подвалов,
а также фундаментов
Горизонтальная
противокапиллярная
гидроизоляция должна
пересекать стену и внутреннюю
штукатурку на одном уровне с
подготовкой под пол первого
этажа но не менее чем на 15 см
выше отмостки
Вызвать специалистов и восстановить
гидроизоляцию по проекту в 10-
дневный срок
СНиП II-
22-81
СНиП
2.02.01-
83
Появление воды в
техподполье из-за
нарушения уровня
грунтовых вод
горизонтальная гидроизоляция
должна быть уложена между
блоком фундамента и нижней
гранью панели и загнута на
внутреннюю поверхность
панели
- при наличии грунтовых вод
выше уровня пола подвала
поверх гидроизоляции пола
следует укладывать слой тощего
бетона
Выполнить планировку грунта или
устройство возле фундамента завесы
из битума, петролатума или др.",Data1_10_10861_index.pdf,25
Как определяются расходы на изготовление или приобретение материалов и расходы на производство?,"В таком же порядке учитываются расходы на приобретение 
или изготовление организацией форменной одежды и обуви, которые свидетельствуют о принадлежности 
работников к данной организации; 
6) сумма начисленного работникам среднего заработка, сохраняемого на время выполнения ими 
государственных и (или) общественных обязанностей и в других случаях, предусмотренных 
законодательством Российской Федерации о труде; 
7) расходы в виде среднего заработка, сохраняемого работникам на время отпуска, предусмотренного 
законодательством Российской Федерации, фактические расходы на оплату проезда работников и лиц, 
находящихся у этих работников на иждивении, к месту использования отпуска на территории Российской 
Федерации и обратно (включая расходы на оплату провоза багажа работников организаций, 
расположенных в районах Крайнего Севера и приравненных к ним местностях) в порядке, 
предусмотренном действующим законодательством - для организаций, финансируемых из",Налоговый кодекс Российской Федерации.pdf,939
Какие технологии геодезических выверок и контроля строительно-монтажных работ разрабатываются согласно СНиП 3.01.03-84?,"При разработке технологий геодезических выверок и контроля строительно-
монтажных работ особое внимание необходимо уделять внедрению шаблонов и
приспособлений, светодальномерной, электронной и лазерной техники, которые
позволяют повысить производительность и качество геодезических работ.",Data1_11_11285_index.pdf,4
Как определяется количество исходного раствора закрепляющего реагента для приготовления раствора рабочей концентрации согласно ГОСТ (к СНиП 3.02.01-83)?,"Количество исходного раствора закрепляющего реагента (л), необходимое для приготовления любого заданного объема
раствора рабочей концентрации, в общем случае определяется по формуле
                                                             (7)
где rрк - плотность раствора рабочей концентрации, г/см3; rв - плотность воды, г/см3, принимаемая равной 1; rик - плотность
исходного раствора, г/см3; Qрк - количество раствора рабочей концентрации, л.
Количество воды, добавляемое к раствору исходной концентрации при приготовлении раствора рабочей концентрации,
находится как разность объемов этих растворов.",Data1_11_11295_index.pdf,13
Какие меры следует предпринять при недогреве или непрогреве отдельных отопительных приборов согласно СНиП 2.08.01-85?,"Обследование системы следует начинать с установления
соответствия режимов работы теплового тупика проектному режиму
Источник
Характерные
неисправности или
повреждения
Нормативные требования
Рекомендуемые меры и сроки
устранения
1
2
3
4
ПН-5-8
СНиП
2.08.01-
85
Температура воздуха
в отапливаемых
помещениях ниже
расчетной
Температура воздуха должна быть
не менее:
в жилых комнатах °С);
в кухнях +15 °С;
ванных +25 °С;
в уборных +16 °С
При неудовлетворительных
теплозащитных качествах наружных
ограждающих конструкций принять
меры по наладке или ремонту
системы центрального отопления.",Data1_10_10861_index.pdf,30
"Какой штраф налагается на должностных лиц за непредставление информации для ведения реестра владельцев ценных бумаг хозяйственным обществом, имеющим стратегическое значение для оборонно-промышленного комплекса и безопасности Российской Федерации?","Непредставление либо представление недостоверных сведений хозяйственным обществом, имеющим 
стратегическое значение для оборонно-промышленного комплекса и безопасности Российской 
Федерации, или обществом, находящимся под его прямым или косвенным контролем, которые указаны в 
Федеральном законе от 21 июля 2014 года N 213-ФЗ ""Об открытии банковских счетов и аккредитивов, о 
заключении договоров банковского вклада, договора на ведение реестра владельцев ценных бумаг 
хозяйственными обществами, имеющими стратегическое значение для оборонно-промышленного 
комплекса и безопасности Российской Федерации, и внесении изменений в отдельные законодательные 
акты Российской Федерации"", или федеральным унитарным предприятием, имеющим стратегическое 
значение для оборонно-промышленного комплекса и безопасности Российской Федерации, или 
хозяйственным обществом, находящимся под его прямым или косвенным контролем, которые указаны в 
Федеральном законе от 14 ноября 2002 года N 161-ФЗ ""О государственных и муниципальных унитарных 
предприятиях"", в федеральный орган исполнительной власти, уполномоченный осуществлять функции по 
противодействию легализации (отмыванию) доходов, полученных преступным путем, финансированию 
терроризма и финансированию распространения оружия массового уничтожения, о каждом открытии, 
закрытии, изменении реквизитов счета, покрытого (депонированного) аккредитива в иностранном банке, 
заключении, расторжении договора банковского счета или договора банковского вклада (депозита) с 
иностранным банком или внесении в них изменений либо о приобретении или об отчуждении ценных 
бумаг иностранного банка в соответствии с требованиями нормативных правовых актов Российской 
Федерации - 
влечет наложение административного штрафа на должностных лиц в размере от тридцати тысяч до 
пятидесяти тысяч рублей; на юридических лиц - от семисот тысяч до одного миллиона рублей.",Административный кодекс Российской Федерации.pdf,348
"Какие доходы по договорам займа, привлеченным для финансирования добычи углеводородного сырья, включаются в налоговую базу?","Комментарии к статьям на сайте
https://nkodeksrf.ru/
углеводородного сырья, и организацией - оператором указанного нового морского месторождения 
углеводородного сырья; 
5) доход от реализации амортизируемого имущества, ранее непосредственно использовавшегося при 
осуществлении деятельности, связанной с добычей углеводородного сырья на новом морском 
месторождении углеводородного сырья, определяемый в соответствии со статьей 249 настоящего Кодекса; 
6) доходы в виде процентов, полученных по договорам займа, в случае, если соответствующие заемные 
средства были предоставлены налогоплательщику, указанному в пункте 1 статьи 275.2 настоящего Кодекса, 
для финансирования деятельности, связанной с добычей углеводородного сырья на новом морском 
месторождении углеводородного сырья, в отношении которого определяется налоговая база; 
7) доходы в виде сумм кредиторской задолженности по займам, кредитам и другим долговым 
обязательствам (включая задолженность по уплате процентов), списанной в связи с прощением долга либо 
по иным основаниям, если соответствующие заемные средства были привлечены для финансирования 
деятельности, связанной с добычей углеводородного сырья на новом морском месторождении 
углеводородного сырья; 
8) доходы от сдачи имущества (включая земельные участки) в аренду (субаренду), предусмотренные 
пунктом 4 части второй статьи 250 настоящего Кодекса, по договорам, заключенным между 
налогоплательщиками, указанными в пункте 1 статьи 275.2 настоящего Кодекса, осуществляющими 
деятельность, связанную с добычей углеводородного сырья на новом морском месторождении 
углеводородного сырья, в отношении одного и того же месторождения при условии, что указанное 
имущество использовалось в отчетном (налоговом) периоде при осуществлении деятельности, связанной с 
добычей углеводородного сырья на указанном новом морском месторождении углеводородного сырья; 
9) доходы в виде положительной курсовой разницы, возникающей от переоценки требований 
(обязательств), за исключением переоценки выданных (полученных) авансов, включая задолженность по 
уплате процентов, если соответствующие требования (обязательства) возникли в связи с осуществлением 
деятельности, связанной с добычей углеводородного сырья на новом морском месторождении 
углеводородного сырья.",Налоговый кодекс Российской Федерации.pdf,1158
Что происходит с неправильно удержанными суммами за причиненный материальный ущерб?,"Неправильно удержанные суммы за причиненный материальный ущерб подлежат 
возврату осужденному с зачислением на его лицевой счет.",Уголовно-исполнительный кодекс Российской Федерации.pdf,61
Какие работы по земляному полотну подъездных и внутризаводских железнодорожных путей предусмотрены в ГОСТ МДС 14-13.2000?,"В обосновании необходимости установления публичного сервитута должны быть приведены: 
1) реквизиты решения об утверждении документа территориального планирования, предусматривающего 
размещение объекта федерального, регионального или местного значения в случае, если подано 
ходатайство об установлении публичного сервитута в целях проведения инженерных изысканий для 
подготовки документации по планировке территории, предусматривающей размещение инженерных 
сооружений федерального, регионального или местного значения, в целях проведения инженерных 
изысканий для их строительства, реконструкции, а также в целях строительства или реконструкции таких 
инженерных сооружений, если такие инженерные сооружения в соответствии с законодательством о 
градостроительной деятельности подлежат отображению в документах территориального планирования; 
2) реквизиты решения об утверждении проекта планировки территории, предусматривающего 
размещение инженерного сооружения, автомобильной дороги, железнодорожных путей в случае, если 
подано ходатайство об установлении публичного сервитута в целях строительства, реконструкции 
инженерного сооружения, устройства пересечений указанных автомобильной дороги, железнодорожных 
путей с железнодорожными путями общего пользования, автомобильными дорогами, примыканий 
автомобильной дороги к другой автомобильной дороге, размещения автомобильной дороги, 
железнодорожных путей в туннелях, проведения инженерных изысканий для строительства, 
реконструкции указанных инженерного сооружения, автомобильной дороги, железнодорожных путей, за 
исключением случаев, если в соответствии с законодательством о градостроительной деятельности для 
размещения указанных инженерного сооружения, автомобильной дороги, железнодорожных путей не 
требуется разработка документации по планировке территории; 
3) реквизиты решения об утверждении программы комплексного развития систем коммунальной 
инфраструктуры поселения, городского округа либо положения инвестиционных программ субъектов 
естественных монополий, организаций коммунального комплекса, которыми предусмотрены мероприятия 
по строительству, реконструкции инженерного сооружения, в случае, если подано ходатайство об 
установлении публичного сервитута в целях строительства или реконструкции указанного инженерного 
сооружения; 
4) реквизиты решения об изъятии земельного участка для государственных или муниципальных нужд в 
случае, если подается ходатайство об установлении публичного сервитута в целях реконструкции",Земельный кодекс Российской Федерации.pdf,102
Какие условия освобождают от уголовной ответственности за участие в подготовке террористического акта?,"Судья, а при коллегиальном рассмотрении дела председательствующий в судебном 
заседании: 
1) открывает судебное заседание и объявляет, какое дело подлежит рассмотрению; 
2) проверяет явку в судебное заседание лиц, участвующих в деле, их представителей и иных 
участников арбитражного процесса, устанавливает их личность и проверяет полномочия; 
устанавливает, извещены ли надлежащим образом лица, не явившиеся в судебное заседание, и 
какие имеются сведения о причинах их неявки; 
3) выясняет вопрос о возможности слушания дела; 
4) объявляет состав арбитражного суда, сообщает, кто ведет протокол судебного заседания, 
кто участвует в качестве эксперта, переводчика, и разъясняет лицам, участвующим в деле, их право 
заявлять отводы; 
5) разъясняет лицам, участвующим в деле, и иным участникам арбитражного процесса их 
процессуальные права и обязанности; 
6) удаляет из зала судебного заседания явившихся свидетелей до начала их допроса; 
7) предупреждает переводчика об уголовной ответственности за заведомо неправильный 
перевод, эксперта за дачу заведомо ложного заключения, свидетелей (непосредственно перед их 
допросом) за дачу заведомо ложных показаний и отказ от дачи показаний; 
8) определяет с учетом мнений лиц, участвующих в деле, последовательность проведения 
процессуальных действий и продолжительность выступлений; 
9) выясняет, поддерживает ли истец иск, признает ли иск ответчик, не хотят ли стороны 
закончить дело мировым соглашением или применить процедуру медиации, о чем делаются 
соответствующие записи в протоколе судебного заседания; 
10) руководит судебным заседанием, обеспечивает условия для всестороннего и полного 
исследования доказательств и обстоятельств дела, обеспечивает рассмотрение заявлений и 
ходатайств лиц, участвующих в деле; 
11) принимает меры по обеспечению в судебном заседании надлежащего порядка.",Арбитражный процессуальный кодекс Российской Федерации.pdf,78
По состоянию на какую дату включены законодательные акты по налогообложению в пособие по учету налогов в сметной документации на строительство?,"Главное управление ценообразования,
сметных норм и расхода строительных материалов
Госстроя России
ПОСОБИЕ
ПО УЧЕТУ НАЛОГОВ В СМЕТНОЙ ДОКУМЕНТАЦИИ
НА СТРОИТЕЛЬСТВО
МДС 81-23.2000
Москва 2000
Пособие по учету налогов в сметной документации на строительство разработано Главным управлением
ценообразования, сметных норм и расхода строительных материалов Госстроя России и рекомендовано для
применения участникам инвестиционного процесса, осуществляющего на территории Российской Федерации.",Data1_2_2070_index.pdf,1
В какие сроки должно быть составлено мотивированное решение суда по делу о публичном мероприятии?,"Если по окончании судебного разбирательства по 
административному делу об оспаривании решения, действия (бездействия) органа, организации, 
лица, наделенных государственными или иными публичными полномочиями, связанному с 
проведением 
публичного 
мероприятия 
(собрания, 
митинга, 
демонстрации, 
шествия, 
пикетирования), в судебном заседании объявлена только резолютивная часть решения суда, 
мотивированное решение суда об отказе в удовлетворении соответствующего административного 
иска должно быть составлено судом в день принятия данного решения в возможно короткие сроки 
после окончания судебного заседания.",Кодекс административного судопроизводства Российской Федерации.pdf,124
"Какие основные нормативные требования по использованию, содержанию и ремонту жилищного фонда приведены в МДС 17-13.2000?","В Методических рекомендациях приведены:
основные нормативные требования по использованию, содержанию и ремонту
жилищного фонда, придомовых территорий и объектов коммунального назначения, за
соблюдением которых осуществляет контроль государственная жилищная инспекция;
технические мероприятия по устранению выявленных нарушений, которые не
исчерпывают возможных способов и носят рекомендательный характер;
технические рекомендации по инспектированию жилищного фонда (раздел 1) как
консультативный материал, являющийся с точки зрения разработчиков полезным в стадии
создания и начала работы государственной жилищной инспекции;
сроки устранения выявленных нарушений.",Data1_10_10861_index.pdf,1
"Какая сумма налогового вычета применяется, если организация реализует проекты по созданию новых производственных мощностей по переработке этана и сжиженных углеводородных газов?","При добыче нефти на участках недр, расположенных полностью или частично в границах Иркутской 
области, налогоплательщиком, реализующим (в том числе через прямое участие в дочернем 
хозяйственном обществе, непосредственно реализующем проект) по состоянию на 1 января 2021 года в 
Иркутской области проект по созданию новых производственных мощностей по переработке этана и (или) 
сжиженных углеводородных газов в товары, являющиеся продукцией нефтехимии, сумма налогового 
вычета за налоговый период (
), выраженная в миллионах рублей, определяется в совокупности 
по указанным в настоящем пункте участкам недр и принимается равной 5000 миллионов рублей, но не 
более суммы исчисленного налога за соответствующий налоговый период.",Налоговый кодекс Российской Федерации.pdf,1457
В каких случаях разрабатываются ФЕРм на монтажные работы с применением импортных машин и материалов?,"ФЕРм на монтажные работы, выполняемые с применением импортных
строительных машин и с использованием импортных строительных материалов,
разрабатываются только в тех случаях, когда применяемые импортные машины и
материалы не имеют аналогов отечественного производства.",Data1_10_10754_index.pdf,18
"Что означает, что семена и племенной материал не явно отличаются от охраняемых сортов или пород?","Исключительное право на селекционное достижение распространяется также на семена, племенной 
материал, которые: 
существенным образом наследуют признаки других охраняемых (исходных) сорта растений или породы 
животных, если эти охраняемые сорт или порода сами не являются селекционными достижениями, 
существенным образом наследующими признаки других селекционных достижений; 
не явно отличаются от охраняемых сорта растений или породы животных; 
требуют неоднократного использования охраняемого сорта растений для производства семян.",Гражданский кодекс Российской Федерации.pdf,604
"Какие гарантии предоставляются работнику, усыновившему ребенка, в отношении отпусков?","Работнику, совмещающему работу с получением образования одновременно в двух организациях, 
осуществляющих образовательную деятельность, гарантии и компенсации предоставляются только в связи 
с получением образования в одной из этих организаций (по выбору работника).",Трудовой кодекс Российской Федерации.pdf,102
Какие требования к диспетчерской связи с теплоснабжающей организацией должны быть указаны в технических условиях согласно СНиП?,"теплоснабжения, а при теплоносителе горячая вода - также метод и график
регулирования отпуска тепловой энергии в систему теплопотребления;
д) требования (при необходимости) об увеличении пропускной способности
существующей сети и производительности подогревательной и насосной установок,
расширении или реконструкции установок химводоочистки, очистки конденсата
теплоснабжающей организации и (или) у заказчика;
е) количество, качество и режим откачки возвращаемого конденсата, требования к
его очистке у заказчика;
ж) необходимость использования имеющихся у заказчика собственных источников
тепла или сооружения у него резервного источника тепловой энергии или резервной
тепловой сети с учетом требований к надежности его теплоснабжения, рекомендации
по использованию вторичных энергетических ресурсов;
з) требования к прокладке трубопроводов, изоляции теплопроводов;
и) требования к организации учета тепловой энергии и теплоносителей;
к) требования к диспетчерской связи с теплоснабжающей организацией;
л) границы эксплуатационной ответственности теплоснабжающей организации и
заказчика.",Data1_10_10871_index.pdf,7
Какой штраф предусмотрен за нарушение порядка рассмотрения жалоб на нарушение порядка предоставления государственной или муниципальной услуги?,"Нарушение должностным лицом, наделенным полномочиями по рассмотрению жалоб на нарушение 
порядка предоставления государственной или муниципальной услуги, порядка или сроков рассмотрения 
жалобы либо незаконный отказ или уклонение указанного должностного лица от принятия ее к 
рассмотрению - 
влечет наложение административного штрафа в размере от двадцати тысяч до тридцати тысяч рублей.",Административный кодекс Российской Федерации.pdf,55
Какие работы по герметизации швов предусмотрены в соответствии с ГОСТ МДС 13-18.2000?,"В случае наличия у налогоплательщика в течение одного 
налогового периода расходов на обучение, медицинские услуги, физкультурно-оздоровительные услуги, 
расходов по договору (договорам) негосударственного пенсионного обеспечения, по договору (договорам) 
добровольного пенсионного страхования, по договору (договорам) добровольного страхования жизни (если 
такие договоры заключаются на срок не менее пяти лет) и (или) по уплате дополнительных страховых 
взносов на накопительную пенсию в соответствии с Федеральным законом ""О дополнительных страховых 
взносах на накопительную пенсию и государственной поддержке формирования пенсионных накоплений"" 
либо по оплате прохождения независимой оценки своей квалификации налогоплательщик самостоятельно, 
в том числе при обращении к налоговому агенту, выбирает, какие виды расходов и в каких суммах 
учитываются в пределах максимальной величины социального налогового вычета, указанной в настоящем 
пункте.",Налоговый кодекс Российской Федерации.pdf,841
Что регулирует Глава 24.1?,"Гражданское законодательство регулирует отношения между лицами, осуществляющими 
предпринимательскую деятельность, или с их участием, исходя из того, что предпринимательской является 
самостоятельная, осуществляемая на свой риск деятельность, направленная на систематическое получение 
прибыли от пользования имуществом, продажи товаров, выполнения работ или оказания услуг.",Гражданский кодекс Российской Федерации.pdf,1
"В каких случаях таможенный орган не направляет уведомление о неуплаченных суммах таможенных пошлин, налогов?","В случае неисполнения или ненадлежащего исполнения обязанности по уплате 
таможенных пошлин, налогов в отношении товаров для личного пользования таможенный орган в 
порядке и сроки, которые устанавливаются законодательством государств-членов, направляет 
плательщику таможенных пошлин, налогов, а также лицам, которые в соответствии с настоящим 
Кодексом несут с плательщиком таможенных пошлин, налогов солидарную обязанность по уплате 
таможенных пошлин, налогов или, если это предусмотрено законодательством государств-членов, - 
субсидиарную обязанность по уплате таможенных пошлин, налогов, уведомление о не уплаченных 
в установленный срок суммах таможенных пошлин, налогов, за исключением случаев, 
предусмотренных пунктом 5 настоящей статьи, и случаев, установленных законодательством 
государств-членов в соответствии с пунктом 6 настоящей статьи.",Таможенный кодекс Евразийского экономического союза.pdf,326
Какие положения Кодекса применяются при приватизации государственного и муниципального имущества?,"Если при проведении одного контрольного (надзорного) мероприятия в ходе осуществления 
государственного контроля (надзора), муниципального контроля выявлены два и более административных 
правонарушения, ответственность за которые предусмотрена двумя и более статьями (частями статьи) 
раздела II настоящего Кодекса либо закона субъекта Российской Федерации об административных 
правонарушениях, при назначении административного наказания за совершение указанных 
административных правонарушений применяются правила назначения административного наказания, 
предусмотренные частями 2 - 4 настоящей статьи.",Административный кодекс Российской Федерации.pdf,28
Что происходит при неисполнении обязанности по уплате налога?,"При неисполнении налогоплательщиком (плательщиком сбора, плательщиком страховых взносов) 
обязанности по уплате причитающихся сумм налога (сбора, страховых взносов) и соответствующих пеней 
налоговый орган осуществляет исполнение этой обязанности за счет стоимости заложенного имущества в 
порядке, установленном гражданским законодательством Российской Федерации.",Налоговый кодекс Российской Федерации.pdf,169
"Какие дополнительные требования предъявляются к некоммерческой организации, если члены подают заявления о намерении принимать участие в заключении договоров подряда на подготовку проектной документации?","Индивидуальный предприниматель или юридическое лицо, в отношении которых принято решение о 
приеме в члены саморегулируемой организации, в течение семи рабочих дней со дня получения 
уведомления, указанного в части 10 настоящей статьи, обязаны уплатить в полном объеме: 
1) взнос в компенсационный фонд возмещения вреда; 
2) взнос в компенсационный фонд обеспечения договорных обязательств в случае, если саморегулируемой 
организацией принято решение о формировании такого компенсационного фонда и в заявлении 
индивидуального предпринимателя или юридического лица о приеме в члены саморегулируемой 
организации указаны сведения о намерении принимать участие в заключении договоров подряда на 
выполнение инженерных изысканий, подготовку проектной документации, договоров строительного 
подряда, договоров подряда на осуществление сноса с использованием конкурентных способов 
заключения договоров; 
3) вступительный взнос в саморегулируемую организацию в случае, если внутренними документами 
саморегулируемой организации установлены требования к уплате вступительного взноса.",Градостроительный кодекс Российской Федерации.pdf,204
Какие образовательные программы могут быть реализованы без налогообложения?,"Гарантии и компенсации работникам, совмещающим работу с получением 
среднего профессионального образования, и работникам, поступающим на 
обучение 
по 
образовательным 
программам 
среднего 
профессионального 
образования 
Работникам, успешно осваивающим имеющие государственную аккредитацию образовательные 
программы среднего профессионального образования по заочной и очно-заочной формам обучения, 
работодатель предоставляет дополнительные отпуска с сохранением среднего заработка для: 
прохождения промежуточной аттестации на первом и втором курсах - по 30 календарных дней, на каждом 
из последующих курсов - по 40 календарных дней; 
прохождения государственной итоговой аттестации - до двух месяцев в соответствии с учебным планом 
осваиваемой работником образовательной программы среднего профессионального образования; 
абзац четвертый утратил силу с 1 сентября 2013 г. 
Работодатель обязан предоставить отпуск без сохранения заработной платы: 
работникам, допущенным к вступительным испытаниям, - 10 календарных дней; 
работникам, осваивающим имеющие государственную аккредитацию образовательные программы 
среднего профессионального образования по очной форме обучения и совмещающим получение 
образования с работой, для прохождения промежуточной аттестации - 10 календарных дней в учебном 
году, для прохождения государственной итоговой аттестации - до двух месяцев.",Трудовой кодекс Российской Федерации.pdf,101
В каких сферах коллективного управления может быть получена государственная аккредитация?,"Государственная аккредитация на осуществление деятельности в каждой из сфер коллективного 
управления, указанных в пункте 1 настоящей статьи, может быть получена только одной организацией по 
управлению правами на коллективной основе.",Гражданский кодекс Российской Федерации.pdf,507
Какая площадь монтажа элементов (сборных) с/без зимней защиты должна быть предусмотрена согласно ГОСТ МДС-80-8.2000?,"Материал:
Бюро (Заказчик/CWU) на строительстве
.................. м2
»
Квартиры (Заказчик/CWU)
.................. м2
»
Бюро (Подрядчика) на строительстве
.................. м2
»
Жилой городок (Подрядчик)
.................. м2
Персонал:
Столовая
.................. м2
»
Амбулатория
.................. м2
 
Пункт связи
.................. м2
 
Место заправки дизелем, бензином
.................. м2
 
Устройство опалубки
.................. м2
Сооружение:
Арматурный цех
.................. м2
 
Бетоносмесители
.................. м2
 
Участок складирования под открытым небом
.................. м2
 
Складские здания (ангары)
.................. м2
 
Монтаж элементов (сборных) с/без зимней защиты
.................. м2
»
Склад сборных элементов с/без
.................. м2
Дополнительная
зимней защиты
 
обработка:
Мастерские, гаражи
.................. м2
 
Электроснабжение
.................. MB
Центральное,
децентральное:
Теплоснабжение
.................. MB
То же
Водоснабжение
.................. м3/дн
Резервуары:",Data1_10_10865_index.pdf,29
Какой разряд зрительной работы установлен для кабинетов обслуживающих видов труда согласно ГОСТ МДС 31-8.2002?,"А-2
13
Операционные залы, кассовые залы, помещения для пересчета денег
А-2
Б. Учебные организации (школы, специальные и высшие учебные заведения)
14
Классные комнаты, аудитории, учебные кабинеты, лаборатории
Б-1
15
Кабинеты вычислительной техники, информатики
А-2
16
Кабинеты технического черчения, рисования
А-1
17
Инструментальные комнаты мастера, инструктора, кабинеты преподавателей
Б-1
18
Кабинеты обслуживающих видов труда
А-2, Б-1
19
Спортивные залы
Б-1
20
Актовые залы, киноаудитории, рекреации
Д, Е
В. Детские дошкольные учреждения
21
Приемные, раздевальные
Б-2
22
Групповые, игральные, столовые, комнаты для музыкальных и гимнастических занятий
А-2
23
Спальные, изоляторы
Б-2
Г. Физкультурно-оздоровительные учреждения
24
Залы спортивных игр, аэробики, гимнастики, борьбы
Б-2
25
Палаты и спальные комнаты санаториев, домов отдыха, бассейны
В
Д. Предприятия общественного питания
26
Обеденные залы столовых, закусочных, ресторанов, кафе, баров, буфеты
Б-2
27
Горячие и холодные заготовочные цехи, моечные, помещения для резки продуктов
Б-2
28
Кондитерские цехи, мучных изделий, шоколада и конфет
А-2
29
Цехи производства мороженого, приготовления напитков, подготовки продуктов, упаковки готовой
продукции
Б-3
Е. Магазины
30
Торговые залы супермаркетов
А-1
31
Торговые залы магазинов: книжных, готового платья, белья, обуви, тканей, меховых изделий,
головных уборов, парфюмерных, галантерейных, ювелирных, электро- и радиотоваров,
продовольственных без самообслуживания
Б-1
32
Торговые залы продовольственных магазинов с самообслуживанием
А-2
33
Торговые залы магазинов: посудных, мебельных, спортивных товаров, стройматериалов,
электробытовых, машин, игрушек и канцелярских товаров, помещения отделов заказов, бюро
Б-2",Data1_10_10846_index.pdf,30
"Какое наказание предусмотрено за незаконные действия по усыновлению (удочерению) детей, передаче их под опеку (попечительство), на воспитание в приемные семьи, совершенные неоднократно или из корыстных побуждений?","Незаконное усыновление (удочерение) 
Незаконные действия по усыновлению (удочерению) детей, передаче их под опеку (попечительство), на 
воспитание в приемные семьи, совершенные неоднократно или из корыстных побуждений, -",Уголовный кодекс Российской Федерации.pdf,80
Какие действия должны быть предприняты после установки реперов согласно СНиП 3.01.03-84?,"Срок
исполнения 1 месяц
СНиП II-25-80
Нарушения в примыканиях
или конструкциях сливных
досок, цоколей, оконных
проемов, поясков
Конструкции должны быть
плотно пригнаны и иметь
уклон не менее 0,03, чтобы
не допустить увлажнения
конструкций
Устранить по мере
выявления, но не более чем
через 10 суток после
обнаружения
СНиП II-25-80
Имеется осадка засыпки в
карнизных стенах
Засыпка карнизных стен
должна обеспечивать
теплозащиту и не иметь
осадку более 5 см
Дополнить до необходимой
величины
СНиП II-25-80
Наличие повреждения
гидроизоляции
Не допускается
Для устранения дефекта
следует вызвать
специализированную
организацию в месячный
срок
СНиП II-25-80
Разрушение штукатурки и
обшивки, высокая
воздухопроницаемость,
протекание,
переохлаждение,
увлажнение древесины и
теплоизоляции
конденсационной или
грунтовой влагой
Не допускается
Устраняется по мере
выявления в порядке
подготовки домов к зиме,
воздухопроницаемость
устраняется уплотнением
стыков, установкой
нащельников, конопаткой
пазов между венцами,
заделкой щелей и трещин
Балконы, козырьки, лоджии и эркеры
«П и Н»",Data1_10_10861_index.pdf,18
Какие работы необходимо провести в тепловых сетях согласно ГОСТ МДС 13-18.2000?,"ПОДГОТОВКА ТЕПЛОВЫХ СЕТЕЙ
В тепловых сетях необходимо провести следующие работы.",Data1_10_10852_index.pdf,14
"Можно ли изменить выбранный метод начисления амортизации? Если да, то с какой периодичностью?","В случае если указанные товары ранее использовались 
покупателем, независимо от того, были ли они приобретены или произведены этим покупателем, 
исходная цена приобретения или производства подлежит уменьшению в целях получения 
(определения) стоимости этих товаров с учетом их использования; 
2) в отношении предоставленных покупателем и указанных в подпункте ""г"" подпункта 2 
пункта 1 настоящей статьи товаров и услуг, которые были приобретены или арендованы 
покупателем, дополнительные начисления осуществляются в части расходов на приобретение или 
аренду таких товаров и услуг.",Таможенный кодекс Евразийского экономического союза.pdf,41
"Что грозит за производство, хранение, перевозку или сбыт товаров и продукции, не отвечающих требованиям безопасности?","Производство, хранение, перевозка либо сбыт товаров и продукции, 
выполнение работ или оказание услуг, не отвечающих требованиям безопасности 
1.",Уголовный кодекс Российской Федерации.pdf,185
Какова цель настоящего Положения?,"Решением, актом или договором, устанавливающими в соответствии с частью 1 настоящей статьи цель 
использования здания в качестве наемного дома социального использования или изменяющими цель 
использования наемного дома коммерческого использования (наемный дом коммерческого 
использования становится наемным домом социального использования), могут быть установлены 
следующие условия: 
1) предоставление жилых помещений в таком доме по договорам найма жилых помещений жилищного 
фонда социального использования гражданам, относящимся к одной категории или нескольким 
категориям граждан из числа граждан, указанных в части 1 статьи 91.3 настоящего Кодекса; 
2) срок заключаемых с указанными в пункте 1 настоящей части гражданами договоров найма жилых 
помещений жилищного фонда социального использования в соответствии с частью 1 статьи 91.6 
настоящего Кодекса; 
3) заключение договоров найма жилых помещений жилищного фонда социального использования на 
новый срок с гражданами при условии, что они относятся к установленным в соответствии с пунктом 1 
настоящей части категориям граждан; 
4) минимальная доля жилых помещений, подлежащих предоставлению по договорам найма жилых 
помещений жилищного фонда социального использования, в общем количестве жилых помещений в 
наемном доме социального использования и минимальная доля общей площади таких жилых помещений 
в общей площади всех жилых помещений в таком доме, которые не могут быть менее долей, указанных в 
части 4 статьи 91.16 настоящего Кодекса.",Жилищный кодекс Российской Федерации.pdf,79
Какая площадь жилого городка (Подрядчик) и сколько персонала должно быть предусмотрено согласно ГОСТ МДС-80-8.2000?,"Если в результате проведения капитального ремонта или реконструкции дома жилое помещение, 
занимаемое нанимателем и членами его семьи по договору социального найма, не может быть сохранено 
или его общая площадь уменьшится, в результате чего проживающие в нем наниматель и члены его семьи 
могут быть признаны нуждающимися в жилых помещениях, либо увеличится, в результате чего общая 
площадь занимаемого жилого помещения на одного члена семьи существенно превысит норму 
предоставления, другое жилое помещение должно быть предоставлено по договору социального найма 
наймодателем до начала капитального ремонта или реконструкции.",Жилищный кодекс Российской Федерации.pdf,68
Кто осуществляет снос самовольной постройки?,"Снос самовольной постройки или ее приведение в соответствие с установленными требованиями 
осуществляет лицо, которое создало или возвело самовольную постройку, а при отсутствии сведений о 
таком лице правообладатель земельного участка, на котором создана или возведена самовольная 
постройка, в срок, установленный соответствующим решением суда или органа местного самоуправления.",Градостроительный кодекс Российской Федерации.pdf,255
Что признаются однородными требованиями?,"Однородными товарами в целях настоящего Кодекса признаются товары, которые, не являясь 
идентичными, имеют сходные характеристики и состоят из схожих компонентов, что позволяет им 
выполнять одни и те же функции и (или) быть коммерчески взаимозаменяемыми.",Налоговый кодекс Российской Федерации.pdf,101
На каких условиях создается комиссия по совместной подготовке проектов?,Комиссия по совместной подготовке проектов создается на условиях равного представительства сторон.,Градостроительный кодекс Российской Федерации.pdf,69
"Какое наказание предусмотрено за нарушение требований пожарной безопасности, если это повлекло по неосторожности причинение тяжкого вреда здоровью человека?","Нарушение требований пожарной безопасности, совершенное лицом, на котором лежала обязанность 
по их соблюдению, если это повлекло по неосторожности причинение тяжкого вреда здоровью человека, -",Уголовный кодекс Российской Федерации.pdf,162
Как определить стоимость единицы измерения материала в соответствии с Формой № 5?,"Наименова
ние материалов-
представителей и
единицы измерения
Приведен
ный расход
материалов-
представителей
прямые
затраты
основная
зарплата
трудоемкость
эксплуатация
машин в том числе
зарплата
машинистов
материалы
всего с
накладными
расходами и
сметной прибылью
1
2
3
4
5
6
7
8
9
10
11
12
13
Форма № 3-в
Колбасный цех
_______________________
(наименование стройки)
ОБЪЕКТНЫЙ СМЕТНЫЙ РАСЧЕТ №________________
НА СТРОИТЕЛЬСТВО ПРОИЗВОДСТВЕННОГО КОРПУСА
_________________________________________________________________
(наименование объекта)
Сметная стоимость в базовом уровне цен - 1680 тыс.",Data1_2_2079_index.pdf,18
Какие этапы разработки градостроительной документации предусмотрены ГОСТ МДС 11-7.2000?,"СИСТЕМА НОРМАТИВНЫХ ДОКУМЕНТОВ В СТРОИТЕЛЬСТВЕ
РУКОВОДЯЩИЙ ДОКУМЕНТ
ИНСТРУКЦИЯ
о составе, порядке разработки, согласования и утверждения
градостроительной документации
МДС 11-7.2000
Государственный комитет Российской Федерации
по вопросам архитектуры и строительства
(Госстрой России)
СОДЕРЖАНИЕ
1.",Data1_1_1904_index.pdf,1
"Какова эффективность рекламы, согласно ГОСТ МДС 11-11.2000?","При закреплении грунтов с целью усиления или устройства оснований и фундаментов сооружений качество закрепления,
его результат и эффективность окончательно оцениваются по результатам инструментальных геодезических наблюдений за
осадками фундаментов, которые выполняются, руководствуясь ГОСТ 24846-81 «Грунты.",Data1_11_11295_index.pdf,26
Какая расчетная температура воздуха в помещениях для взрослых больных в больницах согласно ГОСТ МДС 31-8.2002?,"Помещения
Расчетная температура воздуха в
помещении в холодный период
года, °С
1
Жилые комнаты квартир и общежитий в районах с температурой наиболее холодной
пятидневки выше минус 31 °С
18 (20)
2
То же, в районах с температурой наиболее холодной пятидневки минус 31 °С и ниже
20 (22)
3
Кухни
18
4
Вестибюли, общие коридоры, лестничные клетки в жилых домах
16
5
То же, в общежитиях
18
6
Помещения для культурно-массовых мероприятий, отдыха, учебных и спортивных
занятий, для администрации и персонала
18
7
Зрительные залы в клубах и театрах
20
8
Помещения библиотек
18
9
Спортивные залы, крытые катки
18
10
Торговые залы магазинов:
 
продовольственных
12
универсальных и непродовольственных
15
11
Помещения больниц, палаты:
 
наркозные, родовые, послеоперационные, для грудных детей
25
для взрослых больных
20
послеоперационные, реанимационные, предродовые, фильтры, приемно-смотровые
22
перевязочные, предоперационные
22
стерилизационные
18
12
Помещения детских садов:
 
групповых, раздевальных - младших групп
22 (23)
старших групп
20 (21)
спальни - младших групп (ясельных)
21 (22)
дошкольных
19 (20)
буфетные
16
для музыкальных и гимнастических занятий
19 (20)
бассейнов
30
13
Школьные помещения:
 
классные, учебные кабинеты, лаборатории
18 (21)
учебные мастерские
15 (17)
актовый зал, лекционные аудитории, клубные комнаты
18 (20)
кружковые
18 (21)
спальные комнаты школьных интернатов
16 (18)
14
Производственные помещения с категориями работ:
 
легкой Iа
21 (18)
Iб
20 (17)
средней тяжести IIа
17 (15)
IIб
15 (13)
тяжелой III
13 (12)
П р и м е ч а н и я
1.",Data1_10_10846_index.pdf,21
"Что такое ""индикатор риска""?","Публичное акционерное общество (пункт 1 статьи 66.3) обязано представить для внесения в единый 
государственный реестр юридических лиц сведения о фирменном наименовании общества, содержащем 
указание на то, что такое общество является публичным.",Гражданский кодекс Российской Федерации.pdf,59
Что такое счет неустановленных лиц и для каких организаций он предназначен?,"Комментарии к статьям на сайте 
https://grkodeksrf.ru/ 
 
 
 
 
 
документации, договору строительного подряда, договору подряда на осуществление сноса, заключенным 
с застройщиком, техническим заказчиком, лицом, ответственным за эксплуатацию здания, сооружения, 
региональным оператором с использованием конкурентных способов заключения договора, субсидиарную 
ответственность несут: 
1) саморегулируемая организация в пределах одной четвертой доли средств компенсационного фонда 
обеспечения договорных обязательств, размер которого рассчитан в порядке, установленном внутренними 
документами саморегулируемой организации, в зависимости от количества ее членов на дату 
предъявления требования о компенсационной выплате и установленного в соответствии с частями 11 и 13 
статьи 55.16 настоящего Кодекса размера взноса в такой компенсационный фонд, принятого для каждого 
члена в зависимости от уровня его ответственности по обязательствам, возникшим на основании такого 
договора, в случае, если индивидуальный предприниматель или юридическое лицо на момент заключения 
указанного в настоящей части договора являлись членами такой саморегулируемой организации; 
2) соответствующее Национальное объединение саморегулируемых организаций в случае исключения 
сведений об указанной в пункте 1 настоящей части саморегулируемой организации из государственного 
реестра саморегулируемых организаций в пределах одной четвертой доли средств компенсационного 
фонда обеспечения договорных обязательств, зачисленных на счет такого Национального объединения 
саморегулируемых организаций, либо саморегулируемая организация, членом которой стало лицо, не 
исполнившее или ненадлежащим образом исполнившее соответствующие обязательства по таким 
договорам, в случае, если такое Национальное объединение саморегулируемых организаций перечислило 
в порядке, предусмотренном частью 16 статьи 55.16 настоящего Кодекса, средства компенсационного 
фонда обеспечения договорных обязательств на счет указанной саморегулируемой организации.",Градостроительный кодекс Российской Федерации.pdf,285
Что такое инвестиционный налоговый вычет и как он влияет на уменьшение доходов от реализации объекта основных средств?,"Инвестиционный налоговый вычет в виде расходов на создание объектов инфраструктуры применяется по 
месту нахождения организации в отношении объекта инфраструктуры, создаваемого на территории 
субъекта Российской Федерации, который предоставил право на применение вычета в отношении этого 
объекта, или в прилегающей к этому субъекту Российской Федерации акватории, при условии, что 
организация и создаваемый объект инфраструктуры находятся на территории одного субъекта Российской 
Федерации или в прилегающей к нему акватории.",Налоговый кодекс Российской Федерации.pdf,1123
"Какой штраф грозит председателю или члену избирательной комиссии, комиссии референдума за нарушение установленного законом порядка подсчета голосов?","Нарушение председателем или членом избирательной комиссии, комиссии референдума 
установленного законом порядка подсчета голосов либо установленного законом порядка обработки 
итогов голосования, определения результатов выборов, референдума, общероссийского голосования - 
влечет наложение административного штрафа в размере от пятисот до одной тысячи пятисот рублей.",Административный кодекс Российской Федерации.pdf,41
"Какие гарантии и льготы предоставляются лицам, воспитывающим детей без матери?","Гарантии и льготы лицам, воспитывающим детей без матери 
Гарантии и льготы, предоставляемые женщинам в связи с материнством (ограничение работы в ночное 
время и сверхурочных работ, привлечение к работам в выходные и нерабочие праздничные дни, 
направление в служебные командировки, предоставление дополнительных отпусков, установление 
льготных режимов труда и другие гарантии и льготы, установленные законами и иными нормативными 
правовыми актами), распространяются на отцов, воспитывающих детей без матери, а также на опекунов 
(попечителей) несовершеннолетних, если иное не предусмотрено настоящим Кодексом.",Трудовой кодекс Российской Федерации.pdf,157
"Какое состояние должны иметь водосточные трубы и окрытия оголовков, парапетов и т.п. согласно ГОСТ МДС 13-18.2000?","№ п/п
Наименование
Мероприятия по
устранению
нарушений в
конструкциях
зданий
Оценка
технического
состояния
1
2
3
4
1
Кровли (металл, мягкая, шиф)
 
 
2
Парапетные решетки
 
 
3
Чердачное помещение и слуховое окно
 
 
4
Наличие выполненных мероприятий для поддержания должного
температурного режима (продухи в карнизе и скатах кровли,
теплоизоляция трубопроводов), содержание чердачной засыпки
(дата и номер акта сдачи)
 
 
5
Водосточные трубы и окрытия оголовков, парапетов и т.п.",Data1_10_10852_index.pdf,37
Каковы лимиты на учетный период для суммированного учета рабочего времени?,"Суммированный учет рабочего времени 
Когда по условиям производства (работы) у индивидуального предпринимателя, в организации в целом 
или при выполнении отдельных видов работ не может быть соблюдена установленная для данной 
категории работников (включая работников, занятых на работах с вредными и (или) опасными условиями 
труда) ежедневная или еженедельная продолжительность рабочего времени, допускается введение 
суммированного учета рабочего времени с тем, чтобы продолжительность рабочего времени за учетный 
период (месяц, квартал и другие периоды) не превышала нормального числа рабочих часов.",Трудовой кодекс Российской Федерации.pdf,70
По какому документу (СНиП 3.01.03-84) указываются места установки рабочих реперов?,"Тип рабочих реперов, места их установки указываются в геодезическом разделе
ППР или в ППГР.",Data1_11_11285_index.pdf,30
Какое административное наказание предусмотрено за нарушение сроков обслуживания и погашения государственного (муниципального) долга?,"Нарушение сроков обслуживания и погашения государственного 
(муниципального) долга 
Нарушение сроков обслуживания и погашения государственного (муниципального) долга - 
влечет наложение административного штрафа на должностных лиц в размере от двадцати тысяч до 
пятидесяти тысяч рублей или дисквалификацию на срок от одного года до двух лет.",Административный кодекс Российской Федерации.pdf,316
Могут ли собственники установить взнос на капитальный ремонт выше минимального?,"В случае формирования фонда капитального ремонта на счете регионального оператора собственники 
жилых помещений в многоквартирном доме уплачивают взносы на капитальный ремонт на основании 
платежных документов, представленных региональным оператором, в сроки, установленные для внесения 
платы за жилое помещение и коммунальные услуги, если иное не установлено законом субъекта 
Российской Федерации.",Жилищный кодекс Российской Федерации.pdf,157
"Какие действия должен предпринять налоговый орган после принятия решения об отказе, приостановлении, возобновлении или аннулировании свидетельства?","Вышестоящий налоговый орган оставляет без рассмотрения жалобу полностью или в части, если 
установит, что: 
1) жалоба подана с нарушением порядка, установленного пунктом 1 статьи 139.2 настоящего Кодекса, или в 
жалобе не указаны акты налогового органа ненормативного характера, действия или бездействие его 
должностных лиц, которые привели к нарушению прав лица, подавшего жалобу; 
2) жалоба подана после истечения срока подачи жалобы, установленного настоящим Кодексом, и не 
содержит ходатайства о его восстановлении или в восстановлении пропущенного срока на подачу жалобы 
отказано; 
3) до принятия решения по жалобе от лица, ее подавшего, поступило заявление об отзыве жалобы 
полностью или в части; 
4) ранее подана жалоба по тем же основаниям, за исключением случая, если после ее рассмотрения 
разрешен спор о том же предмете и по тем же основаниям в порядке, предусмотренном главой 20.3 
настоящего Кодекса; 
5) до принятия решения по жалобе налоговый орган сообщил об устранении нарушения прав лица, 
подавшего жалобу, в порядке, установленном пунктом 1.1 статьи 139 настоящего Кодекса; 
6) до принятия решения по жалобе налоговый спор о том же предмете и по тем же основаниям был 
разрешен судом; 
7) жалоба не подписана лицом, подавшим жалобу, или его представителем либо не представлены 
оформленные в установленном порядке документы, подтверждающие полномочия представителя лица на 
ее подписание; 
8) до принятия решения по жалобе организация, подавшая жалобу, исключена из Единого государственного 
реестра юридических лиц по решению регистрирующего органа или ликвидирована либо получены 
сведения о смерти или об объявлении умершим физического лица, подавшего жалобу, и при этом спорное 
правоотношение не допускает правопреемства.",Налоговый кодекс Российской Федерации.pdf,375
Какие телефоны доступны для бесплатной юридической консультации в Москве и Московской области?,"Предприятием выполнены работы на многочисленных объектах в Москве и Московской области, а также во
многих городах РФ и странах СНГ
Основные
характеристики
конструкций
Высоконадежная поликарбонатная система в полной комплектации.",Data1_10_10846_index.pdf,48
"Какие решения принимаются о подготовке и реализации бюджетных инвестиций в объекты государственной собственности Российской Федерации, находящиеся в оперативном управлении или хозяйственном ведении федеральных государственных учреждений стоимостью менее 3 миллиардов рублей?","Решения о подготовке и реализации бюджетных инвестиций в объекты государственной 
собственности Российской Федерации, находящиеся в оперативном управлении или хозяйственном 
ведении: 
федеральных государственных учреждений стоимостью 3 миллиарда рублей и более, а 
также федеральных государственных загранучреждений и федеральных государственных 
унитарных предприятий независимо от стоимости принимаются в форме правовых актов 
Правительства Российской Федерации; 
федеральных государственных учреждений стоимостью менее 3 миллиардов рублей 
принимаются в форме правовых актов Правительства Российской Федерации или в случаях и 
порядке, которые установлены Правительством Российской Федерации, в форме правовых актов 
федеральных органов исполнительной власти или иных организаций, осуществляющих в 
соответствии с настоящим Кодексом полномочия главного распорядителя средств федерального 
бюджета 
(органов 
управления 
государственными 
внебюджетными 
фондами 
Российской 
Федерации).",Бюджетный кодекс Российской Федерации.pdf,103
Что происходит с пунктами 3.1 и 4 статьи 183?,"В целях применения налоговых ставок в соответствии с подпунктом 2 пункта 2 и подпунктом 2 пункта 3 
настоящей статьи учитывается определяемый в соответствии с пунктами 3, 4 и 5 статьи 25.8 настоящего 
Кодекса объем капитальных вложений, осуществленных за период: 
не превышающий трех лет со дня включения организации в реестр участников региональных 
инвестиционных проектов, либо за период с 1 января 2016 года до 1 января 2019 года по выбору 
налогоплательщика, при условии, что инвестиционной декларацией предусмотрено осуществление 
капитальных вложений в объеме от 50 миллионов до 500 миллионов рублей; 
не превышающий пяти лет со дня включения организации в реестр участников региональных 
инвестиционных проектов, либо за период с 1 января 2016 года до 1 января 2021 года по выбору 
налогоплательщика, при условии, что инвестиционной декларацией предусмотрено осуществление 
капитальных вложений в объеме не менее 500 миллионов рублей.",Налоговый кодекс Российской Федерации.pdf,1101
Какие примеры расчета приведенных затрат приведены в разделе «Экономическая оценка» согласно ГОСТ МДС 80-3.2000?,"Примеры заполнения ведомости расчета ресурсных сметных норм и таблицы
РСН приведены в приложениях 5, 6 и 6а.",Data1_2_2073_index.pdf,5
Какой ГОСТ определяет стоимость 1 м² общей площади для культурно-бытового строительства?,"Затраты, общие для всех объектов, входящих в состав комплекса,
распределяются следующим образом: стоимость внутримикрорайонных инженерных
сетей, 
тепловых 
пунктов, 
насосных 
станций, 
фидерных 
подстанций,
газораспределительных 
пунктов 
- 
пропорционально 
потребностям 
объектов;
стоимость работ по благоустройству и озеленению территории - пропорционально
площадям участков; остальные средства (затраты, связанные с размещением в
первых этажах жилых домов или в пристроенных к ним специальных помещениях
различных по назначению предприятий и учреждений) - пропорционально общей
площади объектов или строительному объему зданий.",Data1_2_2080_index.pdf,3
Какие сведения подлежат указанию в декларации на товары в отношении сделки с товарами и ее условий?,"Комментарии к статьям на сайте 
https://tkeaes.ru/ 
 
 
 
интеллектуальной собственности, идентификации, отнесения к одному 10-значному коду Товарной 
номенклатуры внешнеэкономической деятельности; 
код товаров в соответствии с Товарной номенклатурой внешнеэкономической деятельности; 
происхождение товаров; 
наименование страны отправления и страны назначения; 
производитель товаров; 
товарный знак; 
наименование места происхождения товара, являющееся объектом интеллектуальной 
собственности, включенным 
в 
единый 
таможенный 
реестр 
объектов 
интеллектуальной 
собственности 
государств-членов 
и 
(или) 
национальный 
таможенный 
реестр 
объектов 
интеллектуальной собственности, который ведется таможенным органом государства-члена, 
таможенному органу которого подается декларация на товары; 
описание упаковок; 
цена, количество в килограммах (вес брутто и вес нетто) и в дополнительных единицах 
измерения; 
таможенная стоимость товаров (величина, метод определения таможенной стоимости 
товаров); 
статистическая стоимость; 
5) об исчислении таможенных платежей, специальных, антидемпинговых, компенсационных 
пошлин: 
ставки таможенных пошлин, налогов, таможенных сборов, специальных, антидемпинговых, 
компенсационных пошлин; 
льготы по уплате таможенных платежей; 
тарифные преференции; 
суммы исчисленных таможенных пошлин, налогов, таможенных сборов, специальных, 
антидемпинговых, компенсационных пошлин; 
курс валют, применяемый для исчисления таможенных пошлин, налогов, специальных, 
антидемпинговых, компенсационных пошлин в соответствии с настоящим Кодексом; 
6) о сделке с товарами и ее условиях; 
7) о соблюдении запретов и ограничений в соответствии со статьей 7 настоящего Кодекса; 
8) о соблюдении условий помещения товаров под таможенную процедуру; 
9) о документах, подтверждающих сведения, заявленные в декларации на товары, указанных 
в статье 108 настоящего Кодекса; 
10) о документах, подтверждающих соблюдение законодательства государств-членов, 
контроль за соблюдением которого возложен на таможенные органы; 
11) о лице, заполнившем декларацию на товары, и дата ее составления; 
12) иные сведения, определяемые Комиссией.",Таможенный кодекс Евразийского экономического союза.pdf,116
Как определяется сметная стоимость ремонта основных средств?,"Совокупная стоимость основных средств определяется как сумма первоначальной стоимости всех 
амортизируемых основных средств, введенных в эксплуатацию по состоянию на начало налогового 
периода, в котором образуется резерв предстоящих расходов на ремонт основных средств.",Налоговый кодекс Российской Федерации.pdf,1215
Каков расход химически очищенной воды при испытании паровых котлов ДЕ-16-14ГМ по ГОСТ МДС 81-8.2000?,"оборудования (на
2 котла)
1
2
3
4
5
6
7
8
   
Расход
материалов при
испытании
паровых котлов
ДЕ-16-14ГМ 
(2
котла)
 
 
 
 
 
1 Счет
поставщика
Газ
естественный
тыс.",Data1_10_10864_index.pdf,29
Какие права и ответственности разъясняются специалисту?,"Судья, а при коллегиальном рассмотрении дела председательствующий в судебном 
заседании: 
1) открывает судебное заседание и объявляет, какое дело подлежит рассмотрению; 
2) проверяет явку в судебное заседание лиц, участвующих в деле, их представителей и иных 
участников арбитражного процесса, устанавливает их личность и проверяет полномочия; 
устанавливает, извещены ли надлежащим образом лица, не явившиеся в судебное заседание, и 
какие имеются сведения о причинах их неявки; 
3) выясняет вопрос о возможности слушания дела; 
4) объявляет состав арбитражного суда, сообщает, кто ведет протокол судебного заседания, 
кто участвует в качестве эксперта, переводчика, и разъясняет лицам, участвующим в деле, их право 
заявлять отводы; 
5) разъясняет лицам, участвующим в деле, и иным участникам арбитражного процесса их 
процессуальные права и обязанности; 
6) удаляет из зала судебного заседания явившихся свидетелей до начала их допроса; 
7) предупреждает переводчика об уголовной ответственности за заведомо неправильный 
перевод, эксперта за дачу заведомо ложного заключения, свидетелей (непосредственно перед их 
допросом) за дачу заведомо ложных показаний и отказ от дачи показаний; 
8) определяет с учетом мнений лиц, участвующих в деле, последовательность проведения 
процессуальных действий и продолжительность выступлений; 
9) выясняет, поддерживает ли истец иск, признает ли иск ответчик, не хотят ли стороны 
закончить дело мировым соглашением или применить процедуру медиации, о чем делаются 
соответствующие записи в протоколе судебного заседания; 
10) руководит судебным заседанием, обеспечивает условия для всестороннего и полного 
исследования доказательств и обстоятельств дела, обеспечивает рассмотрение заявлений и 
ходатайств лиц, участвующих в деле; 
11) принимает меры по обеспечению в судебном заседании надлежащего порядка.",Арбитражный процессуальный кодекс Российской Федерации.pdf,78
Какие ставки используются для определения платежей по процентам за кредиты банков?,"Целевые 
иностранные кредиты включают связанные кредиты иностранных государств, иностранных 
юридических лиц, а также нефинансовые кредиты международных финансовых организаций; 
связанные кредиты иностранных государств, иностранных юридических лиц - форма 
привлечения средств на возвратной и возмездной основах для закупок товаров, работ и услуг за 
счет средств иностранных государств, иностранных юридических лиц в основном в стране 
кредитора; 
нефинансовые кредиты международных финансовых организаций - форма привлечения 
средств на возвратной и возмездной основах для закупок преимущественно на конкурсной основе 
товаров, работ и услуг в целях осуществления инвестиционных проектов или проектов 
структурных реформ при участии и за счет средств международных финансовых организаций; 
государственный 
(муниципальный) 
долг 
- 
обязательства, 
возникающие 
из 
государственных (муниципальных) заимствований, гарантий по обязательствам третьих лиц, 
другие обязательства в соответствии с видами долговых обязательств, установленными настоящим 
Кодексом, принятые на себя Российской Федерацией, субъектом Российской Федерации или 
муниципальным образованием; 
государственный (муниципальный) внутренний долг - долговые обязательства 
публично-правового образования, возникающие в валюте Российской Федерации; 
государственный (муниципальный) внешний долг - долговые обязательства публично-
правового образования, возникающие в иностранной валюте; 
расходные обязательства - обусловленные законом, иным нормативным правовым актом, 
договором 
или 
соглашением 
обязанности 
публично-правового 
образования 
(Российской 
Федерации, субъекта Российской Федерации, муниципального образования) или действующего от 
его имени казенного учреждения предоставить физическому или юридическому лицу, иному 
публично-правовому образованию, субъекту международного права средства из соответствующего 
бюджета; 
бюджетные обязательства - расходные обязательства, подлежащие исполнению в 
соответствующем финансовом году; 
публичные обязательства - обусловленные законом, иным нормативным правовым актом 
расходные обязательства публично-правового образования перед физическим или юридическим 
лицом, иным публично-правовым образованием, подлежащие исполнению в установленном 
соответствующим законом, иным нормативным правовым актом размере или имеющие 
установленный указанным законом, актом порядок его определения (расчета, индексации); 
публичные нормативные обязательства - публичные обязательства перед физическим 
лицом, подлежащие исполнению в денежной форме в установленном соответствующим законом, 
иным нормативным правовым актом размере или имеющие установленный порядок его 
индексации, 
за 
исключением 
выплат 
физическому 
лицу, 
предусмотренных 
статусом 
государственных (муниципальных) служащих, а также лиц, замещающих государственные 
должности Российской Федерации, государственные должности субъектов Российской Федерации, 
муниципальные должности, работников казенных учреждений, военнослужащих, проходящих 
военную службу по призыву (обладающих статусом военнослужащих, проходящих военную",Бюджетный кодекс Российской Федерации.pdf,3
"Что делать водителю, если документы о ДТП не могут быть оформлены без участия сотрудников полиции?","Если в соответствии с законодательством об обязательном страховании гражданской 
ответственности 
владельцев 
транспортных 
средств 
документы 
о 
дорожно-транспортном 
происшествии не могут быть оформлены без участия уполномоченных на то сотрудников полиции, 
водитель, причастный к нему, обязан записать фамилии и адреса очевидцев и сообщить о",ПДД Российской Федерации.pdf,9
Какие данные должны содержаться в сводке объемов и стоимости подрядных работ согласно ГОСТ МДС 81-10.2000?,"На основании локальных смет и указанных ведомостей потребности в материалах и строительных машинах по каждому
объекту стройки составляется Сводка объемов и стоимости подрядных работ по форме № 3-св, приведенной в прил.",Data1_2_2076_index.pdf,4
Какие меры наказания управляющего проекта за неудачное управление конкурентностью работников указаны в ГОСТ МДС 80-2.2000?,"Принудительный труд - выполнение работы под угрозой применения какого-либо наказания 
(насильственного воздействия), в том числе: 
в целях поддержания трудовой дисциплины; 
в качестве меры ответственности за участие в забастовке; 
в качестве средства мобилизации и использования рабочей силы для нужд экономического развития; 
в качестве меры наказания за наличие или выражение политических взглядов или идеологических 
убеждений, противоположных установленной политической, социальной или экономической системе; 
в качестве меры дискриминации по признакам расовой, социальной, национальной или религиозной 
принадлежности.",Трудовой кодекс Российской Федерации.pdf,2
Какие показатели включены в информацию о жилых кварталах и микрорайонах согласно ГОСТ МДС 11-7.2000?,"В пояснительной, записке к проекту застройки должны быть приведены
обоснования принятых архитектурно-планировочного и объемно-пространственного
решений застройки, очередности строительства, примененных типов и видов зданий и их
конструктивных решений, системы инженерного обустройства и озеленения территории,
уточнены расчеты проекта детальной планировки по потребности в зданиях и помещениях
обслуживания 
населения, 
приведены 
технико-экономические 
показатели 
проекта
застройки согласно приложению 15.",Data1_1_1904_index.pdf,22
В какие сроки должен быть направлен запрос о подтверждении выполнения соглашения?,"Запрос о выдаче должен содержать: 
1) наименование и адрес запрашивающего органа; 
2) полное имя лица, в отношении которого направлен запрос о выдаче, дату его рождения, данные о 
гражданстве, месте жительства или месте пребывания и другие данные о его личности, а также по 
возможности описание внешности, фотографию и другие материалы, позволяющие идентифицировать 
личность; 
3) изложение фактических обстоятельств и правовую квалификацию деяния, совершенного лицом, в 
отношении которого направлен запрос о выдаче, включая сведения о размере причиненного им ущерба, с 
приведением текста закона, предусматривающего ответственность за это деяние, и обязательным 
указанием санкций; 
4) сведения о месте и времени вынесения приговора, вступившего в законную силу, либо постановления о 
привлечении в качестве обвиняемого с приложением заверенных копий соответствующих документов.",Уголовно-процессуальный кодекс Российской Федерации.pdf,291
Какие размеры площадки для мини-волейбола указаны для детей 9 - 12 лет согласно ГОСТ МДС 35-7.2000?,"3
Таблица 3
Ванна
Габариты в
плане, м
Глубина, м
Пропускная
способность,
чел/смена
Примечания
 
Оздоровительно-
терапевтическая
А 3´7
0,25 - 1,35
2
А и Б - инвалиды с ПОДА,
желательно 
применение
подъемного дна
 
Б 6´12
0,6 - 0,85
12
 
Плескательная 
свободной
формы
15 - 35 м2
0 - 0,4
3 - 6
Для детей младшего возраста
 
Дети 6 - 12 лет
Более 25 м2
0,7 - 1,0
от 6
Учебная 
для 
обучения
плаванию
А 6´10
0,6 - 1,35
10
А - для детей всех категорий
инвалидности; Б - для взрослых
 
Б 8´16,6
0,8 - 1,35
24
 
Физкультурно-
оздоровительная 
для
оздоровительного плавания
А 8´16,6
0,9 - 1,45
24
А - для всех, кроме инвалидов с
параличом нижних конечностей;
Б - для всех категорий
 
Б 11´25
1,2 - 1,45
40
 
· Размеры и пропускная способность открытых площадок и ванн бассейнов
принимаются в соответствии с приведенными выше данными для крытых сооружений.",Data1_10_10847_index.pdf,24
Какие регионы освобождаются от уплаты налога на прибыль?,"От уплаты налога освобождаются следующие лица, на которых зарегистрированы транспортные 
средства, имеющие место нахождения в федеральной территории ""Сириус"": 
1) Герои Советского Союза, Герои Российской Федерации, Герои Социалистического Труда, полные 
кавалеры орденов Славы, Трудовой Славы, Герои Кубани, Герои труда Кубани, ветераны Великой 
Отечественной войны, ветераны боевых действий, физические лица, имеющие право на получение 
социальной поддержки в соответствии с Законом Российской Федерации от 15 мая 1991 года N 1244-I ""О 
социальной защите граждан, подвергшихся воздействию радиации вследствие катастрофы на 
Чернобыльской АЭС"", в соответствии с Федеральным законом от 26 ноября 1998 года N 175-ФЗ ""О 
социальной защите граждан Российской Федерации, подвергшихся воздействию радиации вследствие 
аварии в 1957 году на производственном объединении ""Маяк"" и сбросов радиоактивных отходов в реку 
Теча"" и в соответствии с Федеральным законом от 10 января 2002 года N 2-ФЗ ""О социальных гарантиях 
гражданам, подвергшимся радиационному воздействию вследствие ядерных испытаний на 
Семипалатинском полигоне"", физические лица, принимавшие непосредственное участие в составе 
подразделений особого риска в испытаниях ядерного и термоядерного оружия, ликвидации аварий 
ядерных установок на средствах вооружения и военных объектах, инвалиды I и II групп - в отношении 
автомобилей легковых с мощностью двигателя до 150 лошадиных сил включительно, моторных лодок с 
мощностью двигателя до 20 лошадиных сил включительно, мотоциклов и мотороллеров с мощностью 
двигателя до 35 лошадиных сил включительно;",Налоговый кодекс Российской Федерации.pdf,1552
Какие основания существуют для отказа в открытии лицевого счета участнику казначейского сопровождения?,"Основаниями для отказа в открытии лицевого счета участнику казначейского 
сопровождения (за исключением поставщика (подрядчика, исполнителя) по государственному 
(муниципальному) контракту) являются: 
1) наличие информации об участнике казначейского сопровождения в перечне организаций 
и физических лиц, в отношении которых имеются сведения об их причастности к экстремистской 
деятельности или терроризму, либо в перечне организаций и физических лиц, в отношении 
которых имеются сведения об их причастности к распространению оружия массового 
уничтожения; 
2) 
наличие 
в 
отношении 
участника 
казначейского 
сопровождения 
решения 
межведомственного координационного органа, осуществляющего функции по противодействию 
финансированию терроризма, о применении мер по замораживанию (блокированию) денежных 
средств или иного имущества; 
3) нахождение юридического лица под контролем юридического или физического лица, 
включенного в перечни, указанные в подпункте 1 настоящего пункта, или в отношении которого",Бюджетный кодекс Российской Федерации.pdf,364
Какие нормы СНиП регулируют использование товарного раствора?,"Для целей настоящей статьи использованием товарного знака признается его использование 
правообладателем или лицом, которому такое право предоставлено на основании лицензионного 
договора в соответствии со статьей 1489 настоящего Кодекса, либо другим лицом, осуществляющим 
использование товарного знака под контролем правообладателя, при условии, что использование 
товарного знака осуществляется в соответствии с пунктом 2 статьи 1484 настоящего Кодекса, за 
исключением случаев, когда соответствующие действия не связаны непосредственно с введением товара в 
гражданский оборот, а также использование товарного знака с изменением его отдельных элементов, не 
меняющим существа товарного знака и не ограничивающим охрану, предоставленную товарному знаку.",Гражданский кодекс Российской Федерации.pdf,631
Какие сроки и процедуры заключения соглашений о недопущении конкуренции описаны в ГОСТ МДС 80-2.2000?,"Наличие конкуренции между работниками внутри проектного института
означает, что созданы такие организационные, экономические и социальные условия,
которые позволяют директору института, управляющему проектом (ГИПу, ГАПу) и
начальнику основного проектного отдела (мастерской) принимать решения о том,
кому поручить выполнение работы, за какую цену и в какие сроки на конкурентной
основе, т.е.",Data1_10_10872_index.pdf,3
Какие меры рекомендованы для предотвращения попадания конденсата на перекрытия через стыки канализационных стояков согласно ГОСТ МДС 17-13.2000?,"обеспечение сохранности тепловых сетей, их сооружений и устройств в
соответствии с требованиями нормативно-технических документов, недопущение
несанкционированных действий в охранных зонах тепловых сетей, выполнение
требований теплоснабжающей организации, в ведении которой находятся тепловые
сети, направленных на обеспечение их сохранности и предотвращение угрозы
безопасности людей;
обеспечение учета тепловой энергии и теплоносителей; оперативное сообщение
теплоснабжающей организации обо всех нарушениях и неисправностях в работе
расчетных (коммерческих) приборов учета тепловой энергии и теплоносителей;
ежемесячное представление теплоснабжающей организации данных о расходе
тепловой энергии и теплоносителей по установленной форме на первый рабочий
день месяц (письменно);
соблюдение установленных договором режимов теплопотребления (максимальные
часовые и среднесуточные тепловые нагрузки и расходы теплоносителей,
температуры обратной сетевой воды, возвращение конденсата соответствующего
качества и количества); выполнение оперативных указаний теплоснабжающей
организации по режиму теплопотребления;
создание условий для возможного снижения расхода тепловой энергии и
теплоносителя для всех систем отопления и вентиляции в ночное, а также в
нерабочее 
время, 
праздничные 
и 
выходные 
дни 
до 
согласованного 
с
теплоснабжающей организацией уровня;
ежегодная до начала отопительного периода разработка по промышленным
предприятиям и представление в теплоснабжающую организацию мероприятий по
ограничению потребления тепловой энергии и теплоносителей для условий
возникновения дефицита тепловой мощности по отдельным котельным; сводные
графики составляются теплоснабжающей организацией и представляются на
утверждение органу местного самоуправления;
присоединение по предложению теплоснабжающей организации, к своим
тепловым сетям других потребителей (субабонентов), если таковые были
предусмотрены 
техническими 
условиями, 
выданными 
теплоснабжающей
организацией, и обеспечение условий их теплоснабжения в соответствии с
заключенными договорами;
недопущение утечки и разбора сетевой воды, не предусмотренных договором;
немедленное сообщение теплоснабжающей организации об авариях и иных
нарушениях при пользовании системой теплоснабжения;
извещение теплоснабжающей организации об отключении и ремонте тепловых
сетей и теплопотребляющих установок при их повреждении с указанием причин и
времени отключения; при аварийном прекращении циркуляции сетевой воды в
системе теплоснабжения при нулевой или отрицательной температуре наружного
воздуха по согласованию с теплоснабжающей организацией дренирование сетевой
воды из систем теплопотребления для предотвращения ее замерзания; включение
отремонтированных систем теплопотребления или их отдельных частей после
планового (летнего) ремонта, а также новых объектов только с разрешения
теплоснабжающей организации при наличии акта готовности или акта приемки
комиссией;
выполнение 
в 
согласованные 
с 
теплоснабжающей 
организацией 
сроки
мероприятий по подготовке системы теплопотребления и тепловой сети к устойчивой
работе в отопительный период и до его начала представление теплоснабжающей
организации соответствующих актов готовности;
принятие мер к недопущению затопления полуподвальных и подвальных
помещений, а также к уплотнению мест прохода трубопроводов через фундаменты и
стены для исключения попадания воды в эти помещения по каналам при
повреждении тепловой сети;",Data1_10_10871_index.pdf,15
Что может требовать правообладатель в случае незаконного использования товарного знака?,"Правообладатель вправе требовать по своему выбору от нарушителя вместо возмещения убытков 
выплаты компенсации: 
1) в размере от десяти тысяч до пяти миллионов рублей, определяемом по усмотрению суда исходя из 
характера нарушения; 
2) в двукратном размере стоимости товаров, на которых незаконно размещен товарный знак, или в 
двукратном размере стоимости права использования товарного знака, определяемой исходя из цены, 
которая при сравнимых обстоятельствах обычно взимается за правомерное использование товарного 
знака.",Гражданский кодекс Российской Федерации.pdf,645
Какие значения коэффициентов ψa и ψb приведены в таблице 8 согласно СНиП 3.01.03-84?,"Значения
коэффициентов ψa и ψb берутся исходя из формы образующих и направляющих дуг по
табл.",Data1_11_11285_index.pdf,18
Какие телефонные номера доступны для бесплатной юридической консультации в регионах России?,"Комментарии к статьям на сайте 
https://kodasrf.ru/ 
 
 
 
2) наименование административного истца, если административным истцом является орган, 
организация или должностное лицо, адрес, для организации также сведения о ее государственной 
регистрации; фамилия, имя и отчество административного истца, если административным истцом 
является гражданин, его место жительства или место пребывания, дата и место его рождения, 
сведения о высшем юридическом образовании при намерении лично вести административное дело, 
по которому настоящим Кодексом предусмотрено обязательное участие представителя; фамилия, 
имя и отчество представителя, адрес для направления ему судебных повесток и иных судебных 
извещений, сведения о высшем юридическом образовании, если административное исковое 
заявление подается представителем; номера телефонов, факсов, адреса электронной почты 
административного истца, его представителя (при наличии); 
3) наименование административного ответчика, если административным ответчиком 
является орган, организация или должностное лицо, место их нахождения, для организации и 
индивидуального предпринимателя также сведения об их государственной регистрации (если 
известны); фамилия, имя, отчество административного ответчика, если административным 
ответчиком является гражданин, его место жительства или место пребывания, дата и место его 
рождения 
(если 
известны); 
номера 
телефонов, 
факсов, 
адреса 
электронной 
почты 
административного ответчика (если известны); 
4) сведения о том, какие права, свободы и законные интересы лица, обратившегося в суд, 
или иных лиц, в интересах которых подано административное исковое заявление, нарушены, или о 
причинах, которые могут повлечь за собой их нарушение; 
5) содержание требований к административному ответчику и изложение оснований и 
доводов, посредством которых административный истец обосновывает свои требования; 
6) сведения о соблюдении досудебного порядка урегулирования спора, если данный порядок 
установлен федеральным законом; 
6.1) сведения о предпринятых стороной (сторонами) действиях, направленных на 
примирение, если такие действия предпринимались; 
7) сведения о подаче жалобы в порядке подчиненности и результатах ее рассмотрения при 
условии, что такая жалоба подавалась; 
8) иные сведения в случаях, если их указание предусмотрено положениями настоящего 
Кодекса, определяющими особенности производства по отдельным категориям административных 
дел; 
9) перечень прилагаемых к административному исковому заявлению документов.",Кодекс административного судопроизводства Российской Федерации.pdf,68
Какие меры предусмотрены для ликвидации волосяных трещин в стенах согласно ГОСТ МДС 13-18.2000?,"Срок
исполнения 1 месяц
СНиП II-25-80
Нарушения в примыканиях
или конструкциях сливных
досок, цоколей, оконных
проемов, поясков
Конструкции должны быть
плотно пригнаны и иметь
уклон не менее 0,03, чтобы
не допустить увлажнения
конструкций
Устранить по мере
выявления, но не более чем
через 10 суток после
обнаружения
СНиП II-25-80
Имеется осадка засыпки в
карнизных стенах
Засыпка карнизных стен
должна обеспечивать
теплозащиту и не иметь
осадку более 5 см
Дополнить до необходимой
величины
СНиП II-25-80
Наличие повреждения
гидроизоляции
Не допускается
Для устранения дефекта
следует вызвать
специализированную
организацию в месячный
срок
СНиП II-25-80
Разрушение штукатурки и
обшивки, высокая
воздухопроницаемость,
протекание,
переохлаждение,
увлажнение древесины и
теплоизоляции
конденсационной или
грунтовой влагой
Не допускается
Устраняется по мере
выявления в порядке
подготовки домов к зиме,
воздухопроницаемость
устраняется уплотнением
стыков, установкой
нащельников, конопаткой
пазов между венцами,
заделкой щелей и трещин
Балконы, козырьки, лоджии и эркеры
«П и Н»",Data1_10_10861_index.pdf,18
Какие рекомендации по расчету материальных затрат и прочих расходов даны в ГОСТ МДС 81-7.2000?,"№
п/п
Наименование документа
Данные о введении в
действие
1
2
3
1
Свод правил по определению стоимости строительства в составе
предпроектной и проектно-сметной документации (СП 81-01-94)
Письмо Минстроя России от
29.12.94 № ВБ-12-276
2
Порядок 
определения 
стоимости 
строительства 
и 
свободных
(договорных) цен на строительную продукцию в условиях развития
рыночных отношений
Письмо Госстроя России от
29.12.93 № 12-349
3
Методические 
рекомендации 
по 
определению 
стоимости
строительства и свободных (договорных) цен на строительную
продукцию в условиях развития рыночных отношений
Письмо Минстроя России от
10.11.92 № БФ-926/12
4
Методические основы определения потребности в материалах,
конструкциях и изделиях в составе рабочей документации на
строительство
Письмо Минстроя России от
18.11.92 № БФ-958/12
5
Методические рекомендации по расчету величины накладных
расходов при определении стоимости строительной продукции
Письмо Минстроя России от
30.10.92 № БФ-907/12
6
Методические рекомендации по определению величины сметной
прибыли при формировании свободных цен на строительную
продукцию
Письмо Минстроя России от
30.10.92 № БФ-906/12
7
Методические рекомендации по определению затрат на строительство
временных зданий и сооружений, дополнительных затрат при
производстве строительно-монтажных работ в зимнее время, затрат на
содержание заказчика-застройщика и технического надзора, прочих
работ и затрат при определении стоимости строительной продукции
Письмо Минстроя России от
03.11.92 № БФ-925/12",Data1_10_10864_index.pdf,13
Какие лица не требуют членства в саморегулируемых организациях при выполнении работ по договорам строительного подряда с федеральными органами исполнительной власти?,"Не требуется членство в саморегулируемых организациях в области строительства для выполнения работ 
по сносу объектов капитального строительства: 
1) государственных и муниципальных унитарных предприятий, в том числе государственных и 
муниципальных казенных предприятий, государственных и муниципальных учреждений в случае 
заключения ими договоров подряда на осуществление сноса с федеральными органами исполнительной 
власти, государственными корпорациями, осуществляющими нормативно-правовое регулирование в 
соответствующей области, органами государственной власти субъектов Российской Федерации, органами 
местного самоуправления, в ведении которых находятся такие предприятия, учреждения, или в случае 
выполнения такими предприятиями, учреждениями функций технического заказчика от имени указанных 
федеральных органов исполнительной власти, государственных корпораций, органов государственной 
власти субъектов Российской Федерации, органов местного самоуправления; 
2) коммерческих организаций, в уставных (складочных) капиталах которых доля государственных и 
муниципальных унитарных предприятий, государственных и муниципальных автономных учреждений 
составляет более пятидесяти процентов, в случае заключения такими коммерческими организациями 
договоров подряда на осуществление сноса с указанными предприятиями, учреждениями, а также с 
федеральными органами исполнительной власти, государственными корпорациями, органами 
государственной власти субъектов Российской Федерации, органами местного самоуправления, которые 
предусмотрены пунктом 1 настоящей части и в ведении которых находятся указанные предприятия, 
учреждения, или в случае выполнения такими коммерческими организациями функций технического 
заказчика от имени указанных предприятий, учреждений, федеральных органов исполнительной власти,",Градостроительный кодекс Российской Федерации.pdf,251
Как переводится годовой объем капитальных вложений в цены 1984 г. согласно ГОСТ МДС 81-7.2000?,"Расчет нормативной численности аппарата производится с использованием показателя
годового объема капитальных вложений в ценах 1984 г. Для перевода в цены 1984 г.
выделенному из средств федерального бюджета инвестиций применяется среднегодовой
индекс (коэффициент) удорожания стоимости строительства в данном регионе.",Data1_2_2116_index.pdf,3
"Какой штраф может быть наложен на граждан за незаконное перемещение физическими лицами табачной продукции, не маркированной специальными (акцизными) марками?","Незаконное перемещение физическими лицами табачной продукции 
Перемещение по территории Российской Федерации физическими лицами табачной продукции и 
табачных изделий, не маркированных специальными (акцизными) марками в соответствии с 
законодательством Российской Федерации, в том числе табачной продукции, являющейся товаром 
Евразийского экономического союза, за исключением перемещения по территории Российской Федерации 
физическими лицами, достигшими возраста восемнадцати лет, указанных табачной продукции и табачных 
изделий в количестве не более 200 сигарет, или 50 сигар (сигарилл), или 250 граммов табака, или",Административный кодекс Российской Федерации.pdf,296
Какие телефоны доступны для бесплатной юридической консультации в Москве и Московской области?,"Предприятием выполнены работы на многочисленных объектах в Москве и Московской области, а также во
многих городах РФ и странах СНГ
Основные
характеристики
конструкций
Высоконадежная поликарбонатная система в полной комплектации.",Data1_10_10846_index.pdf,48
Какой ГОСТ регламентирует стоимость 1 м² общей площади?,"Наименование
материала
Государственный
стандарт
Плотность,
кг/м3
Коэффициент
линейного
расширения
(×106), °С-1
Модуль
упругости
материала,
ГПа
Коэффициент
светопропускания
Коэффициент
теплопроводности
материала,
Вт/(м·°С)
Пожарно-
техническая
характеристика
по горючести
1
Стекло листовое
ГОСТ 111-2001
2500
8,5
70
0,85-0,87
0,76
НГ
2
Стекло закаленное
строительное
ГОСТ 
30698-
2000
2500
8,5
70
0,85-0,87
0,76
НГ
3
Стекло
армированное
листовое
ГОСТ 7481-78
2500
8,5
70
0,65-0,75
0,76
НГ
4
Стекло 
листовое
энергосберегающее
ГОСТ 
30773-
2000
2500
8,5
70
0,6-0,75
0,76
НГ
5
Стекло 
защитное
многослойное
ГОСТ Р 51136-
98
2500
8,5
70
0,6-0,8
0,76
НГ
6
Стекло 
листовое
узорчатое
ГОСТ 5533-86
2500
8,5
70
0,6
0,76
НГ
7
Органическое
техническое стекло ГОСТ 17622-72*
Е
1200
80
2,8
0,9
0,18
Г3, Г4
8
Поликарбонат
-
1400
60-80
2,8
0,85
0,2
Г2, Г3
9
Поливинилхлорид
(ПВХ) прозрачный
-
1400
60-80
3,2
0,85
0,16
Г2, Г3
3.2.5.",Data1_10_10846_index.pdf,5
"Что происходит с решениями иностранных судов, которые не требуют принудительного исполнения?","Решения иностранных судов, которые не требуют принудительного исполнения, признаются без какого-
либо дальнейшего производства, если со стороны заинтересованного лица не поступят возражения 
относительно этого.",Гражданский процессуальный кодекс Российской Федерации.pdf,168
"В каких случаях законные представители могут передать земельные участки, наследуемые несовершеннолетними, в аренду?","В случае наследования земельных участков лицами, не достигшими совершеннолетия, их законные 
представители могут передать эти земельные участки в аренду на срок до достижения наследниками 
совершеннолетия.",Земельный кодекс Российской Федерации.pdf,22
В какие сроки должна быть представлена транзитная декларация при перевозке товаров автомобильным транспортом?,"При перевозке товаров водным транспортом документы и сведения, указанные в пункте 2 
настоящей статьи, могут быть представлены декларантом или экспедитором, если это допускается 
в соответствии с законодательством государств-членов.",Таможенный кодекс Евразийского экономического союза.pdf,100
На каком сайте можно найти комментарии к статьям?,"Комментарии к статьям на сайте 
https://upkodeksrf.ru/ 
 
 
 
 
 
2) доказано ли, что деяние совершил подсудимый; 
3) является ли это деяние преступлением и какими пунктом, частью, статьей Уголовного кодекса 
Российской Федерации оно предусмотрено; 
4) виновен ли подсудимый в совершении этого преступления; 
5) подлежит ли подсудимый наказанию за совершенное им преступление; 
6) имеются ли обстоятельства, смягчающие или отягчающие наказание; 
6.1) имеются ли основания для изменения категории преступления, в совершении которого обвиняется 
подсудимый, на менее тяжкую в соответствии с частью шестой статьи 15 Уголовного кодекса Российской 
Федерации; 
7) какое наказание должно быть назначено подсудимому; 
7.1) имеются ли основания для замены наказания в виде лишения свободы принудительными работами в 
порядке, установленном статьей 53.1 Уголовного кодекса Российской Федерации; 
7.2) нуждается ли подсудимый в прохождении лечения от наркомании и медицинской и (или) социальной 
реабилитации в порядке, установленном статьей 72.1 Уголовного кодекса Российской Федерации; 
8) имеются ли основания для постановления приговора без назначения наказания, освобождения от 
наказания или применения отсрочки отбывания наказания; 
9) какой вид исправительного учреждения и режим должны быть определены подсудимому при 
назначении ему наказания в виде лишения свободы; 
10) подлежит ли удовлетворению гражданский иск, в чью пользу и в каком размере; 
10.1) доказано ли, что имущество, подлежащее конфискации, получено в результате совершения 
преступления или является доходами от этого имущества либо использовалось или предназначалось для 
использования в качестве орудия, оборудования или иного средства совершения преступления либо для 
финансирования терроризма, экстремистской деятельности (экстремизма), организованной группы, 
незаконного вооруженного формирования, преступного сообщества (преступной организации); 
11) как поступить с имуществом, на которое наложен арест для обеспечения исполнения наказания в виде 
штрафа, для обеспечения гражданского иска или возможной конфискации; 
12) как поступить с вещественными доказательствами; 
13) на кого и в каком размере должны быть возложены процессуальные издержки; 
14) должен ли суд в случаях, предусмотренных статьей 48 Уголовного кодекса Российской Федерации, 
лишить подсудимого специального, воинского или почетного звания, классного чина, а также 
государственных наград; 
15) могут ли быть применены принудительные меры воспитательного воздействия в случаях, 
предусмотренных статьями 90 и 91 Уголовного кодекса Российской Федерации; 
16) могут ли быть применены принудительные меры медицинского характера в случаях, предусмотренных 
статьей 99 Уголовного кодекса Российской Федерации; 
17) следует ли отменить или изменить меру пресечения в отношении подсудимого.",Уголовно-процессуальный кодекс Российской Федерации.pdf,192
Как устанавливаются порядок и сроки внесения платы за подключение объектов капитального строительства?,"Порядок и сроки внесения платы за подключение (технологическое присоединение) объектов 
капитального строительства устанавливаются в соответствии с правилами подключения (технологического 
присоединения) с учетом особенностей, предусмотренных частями 11 и 12 настоящей статьи.",Градостроительный кодекс Российской Федерации.pdf,169
Как определяется количество циркулирующего теплоносителя в случае самовольного присоединения по ГОСТ МДС 41-3.2000?,"В случае самовольного присоединения потребителем теплопотребляющих
установок 
к 
тепловой 
сети 
теплоснабжающей 
организации 
количество
циркулирующего теплоносителя может определяться по пропускной способности
подводящего трубопровода при круглосуточном действии за весь период со дня
начала фактического использования при скорости движения сетевой воды 1,2 метра в
секунду; а количество тепловой энергии - с учетом разности температур сетевой воды
по графику регулирования отпуска тепла.",Data1_10_10871_index.pdf,5
Как привязываются затраты на эксплуатацию строительных машин и определяются затраты на заработную плату машинистов согласно ГОСТ МДС 81-10.2000?,"Привязка затрат на эксплуатацию строительных машин и определение затрат на заработную плату машинистов по проектируемым
объектам производится умножением количества маш.-ч машин, используемых для выполнения работ, на стоимость маш.-ч машин в
текущем уровне цен, приведенных в форме № 2-исх.",Data1_2_2076_index.pdf,4
Какие требования предъявляются к столику штатива согласно СНиП 3.01.03-84?,"Ржавчина, загрязнения
утеря окрасочного слоя
газопроводов и запорных
устройств, отсутствие
утепления мест
Системы газоснабжения
жилых домов должны
выполняться согласно
проекта и соответствовать
требованиям СНиП 2.04.08-
Выполнить очистку и
окраску газопроводов и
запорных устройств,
произвести утепление при
подготовке к эксплуатации в",Data1_10_10861_index.pdf,20
На что не имеют права участники судебных прений?,"Участники судебных прений не вправе ссылаться на обстоятельства, которые судом не 
выяснялись, и на доказательства, которые не исследовались в судебном заседании или признаны 
судом недопустимыми.",Арбитражный процессуальный кодекс Российской Федерации.pdf,86
Какой максимальный срок лишения свободы может быть назначен за нарушение требований по защите государственной тайны?,"За исключением случаев, предусмотренных частью пятой настоящей статьи, при частичном или полном 
сложении сроков лишения свободы при назначении наказаний по совокупности преступлений 
максимальный срок лишения свободы не может быть более двадцати пяти лет, а по совокупности 
приговоров - более тридцати лет.",Уголовный кодекс Российской Федерации.pdf,18
Что такое совместная собственность?,"Расторжение брака в судебном порядке производится, если судом установлено, что 
дальнейшая совместная жизнь супругов и сохранение семьи невозможны.",Семейный кодекс Российской Федерации.pdf,4
Как определяются подлежащие оплате количества потребленной тепловой энергии и использованного теплоносителя при неполном укомплектовании узла учета согласно ГОСТ?,"Потребленная абонентом тепловая энергия при приборном методе учета
определяется по следующим вариантам:
1) при оборудовании узла учета двухпоточным двухточечным теплосчетчиком
Q = Qи - Qхв,
где Qи - тепловая энергия без исключения из нее тепловой энергии холодной воды
(по показаниям теплосчетчика);
Qхв - тепловая энергия холодной воды, определяемая расчетно по разности
объемов (масс) теплоносителя в подающем и обратном трубопроводах (Δm)
и измеренной на источнике тепла температуре холодной воды (средней за
расчетный период) Δm · hхв;
2) при оборудовании узла учета абонента однопоточным двухточечным
теплосчетчиком на подающем трубопроводе и водосчетчиком на обратном
трубопроводе определение потребленной тепловой энергии производится по формуле
Q = QИ + Qn,
где Qи - тепловая энергия по показаниям теплосчетчика,
Qn - тепловая энергия, содержащаяся в невозвращенном на источник или в
тепловую сеть теплоносителе (Δm) за вычетом тепловой энергии холодной
воды и определяемая расчетно как Δm (h2 - hхв);
при установке теплосчетчика на обратном трубопроводе, а водосчетчика - на
подающем трубопроводе, определение потребленной тепловой энергии
производится по той же формуле, a Qn определяется расчетно как Δm (h1 -
hхв).",Data1_10_10870_index.pdf,5
На каком сайте можно найти комментарии к статьям Кодекса?,"Комментарии к статьям на сайте 
https://upkodeksrf.ru/ 
 
 
 
 
 
2) доказано ли, что деяние совершил подсудимый; 
3) является ли это деяние преступлением и какими пунктом, частью, статьей Уголовного кодекса 
Российской Федерации оно предусмотрено; 
4) виновен ли подсудимый в совершении этого преступления; 
5) подлежит ли подсудимый наказанию за совершенное им преступление; 
6) имеются ли обстоятельства, смягчающие или отягчающие наказание; 
6.1) имеются ли основания для изменения категории преступления, в совершении которого обвиняется 
подсудимый, на менее тяжкую в соответствии с частью шестой статьи 15 Уголовного кодекса Российской 
Федерации; 
7) какое наказание должно быть назначено подсудимому; 
7.1) имеются ли основания для замены наказания в виде лишения свободы принудительными работами в 
порядке, установленном статьей 53.1 Уголовного кодекса Российской Федерации; 
7.2) нуждается ли подсудимый в прохождении лечения от наркомании и медицинской и (или) социальной 
реабилитации в порядке, установленном статьей 72.1 Уголовного кодекса Российской Федерации; 
8) имеются ли основания для постановления приговора без назначения наказания, освобождения от 
наказания или применения отсрочки отбывания наказания; 
9) какой вид исправительного учреждения и режим должны быть определены подсудимому при 
назначении ему наказания в виде лишения свободы; 
10) подлежит ли удовлетворению гражданский иск, в чью пользу и в каком размере; 
10.1) доказано ли, что имущество, подлежащее конфискации, получено в результате совершения 
преступления или является доходами от этого имущества либо использовалось или предназначалось для 
использования в качестве орудия, оборудования или иного средства совершения преступления либо для 
финансирования терроризма, экстремистской деятельности (экстремизма), организованной группы, 
незаконного вооруженного формирования, преступного сообщества (преступной организации); 
11) как поступить с имуществом, на которое наложен арест для обеспечения исполнения наказания в виде 
штрафа, для обеспечения гражданского иска или возможной конфискации; 
12) как поступить с вещественными доказательствами; 
13) на кого и в каком размере должны быть возложены процессуальные издержки; 
14) должен ли суд в случаях, предусмотренных статьей 48 Уголовного кодекса Российской Федерации, 
лишить подсудимого специального, воинского или почетного звания, классного чина, а также 
государственных наград; 
15) могут ли быть применены принудительные меры воспитательного воздействия в случаях, 
предусмотренных статьями 90 и 91 Уголовного кодекса Российской Федерации; 
16) могут ли быть применены принудительные меры медицинского характера в случаях, предусмотренных 
статьей 99 Уголовного кодекса Российской Федерации; 
17) следует ли отменить или изменить меру пресечения в отношении подсудимого.",Уголовно-процессуальный кодекс Российской Федерации.pdf,192
Можно ли применять разные налоговые ставки в зависимости от покупателя?,"Законами субъектов Российской Федерации могут быть установлены налоговые ставки в пределах от 1 до 6 
процентов в зависимости от категорий налогоплательщиков.",Налоговый кодекс Российской Федерации.pdf,1510
Кто может заключить договор безвозмездного пользования лесным участком?,"Договор безвозмездного пользования лесным участком, находящимся в государственной 
или муниципальной собственности, может быть заключен на срок от одного года до пяти лет.",Лесной кодекс Российской Федерации.pdf,61
Какие методы установки шпунтовых ограждений описаны в СНиП 3.02.01-83?,"Вопрос не только в том, какие научно-
технические 
достижения 
определяют 
репутацию 
и 
могут 
заинтересовать
потенциальных заказчиков, но и в том, какие принципы и методы будут применены
управляющим проектом в осуществлении маркетинга.",Data1_10_10858_index.pdf,15
Какие меры следует предпринять при невыполнении мероприятий по качественной регулировке систем отопления и экономии расхода теплоты согласно ПН-5-17?,"Устранение течей из трубопроводов
системы отопления
ПН-5-13
То же
В помещении для
эксплуатационного персонала
должны быть: график температуры
подающей и обратной воды в
теплосети и в системе отопления в
зависимости от температуры
наружного воздуха с указанием
рабочего давления на вводе,
статического и наибольшего
допустимого давления в системе
Обеспечить разработку
(восстановление) необходимой
технической документации
ПН-5-17 Невыполнение
мероприятий по
качественной
регулировке системы
отопления и экономии
расхода теплоты
Промывку систем отопления
следует производить
гидропневматическим способом.",Data1_10_10861_index.pdf,31
На основании каких сведений осуществляется постановка на учет иностранной организации через отделения некоммерческих неправительственных организаций?,"Комментарии к статьям на сайте
https://nkodeksrf.ru/
филиалов и представительств международных организаций и иностранных некоммерческих 
неправительственных организаций, сообщаемых органом, указанным в пункте 9 статьи 85 настоящего 
Кодекса; 
через представительство иностранной религиозной организации осуществляется на основании сведений, 
содержащихся в реестре представительств иностранных религиозных организаций, открытых в Российской 
Федерации, сообщаемых органом, указанным в пункте 9 статьи 85 настоящего Кодекса; 
через иные обособленные подразделения осуществляется на основании заявления о постановке на учет 
(снятии с учета) иностранной организации.",Налоговый кодекс Российской Федерации.pdf,202
"Какие условия должны соблюдаться при вселении граждан, постоянно проживающих с нанимателем?","Наниматель несет ответственность перед наймодателем за действия граждан, постоянно проживающих 
совместно с ним, которые нарушают условия договора найма жилого помещения.",Гражданский кодекс Российской Федерации.pdf,301
Какова максимальная величина смещения теодолита с оси ряда колонн согласно СНиП 3.01.03-84?,"В результате этих измерений получают величины смещения низа колонн с оси
ряда и величину отклонения оголовка колонн, которая определяется как разность
отсчетов по низу и по верху.",Data1_11_11285_index.pdf,48
Какие данные должны быть указаны в тендерной документации?,"В задании на проектирование должны быть приведены данные о существующем
земельном 
фонде 
города, 
другого 
поселения, 
направлении 
его 
перспективного
территориального 
развития 
в 
соответствии 
с 
генеральным 
планом 
и 
другой
градостроительной документацией; указаны предложения заказчика по изменению
городской, поселковой черты и черты сельского поселения; определен состав необходимых
обследований и иных предпроектных работ; установлены требования к объему и составу
графических и текстовых материалов, масштаб графической части проекта, сроки его
представления и изготовления дубликата.",Data1_1_1904_index.pdf,29
Кто разработал Пособие по производству геодезических работ в строительстве?,"ЦЕНТРАЛЬНЫЙ НАУЧНО-ИССЛЕДОВАТЕЛЬСКИЙ
И ПРОЕКТНО-ЭКСПЕРИМЕНТАЛЬНЫЙ ИНСТИТУТ
ОРГАНИЗАЦИИ, МЕХАНИЗАЦИИ И ТЕХНИЧЕСКОЙ ПОМОЩИ
СТРОИТЕЛЬСТВУ (ЦНИИОМТП)
ГОССТРОЯ СССР
ПОСОБИЕ
ПО ПРОИЗВОДСТВУ ГЕОДЕЗИЧЕСКИХ РАБОТ
В СТРОИТЕЛЬСТВЕ
(к СНиП 3.01.03-84)
Утверждено приказом ЦНИИОМТП № 147
от 10 июля 1985 г.
Москва Стройиздат 1985
Рекомендовано 
к 
изданию 
решением 
секции 
организации 
строительного
производства ЦНИИОМТП Госстроя СССР.",Data1_11_11285_index.pdf,1
Какие телефоны доступны для бесплатной юридической консультации в Санкт-Петербурге и Ленинградской области?,"Нарушения, предусмотренные частями 1 и 2 настоящей статьи, совершенные в городе федерального 
значения Москве или Санкт-Петербурге либо в Московской или Ленинградской области, - 
влекут наложение административного штрафа в размере от пяти тысяч до семи тысяч рублей с 
административным выдворением за пределы Российской Федерации или без такового.",Административный кодекс Российской Федерации.pdf,374
"Что происходит, если налогоплательщик не уплатил или не полностью уплатил суммы, указанные в требовании об уплате налога и процентов?","Если в течение двух месяцев со дня истечения срока исполнения требования об уплате налога (сбора, 
страховых взносов), направленного налогоплательщику (плательщику сбора, налоговому агенту, 
плательщику страховых взносов) на основании решения о привлечении к ответственности за совершение 
налогового правонарушения, налогоплательщик (плательщик сбора, налоговый агент, плательщик 
страховых взносов) не уплатил (не перечислил) в полном объеме указанные в данном требовании суммы 
недоимки, размер которой позволяет предполагать факт совершения нарушения законодательства о 
налогах и сборах, содержащего признаки преступления, соответствующих пеней и штрафов, налоговые 
органы обязаны в течение 10 дней со дня выявления указанных обстоятельств направить материалы в 
следственные органы, уполномоченные производить предварительное следствие по уголовным делам о 
преступлениях, предусмотренных статьями 198-199.2 Уголовного кодекса Российской Федерации (далее - 
следственные органы), для решения вопроса о возбуждении уголовного дела.",Налоговый кодекс Российской Федерации.pdf,98
"Какие переходные положения существуют для свободных складов, владельцы которых включены в реестр владельцев свободных складов до 1 мая 2010 г.?","Для свободных складов, владельцы которых включены в реестр владельцев свободных 
складов до 1 мая 2010 г., Комиссия вправе определять перечень товаров, изготовленных 
(полученных) из иностранных товаров, помещенных под таможенную процедуру свободного 
склада и приобретающих статус иностранных товаров, независимо от выполнения критериев",Таможенный кодекс Евразийского экономического союза.pdf,507
Что такое зоны с особыми условиями использования земель?,"При определении перечня ограничений использования земельных участков, которые могут быть 
установлены в границах зоны с особыми условиями использования территории, должны устанавливаться 
исчерпывающий перечень видов зданий, сооружений, их разрешенного использования (назначения), и 
(или) требования к параметрам зданий, сооружений, размещение которых допускается или запрещается в 
границах указанной зоны, и (или) требования к зданиям, сооружениям, размещение которых допускается в 
границах указанной зоны, исходя из оценки их влияния на объект, территорию, в целях охраны которых 
установлена указанная зона, или из оценки влияния объекта, территории, в целях охраны которых 
установлена указанная зона, на размещаемые здания, сооружения при условии, что оценка соответствия 
данным требованиям может являться предметом экспертизы проектной документации.",Земельный кодекс Российской Федерации.pdf,188
Какие законодательные акты лежат в основе Рекомендаций? (ГОСТ),"Резиденты Особой экономической зоны в Калининградской области уплачивают налог на имущество 
организаций в соответствии с настоящей главой в отношении всего имущества, являющегося объектом 
налогообложения по указанному налогу, за исключением имущества, созданного или приобретенного при 
реализации инвестиционного проекта в соответствии с Федеральным законом ""Об Особой экономической 
зоне в Калининградской области и о внесении изменений в некоторые законодательные акты Российской 
Федерации"".",Налоговый кодекс Российской Федерации.pdf,1586
Какие операции по управлению остатками средств на едином счете местного бюджета включают привлечение средств?,"В состав операций по управлению остатками средств на едином счете бюджета субъекта 
Российской Федерации включаются: 
1) размещение средств с единого счета бюджета субъекта Российской Федерации на 
банковских депозитах и их возврат в соответствии со статьей 236 настоящего Кодекса; 
2) привлечение на единый счет бюджета субъекта Российской Федерации и возврат 
привлеченных средств в соответствии с пунктами 8, 12 и 13 настоящей статьи; 
3) другие операции по управлению остатками средств на едином счете бюджета субъекта 
Российской Федерации (если в бюджете субъекта Российской Федерации расчетная доля 
межбюджетных трансфертов из федерального бюджета (за исключением субвенций) в течение двух 
из трех последних отчетных финансовых лет не превышала 20 процентов объема собственных 
доходов консолидированного бюджета субъекта Российской Федерации), осуществляемые в 
порядке, установленном высшим исполнительным органом государственной власти субъекта 
Российской Федерации.",Бюджетный кодекс Российской Федерации.pdf,330
Как определяется разряд и подразряд зрительных работ для помещений торговых залов магазинов согласно ГОСТ МДС 31-8.2002?,"Длина помещения - 42 м, ширина - 18 м, высота до низа покрытия - 7,2 м.
Б. Порядок расчета
По приложению 7 находим разряд и подразряд зрительных работ для таких помещений (зрительные работы
высокой точности) - Б-1, которым соответствует значение КЕО, равное 3 % (табл.",Data1_10_10846_index.pdf,41
Какие товары Союза могут быть использованы при переработке иностранных товаров?,"К операциям по переработке на таможенной территории Союза не относятся: 
1) операции по обеспечению сохранности товаров при подготовке их к продаже и перевозке 
(транспортировке), в том числе упаковка, расфасовка и сортировка товаров, при которых товары не 
теряют своих индивидуальных характеристик; 
2) получение приплода, выращивание и откорм животных, включая птиц, рыб, а также 
выращивание ракообразных и моллюсков; 
3) выращивание деревьев и иных растений; 
4) копирование и размножение информации, аудио- и видеозаписей на любые виды 
носителей информации; 
5) использование иностранных товаров как вспомогательных средств в технологическом 
процессе (оборудование, станки, приспособления и другое); 
6) иные операции, определяемые Комиссией.",Таможенный кодекс Евразийского экономического союза.pdf,189
"Какие данные могут быть использованы для определения коэффициентов для пусконаладочных работ, если отсутствуют сметы во внутренних (базисных) ценах Российской Федерации, согласно ГОСТ МДС 81-21.2000?","В случае отсутствия по объектам-аналогам смет во внутренних (базисных) ценах Российской Федерации на
пусконаладочные работы для этих целей могут быть использованы коэффициенты, определенные по тем же объектам-аналогам для
строительно-монтажных работ, с внесением соответствующих поправок на различия в структуре строительно-монтажных и пусконаладочных
работ.",Data1_2_2069_index.pdf,8
Какая средняя температура за июль в Вендинге согласно ГОСТ МДС 31-8.2002?,"Поправка за температуру ∆t определяется из выражения:
∆t = α(t - t0)l,
где α - коэффициент термического расширения рулетки (для стали α = 0,0000125); t -
температура рулетки в процессе измерений; t0 - температура компарирования.",Data1_11_11285_index.pdf,41
Какие требования к оценке результатов конкурентности работников указаны в ГОСТ МДС 80-2.2000?,"Общие требования к методам
определения нефтепродуктов в природных и сточных водах
ГОСТ 17.2.1.01-76                   Охрана природы.",Data1_10_10865_index.pdf,33
Какие административные правонарушения имеют срок давности привлечения к ответственности два месяца?,"Срок давности привлечения к административной ответственности за административные 
правонарушения, предусмотренные статьей 6.18 настоящего Кодекса, в части использования запрещенной 
субстанции и (или) запрещенного метода начинает исчисляться со дня получения общероссийской 
антидопинговой организацией заключения лаборатории, аккредитованной Всемирным антидопинговым 
агентством, подтверждающего факт использования спортсменом запрещенной субстанции и (или) 
запрещенного метода.",Административный кодекс Российской Федерации.pdf,31
Какие проверки должны проводиться в процессе строительства сооружений кабельной канализации согласно СНиП 3.01.03-84?,"В процессе строительства сооружений кабельной канализации должен
осуществляться пооперационный контроль за укладкой трубопроводов и установкой
смотровых устройств, заключающийся в проверке глубины заложения и качества стыков
труб, прямолинейности трубопровода, горизонтальности и вертикальности установки
смотровых устройств.",Data1_11_11285_index.pdf,25
Какие законы регулируют установление транспортного налога?,"При принятии решения арбитражный суд оценивает доказательства и доводы, 
приведенные лицами, участвующими в деле, в обоснование своих требований и возражений; 
определяет, какие обстоятельства, имеющие значение для дела, установлены и какие 
обстоятельства не установлены, какие законы и иные нормативные правовые акты следует 
применить по данному делу; устанавливает права и обязанности лиц, участвующих в деле; решает, 
подлежит ли иск удовлетворению.",Арбитражный процессуальный кодекс Российской Федерации.pdf,87
"Как долго должен работодатель ждать перед тем, как принять окончательное решение об увольнении?","При недостижении общего согласия в результате дополнительных консультаций работодатель по 
истечении десяти рабочих дней со дня получения соответствующим вышестоящим выборным 
профсоюзным органом проекта приказа и копий документов, являющихся основанием для принятия 
решения об увольнении работника, имеет право принять окончательное решение, которое может быть 
обжаловано этим работником или представляющим его интересы выборным профсоюзным органом в 
соответствующую государственную инспекцию труда.",Трудовой кодекс Российской Федерации.pdf,236
По каким основаниям судья оставляет без движения административное искове заявление о признании нормативного правового акта недействующим?,"Судья оставляет без движения административное исковое заявление о признании 
нормативного правового акта недействующим на основании части 1 статьи 130 настоящего 
Кодекса в случае несоответствия указанного заявления требованиям, установленным статьей 209 
настоящего Кодекса.",Кодекс административного судопроизводства Российской Федерации.pdf,111
Какой законодательный акт регулирует порядок уплаты налога на добавленную стоимость (НДС) согласно ГОСТ МДС 81-23.2000?,"№
п/
п
Вид налога
Законодательный
акт,
регулирующий
порядок уплаты
налога
Ставка налога
Источник покрытия
налога
Включение в
сметную
стоимость
Примечание
ФЕДЕРАЛЬНЫЕ НАЛОГИ
1
Налог на
добавочную
стоимость
Закон РФ от
06.12.91 № 1992-1
""О налоге на
добавленную
стоимость"" с
учетом изменений
и дополнений,
внесенных
законами РФ:
от 22.05.92 №
2813-1 «О
внесении
изменений и
дополнений в
Закон РСФСР ""О
налоге на
добавленную
стоимость""»;
от 16.07.92 №
3317-1 ""О
внесении
изменений и
дополнений в
налоговую
систему России"";
от 22.12.92 №
4178-1 ""О
внесении
изменений и
дополнений в
20 процентов от
стоимости
реализованной
строительной
продукции (работ,
услуг)
Сумма НДС
включается в
свободную
(договорную) цену на
строительную
продукцию без
отнесения на
себестоимость работ
Средства на
покрытие
затрат по
уплате НДС
показываются
за итогом
свободного
сметного
расчета
стоимости
строительства
Налога на добавленную
стоимость (НДС)
представляет собой
форму изъятия в бюджет
части добавленную
стоимости, создаваемой
на всех стадиях
производства и
определяемой как
разница между
стоимостью
реализованных товаров,
работ и услуг и
стоимости
материальных затрат,
отнесенных на издержки
производства и
обращения.",Data1_2_2070_index.pdf,2
Какие нормы накладных расходов учитываются? (ГОСТ МДС 81-8.2000),"№ 116
ОБ УТВЕРЖДЕНИИ ПРЕДЕЛЬНЫХ НОРМ НАКЛАДНЫХ РАСХОДОВ И
НОРМЫ ПЛАНОВЫХ НАКОПЛЕНИЙ НА ПУСКОНАЛАДОЧНЫЕ РАБОТЫ
Государственный строительный комитет СССР ПОСТАНОВЛЯЕТ:
1.",Data1_10_10864_index.pdf,25
Какая информация должна быть включена в единую государственную автоматизированную информационную систему учета древесины и сделок с ней?,"В случае, если информация, которая должна представляться для включения в единую 
государственную автоматизированную информационную систему учета древесины и сделок с ней, 
содержится в иных государственных информационных системах и включается в иные 
государственные информационные системы в обязательном порядке, такая информация и 
информация, содержащаяся в материалах дистанционного зондирования, подлежат включению в 
единую государственную автоматизированную информационную систему учета древесины и 
сделок с ней из иных государственных информационных систем.",Лесной кодекс Российской Федерации.pdf,33
Какие координаты центра тяжести фигуры используются в примере согласно СНиП 3.01.03-84?,"При этом за неизменные элементы принимаются координаты центра тяжести фигуры и
ее средний дирекционный угол.",Data1_11_11285_index.pdf,42
"Кто составляет акт о морском протесте, и какие данные используются для его составления?","Составление акта о морском протесте 
Нотариус или должностное лицо консульского учреждения Российской Федерации на 
основании заявления капитана судна, данных судового журнала, опроса капитана судна и в случае 
необходимости других членов экипажа судна составляет акт о морском протесте и заверяет его 
своей подписью и гербовой печатью.",Кодекс торгового мореплавания Российской Федерации.pdf,136
"Какой метод учета изменений уровня цен может предлагаться оферентом, согласно ГОСТ МДС 80-3.2000?","В состав показателей для оценки коммерческой части оферт могут входить:
предложенная оферентом цена, предмета подрядных торгов (осуществления
строительства, выполнения комплекса работ, оказания услуг, поставки продукции) с
указанием, в какой валюте и на каком уровне (в ценах какого периода) рассчитана
предложенная цена;
предложенный оферентом метод учета при осуществлении расчетов за
выполненные работы последующих изменений уровня цен в связи с инфляцией,
изменением законодательства в области налоговой политики и по другим вопросам;
предложения оферента по условиям и порядку финансирования и кредитования
подрядных работ;
удельные стоимостные показатели по предмету торгов, если торг проводятся на
проектирование объекта или на проектирование и строительство объектов «под
ключ».",Data1_10_10869_index.pdf,2
Какой ГОСТ или СНиП определяет методы разработки УПБС на основе ресурсной технологической модели?,"УПБС могут разрабатываться как на основе ресурсной технологической
модели, так и по укрупненным статьям затрат строительно-монтажных работ на
объект (группу объектов).",Data1_2_2080_index.pdf,2
Какие подотраслевые индексы существуют?,"В систему индексов цен входят:
отраслевые индексы - по отраслям «Жилищное строительство» и «Культурно-
бытовое строительство»;
подотраслевые индексы - по подотраслям «Народное образование», «Торговля и
общественное питание», «Бытовое обслуживание», «Здравоохранение», «Культура»,",Data1_2_2080_index.pdf,9
Какова цель дублирования при подготовке оперативных руководителей и персонала? (МДС 15-13.2000),"Продолжительность дублирования оперативных руководителей, оперативного и оперативно-ремонтного
персонала должна составлять при перерывах в работе длительностью:
от двух недель до одного месяца - не менее 2 смен (дней);
более одного до трех месяцев - не менее 3 смен (дней);
более трех месяцев - не менее 4 смен (дней).",Data1_10_10862_index.pdf,3
Что не допускается при нарушении отделочного слоя согласно СНиП III-21-73* 1981?,"Устранение выполняется по
проекту при капитальном
ремонте
СНиП III-21-73*
1981
Выпадение облицовочной
плитки
Не допустимо наличие
переувлажнения контактного
слоя из-за различия
теплофизических
характеристик материалов.",Data1_10_10861_index.pdf,16
"Какие изменения внесены в Закон ""Об акцизах"" в статье 1?","настоящего
приложения)
1.6
06.08.93 № 5604-
1
""О внесении изменений в
Закон 
Российской
Федерации ""Об акцизах""
Внесены изменения в",Data1_2_2082_index.pdf,25
Какой штраф грозит должностным лицам за воспрепятствование осуществлению права на свободу совести и свободу вероисповедания?,"Воспрепятствование осуществлению права на свободу совести и свободу вероисповедания, в том числе 
принятию религиозных или иных убеждений или отказу от них, вступлению в религиозное объединение 
или выходу из него, - 
влечет наложение административного штрафа на граждан в размере от десяти тысяч до тридцати тысяч 
рублей; на должностных лиц - от пятидесяти тысяч до ста тысяч рублей; на юридических лиц - от ста тысяч 
до одного миллиона рублей.",Административный кодекс Российской Федерации.pdf,42
"Какие затраты, связанные с командированием работников подрядных организаций на стройки при обязанности российской организации относятся на объемы работ, выполняемые российскими организациями (ГОСТ)?","Затраты, 
связанные 
с 
командированием
работников 
подрядных 
организаций 
на
стройки
 
 
 
 
 
при обязанности российской организации
+
-
+
-
-
+
+
-
 
при обязанности иностранной фирмы
-
+
-
+
5.",Data1_2_2082_index.pdf,12
Какие обосновывающие документы требуются для расчета затрат на приобретение малоценного и хозяйственного инвентаря согласно ГОСТ МДС 81-7.2000?,"Приобретение
малоценного 
и
хозяйственного инвентаря
-«-
 
4.11.",Data1_2_2116_index.pdf,9
Когда вступает в силу решение об аннулировании свидетельства?,"Решение налогового органа об аннулировании свидетельства вступает в силу со дня его принятия и 
действует с учетом следующих особенностей: 
1) при наступлении случая, указанного в подпункте 1 пункта 5.2 настоящей статьи, свидетельство 
аннулируется со дня, указанного в заявлении; 
2) при наступлении случаев, указанных в подпунктах 2 - 7 пункта 5.2 настоящей статьи, свидетельство 
аннулируется со дня наступления соответствующих обстоятельств;",Налоговый кодекс Российской Федерации.pdf,549
"Какие исключения существуют для домов и дворцов культуры, расположенных в городах, районных центрах, поселках городского типа?","Для целей настоящей статьи деятельностью музеев, театров, библиотек, учредителями которых являются 
субъекты Российской Федерации или муниципальные образования, домов и дворцов культуры, клубов, 
учредителями которых являются муниципальные образования (за исключением указанных домов и 
дворцов культуры, клубов, располагающихся в городах, районных центрах (кроме административных 
центров муниципальных районов, являющихся единственным населенным пунктом муниципального 
района), поселках городского типа), признается деятельность, включенная в Перечень видов культурной 
деятельности, установленный Правительством Российской Федерации.",Налоговый кодекс Российской Федерации.pdf,1111
Какой индекс в прогнозном уровне указан для монтажных работ в 1994 году для объектов производственного назначения?,"строительных работ
монтажных работ
оборудования, мебели,
инвентаря
прочих затрат
общая
в
базисном
уровне
индекс
в
прогнозном
уровне
в
базисном
уровне
индекс
в
прогнозном
уровне
в
базисном
уровне
индекс
в
прогнозном
уровне
в
базисном
уровне
индекс
в
прогнозном
уровне
в
базисном
уровне
индекс
в
прогнозном
уровне
I. 
Объекты
производственного
назначения
1993 г.",Data1_2_2075_index.pdf,9
Какие разделы могут входить в техническую часть тендерной документации согласно ГОСТ МДС-80-8.2000?,"При наличии только утвержденного ТЭО необходимо включить в техническую часть тендерной
документации в виде приложения чертежи взятых за основу в качестве аналогов типовых или
индивидуальных проектов и составить по ним требуемый список оборудования, мебели и инвентаря.",Data1_10_10865_index.pdf,24
Как выполняются приконьковые продухи согласно ГОСТ МДС 13-18.2000?,"Приконьковые продухи устанавливают сплошными шириной 5 см, предусматривая
устройства против задувания снега либо отдельные отверстия через 6-8 м с патрубками,
флюгарками и поддонами.",Data1_10_10852_index.pdf,12
Как назначаются контрольные и дополнительные рабочие скважины в ходе работ (ГОСТ 3.02.01-83)?,"В ходе работ по данным исполнительной документации назначаются контрольные, а при необходимости и
дополнительные рабочие скважины.",Data1_11_11295_index.pdf,25
Какая дата считается датой осуществления внереализационных и прочих расходов для расходов на содержание служебного транспорта?,"Датой осуществления внереализационных и прочих расходов признается, если иное не установлено 
статьями 261, 262, 266 и 267 настоящего Кодекса: 
1) дата начисления налогов (сборов, страховых взносов) - для расходов в виде сумм налогов (авансовых 
платежей по налогам), сборов, страховых взносов и иных обязательных платежей; 
2) дата начисления в соответствии с требованиями настоящей главы - для расходов в виде сумм отчислений 
в резервы, признаваемые расходом в соответствии с настоящей главой; 
3) дата расчетов в соответствии с условиями заключенных договоров или дата предъявления 
налогоплательщику документов, служащих основанием для произведения расчетов, либо последнее число 
отчетного (налогового) периода - для расходов: 
в виде сумм комиссионных сборов; 
в виде расходов на оплату сторонним организациям за выполненные ими работы (предоставленные 
услуги); 
в виде арендных (лизинговых) платежей за арендуемое (принятое в лизинг) имущество; 
в виде иных подобных расходов; 
4) дата перечисления денежных средств с расчетного счета (выплаты из кассы) налогоплательщика - для 
расходов:",Налоговый кодекс Российской Федерации.pdf,1021
Какие объекты налогообложения исключаются из налогооблагаемой базы для налога на пользователей автомобильных дорог согласно ГОСТ МДС 81-23.2000?,"С 1 января 1994 г.
уплата налога на
прибыль с суммы
расходов на оплату
труда, превышающей
их нормируемую
величину,
производится всеми
плательщиками
независимо от
результатов их
деятельности или
наличия льгот по
налогооблагаемой
прибыли (в том числе
освобождения от
налога на прибыль) в
республиканский
бюджет Российской
Федерации по
 
 
Отменить применение
повышенной ставки
налогообложения для
предприятий,
превысивших
установленные
ограничения.",Data1_2_2070_index.pdf,11
"При каких условиях суд устанавливает факты, имеющие юридическое значение?","Условия, необходимые для установления фактов, имеющих юридическое 
значение 
Суд устанавливает факты, имеющие юридическое значение, только при невозможности получения 
заявителем в ином порядке надлежащих документов, удостоверяющих эти факты, или при невозможности 
восстановления утраченных документов.",Гражданский процессуальный кодекс Российской Федерации.pdf,110
Какие земли муниципальной собственности упоминаются в ГОСТ МДС 11-7.2000?,"земли сельскохозяйственного назначения (пашня, многолетние насаждения,
залежь, сенокосы, пастбища) из них земли крестьянских (фермерских) хозяйств
-""-
земли городов, других поселений:
-""-
из них:
 
городских поселений
сельских поселений
 
земли промышленности, транспорта, связи, радиовещания, телевидения,
информатики и космического обеспечения, энергетики
-""-
земли специального назначения
-""-
земли природно-заповедного, лечебно-оздоровительного, рекреационного
и историко-культурного назначения
-""-
земли лесного фонда
-""-
в том числе леса первой группы
-""-
земли водного фонда
-""-
земли запаса
-""-
Из общей территории:
 
земли государственной собственности
-""-
земли муниципальной собственности
-""-
земли 
частной 
собственности 
благоприятные 
по 
экологическим,
санитарно-гигиеническим требованиям и условиям безопасности
-""-
П р и м е ч а н и я :
1.",Data1_1_1904_index.pdf,33
Сколько опорных точек должно быть передано на монтажные горизонты согласно СНиП 3.01.03-84?,"Число опорных точек, передаваемых на монтажные горизонты, должно быть не
менее трех.",Data1_11_11285_index.pdf,36
Что такое перенос убытков на будущее?,"Если налогоплательщик понес убытки более чем в одном налоговом периоде, перенос таких убытков на 
будущие периоды производится в той очередности, в которой они понесены.",Налоговый кодекс Российской Федерации.pdf,767
Может ли правообладатель распоряжаться исключительным правом на произведение?,"Правообладатель может распоряжаться 
исключительным правом на товарный знак.",Гражданский кодекс Российской Федерации.pdf,630
Какие элементы должны быть показаны на схемах современного использования территории и схемах комплексной оценки территории для городов с расчетной численностью населения 250 - 500 тысяч человек согласно ГОСТ МДС 11-7.2000?,"Графические материалы генерального плана города с расчетной численностью
населения 500 тысяч человек и более выполняются в масштабе 1:10000; города с расчетной
численностью населения 250 - 500 тысяч человек - в масштабе 1:10000 - 1:5000; города,
другого поселения с расчетной численностью населения от 10 до 250 тысяч человек - в
масштабе 1:5000; города, другого поселения с расчетной численностью населения менее 10
тысяч человек - в масштабе 1:2000.",Data1_1_1904_index.pdf,13
Какие отраслевые положения применяются при эксплуатации железнодорожных путей общего пользования согласно ГОСТ МДС 14-13.2000?,"При эксплуатации железнодорожных путей общего пользования и подъездных путей, входящих
в общую сеть железных дорог Союза ССР, автомобильных дорог общего пользования, линий
электропередачи и сооружений связи, морских и речных портовых и судоходных сооружений,
входящих соответственно в систему Министерства путей сообщения, Министерства энергетики и
электрификации СССР, Министерства связи СССР, Министерства морского флота СССР и
министерств и управлений речного флота союзных республик, а также городских водопроводно-
канализационных сооружений, сетей теплофикации и газификации надлежит руководствоваться
соответствующими отраслевыми положениями.",Data1_1_1879_index.pdf,2
"Какое наказание предусмотрено за сокрытие информации, совершенное лицом, занимающим государственную должность?","То же деяние, совершенное лицом, занимающим государственную должность Российской Федерации 
или государственную должность субъекта Российской Федерации, а равно главой органа местного 
самоуправления, - 
наказывается штрафом в размере от ста тысяч до трехсот тысяч рублей или в размере заработной платы 
или иного дохода осужденного за период от одного года до двух лет, либо принудительными работами на 
срок до пяти лет с лишением права занимать определенные должности или заниматься определенной 
деятельностью на срок до трех лет или без такового, либо лишением свободы на срок до семи лет с 
лишением права занимать определенные должности или заниматься определенной деятельностью на 
срок до трех лет или без такового.",Уголовный кодекс Российской Федерации.pdf,233
"Что происходит, если вред причинен в период действия концессионного соглашения?","В возмещении вреда может быть отказано, если вред причинен по просьбе или с согласия потерпевшего, а 
действия причинителя вреда не нарушают нравственные принципы общества.",Гражданский кодекс Российской Федерации.pdf,427
Какие копии лицензий должны быть представлены при необходимости?,"ПРИ НАЛИЧИИ В ТЕХНИЧЕСКОЙ ЧАСТИ ТЕНДЕРНОЙ ДОКУМЕНТАЦИИ ПЕРЕЧНЯ
ОБОРУДОВАНИЯ И СПЕЦИФИКАЦИИ НА ПОСТАВКУ ПРОИЗВОДСТВЕННОГО
ОБОРУДОВАНИЯ, МАШИН И МЕХАНИЗМОВ
В составе материалов оферты должны быть представлены каталоги (желательно цветные) на
оборудование с указанием изготовителей, отвечающих по уровню качества требованиям тендера, а также
сертификаты качества на применяемые материалы, особенно на материалы иностранного производства
для сравнения с отечественными.",Data1_10_10865_index.pdf,37
Какие действия необходимо предпринять при выпадении отдельных камней или кирпичей из кладки цоколя согласно ГОСТ МДС 13-18.2000?,"Выпадение отдельных камней или кирпичей из кладки цоколя происходит обычно из-
за ее намокания под водосточными трубами из-за отсутствия отметов и лотков или их
высокой подвески, а также при неисправности подвесных желобов по свесам кровли.",Data1_10_10852_index.pdf,2
В какие сроки уполномоченный орган должен направить проект договора аренды иным правообладателям?,"В течение тридцати дней со дня получения указанного заявления от одного из правообладателей здания, 
сооружения или помещений в них уполномоченный орган направляет иным правообладателям здания, 
сооружения или помещений в них, имеющим право на заключение договора аренды земельного участка, 
подписанный проект договора аренды с множественностью лиц на стороне арендатора.",Земельный кодекс Российской Федерации.pdf,77
В каких случаях защитник участвует в уголовном деле с момента начала процессуальных действий?,"Защитник участвует в уголовном деле: 
1) с момента вынесения постановления о привлечении лица в качестве обвиняемого, за исключением 
случаев, предусмотренных пунктами 2 - 5 настоящей части; 
2) с момента возбуждения уголовного дела в отношении конкретного лица; 
3) с момента фактического задержания лица, подозреваемого в совершении преступления, в случаях: 
а) предусмотренных статьями 91 и 92 настоящего Кодекса; 
б) применения к нему в соответствии со статьей 100 настоящего Кодекса меры пресечения в виде 
заключения под стражу; 
3.1) с момента вручения уведомления о подозрении в совершении преступления в порядке, 
установленном статьей 223.1 настоящего Кодекса; 
4) с момента объявления лицу, подозреваемому в совершении преступления, постановления о назначении 
судебно-психиатрической экспертизы; 
5) с момента начала осуществления иных мер процессуального принуждения или иных процессуальных 
действий, затрагивающих права и свободы лица, подозреваемого в совершении преступления; 
6) с момента начала осуществления процессуальных действий, затрагивающих права и свободы лица, в 
отношении которого проводится проверка сообщения о преступлении в порядке, предусмотренном 
статьей 144 настоящего Кодекса.",Уголовно-процессуальный кодекс Российской Федерации.pdf,41
"Почему важно не обещать больше, чем можно сделать, согласно ГОСТ МДС 11-11.2000?","Успешному маркетингу содействует соблюдение следующих общих принципов:
1) не обещайте больше, чем можете сделать!",Data1_10_10858_index.pdf,15
Какие общесоюзные ценники на пусконаладочные работы перечислены в Приложении 1 к МДС 81-8.2000?,"Таблица 1
Наименование работ
Номер и наименование ценника
Предельная норма накладных
расходов в процентах от основной
заработной платы
пусконаладочного персонала
Пусконаладочные работы по
технологическому
оборудованию
Общесоюзные ценники с № 3 по № 9 и
все 
ведомственные 
ценники, 
за
исключением 
ценника 
«Устройства
автоматики, телемеханики и связи на
железных дорогах и метрополитенах»
ВСН-121-83/МПС
60
Пусконаладочные работы по
электротехническим
устройствам 
и
автоматизированным
системам управления
Общесоюзные ценники № 1, № 2 и
ценник 
«Устройства 
автоматики,
телемеханики и связи на железных
дорогах и метрополитенах» ВСН-121-
83/МПС
65
П р и м е ч а н и е .",Data1_10_10864_index.pdf,17
Какое максимальное количество баллов можно получить за показатель «Использование местных материалов» согласно ГОСТ МДС 80-3.2000?,"2),
максимальное количество баллов устанавливается для оферты с наибольшим
значением следующих показателей:
количества (мощности) аналогичных объектов, построенных в последние 2 года
каждым оферентом, или объемов ранее выполненных аналогичных работ с
требуемым качеством;
предлагаемой величины сокращения продолжительности выполнения работ;
доли местных материальных ресурсов в общей стоимости материальных ресурсов,
используемых оферентом при реализации предмета торгов;
предусмотренных в оферте затрат труда местных рабочих.",Data1_10_10869_index.pdf,5
Какие сведения должны содержаться в определении по делу о выдаче исполнительного листа на принудительное исполнение решения третейского суда?,"В определении по делу о выдаче исполнительного листа на принудительное исполнение 
решения третейского суда должны содержаться: 
1) сведения о составе третейского суда, принявшего это решение; 
2) 
наименование 
постоянно 
действующего 
арбитражного 
учреждения, 
администрировавшего третейское разбирательство, его место нахождения (в случае наличия 
постоянно действующего арбитражного учреждения); 
3) наименования сторон третейского разбирательства; 
4) сведения о решении третейского суда, о выдаче исполнительного листа на 
принудительное исполнение которого ходатайствует заявитель; 
5) указание на выдачу исполнительного листа на принудительное исполнение решения 
третейского суда или отказ в выдаче исполнительного листа.",Арбитражный процессуальный кодекс Российской Федерации.pdf,150
При каких условиях объявляются торги несостоявшимися?,"Однако ни при каких условиях нельзя допускать их полного
закрывания.",Data1_10_10852_index.pdf,12
Кому направляются копии постановления судьи?,"Копия приговора, определения или постановления суда, вступивших в законную силу, и копия 
апелляционных приговора, определения или постановления вручаются осужденному или оправданному, 
его защитнику и обвинителю, а также направляются администрации места содержания под стражей, 
администрации места отбывания наказания для вручения осужденному, содержащемуся под стражей, в 
течение 3 суток со дня поступления копии апелляционных приговора, определения или постановления в 
суд, постановивший приговор или вынесший иное итоговое судебное решение.",Уголовно-процессуальный кодекс Российской Федерации.pdf,240
Каковы требования к коагулянту (кремнефтористо-водородная кислота) при однорастворной двухкомпонентной силикатизации по СНиП 3.02.01-83?,"Объем раствора крепителя рабочей концентрации на единичную инъекцию в одну заходку при однорастворной
двухкомпонентной силикатизации и смолизации песчаных грунтов находится по формуле
qк = qc/(1 + a),                                                           (6)
где qc - объем гелеобразующей смеси на единичную инъекцию, определяемый по формуле (5); a - объемное отношение
отвердителя к крепителю для данной рецептуры.",Data1_11_11295_index.pdf,13
"В каких случаях доходы, полученные физическими лицами за оказание услуг для личных, домашних и (или) иных подобных нужд, освобождаются от налогообложения?","Освобождение доходов от налогообложения, предусмотренное настоящим пунктом, не применяется в 
следующих случаях: 
при участии налогоплательщика в программах российских и иностранных организаций, указанных в абзаце 
первом настоящего пункта, присоединение к которым осуществляется не на условиях публичной оферты; 
при присоединении налогоплательщика к программам российских и иностранных организаций, указанным 
в абзаце первом настоящего пункта, условиями публичной оферты в которых предусмотрен срок для 
акцепта менее 30 дней и (или) которыми предусмотрена возможность досрочного отзыва оферты; 
при выплате доходов, указанных в абзаце первом настоящего пункта, в качестве вознаграждения лицам, 
состоящим с организацией в трудовых отношениях, за выполнение должностных обязанностей, а также в 
качестве оплаты (вознаграждения) за поставленные налогоплательщиком товары (выполненные работы, 
оказанные услуги) или материальной помощи; 
69) доходы в денежной и (или) натуральной формах, полученные налогоплательщиками в соответствии с 
Федеральным законом от 12 января 1995 года N 5-ФЗ ""О ветеранах"", Законом Российской Федерации от 15 
января 1993 года N 4301-I ""О статусе Героев Советского Союза, Героев Российской Федерации и полных 
кавалеров ордена Славы"", Федеральным законом от 9 января 1997 года N 5-ФЗ ""О предоставлении 
социальных гарантий Героям Социалистического Труда, Героям Труда Российской Федерации и полным 
кавалерам ордена Трудовой Славы""; 
70) доходы в виде выплат (вознаграждений), полученных физическими лицами, не являющимися 
индивидуальными предпринимателями, от физических лиц за оказание им следующих услуг для личных, 
домашних и (или) иных подобных нужд: 
по присмотру и уходу за детьми, больными лицами, лицами, достигшими возраста 80 лет, а также иными 
лицами, нуждающимися в постоянном постороннем уходе по заключению медицинской организации; 
по репетиторству; 
по уборке жилых помещений, ведению домашнего хозяйства.",Налоговый кодекс Российской Федерации.pdf,822
"Что происходит с средствами финансовой поддержки, если условия их получения нарушены?","Незаконное 
финансирование 
избирательной 
кампании 
кандидата, 
избирательного объединения, кампании референдума, оказание запрещенной 
законом материальной поддержки, связанные с проведением выборов, референдума 
выполнение работ, оказание услуг, реализация товаров бесплатно или по 
необоснованно заниженным (завышенным) расценкам 
Оказание финансовой поддержки избирательной кампании кандидата, избирательного объединения, 
деятельности инициативной группы по проведению референдума, иной группы участников референдума 
помимо их избирательных фондов, фондов референдума, либо бесплатные или по необоснованно 
заниженным (завышенным) расценкам выполнение работ, оказание услуг, реализация товаров 
юридическими лицами, их филиалами, представительствами и иными подразделениями, связанных с 
проведением выборов, референдума и направленных на достижение определенного результата на 
выборах, на выдвижение инициативы проведения референдума, на достижение определенного результата 
на референдуме, либо выполнение оплачиваемых работ, реализация товаров, оказание платных услуг, 
направленных на достижение определенного результата на выборах, на выдвижение инициативы 
проведения референдума, на достижение определенного результата на референдуме без документально 
подтвержденного согласия кандидата или его уполномоченного представителя по финансовым вопросам, 
уполномоченного представителя по финансовым вопросам избирательного объединения, инициативной 
группы по проведению референдума, иной группы участников референдума и без оплаты из 
соответствующего избирательного фонда, фонда референдума, либо внесение пожертвований в 
избирательный фонд, фонд референдума через подставных лиц, либо оказание кандидату, инициативной 
группе по проведению референдума, иной группе участников референдума для проведения 
соответствующей избирательной кампании, кампании референдума материальной поддержки, 
направленной на достижение определенного результата на выборах, референдуме, без компенсации за 
счет средств соответствующего избирательного фонда, фонда референдума, если эти действия не содержат 
уголовно наказуемого деяния, - 
влечет наложение административного штрафа на граждан в размере от десяти тысяч до пятнадцати тысяч 
рублей; на должностных лиц - от двадцати тысяч до тридцати тысяч рублей; на юридических лиц - от 
двухсот тысяч до трехсот тысяч рублей с конфискацией предмета административного правонарушения.",Административный кодекс Российской Федерации.pdf,39
Какие требования к устойчивости фонарей к температурным перепадам установлены ГОСТ МДС 31-8.2002?,"ЦЕНТРАЛЬНЫЙ НАУЧНО-ИССЛЕДОВАТЕЛЬСКИЙ
И ПРОЕКТНО-ЭКСПЕРИМЕНТАЛЬНЫЙ ИНСТИТУТ
ПРОМЫШЛЕННЫХ ЗДАНИЙ И СООРУЖЕНИЙ
ОАО «ЦНИИПРОМЗДАНИЙ»
РЕКОМЕНДАЦИИ
ПО ПРОЕКТИРОВАНИЮ
И УСТРОЙСТВУ ФОНАРЕЙ
ДЛЯ ЕСТЕСТВЕННОГО
ОСВЕЩЕНИЯ ПОМЕЩЕНИЙ
МДС 31-8.2002
Москва 2002
Рекомендованы к изданию решением Секции строительных конструкций зданий Научно-технического
совета ОАО «ЦНИИпромзданий» 10 июля 2002 г.
Рекомендации содержат сведения о современных конструкциях фонарей со светопропускающими
элементами из стекла и полимерных материалов, предназначенных для устройства естественного освещения
помещений зданий и сооружений.",Data1_10_10846_index.pdf,1
Какие права имеет прокурор в пределах своих полномочий?,Прокурор в пределах своих полномочий вправе:,Административный кодекс Российской Федерации.pdf,515
Должны ли быть едиными индексы пересчета от цен 2000 г. в текущие цены для ТЕРм и ФЕРм?,"При этом индексы
пересчета от цен 2000 г. в текущие цены для имеющихся территориальных
единичных расценок (ТЕРм) и для федеральных расценок (ФЕРм), приведенных к
стоимости 
того 
или 
иного 
региона 
путем 
применения 
территориальных
коэффициентов, порядок определения которых приведен выше, должны быть
едиными.",Data1_10_10754_index.pdf,18
Что является основанием для проведения предварительного слушания согласно части второй статьи 229?,"В случае ненадлежащего исполнения второй части РЕПО при условии, что обязательства сторон 
прекращены в течение 30 дней с согласованной сторонами даты исполнения второй части РЕПО в порядке, 
предусмотренном соглашением сторон и соответствующем Федеральному закону ""О рынке ценных бумаг"", 
налоговая база по такой операции РЕПО определяется в следующем порядке: 
продавец по первой части РЕПО признает для целей налогообложения исполнение второй части РЕПО и 
одновременно реализацию ценных бумаг, не выкупленных по второй части РЕПО, исходя из цены, 
определяемой для целей прекращения обязательств по операции РЕПО договором репо или иным 
соглашением сторон операции РЕПО с учетом требований к определению рыночной цены ценных бумаг для 
целей налогообложения, установленных статьей 280 настоящего Кодекса, на дату исполнения второй 
части РЕПО согласно условиям договора либо на дату купли-продажи ценной бумаги в рамках проведения 
взаимных расчетов.",Налоговый кодекс Российской Федерации.pdf,1067
Какие единые нормативы отчислений в бюджеты муниципальных районов могут быть установлены законом субъекта РФ?,"Законом субъекта Российской Федерации (за исключением закона субъекта Российской 
Федерации о бюджете субъекта Российской Федерации или иного закона субъекта Российской 
Федерации на ограниченный срок действия) могут быть установлены единые для соответствующих 
видов муниципальных образований нормативы отчислений в бюджеты муниципальных 
образований от следующих неналоговых доходов, подлежащих зачислению в соответствии с 
настоящим Кодексом в бюджет субъекта Российской Федерации: 
1) денежные взыскания (штрафы), предусмотренные Кодексом Российской Федерации об 
административных 
правонарушениях, 
законами 
субъектов 
Российской 
Федерации 
об 
административных правонарушениях; 
2) плата за негативное воздействие на окружающую среду; 
3) плата за пользование водными объектами, находящимися в собственности субъекта 
Российской Федерации.",Бюджетный кодекс Российской Федерации.pdf,58
"Когда был принят Указ Президиума Верховного Совета СССР ""О внесении дополнений в Кодекс торгового мореплавания Союза ССР""?","488); 
Указ Президиума Верховного Совета СССР от 20 мая 1974 года N 6001-VIII ""О внесении 
дополнений в Кодекс торгового мореплавания Союза ССР"" (Ведомости Верховного Совета СССР, 
1974, N 22, ст.",Кодекс торгового мореплавания Российской Федерации.pdf,144
Какие требования к разработке чертежей архитектурно-строительной части зданий и сооружений указаны в ГОСТ МДС-80-8.2000?,"В задании на проектирование должны быть приведены данные о существующем
земельном 
фонде 
города, 
другого 
поселения, 
направлении 
его 
перспективного
территориального 
развития 
в 
соответствии 
с 
генеральным 
планом 
и 
другой
градостроительной документацией; указаны предложения заказчика по изменению
городской, поселковой черты и черты сельского поселения; определен состав необходимых
обследований и иных предпроектных работ; установлены требования к объему и составу
графических и текстовых материалов, масштаб графической части проекта, сроки его
представления и изготовления дубликата.",Data1_1_1904_index.pdf,29
Какие цены могут быть приняты за базисный уровень стоимости согласно СНиПу?,"За базисный уровень стоимости, учитываемый УПБС, могут быть приняты:
· цены, действовавшие в строительстве с 01.01.84, с пересчетом их по утвержденным в 1990 году
индексам в цены 1991 года;
· цены, введенные в действие с 01.01.91;
· текущие (фактические) цены, действующие в период разработки сметной документации или
осуществления 
строительства 
объектов, 
и 
зафиксированные 
региональным 
центром 
по
ценообразованию в строительстве (РЦЦС) в определенном временном периоде (например, в IV
квартале 1993 года).",Data1_2_2081_index.pdf,2
Какие действия должен предпринять исполнитель для приобретения прав на результат интеллектуальной деятельности?,"Комментарии к статьям на сайте 
https://gkodeksrf.ru/ 
  
 
исключением случаев, предусмотренных абзацем первым пункта 3 настоящей статьи), принадлежат 
соответственно Российской Федерации, субъекту Российской Федерации и муниципальному образованию, 
от имени которых выступает государственный или муниципальный заказчик: 
1) если результат интеллектуальной деятельности необходим для предоставления государственных 
(муниципальных) услуг либо для осуществления государственных (муниципальных) функций; 
2) если исполнитель в течение двенадцати месяцев с даты приемки работ по государственному или 
муниципальному контракту не обеспечил совершение всех зависящих от него действий, необходимых для 
признания за ним исключительного права на результат интеллектуальной деятельности; 
3) если результат интеллектуальной деятельности создан при выполнении работ по государственному 
контракту, который заключен в целях реализации международных обязательств Российской Федерации; 
4) в других случаях, установленных законом.",Гражданский кодекс Российской Федерации.pdf,502
Какие элементы должны быть показаны на схеме современного использования и комплексной оценки территории в концепции генерального плана согласно ГОСТ МДС 11-7.2000?,"На схеме комплексной оценки территории должны быть показаны границы
залегания полезных ископаемых; территории в различной степени неблагоприятные для
застройки по природным и техногенным условиям; санитарно-защитные, защитные и
охранные зоны (предприятий, курортов, водоемов, инженерных и транспортных
сооружений, коммуникаций и др.",Data1_1_1904_index.pdf,13
Что влечет наложение административного штрафа на граждан за нарушение правил найма жилого помещения жилищного фонда социального использования?,"Комментарии к статьям на сайте 
https://koapkodeksrf.ru/ 
 
 
 
 
заключенного на срок не менее года, или на основании договора найма жилого помещения жилищного 
фонда социального использования, - 
влечет наложение административного штрафа на граждан в размере пяти тысяч рублей; на должностных 
лиц - пятидесяти тысяч рублей; на лиц, осуществляющих предпринимательскую деятельность без 
образования юридического лица, - ста тысяч рублей; на юридических лиц - двухсот тысяч рублей.",Административный кодекс Российской Федерации.pdf,420
"Какие ограничения могут быть установлены в границах зон с особыми условиями использования территории, если они не предусмотрены федеральным законом?","Правительство Российской Федерации утверждает положение в отношении каждого вида зон с особыми 
условиями использования территорий, за исключением зон с особыми условиями использования 
территорий, которые возникают в силу федерального закона (водоохранные зоны, прибрежные защитные 
полосы, защитные зоны объектов культурного наследия), в котором должны быть определены: 
1) порядок подготовки и принятия решений об установлении, изменении, о прекращении существования 
указанных зон; 
2) исчерпывающий перечень объектов, территорий, в связи с размещением которых или в целях защиты и 
сохранения которых устанавливается зона с особыми условиями использования территории, или критерии 
таких объектов, виды территорий; 
3) срок, на который устанавливаются указанные зоны, за исключением случаев установления зон 
бессрочно; 
4) требования к предельным размерам указанных зон и (или) правила определения размеров зон, за 
исключением случаев, если требования к таким предельным размерам и (или) правилам определения 
размеров зон установлены федеральным законом; 
5) порядок обозначения границы зоны с особыми условиями использования территории и (или) 
местоположения объекта, в связи с размещением которого устанавливается зона с особыми условиями 
использования территории, на местности; 
6) перечень ограничений использования земельных участков, которые могут быть установлены в границах 
указанных зон, за исключением случаев, если перечень этих ограничений установлен федеральным 
законом, а также перечень ограничений хозяйственной и иной деятельности, которые могут быть 
установлены на водном объекте в случае, если в границы зоны с особыми условиями использования 
территории включаются акватория водного объекта, ее часть.",Земельный кодекс Российской Федерации.pdf,187
Может ли банк использовать имеющиеся на счете денежные средства?,"Банк может использовать имеющиеся на счете денежные средства, гарантируя право клиента 
беспрепятственно распоряжаться этими средствами.",Гражданский кодекс Российской Федерации.pdf,349
Какие данные о материалах-представителях содержатся в форме № 4 согласно ГОСТ Р 54501-2011?,"Приложение 5 С в о д н ы й  р а с ч е т  № 2 стоимости строительства в
текущих ценах I кв.",Data1_2_2080_index.pdf,34
"Как определяется право собственности и иные вещные права на судно, подлежащее государственной регистрации?","Право собственности и иные вещные права на судно, подлежащее государственной 
регистрации, определяются законом государства, в котором зарегистрировано судно.",Кодекс торгового мореплавания Российской Федерации.pdf,140
Как назначается и освобождается от должности главный государственный инспектор труда Российской Федерации?,"Часть вторая утратила силу с 1 января 2005 г. 
Руководство деятельностью федеральной инспекции труда осуществляет руководитель федерального 
органа исполнительной власти, уполномоченного на проведение федерального государственного контроля 
(надзора) за соблюдением трудового законодательства и иных нормативных правовых актов, содержащих 
нормы трудового права, - главный государственный инспектор труда Российской Федерации, назначаемый 
на должность и освобождаемый от должности Правительством Российской Федерации.",Трудовой кодекс Российской Федерации.pdf,225
На каком сайте можно найти комментарии к статьям?,"Комментарии к статьям на сайте 
https://upkodeksrf.ru/ 
 
 
 
 
 
2) доказано ли, что деяние совершил подсудимый; 
3) является ли это деяние преступлением и какими пунктом, частью, статьей Уголовного кодекса 
Российской Федерации оно предусмотрено; 
4) виновен ли подсудимый в совершении этого преступления; 
5) подлежит ли подсудимый наказанию за совершенное им преступление; 
6) имеются ли обстоятельства, смягчающие или отягчающие наказание; 
6.1) имеются ли основания для изменения категории преступления, в совершении которого обвиняется 
подсудимый, на менее тяжкую в соответствии с частью шестой статьи 15 Уголовного кодекса Российской 
Федерации; 
7) какое наказание должно быть назначено подсудимому; 
7.1) имеются ли основания для замены наказания в виде лишения свободы принудительными работами в 
порядке, установленном статьей 53.1 Уголовного кодекса Российской Федерации; 
7.2) нуждается ли подсудимый в прохождении лечения от наркомании и медицинской и (или) социальной 
реабилитации в порядке, установленном статьей 72.1 Уголовного кодекса Российской Федерации; 
8) имеются ли основания для постановления приговора без назначения наказания, освобождения от 
наказания или применения отсрочки отбывания наказания; 
9) какой вид исправительного учреждения и режим должны быть определены подсудимому при 
назначении ему наказания в виде лишения свободы; 
10) подлежит ли удовлетворению гражданский иск, в чью пользу и в каком размере; 
10.1) доказано ли, что имущество, подлежащее конфискации, получено в результате совершения 
преступления или является доходами от этого имущества либо использовалось или предназначалось для 
использования в качестве орудия, оборудования или иного средства совершения преступления либо для 
финансирования терроризма, экстремистской деятельности (экстремизма), организованной группы, 
незаконного вооруженного формирования, преступного сообщества (преступной организации); 
11) как поступить с имуществом, на которое наложен арест для обеспечения исполнения наказания в виде 
штрафа, для обеспечения гражданского иска или возможной конфискации; 
12) как поступить с вещественными доказательствами; 
13) на кого и в каком размере должны быть возложены процессуальные издержки; 
14) должен ли суд в случаях, предусмотренных статьей 48 Уголовного кодекса Российской Федерации, 
лишить подсудимого специального, воинского или почетного звания, классного чина, а также 
государственных наград; 
15) могут ли быть применены принудительные меры воспитательного воздействия в случаях, 
предусмотренных статьями 90 и 91 Уголовного кодекса Российской Федерации; 
16) могут ли быть применены принудительные меры медицинского характера в случаях, предусмотренных 
статьей 99 Уголовного кодекса Российской Федерации; 
17) следует ли отменить или изменить меру пресечения в отношении подсудимого.",Уголовно-процессуальный кодекс Российской Федерации.pdf,192
"Для каких целей применяются реагенты, описанные в Приложении 16 к ГОСТ (к СНиП 3.02.01-83)?","ЦЕНТРАЛЬНЫЙ НАУЧНО-ИССЛЕДОВАТЕЛЬСКИЙ
И ПРОЕКТНО-ЭКСПЕРИМЕНТАЛЬНЫЙ ИНСТИТУТ
ОРГАНИЗАЦИИ, МЕХАНИЗАЦИИ И ТЕХНИЧЕСКОЙ ПОМОЩИ
СТРОИТЕЛЬСТВУ (ЦНИИОМТП)
ГОССТРОЯ СССР
ПОСОБИЕ
ПО ПРОИЗВОДСТВУ ГЕОДЕЗИЧЕСКИХ РАБОТ
В СТРОИТЕЛЬСТВЕ
(к СНиП 3.01.03-84)
Утверждено приказом ЦНИИОМТП № 147
от 10 июля 1985 г.
Москва Стройиздат 1985
Рекомендовано 
к 
изданию 
решением 
секции 
организации 
строительного
производства ЦНИИОМТП Госстроя СССР.",Data1_11_11285_index.pdf,1
Какое определение дается аэропорту федерального значения?,"Комментарии к статьям на сайте 
https://budkod.ru/ 
 
 
 
неналоговых доходов, подлежащих зачислению в бюджеты субъектов Российской Федерации - 
городов федерального значения Москвы, Санкт-Петербурга и Севастополя; 
определение объема и порядка предоставления межбюджетных трансфертов бюджетам 
внутригородских муниципальных образований субъектов Российской Федерации - городов 
федерального значения Москвы, Санкт-Петербурга и Севастополя; 
определение объема, порядка предоставления и распределения дотаций на выравнивание 
бюджетной обеспеченности внутригородских муниципальных образований субъектов Российской 
Федерации - городов федерального значения Москвы, Санкт-Петербурга и Севастополя; 
определение перечня и порядка исполнения расходных обязательств внутригородских 
муниципальных образований городов федерального значения Москвы, Санкт-Петербурга и 
Севастополя, вытекающих из полномочий по вопросам местного значения, определенных законами 
субъектов Российской Федерации - городов федерального значения Москвы, Санкт-Петербурга и 
Севастополя; 
определение 
порядка 
ведения 
реестра 
расходных 
обязательств 
внутригородских 
муниципальных образований городов федерального значения Москвы, Санкт-Петербурга и 
Севастополя.",Бюджетный кодекс Российской Федерации.pdf,12
Какие основные критерии используются для рассмотрения заявок претендентов в ГОСТ МДС 80-5.2000?,"В случае внесения изменений в основные критерии комиссия должна известить об этом всех претендентов
до истечения срока подачи документов.",Data1_10_10867_index.pdf,3
Можно ли начать строительство или реконструкцию объекта капитального строительства без выполнения инженерных изысканий?,"Комментарии к статьям на сайте 
https://grkodeksrf.ru/ 
 
 
 
 
 
9) градостроительный регламент - устанавливаемые в пределах границ соответствующей 
территориальной зоны виды разрешенного использования земельных участков, равно как всего, что 
находится над и под поверхностью земельных участков и используется в процессе их застройки и 
последующей эксплуатации объектов капитального строительства, предельные (минимальные и (или) 
максимальные) размеры земельных участков и предельные параметры разрешенного строительства, 
реконструкции объектов капитального строительства, ограничения использования земельных участков и 
объектов капитального строительства, а также применительно к территориям, в границах которых 
предусматривается осуществление деятельности по комплексному развитию территории, расчетные 
показатели минимально допустимого уровня обеспеченности соответствующей территории объектами 
коммунальной, транспортной, социальной инфраструктур и расчетные показатели максимально 
допустимого уровня территориальной доступности указанных объектов для населения; 
10) объект капитального строительства - здание, строение, сооружение, объекты, строительство которых 
не завершено (далее - объекты незавершенного строительства), за исключением некапитальных строений, 
сооружений и неотделимых улучшений земельного участка (замощение, покрытие и другие); 
10.1) линейные объекты - линии электропередачи, линии связи (в том числе линейно-кабельные 
сооружения), трубопроводы, автомобильные дороги, железнодорожные линии и другие подобные 
сооружения; 
10.2) некапитальные строения, сооружения - строения, сооружения, которые не имеют прочной связи с 
землей и конструктивные характеристики которых позволяют осуществить их перемещение и (или) 
демонтаж и последующую сборку без несоразмерного ущерба назначению и без изменения основных 
характеристик строений, сооружений (в том числе киосков, навесов и других подобных строений, 
сооружений); 
10.3) информационная модель объекта капитального строительства (далее - информационная модель) - 
совокупность взаимосвязанных сведений, документов и материалов об объекте капитального 
строительства, формируемых в электронном виде на этапах выполнения инженерных изысканий, 
осуществления архитектурно-строительного проектирования, строительства, реконструкции, капитального 
ремонта, эксплуатации и (или) сноса объекта капитального строительства; 
11) красные линии - линии, которые обозначают границы территорий общего пользования и подлежат 
установлению, изменению или отмене в документации по планировке территории; 
12) территории общего пользования - территории, которыми беспрепятственно пользуется 
неограниченный круг лиц (в том числе площади, улицы, проезды, набережные, береговые полосы водных 
объектов общего пользования, скверы, бульвары); 
13) строительство - создание зданий, строений, сооружений (в том числе на месте сносимых объектов 
капитального строительства); 
14) реконструкция объектов капитального строительства (за исключением линейных объектов) - 
изменение параметров объекта капитального строительства, его частей (высоты, количества этажей, 
площади, объема), в том числе надстройка, перестройка, расширение объекта капитального строительства, 
а также замена и (или) восстановление несущих строительных конструкций объекта капитального 
строительства, за исключением замены отдельных элементов таких конструкций на аналогичные или иные 
улучшающие показатели таких конструкций элементы и (или) восстановления указанных элементов; 
14.1) реконструкция линейных объектов - изменение параметров линейных объектов или их участков 
(частей), которое влечет за собой изменение класса, категории и (или) первоначально установленных",Градостроительный кодекс Российской Федерации.pdf,1
Какие требования предъявляются к поставщикам промышленной продукции согласно ГОСТ МДС 81-9.2000?,"Для устройства естественного освещения помещений производственных зданий с избытками явного
тепла от 23 до 50 Вт/м3, к которым не предъявляются специальные требования к чистоте воздуха, следует
применять светоаэрационные фонари.",Data1_10_10846_index.pdf,2
Когда был принят Семейный кодекс Российской Федерации?,"Комментарии к статьям на сайте
https://skodeksrf.ru
 
Семейный кодекс Российской Федерации от 29 
декабря 1995 г. N 223-ФЗ (СК РФ) (с изменениями и 
дополнениями) 
 
Принят Государственной Думой 8 декабря 1995 года 
Раздел I. Общие положения 
 
Глава 1.",Семейный кодекс Российской Федерации.pdf,0
"Какие требования предъявляются к проектированию, строительству, реконструкции, вводу в эксплуатацию и эксплуатации зданий, строений, сооружений для рекреационных целей?","Комментарии к статьям на сайте 
https://grkodeksrf.ru/ 
 
 
 
 
 
9) градостроительный регламент - устанавливаемые в пределах границ соответствующей 
территориальной зоны виды разрешенного использования земельных участков, равно как всего, что 
находится над и под поверхностью земельных участков и используется в процессе их застройки и 
последующей эксплуатации объектов капитального строительства, предельные (минимальные и (или) 
максимальные) размеры земельных участков и предельные параметры разрешенного строительства, 
реконструкции объектов капитального строительства, ограничения использования земельных участков и 
объектов капитального строительства, а также применительно к территориям, в границах которых 
предусматривается осуществление деятельности по комплексному развитию территории, расчетные 
показатели минимально допустимого уровня обеспеченности соответствующей территории объектами 
коммунальной, транспортной, социальной инфраструктур и расчетные показатели максимально 
допустимого уровня территориальной доступности указанных объектов для населения; 
10) объект капитального строительства - здание, строение, сооружение, объекты, строительство которых 
не завершено (далее - объекты незавершенного строительства), за исключением некапитальных строений, 
сооружений и неотделимых улучшений земельного участка (замощение, покрытие и другие); 
10.1) линейные объекты - линии электропередачи, линии связи (в том числе линейно-кабельные 
сооружения), трубопроводы, автомобильные дороги, железнодорожные линии и другие подобные 
сооружения; 
10.2) некапитальные строения, сооружения - строения, сооружения, которые не имеют прочной связи с 
землей и конструктивные характеристики которых позволяют осуществить их перемещение и (или) 
демонтаж и последующую сборку без несоразмерного ущерба назначению и без изменения основных 
характеристик строений, сооружений (в том числе киосков, навесов и других подобных строений, 
сооружений); 
10.3) информационная модель объекта капитального строительства (далее - информационная модель) - 
совокупность взаимосвязанных сведений, документов и материалов об объекте капитального 
строительства, формируемых в электронном виде на этапах выполнения инженерных изысканий, 
осуществления архитектурно-строительного проектирования, строительства, реконструкции, капитального 
ремонта, эксплуатации и (или) сноса объекта капитального строительства; 
11) красные линии - линии, которые обозначают границы территорий общего пользования и подлежат 
установлению, изменению или отмене в документации по планировке территории; 
12) территории общего пользования - территории, которыми беспрепятственно пользуется 
неограниченный круг лиц (в том числе площади, улицы, проезды, набережные, береговые полосы водных 
объектов общего пользования, скверы, бульвары); 
13) строительство - создание зданий, строений, сооружений (в том числе на месте сносимых объектов 
капитального строительства); 
14) реконструкция объектов капитального строительства (за исключением линейных объектов) - 
изменение параметров объекта капитального строительства, его частей (высоты, количества этажей, 
площади, объема), в том числе надстройка, перестройка, расширение объекта капитального строительства, 
а также замена и (или) восстановление несущих строительных конструкций объекта капитального 
строительства, за исключением замены отдельных элементов таких конструкций на аналогичные или иные 
улучшающие показатели таких конструкций элементы и (или) восстановления указанных элементов; 
14.1) реконструкция линейных объектов - изменение параметров линейных объектов или их участков 
(частей), которое влечет за собой изменение класса, категории и (или) первоначально установленных",Градостроительный кодекс Российской Федерации.pdf,1
Что такое площадь стоянки для транспортных средств согласно определению в тексте?,"К данным услугам не относятся услуги по заправке автотранспортных 
средств, услуги по гарантийному ремонту и обслуживанию и услуги по хранению автотранспортных средств 
на платных и штрафных стоянках; 
18) стоянки для транспортных средств - площади, используемые в качестве мест для оказания платных 
услуг по предоставлению во временное владение (в пользование) мест для стоянки транспортных средств, 
а также по хранению транспортных средств (за исключением штрафных стоянок); 
19) площадь стоянки для транспортных средств - общая площадь стоянки, определяемая на основании 
правоустанавливающих и инвентаризационных документов; 
20) транспортные средства (в целях подпунктов 10 и 11 пункта 2 настоящей статьи) - автотранспортные 
средства, предназначенные для перевозки по дорогам грузов и пассажиров (автобусы любых типов, 
легковые и грузовые автомобили).",Налоговый кодекс Российской Федерации.pdf,1537
"Что происходит, если организация не представит повторное уведомление об освобождении от исполнения обязанностей налогоплательщика?","Уведомление об освобождении от исполнения обязанностей налогоплательщика по налогу в отношении 
участков недр, указанных в подпункте 2 пункта 1 настоящей статьи, представляется не позднее 31 декабря 
года, предшествующего году, начиная с которого организация прекращает исполнять обязанности 
налогоплательщика по налогу в отношении соответствующего участка недр.",Налоговый кодекс Российской Федерации.pdf,1327
Какие единицы измерения могут использоваться в Форме № 3-св согласно ГОСТ?,"1
2
3
4
5
6
7
8
9
10
11
12
13
Форма № 4-мат
ВЕДОМОСТЬ ПОТРЕБНОСТИ В МАТЕРИАЛАХ И РАСЧЕТ СТОИМОСТИ МАТЕРИАЛОВ ПО ОБЪЕКТУ И РАЗДЕЛАМ СМЕТЫ
Коды материалов по
унифицированной
номенклатуре
Материалы
Единица измерения
Количество
Стоимость единицы
измерения материала-
представителя, руб.",Data1_2_2076_index.pdf,15
Какова продолжительность периода со среднесуточной температурой воздуха < 8 °C в г. Джарджан согласно документу МДС 31-8.2002?,"Республика, край область, пункт
Средняя
температура
наиболее
холодной
пятидневки, °С
Период со среднесуточной
температурой воздуха < 8 °С
Среднемесячная
температура за
июль, °С
Максимальная из
средних
скоростей ветра
по румбам за
январь, м/с
продолжительность,
сут
средняя
температура, °С
Нерчинский Завод
- 41
237
- 12,7
25,2
2,7
Средний Калар
- 46
271
- 16,4
24
-
Тунгокочен
- 45
262
- 13,8
23,9
-
Тупик
- 44
260
- 14,8
24,4
-
Чара
- 46
267
- 15,5
23,6
-
Чита
- 38
242
- 11,4
25,2
3,2
Чувашская 
Республика 
- 
Чаваш
республики
 
 
 
 
 
Порецкое
- 31
212
- 4,6
24,7
6,4
Чебоксары
- 32
217
- 4,9
24,1
-
Чукотский 
АО 
(Магаданская
область)
 
 
 
 
 
Анадырь
- 40
311
- 10,5
14,7
11,4
Марково
- 48
286
- 14,3
19,2
6
Островное
- 51
288
- 17,8
19,2
4,5
Усть-Олой
- 51
286
- 18,4
19,4
-
Эньмувеем
- 48
294
- 14,5
18,4
-
Республика Саха (Якутия)
 
 
 
 
 
Алдан
- 42
267
- 13,3
22,6
4,1
Аллах-Юнь
- 54
280
- 21,4
22,2
3,2
Амга
- 55
259
- 21,3
25,4
2,5
Батамай
- 52
265
- 20,8
23,3
-
Бердигястях
- 54
268
- 19,6
23,9
-
Буяга
- 52
266
- 18,2
25,1
-
Верхоянск
- 59
279
- 24,1
22,1
2,1
Вилюйск
- 52
262
- 18,2
24,5
3
Витим
- 51
257
- 13,7
25,1
4,9
Воронцово
- 51
297
- 19,6
17,3
-
Джалинда
- 56
296
- 19,5
19,7
-
Джарджан
- 52
284
- 19
20,3
6,1
Джикимда
- 51
259
- 16,5
26,4
-
Дружина
- 52
284
- 20,2
18,9
2,8
Екючю
- 58
281
- 23
22,3
-
Жиганск
- 51
278
- 19,3
21,4
5,1
Зырянка
- 51
274
- 19,2
20,8
5,3
Исить
- 50
256
- 17,4
24,7
5,4
Иэма
- 57
292
- 22,9
19,6
-
Крест-Хальджай
- 55
256
- 22,1
24,6
-
Кюсюр
- 54
298
- 18,7
17,6
7,7
Ленек
- 49
259
- 14,2
24,7
-
Нагорный
- 41
275
- 14,2
22,1
6,6
Нера
- 58
272
- 23,8
22,5
-
Нюрба
- 52
263
- 17,7
24,1
3,3
Нюя
- 50
253
- 14,2
24,9
5,3
Оймякон
- 60
286
- 24,3
21,6
1
Олекминск
- 50
256
- 15,3
25,1
3,5
Оленек
- 57
290
- 20
21,1
2,4
Охотский Перевоз
- 55
260
- 21,7
24,2
1,8
Сангар
- 50
261
- 19,6
23,4
7,6
Саскылах
- 53
314
- 17,8
17,3
-
Среднеколымск
- 51
287
- 18,9
19
2,9
Сунтар
- 51
260
- 16,5
24,7
3,3
Сухана
- 57
286
- 20,6
21,1
4
Сюльдюкар
- 53
270
- 18
24,2
-
Сюрен-Кюель
- 46
292
- 17,4
19,2
8,7
Токо
- 51
279
- 18,4
22,4
-
Томмот
- 51
262
- 17,1
25,5
-
Томпо
- 55
276
- 22,2
23,2
3,1
Туой-Хая
- 52
266
- 15,8
23,5
3
Тяня
- 50
262
- 15,7
26,2
-
Усть-Мая
- 54
256
- 20,1
24,6
2,2
Усть-Миль
- 51
259
- 18,9
25
-
Усть-Мома
- 58
277
- 23,1
21,8
3,8
Чульман
- 49
270
- 17,1
23,7
2,3
Чурапча
- 56
239
- 21,8
24,9
-
Шелагонцы
- 57
285
- 20,1
21,9
2,3
Эйик
- 52
284
- 18,5
20,8
-
Якутск
- 54
256
- 20,6
25,2
2,6
Ненецкий 
АО 
(Архангельская
область)
 
 
 
 
 
Варандей
- 36
323
- 7,3
13
-
Индига
- 33
305
- 5,1
14,2
10,6
Канин Нос
- 23
325
- 2
11,4
10,1",Data1_10_10846_index.pdf,28
Какие критерии оценки эффективности деятельности органов государственной власти субъектов Российской Федерации по осуществлению переданных полномочий устанавливаются?,"Критерии оценки эффективности деятельности органов государственной власти субъектов 
Российской Федерации по осуществлению переданных в соответствии с частью 1 настоящей статьи 
полномочий устанавливаются Правительством Российской Федерации.",Лесной кодекс Российской Федерации.pdf,77
Что такое конкурентность в контексте ГОСТ МДС 80-2.2000?,"Авторы надеются, что Рекомендации помогут архитекторам и инженерно-техническим работникам
проектных и строительных организаций, сотрудникам предприятий-производителей в решении вопросов
рационального выбора конструктивного решения фонарей во вновь строящихся и реконструируемых зданиях.",Data1_10_10846_index.pdf,2
Какие исходные данные необходимы для разработки годового плана технического обслуживания и ремонта кранов?,"ПРИЛОЖЕНИЕ 3
ОСНОВНЫЕ ТРЕБОВАНИЯ К ЗАДАНИЮ НА РАЗРАБОТКУ СХЕМЫ И ПРОЕКТА
РАЙОННОЙ ПЛАНИРОВКИ, ГЕНЕРАЛЬНОГО ПЛАНА ГОРОДА, ДРУГОГО
ПОСЕЛЕНИЯ, ТЕРРИТОРИИ СЕЛЬСКОГО ОРГАНА МЕСТНОГО
САМОУПРАВЛЕНИЯ
В задании на разработку схемы и проекта районной планировки, генерального плана
города, другого поселения, территории сельского органа моечного самоуправления должны
быть указаны:
наименование объекта, его основные характеристики (местоположение, численность
населения, территория, основные виды ресурсов, профилирующие отрасли производства,
административная 
структура, 
условия 
обеспечения 
инженерно-транспортной
инфраструктурой, другие специфические характеристики);
основание для проектирования;
состав 
участников 
разработки 
и 
согласования 
проектных 
материалов 
и 
их
взаимообязательства;
кем и в какие сроки должны выдаваться исходные данные для проектирования;
состав 
подлежащих 
передаче 
материалов 
и 
услуг 
по 
этапам 
(если 
они
предусматриваются), сроки и стоимость работ;
требования к содержанию и форме представляемых материалов, сроки проектирования;",Data1_1_1904_index.pdf,27
Какие данные должны быть указаны в договоре теплоснабжения при установке узла учета не на границе эксплуатационной ответственности?,"При размещении узла учета не на границе эксплуатационной ответственности
потери тепловой энергии и теплоносителей на участке тепловой сети между местом
установки узла учета и указанной границей определяются расчетным путем или по
результатам замеров и учитываются дополнительно; величину потерь следует
указывать в договоре теплоснабжения.",Data1_10_10870_index.pdf,4
"Что делать, если сведения, подлежащие представлению, не содержатся в представленных перевозчиком документах?","В случае если сведения, подлежащие представлению в соответствии с пунктами 1 и 2 
настоящей статьи, не содержатся в представленных перевозчиком документах либо если 
декларация на товары, транзитная декларация и (или) документы, подтверждающие соблюдение 
запретов и ограничений, не представляются в соответствии с пунктом 2 статьи 80 настоящего 
Кодекса, перевозчик вправе представить иные документы, содержащие недостающие сведения, 
либо заявить недостающие сведения и (или) сведения о документах, которые не представляются, 
путем подачи заявления в произвольной форме.",Таможенный кодекс Евразийского экономического союза.pdf,100
Кто имеет право вводить режим особых условий?,"В случае, когда причины, указанные в части первой настоящей статьи, могут повлечь за собой массовое 
увольнение работников, работодатель в целях сохранения рабочих мест имеет право с учетом мнения 
выборного органа первичной профсоюзной организации и в порядке, установленном статьей 372 
настоящего Кодекса для принятия локальных нормативных актов, вводить режим неполного рабочего дня 
(смены) и (или) неполной рабочей недели на срок до шести месяцев.",Трудовой кодекс Российской Федерации.pdf,52
Какие лазерные приборы используются для определения прямолинейности и высотного положения рельсов согласно СНиП 3.01.03-84?,"Сборники ГЭСН предназначены для определения состава и потребности в
ресурсах, необходимых для выполнения строительных работ, и используются для
определения сметной стоимости строительства ресурсным методом, разработки
единичных расценок (сборников ЕР) различного назначения (федеральных,
территориальных, отраслевых, фирменных), укрупненных сметных нормативов,
применяемых при строительстве новых, реконструкции, расширении и техническом
перевооружении, действующих предприятий, зданий и сооружений (в дальнейшем -
строительство).",Data1_10_10062_index.pdf,2
Какие сведения должен предоставить страхователь при заключении договора страхования?,"При заключении договора морского страхования страхователь обязан сообщить 
страховщику сведения об обстоятельствах, которые имеют существенное значение для 
определения степени риска и которые известны или должны быть известны страхователю, а также 
сведения, запрошенные страховщиком.",Кодекс торгового мореплавания Российской Федерации.pdf,83
Что влечет иное нарушение требований к порядку ведения реестра владельцев ценных бумаг?,"Иное нарушение лицом, осуществляющим ведение реестра владельцев ценных бумаг, установленных 
федеральными законами и принятыми в соответствии с ними иными нормативными правовыми актами 
требований к порядку ведения реестра владельцев ценных бумаг - 
влечет наложение административного штрафа на должностных лиц в размере от пяти тысяч до десяти 
тысяч рублей; на юридических лиц - от ста тысяч до трехсот тысяч рублей.",Административный кодекс Российской Федерации.pdf,321
"Когда проценты, начисленные налоговым органом, подлежат уплате налогоплательщику без заявления?","Проценты, начисленные налоговым органом в соответствии с настоящим пунктом на дату вынесения 
решения о возврате суммы излишне уплаченного налога, подлежат уплате налогоплательщику на 
основании такого решения без заявления налогоплательщика об уплате процентов.",Налоговый кодекс Российской Федерации.pdf,188
Может ли срок защиты прав превышать срок действия исключительного права правообладателя?,"Срок защиты прав на объекты интеллектуальной собственности таможенными органами 
не может превышать срок действия исключительного права правообладателя на соответствующий 
объект интеллектуальной собственности.",Таможенный кодекс Евразийского экономического союза.pdf,446
В каких случаях принимается решение о внесении изменений в предварительное решение о происхождении товара?,"Решение о внесении изменений в предварительное решение о происхождении товара 
принимается в случае выявления таможенным органом или заявителем ошибок, которые допущены 
при принятии этого предварительного решения о происхождении товара и которые не влияют на 
сведения о происхождении товара.",Таможенный кодекс Евразийского экономического союза.pdf,32
"Что происходит, если в производстве арбитражного суда, суда общей юрисдикции, третейского суда имеется дело по спору между теми же лицами, о том же предмете и по тем же основаниям?","Арбитражный суд оставляет исковое заявление без рассмотрения, если после его 
принятия к производству установит, что: 
1) в производстве арбитражного суда, суда общей юрисдикции, третейского суда имеется 
дело по спору между теми же лицами, о том же предмете и по тем же основаниям; 
2) истцом не соблюден претензионный или иной досудебный порядок урегулирования спора 
с ответчиком, за исключением случаев, если его соблюдение не предусмотрено федеральным 
законом; 
3) при рассмотрении заявления об установлении фактов, имеющих юридическое значение, 
выясняется, что возник спор о праве; 
4) заявлено требование, которое в соответствии с федеральным законом должно быть 
рассмотрено в деле о банкротстве; 
5) имеется соглашение сторон о рассмотрении данного спора третейским судом, если любая 
из сторон не позднее дня представления своего первого заявления по существу спора в 
арбитражном суде первой инстанции заявит по этому основанию возражение в отношении 
рассмотрения дела в арбитражном суде, за исключением случаев, если арбитражный суд установит, 
что это соглашение недействительно, утратило силу или не может быть исполнено; 
6) стороны заключили соглашение о передаче спора на разрешение третейского суда во",Арбитражный процессуальный кодекс Российской Федерации.pdf,75
Какая форма используется для составления локальной сметы по ГОСТ МДС 81-8.2000?,"В
приложении 8 в примере составления локальной ресурсной сметы (локальной сметы) на
производство пусконаладочных работ по теплосиловому оборудованию принята
условная норма сметной прибыли в размере 105 % от полного фонда оплаты труда, что
составляет 41 504 967 × 1,05 = 43 580 215 руб.",Data1_10_10864_index.pdf,11
Какие условия и порядок возмещения ущерба должны быть определены в соглашении о проведении реконструкции?,"В случае формирования фонда капитального ремонта на счете регионального оператора решением 
общего собрания собственников помещений в многоквартирном доме о проведении капитального 
ремонта общего имущества в этом многоквартирном доме должны быть определены или утверждены: 
1) перечень услуг и (или) работ по капитальному ремонту; 
2) предельно допустимая стоимость услуг и (или) работ по капитальному ремонту исходя из предельной 
стоимости услуг и (или) работ по капитальному ремонту общего имущества в многоквартирном доме, 
определенной в порядке, предусмотренном частью 4 статьи 190 настоящего Кодекса; 
3) лицо, которое от имени всех собственников помещений в многоквартирном доме уполномочено 
участвовать в приемке оказанных услуг и (или) выполненных работ по капитальному ремонту, в том числе 
подписывать соответствующие акты.",Жилищный кодекс Российской Федерации.pdf,180
Какие полномочия имеют федеральные органы исполнительной власти в области охраны труда?,"Полномочия федеральных органов исполнительной власти в области охраны 
труда 
В целях государственного управления охраной труда уполномоченные федеральные органы 
исполнительной власти: 
разрабатывают нормативные правовые акты, определяющие основы государственного управления 
охраной труда; 
разрабатывают мероприятия по улучшению условий и охраны труда, в том числе для их включения в 
государственные программы Российской Федерации, и обеспечивают контроль за выполнением указанных 
мероприятий; 
разрабатывают меры стимулирования деятельности работодателей по улучшению условий и охраны труда 
работников; 
устанавливают основные требования к порядку разработки и содержанию правил и инструкций по охране 
труда, разрабатываемых работодателями; 
устанавливают порядок обеспечения работников за счет средств работодателей средствами 
индивидуальной и коллективной защиты, а также санитарно-бытовыми помещениями и устройствами; 
определяют примерный перечень, формы информационных материалов и рекомендации по их 
размещению работодателями в целях информирования работников об их трудовых правах, включая право 
на безопасные условия труда; 
устанавливают порядок проведения специальной оценки условий труда; 
устанавливают порядок осуществления государственной экспертизы условий труда и в случаях, 
предусмотренных настоящим Кодексом, проводят указанную экспертизу;",Трудовой кодекс Российской Федерации.pdf,117
Как отказывается от судебного иммунитета международной организации?,"Отказ от судебного иммунитета должен быть произведен в порядке, предусмотренном правилами 
международной организации.",Гражданский процессуальный кодекс Российской Федерации.pdf,163
Как предотвращаются перегрузки строительных конструкций согласно МДС 14-13.2000?,"ЦЕНТРАЛЬНЫЙ НАУЧНО-ИССЛЕДОВАТЕЛЬСКИЙ
И ПРОЕКТНО-ЭКСПЕРИМЕНТАЛЬНЫЙ ИНСТИТУТ
ПРОМЫШЛЕННЫХ ЗДАНИЙ И СООРУЖЕНИЙ
ОАО «ЦНИИПРОМЗДАНИЙ»
РЕКОМЕНДАЦИИ
ПО ПРОЕКТИРОВАНИЮ
И УСТРОЙСТВУ ФОНАРЕЙ
ДЛЯ ЕСТЕСТВЕННОГО
ОСВЕЩЕНИЯ ПОМЕЩЕНИЙ
МДС 31-8.2002
Москва 2002
Рекомендованы к изданию решением Секции строительных конструкций зданий Научно-технического
совета ОАО «ЦНИИпромзданий» 10 июля 2002 г.
Рекомендации содержат сведения о современных конструкциях фонарей со светопропускающими
элементами из стекла и полимерных материалов, предназначенных для устройства естественного освещения
помещений зданий и сооружений.",Data1_10_10846_index.pdf,1
Какие административные правонарушения могут рассматриваться руководителем подразделения центрального аппарата Министерства внутренних дел Российской Федерации по вопросам миграции и его заместителями?,"Комментарии к статьям на сайте 
https://koapkodeksrf.ru/ 
 
 
 
 
8.22, 8.23, частями 1 и 2 статьи 12.31, статьями 12.32, 12.32.1, частью 1 статьи 19.22 (в части регистрации 
автомототранспортных средств с рабочим объемом двигателя более пятидесяти кубических сантиметров, 
имеющих максимальную конструктивную скорость более пятидесяти километров в час, и прицепов к ним, 
предназначенных для движения по автомобильным дорогам общего пользования) настоящего Кодекса; 
8) старшие государственные инспектора дорожного надзора, государственные инспектора дорожного 
надзора - об административных правонарушениях, предусмотренных статьей 12.33 настоящего Кодекса; 
9) старшие участковые уполномоченные полиции, участковые уполномоченные полиции - об 
административных правонарушениях, предусмотренных статьей 6.24 (в части административных 
правонарушений, совершенных в общественных местах), статьями 10.4, 10.5, 12.1, частями 1 и 2 статьи 
12.2, частями 1, 2, 3 статьи 12.3, статьями 12.22, 12.23, 12.28, частями 1 и 2 статьи 12.29, частью 1 статьи 
12.30, статьями 19.2, 19.15, 19.15.1, 19.15.2, частями 1 и 2 статьи 19.24, частями 1 и 2 статьи 20.1, частями 1 
и 2 статьи 20.20, статьей 20.21 настоящего Кодекса; 
10) руководитель подразделения центрального аппарата Министерства внутренних дел Российской 
Федерации по вопросам миграции, его заместители - об административных правонарушениях, 
предусмотренных частями 1, 2 и 3 статьи 18.8, статьей 18.9, частями 1 и 4 статьи 18.10, статьями 18.15 - 
18.18, частью 1 статьи 18.19, статьями 18.20, 19.8.3, 19.15 - 19.18, 19.27 настоящего Кодекса; 
11) руководители структурных подразделений по вопросам миграции территориальных органов, их 
заместители - об административных правонарушениях, предусмотренных частями 1, 2 и 3 статьи 18.8, 
статьей 18.9, частями 1 и 4 статьи 18.10, статьями 18.15 - 18.18, частью 1 статьи 18.19, статьями 18.20, 19.8.3, 
19.15 - 19.18, 19.27 настоящего Кодекса; 
12) руководители структурных подразделений по контролю за оборотом наркотиков территориальных 
органов, их заместители - об административных правонарушениях, предусмотренных статьями 10.4, 10.5, 
частью 2 статьи 20.20 настоящего Кодекса.",Административный кодекс Российской Федерации.pdf,462
Как определяется стоимость материалов-представителей в текущем уровне цен согласно ГОСТ МДС 81-10.2000?,"Сметная стоимость в прогнозном уровне цен определяется умножением сметной стоимости в текущем уровне
цен на нормативный процент выполнения в долях от единицы по кварталам (месяцам) и на прогнозный индекс к сметной
стоимости.",Data1_2_2079_index.pdf,6
Какие характеристики оборудования для цементации грунтов описаны в Приложении 20 к ГОСТ (к СНиП 3.02.01-83)?,"Для бурения инъекционных скважин при цементации грунтов рекомендуется применять буровое оборудование, марки и
характеристики которого приведены в прил.",Data1_11_11295_index.pdf,21
Как обеспечивается соизмеримость наборов ресурсов и показателей затрат согласно ГОСТ?,"Прямые затраты показателей сборника ПВР определяются как сумма стоимостей материальных ресурсов в ценах базисного
района, затраты на эксплуатацию машин и заработной платы рабочих-строителей - без районных коэффициентов.",Data1_2_2076_index.pdf,4
Какие предприятия и учреждения охватываются рекомендациями?,"Право хозяйственного ведения или право оперативного управления имуществом, в отношении которого 
собственником принято решение о закреплении за унитарным предприятием или учреждением, возникает 
у этого предприятия или учреждения с момента передачи имущества, если иное не установлено законом и 
иными правовыми актами или решением собственника.",Гражданский кодекс Российской Федерации.pdf,161
Какие нормокомплекты геодезических приборов и приспособлений указываются в ППГР согласно СНиП 3.01.03-84?,"В ППГР как на отдельные объекты, так и на все строительство в целом по
производственным 
подразделениям 
должны 
указываться 
нормокомплекты
геодезических приборов и приспособлений (прил.",Data1_11_11285_index.pdf,5
"Как определяется облагаемый оборот для строительных, строительно-монтажных и ремонтно-строительных организаций по ГОСТ МДС 81-23.2000?","Общая нормативно-расчетная база для определения размера средств на
оплату труда в договорных ценах и сметах на выполнение дорожных работ,
методы определения размеров средств на оплату труда, характеристика систем и
форм оплаты труда, принципы разработки и применения единой тарифной
сетки приведены в Методических рекомендациях по определению размера
средств на оплату труда в договорных ценах и сметах на строительство и оплате
труда 
работников 
строительно-монтажных 
и 
ремонтно-строительных
организаций (МДС 83-1.99).",Data1_10_10848_index.pdf,3
"Когда признаются доходы в виде положительной переоценки стоимости драгоценных металлов и требований, выраженных в драгоценных металлах?","Комментарии к статьям на сайте
https://nkodeksrf.ru/
в виде иных аналогичных доходов; 
4) дата признания должником либо дата вступления в законную силу решения суда - по доходам в виде 
штрафов, пеней и (или) иных санкций за нарушение договорных или долговых обязательств, а также в виде 
сумм возмещения убытков (ущерба), если иное не предусмотрено подпунктом 15 настоящего пункта; 
5) последний день отчетного (налогового) периода - по доходам: 
в виде сумм восстановленных резервов и иным аналогичным доходам; 
в виде распределенного в пользу налогоплательщика при его участии в простом товариществе дохода; 
по доходам от доверительного управления имуществом; 
по иным аналогичным доходам; 
6) дата выявления дохода (получения и (или) обнаружения документов, подтверждающих наличие дохода) - 
по доходам прошлых лет; 
7) дата перехода права собственности на иностранную валюту и драгоценные металлы при совершении 
операций с иностранной валютой и драгоценными металлами (в том числе по обезличенным 
металлическим счетам), а также последнее число текущего месяца - по доходам в виде положительной 
курсовой разницы по имуществу и требованиям (обязательствам), стоимость которых выражена в 
иностранной валюте (за исключением авансов), и положительной переоценки стоимости драгоценных 
металлов и требований (обязательств), выраженных в драгоценных металлах, осуществляемой в порядке, 
установленном нормативными актами Центрального банка Российской Федерации, если иное не 
предусмотрено подпунктом 7.1 настоящего пункта; 
7.1) дата прекращения (исполнения) требований (обязательств), выраженных в иностранной валюте, при 
дооценке (уценке) которых возникает положительная курсовая разница, - по доходам в виде 
положительной курсовой разницы, возникшей в налоговых (отчетных) периодах 2022 - 2024 годов по 
требованиям (обязательствам), в том числе по требованиям по договору банковского вклада (депозита), 
стоимость которых выражена в иностранной валюте (за исключением авансов); 
8) дата составления акта ликвидации амортизируемого имущества, оформленного в соответствии с 
требованиями к бухгалтерскому учету, - по доходам в виде полученных материалов или иного имущества 
при ликвидации выводимого из эксплуатации амортизируемого имущества; 
9) дата, когда получатель имущества (в том числе денежных средств) фактически использовал указанное 
имущество (в том числе денежные средства) не по целевому назначению либо нарушил условия, на 
которых они предоставлялись, - для доходов в виде имущества (в том числе денежных средств), указанных в 
пунктах 14, 15 статьи 250 настоящего Кодекса; 
10) дата перехода права собственности на иностранную валюту для доходов от продажи (покупки) 
иностранной валюты; 
11) датой получения дохода в виде денежного эквивалента имущества, переданного на пополнение 
целевого капитала некоммерческой организации в установленном Федеральным законом от 30 декабря 
2006 года N 275-ФЗ ""О порядке формирования и использования целевого капитала некоммерческих 
организаций"" порядке и возвращенного жертвователю или его правопреемникам, признается дата 
зачисления денежных средств на расчетный счет налогоплательщика;",Налоговый кодекс Российской Федерации.pdf,1013
Какие районы Амурской области входят в перечень районов Крайнего Севера согласно ГЭСН-2001?,"Приложение 3
Перечень районов Крайнего Севера и приравненных к ним местностей
Регионы
Районы Крайнего Севера
Местности, приравненные к районам
Крайнего Севера
Мурманская
область
Вся территория области
-
Архангельская
область
Ненецкий АО, г. Северодвинск с
территорией, 
находящейся 
в
административном 
подчинении
Северодвинской администрации
муниципального 
образования.",Data1_10_10062_index.pdf,8
"В каких случаях правила, установленные главой о морской перевозке груза, не применяются?","Правила, установленные настоящей главой об ответственности перевозчика за утрату или 
повреждение багажа и об ограничении такой ответственности, не применяются при его перевозке в 
каботаже.",Кодекс торгового мореплавания Российской Федерации.pdf,74
"Какие условия должны быть соблюдены при помещении иностранных товаров, помещенных под таможенную процедуру временного ввоза (допуска), под таможенную процедуру таможенного транзита согласно статье 306?","Условиями помещения иностранных товаров, помещенных под таможенную процедуру 
временного ввоза (допуска), перевозимых (транспортируемых) с одной части таможенной 
территории Союза на другую часть таможенной территории Союза через территории государств, не 
являющихся членами Союза, и (или) морем, под таможенную процедуру таможенного транзита 
являются: 
1) соблюдение условий, предусмотренных подпунктами 3 и 4 пункта 1 статьи 143 
настоящего Кодекса; 
2) представление таможенному органу сведений о помещении иностранных товаров под 
таможенную процедуру временного ввоза (допуска), цели перевозки (транспортировки) товаров и 
месте их использования, о лице, в пользование которому иностранные товары передаются, если 
имеет место такая передача, о разрешении таможенного органа на передачу временно ввезенных 
товаров во владение и пользование иным лицам, если такая передача имела место, которые 
подтверждаются представлением таможенному органу таможенных и (или) иных документов и 
(или) сведений о таких документах.",Таможенный кодекс Евразийского экономического союза.pdf,381
"Что грозит за внесение пожертвований в крупных размерах в избирательный фонд, фонд референдума через подставных лиц?","Передача кандидату, избирательному объединению в целях достижения определенного результата на 
выборах денежных средств в крупных размерах, минуя соответствующий избирательный фонд, или 
расходование в целях достижения определенного результата на выборах не перечисленных в 
избирательные фонды денежных средств в крупных размерах, или передача кандидату, избирательному 
объединению в целях достижения определенного результата на выборах материальных ценностей в 
крупных размерах без компенсации за счет средств соответствующего избирательного фонда, или 
выполнение оплачиваемых работ, реализация товаров, оказание платных услуг, прямо или косвенно 
связанных с выборами и направленных на получение определенного результата на выборах, 
осуществленные в крупных размерах без оплаты из соответствующего избирательного фонда или с оплатой 
из соответствующего избирательного фонда по необоснованно заниженным расценкам, или передача 
инициативной группе по проведению референдума, иной группе участников референдума в целях 
достижения определенного результата на референдуме денежных средств в крупных размерах, минуя 
соответствующий фонд референдума, или расходование в целях достижения определенного результата на 
референдуме не перечисленных в фонды референдума денежных средств в крупных размерах, или 
передача инициативной группе по проведению референдума, иной группе участников референдума в 
целях достижения определенного результата на референдуме материальных ценностей в крупных 
размерах без компенсации за счет средств соответствующего фонда референдума, или выполнение 
оплачиваемых работ, реализация товаров, оказание платных услуг, прямо или косвенно связанных с 
референдумом и направленных на выдвижение инициативы проведения референдума, на достижение 
определенного результата на референдуме, осуществленные в крупных размерах без оплаты из 
соответствующего фонда референдума или с оплатой из соответствующего фонда референдума по 
необоснованно заниженным расценкам, а также внесение пожертвований в крупных размерах в 
избирательный фонд, фонд референдума через подставных лиц - 
наказываются штрафом в размере от двухсот тысяч до пятисот тысяч рублей или в размере заработной 
платы или иного дохода осужденного за период от одного года до трех лет, либо обязательными работами 
на срок до трехсот шестидесяти часов, либо исправительными работами на срок до одного года, либо 
принудительными работами на срок до одного года, либо лишением свободы на тот же срок.",Уголовный кодекс Российской Федерации.pdf,71
"Что происходит, если значение коэффициента КНДД меньше единицы?","Для залежи углеводородного сырья (за исключением углеводородного сырья, указанного в статье 342.4 
настоящего Кодекса), расположенной в пределах участка недр, значение коэффициента 
 
определяется в следующем порядке: 
1) в случае, если значение коэффициента 
 для залежи углеводородного сырья составляет менее 1 и 
степень выработанности запасов указанной залежи углеводородного сырья менее 0,8, коэффициент 
 
принимается равным 1; 
2) в случае, если значение коэффициента 
 для залежи углеводородного сырья составляет менее 1 и 
степень выработанности запасов указанной залежи углеводородного сырья больше или равна 0,8 и меньше 
или равна 1, коэффициент 
 рассчитывается по формуле: 
 
, 
 
где 
 - сумма накопленной добычи нефти по конкретной залежи углеводородного сырья (включая 
потери при добыче) в соответствии с данными государственного баланса запасов полезных ископаемых, 
утвержденного в году, предшествующем году налогового периода; 
 - начальные извлекаемые запасы нефти, утвержденные в установленном порядке с учетом прироста 
и списания запасов нефти и определяемые как сумма извлекаемых запасов всех категорий на 1 января года, 
предшествующего году налогового периода, и накопленной добычи с начала разработки конкретной 
залежи углеводородного сырья в соответствии с данными государственного баланса запасов полезных 
ископаемых, утвержденного в году, предшествующем году налогового периода; 
3) в случае, если значение коэффициента 
 для залежи углеводородного сырья составляет менее 1 и 
степень выработанности запасов указанной залежи углеводородного сырья более 1, коэффициент 
 
принимается равным 0,3; 
4) Утратил силу с 1 января 2021 г.",Налоговый кодекс Российской Федерации.pdf,1402
Какова температура при промывке систем отопления соляной кислотой с ингибитором АКХ-ИФХАН по МДС 13-18.2000?,"Для возможности гидравлической регулировки систем отопления при их подготовке в
летний 
период 
должна 
быть 
приведена 
в 
технически 
исправное 
состояние
регулировочная и запорная арматура:
установка недостающих пробковых и регулирующих кранов на стояках (для систем
отопления с верхним «розливом» в верхней и нижней части);
установка недостающих или замена недействующих (не проворачивающихся)
регулирующих кранов отопительных приборов с замыкающими участками, особенно в
тех помещениях, которые перегревались в прошедший зимний период;
нанесение рисок на проходные и трехходовые регулирующие краны, указывающие на
их правильное положение при регулировании с целью устранения случаев перекрытия
циркуляции в стояке при пользовании краном.",Data1_10_10852_index.pdf,20
"Какие питающие линии электроснабжения, обеспечивающие системы пожарной безопасности, исключаются из графиков временного отключения электрической энергии согласно ГОСТ МДС 13-19.2001?","Временное ограничение подачи электрической энергии (мощности) в случае
снижения запасов топлива на тепловых и атомных электростанциях и гидроресурсов
гидравлических электростанций вводится на основании имеющихся графиков
ограничения потребления и временного отключения электрической энергии
(мощности):
в Единой энергетической системе России и объединенных энергетических
системах - по решению Российского акционерного общества «ЕЭС России»,
согласованному с Министерством топлива и энергетики Российской Федерации;
в регионах (при отсутствии технической возможности передачи электрической
энергии из Единой энергетической системы России) - по совместному решению
энергоснабжающей организации и соответствующего органа исполнительной власти
субъекта Российской Федерации.",Data1_10_10853_index.pdf,3
Какой размер пошлины установлен за внесение изменений в решение о выдаче визы?,"Государственная пошлина за государственную регистрацию средства массовой информации, за внесение 
изменений в запись о регистрации средства массовой информации уплачивается с учетом следующих 
особенностей: 
1) при регистрации средства массовой информации, внесении изменений в запись о регистрации средства 
массовой информации (в том числе связанных с изменением тематики или специализации) рекламного 
характера размер государственной пошлины для соответствующего средства массовой информации 
увеличивается в пять раз; 
2) при регистрации средства массовой информации, внесении изменений в запись о регистрации средства 
массовой информации (в том числе связанных с изменением тематики или специализации) эротического 
характера размер государственной пошлины для соответствующего средства массовой информации 
увеличивается в десять раз; 
3) при регистрации средства массовой информации, внесении изменений в запись о регистрации средства 
массовой информации (в том числе связанных с изменением тематики или специализации), 
специализирующегося на выпуске продукции для детей, подростков и инвалидов, а также средства 
массовой информации образовательного и культурно-просветительского назначения размер 
государственной пошлины для соответствующего средства массовой информации уменьшается в пять раз.",Налоговый кодекс Российской Федерации.pdf,1303
Когда доводятся показатели бюджетной росписи по расходам и лимитов бюджетных обязательств?,"Показатели бюджетной росписи по расходам и лимитов бюджетных обязательств доводятся 
до подведомственных распорядителей и (или) получателей бюджетных средств до начала 
очередного финансового года, за исключением случаев, предусмотренных статьями 190 и 191 
настоящего Кодекса.",Бюджетный кодекс Российской Федерации.pdf,323
Какой ГОСТ или СНиП регламентирует расчет затрат труда на строительной площадке?,"Методы исследований
СНиП 2.04.05-91*                   Отопление, вентиляция и кондиционирование
СНиП 2.04.07-86*                   Тепловые сети
СНиП 2.04.12-86                     Расчет на прочность стальных трубопроводов
ГОСТ 26334-84                       Лифты электрические.",Data1_10_10865_index.pdf,30
Кто выполняет функции заказчика-застройщика по заключению подрядных и других договоров? (ГОСТ не указан),"Права и обязанности заказчика-застройщика по заключению подрядных и других
договоров, финансированию строительства, самостоятельному приобретению и оплате
материалов и оборудования, а также права и обязанности распорядителя кредитов на
группу технического надзора не распространяются.",Data1_1_1804_index.pdf,9
Могут ли учреждения участвовать в хозяйственных обществах?,"Учреждения могут быть участниками хозяйственных обществ и вкладчиками в товариществах на вере с 
разрешения собственника имущества учреждения, если иное не установлено законом.",Гражданский кодекс Российской Федерации.pdf,42
Каков размер штрафа для должностных лиц по статье 16.6?,"При наличии исключительных обстоятельств, связанных с характером совершенного 
административного правонарушения и его последствиями, личностью и имущественным положением 
привлекаемого к административной ответственности физического лица, судья, орган, должностное лицо, 
рассматривающие дела об административных правонарушениях либо жалобы, протесты на постановления 
и (или) решения по делам об административных правонарушениях, могут назначить наказание в виде 
административного штрафа в размере менее минимального размера административного штрафа, 
предусмотренного соответствующей статьей или частью статьи раздела II настоящего Кодекса, в случае, 
если минимальный размер административного штрафа для граждан составляет не менее десяти тысяч 
рублей, а для должностных лиц - не менее пятидесяти тысяч рублей, либо административного штрафа, 
предусмотренного соответствующей статьей или частью статьи закона субъекта Российской Федерации об 
административных правонарушениях, в случае, если минимальный размер административного штрафа для 
граждан составляет не менее четырех тысяч рублей, а для должностных лиц - не менее сорока тысяч 
рублей.",Административный кодекс Российской Федерации.pdf,22
"Какую информацию о претенденте следует указывать в форме 'Наименование организации, фирмы, консорциума' согласно ГОСТ МДС 80-5.2000?","конкретных
исполнителей и протекает в определенные интервалы времени;
банковская гарантия - обязательство, выданное банком в письменной форме по
просьбе клиента банка бенефициару - организатору торгов (заказчику), согласно
которому банк обязуется в случае ненадлежащего исполнения клиентом условий
торгов произвести в пользу бенефициара платеж в пределах суммы и сроков,
указанных в гарантийном обязательстве;",Data1_10_10866_index.pdf,1
"Что происходит, если соглашение явилось основанием для выдачи свидетельства о регистрации лица, совершающего операции по переработке сжиженных углеводородных газов?","В целях 
настоящего абзаца рыночная цена определяется с учетом положений статьи 105.3 настоящего Кодекса; 
4) в период с 1 января 2022 года по 31 декабря 2027 года включительно прекращено право собственности 
организации (за исключением гибели или уничтожения имущества) в отношении объектов основных 
средств, предусмотренных соглашением о создании новых мощностей и (или) модернизации 
(реконструкции) действующих мощностей по производству товаров, являющихся продукцией нефтехимии; 
5) соглашение о создании новых мощностей и (или) модернизации (реконструкции) действующих 
мощностей по производству товаров, являющихся продукцией нефтехимии, явилось основанием для 
выдачи свидетельства о регистрации лица, совершающего операции по переработке сжиженных 
углеводородных газов, в соответствии с подпунктом 3 пункта 2 настоящей статьи при условии, что 
организация, заключившая такое соглашение, имеет свидетельство о регистрации лица, совершающего 
операции по переработке этана, и свидетельство о регистрации лица, совершающего операции по 
переработке сжиженных углеводородных газов.",Налоговый кодекс Российской Федерации.pdf,587
Какие требования предъявляются к устройству ограждения площадки строительства в подготовительных работах согласно таблице 9 ГОСТ МДС-80-8.2000?,"м3
 
9
Оклеенная гидроизоляция подземной части здания с защитной стенкой из кирпича
или плоскими листами шифера
м2
 
10
Обратная засыпка пазух
1000 м3
 
11
Предварительная (грубая) вертикальная планировка площадки строительства
1000 м2
 
12
Укладка подкрановых путей с рихтовкой и монтажом башенных кранов
шт/м
 
13
Прокладка магистральных инженерных подземных коммуникаций в жилом городке:
 
 
 
коллектор для теплотрассы
1000 м/м3
 
 
водопровод
1000 м
 
 
канализация хоз/фекал.",Data1_10_10865_index.pdf,22
"Какие административные правонарушения рассматривают органы, указанные в статье 23.30, в части нарушения установленного порядка предоставления обеспечения исполнения обязательств по оплате тепловой энергии?","Федеральный орган исполнительной власти, осуществляющий федеральный государственный 
энергетический надзор, рассматривает дела об административных правонарушениях, предусмотренных 
статьями 9.7-9.9, статьей 9.10 (в части повреждения тепловых сетей либо их оборудования), статьей 9.11, 
частями 7, 8 и частью 10 (в части административных правонарушений, совершаемых организациями с 
участием государства или муниципального образования) статьи 9.16, статьями 9.17, 9.18, 9.19, частями 1 - 6 
статьи 9.22, частями 1 и 2 статьи 14.43, статьей 14.61 (в части нарушения установленного порядка 
предоставления обеспечения исполнения обязательств по оплате электрической энергии (мощности), 
тепловой энергии (мощности) и (или) теплоносителя, сопряженного с неисполнением (ненадлежащим 
исполнением) обязательств по их оплате) настоящего Кодекса.",Административный кодекс Российской Федерации.pdf,478
"Что происходит с определениями, не указанными в части 1 статьи 313?","Решением, актом или договором, устанавливающими в соответствии с частью 1 настоящей статьи цель 
использования здания в качестве наемного дома социального использования или изменяющими цель 
использования наемного дома коммерческого использования (наемный дом коммерческого 
использования становится наемным домом социального использования), могут быть установлены 
следующие условия: 
1) предоставление жилых помещений в таком доме по договорам найма жилых помещений жилищного 
фонда социального использования гражданам, относящимся к одной категории или нескольким 
категориям граждан из числа граждан, указанных в части 1 статьи 91.3 настоящего Кодекса; 
2) срок заключаемых с указанными в пункте 1 настоящей части гражданами договоров найма жилых 
помещений жилищного фонда социального использования в соответствии с частью 1 статьи 91.6 
настоящего Кодекса; 
3) заключение договоров найма жилых помещений жилищного фонда социального использования на 
новый срок с гражданами при условии, что они относятся к установленным в соответствии с пунктом 1 
настоящей части категориям граждан; 
4) минимальная доля жилых помещений, подлежащих предоставлению по договорам найма жилых 
помещений жилищного фонда социального использования, в общем количестве жилых помещений в 
наемном доме социального использования и минимальная доля общей площади таких жилых помещений 
в общей площади всех жилых помещений в таком доме, которые не могут быть менее долей, указанных в 
части 4 статьи 91.16 настоящего Кодекса.",Жилищный кодекс Российской Федерации.pdf,79
Какие требования предъявляются к поверхностям площадок согласно МДС 35-7.2000?,"ФИЗКУЛЬТУРНО-ОЗДОРОВИТЕЛЬНЫЕ СООРУЖЕНИЯ
МОСКВА 2002
Содержат рекомендации по проектированию физкультурно-оздоровительных и
детских физкультурно-игровых сооружений - площадок для спортивных игр,
основных типов залов и бассейнов, помещений для активного досуга, медико-
восстановительных помещений, раздевален для занимающихся, а также общие
требования к внутренней среде помещений.",Data1_10_10847_index.pdf,1
Как рассчитывается коэффициент для показателя «Предусматриваемые в офертах затраты труда местных рабочих» согласно ГОСТ МДС 80-3.2000?,"Предусматриваемые 
в
офертах затраты труда
местных рабочих
-
чел.-мес.",Data1_10_10869_index.pdf,6
Какова производительность установки получения элементарной серы методом Клауса согласно ГОСТу МДС 81-8.2000?,"нм3/год
(однопоточная)
-»-
9002
7911
 
Группа 2
 
 
 
 
Установки получения и отгрузки серы
 
 
 
360
Установка получения элементарной серы методом
Клауса производительностью 200 тыс.",Data1_10_10864_index.pdf,37
"Какие требования безопасности приведены в документе, регламентированном ГОСТ МДС 31-8.2002, при проектировании и устройстве фонарей?",")
 
СТРОИТЕЛЬНЫЕ НОРМЫ И ПРАВИЛА РОССИЙСКОЙ ФЕДЕРАЦИИ
 
ИНСТРУКЦИЯ ПО РАЗМЕЩЕНИЮ ТЕПЛОВЫХ АГРЕГАТОВ,
ПРЕДНАЗНАЧЕНЫХ ДЛЯ ОТОПЛЕНИЯ И ГОРЯЧЕГО
ВОДОСНАБЖЕНИЯ ОДНОКВАРТИРНЫХ ИЛИ БЛОКИРОВАНЫХ
ЖИЛЫХ ДОМОВ
 
INSTRUCTION ON THE LOKATION OF TERMAL UNITS USED FOR
HEATING AND HOT WATER-SUPPLY IN SINGL-APARTMENT OR SEMI-
DETACHED HOUSES
Дата введения 1996-12-01
1 ОБЛАСТЬ ПРИМЕНЕНИЯ
1.1 
Требования 
настоящей 
Инструкции 
следует 
соблюдать 
при
проектировании помещений в одноквартирных или блокированных жилых
зданиях, в которых размещаются тепловые агрегаты (теплогенераторы),
использующие в качестве топлива природный газ по ГОСТ 5542-87,
предназначенные для отопления и горячего водоснабжения этих зданий.",Data1_2_2096_index.pdf,2
Какие промерзания стен и повышенный влаго- и воздухо- проницаемость стыков относятся к категории А согласно ГОСТ МДС 17-13.2000?,"из облицовки, кирпичной
или мелкоблочной
кладки; нарушение
заделки стыков;
безопасности жителей
 
Б
Повреждения или нанос
металлических покрытий
выступающих частей
стен
1 п/м
0,05
0,01
 
 
А
Промерзания стен,
повышенный влаго- и
воздухо- проницаемость
стыков
1 м2
1,0
0,4
 
 
А
Наличие сквозных
трещин, деформаций,
отклонений стен от
вертикали
место
2,0
0,8
 
 
Б
Неисправности
гидроизолирующих
покрытий, полов лоджий,
балконов, эркеров,
козырьков
1 м2
0,15
0,06
 
 
А
Неисправности и
деформации несущих
конструкций лоджий,
балконов, эркеров,
козырьков угрожающие
безопасности
проживания жителей
1 м2
0,3
0,1
 
 
А
Наличие крена,
выпучивания, гниения,
поражения домовыми
грибками, просадок
деревянных стен или
перекрытий в
деревянных домах
1 м2
0,25
0,03
 
 
А
Нарушение связи
отдельных кирпичей с
кладкой наружных стен и
их выпадение,
приводящие к угрозе
здоровью и жизни
граждан
место
0,25
0,8
 
Окна
 
Б
Протечки и промерзания
по периметру оконных
(балконных блоков), а
также дверных филенок
п/м по
периметру
0,1
0,3
 
 
Б
Отсутствие или
неправильная установка
или старение
уплотняющих прокладок
п/м
0,08
0,02
 
 
Б
Неисправность оконных
и дверных балконных
блоков (загнивание
элементов, коробление,
отсутствие фурнитуры и
т.д.)",Data1_10_10861_index.pdf,42
Что влечет наложение административного штрафа на должностных лиц за предоставление заведомо ложных сведений о цели пребывания иностранных граждан?,"Предоставление приглашающей стороной заведомо ложных сведений о цели пребывания в Российской 
Федерации иностранного гражданина или лица без гражданства при оформлении документов для въезда в 
Российскую Федерацию указанного иностранного гражданина или лица без гражданства - 
влечет наложение административного штрафа на должностных лиц в размере от сорока пяти тысяч до 
пятидесяти тысяч рублей; на юридических лиц - от четырехсот тысяч до пятисот тысяч рублей.",Административный кодекс Российской Федерации.pdf,375
В какой срок должностное лицо должно сообщить в суд о исполнении приговора?,"Администрация организации, в которой работает осужденный, обязана: 
а) не позднее трех дней после получения копии приговора суда и извещения уголовно-
исполнительной инспекции освободить осужденного от должности, которую он лишен права 
занимать, или запретить заниматься определенной деятельностью, направить в уголовно-
исполнительную инспекцию сообщение об исполнении требований приговора; 
б) представлять по требованию уголовно-исполнительной инспекции документы, связанные 
с исполнением наказания; 
в) в случаях изменения или прекращения трудового договора с осужденным в трехдневный 
срок сообщить об этом в уголовно-исполнительную инспекцию; 
г) в случае увольнения из организации осужденного, не отбывшего наказание, внести в его 
трудовую книжку (при наличии) запись о том, на каком основании, на какой срок и какую 
должность он лишен права занимать или какой деятельностью лишен права заниматься.",Уголовно-исполнительный кодекс Российской Федерации.pdf,16
Какие условия необходимы для обеспечения равного доступа к информации о спросе и предложении на проектную продукцию согласно ГОСТ МДС 80-2.2000?,"Равный доступ участников конкуренции к информации о спросе и предложении
на проектную продукцию (услуги) института, ценах и сроках разработки и др.",Data1_10_10872_index.pdf,4
Какие нормы регулируют изменение и расторжение договора аренды лесного участка?,"Изменение и расторжение договора аренды лесного участка, находящегося в 
государственной или муниципальной собственности 
1.",Лесной кодекс Российской Федерации.pdf,60
Почему никто не вправе извлекать преимущество из своего незаконного или недобросовестного поведения?,Никто не вправе извлекать преимущество из своего незаконного или недобросовестного поведения.,Гражданский кодекс Российской Федерации.pdf,0
Какие критерии используются для оценки доказательств?,"УПБС видов работ и конструктивных элементов используются при составлении инвесторских
смет и расчетов, предназначенных для предварительной оценки заказчиком стоимости объектов
производственного назначения на этапе подготовки торгов или переговоров с подрядчиком.",Data1_2_2081_index.pdf,6
Какова правомочность общего собрания членов жилищного кооператива?,Решение общего собрания членов жилищного кооператива оформляется протоколом.,Жилищный кодекс Российской Федерации.pdf,93
Какие категории инвалидов могут заниматься в зале для общей физической подготовки согласно МДС 35-7.2000?,"· В зале размером 9´15 м для специальной физической подготовки инвалидов
проводится разработка отдельных суставов, «накачка» определенных групп мышц.",Data1_10_10847_index.pdf,27
В каком случае применяется метод оценки на основе вычитания стоимости согласно статье 22?,"Определения таможенной стоимости по методу оценки на основе вычитания стоимости
производится в том случае, если оцениваемые, идентичные или однородные товары будут продаваться
на территории Российской Федерации без изменения своего первоначального состояния.",Data1_2_2082_index.pdf,21
Какие способы крепления и герметизации элементов светопропускающего заполнения фонарей должны обеспечивать независимость их температурных деформаций от несущих элементов согласно ГОСТ МДС 31-8.2002?,"Способы крепления и герметизации элементов светопропускающего заполнения фонарей должны
обеспечивать независимость их температурных деформаций от несущих элементов.",Data1_10_10846_index.pdf,9
Какой стандарт (ГОСТ) регламентирует площадь гранитной брусчатки?,"№
п/п
Наименование площади
помещений
Всего
В том числе
одноэтажной части
многоэтажной части
1
Производственная площадь
в том числе:
на антресолях
в подвалах
 
 
 
2
Площадь складов
в том числе:
на антресолях
в подвалах
 
 
 
3
Площадь служебных помещений
в том числе:
на антресолях
в подвалах
 
 
 
4
Площадь столовых
 
 
 
5
Площадь медпунктов
 
 
 
6
Площадь гардеробных
 
 
 
7
Площадь душевых
 
 
 
8
Площадь умывальных
 
 
 
9
Площадь уборных
 
 
 
10
Площадь прочих помещений
 
 
 
Схематические планы и площади полов
А. Площади полов в м2
№
п/п
Наименование площади
помещений
В одноэтажной части
В многоэтажной части
Всего
1
Торцовая шашка
 
 
 
2
Бетонные
 
 
 
3
Гранитная брусчатка
 
 
 
4
Чугунные, стальные
 
 
 
5
Асфальтовые
 
 
 
6
Цементные
 
 
 
7
Мозаичные
 
 
 
8
Из метлахской плитки
 
 
 
9
Ксилолитовые
 
 
 
10
Паркетные
 
 
 
11
Дощатые
 
 
 
12
Линолеумные
 
 
 
13
Наливные безшовные
 
 
 
14
Из плитки ПХВ
 
 
 
15
Прочие
 
 
 
Размеры наружных поверхностей ограждающих конструкций
1.",Data1_1_1879_index.pdf,15
"Как устанавливается порядок определения рыночной цены ценных бумаг, расчетной цены ценных бумаг, а также предельной границы колебаний рыночной цены?","Порядок определения рыночной цены ценных бумаг, расчетной цены ценных бумаг, а также порядок 
определения предельной границы колебаний рыночной цены устанавливаются в целях настоящей главы 
Центральным банком Российской Федерации по согласованию с Министерством финансов Российской 
Федерации с учетом положений настоящего пункта.",Налоговый кодекс Российской Федерации.pdf,747
"Какая доля ресурсов в группе составляет 44,02% для раствора товарного?","Комментарии к статьям на сайте 
https://nkodeksrf.ru/ 
 
 
 
 
если средняя численность работников, определяемая в порядке, устанавливаемом федеральным органом 
исполнительной власти, уполномоченным в области статистики, за каждый из двух календарных лет, 
предшествующих календарному году, в котором организация или индивидуальный предприниматель 
подают уведомление о переходе на уплату единого сельскохозяйственного налога, не превышает 300 
человек; 
если в общем доходе от реализации товаров (работ, услуг) за календарный год, предшествующий 
календарному году, в котором подается уведомление о переходе на уплату единого 
сельскохозяйственного налога, доля дохода от реализации их уловов водных биологических ресурсов и 
(или) произведенной из них собственными силами рыбной и иной продукции из водных биологических 
ресурсов составляет не менее 70 процентов; 
5) вновь созданные в текущем году организации (за исключением организаций, указанных в подпунктах 6 и 
7 настоящего пункта) с начала следующего календарного года, если в общем объеме доходов от 
реализации товаров (работ, услуг) по итогам последнего отчетного периода в текущем календарном году, 
определяемого в связи с применением иного налогового режима, доля дохода от реализации 
произведенной этими организациями сельскохозяйственной продукции, включая продукцию первичной 
переработки, произведенную ими из сельскохозяйственного сырья собственного производства, составляет 
не менее 70 процентов; 
6) вновь созданные в текущем календарном году сельскохозяйственные потребительские кооперативы с 
начала следующего календарного года, если в общем объеме доходов от реализации товаров (работ, 
услуг) за последний отчетный период в текущем календарном году, определяемый в связи с применением 
иного налогового режима, доля доходов от реализации сельскохозяйственной продукции собственного 
производства членов сельскохозяйственных потребительских кооперативов, включая продукцию 
первичной переработки, произведенную данными кооперативами из сельскохозяйственного сырья 
собственного производства членов данных кооперативов, а также от выполненных работ (услуг) для членов 
данных кооперативов составляет не менее 70 процентов; 
7) вновь созданные в текущем календарном году рыбохозяйственные организации или вновь 
зарегистрированные индивидуальные предприниматели вправе подать уведомление о переходе на уплату 
единого сельскохозяйственного налога с начала следующего календарного года при соблюдении ими 
следующих условий: 
если по итогам последнего отчетного периода в текущем календарном году средняя численность 
работников, определяемая в порядке, устанавливаемом федеральным органом исполнительной власти, 
уполномоченным в области статистики, не превышает 300 человек (данная норма не распространяется на 
градо- и поселкообразующие российские рыбохозяйственные организации); 
если в общем объеме доходов от реализации товаров (работ, услуг) за последний отчетный период в 
текущем календарном году, определяемый в связи с применением иного налогового режима, доля дохода 
от реализации выловленных ими рыбы и (или) объектов водных биологических ресурсов, включая 
продукцию их первичной переработки, произведенную собственными силами из выловленных ими рыбы и 
(или) объектов водных биологических ресурсов, составляет не менее 70 процентов; 
если они осуществляют рыболовство на судах рыбопромыслового флота, принадлежащих им на праве 
собственности, или используют их на основании договоров фрахтования (бербоут-чартера и тайм-чартера); 
8) вновь зарегистрированные в текущем календарном году индивидуальные предприниматели (за 
исключением индивидуальных предпринимателей, указанных в подпункте 7 настоящего пункта) с начала 
следующего календарного года, если за период до 1 октября текущего года в общем доходе от реализации",Налоговый кодекс Российской Федерации.pdf,1477
"Что делать в тех регионах страны, в которых отсутствуют утвержденные в установленном порядке сборники ТЕРм?","В тех регионах страны, в которых отсутствуют утвержденные в установленном
порядке сборники ТЕРм, при составлении сметной документации и расчетах за
выполненные работы могут применяться федеральные единичные расценки с учетом
их привязки к местным условиям строительства и пересчета в текущий уровень цен
на потребляемые ресурсы путем применения коэффициентов, учитывающих местные
условия, и индексов для перехода от цен 2000 г. к текущим ценам.",Data1_10_10754_index.pdf,16
Какое место расположения объекта должно быть указано в техническом задании согласно СНиП 3.01.03-84?,"В коносамент должны быть включены следующие данные: 
1) наименование перевозчика и место его нахождения; 
2) наименование порта погрузки согласно договору морской перевозки груза и дата приема 
груза перевозчиком в порту погрузки; 
3) наименование отправителя и место его нахождения; 
4) наименование порта выгрузки согласно договору морской перевозки груза; 
5) наименование получателя, если он указан отправителем; 
6) наименование груза, необходимые для идентификации груза основные марки, указание в 
соответствующих случаях на опасный характер или особые свойства груза, число мест или 
предметов и масса груза или обозначенное иным образом его количество.",Кодекс торгового мореплавания Российской Федерации.pdf,56
"Какое наказание предусмотрено за незаконные добычу и оборот особо ценных диких животных и водных биологических ресурсов, совершенные лицом с использованием своего служебного положения?","Незаконные приобретение или продажа особо ценных диких животных и водных биологических 
ресурсов, принадлежащих к видам, занесенным в Красную книгу Российской Федерации и (или) 
охраняемым международными договорами Российской Федерации, их частей и дериватов (производных) 
с использованием средств массовой информации либо электронных или информационно-
телекоммуникационных сетей, в том числе сети ""Интернет"", - 
наказываются принудительными работами на срок до пяти лет со штрафом в размере от пятисот тысяч до 
одного миллиона пятисот тысяч рублей или в размере заработной платы или иного дохода осужденного за 
период от одного года до трех лет или без такового и с ограничением свободы на срок до двух лет или без 
такового либо лишением свободы на срок до пяти лет со штрафом в размере от пятисот тысяч до одного 
миллиона пятисот тысяч рублей или в размере заработной платы или иного дохода осужденного за период 
от одного года до трех лет или без такового и с ограничением свободы на срок до двух лет или без 
такового.",Уголовный кодекс Российской Федерации.pdf,202
Какие действия должен выполнить обслуживающий персонал согласно ГОСТ МДС 13-18.2000 при получении сигнала об аварийной обстановке?,"Поступление воды
в 
систему
отопления 
при
перекрытии
задвижек
корпусе 
и 
фланцах
сальникового
уплотнения
П р и л ож е н и е  4
ПОРЯДОК ДЕЙСТВИЯ ОБСЛУЖИВАЮЩЕГО ПЕРСОНАЛА
ВНУТРИДОМОВОЙ СИСТЕМЫ ОТОПЛЕНИЯ В АВАРИЙНОЙ СИТУАЦИИ
При получении сигнала об аварийной обстановке и указания о необходимости
опорожнения системы отопления обслуживающему персоналу необходимо:
1.",Data1_10_10852_index.pdf,32
Какие классы материалов представлены в Приложении 5 согласно ГОСТ?,"Между фонарями со светопропускающими заполнениями из материалов групп Г3 и Г4 в продольном и
поперечном направлении покрытия здания должны не более чем через 54 м устраиваться разрывы шириной не
менее 6 м. Расстояние по горизонтали от противопожарных стен до фонарей должно составлять не менее 5 м.",Data1_10_10846_index.pdf,10
Какие элементы должны быть включены в договор на разработку градостроительной документации?,"ПРИЛОЖЕНИЕ 3
ОСНОВНЫЕ ТРЕБОВАНИЯ К ЗАДАНИЮ НА РАЗРАБОТКУ СХЕМЫ И ПРОЕКТА
РАЙОННОЙ ПЛАНИРОВКИ, ГЕНЕРАЛЬНОГО ПЛАНА ГОРОДА, ДРУГОГО
ПОСЕЛЕНИЯ, ТЕРРИТОРИИ СЕЛЬСКОГО ОРГАНА МЕСТНОГО
САМОУПРАВЛЕНИЯ
В задании на разработку схемы и проекта районной планировки, генерального плана
города, другого поселения, территории сельского органа моечного самоуправления должны
быть указаны:
наименование объекта, его основные характеристики (местоположение, численность
населения, территория, основные виды ресурсов, профилирующие отрасли производства,
административная 
структура, 
условия 
обеспечения 
инженерно-транспортной
инфраструктурой, другие специфические характеристики);
основание для проектирования;
состав 
участников 
разработки 
и 
согласования 
проектных 
материалов 
и 
их
взаимообязательства;
кем и в какие сроки должны выдаваться исходные данные для проектирования;
состав 
подлежащих 
передаче 
материалов 
и 
услуг 
по 
этапам 
(если 
они
предусматриваются), сроки и стоимость работ;
требования к содержанию и форме представляемых материалов, сроки проектирования;",Data1_1_1904_index.pdf,27
Должны ли обеспечительные меры быть соразмерны заявленному требованию?,Обеспечительные меры должны быть соразмерны заявленному требованию.,Арбитражный процессуальный кодекс Российской Федерации.pdf,43
Какие действия допускаются общедоступными библиотеками и архивами при условии отсутствия цели извлечения прибыли?,"Общедоступные библиотеки, а также архивы, доступ к архивным документам которых не ограничен, при 
условии отсутствия цели извлечения прибыли вправе без согласия автора или иного правообладателя и без 
выплаты вознаграждения, но с обязательным указанием имени автора, произведение которого 
используется, и источника заимствования создавать единичные копии, в том числе в электронной форме, 
экземпляров произведений, принадлежащих им и правомерно введенных в гражданский оборот: 
1) в целях обеспечения сохранности и доступности для пользователей: 
ветхих, изношенных, испорченных, дефектных экземпляров произведений; 
единичных и (или) редких экземпляров произведений, рукописей, выдача которых пользователям может 
привести к их утрате, порче или уничтожению; 
экземпляров произведений, записанных на машиночитаемых носителях, для пользования которыми 
отсутствуют необходимые средства; 
экземпляров произведений, имеющих исключительно научное и образовательное значение, при условии, 
что они не переиздавались свыше десяти лет с даты выхода в свет их последнего издания на территории 
Российской Федерации; 
2) в целях восстановления, замены утраченных или испорченных экземпляров произведений, а также для 
предоставления экземпляров произведений другим утратившим их по каким-либо причинам 
общедоступным библиотекам или архивам, доступ к архивным документам которых не ограничен.",Гражданский кодекс Российской Федерации.pdf,530
Что грозит за транспортировку древесины без оформленного сопроводительного документа для должностных лиц?,"Транспортировка древесины без оформленного в установленном лесным законодательством порядке 
сопроводительного документа - 
влечет наложение административного штрафа на должностных лиц в размере от тридцати тысяч до 
пятидесяти тысяч рублей с конфискацией древесины и (или) транспортных средств, являющихся орудием 
совершения административного правонарушения, либо без таковой; на юридических лиц - от пятисот 
тысяч до семисот тысяч рублей с конфискацией древесины и (или) транспортных средств, являющихся 
орудием совершения административного правонарушения, либо без таковой.",Административный кодекс Российской Федерации.pdf,125
Какие соглашения об освобождении перевозчика от ответственности или уменьшении пределов его ответственности могут быть заключены по статье 175?,"Соглашение об освобождении перевозчика от ответственности или 
уменьшении пределов его ответственности 
1.",Кодекс торгового мореплавания Российской Федерации.pdf,67
Какие действия предпринимаются при обнаружении неправильных показаний коммерческих средств и систем измерения согласно ГОСТ?,"При обнаружении неправильных показаний коммерческих средств и систем
измерения теплоснабжающая организация производит расчет расхода тепловой
энергии и теплоносителя как для абонента, временно не имеющего приборного учета
с начала расчетного периода.",Data1_10_10871_index.pdf,11
Какие документы подтверждают осуществление прав по ценным бумагам и налоговое резидентство физического лица?,"При проверке правильности исчисления и уплаты налога налоговым агентом в соответствии со статьей 
214.6 настоящего Кодекса в ходе проведения камеральной налоговой проверки, и (или) выездной 
налоговой проверки, и (или) налогового мониторинга налоговые органы вправе запрашивать в порядке, 
предусмотренном настоящим Кодексом, следующие документы: 
1) копии документов, удостоверяющих личность физического лица, осуществлявшего на дату, 
определенную решением российской организации о выплате дохода по ценным бумагам, права по ценным 
бумагам российской организации (ценным бумагам иностранной организации, удостоверяющим права в 
отношении акций этой российской организации); 
2) копии документов, удостоверяющих личность физического лица, в чьих интересах доверительный 
управляющий осуществлял на дату, определенную решением российской организации о выплате дохода по 
ценным бумагам, права по ценным бумагам такой российской организации (ценным бумагам иностранной 
организации, удостоверяющим права в отношении акций российской организации); 
3) копии и оригиналы документов, подтверждающих осуществление физическим лицом на дату, 
определенную решением российской организации о выплате дохода по ценным бумагам, прав по ценным 
бумагам такой российской организации (ценным бумагам иностранной организации, удостоверяющим 
права в отношении акций российской организации), а также документы, подтверждающие налоговое 
резидентство такого лица; 
4) копии и оригиналы документов, подтверждающих осуществление доверительным управляющим на дату, 
определенную решением российской организации о выплате дохода по ценным бумагам, прав по ценным 
бумагам такой российской организации (ценным бумагам иностранной организации, удостоверяющим",Налоговый кодекс Российской Федерации.pdf,789
Какие права имеет потерпевший по делу об административном правонарушении?,"В случае, если судьей признано обязательным присутствие в судебном заседании участника 
производства по делу об административном правонарушении, который по объективным причинам не 
имеет такой возможности, судья разрешает вопрос об участии указанного лица в судебном заседании 
путем использования систем видео-конференц-связи при наличии технической возможности.",Административный кодекс Российской Федерации.pdf,582
Какой код материала-представителя используется для укладки стильных труб с устройством компенсаторов согласно ГОСТ?,"Код вида работ
Конструктивные элементы вида работ
Код материала -
представителя
1
2
3
39000
Монтаж основного технологического оборудования, % стоимости оборудования
273
200000
Объемные сооружения, единица мощности
 
400000
Теплоснабжение и газопроводы - наружные сети, м трассы
 
401001
Устройство каналов из сборных железобетонных элементов, 100 м3
39
401002
Устройство тоннелей из сборных железобетонных элементов, 100 м3
39
401003
Устройство углов поворота, 100 м3
39
401004
Устройство компенсаторных ниш, 100 м3
39
401005
Устройство теплофикационных камер, 100 м3
14
39
9
401006
Устройство неподвижных щитовых опор, 100 м3
9
39
402001
Установка сборных железобетонных конструкций эстакад, 100 м3
23
403001
Монтаж металлоконструкций эстакад, т
263
403002
Антикоррозионная защита металлоконструкций, т
223
404001
Укладка стильных труб с устройством компенсаторов, м
241
500000
Водопровод - наружные сети, м3/ч расхода воды
 
501001
Устройство оснований под трубопроводы из песка, м2
5
501002
То же, из бетона, м3
9
502001
Устройство конструкций опускных колодцев, ванн, бассейнов, емкостных
сооружений водопровода из монолитного железобетона, м
9
201
215
503001
Установка наружных стеновых панелей и перегородок резервуаров и других
сооружений водопровода и канализации из сборного железобетона, 100 м3
39
503002
Установка плит покрытий и днищ сооружений водопровода и канализации, 100 м3
39
503003
Установка сборных железобетонных водопроводных и канализационных колодцев,
шт.",Data1_2_2081_index.pdf,18
Как оформляется решение о принудительном исполнении?,"Решение о принудительном исполнении является исполнительным документом, оформляется в 
соответствии с требованиями, установленными законодательством Российской Федерации об 
исполнительном производстве, и в течение трех рабочих дней после дня принятия данного решения 
направляется государственным инспектором труда по почте заказным письмом с уведомлением или в 
форме электронного документа, подписанного усиленной квалифицированной электронной подписью, 
работодателю, который имеет право в течение десяти дней со дня получения обжаловать данное решение 
в суд.",Трудовой кодекс Российской Федерации.pdf,230
Какие материалы могут быть списаны на основе ГЭСН?,"Графические материалы должны быть выполнены на картографической и другой подоснове с учетом
обеспечения постоянного их хранения на срок, определенный архивными службами и заказчиком в
установленном порядке.",Data1_1_1904_index.pdf,27
Как утеплить окна без наплава согласно ГОСТ МДС 13-18.2000?,"Утепление окон
Окна без наплава утепляют приклепкой уплотняющих прокладок по всему периметру
зимних переплетов без разрывов и скруглений углов.",Data1_10_10852_index.pdf,7
Какие требования к кровлям установлены СНиП II-26-76?,"В задании на проектирование должны быть приведены данные о существующем
земельном 
фонде 
города, 
другого 
поселения, 
направлении 
его 
перспективного
территориального 
развития 
в 
соответствии 
с 
генеральным 
планом 
и 
другой
градостроительной документацией; указаны предложения заказчика по изменению
городской, поселковой черты и черты сельского поселения; определен состав необходимых
обследований и иных предпроектных работ; установлены требования к объему и составу
графических и текстовых материалов, масштаб графической части проекта, сроки его
представления и изготовления дубликата.",Data1_1_1904_index.pdf,29
Какой минимальный объем бюджетных ассигнований должен быть предусмотрен для Федерального дорожного фонда?,"Объем бюджетных ассигнований дорожного фонда субъекта Российской Федерации 
утверждается законом субъекта Российской Федерации о бюджете субъекта Российской Федерации 
на очередной финансовый год и плановый период в размере не менее прогнозируемого объема 
установленных законом субъекта Российской Федерации, указанным в абзаце первом настоящего 
пункта: 
доходов бюджета субъекта Российской Федерации от акцизов на автомобильный бензин, 
прямогонный бензин, дизельное топливо, моторные масла для дизельных и (или) карбюраторных 
(инжекторных) двигателей, производимые на территории Российской Федерации, подлежащих 
зачислению в бюджет субъекта Российской Федерации; 
доходов бюджета субъекта Российской Федерации от транспортного налога (за 
исключением доходов, установленных законом субъекта Российской Федерации в виде единых 
нормативов отчислений от транспортного налога в местные бюджеты); 
доходов бюджета субъекта Российской Федерации от денежных взысканий (штрафов) за 
нарушение законодательства Российской Федерации о безопасности дорожного движения; 
доходов бюджета субъекта Российской Федерации от иных поступлений в бюджет субъекта 
Российской 
Федерации, 
утвержденных 
законом 
субъекта 
Российской 
Федерации, 
предусматривающим создание дорожного фонда субъекта Российской Федерации; 
межбюджетных трансфертов из федерального бюджета бюджетам субъектов Российской 
Федерации.",Бюджетный кодекс Российской Федерации.pdf,289
Какие условия должны быть соблюдены для временного вывоза транспортных средств с территории СЭЗ на остальную часть таможенной территории Союза?,"Товары, помещенные под таможенную процедуру свободной таможенной зоны на 
территории СЭЗ Российской Федерации из указанных в подпункте 1 пункта 1 настоящей статьи, 
пределы которой полностью совпадают с участками таможенной границы Союза, могут быть 
временно вывезены с территории такой СЭЗ без завершения действия таможенной процедуры 
свободной таможенной зоны, если такие товары являются транспортными средствами, 
зарегистрированными на территории единицы административно-территориального устройства, на 
территории которой создана такая СЭЗ, и вывозятся с территории такой СЭЗ физическим лицом в 
качестве транспортных средств для личного пользования: 
1) на остальную часть таможенной территории Союза - на срок не более 2 месяцев с 
возможностью продления данного срока не более чем на 2 месяца; 
2) на территорию государства, не являющего членом Союза, - без ограничения срока вывоза 
в соответствии с положениями настоящего Кодекса.",Таможенный кодекс Евразийского экономического союза.pdf,500
В какие сроки рассматривает представленный протокол заказчик согласно Методическим рекомендациям по процедуре подрядных торгов?,"Заказчик - организатор торгов в недельный срок рассматривает представленный
протокол и соответствующие необходимые документы и принимает решение об
утверждении (неутверждении) результатов торгов.",Data1_10_10866_index.pdf,10
Как формируются средние базисные цены по унифицированному перечню материальных ресурсов согласно ГОСТ?,"Формирование средних базисных цен по унифицированному перечню
материальных ресурсов
3.7.",Data1_2_2080_index.pdf,5
"Какие права имеют лица на ознакомление и уточнение информации, собранной таможенными органами?","Лица, указанные в пункте 1 настоящей статьи, имеют право на ознакомление с 
документированной информацией о себе, имеющейся у таможенных органов, и уточнение этой 
информации в целях обеспечения ее полноты и достоверности.",Таможенный кодекс Евразийского экономического союза.pdf,429
Кто может установить дополнительные основания и условия предоставления отсрочки и рассрочки по уплате региональных и местных налогов?,"Законами субъектов Российской Федерации и нормативными правовыми актами представительных 
органов муниципальных образований могут быть установлены дополнительные основания и иные условия 
предоставления отсрочки и рассрочки по уплате соответственно региональных и местных налогов, пеней и 
штрафов.",Налоговый кодекс Российской Федерации.pdf,160
Какие виды работ включают использование сборных бетонных блоков согласно ГОСТ?,"транспортные
расходы
1
2
3
4
5
6
7
8
9
 
 
 
 
 
 
 
 
 
 
 
 
 
 
 
 
 
 
Приложение 8
УНИФИЦИРОВАННАЯ НОМЕНКЛАТУРА ВИДОВ РАБОТ
Код вида работ
Конструктивные элементы вида работ
Код материала -
представителя
1
2
3
100000
Здания
 
1000
Земляные работы, м2 площади застройки
 
1011
Разработка грунта экскаватором с погрузкой в автосамосвалы, 1000 м3
 
1012
Разработка грунта бульдозером, 1000 м3
299
1013
Обратная засыпка грунта бульдозером, 1000 м3
 
1021
Разработка грунта вручную, 100 м3
 
1022
Обратная засыпка грунта вручную, 100 м3
 
1023
Уплотнение грунта пневматическими трамбовками, 100 м3
 
1031
Транспорт грунта на расстояние 2 км, 100 м3
 
1041
Крепление стенок инвентарными щитами крепления, м2
214
215
1051
Устройство подстилающих слоев и оснований из песка, м3
6
1052
То же, из гравия, м3
5
1053
То же, из щебня, м3
4
1054
Уплотнение грунтовых оснований, 1000 м3
9
1061
Водоотлив, 100 м3 мокрого грунта
 
1071
Устройство и разборка колейных дорог из сборных железобетонных плит, м2
39
2000
Фундаменты, м3 площади застройки
 
2010
Устройство монолитных бетонных и железобетонных фундаментов, 100 м3
9
201
215
2020
Устройство бутобетонных фундаментов, 100 м3
9
7
215
2030
Укладка сборных бетонных блоков, 100 м3
14
2040
Установка сборных железобетонных блоков и плит фундаментов, 100 м3
20
2051
Погружение железобетонных свай, м3
20
2052
Устройство буронабивных свай, м3
9
201
2060
Укладка фундаментных балок, 100 м3
25",Data1_2_2081_index.pdf,12
"Какие условия должны быть соблюдены для участников региональных инвестиционных проектов, чтобы продолжать применение пониженных налоговых ставок?","Размер налоговой ставки налога, подлежащего зачислению в бюджеты субъектов Российской Федерации, 
устанавливается законами субъектов Российской Федерации с учетом следующих ограничений: 
1) для участников региональных инвестиционных проектов, удовлетворяющих требованию, установленному 
подпунктом 1 пункта 1 статьи 25.8 настоящего Кодекса, законами субъектов Российской Федерации может 
быть установлена пониженная налоговая ставка налога, подлежащего зачислению в бюджеты субъектов 
Российской Федерации, в размере, не превышающем 10 процентов в течение пяти налоговых периодов 
начиная с налогового периода, в котором в соответствии с данными налогового учета была получена первая 
прибыль от реализации товаров, произведенных в результате реализации регионального инвестиционного 
проекта, и в размере не менее 10 процентов в течение следующих пяти налоговых периодов; 
2) размер налоговой ставки налога, подлежащего зачислению в бюджеты субъектов Российской Федерации, 
законами субъектов Российской Федерации для участников может быть понижен до 10 процентов начиная с 
налогового периода, в котором в соответствии с данными налогового учета была получена первая прибыль 
от реализации товаров, произведенных в результате реализации регионального инвестиционного проекта,",Налоговый кодекс Российской Федерации.pdf,1099
"Какие данные должны быть указаны в реестре перевозочных документов, оформляемых при перевозках товаров, порожнего железнодорожного подвижного состава или контейнеров железнодорожным транспортом?","При реализации российскими перевозчиками на железнодорожном транспорте работ (услуг), 
предусмотренных подпунктом 9.1 пункта 1 статьи 164 настоящего Кодекса, для подтверждения 
обоснованности применения налоговой ставки 0 процентов и налоговых вычетов в налоговые органы 
представляется реестр перевозочных документов, оформленных при перевозках товаров, порожнего 
железнодорожного подвижного состава или контейнеров железнодорожным транспортом, с указанием в 
нем номеров перевозочных документов, даты реализации работ (услуг), стоимости работ (услуг), 
наименований или кодов государств отправления, наименований или кодов входных и выходных 
российских пограничных и (или) припортовых железнодорожных станций, наименований или кодов 
государств назначения, а также даты проставления на перевозочном документе календарного штемпеля 
пограничной железнодорожной станции (при перемещении товаров, порожнего железнодорожного 
подвижного состава или контейнеров с территории Российской Федерации через выходные 
железнодорожные пограничные станции) или календарного штемпеля станции назначения (при 
перемещении товаров, порожнего железнодорожного подвижного состава или контейнеров с территории 
Российской Федерации через выходные припортовые железнодорожные станции) при выполнении работ 
(оказании услуг), указанных в абзаце третьем подпункта 9.1 пункта 1 статьи 164 настоящего Кодекса, либо 
календарного штемпеля станции отправления при выполнении работ (оказании услуг), указанных в абзаце 
втором подпункта 9.1 пункта 1 статьи 164 настоящего Кодекса.",Налоговый кодекс Российской Федерации.pdf,474
Какие телефоны доступны для бесплатной юридической консультации в Санкт-Петербурге и Ленинградской области?,"Нарушения, предусмотренные частями 1 и 2 настоящей статьи, совершенные в городе федерального 
значения Москве или Санкт-Петербурге либо в Московской или Ленинградской области, - 
влекут наложение административного штрафа в размере от пяти тысяч до семи тысяч рублей с 
административным выдворением за пределы Российской Федерации или без такового.",Административный кодекс Российской Федерации.pdf,374
"Какое решение принимается, если оспариваемый ненормативный правовой акт, решение и действия (бездействие) не соответствуют закону?","В случае, если арбитражный суд установит, что оспариваемый ненормативный правовой 
акт, решения и действия (бездействие) органов, осуществляющих публичные полномочия, 
должностных лиц соответствуют закону или иному нормативному правовому акту и не нарушают 
права и законные интересы заявителя, суд принимает решение об отказе в удовлетворении 
заявленного требования.",Арбитражный процессуальный кодекс Российской Федерации.pdf,104
"Какие действия выполняет суд кассационной инстанции при извещении лиц, участвующих в деле, о передаче кассационных жалобы, представления?","Извещение лиц, участвующих в деле, о передаче кассационных жалобы, 
представления с делом для рассмотрения в судебном заседании судебной коллегии 
Верховного Суда Российской Федерации 
Суд кассационной инстанции направляет лицам, участвующим в деле, копии определения о передаче 
кассационных жалобы, представления с делом для рассмотрения в судебном заседании суда 
кассационной инстанции и копии кассационных жалобы, представления.",Гражданский процессуальный кодекс Российской Федерации.pdf,148
Какая степень осушки газа должна быть указана согласно ГОСТ МДС-80-8.2000?,"Для пыли степень улавливания должна быть указана в
зависимости от диаметра частиц.",Data1_10_10865_index.pdf,33
Какие министерства и ведомства утверждают ценники на технологическое оборудование предприятий легкой промышленности согласно ГОСТ МДС 81-8.2000?,"Устройства тяговых подстанций и постов секционирования
постоянного тока
Минлегпром СССР
Технологическое оборудование предприятий легкой промышленности
Минудобрений
Производства минеральных удобрений
Минцветмет СССР
Технологическое оборудование предприятий цветной металлургии
Минрадиопром
Технологическое оборудование предприятий радиопромышленности
Минэлектротехпром
Оборудование предприятий электротехнической промышленности
Госагропром СССР
Технологическое 
оборудование 
предприятий 
мясной 
и 
молочной
промышленности
Миннефтепром
Оборудование предприятий нефтяной промышленности
Минторг СССР
Оборудование предприятий торговли и общественного питания
Минэнерго СССР
Оборудование тепловых, гидравлических и атомных электростанций
Часть 1.",Data1_10_10864_index.pdf,21
Какие категории инвалидов могут заниматься игрой мяч через шнур согласно МДС 35-7.2000?,"Виды занятий (игр)
Строительные размеры
Пропускная
способность,
чел/смена
Категория
инвалидов
длина
ширина высота
1
2
3
4
5
6
7
1
Общая физическая подготовка
24
12
6
 
ДЗ, ПОДА, ДС
2
Общая физическая подготовка с
элементами игр
30
15
6
 
ДЗ, ПОДА, ДС
3
Занятия на тренажерах
12
6
4
10
ДЗ, ПОДА, ДС
 
 
15
9
4
15
 
4
Мяч через шнур
24
12
6
4
ПОДА
5
Мяч сидя
15
12
6
8
ПОДА, ДЗ
6
Гандбол через сетку
36
15
6
20
ПОДА
7
Футбол-теннис
24
12
6
8
«
8
Прельбол
21
12
6
8
«",Data1_10_10847_index.pdf,23
Какие характеристики точек подключения временных сетей указаны в ГОСТ МДС-80-8.2000?,"Площадь участков:
для основной площадки - 5 - 7 га;
для площадок сооружений инженерного обеспечения, расположенных на удалении от основной более
чем на 500 м - 300 - 1000 м2 в зависимости от объема работ
Схемы трасс временных подъездных дорог на геоподоснове, М 1:1000; конструкции покрытия
схемы трасс временных сетей инженерного обеспечения строительства и временного жилого городка
строителей на геоподоснове М 1:1000;
характеристики точек подключения временных сетей;
выделяемые на период строительства мощности, расходы энергообеспечения;
материалы инженерных изысканий для временных сетей;
сооружения, необходимые для временного обеспечения (ТП, котельные, резервуары-накопители и т.д.).",Data1_10_10865_index.pdf,25
Какие действия допускаются до вступления международных договоров в силу при перемещении товаров трубопроводным транспортом или по линиям электропередачи?,"Переходные положения о совершении таможенных операций при перемещении 
товаров трубопроводным транспортом или по линиям электропередачи 
До вступления в силу международных договоров государства-члена с третьей стороной, 
являющейся сопредельным государством, которые определяют порядок доступа должностных лиц 
таможенных органов к предусмотренным пунктами 1 - 4 статьи 292 настоящего Кодекса приборам 
учета товаров, перемещаемых трубопроводным транспортом или по линиям электропередачи, 
допускается использовать представляемые перевозчиком показания приборов учета товаров, 
перемещаемых трубопроводным транспортом или по линиям электропередачи, которые 
расположены на территории сопредельного государства.",Таможенный кодекс Евразийского экономического союза.pdf,510
Какие меры принимаются при нарушениях стыков плит коробов и шахт согласно ГОСТ МДС 13-18.2000?,"При нарушениях стыков плит коробов и шахт
целесообразно крепить их участками или целиком.",Data1_10_10852_index.pdf,12
"Какие требования предъявляет ГОСТ МДС 17-13.2000 к протечкам кровельного покрытия (металлического, рулонного, безрулонного, мастичного, шиферного, черепичного)?","100 м2
1,3
0,4
 
 
А
Неисправности и
наличие протечек
кровельного покрытия
(металлического,
рулонного, безрулонного,
10 м2
1,0
0,3",Data1_10_10861_index.pdf,40
Какие проекты бюджетных смет предложены законодательными (представительными) органами?,"Комментарии к статьям на сайте 
https://budkod.ru/ 
 
 
 
предварительные итоги социально-экономического развития соответствующей территории 
за истекший период текущего финансового года и ожидаемые итоги социально-экономического 
развития соответствующей территории за текущий финансовый год; 
прогноз социально-экономического развития соответствующей территории; 
прогноз основных характеристик (общий объем доходов, общий объем расходов, дефицита 
(профицита) бюджета) консолидированного бюджета соответствующей территории на очередной 
финансовый год и плановый период либо утвержденный среднесрочный финансовый план; 
пояснительная записка к проекту бюджета; 
методики (проекты методик) и расчеты распределения межбюджетных трансфертов; 
верхний предел государственного (муниципального) внутреннего долга и (или) верхний 
предел государственного (муниципального) внешнего долга по состоянию на 1 января года, 
следующего за очередным финансовым годом и каждым годом планового периода (очередным 
финансовым годом); 
абзац девятый утратил силу; 
абзац десятый утратил силу; 
абзац одиннадцатый утратил силу; 
абзац двенадцатый утратил силу с 1 января 2010 г.; 
оценка ожидаемого исполнения бюджета на текущий финансовый год; 
проекты законов о бюджетах государственных внебюджетных фондов; 
предложенные законодательными (представительными) органами, органами судебной 
системы, органами внешнего государственного (муниципального) финансового контроля проекты 
бюджетных смет указанных органов, представляемые в случае возникновения разногласий с 
финансовым органом в отношении указанных бюджетных смет; 
реестры источников доходов бюджетов бюджетной системы Российской Федерации; 
иные документы и материалы.",Бюджетный кодекс Российской Федерации.pdf,295
Какие нормативные правовые акты регулируют организацию и осуществление государственного строительного надзора?,"Основные принципы законодательства о градостроительной деятельности 
Законодательство о градостроительной деятельности и изданные в соответствии с ним нормативные 
правовые акты основываются на следующих принципах: 
1) обеспечение комплексного и устойчивого развития территории на основе территориального 
планирования, градостроительного зонирования и планировки территории; 
2) обеспечение сбалансированного учета экологических, экономических, социальных и иных факторов при 
осуществлении градостроительной деятельности; 
3) обеспечение инвалидам условий для беспрепятственного доступа к объектам социального и иного 
назначения; 
4) осуществление строительства на основе документов территориального планирования, правил 
землепользования и застройки и документации по планировке территории; 
5) участие граждан и их объединений в осуществлении градостроительной деятельности, обеспечение 
свободы такого участия; 
6) ответственность органов государственной власти Российской Федерации, органов государственной 
власти субъектов Российской Федерации, органов местного самоуправления за обеспечение 
благоприятных условий жизнедеятельности человека; 
7) осуществление градостроительной деятельности с соблюдением требований технических регламентов; 
8) осуществление градостроительной деятельности с соблюдением требований безопасности территорий, 
инженерно-технических требований, требований гражданской обороны, обеспечением предупреждения 
чрезвычайных ситуаций природного и техногенного характера, принятием мер по противодействию 
террористическим актам; 
9) осуществление градостроительной деятельности с соблюдением требований охраны окружающей 
среды и экологической безопасности; 
10) осуществление градостроительной деятельности с соблюдением требований сохранения объектов 
культурного наследия и особо охраняемых природных территорий; 
10.1) единство требований к порядку осуществления взаимодействия субъектов градостроительных 
отношений, указанных в статье 5 настоящего Кодекса; 
11) ответственность за нарушение законодательства о градостроительной деятельности; 
12) возмещение вреда, причиненного физическим, юридическим лицам в результате нарушений 
требований законодательства о градостроительной деятельности, в полном объеме.",Градостроительный кодекс Российской Федерации.pdf,7
"Как исчисляются ввозные таможенные пошлины, налоги, специальные, антидемпинговые, компенсационные пошлины в случае помещения товаров под таможенные процедуры?","В случае если обстоятельства, указанные в пункте 4 настоящей статьи, наступили в 
отношении товаров, изготовленных (полученных) из иностранных товаров, помещенных под 
таможенную процедуру свободного склада, и в таких товарах в соответствии со статьей 214 
настоящего Кодекса идентифицированы иностранные товары, помещенные под таможенную 
процедуру 
свободного 
склада, 
ввозные 
таможенные 
пошлины, 
налоги, 
специальные, 
антидемпинговые, компенсационные пошлины подлежат уплате в отношении иностранных 
товаров, помещенных под таможенную процедуру свободного склада и использованных для 
изготовления товаров, изготовленных (полученных) из иностранных товаров, помещенных под 
таможенную процедуру свободного склада, как если бы такие иностранные товары помещались 
под таможенную процедуру выпуска для внутреннего потребления без применения тарифных 
преференций и льгот по уплате ввозных таможенных пошлин, налогов.",Таможенный кодекс Евразийского экономического союза.pdf,252
Какие требования к согласованию проектной документации с надзорными органами указаны в ГОСТ МДС-80-8.2000?,"Правила формирования единого государственного реестра заключений, в том числе структура и состав 
сведений единого государственного реестра заключений, включая перечень сведений, доступ к которым 
обеспечивается всем заинтересованным лицам на бесплатной основе, требования к порядку и срокам 
включения в единый государственный реестр заключений сведений о заключениях экспертизы, 
подготовленных федеральными органами исполнительной власти, органами исполнительной власти 
субъектов Российской Федерации, уполномоченными на проведение государственной экспертизы 
проектной документации и (или) результатов инженерных изысканий, подведомственными указанным 
органам государственными (бюджетными или автономными) учреждениями, Государственной 
корпорацией по атомной энергии ""Росатом"", юридическими лицами, аккредитованными на право 
проведения негосударственной экспертизы проектной документации и (или) результатов инженерных 
изысканий, сведений о типовой проектной документации, типовых проектных решениях, заключений 
экспертизы проектной документации и результатов инженерных изысканий, а также проектной 
документации (в том числе типовой проектной документации) и результатов инженерных изысканий, по 
результатам рассмотрения которых подготовлены такие заключения, устанавливаются Правительством 
Российской Федерации.",Градостроительный кодекс Российской Федерации.pdf,139
"Что происходит, если поданное заявление не соответствует требованиям частей пятой и шестой статьи 318?","В случаях, если поданное заявление не отвечает требованиям частей пятой и шестой статьи 318 
настоящего Кодекса, мировой судья выносит постановление о возвращении заявления лицу, его 
подавшему, в котором предлагает ему привести заявление в соответствие с указанными требованиями и 
устанавливает для этого срок.",Уголовно-процессуальный кодекс Российской Федерации.pdf,208
Какие требования предъявляются к благоустройству и озеленению территории согласно ГОСТ МДС 11-7.2000?,"В задании на проектирование должны найти отражение следующие вопросы:
основание для выдачи задания;
заказчик проекта;
генеральный проектировщик и проектные организации - исполнители проекта;
кем и в какие сроки выдаются исходные данные для проектирования;
специальные требования по структурной организации и функциональному зонированию
территории;
предлагаемые проекты жилых домов, предприятий и учреждений обслуживания;
возможность использования существующих зданий по их начальному назначению или
для других целей, иные требования к реконструкции сложившейся застройки;
требования к решению объемно-пространственной композиции застройки, организации
транспортного обслуживания населения, благоустройству и озеленению территории,
инженерной подготовке и оборудованию территории, охране окружающей среды,
инженерно-техническим мероприятиям гражданской обороны, сохранению памятников
природы, истории и культуры;
состав проекта;",Data1_1_1904_index.pdf,29
Какие данные о лесных декларациях должны быть представлены в системе?,"К заявлению о предварительном согласовании предоставления земельного участка прилагаются: 
1) документы, подтверждающие право заявителя на приобретение земельного участка без проведения 
торгов и предусмотренные перечнем, установленным уполномоченным Правительством Российской 
Федерации федеральным органом исполнительной власти, за исключением документов, которые должны 
быть представлены в уполномоченный орган в порядке межведомственного информационного 
взаимодействия; 
2) схема расположения земельного участка в случае, если испрашиваемый земельный участок предстоит 
образовать и отсутствует проект межевания территории, в границах которой предстоит образовать такой 
земельный участок; 
3) проектная документация лесных участков в случае, если подано заявление о предварительном 
согласовании предоставления лесного участка, за исключением лесного участка, образуемого в целях 
размещения линейного объекта; 
4) документ, подтверждающий полномочия представителя заявителя, в случае, если с заявлением о 
предварительном согласовании предоставления земельного участка обращается представитель заявителя; 
5) заверенный перевод на русский язык документов о государственной регистрации юридического лица в 
соответствии с законодательством иностранного государства в случае, если заявителем является 
иностранное юридическое лицо; 
6) подготовленный садоводческим или огородническим некоммерческим товариществом реестр членов 
такого товарищества в случае, если подано заявление о предварительном согласовании предоставления 
земельного участка или о предоставлении земельного участка в безвозмездное пользование такому 
товариществу.",Земельный кодекс Российской Федерации.pdf,65
Что входит в обсуждение с работодателем вопросов о работе организации?,"Комментарии к статьям на сайте 
https://tkodeksrf.ru/ 
  
 
обсуждение с работодателем вопросов о работе организации, внесение предложений по ее 
совершенствованию; 
обсуждение представительным органом работников планов социально-экономического развития 
организации; 
участие в разработке и принятии коллективных договоров; 
участие представителей работников в заседаниях коллегиального органа управления организации с 
правом совещательного голоса в соответствии с настоящим Кодексом, иными федеральными 
законами,учредительным документом организации, внутренним регламентом, иным внутренним 
документом организации, коллективным договором, соглашениями; 
иные формы, определенные настоящим Кодексом, иными федеральными законами, учредительными 
документами организации, коллективным договором, соглашениями, локальными нормативными актами.",Трудовой кодекс Российской Федерации.pdf,36
Сколько касок должно быть у строительно-монтажного треста согласно Приложению 6 к СНиП 3.01.03-84?,"К производству геодезических работ допускаются лица, прошедшие вводный
инструктаж и обучение правилам техники безопасности на геодезических и
строительных работах, а также инструктаж по технике безопасности непосредственно
на рабочем месте, проведение которых должно оформляться согласно требованиям
СНиП III-4-80.",Data1_11_11285_index.pdf,76
На каком сайте можно найти комментарии к статьям Налогового кодекса РФ?,"Комментарии к статьям на сайте 
https://upkodeksrf.ru/ 
 
 
 
 
 
2) доказано ли, что деяние совершил подсудимый; 
3) является ли это деяние преступлением и какими пунктом, частью, статьей Уголовного кодекса 
Российской Федерации оно предусмотрено; 
4) виновен ли подсудимый в совершении этого преступления; 
5) подлежит ли подсудимый наказанию за совершенное им преступление; 
6) имеются ли обстоятельства, смягчающие или отягчающие наказание; 
6.1) имеются ли основания для изменения категории преступления, в совершении которого обвиняется 
подсудимый, на менее тяжкую в соответствии с частью шестой статьи 15 Уголовного кодекса Российской 
Федерации; 
7) какое наказание должно быть назначено подсудимому; 
7.1) имеются ли основания для замены наказания в виде лишения свободы принудительными работами в 
порядке, установленном статьей 53.1 Уголовного кодекса Российской Федерации; 
7.2) нуждается ли подсудимый в прохождении лечения от наркомании и медицинской и (или) социальной 
реабилитации в порядке, установленном статьей 72.1 Уголовного кодекса Российской Федерации; 
8) имеются ли основания для постановления приговора без назначения наказания, освобождения от 
наказания или применения отсрочки отбывания наказания; 
9) какой вид исправительного учреждения и режим должны быть определены подсудимому при 
назначении ему наказания в виде лишения свободы; 
10) подлежит ли удовлетворению гражданский иск, в чью пользу и в каком размере; 
10.1) доказано ли, что имущество, подлежащее конфискации, получено в результате совершения 
преступления или является доходами от этого имущества либо использовалось или предназначалось для 
использования в качестве орудия, оборудования или иного средства совершения преступления либо для 
финансирования терроризма, экстремистской деятельности (экстремизма), организованной группы, 
незаконного вооруженного формирования, преступного сообщества (преступной организации); 
11) как поступить с имуществом, на которое наложен арест для обеспечения исполнения наказания в виде 
штрафа, для обеспечения гражданского иска или возможной конфискации; 
12) как поступить с вещественными доказательствами; 
13) на кого и в каком размере должны быть возложены процессуальные издержки; 
14) должен ли суд в случаях, предусмотренных статьей 48 Уголовного кодекса Российской Федерации, 
лишить подсудимого специального, воинского или почетного звания, классного чина, а также 
государственных наград; 
15) могут ли быть применены принудительные меры воспитательного воздействия в случаях, 
предусмотренных статьями 90 и 91 Уголовного кодекса Российской Федерации; 
16) могут ли быть применены принудительные меры медицинского характера в случаях, предусмотренных 
статьей 99 Уголовного кодекса Российской Федерации; 
17) следует ли отменить или изменить меру пресечения в отношении подсудимого.",Уголовно-процессуальный кодекс Российской Федерации.pdf,192
Какие требования предъявляются к описанию видов работ в разделе ведомостей физических объемов работ согласно ГОСТ МДС-80-8.2000?,"ВЕДОМОСТИ ФИЗИЧЕСКИХ ОБЪЕМОВ РАБОТ
В этом разделе помимо прилагаемой формы ведомости объемов работ в технической части тендерной
документации необходимо представить описание видов работ.",Data1_10_10865_index.pdf,21
"Какие действия предпринимаются, если уведомление не соответствует установленным параметрам?","Уведомление о несоответствии построенных или реконструированных объекта индивидуального 
жилищного строительства или садового дома требованиям законодательства о градостроительной 
деятельности направляется только в следующих случаях: 
1) параметры построенных или реконструированных объекта индивидуального жилищного строительства 
или садового дома не соответствуют указанным в пункте 1 части 19 настоящей статьи предельным 
параметрам разрешенного строительства, реконструкции объектов капитального строительства, 
установленным правилами землепользования и застройки, документацией по планировке территории, или 
обязательным требованиям к параметрам объектов капитального строительства, установленным 
настоящим Кодексом, другими федеральными законами; 
2) внешний облик объекта индивидуального жилищного строительства или садового дома не соответствует 
описанию внешнего облика таких объекта или дома, являющемуся приложением к уведомлению о 
планируемом строительстве, или типовому архитектурному решению, указанному в уведомлении о 
планируемом строительстве, или застройщику было направлено уведомление о несоответствии указанных 
в уведомлении о планируемом строительстве параметров объекта индивидуального жилищного 
строительства или садового дома установленным параметрам и (или) недопустимости размещения 
объекта индивидуального жилищного строительства или садового дома на земельном участке по 
основанию, указанному в пункте 4 части 10 статьи 51.1 настоящего Кодекса, в случае строительства или 
реконструкции объекта индивидуального жилищного строительства или садового дома в границах 
исторического поселения федерального или регионального значения; 
3) вид разрешенного использования построенного или реконструированного объекта капитального 
строительства не соответствует виду разрешенного использования объекта индивидуального жилищного 
строительства или садового дома, указанному в уведомлении о планируемом строительстве; 
4) размещение объекта индивидуального жилищного строительства или садового дома не допускается в 
соответствии с ограничениями, установленными в соответствии с земельным и иным законодательством 
Российской Федерации на дату поступления уведомления об окончании строительства, за исключением",Градостроительный кодекс Российской Федерации.pdf,190
Что такое мошенничество при получении выплат согласно статье 159.2 УК РФ?,"Мошенничество при получении выплат 
1.",Уголовный кодекс Российской Федерации.pdf,86
Как определяется плановое положение подземных сетей на застроенной территории согласно СНиП 3.01.03-84?,"Плановое положение всех подземных сетей и относящихся к ним сооружений
может быть определено:
на застроенной территории от твердых точек капитальной застройки, от пунктов
геодезической или разбивочной сети и съемочного обоснования, от точек специально
проложенных теодолитных ходов;
на незастроенной территории от точек съемочного обоснования, пунктов
геодезической сети или от точек специально проложенных теодолитных ходов.",Data1_11_11285_index.pdf,64
Как устанавливается порядок организации работ и распределение средств в ГОСТ МДС 11-11.2000?,"Порядок организации работ по выполнению контракта, а также распределение
средств по статьям расходов устанавливаются Исполнителем самостоятельно в
пределах средств, определенных в дополнительных соглашениях к настоящему
контракту.",Data1_10_10858_index.pdf,9
Какие виды ремонта должен выполнять отправитель плотов?,"Документы, касающиеся груза 
Отправитель должен своевременно передать перевозчику все требуемые в соответствии с 
портовыми, таможенными, санитарными или иными административными правилами касающиеся 
груза документы и несет ответственность перед перевозчиком за убытки, причиненные вследствие 
несвоевременной передачи, недостоверности или неполноты таких документов.",Кодекс торгового мореплавания Российской Федерации.pdf,55
Что означает знак 5.15.6?,"При решении вопроса о досрочном прекращении правовой охраны товарного знака вследствие его 
неиспользования могут быть приняты во внимание представленные правообладателем доказательства 
того, что товарный знак не использовался по независящим от него обстоятельствам.",Гражданский кодекс Российской Федерации.pdf,631
Как проводится закрепление грунтов способом газовой силикатизации?,"При закреплении грунтов способом газовой силикатизации грунт загружается в трубку с послойным уплотнением, плотно
закрывается крышкой прижимным кулачком.",Data1_11_11295_index.pdf,33
"Какие меры принуждения могут быть применены к лицам, нарушающим порядок в судебном заседании?","К лицам, нарушающим порядок в судебном заседании или не подчиняющимся законным 
распоряжениям председательствующего в судебном заседании, после устного замечания могут 
быть применены меры процессуального принуждения, предусмотренные настоящим Кодексом.",Кодекс административного судопроизводства Российской Федерации.pdf,85
Какие обязанности могут быть незаконно возложены на заявителя?,"Гражданин, организация, иные лица могут обратиться в суд с требованиями об 
оспаривании решений, действий (бездействия) органа государственной власти, органа местного 
самоуправления, иного органа, организации, наделенных отдельными государственными или 
иными публичными полномочиями (включая решения, действия (бездействие) квалификационной 
коллегии судей, экзаменационной комиссии), должностного лица, государственного или 
муниципального служащего (далее - орган, организация, лицо, наделенные государственными или 
иными публичными полномочиями), если полагают, что нарушены или оспорены их права, 
свободы и законные интересы, созданы препятствия к осуществлению их прав, свобод и 
реализации законных интересов или на них незаконно возложены какие-либо обязанности.",Кодекс административного судопроизводства Российской Федерации.pdf,116
Какие данные необходимы для определения потребности в воде и газе для коммунально-бытовых и промышленных нужд согласно ГОСТ МДС 11-7.2000?,"Полученные на основании РСН данные могут быть использованы как
подрядчиками так и заказчиками для определения потребности в ресурсах, стоимости
выполнения работ в текущих или прогнозируемых ценах, а также продолжительности
выполнения работ.",Data1_2_2073_index.pdf,1
Какие объекты проектирования указаны в таблице 4 согласно СНиП?,"- 9
Гостиницы,
общежития,
дома-
интернаты
П
50
6
1
4
2
2
2
-
-
3
10
1
Р
53
6
2
8
5
7
3
-
-
4
-
-
РП
51
6
2
7
5
6
3
-
-
4
2
1
Объекты здравоохранения и отдыха
К таблице 3
№
п/
п
Номер
пункта
Наименование
объекта
проектирования
Стадия
проектирования
Архитектурно-
строительная
часть
Технологическая
часть
Отопление,
вентиляция,
кондиционирование
Водопровод,
канализация,
газоснабжение,
горячее
водоснабжение
и водостоки
Электроснабжение,
электрооборудование,
электроосвещение
Лечебное
газоснабжение
Средства
связи и
сигнализации
Автоматика ПОС
Сметная
документация
Организация
и условия
труда
работников.",Data1_11_11835_index.pdf,21
"Какие иные объекты, территории и зоны отображаются на картах?","Комментарии к статьям на сайте 
https://grkodeksrf.ru/ 
 
 
 
 
 
1) границы муниципальных образований - городских округов, муниципальных районов, поселений, 
утвержденные в установленном порядке законом субъекта Российской Федерации; 
2) объекты капитального строительства, иные объекты, территории, зоны, которые оказали влияние на 
определение планируемого размещения объектов регионального значения, в том числе: 
а) планируемые для размещения объекты федерального значения, объекты регионального значения, 
объекты местного значения в соответствии с документами территориального планирования Российской 
Федерации, документами территориального планирования двух и более субъектов Российской Федерации, 
документами территориального планирования субъекта Российской Федерации, документами 
территориального планирования муниципальных образований; 
б) особые экономические зоны; 
в) особо охраняемые природные территории федерального, регионального, местного значения; 
г) территории объектов культурного наследия, территории исторических поселений федерального 
значения и территории исторических поселений регионального значения; 
д) зоны с особыми условиями использования территорий; 
е) территории, подверженные риску возникновения чрезвычайных ситуаций природного и техногенного 
характера; 
е.1) объекты, используемые для утилизации, обезвреживания, захоронения твердых коммунальных 
отходов и включенные в территориальную схему в области обращения с отходами, в том числе с твердыми 
коммунальными отходами; 
ж) иные объекты, иные территории и (или) зоны.",Градостроительный кодекс Российской Федерации.pdf,44
Какие права имеет юридическое лицо на доступ к материалам дела?,"В случаях, предусмотренных законом, юридическое лицо может заниматься отдельными видами 
деятельности только на основании специального разрешения (лицензии), членства в саморегулируемой 
организации или выданного саморегулируемой организацией свидетельства о допуске к определенному 
виду работ.",Гражданский кодекс Российской Федерации.pdf,20
Какой методический подход к оценке оферт установлен в ГОСТ МДС 80-3.2000?,"Методические рекомендации устанавливают общий методический подход к
оценке оферт и выбору лучшего решения из представленных на подрядные торги.",Data1_10_10869_index.pdf,1
"Что влечет нарушение порядка и (или) сроков передачи налогоплательщиками сведений о произведенных расчетах при реализации товаров (работ, услуг, имущественных прав)?","Нарушение порядка и (или) сроков передачи налогоплательщиками сведений 
о произведенных расчетах при реализации товаров (работ, услуг, имущественных 
прав)",Налоговый кодекс Российской Федерации.pdf,364
Какие средства должны быть в портах для защиты окружающей среды?,"В портах должны быть средства для защиты окружающей среды, приема и обработки 
хозяйственно-бытовых и нефтесодержащих вод, других отходов, а также средства для 
осуществления работ по спасанию судов в пределах акватории порта и ликвидации пожаров.",Кодекс внутреннего водного транспорта Российской Федерации.pdf,38
Какие работы необходимо провести для ревизии и ремонта насосов согласно МДС 13-18.2000?,"Для устранения протекания воды через сальниковые уплотнения
запорно-регулирующей арматуры и насосов необходимо подтянуть сальники или
заменить сальниковую набивку.",Data1_10_10852_index.pdf,17
Как устанавливается минимальный размер взноса на капитальный ремонт?,"Минимальный размер взноса на капитальный ремонт устанавливается нормативным правовым актом 
субъекта Российской Федерации в соответствии с методическими рекомендациями, утвержденными 
уполномоченным Правительством Российской Федерации федеральным органом исполнительной власти, 
в порядке, установленном законом субъекта Российской Федерации, исходя из занимаемой общей 
площади помещения в многоквартирном доме, принадлежащего собственнику такого помещения, и 
может быть дифференцирован в зависимости от муниципального образования, в котором расположен 
многоквартирный дом, с учетом его типа и этажности, стоимости проведения капитального ремонта 
отдельных элементов строительных конструкций и инженерных систем многоквартирного дома, 
нормативных сроков их эффективной эксплуатации до проведения очередного капитального ремонта 
(нормативных межремонтных сроков), а также с учетом установленного настоящим Кодексом и 
нормативным правовым актом субъекта Российской Федерации перечня работ по капитальному ремонту 
общего имущества в многоквартирном доме.",Жилищный кодекс Российской Федерации.pdf,121
Из каких источников формируются бюджетные ассигнования дорожного фонда субъекта Российской Федерации?,"Законом субъекта Российской Федерации о бюджете субъекта Российской Федерации 
бюджетные ассигнования дорожного фонда субъекта Российской Федерации могут быть 
предусмотрены на погашение задолженности по бюджетным кредитам, полученным субъектом 
Российской Федерации из федерального бюджета на строительство (реконструкцию), капитальный 
ремонт, ремонт и содержание автомобильных дорог общего пользования (за исключением 
автомобильных дорог федерального значения), и на осуществление расходов на обслуживание 
долговых обязательств, связанных с использованием указанных кредитов, в размере, не 
превышающем 20 процентов объема бюджетных ассигнований дорожного фонда субъекта 
Российской Федерации, предусмотренного указанным законом, а также на предоставление 
бюджетных кредитов и субсидий из бюджетов субъектов Российской Федерации местным 
бюджетам на строительство (реконструкцию), капитальный ремонт, ремонт и содержание 
автомобильных дорог общего пользования местного значения, в том числе на формирование 
муниципальных дорожных фондов.",Бюджетный кодекс Российской Федерации.pdf,290
Что подразумевается под возвращенным жертвователю денежным эквивалентом недвижимого имущества и ценных бумаг?,"Доходы, указанные в настоящем подпункте, не учитываются при определении налоговой базы при 
условии направления полученных доходов на цели деятельности, предусмотренные статьями 11 и 12 
Федерального закона от 4 декабря 2007 года N 329-ФЗ ""О физической культуре и спорте в Российской 
Федерации"", а также уставными документами указанных общероссийских общественных объединений; 
42) в виде денежных средств, недвижимого имущества, ценных бумаг, переданных на формирование или 
пополнение целевого капитала некоммерческой организации в установленном Федеральным законом от 30 
декабря 2006 года N 275-ФЗ ""О порядке формирования и использования целевого капитала 
некоммерческих организаций"" порядке и возвращенных жертвователю или его правопреемникам в случае 
расформирования целевого капитала некоммерческой организации, отмены пожертвования или в ином 
случае, если возврат имущества предусмотрен договором пожертвования и (или) Федеральным законом от 
30 декабря 2006 года N 275-ФЗ ""О порядке формирования и использования целевого капитала 
некоммерческих организаций"".",Налоговый кодекс Российской Федерации.pdf,924
Какие обосновывающие документы требуются для расчета командировочных расходов согласно ГОСТ МДС 81-7.2000?,"Для веществ, суммарная концентрация которых в нижних слоях превышает
предельный показатель 0,50 %, необходимо указать на ситуационном плане границы санитарной
защитной зоны, а также расположение зоны нахождения людей, где существуют повышенные
требования к чистоте воздуха согласно «Санитарным нормам защиты воздуха от выбросов в местах
проживания людей» (Министерство здравоохранения СССР, М., 1989).",Data1_10_10865_index.pdf,33
Как корректируются показатели затрат труда пусконаладочного персонала?,"Показатели затрат труда пусконаладочного персонала не корректируются в связи с
изменением квалификационного и количественного состава исполнителей на конкретном
объекте.",Data1_10_10864_index.pdf,8
Какова процедура назначения членов предварительной квалификационной комиссии согласно ГОСТ МДС 80-5.2000?,Регламент работ предварительной квалификационной комиссии определяется тендерным комитетом.,Data1_10_10867_index.pdf,3
Какие требования предъявляются к работе стеклоочистителей?,"Требования к состоянию здоровья лиц, претендующих на допуск к работе на 
судне, и лиц, допущенных к работе на судне 
1.",Кодекс торгового мореплавания Российской Федерации.pdf,26
Какие ГОСТы или СНиПы определяют составление сметной документации в текущих ценах?,"Составление сметной документации с применением УПБС ВР по проектируемым объектам при разработке
инвесторских смет или смет для подрядных организаций должно осуществляться в текущих ценах на ресурсы,
отслеживаемых и регистрируемых соответственно этапам разработки документации или региональными центрами по
ценообразованию, или подрядными организациями, ведущими строительство.",Data1_2_2079_index.pdf,4
Что происходит в случае нарушения требований к инвестиционному соглашению?,"В случае установления факта нарушения требований к инвестиционному соглашению (информации, 
содержащейся в инвестиционном соглашении), указанных в пункте 27.2 настоящей статьи, и (или) 
неисполнения инвестиционного соглашения инвестиционная надбавка для нефтеперерабатывающих 
заводов 
 принимается равной нулю в течение всего срока ее действия начиная с первого 
налогового периода ее применения налогоплательщиком.",Налоговый кодекс Российской Федерации.pdf,679
Какая форма используется для предоставления информации о выплатах из средств компенсационного фонда?,"Одним из существенных условий договора специального банковского счета является согласие 
саморегулируемой организации на предоставление кредитной организацией, в которой открыт 
специальный банковский счет, по запросу органа надзора за саморегулируемыми организациями 
информации о выплатах из средств компенсационного фонда (компенсационных фондов) 
саморегулируемой организации, об остатке средств на специальном счете (счетах), а также о средствах 
компенсационного фонда саморегулируемой организации, размещенных во вкладах (депозитах) и в иных 
финансовых активах саморегулируемых организаций, по форме, установленной Банком России.",Градостроительный кодекс Российской Федерации.pdf,220
Какова сметная стоимость стекла матового полированного витринного по ГОСТ МДС 81-10.2000?,"В качестве элементов светопропускающего заполнения фонарей используют следующие материалы и
изделия из силикатного стекла и полимеров:
стекло листовое по ГОСТ 111-2001;
стеклопакеты клееные одно- и двухкамерные по ГОСТ 24866-99;
купола из органического стекла двухслойные по ГОСТ 22160-76;
панели сотовые из поликарбоната по НД*;
профилированные и волнистые листы из светопропускающего поливинилхлорида (ПВХ) по НД.",Data1_10_10846_index.pdf,5
Какие документы подтверждают полномочия ответственного участника?,"При завершении проверки таможенных, иных документов и (или) сведений до выпуска 
товаров в случае, если представленные в соответствии с настоящей статьей документы и (или) 
сведения либо объяснения причин, по которым такие документы и (или) сведения не могут быть 
представлены и (или) отсутствуют, либо результаты таможенного контроля в иных формах и (или) 
таможенной экспертизы товаров и (или) документов, проведенных в рамках такой проверки, не 
подтверждают достоверность и (или) полноту проверяемых сведений и (или) не устраняют 
оснований для проведения проверки таможенных, иных документов и (или) сведений, таможенным 
органом на основании информации, имеющейся в его распоряжении, направляется требование об 
изменении (дополнении) сведений, заявленных в таможенной декларации, до выпуска товаров в 
соответствии со статьей 112 настоящего Кодекса.",Таможенный кодекс Евразийского экономического союза.pdf,399
"Какие штрафы предусмотрены для должностных лиц за нарушения, предусмотренные частью 1 статьи 6.34?","Следователь вправе получить образцы почерка или иные образцы для сравнительного исследования у 
подозреваемого, обвиняемого, свидетеля, потерпевшего, а также в соответствии с частью первой 
статьи 144 настоящего Кодекса у иных физических лиц и представителей юридических лиц в случаях, если 
возникла необходимость проверить, оставлены ли ими следы в определенном месте или на вещественных 
доказательствах, и составить протокол в соответствии со статьями 166 и 167 настоящего Кодекса, за 
исключением требования об участии понятых.",Уголовно-процессуальный кодекс Российской Федерации.pdf,139
Какие требования предъявляет ПН-5-95 к состоянию дымоходов и вентиляционных каналов?,"При инспектировании режимов обеспечения
населения коммунальными услугами анализируется состояние внутридомового газового
оборудования в целом, проверяется документация по профилактическим осмотрам
газового оборудования
Источник
Характерные неисправности или
повреждения
Нормативные требования
Рекомендуемые меры и
сроки устранения
1
2
3
4
ПН-5-95 Отсутствие тяги в дымоходах и
вентиляционных каналах,
непредставление в установленный
срок акта о состоянии дымовых
каналов.",Data1_10_10861_index.pdf,32
"Как определяется методика расчета стоимости строительства в валюте страны строительства в разделе 4 документа, регламентированного ГОСТом МДС 81-21.2000?","Сводный сметный расчет стоимости строительства в смешанных ценах
Приложение 1 Перечень действующих нормативных документов Госстроя России, на
основании которых определяется стоимость строительства в Российской Федерации
Приложение 2 Перечень прочих работ и затрат, учитываемых в главе 9 сводного
сметного расчета (сводного расчета) стоимости строительства во внутренних ценах
Российской Федерации
Приложение 3 Сводный сметный расчет   стоимости строительства в смешанных
ценах
Приложение 4 Номенклатура сводного сметного расчета стоимости строительства в
смешанных ценах
Приложение 5 Расчет по определению сметной стоимости в смешанных ценах по
объемам работ (затрат), выполняемым российскими организациями
Приложение 6 Расчет по определению разницы в стоимости материальных ресурсов,
поставляемых из-за границы взамен изготавливаемых в Российской Федерации
Приложение 6.1 Пояснения по составлению Расчета по определению разницы в
стоимости 
материальных 
ресурсов, 
поставляемых 
из-за 
границы 
взамен
изготавливаемых в Российской Федерации, по форме № 3 (прил.",Data1_2_2082_index.pdf,30
"На какой основе осуществляются перевозки грузов, пассажиров и их багажа, буксировка судов и плавучих объектов, погрузка и выгрузка грузов, оказание услуг в речных портах?","Перевозки грузов, пассажиров и их багажа, буксировка судов и плавучих объектов, 
погрузка и выгрузка грузов, оказание услуг в речных портах, услуг по использованию 
инфраструктуры внутренних водных путей и других услуг внутреннего водного транспорта 
осуществляются на платной основе в соответствии с гражданским законодательством с учетом 
особенностей, предусмотренных пунктом 2 настоящей статьи.",Кодекс внутреннего водного транспорта Российской Федерации.pdf,5
Какие коэффициенты применяются к базовой цене проектирования театров для двух или более трупп согласно СНиП?,"7 При проектировании театров для двух или более трупп (русской и национальной) на одном стационаре с общим основным
залом базовая цена определяется по соответствующим ценам с коэффициентом до 1,15 по согласованию с заказчиком.",Data1_11_11835_index.pdf,9
Кто осуществляет государственное регулирование деятельности в области государственной авиации?,"Государственное регулирование деятельности в области государственной 
авиации 
1.",Воздушный кодекс Российской Федерации.pdf,9
"Как можно подать исковое заявление, заявление, жалобу, представление и иные документы в арбитражный суд?","Исковое заявление, заявление, жалоба, представление и иные документы могут быть 
поданы в суд на бумажном носителе или в электронном виде, в том числе в форме электронного 
документа.",Арбитражный процессуальный кодекс Российской Федерации.pdf,2
Какие организации разработали этот документ? (ГОСТ),"В случае, если длительность периода трудоустройства работника, уволенного в связи с ликвидацией 
организации (пункт 1 части первой статьи 81 настоящего Кодекса) либо сокращением численности или 
штата работников организации (пункт 2 части первой статьи 81 настоящего Кодекса), превышает один 
месяц, работодатель обязан выплатить ему средний месячный заработок за второй месяц со дня 
увольнения или его часть пропорционально периоду трудоустройства, приходящемуся на этот месяц, а 
если длительность периода трудоустройства превышает два месяца, - за третий месяц со дня увольнения 
или его часть пропорционально периоду трудоустройства, приходящемуся на этот месяц.",Трудовой кодекс Российской Федерации.pdf,179
"В какие сроки лицо, лишенное специального права, должно сдать документы?","В течение трех рабочих дней со дня вступления в законную силу постановления о назначении 
административного наказания в виде лишения соответствующего специального права лицо, лишенное 
специального права, должно сдать документы, предусмотренные частями 1 - 3.1 статьи 32.6 настоящего 
Кодекса, в орган, исполняющий этот вид административного наказания, а в случае утраты указанных 
документов заявить об этом в указанный орган в тот же срок.",Административный кодекс Российской Федерации.pdf,606
В каких условиях применяется метод триангуляции согласно СНиП 3.01.03-84?,"Метод триангуляции применяют в открытой, холмистой и горной местностях.",Data1_11_11285_index.pdf,7
"Какие значения для панели зданий до 3,5 м указаны в графиках относительных погрешностей согласно СНиП 3.01.03-84?","ПРИЛОЖЕНИЕ 4
ГРАФИКИ ОТНОСИТЕЛЬНЫХ ПОГРЕШНОСТЕЙ ПОСТРОЕНИЯ
МЕЖОСЕВЫХ РАЗМЕРОВ
а - панельные здания; б - каркасные здания; N - число панелей; n - число колонн; Т - знаменатель
относительной погрешности; 1, 2 - для панели зданий соответственно до 6 и 3,5 м; 3, 4 - для шага",Data1_11_11285_index.pdf,80
Какие обязанности управляющего проектом описаны в ГОСТ МДС 80-2.2000?,"ГОССТРОЙ РОССИИ
ГОСУДАРСТВЕННОЕ ПРЕДПРИЯТИЕ
ЦЕНТР НАУЧНО-МЕТОДИЧЕСКОГО ОБЕСПЕЧЕНИЯ
ИНЖЕНЕРНОГО СОПРОВОЖДЕНИЯ ИНВЕСТИЦИЙ
В СТРОИТЕЛЬСТВЕ
(ГП «ЦЕНТРИНВЕСТпроект»)
ОРГАНИЗАЦИЯ РАБОТЫ
УПРАВЛЯЮЩЕГО ПРОЕКТОМ
(ГИПа, ГАПа)
В УСЛОВИЯХ РЫНКА
МЕТОДИЧЕСКИЕ РЕКОМЕНДАЦИИ
МДС 11-11.2000
МОСКВА 2002
Рассматриваются вопросы организации работы управляющего проектом в период
участия проектировщиков в проведении предварительных технико-экономических
оценок и расчетов инвестиций, проведении торгов (тендеров), при заключении
контракта (договора), проектировании, строительстве, вводе в действие объекта и
освоении проектных мощностей.",Data1_10_10858_index.pdf,1
Какие действия должен выполнить ответственный за безопасную эксплуатацию котельной согласно ГОСТ МДС 13-18.2000?,"Котельная укомплектована ___________ обученными машинистами при штатной
потребности ____________ человек,
Ответственный за безопасную эксплуатацию газовой котельной г.",Data1_10_10852_index.pdf,34
Какие органы исполнительной власти субъектов Российской Федерации осуществляют региональный государственный надзор в области технического состояния самоходных машин и других видов техники?,"Органы исполнительной власти субъектов Российской Федерации, 
осуществляющие региональный государственный надзор в области технического 
состояния самоходных машин и других видов техники 
1.",Административный кодекс Российской Федерации.pdf,481
Как уплачиваются взносы на капитальный ремонт собственниками нежилых помещений?,"Взносы на капитальный ремонт уплачиваются собственниками жилых помещений на основании 
платежного документа, предоставляемого в порядке и на условиях, которые установлены частью 2 статьи 
155 настоящего Кодекса, если иные порядок и условия не определены решением общего собрания 
собственников помещений в многоквартирном доме.",Жилищный кодекс Российской Федерации.pdf,158
Какие показатели электроснабжения и электрооборудования указаны для фабрики массовой печати кинофильмов мощностью 150 млн. м пленки в год согласно СНиП?,"Фабрика массовой печати кинофильмов мощностью, 150 млн.",Data1_11_11835_index.pdf,10
"Какие объекты относятся к объектам, указанным в пункте 5.1 статьи 6 настоящего Кодекса?","Государственной экспертизе подлежат проектная документация и результаты инженерных изысканий, 
выполненных для подготовки такой документации, следующих объектов: 
1) объекты, указанные в пункте 5.1 части 1 статьи 6 настоящего Кодекса; 
2) объекты, сметная стоимость строительства, реконструкции, капитального ремонта которых в 
соответствии с требованиями настоящего Кодекса подлежит проверке на предмет достоверности ее 
определения, за исключением случаев строительства, реконструкции, капитального ремонта линейных 
объектов и сооружений на них для выполнения мероприятий по подключению (технологическому 
присоединению) объектов капитального строительства к сетям газораспределения; 
3) объекты культурного наследия регионального и местного значения (в случае, если при проведении 
работ по сохранению объекта культурного наследия регионального или местного значения затрагиваются 
конструктивные и другие характеристики надежности и безопасности указанного объекта); 
4) объекты, строительство, реконструкцию которых предполагается осуществлять в границах особо 
охраняемых природных территорий; 
5) объекты размещения отходов, объекты обезвреживания отходов; 
6) объекты, строительство, реконструкцию которых предполагается осуществлять на территориях двух и 
более субъектов Российской Федерации, включая осуществляемую на территории одного субъекта 
Российской Федерации реконструкцию объектов, расположенных на территориях двух и более субъектов 
Российской Федерации.",Градостроительный кодекс Российской Федерации.pdf,126
"Какие страны, кроме Афганистана, упоминаются в тексте?","При наличии у лица нескольких иностранных гражданств личным законом считается право страны, в 
которой это лицо имеет место жительства.",Гражданский кодекс Российской Федерации.pdf,477
Какой коэффициент-дефлятор применяется к налоговой ставке на антрацит?,"К налоговой базе, определяемой по доходам от операций по реализации или иного выбытия (в том 
числе погашения) долей участия в уставном капитале российских и (или) иностранных организаций, а также 
акций российских и (или) иностранных организаций, применяется налоговая ставка 0 процентов с учетом 
особенностей, установленных статьями 284.2 и 284.7 настоящего Кодекса, если иное не установлено 
настоящим пунктом.",Налоговый кодекс Российской Федерации.pdf,1093
Что такое хранение вещей с обезличением по статье 890 ГК РФ?,"Хранение вещей с обезличением 
В случаях, прямо предусмотренных договором хранения, принятые на хранение вещи одного 
поклажедателя могут смешиваться с вещами того же рода и качества других поклажедателей (хранение с 
обезличением).",Гражданский кодекс Российской Федерации.pdf,372
Какие расходы включаются в подпункте 1 пункта 1 статьи 44?,"При этом 
стоимость приобретенных изданий и стоимость культурных ценностей, приобретенных музеями, 
являющимися бюджетными учреждениями, в Музейный фонд Российской Федерации, включаются в состав 
прочих расходов, связанных с производством и реализацией, в полной сумме в момент приобретения 
указанных объектов; 
7) имущество, приобретенное (созданное) за счет средств, поступивших в соответствии с подпунктами 14, 
19, 22, 23 и 30 пункта 1 статьи 251 настоящего Кодекса, а также имущество, указанное в подпункте 6 и 7 
пункта 1 статьи 251 настоящего Кодекса; 
8) приобретенные права на результаты интеллектуальной деятельности и иные объекты интеллектуальной 
собственности, если по договору на приобретение указанных прав оплата должна производиться 
периодическими платежами в течение срока действия указанного договора; 
9) объекты основных средств, в отношении которых налогоплательщик использовал право на применение 
инвестиционного налогового вычета, с учетом особенностей, установленных пунктом 7 статьи 286.1 
настоящего Кодекса; 
10) имущество, созданное в результате работ, указанных в подпункте 11.2 пункта 1 статьи 251 настоящего 
Кодекса; 
11) медицинские изделия, расходы на приобретение которых учтены налогоплательщиком в соответствии с 
подпунктом 48.12 пункта 1 статьи 264 настоящего Кодекса; 
12) объекты основных средств, в отношении которых налогоплательщик использовал право на применение 
налогового вычета в соответствии со статьей 343.6 настоящего Кодекса; 
13) нематериальные активы, созданные в результате произведенных расходов на научные исследования и 
(или) опытно-конструкторские разработки, в отношении которых налогоплательщик использовал право на 
применение инвестиционного налогового вычета, с учетом особенностей, установленных пунктом 7 статьи 
286.1 настоящего Кодекса.",Налоговый кодекс Российской Федерации.pdf,945
На какие транспортные средства устанавливаются проблесковые маячки желтого или оранжевого цвета?,"Проблесковые маячки желтого или оранжевого цвета устанавливаются: 
на транспортных средствах, выполняющих работы по строительству, ремонту или 
содержанию дорог, погрузке поврежденных, неисправных и перемещаемых транспортных средств; 
на крупногабаритных транспортных средствах и транспортных средствах, осуществляющих 
перевозки взрывчатых, легковоспламеняющихся, радиоактивных веществ и ядовитых веществ 
высокой степени опасности; 
на транспортных средствах, осуществляющих сопровождение тяжеловесных и (или) 
крупногабаритных транспортных средств, а также на транспортных средствах, осуществляющих 
перевозки опасных грузов; 
на транспортных средствах, осуществляющих сопровождение организованных групп 
велосипедистов при проведении тренировочных мероприятий на автомобильных дорогах общего 
пользования.",ПДД Российской Федерации.pdf,58
"В каких случаях протокол об административном правонарушении не составляется, а постановление выносится без участия лица, в отношении которого возбуждено дело?","В случае выявления административного правонарушения, предусмотренного главой 12 настоящего 
Кодекса, или административного правонарушения в области благоустройства территории, 
предусмотренного законом субъекта Российской Федерации, совершенных с использованием 
транспортного средства либо собственником или иным владельцем земельного участка либо другого 
объекта недвижимости, зафиксированных с применением работающих в автоматическом режиме 
специальных технических средств, имеющих функции фото- и киносъемки, видеозаписи, или средств фото- 
и киносъемки, видеозаписи, либо в случае подтверждения в соответствии с частью 2 статьи 2.6.1 
настоящего Кодекса содержащихся в сообщении или заявлении собственника (владельца) транспортного 
средства данных о том, что в момент фиксации административного правонарушения транспортное 
средство находилось во владении или в пользовании другого лица, протокол об административном 
правонарушении не составляется, а постановление по делу об административном правонарушении 
выносится без участия лица, в отношении которого возбуждено дело об административном 
правонарушении, и оформляется в порядке, предусмотренном статьей 29.10 настоящего Кодекса.",Административный кодекс Российской Федерации.pdf,567
"Кто принимает окончательное решение в случае разногласий между заказчиком проекта, генпроектировщиком объекта и органами, выдающими технические условия и участвующими в согласовании задания?","В случае разногласий между заказчиком проекта, генпроектировщиком объекта и
органами, выдающими технические условия и участвующими в согласовании задания,
окончательное решение принимает Территориальное управление Минстроя России в
Чеченской 
Республике 
с 
участием 
при 
рассмотрении 
спорных 
вопросов
заинтересованных сторон.",Data1_10_10859_index.pdf,4
Каковы коэффициенты к минимальной заработной плате для нарушений категории «Б» согласно ГОСТ МДС 17-13.2000?,"Для категории «Б» и «В» ликвидация нарушений может быть
сопряжена с проведением тех или иных ремонтных работ или работ по подготовке
жилищного фонда к сезонной эксплуатации.",Data1_10_10861_index.pdf,36
Кто обязан представлять подлинники решений и протокола общего собрания в орган государственного жилищного надзора?,"Подлинники решений и протокола общего собрания собственников помещений в 
многоквартирном доме подлежат обязательному представлению лицом, по инициативе которого было 
созвано общее собрание, в управляющую организацию, правление товарищества собственников жилья, 
жилищного или жилищно-строительного кооператива, иного специализированного потребительского 
кооператива, а при непосредственном способе управления многоквартирным домом в орган 
государственного жилищного надзора не позднее чем через десять дней после проведения общего 
собрания собственников помещений в многоквартирном доме.",Жилищный кодекс Российской Федерации.pdf,44
"Какие должностные лица уполномочены рассматривать дела об административных правонарушениях, предусмотренных статьями 19.25, 21.1 - 21.7 настоящего Кодекса?","Военные комиссариаты рассматривают дела об административных правонарушениях, предусмотренных 
статьями 19.25, 21.1 - 21.7 настоящего Кодекса.",Административный кодекс Российской Федерации.pdf,466
Какие инструментальные проверки проводятся при приемке трубопроводов и сооружений водоснабжения и канализации согласно СНиП 3.01.03-84?,"При приемке трубопроводов и сооружений водоснабжения и канализации в
эксплуатацию производится инструментальная проверка.",Data1_11_11285_index.pdf,24
Как интерпретировать шифр таблиц ФЕРм?,"(Графические материалы)
ТЕХНИЧЕСКАЯ ХАРАКТЕРИСТИКА
Шифр
Габаритные размеры, мм
Масса изделия, т
(Другие данные, необходимые для
характеристики изделия, узла)
L
В
Н
Д
 
 
 
 
 
 
 
УКАЗАНИЯ ПО ПРИМЕНЕНИЮ
(сведения о назначении (использовании) конструкций, изделий,
их функциональных особенностях, об использовании как в
сейсмических, так и в несейсмических районах, совместному их
применению и др.)",Data1_10_10849_index.pdf,16
Какие телефоны доступны для бесплатной юридической консультации в Санкт-Петербурге и Ленинградской области?,"Нарушения, предусмотренные частями 1 и 2 настоящей статьи, совершенные в городе федерального 
значения Москве или Санкт-Петербурге либо в Московской или Ленинградской области, - 
влекут наложение административного штрафа в размере от пяти тысяч до семи тысяч рублей с 
административным выдворением за пределы Российской Федерации или без такового.",Административный кодекс Российской Федерации.pdf,374
На какие территории разрабатывается проект районной планировки согласно ГОСТ МДС 11-7.2000?,"Проект районной планировки разрабатывается на территорию территориально-
производственного 
комплекса, 
агломерации, 
группы 
административных 
районов,
административного района, пригородной зоны, природно-заповедной зоны, территорию
оздоровительного, курортного, рекреационного назначения, историко-культурного и
природного наследия, других территориальных объектов.",Data1_1_1904_index.pdf,10
Какие транспортно-экспедиционные услуги освобождаются от налогообложения?,"Положения настоящего подпункта распространяются также на следующие услуги, оказываемые 
российскими организациями или индивидуальными предпринимателями: 
услуги по предоставлению железнодорожного подвижного состава и (или) контейнеров для осуществления 
международных перевозок; 
транспортно-экспедиционные услуги, оказываемые на основании договора транспортной экспедиции при 
организации международной перевозки.",Налоговый кодекс Российской Федерации.pdf,448
За сколько времени до срока представления оферт должно быть произведено объявление о торгах?,Объявление о торгах должно быть произведено за 2 - 6 мес.,Data1_10_10866_index.pdf,6
"Кто обязан страховать транспортное средство и (или) страховать ответственность за ущерб, который может быть причинен им или в связи с его эксплуатацией, если такое страхование является обязательным?","Страхование транспортного средства 
Если иное не предусмотрено договором аренды транспортного средства с экипажем, обязанность 
страховать транспортное средство и (или) страховать ответственность за ущерб, который может быть 
причинен им или в связи с его эксплуатацией, возлагается на арендодателя в тех случаях, когда такое 
страхование является обязательным в силу закона или договора.",Гражданский кодекс Российской Федерации.pdf,292
Какие работы и затраты не включаются в сводный расчет стоимости строительства?,"Расход 
материальных 
ресурсов, 
сырья, 
полуфабрикатов 
и 
затраты 
труда
эксплуатационного персонала определяются на основании проектных данных и
включаются в сводный сметный расчет в порядке, предусмотренном «Методическими
рекомендациями по составлению сметных расчетов (смет) на пусконаладочные работы
ресурсным методом».",Data1_10_10864_index.pdf,7
Каков размер административного штрафа для юридических лиц за нарушение процесса функционирования единой системы идентификации и аутентификации?,"Выполнение должностным лицом участников информационного взаимодействия действий, 
направленных на нарушение процесса функционирования единой системы идентификации и 
аутентификации или информационных систем, подключенных к единой системе идентификации и 
аутентификации, - 
влечет наложение административного штрафа в размере от десяти тысяч до тридцати тысяч рублей.",Административный кодекс Российской Федерации.pdf,226
Какие действия может предпринять суд в предварительном заседании?,"Арбитражный суд в предварительном судебном заседании: 
1) разрешает ходатайства сторон; 
2) определяет достаточность представленных доказательств, доводит до сведения сторон, 
какие доказательства имеются в деле; 
2.1) выясняет мнение сторон о возможности урегулировать спор, предлагает сторонам 
использовать примирительные процедуры; при выявлении намерения сторон обратиться к 
судебному примирителю суд утверждает его кандидатуру, выбранную сторонами, в порядке, 
установленном настоящим Кодексом; 
3) выносит на рассмотрение вопросы, разрешаемые при подготовке дела к судебному 
разбирательству, и совершает предусмотренные настоящим Кодексом иные процессуальные 
действия.",Арбитражный процессуальный кодекс Российской Федерации.pdf,68
Какие требования предъявляются к монтажу оборудования и подводящим коммуникациям согласно ГОСТ (к СНиП 3.02.01-83)?,"ЦЕНТРАЛЬНЫЙ НАУЧНО-ИССЛЕДОВАТЕЛЬСКИЙ
И ПРОЕКТНО-ЭКСПЕРИМЕНТАЛЬНЫЙ ИНСТИТУТ
ОРГАНИЗАЦИИ, МЕХАНИЗАЦИИ И ТЕХНИЧЕСКОЙ ПОМОЩИ
СТРОИТЕЛЬСТВУ (ЦНИИОМТП)
ГОССТРОЯ СССР
ПОСОБИЕ
ПО ПРОИЗВОДСТВУ ГЕОДЕЗИЧЕСКИХ РАБОТ
В СТРОИТЕЛЬСТВЕ
(к СНиП 3.01.03-84)
Утверждено приказом ЦНИИОМТП № 147
от 10 июля 1985 г.
Москва Стройиздат 1985
Рекомендовано 
к 
изданию 
решением 
секции 
организации 
строительного
производства ЦНИИОМТП Госстроя СССР.",Data1_11_11285_index.pdf,1
Какие работы не включены в состав пусконаладочных работ согласно ГОСТу МДС 81-8.2000?,"В состав пусконаладочных работ не включены:
различного вида испытания, которые согласно техническим условиям на изготовление
и поставку оборудования должны производиться на стадии его изготовления или
монтажа.",Data1_10_10864_index.pdf,32
Какие данные должны быть указаны в итоговой строке формы протокола согласования затрат российских организаций в смешанных ценах согласно ГОСТу МДС 81-21.2000?,"Сводный расчет затрат российских организаций в смешанных ценах может составляться одним из следующих способов:
___________________________________________________________
* На территории Российской Федерации действуют “Предельные размеры резерва средств на непредвиденные работы и затраты, включаемого в сводные сметные
расчеты” приложение 9 “Инструкции о составе, порядке разработки, согласования и утверждения проектно-сметной документации на строительство предприятий, зданий
и сооружений” (СНиП 1.02.01-85).",Data1_2_2069_index.pdf,7
Как указывается наименование и количество единиц измерения мощности объекта в Форме № 3-в согласно ГОСТ?,"1
2
3
4
5
Форма № 3-св
СВОДКА
ОБЪЕМОВ И СТОИМОСТИ ПОДРЯДНЫХ РАБОТ
на _______________________________________________________
(наименование объекта)
Наименование и количество единиц измерения
№
№
п/
п
Коды КЭ и
конструктивных
решений
Наименование
разделов,
конструктивных
элементов и
устройств
Единица
измерения
Коли-
чество
Сметная стоимость в текущем уровне цен, тыс.",Data1_2_2076_index.pdf,15
В каких случаях оспаривание займа по безденежности не допускается?,"Если договор займа должен быть совершен в письменной форме (статья 808), оспаривание займа по 
безденежности путем свидетельских показаний не допускается, за исключением случаев, когда договор 
был заключен под влиянием обмана, насилия, угрозы или стечения тяжелых обстоятельств, а также 
представителем заемщика в ущерб его интересам.",Гражданский кодекс Российской Федерации.pdf,338
"Как определяется размер возмещения при приведении параметров зданий, сооружений в соответствие с установленными требованиями?","В случае сноса здания, сооружения, объекта незавершенного строительства в связи с их нахождением в 
границах зоны с особыми условиями использования территории, в отношении которых принято решение о 
сносе самовольной постройки или ее приведении в соответствие с установленными требованиями 
исключительно по основанию их несоответствия обязательным требованиям к количеству этажей и (или) 
высоте объекта, или приведения параметров таких здания, сооружения, объекта незавершенного 
строительства и (или) их разрешенного использования (назначения) в соответствие с ограничениями 
использования земельных участков, установленными в границах зоны с особыми условиями 
использования территории, при расчете размера возмещения убытки определяются исходя из параметров 
зданий, сооружений, соответствующих установленным требованиям, требованиям разрешений на 
строительство.",Земельный кодекс Российской Федерации.pdf,157
"Какой штраф предусмотрен за допуск к управлению транспортным средством водителя, не имеющего российского национального водительского удостоверения?","Допуск к управлению транспортным средством водителя, не имеющего 
российского национального водительского удостоверения 
Допуск к управлению транспортным средством водителя, не имеющего в случаях, предусмотренных 
законодательством Российской Федерации о безопасности дорожного движения, российского 
национального водительского удостоверения, - 
влечет наложение административного штрафа на должностных лиц, ответственных за техническое 
состояние и эксплуатацию транспортных средств, в размере пятидесяти тысяч рублей.",Административный кодекс Российской Федерации.pdf,197
Какие методы используются для уполаживания берегов водных объектов?,"Инженерная защита территорий и объектов от негативного воздействия вод 
(строительство водоограждающих дамб, берегоукрепительных сооружений и других сооружений 
инженерной защиты, предназначенных для защиты территорий и объектов от затопления, 
подтопления, разрушения берегов водных объектов, и (или) методы инженерной защиты, в том 
числе искусственное повышение поверхности территорий, устройство свайных фундаментов и 
другие методы инженерной защиты) осуществляется в соответствии с законодательством 
Российской Федерации о градостроительной деятельности органами государственной власти и 
органами местного самоуправления, уполномоченными на выдачу разрешений на строительство в 
соответствии с законодательством Российской Федерации о градостроительной деятельности, 
юридическими и физическими лицами - правообладателями земельных участков, в отношении 
которых осуществляется такая защита.",Водный кодекс Российской Федерации.pdf,41
Какова производительность установки осушки природного газа (однопоточная) согласно ГОСТу МДС 81-8.2000?,"Затраты
труда, чел.-
ч
1
2
3
4
5
 
Отдел 3
 
 
 
 
Оборудование газоперерабатывающих заводов
 
 
 
 
Раздел 1
 
 
 
 
Технологические 
установки 
переработки
природного газа
 
 
 
 
Группа 1
 
 
 
 
Установки очистки и осушки природного газа
 
 
 
341
Установка сепарации газа высокого давления
производительностью 
1,5 
млрд.",Data1_10_10864_index.pdf,37
Какие долговые обязательства субъекта Российской Федерации могут быть среднесрочными?,"Долговые обязательства субъекта Российской Федерации могут быть краткосрочными 
(менее одного года), среднесрочными (от одного года до пяти лет) и долгосрочными (от пяти до 30 
лет включительно).",Бюджетный кодекс Российской Федерации.pdf,144
Когда начинается рассмотрение евразийской заявки на изобретение?,"Рассмотрение евразийской заявки на изобретение, имеющей в соответствии с Евразийской патентной 
конвенцией силу предусмотренной настоящим Кодексом заявки на изобретение, осуществляется начиная 
со дня, когда федеральным органом исполнительной власти по интеллектуальной собственности получена 
от Евразийского патентного ведомства заверенная копия евразийской заявки.",Гражданский кодекс Российской Федерации.pdf,593
Какие регионы относятся к районам Крайнего Севера в Мурманской области?,"Приложение 3
Перечень районов Крайнего Севера и приравненных к ним местностей
Регионы
Районы Крайнего Севера
Местности, приравненные к районам
Крайнего Севера
Мурманская
область
Вся территория области
-
Архангельская
область
Ненецкий АО, г. Северодвинск с
территорией, 
находящейся 
в
административном 
подчинении
Северодвинской администрации
муниципального 
образования.",Data1_10_10062_index.pdf,8
Что запрещено водителю после ДТП?,"В случае, если уставом общества отчуждение доли или части доли, принадлежащих участнику общества, 
третьим лицам запрещено и другие участники общества отказались от их приобретения либо не получено 
согласие на отчуждение доли или части доли участнику общества или третьему лицу при условии, что 
необходимость получить такое согласие предусмотрена уставом общества, общество обязано приобрести 
по требованию участника общества принадлежащую ему долю или часть доли.",Гражданский кодекс Российской Федерации.pdf,57
Какое решение может быть принято по результатам рассмотрения материалов проверки?,"В ходе рассмотрения акта и других материалов мероприятий налогового контроля может быть принято 
решение о привлечении в случае необходимости к участию в этом рассмотрении свидетеля, эксперта, 
специалиста.",Налоговый кодекс Российской Федерации.pdf,265
Какие ГОСТы или СНиПы регламентируют применение вычислительной техники при составлении сметной документации?,"ПРИМЕНЕНИЕ ВЫЧИСЛИТЕЛЬНОЙ ТЕХНИКИ
ПРИ СОСТАВЛЕНИИ СМЕТНОЙ ДОКУМЕНТАЦИИ
8.1.",Data1_2_2079_index.pdf,7
В каких случаях суд может взыскать алименты в твердой денежной сумме?,"При отсутствии соглашения родителей об уплате алиментов на несовершеннолетних 
детей и в случаях, если родитель, обязанный уплачивать алименты, имеет нерегулярный, 
меняющийся заработок и (или) иной доход, либо если этот родитель получает заработок и (или) 
иной доход полностью или частично в натуре или в иностранной валюте, либо если у него 
отсутствует заработок и (или) иной доход, а также в других случаях, если взыскание алиментов в 
долевом отношении к заработку и (или) иному доходу родителя невозможно, затруднительно или 
существенно нарушает интересы одной из сторон, суд вправе определить размер алиментов, 
взыскиваемых ежемесячно, в твердой денежной сумме или одновременно в долях (в соответствии 
со статьей 81 настоящего Кодекса) и в твердой денежной сумме.",Семейный кодекс Российской Федерации.pdf,24
Какие объекты проектирования указаны в главе 4 согласно СНиП?,"а
в
1
2
3
4
5
 
Главный производственный корпус мощностью, частей/год
 
 
 
15.
от 110 до 250
""
1034,00
0,50
 
Цех обработки пленки с фотолабораторией мощностью, частей/год
 
 
 
16.
от 110 до 250
""
414,80
2,60
 
Различные объекты для киностудий всех назначений и мощностей
 
 
 
17.",Data1_11_11835_index.pdf,11
Кто составляет проекты бюджетов государственных внебюджетных фондов Российской Федерации?,"Проекты бюджетов государственных внебюджетных фондов Российской Федерации 
составляются органами управления указанных фондов на очередной финансовый год и плановый 
период и представляются в федеральный орган исполнительной власти, осуществляющий 
координацию деятельности соответствующего государственного внебюджетного фонда Российской 
Федерации, для внесения в установленном порядке в Правительство Российской Федерации с 
проектом федерального закона о тарифах страховых взносов на обязательное социальное 
страхование от несчастных случаев на производстве и профессиональных заболеваний и другими 
документами и материалами, представляемыми одновременно с проектами соответствующих 
бюджетов.",Бюджетный кодекс Российской Федерации.pdf,236
Какие работы включает в себя возобновление защитного слоя в железобетонных конструкциях каналов и камер согласно ГОСТ МДС 14-13.2000?,Возобновление защитного слоя в железобетонных конструкциях каналов и камер.,Data1_1_1879_index.pdf,30
Какие телефоны доступны для бесплатной юридической консультации в Москве и Московской области?,"Предприятием выполнены работы на многочисленных объектах в Москве и Московской области, а также во
многих городах РФ и странах СНГ
Основные
характеристики
конструкций
Высоконадежная поликарбонатная система в полной комплектации.",Data1_10_10846_index.pdf,48
На каком сайте можно найти комментарии к статьям?,"Комментарии к статьям на сайте 
https://upkodeksrf.ru/ 
 
 
 
 
 
2) доказано ли, что деяние совершил подсудимый; 
3) является ли это деяние преступлением и какими пунктом, частью, статьей Уголовного кодекса 
Российской Федерации оно предусмотрено; 
4) виновен ли подсудимый в совершении этого преступления; 
5) подлежит ли подсудимый наказанию за совершенное им преступление; 
6) имеются ли обстоятельства, смягчающие или отягчающие наказание; 
6.1) имеются ли основания для изменения категории преступления, в совершении которого обвиняется 
подсудимый, на менее тяжкую в соответствии с частью шестой статьи 15 Уголовного кодекса Российской 
Федерации; 
7) какое наказание должно быть назначено подсудимому; 
7.1) имеются ли основания для замены наказания в виде лишения свободы принудительными работами в 
порядке, установленном статьей 53.1 Уголовного кодекса Российской Федерации; 
7.2) нуждается ли подсудимый в прохождении лечения от наркомании и медицинской и (или) социальной 
реабилитации в порядке, установленном статьей 72.1 Уголовного кодекса Российской Федерации; 
8) имеются ли основания для постановления приговора без назначения наказания, освобождения от 
наказания или применения отсрочки отбывания наказания; 
9) какой вид исправительного учреждения и режим должны быть определены подсудимому при 
назначении ему наказания в виде лишения свободы; 
10) подлежит ли удовлетворению гражданский иск, в чью пользу и в каком размере; 
10.1) доказано ли, что имущество, подлежащее конфискации, получено в результате совершения 
преступления или является доходами от этого имущества либо использовалось или предназначалось для 
использования в качестве орудия, оборудования или иного средства совершения преступления либо для 
финансирования терроризма, экстремистской деятельности (экстремизма), организованной группы, 
незаконного вооруженного формирования, преступного сообщества (преступной организации); 
11) как поступить с имуществом, на которое наложен арест для обеспечения исполнения наказания в виде 
штрафа, для обеспечения гражданского иска или возможной конфискации; 
12) как поступить с вещественными доказательствами; 
13) на кого и в каком размере должны быть возложены процессуальные издержки; 
14) должен ли суд в случаях, предусмотренных статьей 48 Уголовного кодекса Российской Федерации, 
лишить подсудимого специального, воинского или почетного звания, классного чина, а также 
государственных наград; 
15) могут ли быть применены принудительные меры воспитательного воздействия в случаях, 
предусмотренных статьями 90 и 91 Уголовного кодекса Российской Федерации; 
16) могут ли быть применены принудительные меры медицинского характера в случаях, предусмотренных 
статьей 99 Уголовного кодекса Российской Федерации; 
17) следует ли отменить или изменить меру пресечения в отношении подсудимого.",Уголовно-процессуальный кодекс Российской Федерации.pdf,192
Какие требования к устойчивости фонарей к воздействию радиационных факторов предъявляет ГОСТ МДС 31-8.2002?,"ЦЕНТРАЛЬНЫЙ НАУЧНО-ИССЛЕДОВАТЕЛЬСКИЙ
И ПРОЕКТНО-ЭКСПЕРИМЕНТАЛЬНЫЙ ИНСТИТУТ
ПРОМЫШЛЕННЫХ ЗДАНИЙ И СООРУЖЕНИЙ
ОАО «ЦНИИПРОМЗДАНИЙ»
РЕКОМЕНДАЦИИ
ПО ПРОЕКТИРОВАНИЮ
И УСТРОЙСТВУ ФОНАРЕЙ
ДЛЯ ЕСТЕСТВЕННОГО
ОСВЕЩЕНИЯ ПОМЕЩЕНИЙ
МДС 31-8.2002
Москва 2002
Рекомендованы к изданию решением Секции строительных конструкций зданий Научно-технического
совета ОАО «ЦНИИпромзданий» 10 июля 2002 г.
Рекомендации содержат сведения о современных конструкциях фонарей со светопропускающими
элементами из стекла и полимерных материалов, предназначенных для устройства естественного освещения
помещений зданий и сооружений.",Data1_10_10846_index.pdf,1
Какие требования предъявляются к растворам-крепителям при силикатизации и смолизации грунтов согласно ГОСТ (к СНиП 3.02.01-83)?,"Размеры заглубленных устройств из закрепленных грунтов, их местоположение в естественной грунтовой среде и
требования к прочностным, деформационным и другим свойствам закрепленных грунтов при расчете на основное и особое
сочетание действующих нагрузок устанавливают расчетами по двум предельным состояниям, руководствуясь действующими
общесоюзными и ведомственными СНиП и пособиями по проектированию оснований и фундаментов для промышленных и
гражданских зданий и сооружений.",Data1_11_11295_index.pdf,11
"Какие основные задачи Государственной жилищной инспекции по контролю за использованием, содержанием и ремонтом жилищного фонда приведены в МДС 17-13.2000?","ЛИФТЫ
ПОЛОЖЕНИЕ о применении финансовых санкций Государственной жилищной
инспекцией
ОБЩИЕ ПОЛОЖЕНИЯ ПО ИНСПЕКТИРОВАНИЮ ЖИЛИЩНОГО ФОНДА
Основной задачей Государственной жилищной инспекции является осуществление
контроля за использованием, содержанием, ремонтом жилищного фонда, придомовых
территорий, объектов коммунального назначения независимо от его принадлежности и
форм собственности, в части обеспечения защиты прав и законных интересов граждан и
государства.",Data1_10_10861_index.pdf,2
Что такое единая методология бюджетного учета и бюджетной отчетности?,"Единая методология бюджетного учета и бюджетной отчетности устанавливается 
Министерством финансов Российской Федерации в соответствии с положениями настоящего 
Кодекса.",Бюджетный кодекс Российской Федерации.pdf,378
Кто выполняет распоряжения диспетчерских органов о отключении электрической энергии?,"Распоряжения диспетчерских органов Единой энергетической системы России
или энергоснабжающих организаций об отключении электрической энергии
выполняются оперативным персоналом энергоснабжающей организации, а также
оперативным персоналом потребителя незамедлительно.",Data1_10_10853_index.pdf,2
"Какие преимущества имеют средства индивидуализации, исключительное право на которые возникло ранее?","Если различные средства индивидуализации (фирменное наименование, товарный знак, знак 
обслуживания, коммерческое обозначение) оказываются тождественными или сходными до степени 
смешения и в результате такого тождества или сходства могут быть введены в заблуждение потребители и 
(или) контрагенты, преимущество имеет средство индивидуализации, исключительное право на которое 
возникло ранее, либо в случаях установления конвенционного или выставочного приоритета средство 
индивидуализации, которое имеет более ранний приоритет.",Гражданский кодекс Российской Федерации.pdf,515
В каких случаях государственная пошлина не уплачивается при пересылке свидетельств и документов в соответствии с международными договорами?,"Комментарии к статьям на сайте
https://nkodeksrf.ru/
если спор о признании права собственности истца (истцов) на это имущество ранее не решался судом - в 
соответствии с подпунктом 1 пункта 1 статьи 333.19 настоящего Кодекса; 
если ранее суд вынес решение о признании права собственности истца (истцов) на указанное имущество - в 
соответствии с подпунктом 3 пункта 1 статьи 333.19 настоящего Кодекса; 
4) при предъявлении встречного иска, встречного административного иска, а также заявлений о вступлении 
в дело третьих лиц, заявляющих самостоятельные требования относительно предмета спора, 
государственная пошлина уплачивается в соответствии с положениями статьи 333.19 настоящего Кодекса; 
5) при замене по определению суда выбывшей стороны ее правопреемником (в случае смерти физического 
лица, реорганизации организации, уступки требования, перевода долга и в других случаях перемены лиц в 
обязательствах) государственная пошлина уплачивается таким правопреемником, если она не была 
уплачена замененной стороной; 
6) в случае выделения судьей одного искового требования (административного искового требования) или 
нескольких из соединенных исковых требований (административных исковых требований) в отдельное 
производство государственная пошлина, уплаченная при предъявлении иска (административного иска), не 
пересчитывается и не возвращается.",Налоговый кодекс Российской Федерации.pdf,1258
Как вносятся сведения о характеристиках древесины в государственный лесной реестр?,"Сведения о характеристиках древесины вносятся в государственный лесной реестр 
посредством формирования лицами, указанными в пунктах 1, 3 - 5 части 3 настоящей статьи, 
соответственно отчета об использовании лесов, отчета о ввезенной на склад и вывезенной со склада 
древесине, предусмотренного частью 3 статьи 50.4-2 настоящего Кодекса отчета о древесине и 
продукции из нее, электронного сопроводительного документа в соответствии с частью 4 статьи 
93.5 настоящего Кодекса, оформления сделок с древесиной с использованием государственного 
лесного реестра.",Лесной кодекс Российской Федерации.pdf,26
Какие работы выполняются с повышенными требованиями к качеству и классу точности?,"Действие ФЕРм не распространяется на:
- работы, нормы на которые отсутствуют в сборниках ГЭСНм;
- монтаж оборудования, техническая характеристика, условия поставки и способ
монтажа которого существенно отличаются от предусмотренных сборниками;
- монтаж оборудования, к качеству и классу точности монтажа которого
предъявляются требования, превышающие требования и допуски, приведенные в
сборниках СНиП, часть 3 «Правила производства и приемки работ»;
- работы с применением машин и оборудования, в том числе импортного, не
имеющих 
аналогов 
отечественного 
производства, 
существенно 
изменяющих
технологию производства работ и расход ресурсов по сравнению с ФЕРм;
- работы, выполняемые в высокогорных районах на высоте более 3500 м.
Сметная 
стоимость 
таких 
работ 
должна 
определяться 
на 
основании
индивидуальных сметных норм и единичных расценок, или с применением
поправочных коэффициентов к действующим единичным расценкам, учитывающим
соответствующие особенности производства работ.",Data1_10_10754_index.pdf,2
Какие положения МДС 81-3.99 следует учитывать при определении стоимости затрат на эксплуатацию строительных машин и механизмов?,"При определении стоимости затрат на эксплуатацию строительных
машин и механизмов следует учитывать положения Методических указаний по
разработке сметных норм и расценок на эксплуатацию строительных машин и
автотранспортных средств (МДС 81-3.99).",Data1_10_10848_index.pdf,5
Что включает техническая приемка перед монтажом конструкций фонарей согласно ГОСТ МДС 31-8.2002?,"Перед монтажом конструкций фонарей производителем работ должна быть произведена техническая
приемка отдельных их элементов и выполнены подготовительные работы.",Data1_10_10846_index.pdf,18
Какие документы регулируют оптовые цены на оборудование?,"Указанная расчетная цена подлежит применению с 1-го числа первого месяца периода, на который 
регулируемые оптовые цены на газ утверждаются в установленном порядке.",Налоговый кодекс Российской Федерации.pdf,1410
Какие виды грантов не подлежат налогообложению?,"Доходы, 
не 
подлежащие 
налогообложению 
(освобождаемые 
от 
налогообложения) 
Не подлежат налогообложению (освобождаются от налогообложения) следующие виды доходов 
физических лиц: 
1) государственные пособия, за исключением пособий по временной нетрудоспособности (включая пособие 
по уходу за больным ребенком); 
если иное не предусмотрено настоящим пунктом, все виды компенсационных выплат, установленных 
законодательством Российской Федерации, законодательными актами субъектов Российской Федерации, 
решениями представительных органов местного самоуправления (в пределах норм, установленных в 
соответствии с законодательством Российской Федерации), связанных с: 
возмещением вреда, причиненного увечьем или иным повреждением здоровья; 
возмещением расходов на оплату коммунальных услуг (включая услуги по обращению с твердыми 
коммунальными отходами), расходов на оплату жилых помещений, предоставляемых во временное 
пользование, топлива (а также соответствующие доходы, полученные в натуральной форме);",Налоговый кодекс Российской Федерации.pdf,800
Является ли ассоциация (союз) собственником своего имущества?,Ассоциация (союз) является собственником своего имущества.,Гражданский кодекс Российской Федерации.pdf,69
Какие единицы измерения рекомендуются для разработки УПБС согласно ГОСТу?,"Показатели УПБС ВР по каждому виду работ должны содержать наименование видов работ и затрат, измеритель,
показатели трудоемкости и основной заработной платы рабочих-строителей, коды материалов-представителей и их
приведенный расход, сметную и оптовую цены единицы измерения материалов-представителей, общую стоимость
материалов по данному виду работ, коды строительных машин, количество машино-смен, необходимых для выполнения
данного вида работ, сметную цену машино-часа, заработную плату машинистов, общий размер затрат на эксплуатацию
машин, прямые затраты по виду работ, а также стоимость вида работ (с накладными расходами и сметной прибылью),
рассчитанную для каждого вида работ по жилищному строительству.",Data1_2_2079_index.pdf,2
Что такое постоянное местонахождение иностранной организации?,"Прибыль контролируемых иностранных компаний, указанных в подпункте 6 пункта 1 настоящей статьи, 
освобождается от налогообложения при условии одновременного соблюдения всех следующих требований 
к таким компаниям, обращающимся облигациям и долговым обязательствам, возникшим в связи с 
размещением таких обращающихся облигаций: 
1) обращающиеся облигации, указанные в подпункте 6 пункта 1 настоящей статьи, отвечают требованиям, 
установленным к таким облигациям подпунктом 1 пункта 2.1 статьи 310 настоящего Кодекса; 
2) долговые обязательства российских и иностранных организаций перед иностранными организациями, 
указанными в подпункте 6 пункта 1 настоящей статьи, возникли в связи с размещением обращающихся 
облигаций, указанных в подпункте 1 настоящего пункта, что подтверждается хотя бы одним из следующих 
документов: 
договором, которым оформлено соответствующее долговое обязательство; 
условиями выпуска соответствующих обращающихся облигаций; 
проспектом эмиссии соответствующих обращающихся облигаций; 
3) иностранные организации, указанные в подпункте 6 пункта 1 настоящей статьи, имеют постоянное 
местонахождение в государствах, с которыми Российская Федерация имеет международные договоры, 
регулирующие вопросы налогообложения доходов организаций и физических лиц; 
4) доля процентных расходов по обращающимся облигациям, указанным в подпункте 6 пункта 1 настоящей 
статьи, осуществленных за период, за который в соответствии с личным законом иностранной организации",Налоговый кодекс Российской Федерации.pdf,75
"Что влечет наложение административного штрафа на должностных лиц за нарушение правил эксплуатации, неиспользование сооружений, оборудования или аппаратуры для очистки газов и контроля выбросов вредных веществ в атмосферный воздух?","Нарушение правил эксплуатации, неиспользование сооружений, оборудования или аппаратуры для 
очистки газов и контроля выбросов вредных веществ в атмосферный воздух, которые могут привести к его 
загрязнению, либо использование неисправных указанных сооружений, оборудования или аппаратуры, за 
исключением случаев, предусмотренных статьей 8.51 настоящего Кодекса, - 
влечет наложение административного штрафа на должностных лиц в размере от одной тысячи до двух 
тысяч рублей; на лиц, осуществляющих предпринимательскую деятельность без образования 
юридического лица, - от одной тысячи до двух тысяч рублей или административное приостановление 
деятельности на срок до девяноста суток; на юридических лиц - от десяти тысяч до двадцати тысяч рублей 
или административное приостановление деятельности на срок до девяноста суток.",Административный кодекс Российской Федерации.pdf,121
"Что такое мониторинг, основанный на добровольном участии контролируемых лиц?","В рамках федерального контроля осуществляются мониторинг, основанный на 
добровольном участии контролируемых лиц, и постоянный рейд в соответствии с положениями 
Федерального закона от 31 июля 2020 года N 248-ФЗ ""О государственном контроле (надзоре) и 
муниципальном контроле в Российской Федерации"".",Кодекс внутреннего водного транспорта Российской Федерации.pdf,5
При каких условиях выгодоприобретатель принимает обязательства по договору морского страхования?,"Выгодоприобретатель также несет все 
обязанности по договору морского страхования, если договор заключен по его поручению или без 
его поручения, но при условии, что в последующем выгодоприобретатель выразит свое согласие на",Кодекс торгового мореплавания Российской Федерации.pdf,83
Какое наименование должно быть присвоено выпуску проектной документации?,"В определении о назначении экспертизы суд указывает наименование суда; дату назначения экспертизы 
и дату, не позднее которой заключение должно быть составлено и направлено экспертом в суд, 
назначивший экспертизу; наименования сторон по рассматриваемому делу; наименование экспертизы; 
факты, для подтверждения или опровержения которых назначается экспертиза; вопросы, поставленные 
перед экспертом; фамилию, имя и отчество эксперта либо наименование экспертного учреждения, 
которому поручается проведение экспертизы; представленные эксперту материалы и документы для 
сравнительного исследования; особые условия обращения с ними при исследовании, если они 
необходимы; наименование стороны, которая производит оплату экспертизы.",Гражданский процессуальный кодекс Российской Федерации.pdf,32
Как определяется геометрический КЕО в расчетной точке по ГОСТ МДС 31-8.2002?,"Геометрический КЕО в расчетной точке составляет
eв = 0,01 · 3 · 87 = 2,61 %.",Data1_10_10846_index.pdf,42
Препятствует ли прекращение производства обращению других лиц?,"Прекращение производства по административному делу об оспаривании нормативного 
правового акта по основаниям, указанным в пунктах 3, 5, 6 части 1 статьи 194 настоящего Кодекса 
и пункте 2 части 2 настоящей статьи, не препятствует обращению в суд иных лиц, полагающих, что 
оспариваемым нормативным правовым актом затрагиваются или нарушаются их права, свободы и 
законные интересы.",Кодекс административного судопроизводства Российской Федерации.pdf,113
"В каких случаях судебные расходы, понесенные судом, взыскиваются с административного ответчика?","В случае, если административный истец не 
поддерживает свои требования вследствие добровольного удовлетворения их административным 
ответчиком после предъявления административного искового заявления, все понесенные 
административным истцом по делу судебные расходы, в том числе расходы на оплату услуг 
представителя, по просьбе административного истца взыскиваются с административного 
ответчика.",Кодекс административного судопроизводства Российской Федерации.pdf,60
Какова цель документа МДС 41-3.2000?,"Комментарии к статьям на сайте 
https://zkodeksrf.ru/ 
 
 
 
 
5) кадастровый номер земельного участка или кадастровые номера земельных участков, из которых в 
соответствии с проектом межевания территории, со схемой расположения земельного участка или с 
проектной документацией лесных участков предусмотрено образование испрашиваемого земельного 
участка, в случае, если сведения о таких земельных участках внесены в Единый государственный реестр 
недвижимости; 
6) основание предоставления земельного участка без проведения торгов из числа предусмотренных 
пунктом 2 статьи 39.3, статьей 39.5, пунктом 2 статьи 39.6 или пунктом 2 статьи 39.10 настоящего Кодекса 
оснований; 
7) вид права, на котором заявитель желает приобрести земельный участок, если предоставление 
земельного участка возможно на нескольких видах прав; 
8) цель использования земельного участка; 
9) реквизиты решения об изъятии земельного участка для государственных или муниципальных нужд в 
случае, если земельный участок предоставляется взамен земельного участка, изымаемого для 
государственных или муниципальных нужд; 
10) реквизиты решения об утверждении документа территориального планирования и (или) проекта 
планировки территории в случае, если земельный участок предоставляется для размещения объектов, 
предусмотренных указанными документом и (или) проектом; 
11) почтовый адрес и (или) адрес электронной почты для связи с заявителем.",Земельный кодекс Российской Федерации.pdf,65
"Как определяется рыночная стоимость земельного участка, если разрешенное использование изменено для строительства объектов федерального значения?","В случае, если до указанного дня разрешенное использование земельного участка изменено для 
строительства, реконструкции объектов федерального значения, объектов регионального значения или 
объектов местного значения, для строительства, реконструкции которых осуществляется изъятие, 
рыночная стоимость земельного участка или рыночная стоимость прекращаемых прав на земельный 
участок определяется исходя из разрешенного использования, установленного до указанного изменения.",Земельный кодекс Российской Федерации.pdf,144
На каком сайте можно найти комментарии к статьям Налогового кодекса РФ?,"Комментарии к статьям на сайте 
https://upkodeksrf.ru/ 
 
 
 
 
 
2) доказано ли, что деяние совершил подсудимый; 
3) является ли это деяние преступлением и какими пунктом, частью, статьей Уголовного кодекса 
Российской Федерации оно предусмотрено; 
4) виновен ли подсудимый в совершении этого преступления; 
5) подлежит ли подсудимый наказанию за совершенное им преступление; 
6) имеются ли обстоятельства, смягчающие или отягчающие наказание; 
6.1) имеются ли основания для изменения категории преступления, в совершении которого обвиняется 
подсудимый, на менее тяжкую в соответствии с частью шестой статьи 15 Уголовного кодекса Российской 
Федерации; 
7) какое наказание должно быть назначено подсудимому; 
7.1) имеются ли основания для замены наказания в виде лишения свободы принудительными работами в 
порядке, установленном статьей 53.1 Уголовного кодекса Российской Федерации; 
7.2) нуждается ли подсудимый в прохождении лечения от наркомании и медицинской и (или) социальной 
реабилитации в порядке, установленном статьей 72.1 Уголовного кодекса Российской Федерации; 
8) имеются ли основания для постановления приговора без назначения наказания, освобождения от 
наказания или применения отсрочки отбывания наказания; 
9) какой вид исправительного учреждения и режим должны быть определены подсудимому при 
назначении ему наказания в виде лишения свободы; 
10) подлежит ли удовлетворению гражданский иск, в чью пользу и в каком размере; 
10.1) доказано ли, что имущество, подлежащее конфискации, получено в результате совершения 
преступления или является доходами от этого имущества либо использовалось или предназначалось для 
использования в качестве орудия, оборудования или иного средства совершения преступления либо для 
финансирования терроризма, экстремистской деятельности (экстремизма), организованной группы, 
незаконного вооруженного формирования, преступного сообщества (преступной организации); 
11) как поступить с имуществом, на которое наложен арест для обеспечения исполнения наказания в виде 
штрафа, для обеспечения гражданского иска или возможной конфискации; 
12) как поступить с вещественными доказательствами; 
13) на кого и в каком размере должны быть возложены процессуальные издержки; 
14) должен ли суд в случаях, предусмотренных статьей 48 Уголовного кодекса Российской Федерации, 
лишить подсудимого специального, воинского или почетного звания, классного чина, а также 
государственных наград; 
15) могут ли быть применены принудительные меры воспитательного воздействия в случаях, 
предусмотренных статьями 90 и 91 Уголовного кодекса Российской Федерации; 
16) могут ли быть применены принудительные меры медицинского характера в случаях, предусмотренных 
статьей 99 Уголовного кодекса Российской Федерации; 
17) следует ли отменить или изменить меру пресечения в отношении подсудимого.",Уголовно-процессуальный кодекс Российской Федерации.pdf,192
"Как можно снизить вязкость растворов силиката при радиусах закрепления 0,7 м и более (ГОСТ 3.02.01-83)?","Для обеспечения качественной пропитки грунта при радиусах закрепления 0,7 м и более вязкость растворов силиката
может быть снижена путем добавки пластификатора или подогрева до температуры 40 - 60 °С.",Data1_11_11295_index.pdf,24
Какие дополнительные выплаты стимулирующего характера учитываются в расчетах согласно ГОСТ МДС 81-7.2000?,"Дополнительные
выплаты стимулирующего
характера
В 
расчетах 
учитываются 
4
должностных оклада в год
То же
1.3.",Data1_2_2116_index.pdf,4
Какие данные о гранулометрическом составе грунтов необходимы для проектирования инъекционного химзакрепления согласно СНиП 3.02.01-83?,"Проект инъекционного химзакрепления грунтов в целом разрабатывается на основе следующих материалов:
а) материалов проекта сооружения, содержащих полные технические данные о нем, включая генплан и разрезы с данными о
наземных конструкциях, фундаментах и основаниях, в том числе ожидаемые нагрузки на основание, а также сведения о
расположенных вблизи сооружения других объектах;
б) для существующих сооружений на основе имеющихся архивных материалов о данном сооружении и результатов
инженерного обследования сооружения с техническим заключением;
в) результатов инженерных изысканий, согласно требований СНиП и пособий на проектирование оснований и фундаментов
зданий и сооружений, и на инженерные изыскания в строительстве, а также результатов специальных исследований, согласно
разд.",Data1_11_11295_index.pdf,10
Какая средняя температура за июль в Печоре согласно ГОСТ МДС 31-8.2002?,"Поправка за температуру ∆t определяется из выражения:
∆t = α(t - t0)l,
где α - коэффициент термического расширения рулетки (для стали α = 0,0000125); t -
температура рулетки в процессе измерений; t0 - температура компарирования.",Data1_11_11285_index.pdf,41
Какая специальная информационная дорожка должна предусматриваться в зале для специальной физической подготовки инвалидов согласно ГОСТ МДС 35-7.2000?,"· В зале размером 9´15 м для специальной физической подготовки инвалидов
проводится разработка отдельных суставов, «накачка» определенных групп мышц.",Data1_10_10847_index.pdf,27
"Какова важность правильного реагирования на запросы заказчиков, согласно ГОСТ МДС 11-11.2000?","Рекомендуется запомнить следующие правила:
чтобы справиться с запросами заказчиков, нужно иметь наготове соответствующие
резервы ресурсов;
каждый запрос следует встречать с отменной учтивостью и терпением, на высоком
техническом уровне (хорошо информированного заказчика может разочаровать
неудачный ответ секретаря или менее информированного младшего персонала
института);
на вопросы, на которые невозможно ответить сразу, следует дать ответ в максимально
короткий срок;
ответы на запросы предполагают знание тактики маркетинга, т.е.",Data1_10_10858_index.pdf,19
Какова роль канатного моста (элемент 3) в проекте площадки с зоной водных игр согласно ГОСТ МДС 35-7.2000?,"Площадка с зоной водных игр (проект) (ФРГ)
а - зона физкультурно-игровых устройств, суммарная площадь песочниц 60 - 100 м2; б - зона игр с
глинистым песком для лепки, площадь ямы с песком 40 - 60 м2; в - зона с плескательным бассейном,
глубина воды 0 - 50 см, площадь поверхности воды 40 - 100 м2:
1 - деревянная башня; 2 - яма с песком, 3 - канатный мост; 4 - песочница; 5 - сидячие места для игр; 6 -
канатная подвесная дорога; 7 - качалка; 8 - канатные сетки для лазания; 9 - дерево для лазания; 10 -
катофон; 11 - песочный холм
· Основные требования к организации площадок для слепых и ограниченно зрячих
(ОЗ):
А - игровое пространство необходимо ограничивать загородкой высотой 600 - 900
мм;
Б - пешеходные и беговые дорожки должны быть снабжены направляющими
поручнями;
В - выступы на поручне обозначают конец дорожки;
Г - перепады рельефа отмечаются повышением или понижением направляющего
поручня;
Д - повороты дорожек обозначаются изменением качества и фактуры покрытия:
твердое - мягкое, гладкое - неровное, с выпуклыми или вогнутыми плитами;
Е - на пешеходных дорожках устанавливается указатель направления движения к
площадке со стационарным игровым оборудованием.",Data1_10_10847_index.pdf,17
"Какова ответственность за нарушение правил использования на территории Российской Федерации спутниковых сетей связи, находящихся под юрисдикцией иностранных государств, для должностных лиц?","Нарушение правил использования на территории Российской Федерации 
спутниковых сетей связи, находящихся под юрисдикцией иностранных государств 
Неисполнение российским оператором связи, использующим иностранную спутниковую систему, 
обязанности по формированию российского сегмента такой системы в составе станции сопряжения с сетью 
связи общего пользования, по обеспечению управления этим сегментом с территории Российской 
Федерации и (или) по пропуску трафика, формирующегося абонентскими станциями (терминалами) на 
территории Российской Федерации, через станцию сопряжения российского оператора связи, 
находящуюся на территории Российской Федерации, - 
влечет наложение административного штрафа на должностных лиц в размере от десяти тысяч до тридцати 
тысяч рублей; на юридических лиц - от пятисот тысяч до одного миллиона рублей.",Административный кодекс Российской Федерации.pdf,236
Как определяется базовая цена проектирования объединенных или сблокированных зданий научно-исследовательских учреждений согласно СНиП?,"1.8 Базовая цена проектирования объединенных или сблокированных зданий и сооружений, а также зданий со встроенными
помещениями другого назначения, если это объединение, блокировка или встройка не предусмотрены нормами на их
проектирование, определяется суммированием цен на проектирование объединяемых или блокируемых отдельных зданий и
сооружений, а также основных зданий и встраиваемых помещений.",Data1_11_11835_index.pdf,2
"Какие статьи КоАП рассматривают судьи, если дело возбуждено инспектором Счетной палаты Российской Федерации, согласно пункту 1.1 статьи 23.1?","Дела об административных правонарушениях, предусмотренных статьями 7.32.6, 15.1, 15.14 - 15.15.16 
и частью 20 статьи 19.5 настоящего Кодекса, рассматриваются судьями в случаях, если дело о таком 
административном правонарушении возбуждено инспектором Счетной палаты Российской Федерации, 
либо уполномоченным должностным лицом контрольно-счетного органа субъекта Российской Федерации, 
либо уполномоченным должностным лицом органа муниципального финансового контроля.",Административный кодекс Российской Федерации.pdf,457
Кто должен подписывать диагностическую карту крана согласно ТИПОВЫМ НОРМАМ?,"а) ежесменное техническое обслуживание (ЕО), выполняемое перед началом или после использования крана
в течение смены;
б) техническое обслуживание (ТО), выполняемое через плановые периоды наработки;
в) сезонное обслуживание (СО), выполняемое два раза в год при подготовке крана к использованию в летний
или зимний периоды.",Data1_10_10855_index.pdf,2
Какие полномочия имеют законные представители?,"Законные представители физического лица, в отношении которого ведется производство по делу об 
административном правонарушении, и потерпевшего имеют права и несут обязанности, предусмотренные 
настоящим Кодексом в отношении представляемых ими лиц.",Административный кодекс Российской Федерации.pdf,512
Когда считается дата подачи заявки на товарный знак?,"Датой подачи заявки на товарный знак считается день поступления в федеральный орган 
исполнительной власти по интеллектуальной собственности документов, предусмотренных подпунктами 1-
3 пункта 3 настоящей статьи, а если указанные документы представлены не одновременно, - день 
поступления последнего документа.",Гражданский кодекс Российской Федерации.pdf,634
"Какие действия следует предпринять при обнаружении осадочных трещин согласно ТП-70 С., СНиП II-22-81, СНиП 2.03.01-84*?","О температурных
деформациях:
- не опасные до 0,3 мм;
- опасные более 0,3 мм
Установить маяки и
наблюдать не менее 2 суток:
чтобы определить
прекратилась ли
деформация: трещины до 0,2
мм
- расшить и заделать
известково-песчаным
раствором состава 1:3 более
0,3 мм - необходимо
усиление конструкции в
период подготовки жилых
домов к зиме
ТП-70 С.
СНиП II-22-81,
СНиП 2.03.01-84*
Деформация конструкций,
отклонение конструкции от
вертикали или осадка
конструкции
Не допускается.",Data1_10_10861_index.pdf,17
Какое заключение должен дать эксперт?,"Заключение эксперта или его сообщение о невозможности дать заключение предъявляются 
проверяемому лицу, которое имеет право дать свои объяснения и заявить возражения, а также просить о 
постановке дополнительных вопросов эксперту и о назначении дополнительной или повторной экспертизы.",Налоговый кодекс Российской Федерации.pdf,250
Какой СНиП документа указан в методических рекомендациях по разработке сборников ресурсных сметных норм на монтаж оборудования?,"Порядок применения сборников РСН и их перечень приводятся в «Общих
положениях по применению сборников ресурсных сметных норм на монтаж
оборудования», которые разрабатываются одновременно со сборниками РСН.",Data1_2_2073_index.pdf,2
Какие требования к увеличению пропускной способности существующей сети и производительности подогревательной и насосной установок должны быть указаны в технических условиях согласно СНиП?,"теплоснабжения, а при теплоносителе горячая вода - также метод и график
регулирования отпуска тепловой энергии в систему теплопотребления;
д) требования (при необходимости) об увеличении пропускной способности
существующей сети и производительности подогревательной и насосной установок,
расширении или реконструкции установок химводоочистки, очистки конденсата
теплоснабжающей организации и (или) у заказчика;
е) количество, качество и режим откачки возвращаемого конденсата, требования к
его очистке у заказчика;
ж) необходимость использования имеющихся у заказчика собственных источников
тепла или сооружения у него резервного источника тепловой энергии или резервной
тепловой сети с учетом требований к надежности его теплоснабжения, рекомендации
по использованию вторичных энергетических ресурсов;
з) требования к прокладке трубопроводов, изоляции теплопроводов;
и) требования к организации учета тепловой энергии и теплоносителей;
к) требования к диспетчерской связи с теплоснабжающей организацией;
л) границы эксплуатационной ответственности теплоснабжающей организации и
заказчика.",Data1_10_10871_index.pdf,7
Какие требования предъявляются к технической документации на узел учета?,"Абонент (потребитель) до начала разработки (составления) технической
документации на узел учета может получить в теплоснабжающей организации
исходные данные для проектирования узла учета, включающие максимальные и
минимальные значения расходов теплоносителей, график изменения температур,
давления теплоносителя в каждом трубопроводе, допускаемые потери напора в
преобразователях расхода на узле учета, а также рекомендации по типам и
характеристикам средств измерений.",Data1_10_10870_index.pdf,6
Какой ГОСТ или СНиП определяет методику расчета сметной прибыли?,"Планировка и застройка городских и сельских
поселений
СНиП 2.04.09-84                     Пожарная автоматика зданий и сооружений
СНиП 2.04.14-88                     Тепловая изоляция оборудования и трубопроводов
СНиП II-35-76                         Котельные установки
СНиП 2.05.02-85                     Автомобильные дороги
ВСН 46-83                                Инструкция по проектированию дорожной одежды нежесткого типа
СНиП 2.05.07-91                     Промышленный транспорт
СНиП 2.05.11-83                     Внутрихозяйственные автомобильные дороги
ГОСТ 21.511-83                      Автомобильные дороги.",Data1_10_10865_index.pdf,30
Какие организации могут разрабатывать и применять собственные РСН на монтируемое ими оборудование согласно МДС 81-13.2000?,"Заинтересованные организации вправе разрабатывать и применять собственные
РСН на монтируемое ими оборудование и выполнение работы.",Data1_2_2073_index.pdf,1
"Каков максимальный срок наказания по совокупности приговоров, если оно менее строгое, чем лишение свободы?","Окончательное наказание по совокупности приговоров в случае, если оно менее строгое, чем лишение 
свободы, не может превышать максимального срока или размера, предусмотренного для данного вида 
наказания Общей частью настоящего Кодекса.",Уголовный кодекс Российской Федерации.pdf,25
Какие лицензии должны иметь инженерно-консультационные организации?,Налоги и сборы должны иметь экономическое основание и не могут быть произвольными.,Налоговый кодекс Российской Федерации.pdf,2
Что влечет наложение административного штрафа по статье 16.8?,"Нарушение сроков представления налоговой декларации (расчета по страховым 
взносам) 
Нарушение установленных законодательством о налогах и сборах сроков представления налоговой 
декларации (расчета по страховым взносам) в налоговый орган по месту учета - 
влечет предупреждение или наложение административного штрафа на должностных лиц в размере от 
трехсот до пятисот рублей.",Административный кодекс Российской Федерации.pdf,304
Какой минимальный уровень расчетных налоговых доходов должен быть установлен?,"Расчетные налоговые доходы муниципального образования в расчете на одного жителя 
после исключения субсидии, подлежащей перечислению в бюджет субъекта Российской 
Федерации, не могут быть меньше расчетных налоговых доходов в расчете на одного жителя иного 
муниципального образования, которое до исключения указанной субсидии имело более низкий 
уровень расчетных налоговых доходов в расчете на одного жителя.",Бюджетный кодекс Российской Федерации.pdf,232
Какие формулы используются для вычисления центральных координат точек базисной фигуры согласно СНиП 3.01.03-84?,"Для редуцирования точек базисной фигуры в проектное положение
прокладывается полигонометрический ход или координаты точек определяются
методом микротрилатерации.",Data1_11_11285_index.pdf,37
Какая дата указывается в постановлении о досрочном прекращении исполнения административного наказания?,"В постановлении о досрочном прекращении исполнения административного наказания в виде 
административного приостановления деятельности указываются сведения, предусмотренные статьей 29.10 
настоящего Кодекса, а также дата возобновления деятельности лица, осуществляющего 
предпринимательскую деятельность без образования юридического лица, или юридического лица, его 
филиала, представительства, структурного подразделения, производственного участка, а также 
эксплуатации агрегатов, объектов, зданий или сооружений, осуществления отдельных видов деятельности 
(работ), оказания услуг.",Административный кодекс Российской Федерации.pdf,610
Какие работы по усилению стропильных ног предусмотрены в соответствии с ГОСТ МДС 14-13.2000?,"В случае наличия у налогоплательщика в течение одного 
налогового периода расходов на обучение, медицинские услуги, физкультурно-оздоровительные услуги, 
расходов по договору (договорам) негосударственного пенсионного обеспечения, по договору (договорам) 
добровольного пенсионного страхования, по договору (договорам) добровольного страхования жизни (если 
такие договоры заключаются на срок не менее пяти лет) и (или) по уплате дополнительных страховых 
взносов на накопительную пенсию в соответствии с Федеральным законом ""О дополнительных страховых 
взносах на накопительную пенсию и государственной поддержке формирования пенсионных накоплений"" 
либо по оплате прохождения независимой оценки своей квалификации налогоплательщик самостоятельно, 
в том числе при обращении к налоговому агенту, выбирает, какие виды расходов и в каких суммах 
учитываются в пределах максимальной величины социального налогового вычета, указанной в настоящем 
пункте.",Налоговый кодекс Российской Федерации.pdf,841
Какие отходы приобретают статус иностранных товаров?,"Товары, помещенные под таможенную процедуру переработки на таможенной 
территории, сохраняют статус иностранных товаров, а товары, полученные (образовавшиеся) в 
результате операций по переработке на таможенной территории Союза (продукты переработки, 
отходы и остатки), приобретают статус иностранных товаров.",Таможенный кодекс Евразийского экономического союза.pdf,187
Какие действия может совершать представитель в арбитражном суде?,"Представитель не может совершать сделки от имени представляемого в отношении себя лично, а также 
в отношении другого лица, представителем которого он одновременно является, за исключением случаев, 
предусмотренных законом.",Гражданский кодекс Российской Федерации.pdf,117
Какие сроки давности привлечения к административной ответственности должны быть учтены?,"Если частью 1 настоящей статьи не предусмотрен более длительный срок давности привлечения к 
административной ответственности, за административные правонарушения, влекущие применение 
административного наказания в виде дисквалификации (за исключением административных 
правонарушений, предусмотренных частью 6 настоящей статьи), лицо может быть привлечено к 
административной ответственности не позднее одного года со дня совершения административного 
правонарушения, за административные правонарушения, предусмотренные частью 6 настоящей статьи, - 
со дня вынесения решения, указанного в части 6 настоящей статьи, а при длящемся административном 
правонарушении - не позднее одного года со дня его обнаружения.",Административный кодекс Российской Федерации.pdf,30
Какие документы регулируют порядок исчисления налогов на пользователей автомобильных дорог согласно ГОСТ МДС 81-23.2000?,"Налог на пользователей
автомобильных дорог
(кроме городов Москвы
и Санкт-Петербурга)
полностью зачисляется в
территориальные
дорожные фонды.",Data1_2_2070_index.pdf,13
Как проводится предварительное судебное заседание?,"Предварительное судебное заседание проводится в целях: 
1) уточнения обстоятельств, имеющих значение для правильного рассмотрения и 
разрешения административного дела; 
2) определения достаточности доказательств по административному делу; 
3) выявления фактов пропуска сроков обращения в суд с административным исковым 
заявлением; 
4) процессуального закрепления распорядительных действий сторон, совершенных при 
подготовке административного дела к судебному разбирательству; 
5) выяснения возможности урегулирования административного спора до судебного 
разбирательства, в том числе путем использования примирительных процедур.",Кодекс административного судопроизводства Российской Федерации.pdf,81
"Какие данные используются для определения средств на обеспечение периода гарантийной эксплуатации, согласно ГОСТ МДС 81-21.2000?","Средства на обеспечение периода гарантийной эксплуатации определяются в смешанных ценах, исходя из показателей по объекту-аналогу,
с пересчетом их по данным для проектируемого объекта: на командирование российских специалистов - по числу человеко-месяцев и на
материальные ресурсы - по количеству  и виду ресурсов, а также с учетом поправок, аналогичных вышеупомянутым.",Data1_2_2069_index.pdf,8
Как определяется коэффициент теплоотдачи ограждения согласно ГОСТ МДС 31-8.2002?,"Коэффициент 
 определяется как произведение 0,18 доллара США и среднего значения за 
налоговый период курса доллара США к рублю Российской Федерации, устанавливаемого Центральным 
банком Российской Федерации (P), в течение сроков, предусмотренных настоящим пунктом, в случае, если 
деятельность по добыче железных руд на участках недр, степень выработанности запасов которых по 
состоянию на 1 января 2021 года составляет менее 1 процента, является частью нового инвестиционного 
проекта, в отношении которого налогоплательщиком заключено и действует соглашение о защите и 
поощрении капиталовложений либо исполнено такое соглашение.",Налоговый кодекс Российской Федерации.pdf,1442
Какой СНиП определяет стоимость строительства в уровне цен I кв. 1993 г.?,"1993 г. к
базису
Стоимость
строительства в
уровне цен I кв.",Data1_2_2080_index.pdf,18
Как определяется подрядные торги в ГОСТ МДС-80-8.2000?,"Если подрядные торги проводятся на этапе, когда основные технологические,
архитектурные, объемно-планировочные и конструктивные решения уже приняты,
что имеет место в большинстве случаев, и речь идет лишь о практической реализации
принятых решений, то в этом случае на передний план выдвигаются такие основные
показатели, как предложенная цена предмета торгов, возможность оферента
выполнять работы в установленные или в более короткие сроки с требуемым
качеством.",Data1_10_10869_index.pdf,2
Как подсудимый может быть удален из зала заседания?,Подсудимый может быть удален из зала судебного заседания до окончания прений сторон.,Уголовно-процессуальный кодекс Российской Федерации.pdf,179
Какие коэффициенты применяются для изготовления макетов в разных масштабах? (СНиП),"Для расчета стоимости строительства с применением УПБС предприятий и комплексов объектов
в других регионах применяются территориальные коэффициенты изменения уровня цен на ресурсы по
отношению к базисному району.",Data1_2_2081_index.pdf,3
Каков индекс текущего уровня цен для прочих работ и затрат в II квартале 1993 года?,"Виды затрат и период их
осуществления
Стоимость в текущем
уровне цен
Индексы текущего уровня
цен по сравнению с
базисным уровнем цен или
ценами заданного периода
Стоимость в сопоставимом
уровне цен
обозначения
размер, млн.",Data1_2_2075_index.pdf,6
"Какова основная задача генеральной схемы расселения, природопользования и территориальной организации производительных сил Российской Федерации, согласно ГОСТ МДС 11-7.2000?","Состав, содержание и утверждаемая часть генеральной схемы расселения,
природопользования и территориальной организации производительных сил Российской
Федерации определяются заданием на проектирование.",Data1_1_1904_index.pdf,5
Какие нормы ГОСТ или СНиП применяются к теплоснабжению при проектировании троллейбусного депо?,")
 
СТРОИТЕЛЬНЫЕ НОРМЫ И ПРАВИЛА РОССИЙСКОЙ ФЕДЕРАЦИИ
 
ИНСТРУКЦИЯ ПО РАЗМЕЩЕНИЮ ТЕПЛОВЫХ АГРЕГАТОВ,
ПРЕДНАЗНАЧЕНЫХ ДЛЯ ОТОПЛЕНИЯ И ГОРЯЧЕГО
ВОДОСНАБЖЕНИЯ ОДНОКВАРТИРНЫХ ИЛИ БЛОКИРОВАНЫХ
ЖИЛЫХ ДОМОВ
 
INSTRUCTION ON THE LOKATION OF TERMAL UNITS USED FOR
HEATING AND HOT WATER-SUPPLY IN SINGL-APARTMENT OR SEMI-
DETACHED HOUSES
Дата введения 1996-12-01
1 ОБЛАСТЬ ПРИМЕНЕНИЯ
1.1 
Требования 
настоящей 
Инструкции 
следует 
соблюдать 
при
проектировании помещений в одноквартирных или блокированных жилых
зданиях, в которых размещаются тепловые агрегаты (теплогенераторы),
использующие в качестве топлива природный газ по ГОСТ 5542-87,
предназначенные для отопления и горячего водоснабжения этих зданий.",Data1_2_2096_index.pdf,2
Как определяется прогнозный индекс к сметной стоимости в Форме № 3-в согласно ГОСТ?,"Сметная стоимость в прогнозном уровне цен определяется умножением сметной стоимости в текущем уровне
цен на нормативный процент выполнения в долях от единицы по кварталам (месяцам) и на прогнозный индекс к сметной
стоимости.",Data1_2_2079_index.pdf,6
Какой индекс изменения стоимости СМР был в Читинской области в I кв. 1993 г. по сравнению с базисным уровнем на 01.01.91 согласно МДС 81-9.2000?,"(БЕЗ НДС)
Регионы
Индексы цен по сравнению с базисным
уровнем на 01.01.91
Изменение стоимости
СМР (гр.",Data1_2_2075_index.pdf,11
Как перечисляется плата за нормативные и сверхнормативные выбросы и сбросы согласно ГОСТ МДС 81-23.2000?,"""Положения о
составе затрат по
производству и
реализации
продукции (работ,
услуг), включаемых в
себестоимость
продукции (работ,
услуг)"",
утвержденного
постановлением
Российской
Федерации от 05.08,92
№ 552)
Глава IX
""Прочие
работы и
затраты""
сводного
сметного
расчета
стоимости
строительства
Плата за нормативные и
сверхнормативные
выбросы и сбросы
вредных веществ,
размещение отходов
перечисляется
предприятиями,
учреждениями,
организациями в
бесспорном порядке:
90% - на специальные
счета внебюджетных
государственных
экологических фондов;
10% - в доход
республиканского
бюджета Российской
Федерации для
финансирования
деятельности
территориальных
органов
государственного
управления в области
охраны окружающей
природной среды.",Data1_2_2070_index.pdf,7
"Как изменяются максимальные суммы банковских гарантий для банков, у которых утвержден план по предупреждению банкротства?","Максимальная сумма одной банковской гарантии и максимальная сумма всех одновременно действующих 
банковских гарантий, выданных включенным в перечень банком, в отношении которого Советом 
директоров Центрального банка Российской Федерации утвержден план по предупреждению банкротства 
банка и принято решение о гарантировании непрерывности его деятельности в течение срока реализации 
плана по предупреждению банкротства банка, для принятия указанных гарантий налоговыми органами в",Налоговый кодекс Российской Федерации.pdf,172
"Какое напряжение считается высоким напряжением, согласно СНиП?","Под высоким напряжением
следует считать напряжение свыше 36 В.
Под охранной зоной вдоль воздушных линий электропередачи рассматривается участок земли и
пространства, заключенный между вертикальными плоскостями, проходящими через параллельные
прямые, отстоящие от крайних проводов (при не отклоненном их положении) на следующие
расстояния:
Линии напряжением, кВ
м
1
2
1 до 20
10
35
15
110
20
150
25
220, 330
25
400
30
500
30
750
40
800 (постоянный ток)
30
2.",Data1_10_10754_index.pdf,22
"Что означает ""посягательство на жизнь сотрудника правоохранительного органа""?","Комментарии к статьям на сайте 
https://ukodeksrf.ru/ 
 
 
 
 
Посягательство на жизнь сотрудника правоохранительного органа, военнослужащего, а равно их близких в 
целях воспрепятствования законной деятельности указанных лиц по охране общественного порядка и 
обеспечению общественной безопасности либо из мести за такую деятельность - 
наказывается лишением свободы на срок от двенадцати до двадцати лет с ограничением свободы на срок 
до двух лет, либо пожизненным лишением свободы, либо смертной казнью.",Уголовный кодекс Российской Федерации.pdf,253
Какие решения должны быть заранее продуманы для эффективного использования строительных механизмов согласно ГОСТ МДС 14-13.2000?,"Сырьевые материалы, вяжущие и вспомогательные вещества, содержащие вредные составные части,
для обезвреживания должны быть вывезены, Если в них содержатся ценные материалы (например,
металлолом от дефектных армированных строительных элементов), то последние должны быть
выделены и вывезены.",Data1_10_10865_index.pdf,32
Кто назначает и освобождает начальника управления (отдела) капитального строительства предприятия? (СНиП),"Права и обязанности единого заказчика могут возлагаться на управления (отделы)
капитального строительства Советов Министров автономных республик, исполкомов
краевых, областных, городских Советов народных депутатов, а также предприятий с их
согласия по решениям Советов Министров автономных республик и исполкомов местных
Советов народных депутатов.",Data1_1_1804_index.pdf,6
Как определяется точность выноса в натуру линий при использовании способа прямоугольных координат согласно СНиП 3.01.03-84?,"Точность элементов разбивки при выносе пунктов опорного контура с пунктов
разбивочной сети строительной площадки определяется в зависимости от способа
разбивки по следующим формулам.",Data1_11_11285_index.pdf,20
Какая сумма государственной пошлины установлена за выдачу удостоверения эксперта по культурным ценностям?,"Комментарии к статьям на сайте
https://nkodeksrf.ru/
34.1) за выдачу уведомления, подтверждающего, что в отношении культурных ценностей правом 
Евразийского экономического союза не установлен разрешительный порядок вывоза, - 3 000 рублей; 
34.2) за выдачу паспорта на музыкальный инструмент или смычок - 1 000 рублей; 
34.3) за выдачу удостоверения эксперта по культурным ценностям - 4 000 рублей; 
35) за выдачу заключения (разрешительного документа) на временный вывоз культурных ценностей, в том 
числе при продлении срока временного вывоза культурных ценностей: 
в случае временного вывоза культурных ценностей, включенных в состав Музейного фонда Российской 
Федерации, - 0,01 процента страховой стоимости временно вывозимых культурных ценностей, но не более 
5 000 рублей; 
в случае временного вывоза культурных ценностей, находящихся в собственности физических или 
юридических лиц, за исключением культурных ценностей, включенных в состав Музейного фонда 
Российской Федерации, - 0,01 процента стоимости временно вывозимых культурных ценностей, но не более 
5 000 рублей; 
36) за государственную регистрацию транспортных средств и совершение иных регистрационных действий, 
связанных: 
с выдачей государственных регистрационных знаков на автомобили, в том числе взамен утраченных или 
пришедших в негодность, - 2 000 рублей; 
с выдачей государственных регистрационных знаков на мототранспортные средства, прицепы, тракторы, 
самоходные дорожно-строительные и иные самоходные машины, в том числе взамен утраченных или 
пришедших в негодность, - 1 500 рублей; 
с выдачей паспорта транспортного средства, паспорта самоходной машины и других видов техники, в том 
числе взамен утраченного или пришедшего в негодность, - 800 рублей; 
с выдачей свидетельства о регистрации машины, в том числе взамен утраченного или пришедшего в 
негодность, - 500 рублей; 
с выдачей свидетельства о регистрации транспортного средства, в том числе взамен утраченного или 
пришедшего в негодность: 
изготавливаемого из расходных материалов на бумажной основе, - 500 рублей; 
изготавливаемого из расходных материалов на пластиковой основе нового поколения, - 1 500 рублей; 
37) за временную регистрацию ранее зарегистрированных транспортных средств по месту их пребывания - 
350 рублей; 
38) за внесение изменений в выданные ранее паспорт транспортного средства, паспорт самоходной 
машины и других видов техники - 350 рублей; 
39) за выдачу государственных регистрационных знаков транспортных средств ""Транзит"", в том числе 
взамен утраченных или пришедших в негодность: 
изготавливаемых из расходных материалов на металлической основе, на автомобили - 1 600 рублей;",Налоговый кодекс Российской Федерации.pdf,1286
"Что происходит, если соответствующей статьей Особенной части УК РФ предусмотрены смертная казнь или пожизненное лишение свободы, согласно статье 65 УК РФ?","Если 
соответствующей статьей Особенной части настоящего Кодекса предусмотрены смертная казнь или 
пожизненное лишение свободы, эти виды наказаний не применяются, а наказание назначается в пределах 
санкции, предусмотренной соответствующей статьей Особенной части настоящего Кодекса.",Уголовный кодекс Российской Федерации.pdf,23
Какие требования к протяженности улично-дорожной сети установлены в ГОСТ МДС 11-7.2000?,"Общие требования к методам
определения нефтепродуктов в природных и сточных водах
ГОСТ 17.2.1.01-76                   Охрана природы.",Data1_10_10865_index.pdf,33
"Что происходит, если выручка за реализуемые товары поступает на счета нескольких организаций?","Если налоговым органом в указанных случаях будет установлено, что выручка за реализуемые товары 
(работы, услуги) поступает на счета нескольких организаций или если с момента, когда организация, за 
которой числится недоимка, узнала или должна была узнать о назначении выездной налоговой проверки 
или о начале проведения камеральной налоговой проверки, произошла передача денежных средств, иного 
имущества нескольким основным (преобладающим, участвующим) обществам (предприятиям), зависимым 
(дочерним) обществам (предприятиям), взыскание недоимки производится с соответствующих организаций 
пропорционально доле поступившей им выручки за реализуемые товары (работы, услуги), доле 
переданных денежных средств, стоимости иного имущества.",Налоговый кодекс Российской Федерации.pdf,108
Что понимается под работой для целей налогообложения?,"Для целей настоящей главы под эксплуатацией судов, 
зарегистрированных в Российском открытом реестре судов лицами, получившими статус участника 
специального административного района в соответствии с Федеральным законом от 3 августа 2018 года 
N 291-ФЗ ""О специальных административных районах на территориях Калининградской области и 
Приморского края"", или в Российском международном реестре судов, понимается использование таких 
судов для перевозок грузов, пассажиров и их багажа и оказания иных связанных с осуществлением 
указанных перевозок услуг при условии, что пункт отправления и (или) пункт назначения расположены за 
пределами территории Российской Федерации, а также сдача таких судов в аренду для оказания таких 
услуг; 
33.1) в виде средств, полученных казенными учреждениями от приносящей доход деятельности и в 
соответствии с бюджетным законодательством Российской Федерации подлежащих перечислению в 
бюджетную систему Российской Федерации; 
33.2) доходы судовладельцев, полученные от эксплуатации и (или) реализации судов, построенных 
российскими судостроительными организациями после 1 января 2010 года и зарегистрированных в 
Российском открытом реестре судов лицами, получившими статус участника специального 
административного района в соответствии с Федеральным законом от 3 августа 2018 года N 291-ФЗ ""О 
специальных административных районах на территориях Калининградской области и Приморского края"", 
или в Российском международном реестре судов.",Налоговый кодекс Российской Федерации.pdf,922
"Каков размер штрафа за представление заведомо недостоверных сведений, предусмотренных законодательством об иностранных инвестициях на территории Российской Федерации?","Непредставление в федеральный орган исполнительной власти, уполномоченный на выполнение 
функций по контролю за осуществлением иностранных инвестиций в Российской Федерации, сведений 
(информации), предусмотренных законодательством об иностранных инвестициях на территории 
Российской Федерации, в том числе непредставление сведений (информации) по требованию указанного 
органа в установленный им срок, за исключением случаев, предусмотренных частями 1 и 2 настоящей 
статьи, либо представление в указанный орган заведомо недостоверных сведений (информации) - 
влечет наложение административного штрафа на граждан в размере от трех тысяч до пяти тысяч рублей; 
на должностных лиц - от тридцати тысяч до пятидесяти тысяч рублей; на юридических лиц - от пятисот 
тысяч до одного миллиона рублей.",Административный кодекс Российской Федерации.pdf,412
Какие требования предъявляются к проверке узла учета комиссией?,"Нарушение 
требований 
эксплуатации, 
определенных 
настоящей
Рекомендацией, приравнивается к выходу из строя узла учета тепловой энергии, в
том числе:
- несанкционированное вмешательство в его работу;
- нарушение пломб на оборудовании узла учета;
- работа любого из приборов узла за верхними пределами нормированной
погрешности (метрологический отказ);
- не предусмотренных проектом изменений на узле учета (врезки трубопроводов,
устройство байпасных линий и др.",Data1_10_10870_index.pdf,10
По истечении какого срока действие соглашения о сохранении занятости прекращается?,"Действие соглашения о сохранении занятости прекращается при наступлении одного из следующих 
обстоятельств: 
1) по истечении срока действия соглашения о сохранении занятости с 1 января 2031 года; 
2) в случае ликвидации или реорганизации организации, заключившей соглашение о сохранении занятости; 
3) в случае, если в период действия соглашения о сохранении занятости среднесписочная численность 
работников организации, заключившей соглашение о сохранении занятости, за один календарный месяц 
оказалась менее минимальной предельной численности работников, указанной в соглашении о сохранении 
занятости; 
4) в случае, если в период действия соглашения о сохранении занятости количество добытого полезного 
ископаемого за все налоговые периоды календарного года по участку недр, указанному в соглашении о 
сохранении занятости, оказалось менее планируемого объема добычи такого полезного ископаемого за 
соответствующий календарный год, указанного в соглашении о сохранении занятости; 
5) в случае несоблюдения организацией, заключившей соглашение о сохранении занятости, требования, 
предусмотренного пунктом 8 настоящей статьи; 
6) в случае прекращения права пользования одним из участков недр, указанных в соглашении о сохранении 
занятости, в соответствии с законодательством Российской Федерации о недрах; 
7) по соглашению сторон.",Налоговый кодекс Российской Федерации.pdf,1440
"Какие статьи КоАП рассматривают органы, осуществляющие государственный надзор в области охраны и использования особо охраняемых природных территорий, в части нарушения водоохранного режима на водосборах подземных водных объектов?","Органы, осуществляющие государственный экологический надзор, рассматривают дела об 
административных правонарушениях, предусмотренных частью 2 статьи 7.2 (об уничтожении и о 
повреждении знаков особо охраняемых природных территорий, а также знаков, устанавливаемых 
пользователями животным миром или органами, осуществляющими федеральный государственный 
надзор в области охраны, воспроизводства и использования объектов животного мира и среды их 
обитания, зданий и других сооружений, принадлежащих указанным пользователям и органам), статьей 7.6, 
частью 1 статьи 7.11, статьями 8.1, 8.2, 8.2.1, 8.2.2, 8.2.3, 8.4, 8.5, 8.5.1, статьями 8.6 и 8.7 (за исключением 
административных правонарушений, совершенных на землях сельскохозяйственного назначения, оборот 
которых регулируется Федеральным законом от 24 июля 2002 года N 101-ФЗ ""Об обороте земель 
сельскохозяйственного назначения""), статьей 8.12 (в части нарушения порядка отвода земельных участков 
в водоохранных зонах и прибрежных полосах водных объектов), частями 1, 2, 4 статьи 8.13, частью 1 статьи 
8.14, статьей 8.15, частями 1 и 3 статьи 8.17, статьями 8.18, 8.19, 8.21 - 8.23, частями 2 и 3 статьи 8.31, 
статьями 8.33 - 8.36, частью 3 статьи 8.37, статьями 8.39, 8.41, 8.41.1, 8.46, 8.47, 8.50, 8.51, частями 1 и 2 
статьи 14.43, частями 38 и 39 статьи 19.5 настоящего Кодекса.",Административный кодекс Российской Федерации.pdf,477
Какой срок отсрочки или рассрочки уплаты ввозных таможенных пошлин может быть предоставлен?,"Решение о предоставлении отсрочки или рассрочки уплаты ввозных таможенных пошлин 
принимается таможенным органом государства-члена, таможенным органом которого будет 
производиться выпуск товаров при их помещении под таможенную процедуру выпуска для 
внутреннего потребления.",Таможенный кодекс Евразийского экономического союза.pdf,60
"Какие условия должны быть соблюдены для участников региональных инвестиционных проектов, для которых не требуется включение в реестр участников региональных инвестиционных проектов?","Особенности применения налоговой ставки к налоговой базе, определяемой 
налогоплательщиками - участниками региональных инвестиционных проектов, для 
которых 
не 
требуется 
включение 
в 
реестр 
участников 
региональных 
инвестиционных проектов 
1.",Налоговый кодекс Российской Федерации.pdf,1101
В каких случаях допускается предусматривать совмещенное освещение согласно ГОСТ МДС 31-8.2002?,"В 
случае, 
когда 
из-за 
особенностей 
объемно-планировочных 
решений 
общественных,
административно-бытовых и жилых зданий или экономических соображений не представляется возможным
обеспечить требуемое значение КЕО в помещениях, допускается предусматривать совмещенное их освещение,
за исключением жилых комнат и кухонь жилых домов, помещений для пребывания детей, учебных и учебно-
производственных помещений школ и учебных заведений, спальных помещений санаториев и домов отдыха.",Data1_10_10846_index.pdf,12
"Когда уплачиваются акцизы для налогоплательщиков, имеющих свидетельство о регистрации для операций с прямогонным бензином?","Уплата акциза производится не позднее 25-го числа третьего месяца, следующего за истекшим 
налоговым периодом, следующими налогоплательщиками: 
1) имеющими свидетельство о регистрации лица, совершающего операции с прямогонным бензином, - при 
совершении операций с прямогонным бензином; 
2) имеющими свидетельство о регистрации лица, совершающего операции с бензолом, параксилолом или 
ортоксилолом, - при совершении операций с бензолом, параксилолом или ортоксилолом; 
3) утратил силу с 1 января 2021 г.",Налоговый кодекс Российской Федерации.pdf,715
Как определяется стоимость проектирования свайных фундаментов? (СНиП),"3 Стоимость проектирования дополнительных систем и устройств, не учтенных ценами таблицы 15, определяется по
специализированным ценникам или путем расчета в соответствии с калькуляцией затрат.",Data1_11_11835_index.pdf,9
Какие права управляющего проектом предусмотрены в МДС 11-11.2000?,"ГОССТРОЙ РОССИИ
ГОСУДАРСТВЕННОЕ ПРЕДПРИЯТИЕ
ЦЕНТР НАУЧНО-МЕТОДИЧЕСКОГО ОБЕСПЕЧЕНИЯ
ИНЖЕНЕРНОГО СОПРОВОЖДЕНИЯ ИНВЕСТИЦИЙ
В СТРОИТЕЛЬСТВЕ
(ГП «ЦЕНТРИНВЕСТпроект»)
ОРГАНИЗАЦИЯ РАБОТЫ
УПРАВЛЯЮЩЕГО ПРОЕКТОМ
(ГИПа, ГАПа)
В УСЛОВИЯХ РЫНКА
МЕТОДИЧЕСКИЕ РЕКОМЕНДАЦИИ
МДС 11-11.2000
МОСКВА 2002
Рассматриваются вопросы организации работы управляющего проектом в период
участия проектировщиков в проведении предварительных технико-экономических
оценок и расчетов инвестиций, проведении торгов (тендеров), при заключении
контракта (договора), проектировании, строительстве, вводе в действие объекта и
освоении проектных мощностей.",Data1_10_10858_index.pdf,1
Какие дополнительные сведения должны быть указаны в судебном приказе о взыскании алиментов?,"В судебном приказе указываются: 
1) номер дела и дата вынесения приказа; 
2) наименование суда, фамилия и инициалы судьи, вынесшего приказ; 
3) сведения о взыскателе: для гражданина-взыскателя - фамилия, имя, отчество (при наличии), дата и 
место рождения, место жительства или место пребывания, один из идентификаторов (страховой номер 
индивидуального лицевого счета, идентификационный номер налогоплательщика, серия и номер 
документа, удостоверяющего личность, серия и номер водительского удостоверения); для взыскателя, 
являющегося юридическим лицом, - наименование, адрес, идентификационный номер 
налогоплательщика; 
4) сведения о должнике, содержащиеся в заявлении о вынесении судебного приказа: для гражданина-
должника - фамилия, имя, отчество (при наличии), дата и место рождения, место жительства или место 
пребывания, место работы (если известно), один из идентификаторов (страховой номер индивидуального 
лицевого счета, идентификационный номер налогоплательщика, серия и номер документа, 
удостоверяющего личность, основной государственный регистрационный номер индивидуального 
предпринимателя, серия и номер водительского удостоверения); для организации-должника - 
наименование, адрес, идентификационный номер налогоплательщика и основной государственный 
регистрационный номер; 
5) закон, на основании которого удовлетворено требование; 
6) размер денежных сумм, подлежащих взысканию, или обозначение движимого имущества, 
подлежащего истребованию, с указанием его стоимости; 
7) размер неустойки, если ее взыскание предусмотрено федеральным законом или договором, а также 
размер пеней, если таковые причитаются; 
8) сумма государственной пошлины, подлежащая взысканию с должника в пользу взыскателя или в доход 
соответствующего бюджета; 
9) реквизиты банковского счета взыскателя, на который должны быть перечислены средства, подлежащие 
взысканию, в случае, если обращение взыскания производится на средства бюджетов бюджетной системы 
Российской Федерации; 
10) период, за который образовалась взыскиваемая задолженность по обязательствам, 
предусматривающим исполнение по частям или в виде периодических платежей.",Гражданский процессуальный кодекс Российской Федерации.pdf,49
Как утепляются канализационные стояки согласно ГОСТ МДС 13-18.2000?,"Канализационные стояки при прохождении через чердак соединяют раструбами
вверх, чтобы конденсат, образующийся в трубах, не попадал через стыки на перекрытие.",Data1_10_10852_index.pdf,12
В какие сроки должно быть уведомление об одностороннем отказе от договора аренды земельного участка?,"Уведомление об одностороннем отказе от 
договора аренды такого земельного участка или исполнения договора аренды такого земельного участка 
направляется исполнительным органом государственной власти или органом местного самоуправления, 
предусмотренными статьей 39.2 настоящего Кодекса, в течение одного месяца со дня поступления от 
органа местного самоуправления поселения, городского округа по месту нахождения самовольной 
постройки или в случае, если самовольная постройка расположена на межселенной территории, органа 
муниципального района уведомления о невыполнении арендатором указанных обязанностей в срок, 
установленный решением о сносе самовольной постройки либо решением о сносе самовольной постройки 
или ее приведении в соответствие с установленными требованиями, или уведомления о невыполнении 
арендатором таких обязательств по истечении срока, установленного для выполнения таких обязательств 
договором аренды такого земельного участка, за исключением случаев, указанных в пунктах 5 и 7 
настоящей статьи.",Земельный кодекс Российской Федерации.pdf,121
Как может осуществляться разработка проектно-сметной документации на капитальный ремонт сложных объектов согласно ГОСТ МДС 14-13.2000?,"Для обеспечения высокого качества проектов и сокращения сроков проектирования
разработка проектно-сметной документации на капитальный ремонт сложных объектов может
осуществляться на договорных началах проектными организациями.",Data1_1_1879_index.pdf,10
"Что означает ""запреты и ограничения"" в статье 143?","Комментарии к статьям на сайте 
https://tkeaes.ru/ 
 
 
 
технологического или иного характера, произошедшее с транспортными средствами и (или) иными 
товарами, находящимися под таможенным контролем, повлекшее за собой не предусмотренные 
международными договорами и актами в сфере таможенного регулирования их количественные и 
(или) качественные изменения, которые не вызваны преднамеренными действиями собственника и 
(или) лица, во владении которого товары находились на момент таких изменений, за исключением 
естественных изменений при нормальных условиях перевозки (транспортировки) и (или) хранения, 
а также изменений вследствие действия непреодолимой силы; 
2) ""административные правонарушения"" - административные правонарушения, по 
которым в соответствии с законодательством государств-членов таможенные органы ведут 
административный процесс (осуществляют производство); 
3) ""ввоз товаров на таможенную территорию Союза"" - совершение действий, которые 
связаны с пересечением таможенной границы Союза и в результате которых товары прибыли на 
таможенную территорию Союза любым способом, включая пересылку в международных почтовых 
отправлениях, использование трубопроводного транспорта и линий электропередачи, до выпуска 
таких товаров таможенными органами; 
4) ""водные суда"" - морские суда, суда смешанного (река - море) плавания, а также 
подлежащие государственной регистрации в соответствии с законодательством государств-членов 
суда внутреннего водного транспорта (плавания); 
5) ""вывоз товаров с таможенной территории Союза"" - совершение действий, 
направленных на вывоз товаров с таможенной территории Союза любым способом, в том числе 
пересылка в международных почтовых отправлениях, использование трубопроводного транспорта 
и линий электропередачи, включая пересечение таможенной границы Союза; 
6) ""выпуск товаров"" - действие таможенного органа, после совершения которого 
заинтересованные лица вправе использовать товары в соответствии с заявленной таможенной 
процедурой или в порядке и на условиях, которые установлены в отношении отдельных категорий 
товаров, не подлежащих в соответствии с настоящим Кодексом помещению под таможенные 
процедуры; 
7) ""декларант"" - лицо, которое декларирует товары либо от имени которого декларируются 
товары; 
8) ""денежные инструменты"" - дорожные чеки, векселя, чеки (банковские чеки), а также 
ценные бумаги в документарной форме, которые удостоверяют обязательство эмитента (должника) 
по выплате денежных средств и в которых не указано лицо, которому осуществляется такая 
выплата; 
9) ""заинтересованное лицо""  - лицо, интересы которого в отношении товаров 
затрагиваются решениями, действиями (бездействием) таможенных органов или их должностных 
лиц; 
10) ""запреты и ограничения"" - применяемые в отношении товаров, перемещаемых через 
таможенную границу Союза, меры нетарифного регулирования, в том числе вводимые в 
одностороннем порядке в соответствии с Договором о Союзе, меры технического регулирования, 
санитарные, ветеринарно-санитарные и карантинные фитосанитарные меры, меры экспортного 
контроля, в том числе меры в отношении продукции военного назначения, и радиационные 
требования, установленные в соответствии с Договором о Союзе и (или) законодательством 
государств-членов; 
11) ""иностранное лицо"" - лицо, не являющееся лицом государства-члена; 
12) ""иностранные товары"" - товары, не являющиеся товарами Союза, в том числе",Таможенный кодекс Евразийского экономического союза.pdf,1
"Какой размер штрафа предусмотрен для лиц, осуществляющих предпринимательскую деятельность без образования юридического лица, за невыполнение правил поведения при чрезвычайной ситуации или угрозе ее возникновения?","Невыполнение правил поведения при введении режима повышенной готовности на территории, на 
которой существует угроза возникновения чрезвычайной ситуации, или в зоне чрезвычайной ситуации, за 
исключением случаев, предусмотренных частью 2 статьи 6.3 настоящего Кодекса, - 
влечет предупреждение или наложение административного штрафа на граждан в размере от одной тысячи 
до тридцати тысяч рублей; на должностных лиц - от десяти тысяч до пятидесяти тысяч рублей; на лиц, 
осуществляющих предпринимательскую деятельность без образования юридического лица, - от тридцати 
тысяч до пятидесяти тысяч рублей; на юридических лиц - от ста тысяч до трехсот тысяч рублей.",Административный кодекс Российской Федерации.pdf,438
Какие ключевые термины и определения приведены в разделе 'Общие положения' ГОСТ МДС 81-13.2000?,"Образцы форм и таблиц качественного сопоставления строительных параметров испытаний и
сертификации приведены в разделе 4.",Data1_10_10865_index.pdf,31
Как заказчик-застройщик проверяет цены и предъявленные к оплате документы подрядных организаций в соответствии с СНиП?,"В области финансирования, учета и отчетности: определяет и согласовывает с
подрядчиком (подрядчиками) при участии проектной и субподрядных организаций
договорные цены на строительство предприятий, пусковых комплексов и объектов в
соответствии с действующими нормативными документами;
оформляет в установленные сроки договоры подряда на капитальное строительство
(при строительстве объектов „под ключ"" и вахтовым методом - с учетом их особенностей)
с генеральным подрядчиком (подрядчиками);
определяет сумму прибыли, передаваемой подрядчику при досрочном вводе в действие
производственных мощностей и объектов;
с согласия генерального подрядчика заключает договоры с соответствующими
организациями на выполнение шефмонтажных и пусконаладочных работ, проведение
комплексного опробования оборудования (вхолостую и на рабочих режимах) с участием
проектных, подрядных строительных и монтажных организаций, а при необходимости - и
заводов-изготовителей оборудования, а также на наладку технологических процессов;
обеспечивает в учреждениях банков своевременное открытие и непрерывное
финансирование проектно-изыскательских работ и строительства объектов в пределах
выделенных объемов капитальных вложений, а также представление банкам всей
необходимой для этого документации;
ведет бухгалтерский, оперативный и статистический учет, составляет и представляет в
установленном порядке соответствующим органам отчетность по всем видам деятельности
(по утвержденным формам в установленные сроки) и несет ответственность за ее
достоверность;
проверяет цены и предъявленные к оплате документы подрядных организаций,
поставщиков, проектно-изыскательских и других организаций за выполненные работы,
поставленную продукцию и оказанные услуги;
учитывает и контролирует расходование сметного лимита по соответствующей
структуре капитальных вложений, а также достоверность бухгалтерского учета по
объектам строительства и затратам;
своевременно предъявляет претензии к подрядным организациям, поставщикам,
проектно-изыскательским и другим организациям об уплате неустойки (штрафа, пени) за
невыполнение или ненадлежащее выполнение договорных обязательств;
производит в установленном порядке оплату работ на основании подписанных им
документов об объеме и стоимости выполненных работ, а также окончательные расчеты по
законченным строительством объектам;",Data1_1_1804_index.pdf,3
Какие требования к сокращенному объему проектной документации предъявляет ГОСТ?,"Требования к составу и содержанию проектной документации лесного участка, порядок 
ее подготовки, а также требования к формату проектной документации устанавливаются 
уполномоченным федеральным органом исполнительной власти.",Лесной кодекс Российской Федерации.pdf,56
"Какие исключения предусмотрены ГОСТ МДС 81-8.2000 для финансирования пусконаладочных работ в детских учреждениях, школах и домах-интернатах?","Следует иметь в виду, что в сборниках ресурсных сметных норм содержатся затраты
труда только пусконаладочного персонала и не приводятся данные о: расходе
материальных ресурсов, сырья и полуфабрикатов, используемых при проведении
пусконаладочных работ; затратах на эксплуатацию применяемых при выполнении
пусконаладочных работ оборудования, приборов, приспособлений, стендов для
испытаний; затратах труда участвующего в пуске и комплексном опробовании
оборудования эксплуатационного персонала.",Data1_10_10864_index.pdf,7
Какой разряд зрительной работы установлен для лестничных клеток согласно ГОСТ МДС 31-8.2002?,"повреждений элементов
лестниц, стен или
перекрытий лестничных
клеток козырьков над
входами
место
2,5
0,8
 
 
Б
Использование
помещений не по
назначению или
перепланировка без
разрешения
помещение
1,5
0,5
 
 
Б
Неисправность или
отсутствие
самозакрывающихся
устройств дверей,
электроосвещения,
входных дверей, окон,
остекления ограждений
маршей и площадок, их
захламленность,
загрязненность
место
0,5
0,04
 
Крыши
 
А
Нарушение
температурно-
влажностного режима
холодных и теплых
чердаков, нарушение
работы вентиляционных
устройств
(вентиляционных
коробок и шахт)
промерзание
конструкций теплых
чердаков или выпадение
конденсата и образование
сосулек крыш с
холодным чердаком,
отсутствие или
недостаточность
утепления чердачного
перекрытия
100 м2
1,2
0,4
 
 
А
Загнивание, прогибы,
нарушение в
соединениях и др.",Data1_10_10861_index.pdf,40
Что такое субсидии на оплату жилого помещения и коммунальных услуг?,"Субсидии на оплату жилого помещения и коммунальных услуг (далее - субсидии) предоставляются 
гражданам в случае, если их расходы на оплату жилого помещения и коммунальных услуг, рассчитанные 
исходя из размера регионального стандарта нормативной площади жилого помещения, используемой для 
расчета субсидий, и размера регионального стандарта стоимости жилищно-коммунальных услуг, 
устанавливаемого по правилам части 6 настоящей статьи, превышают величину, соответствующую 
максимально допустимой доле расходов граждан на оплату жилого помещения и коммунальных услуг в 
совокупном доходе семьи.",Жилищный кодекс Российской Федерации.pdf,131
Какая высота борта ванны зависит от волн согласно ГОСТ МДС 35-7.2000?,"1 - пандус; 2 - обходная дорожка; 3 - камера волнообразующей машины; 4 - высота борта (зависит от
волн); 5 - нормальный уровень воды
ДЕТАЛИ И ЭЛЕМЕНТЫ ДЕТСКИХ ВАНН
· Для детей слепых и ограниченно зрячих необходима тактильная и цветовая
разметка пола для ориентации в помещении.",Data1_10_10847_index.pdf,32
Может ли законодательство государств-членов устанавливать иные основания для исключения таможенного перевозчика из реестра?,"Законодательством государств-членов могут устанавливаться иные основания для 
исключения таможенного перевозчика из реестра таможенных перевозчиков.",Таможенный кодекс Евразийского экономического союза.pdf,461
"Какие документы необходимы для подтверждения права на имущественный налоговый вычет при приобретении прав на квартиру, комнату или долю в строящемся доме?","Комментарии к статьям на сайте
https://nkodeksrf.ru/
расходы на приобретение жилого дома или доли (долей) в нем, в том числе не оконченного 
строительством; 
расходы, связанные с работами или услугами по строительству (достройке жилого дома или доли (долей) в 
нем, не оконченного строительством) и отделке; 
расходы на подключение к сетям электро-, водо- и газоснабжения и канализации или создание автономных 
источников электро-, водо- и газоснабжения и канализации; 
4) в фактические расходы на приобретение квартиры, комнаты или доли (долей) в них могут включаться 
следующие расходы: 
расходы на приобретение квартиры, комнаты или доли (долей) в них либо прав на квартиру, комнату или 
доли (долей) в них в строящемся доме; 
расходы на приобретение отделочных материалов; 
расходы на работы, связанные с отделкой квартиры, комнаты или доли (долей) в них, а также расходы на 
разработку проектной и сметной документации на проведение отделочных работ; 
5) принятие к вычету расходов на достройку и отделку приобретенного жилого дома или доли (долей) в них 
либо отделку приобретенной квартиры, комнаты или доли (долей) в них возможно в том случае, если 
договор, на основании которого осуществлено такое приобретение, предусматривает приобретение не 
завершенных строительством жилого дома, квартиры, комнаты (прав на квартиру, комнату) без отделки или 
доли (долей) в них; 
6) если иное не предусмотрено пунктом 8.1 настоящей статьи, для подтверждения права на имущественный 
налоговый вычет налогоплательщик представляет в налоговый орган: 
договор о приобретении жилого дома или доли (долей) в нем - при приобретении жилого дома или доли 
(долей) в нем; 
договор о строительстве жилого дома или доли (долей) в нем - при привлечении в целях строительства 
жилого дома или доли (долей) в нем сторонних лиц; 
договор о приобретении квартиры, комнаты или доли (долей) в них - при приобретении квартиры, комнаты 
или доли (долей) в них в собственность; 
договор участия в долевом строительстве и передаточный акт или иной документ о передаче объекта 
долевого строительства застройщиком и принятии его участником долевого строительства, подписанный 
сторонами, - при приобретении прав на квартиру, комнату или долю (доли) в них в строящемся доме; 
договор о приобретении земельного участка или доли (долей) в нем - при приобретении земельного 
участка или доли (долей) в нем, предоставленного для индивидуального жилищного строительства, и 
земельного участка, на котором расположены приобретаемые жилой дом или доля (доли) в нем; 
свидетельство о рождении ребенка - при приобретении родителями жилого дома, квартиры, комнаты или 
доли (долей) в них, земельных участков или доли (долей) в них, предоставленных для индивидуального 
жилищного строительства, и земельных участков или доли (долей) в них, на которых расположены 
приобретаемые жилые дома или доля (доли) в них, в собственность своих детей в возрасте до 18 лет;",Налоговый кодекс Российской Федерации.pdf,854
Как определяются правомочия доверительного управляющего по распоряжению ценными бумагами?,"Правомочия доверительного управляющего по распоряжению ценными бумагами определяются в 
договоре доверительного управления.",Гражданский кодекс Российской Федерации.pdf,414
Какие данные о совместном применении указываются в указаниях по применению?,"В мотивировочной части решения суда о восстановлении утраченного производства также указываются 
выводы суда о доказанности обстоятельств, которые обсуждались судом, и о том, какие процессуальные 
действия совершались по утраченному производству.",Гражданский процессуальный кодекс Российской Федерации.pdf,124
Какая основная заработная плата указана в таблице 1 согласно ГОСТ?,"Величина накладных расходов рассчитывается исходя из того, что: основная
заработная плата соответствует ее величине в РТМ (см.",Data1_2_2080_index.pdf,16
Какие машины могут учитываться в расчете затрат на эксплуатацию?,"Средства на содержание дирекции при сооружении объектов за счет
государственных централизованных капитальных вложений предусматриваются в сводном
сметном расчете стоимости строительства на весь период строительства в соответствии с
нормами его продолжительности и могут расходоваться в этих пределах.",Data1_1_1804_index.pdf,10
Какие данные необходимы для расчета коэффициента пересчета сметной стоимости работ по монтажу оборудования согласно Форме № 4?,"Порядок дополнения сборников федеральных единичных расценок
Приложение 1 Перечень сборников ФЕРм-2001
Приложение 2 Форма выходной таблицы ФЕРм-2001
Приложение 3 Рекомендуемые коэффициенты к нормам затрат труда, оплате
труда рабочих-монтажников (с учетом коэффициентов к расценкам из
технической части сборников), затратам на эксплуатацию машин (включая
оплату труда рабочих, обслуживающих машины), для учета в сметах влияния
условий производства работ, предусмотренных проектами
Приложение 4 Формы, используемые при расчете коэффициентов для
пересчета федеральных единичных расценок на монтаж оборудования (ФЕРм)
в территориальный (отраслевой) уровень цен
Приложение 5 Пример расчета коэффициентов к федеральным единичным
расценкам на монтаж оборудования при применении их для региона (отрасли),
в которых отсутствуют территориальные (отраслевые) расценки
Форма № 1 – Ведомость потребных ресурсов по РТМ
Форма № 2 - Расчет коэффициента пересчета оплаты труда рабочих-
монтажников
Форма № 3 - Расчет коэффициента пересчета стоимости эксплуатации
машин и оплаты труда машинистов
Форма № 4 - Расчет коэффициента пересчета стоимости материалов
Форма № 5 Расчет коэффициента пересчета сметной стоимости работ по
монтажу оборудования.",Data1_10_10754_index.pdf,31
В какие сроки должны быть выданы или направлены решения о предоставлении жилых помещений по договорам социального найма?,"Основанием для отказа гражданину в приеме у него заявления является отсутствие решения о 
постановке гражданина на учет нуждающихся в предоставлении жилых помещений по договорам найма 
жилых помещений жилищного фонда социального использования или несоответствие гражданина 
установленным в соответствии с пунктом 1 части 3 статьи 91.17 настоящего Кодекса категориям граждан, 
которым могут быть предоставлены жилые помещения наймодателем, либо решение наймодателя, 
принятое в соответствии с частью 3 настоящей статьи.",Жилищный кодекс Российской Федерации.pdf,76
Какие виды профессиональной тайны упоминаются в тексте?,"При этом судьи арбитражного суда не лишены 
права в соответствии со статьей 20 настоящего Кодекса изложить свое особое мнение, что не может 
рассматриваться как нарушение тайны совещания судей.",Арбитражный процессуальный кодекс Российской Федерации.pdf,87
Какие меры предписаны ГОСТ МДС 17-13.2000 при протекании канализационной сети?,"неплотность дымоходов,
повреждение оголовков
ПН-5-9
Наличие запаха газа в квартирах
из-за неисправности газовых
приборов, трубопроводов и
арматуры
Эксплуатация систем
газоснабжения жилых домов
или приборов в отдельных
квартирах не допускается при
угрожающем состоянии здания
или квартиры (осадка
фундамента, повреждение
несущих конструкций)
Устранить неисправность в
течение 1 суток с
немедленным
прекращением эксплуатации
оборудования до
исправления
ПН-5-91 Наличие разрушений штукатурки
потолка и стен или сквозных
отверстий в перекрытиях и стенах,
наличие трещин и щелей в дверях
и перегородках, отделяющих
кухни от жилых комнат
То же
Устранить неисправность в
течение месяца с
отключением при
необходимости газового
оборудования
ПН-5-91 Неисправности электропроводки и
отсутствие электроосвещения в
помещениях, где имеются
газопроводы и оборудование,
работающее на газе
То же
Устранить неисправности
электропроводки и
электроосвещения - в
течение 1 суток
ПН-5-91 Неисправность вентиля холодной
воды, установленного перед
водонагревательными или
отопительными аппаратами
То же
Замена или ремонт вентиля
в течение 1 суток
Н-5-92
Отсутствие предупреждения об
отключении систем газоснабжения
или отключение на срок,
превышающий указанный в
уведомлении
О предстоящих отключениях
систем газоснабжения жилых
домов предприятия газового
хозяйства предупреждает
жилищно-эксплуатационную
организацию за двое суток
Принять меры к
возобновлению подачи газа
в ближайшее время
12.",Data1_10_10861_index.pdf,33
Какие типы оборудования перечислены в Приложении 19 к ГОСТ (к СНиП 3.02.01-83) для силикатизации и смолизации грунтов?,"Пособие
по производству работ при устройстве оснований и фундаментов
(к СНиП 3.02.01-83)
 
Часть 1
Раздел 1 Общая часть
Раздел 2 Естественные основания
Раздел 3 Уплотнение грунтов
Раздел 4 Строительное водопонижение
Раздел 5 Закрепление грунтов
Раздел 6 Искусственное замораживание грунтов
Часть 2
Раздел 7 Сооружения, устраиваемые способом ""стена в грунте""
Раздел 8 Свайные фундаменты, шпунтовые ограждения и анкеры
Раздел 9 Опускные колодцы и кессоны
Приложения",Data1_11_11293_index.pdf,1
Какие требования предъявляются к разработке альтернативного варианта оферты согласно ГОСТ МДС-80-8.2000?,"При разработке альтернативного варианта оферты
Приложение 1 Примеры формулировки задач для тендерной документации
Приложение 2 Примеры образцов по услугам подрядчиков и субподрядчиков
Приложение 3 Схема нормативно-правового регулирования строительства (услуг)
Приложение 4 Разновидности подрядных торгов в Российской Федерации",Data1_10_10865_index.pdf,44
В каких случаях срок пребывания руководителя научной организации в должности может быть продлен?,"В отдельных случаях, предусмотренных федеральными законами или решениями Президента Российской 
Федерации, срок пребывания руководителя государственной или муниципальной образовательной 
организации высшего образования в своей должности по достижении им возраста, установленного частью 
второй настоящей статьи, может быть продлен.",Трудовой кодекс Российской Федерации.pdf,194
Кто такие экспертные организации?,"Такие убытки не подлежат распределению между судном, грузом и фрахтом, и их 
несет тот, кто их потерпел, или тот, кто несет ответственность за их причинение.",Кодекс торгового мореплавания Российской Федерации.pdf,93
Как федеральный орган исполнительной власти уведомляет организацию о результате взаимосогласительной процедуры?,"О положительном результате формальной экспертизы заявки на изобретение и о дате подачи заявки на 
изобретение федеральный орган исполнительной власти по интеллектуальной собственности уведомляет 
заявителя незамедлительно после завершения формальной экспертизы.",Гражданский кодекс Российской Федерации.pdf,583
"Как учреждение или орган, на которые возложено исполнение наказания, извещает суд о месте отбывания наказания осужденным?","Учреждение или орган, на которые возложено исполнение наказания, должны извещать суд, 
постановивший приговор, о месте отбывания наказания осужденным.",Уголовно-процессуальный кодекс Российской Федерации.pdf,241
В каких случаях налогоплательщик - участник соглашения о защите и поощрении капиталовложений может уменьшать подлежащие уплате суммы налогов?,"Налогоплательщик - участник соглашения о защите и поощрении капиталовложений, одной из сторон 
которого является Российская Федерация, в случаях и порядке, которые предусмотрены положениями 
настоящей статьи и соответствующих глав части второй настоящего Кодекса, вправе уменьшать подлежащие 
уплате в бюджет суммы налогов (авансовых платежей по налогам) на налоговые вычеты в размере 
фактически осуществленных затрат, по которым Федеральным законом ""О защите и поощрении 
капиталовложений в Российской Федерации"" предусмотрено предоставление мер государственной 
поддержки (далее в целях настоящего Кодекса - налоговый вычет для СЗПК).",Налоговый кодекс Российской Федерации.pdf,87
Какие санкции могут быть применены к нарушителям положений Примерного профессионального кодекса инженеров-строителей согласно ГОСТу и СНиП?,"Нарушение положений Кодекса влечет за собой применение к нарушителю
следующих санкций со стороны коллег:
предупреждение;
общественное порицание;
ходатайство 
перед 
соответствующими 
должностными 
лицами 
и 
(или)
организациями о временном или постоянном ограничении профессиональной
деятельности специалиста;
выражение профессионального недоверия специалисту и его исключение из
членов 
профессиональной 
общественной 
организации 
в 
совокупности 
с
ходатайством об увольнении специалиста из соответствующего предприятия
(организации).",Data1_10_10851_index.pdf,6
Какое сечение проводов должно быть рассчитано при проектировании воздушной линии электропередачи на напряжение 35 кВ согласно ГОСТ МДС-80-8.2000?,"Приложение 1
ПРИМЕРЫ ФОРМУЛИРОВКИ ЗАДАЧ ДЛЯ ТЕНДЕРНОЙ ДОКУМЕНТАЦИИ
Примеры простейших подрядных торгов
Проектирование и строительство воздушной линии электропередачи на напряжение 35 кВ в связи с
техническим перевооружением предприятия
Заказчик обладает необходимыми инвестиционными ресурсами, определены дополнительные
электрические нагрузки, получено разрешение на присоединение и технические условия от
электроснабжающей 
организации 
(предприятия), 
в 
соответствии 
с 
Правилами 
пользования
электрической и тепловой энергией.",Data1_10_10865_index.pdf,40
Кто обязан представлять уведомления об участии в международной группе компаний?,"Налогоплательщики (за исключением иностранных организаций, получающих только доходы, указанные 
в статье 309 настоящего Кодекса), являющиеся участниками международной группы компаний, в случаях, 
порядке и сроки, которые установлены настоящей статьей, представляют в федеральный орган 
исполнительной власти, уполномоченный по контролю и надзору в области налогов и сборов, уведомления 
об участии в международной группе компаний.",Налоговый кодекс Российской Федерации.pdf,312
"Какой закон РФ вносит изменения и дополнения в Закон РСФСР ""О медицинском страховании граждан в РСФСР""?","Закон РФ от
02.04.93 № 4741-1
«О внесении
изменений и
дополнений в Закон
РСФСР ""О
медицинском
страховании
граждан в РСФСР""».",Data1_2_2070_index.pdf,33
"Какое углеводородное сырье, добытое на морском месторождении углеводородного сырья, освобождается от налогообложения?","В случае, если налогоплательщик, указанный в пункте 1 настоящей статьи, в течение отчетного 
(налогового) периода передает углеводородное сырье, добытое на новом морском месторождении 
углеводородного сырья, на переработку другим структурным подразделениям этого же налогоплательщика 
или передает такое сырье третьим лицам для переработки на давальческой основе и при этом такая 
переработка углеводородного сырья другими структурными подразделениями налогоплательщика или 
третьими лицами не относится к осуществлению деятельности, связанной с добычей углеводородного 
сырья на новом морском месторождении углеводородного сырья, такой налогоплательщик при исчислении 
налоговой базы за соответствующий отчетный (налоговый) период проводит следующие корректировки 
доходов от реализации и расходов, связанных с производством и реализацией: 
при исчислении налоговой базы при осуществлении деятельности, связанной с добычей углеводородного 
сырья на указанном новом морском месторождении углеводородного сырья, доходы от реализации 
увеличиваются на стоимость такого углеводородного сырья; 
при исчислении налоговой базы, к которой применяется налоговая ставка, установленная 
пунктом 1 статьи 284 настоящего Кодекса, расходы, связанные с производством и реализацией, 
увеличиваются на стоимость такого углеводородного сырья.",Налоговый кодекс Российской Федерации.pdf,1035
"Какой год издания у рекомендаций по проектированию, устройству и эксплуатации светопрозрачных конструкций промышленных зданий, выпущенных ЦНИИпромзданий Госстроя СССР?","Рекомендации по проектированию, устройству и эксплуатации светопрозрачных конструкций
промышленных зданий/ЦНИИпромзданий Госстроя СССР.",Data1_10_10846_index.pdf,54
Может ли принципал ссылаться на отсутствие у агента надлежащих полномочий в отношениях с третьими лицами?,"В случаях, когда в агентском договоре, заключенном в письменной форме, предусмотрены общие 
полномочия агента на совершение сделок от имени принципала, последний в отношениях с третьими 
лицами не вправе ссылаться на отсутствие у агента надлежащих полномочий, если не докажет, что третье 
лицо знало или должно было знать об ограничении полномочий агента.",Гражданский кодекс Российской Федерации.pdf,408
Какой телефон можно использовать для получения бесплатной юридической консультации в регионах России?,"В необходимых случаях при осмотре письменных или вещественных доказательств, воспроизведении 
аудио- или видеозаписи, назначении экспертизы, допросе свидетелей, принятии мер по обеспечению 
доказательств суд может привлекать специалистов для получения консультаций, пояснений и оказания 
непосредственной технической помощи (фотографирования, составления планов и схем, отбора образцов 
для экспертизы, оценки имущества).",Гражданский процессуальный кодекс Российской Федерации.pdf,78
"Какой штраф предусмотрен за представление странового отчета, содержащего недостоверные сведения?","Непредставление странового отчета, представление странового отчета, 
содержащего недостоверные сведения 
Неправомерное непредставление в установленный срок странового отчета или представление странового 
отчета, содержащего недостоверные сведения, 
влечет взыскание штрафа в размере 100 000 рублей.",Налоговый кодекс Российской Федерации.pdf,364
Какие требования к отчетности об исполнении государственного (муниципального) задания должны быть указаны?,"Государственное (муниципальное) задание должно содержать: 
абзац второй утратил силу с 1 января 2011 г.; 
показатели, характеризующие качество и (или) объем (содержание) оказываемых 
государственных (муниципальных) услуг (выполняемых работ); 
порядок контроля за исполнением государственного (муниципального) задания, в том числе 
условия и порядок его досрочного прекращения; 
требования к отчетности об исполнении государственного (муниципального) задания.",Бюджетный кодекс Российской Федерации.pdf,75
Как уполномоченный орган выдает заключение об исчезновении характерных условий?,"Уполномоченный орган осуществляет контроль за сохранением особых свойств товара, в отношении 
которого зарегистрировано наименование места происхождения товара, в том числе выдает заключение 
об исчезновении характерных для данного географического объекта условий и о невозможности 
производить товар, который обладает особыми свойствами, указанными в Государственном реестре 
указаний и наименований, в отношении которого зарегистрировано наименование места происхождения 
товара.",Гражданский кодекс Российской Федерации.pdf,652
Кто проводит экспертизу?,"Если действие, указанное в объявлении, совершено двумя или более лицами и невозможно определить, 
кто из них совершил соответствующее действие первым, а также в случае, если действие совершено двумя 
или более лицами одновременно, награда между ними делится поровну или в ином предусмотренном 
соглашением между ними размере.",Гражданский кодекс Российской Федерации.pdf,424
"Проводится ли предварительное судебное заседание в делах, рассматриваемых в порядке упрощенного производства?","Предварительное судебное заседание по делам, 
рассматриваемым в порядке упрощенного производства, не проводится.",Гражданский процессуальный кодекс Российской Федерации.pdf,95
"Какие организации могут принимать от граждан в залог движимые вещи, предназначенные для личного потребления?","Принятие от граждан в залог движимых вещей, предназначенных для личного потребления, в 
обеспечение краткосрочных займов может осуществляться в качестве предпринимательской деятельности 
специализированными организациями - ломбардами.",Гражданский кодекс Российской Федерации.pdf,192
В каком случае арбитражный суд может поручить другому арбитражному суду произвести определенные процессуальные действия?,"Арбитражный суд, рассматривающий дело, в случае невозможности получения 
доказательств, находящихся на территории другого субъекта Российской Федерации, в порядке, 
предусмотренном 
статьей 
66 
настоящего 
Кодекса, 
вправе 
поручить 
соответствующему 
арбитражному суду произвести определенные процессуальные действия.",Арбитражный процессуальный кодекс Российской Федерации.pdf,35
Какие виды инспекционных проверок выполняются Государственной жилищной инспекцией согласно МДС 17-13.2000?,"№ 8
Москва 2002
Методические 
рекомендации 
по 
проведению 
инспекционных 
обследований
государственной 
жилищной 
инспекцией 
разработаны 
для 
проверки 
любого
подконтрольного объекта, независимо от его ведомственной подчиненности и формы
собственности.",Data1_10_10861_index.pdf,1
"Кто осуществляет контроль за межбюджетными субсидиями, субвенциями, трансфертами и кредитами?","Уполномоченный федеральный орган исполнительной власти по контролю за 
осуществлением переданных полномочий: 
1) дает согласие на назначение на должность руководителя органа исполнительной власти 
соответствующего субъекта Российской Федерации, осуществляющего переданные в соответствии 
с частью 1 настоящей статьи полномочия; 
2) осуществляет контроль за правовым регулированием органами государственной власти 
субъектов Российской Федерации вопросов, связанных с осуществлением переданных в 
соответствии с частью 1 настоящей статьи полномочий, с правом направления обязательных для 
исполнения предписаний об отмене нормативных правовых актов субъектов Российской 
Федерации или о внесении в них изменений, а также с правом отмены правовых актов органов 
исполнительной власти субъектов Российской Федерации, осуществляющих переданные им 
полномочия, в части, регулирующей осуществление переданных им полномочий, по основаниям и 
в порядке, которые установлены Правительством Российской Федерации; 
3) осуществляет контроль за эффективностью и качеством осуществления переданных 
органам государственной власти субъектов Российской Федерации в соответствии с частью 1 
настоящей статьи полномочий с правом направления обязательных для исполнения предписаний 
об устранении выявленных нарушений, а также представлений об отстранении от должности и 
(или) о привлечении к дисциплинарной ответственности, в том числе об освобождении от 
занимаемой должности, должностных лиц, ответственных за неисполнение или ненадлежащее 
исполнение переданных полномочий; 
4) осуществляет контроль за достоверностью сведений о пожарной опасности в лесах и 
лесных пожарах, представляемых уполномоченными органами исполнительной власти субъектов 
Российской Федерации, осуществляющими переданные им в соответствии с частью 1 настоящей 
статьи полномочия, в порядке, установленном Правительством Российской Федерации; 
5) осуществляет в порядке, установленном Правительством Российской Федерации, 
контроль за достоверностью сведений о санитарном и лесопатологическом состоянии лесов и 
обоснованностью мероприятий, предусмотренных актами лесопатологических обследований, 
утвержденными уполномоченными органами государственной власти субъектов Российской 
Федерации, осуществляющими переданные им в соответствии с частью 1 настоящей статьи 
полномочия, с правом направления обязательных для исполнения предписаний об отмене 
соответствующих актов лесопатологических обследований или о внесении в них изменений; 
6) осуществляет оценку эффективности осуществления органами государственной власти 
субъектов Российской Федерации переданных им в соответствии с частью 1 настоящей статьи",Лесной кодекс Российской Федерации.pdf,78
Что такое «договорное потребление теплоносителя» в документе МДС 41-3.2000?,"«баланс тепловой энергии системы теплоснабжения (тепловой баланс)» - итог
распределения количеств тепловой энергии, отпущенной источником (источниками)
тепла с учетом потерь при передаче и распределении тепловой энергии до границ
эксплуатационной ответственности и использованной абонентами;
«баланс 
теплоносителей 
системы 
теплоснабжения 
(водный 
баланс;
пароконденсатный баланс)» - итог распределения количеств теплоносителей
(сетевая вода; пар; конденсат), отпущенных источником (источниками) тепла с
учетом потерь при транспортировании до границ эксплуатационной ответственности
и использованных абонентами;
«бронь аварийная» - минимальный расход тепловой энергии и (или)
теплоносителей, обеспечивающий безопасное для персонала и окружающей среды
состояние предприятия с полностью остановленным технологическим процессом;
«бронь технологическая» - наименьший расход тепловой энергии и (или)
теплоносителей и продолжительность времени, необходимые потребителю для
безопасного завершения технологического процесса, цикла производства, после чего
может быть произведено отключение соответствующего теплоиспользующего
оборудования;
«ввод в эксплуатацию» - заполнение тепловых сетей и систем теплопотребления
абонента теплоносителем и постановка их под давление, производимые после
надлежащего оформления допуска объекта в эксплуатацию;
«граница балансовой принадлежности» - линия раздела элементов систем
теплоснабжения между их владельцами по признаку собственности, хозяйственного
ведения, оперативного управления или аренды;
«граница эксплуатационной ответственности» - линия раздела элементов
систем 
теплоснабжения 
по 
признаку 
обязанностей 
(ответственности) 
по
эксплуатации тех или иных элементов систем теплоснабжения, устанавливаемая
соглашением сторон;
«договорное потребление тепловой энергии» - установленная договором
величина годового, квартального, месячного потребления тепловой энергии;
«договорное потребление теплоносителя» - установленная договором величина
годового, квартального, месячного потребления абонентом теплоносителя (без
возврата в тепловую сеть или на источник тепла);
«допуск в эксплуатацию» - порядок определения и документального оформления
готовности 
теплопотребляющих 
установок 
и 
тепловых 
сетей 
к 
приему
теплоносителей и использованию тепловой энергии в соответствии с нормативно-
техническими документами;
«заказчик» - юридическое лицо, имеющее намерение по присоединению своих
теплопотребляющих установок и (или) тепловых сетей к тепловым сетям
теплоснабжающей организации;
«максимальная расчетная тепловая нагрузка (мощность)» - максимальный
часовой расход тепла и соответствующий ей максимальный часовой расход
теплоносителя;
«ограничение теплоснабжения» - снижение отпуска абоненту тепловой энергии
и теплоносителей за счет сокращения расхода теплоносителя и (или) снижения его
температуры против значений, указанных в договоре; к ограничению относится
также прекращение отпуска теплоносителя на нужды горячего водоснабжения при
снижении отпуска тепловой энергии на другие цели;
«перерыв (отключение) теплоснабжения» - полное прекращение подачи
абоненту теплоносителя (тепловой энергии);
«присоединенная тепловая сеть» - совокупность устройств, предназначенных
для передачи и распределения тепловой энергии и теплоносителя абонентам
(потребителям);
«режим теплопотребления» - установленные договором величины потребления
тепловой энергии (мощности), циркуляционных расходов и количества используемых",Data1_10_10871_index.pdf,2
На какие расходы не распространяется данное положение?,"Данное положение не распространяется на обмен персональными 
данными работников в порядке, установленном настоящим Кодексом и иными федеральными законами; 
осуществлять передачу персональных данных работника в пределах одной организации, у одного 
индивидуального предпринимателя в соответствии с локальным нормативным актом, с которым работник 
должен быть ознакомлен под роспись; 
разрешать доступ к персональным данным работников только специально уполномоченным лицам, при 
этом указанные лица должны иметь право получать только те персональные данные работника, которые 
необходимы для выполнения конкретных функций; 
не запрашивать информацию о состоянии здоровья работника, за исключением тех сведений, которые 
относятся к вопросу о возможности выполнения работником трудовой функции; 
передавать персональные данные работника представителям работников в порядке, установленном 
настоящим Кодексом и иными федеральными законами, и ограничивать эту информацию только теми 
персональными данными работника, которые необходимы для выполнения указанными представителями 
их функций.",Трудовой кодекс Российской Федерации.pdf,63
Какие документы должны быть представлены для допуска тепловых сетей и систем теплопотребления в эксплуатацию согласно ГОСТ?,"До пуска в эксплуатацию новых тепловых сетей и систем теплопотребления
должны быть проведены их приемосдаточные испытания и они должны быть
приняты заказчиком от монтажной организации по акту в соответствии с",Data1_10_10871_index.pdf,8
Как специалист должен действовать в качестве представителя заказчика согласно СНиП?,"Если специалист в соответствии с заключенным соглашением действует в
качестве представителя (посредника, доверенного лица) заказчика, он обязан,
соблюдая законные интересы заказчика в отношениях с другими участниками
инвестиционного 
процесса, 
выносить 
профессиональные 
добросовестные 
и
беспристрастные решения, не давая предпочтения какой-либо стороне.",Data1_10_10851_index.pdf,4
Какова сметная стоимость труб асбестоцементных по ГОСТ МДС 81-10.2000?,"1)
Рекомендуемый объем документации
Iа, б
Техническое заключение по результатам предварительного (визуального) обследования
Ведомости объемов работ
Ведомости потребности в материалах и оборудовании (при необходимости - по ГОСТ 21.110-
95)
Сметная документация
II
Техническое заключение по результатам предварительного (визуального) обследования
Техническое заключение по результатам детального инструментального обследования (при
необходимости)
Чертежи восстановления конструктивных элементов
Ведомости потребности в материалах и оборудовании (при необходимости - по ГОСТ 21.110-
95)
Сметная документация
IIIа, б
Техническое заключение по результатам предварительного (визуального) обследования
Техническое заключение по результатам детального инструментального обследования
Рабочий проект восстановления объекта (краткая пояснительная записка с обоснованием
принимаемых решений и рабочая документация со сметой)
Ведомости потребности в материалах и оборудовании (при необходимости - по ГОСТ 21.110-
95)
Технико-экономическое сравнение стоимости затрат на восстановление со стоимостью
строительства нового аналогичного объекта или другое обоснование необходимости
восстановления объекта
Техническое заключение и решение о нецелесообразности восстановления объекта
Сметная документация затрат по сносу объекта
СОДЕРЖАНИЕ
1.",Data1_10_10859_index.pdf,8
"Что грозит индивидуальным предпринимателям за нарушение обязательных требований при обращении драгоценных металлов, драгоценных камней и продукции из них?","Нарушение обязательных требований при обращении драгоценных металлов, 
драгоценных камней и продукции из них 
1.",Административный кодекс Российской Федерации.pdf,351
"Какие ставки таможенных пошлин действовали согласно Указу Президента Российской Федерации ""О Временном импортном таможенном тарифе Российской Федерации""?","Указа
предусмотрено
освободить от налогов
на добавленную
стоимость:
товары, ввозимые на
территорию Российской
Федерации в качестве
вклада в уставные
фонды предприятий с
иностранными
инвестициями в течение
года с момента их
регистрации;
технологическое
оборудование, запасные
части к нему, материалы,
ввозимые на территорию
Российской Федерации
для обеспечения
выпуска медицинских
иммунобиологических
препаратов для
диагностики,
профилактики и лечения
инфекционных
заболеваний;
товары и
технологическое
оборудование, ввозимые
на территорию
Российской Федерации в
рамках безвозмездной
технической помощи,
оказываемой
иностранными
государствами в
соответствии с
межправительственными
соглашениями, а также в
соответствии с
договорами с
иностранными
государствами и
фирмами для проведения
совместных научных
работ;
экспортируемые товары
как собственного
производства, так и
приобретенные,
экспортируемые работы
и услуги, а также услуги
по транзиту
иностранных грузов
через территорию
Российской Федерации
2
Таможенная
пошлина
Закон РФ от
21.05.93 № 5003-1
""О таможенном
тарифе""
Ставки ввозных
таможенных пошлин
в пределах,
установленных
Законом,
определяются
Правительством
Российской
Федерации
Таможенная пошлина
включается в
себестоимость
продукции (",Data1_2_2070_index.pdf,6
Какие требования к строительной климатологии и геофизике установлены СНиП 2.01.01-82?,"В задании на проектирование должны быть приведены данные о существующем
земельном 
фонде 
города, 
другого 
поселения, 
направлении 
его 
перспективного
территориального 
развития 
в 
соответствии 
с 
генеральным 
планом 
и 
другой
градостроительной документацией; указаны предложения заказчика по изменению
городской, поселковой черты и черты сельского поселения; определен состав необходимых
обследований и иных предпроектных работ; установлены требования к объему и составу
графических и текстовых материалов, масштаб графической части проекта, сроки его
представления и изготовления дубликата.",Data1_1_1904_index.pdf,29
Какие границы эксплуатационной ответственности между теплоснабжающей организацией и заказчиком должны быть указаны в технических условиях согласно СНиП?,"В технических условиях должны быть также указаны пределы возможных
колебаний давления (в том числе статического) и температуры в тепловых
пунктах 
заказчика, 
устройства 
для 
защиты 
от 
которых 
должны
предусматриваться последним при проектировании систем теплопотребления и
тепловых сетей.",Data1_10_10871_index.pdf,7
Какую роль играет управляющий проектом в выборе и согласовании места размещения объекта по ГОСТ МДС 11-11.2000?,"Участие в выборе и согласовании места размещения объекта строительства, в
подготовке задания на проектирование или документа, его заменяющего, и при
необходимости в организации инженерных обследований.",Data1_10_10858_index.pdf,4
Какие требования предъявляются к эксплуатации теплопотребляющих установок и тепловых сетей абонентом согласно ГОСТ?,"«баланс тепловой энергии системы теплоснабжения (тепловой баланс)» - итог
распределения количеств тепловой энергии, отпущенной источником (источниками)
тепла с учетом потерь при передаче и распределении тепловой энергии до границ
эксплуатационной ответственности и использованной абонентами;
«баланс 
теплоносителей 
системы 
теплоснабжения 
(водный 
баланс;
пароконденсатный баланс)» - итог распределения количеств теплоносителей
(сетевая вода; пар; конденсат), отпущенных источником (источниками) тепла с
учетом потерь при транспортировании до границ эксплуатационной ответственности
и использованных абонентами;
«бронь аварийная» - минимальный расход тепловой энергии и (или)
теплоносителей, обеспечивающий безопасное для персонала и окружающей среды
состояние предприятия с полностью остановленным технологическим процессом;
«бронь технологическая» - наименьший расход тепловой энергии и (или)
теплоносителей и продолжительность времени, необходимые потребителю для
безопасного завершения технологического процесса, цикла производства, после чего
может быть произведено отключение соответствующего теплоиспользующего
оборудования;
«ввод в эксплуатацию» - заполнение тепловых сетей и систем теплопотребления
абонента теплоносителем и постановка их под давление, производимые после
надлежащего оформления допуска объекта в эксплуатацию;
«граница балансовой принадлежности» - линия раздела элементов систем
теплоснабжения между их владельцами по признаку собственности, хозяйственного
ведения, оперативного управления или аренды;
«граница эксплуатационной ответственности» - линия раздела элементов
систем 
теплоснабжения 
по 
признаку 
обязанностей 
(ответственности) 
по
эксплуатации тех или иных элементов систем теплоснабжения, устанавливаемая
соглашением сторон;
«договорное потребление тепловой энергии» - установленная договором
величина годового, квартального, месячного потребления тепловой энергии;
«договорное потребление теплоносителя» - установленная договором величина
годового, квартального, месячного потребления абонентом теплоносителя (без
возврата в тепловую сеть или на источник тепла);
«допуск в эксплуатацию» - порядок определения и документального оформления
готовности 
теплопотребляющих 
установок 
и 
тепловых 
сетей 
к 
приему
теплоносителей и использованию тепловой энергии в соответствии с нормативно-
техническими документами;
«заказчик» - юридическое лицо, имеющее намерение по присоединению своих
теплопотребляющих установок и (или) тепловых сетей к тепловым сетям
теплоснабжающей организации;
«максимальная расчетная тепловая нагрузка (мощность)» - максимальный
часовой расход тепла и соответствующий ей максимальный часовой расход
теплоносителя;
«ограничение теплоснабжения» - снижение отпуска абоненту тепловой энергии
и теплоносителей за счет сокращения расхода теплоносителя и (или) снижения его
температуры против значений, указанных в договоре; к ограничению относится
также прекращение отпуска теплоносителя на нужды горячего водоснабжения при
снижении отпуска тепловой энергии на другие цели;
«перерыв (отключение) теплоснабжения» - полное прекращение подачи
абоненту теплоносителя (тепловой энергии);
«присоединенная тепловая сеть» - совокупность устройств, предназначенных
для передачи и распределения тепловой энергии и теплоносителя абонентам
(потребителям);
«режим теплопотребления» - установленные договором величины потребления
тепловой энергии (мощности), циркуляционных расходов и количества используемых",Data1_10_10871_index.pdf,2
Какие финансовые показатели должны быть указаны в форме 'Опыт работы претендента по самому крупному построенному объекту сопоставимого вида и объем работы в России или за рубежом' согласно ГОСТ МДС 80-5.2000?,"Порядок проведения предварительной квалификации
Приложение 1 Примерная форма приглашения к участию   в предварительной
квалификации
Приложение 2 Примерная форма  соглашения на участие в торгах
Приложение 3 Наименование организации, фирмы, консорциума
Приложение 4 Наименование организации, фирмы, консорциума
Приложение 5 Опыт работы претендента по самому крупному   построенному
объекту сопоставимого вида  и объем работы в России или за рубежом
Приложение 6 Перечень наиболее крупных строительных объектов  сопоставимого
вида и объем строительства в России и за рубежом  за последние 5 лет
Приложение 7 Строительная техника (оборудование), транспорт
Приложение 8 Собственный производственный и технический персонал
Приложение 9 Финансовое положение",Data1_10_10867_index.pdf,8
"Какие действия необходимо предпринять при обнаружении неисправности расположенных на крыше карнизов, водоотводящих устройств, ограждений, гильз, анкеров, устройств молниезащиты согласно ГОСТ МДС 17-13.2000?","Неисправность
расположенных на крыше
карнизов, водоотводящих
устройств, ограждений,
гильз, анкеров, устройств
молниезащиты
Не допускается
Должны быть приведены в
технически исправное состояние в
период подготовки дома к зиме
П и Н",Data1_10_10861_index.pdf,12
Как уведомляется подозреваемый или обвиняемый о принятых мерах?,"О каждом таком звонке подозреваемый или обвиняемый информирует контролирующий 
орган.",Уголовно-процессуальный кодекс Российской Федерации.pdf,75
Какие источники информации используются для определения текущих цен на материальные ресурсы в МДС 81-14.2000?,"Текущий уровень сметных цен на материальные ресурсы может быть определен и на основе базисного уровня сметных
цен, приведенных в Сборнике сметных цен на материалы, изделия и конструкции (СНиП 4.04-91) и региональных
сборниках (каталогах) сметных цен, с применением индексов изменения стоимости материалов, рассчитанных исходя из
имеющейся информации о текущих ценах на материальные ресурсы.",Data1_2_2117_index.pdf,3
Какие работы по утеплению зданий должны быть выполнены согласно ГОСТ МДС 13-18.2000?,"ПРИЛОЖЕНИЕ 3
ОСНОВНЫЕ ТРЕБОВАНИЯ К ЗАДАНИЮ НА РАЗРАБОТКУ СХЕМЫ И ПРОЕКТА
РАЙОННОЙ ПЛАНИРОВКИ, ГЕНЕРАЛЬНОГО ПЛАНА ГОРОДА, ДРУГОГО
ПОСЕЛЕНИЯ, ТЕРРИТОРИИ СЕЛЬСКОГО ОРГАНА МЕСТНОГО
САМОУПРАВЛЕНИЯ
В задании на разработку схемы и проекта районной планировки, генерального плана
города, другого поселения, территории сельского органа моечного самоуправления должны
быть указаны:
наименование объекта, его основные характеристики (местоположение, численность
населения, территория, основные виды ресурсов, профилирующие отрасли производства,
административная 
структура, 
условия 
обеспечения 
инженерно-транспортной
инфраструктурой, другие специфические характеристики);
основание для проектирования;
состав 
участников 
разработки 
и 
согласования 
проектных 
материалов 
и 
их
взаимообязательства;
кем и в какие сроки должны выдаваться исходные данные для проектирования;
состав 
подлежащих 
передаче 
материалов 
и 
услуг 
по 
этапам 
(если 
они
предусматриваются), сроки и стоимость работ;
требования к содержанию и форме представляемых материалов, сроки проектирования;",Data1_1_1904_index.pdf,27
"Когда не допускается раздел, перераспределение или выдел земельных участков, если сохраняемые обременения не позволяют использовать земельные участки в соответствии с разрешенным использованием?","Не допускается раздел, перераспределение или выдел земельных участков, если сохраняемые в 
отношении образуемых земельных участков обременения (ограничения) не позволяют использовать 
указанные земельные участки в соответствии с разрешенным использованием.",Земельный кодекс Российской Федерации.pdf,12
Какова периодичность капитального ремонта металлической кровли согласно ГОСТ МДС 14-13.2000?,")……………………………………………….……………………….……………………….…….…
То же
ПРИЛОЖЕНИЕ 5
ПРИМЕРНАЯ ПЕРИОДИЧНОСТЬ КАПИТАЛЬНОГО РЕМОНТА ПРОИЗВОДСТВЕННЫХ
ЗДАНИЙ
№
п/
п
Капитальность здания
Периодичность капитальных ремонтов в годах
в нормальных
условиях
в агрессивной среде и
переувлажнении
при
вибрационных
нагрузках
1
С железобетонным или металлическим каркасом, с
заполнением каркаса каменными материалами
20
15
6
2
С каменными стенами из штучных камней или
крупноблочные, колонны и столбы железобетонные
или кирпичные, с железобетонными перекрытиями
15
10
6
3
То же, с деревянными перекрытиями
12
10
6
4
Со стенами облегченной каменной кладки, колонны
и 
столбы 
кирпичные 
или 
железобетонные,
перекрытия железобетонные
12
10
5
5
Со стенами облегченной каменной кладки, колонны
и столбы кирпичные или деревянные, перекрытия
деревянные
10
8
5
6
Деревянные с брусчатыми или бревенчатыми
рубленными стенами
10
8
5
7
Деревянные 
каркасные 
и 
щитовые, 
а 
также
глинобитные, сырцовые и саманные
8
6
5
ПРИЛОЖЕНИЕ 6
ПРИМЕРНАЯ ПЕРИОДИЧНОСТЬ КАПИТАЛЬНОГО РЕМОНТА КОНСТРУКТИВНЫХ
ЭЛЕМЕНТОВ ПРОИЗВОДСТВЕННЫХ ЗДАНИЙ
№
п/
п
 
Наименование конструктивных
элементов
Примерная периодичность капитального ремонта в годах для различных
условий эксплуатации
в нормальных
условиях
в агрессивной среде и при
переувлажнении
при вибрационных и других
динамических нагрузках
1
Фундаменты:
железобетонные и бетонные
бутовые и кирпичные
деревянные стулья
50-60
40-50
10-15
25-30
20-25
8-12
15-20
12-15
10-12
2
Стены:
20-25
12-15
15-18
8-12
12-15
10-12",Data1_1_1879_index.pdf,23
Какие телефоны доступны для бесплатной юридической консультации в регионах России?,"В ходатайстве об истребовании доказательства должно быть обозначено доказательство, а также 
указано, какие обстоятельства, имеющие значение для правильного рассмотрения и разрешения дела, 
могут быть подтверждены или опровергнуты этим доказательством, указаны причины, препятствующие 
получению доказательства, и место нахождения доказательства.",Гражданский процессуальный кодекс Российской Федерации.pdf,24
"Какая информация должна быть указана в журнале учета проверки знаний норм, правил, инструкций согласно ГОСТ МДС 15-13.2000?","ПРИЛОЖЕНИЕ 6
(обязательное)
ФОРМА
ЖУРНАЛА УЧЕТА ПРОВЕРКИ ЗНАНИЙ НОРМ, ПРАВИЛ, ИНСТРУКЦИЙ
(формат 297×210)
_________________________________________________________________________
ОБЛОЖКА
Ж У Р Н А Л
УЧЕТА ПРОВЕРКИ ЗНАНИЙ НОРМ,
ПРАВИЛ, ИНСТРУКЦИЙ
ТИТУЛЬНЫЙ ЛИСТ
_____________________________________________________________________
(наименование организации)
Ж У Р Н А Л
УЧЕТА ПРОВЕРКИ ЗНАНИЙ НОРМ,
ПРАВИЛ, ИНСТРУКЦИЙ
Начат ____________________________
Окончен ____________________________
___________________________________________________________________________
ПОСЛЕДУЮЩИЕ СТРАНИЦЫ
№ п.п.",Data1_10_10862_index.pdf,9
По каким основаниям заявитель не допускается к участию в аукционе?,"Заявитель не допускается к участию в аукционе по следующим основаниям: 
1) непредставление определенных в соответствии с частью 14 настоящей статьи необходимых для участия 
в аукционе документов или представление недостоверных сведений; 
2) непоступление денежных средств в качестве задатка или обеспечения денежными средствами заявки на 
участие в аукционе на дату рассмотрения заявок на участие в аукционе в случае, если установлено 
требование о внесении задатка для участия в аукционе или об обеспечении денежными средствами заявки 
на участие в аукционе; 
3) подача заявки на участие в аукционе лицом, которое не соответствует требованиям к участникам 
аукциона, установленным в статье 55.29 настоящего Кодекса.",Градостроительный кодекс Российской Федерации.pdf,243
В каких случаях осужденные могут содержаться в одиночных камерах?,"В 
необходимых случаях по мотивированному постановлению начальника тюрьмы и с согласия 
прокурора осужденные могут содержаться в одиночных камерах.",Уголовно-исполнительный кодекс Российской Федерации.pdf,76
Как проводятся повторные измерения времени падения уровня воды?,"После того как выбрана и установлена на инъектор необходимая измерительная емкость, произвести многократные
измерения падения уровня до стабилизации отсчетов времени.",Data1_11_11295_index.pdf,40
"Какое название имеет документ, регламентирующий использование текущих и прогнозных индексов стоимости при составлении сметной документации? (ГОСТ МДС 81-9.2000)","ГО С С Т Р О Й  Р О С С И И
МЕТОДИЧЕСКИЕ РЕКОМЕНДАЦИИ
ПО ИСПОЛЬЗОВАНИЮ ТЕКУЩИХ И ПРОГНОЗНЫХ ИНДЕКСОВ
СТОИМОСТИ ПРИ СОСТАВЛЕНИИ СМЕТНОЙ ДОКУМЕНТАЦИИ,
ОПРЕДЕЛЕНИИ СВОБОДНЫХ (ДОГОВОРНЫХ) ЦЕН НА СТРОИТЕЛЬНУЮ
ПРОДУКЦИЮ И РАСЧЕТАХ ЗА ВЫПОЛНЕННЫЕ РАБОТЫ
МДС 81-9.2000
Москва 2001
 
Настоящие Методические рекомендации определяют порядок использования текущих и
прогнозных индексов стоимости при составлении расчетов и смет, формировании свободных
(договорных) цен на строительную продукцию и расчет за выполненные работы между
участниками инвестиционного процесса, осуществляющими строительство на территории
Российской Федерации.",Data1_2_2075_index.pdf,1
"Какие основные разделы содержит документ, регламентированный ГОСТом МДС 81-21.2000?","№ 5221-1) содержит разделы : I ""Общие положения"", II
""Перемещение через таможенную границу Российской Федерации",Data1_2_2082_index.pdf,29
Какие специальные знания могут потребоваться при составлении диспаши?,"Методы определения стоимости строительства, приведенные в настоящих Методических
рекомендациях, на равноправной основе могут применяться наряду с другими методами как на
ранних стадиях разработки документации для строительства (ТЭО инвестиций, проект и эскизный
проект), так и при составлении смет при разработке рабочей документации, а также при расчетах
за выполненные работы между участниками строительства.",Data1_2_2075_index.pdf,1
Как должны быть закрыты проемы и отверстия при работе геодезиста на монтажном горизонте в СНиП 3.01.03-84?,"При работе геодезиста на монтажном горизонте все проемы и отверстия
должны быть закрыты.",Data1_11_11285_index.pdf,77
Как переносятся затраты труда рабочих-монтажников в таблицу ресурсных сметных норм согласно ГОСТ МДС 81-13.2000?,"Затраты труда рабочих-монтажников переносятся в таблицу ресурсных
сметных норм из сборников расценок на монтаж оборудования в соответствии с",Data1_2_2073_index.pdf,4
"Кто может рассматривать дела об административных правонарушениях от имени органов, осуществляющих контроль в сфере естественных монополий?","Рассматривать дела об административных правонарушениях от имени органов, указанных в части 1 
настоящей статьи, в пределах своих полномочий вправе: 
1) руководители федеральных органов исполнительной власти, осуществляющих федеральный 
государственный контроль (надзор) в сфере естественных монополий, их заместители; 
2) руководители территориальных органов федеральных органов исполнительной власти, осуществляющих 
федеральный государственный контроль (надзор) в сфере естественных монополий, их заместители; 
3) руководители органов исполнительной власти субъектов Российской Федерации, осуществляющих 
региональный государственный контроль (надзор) в сфере естественных монополий, их заместители.",Административный кодекс Российской Федерации.pdf,493
Какие виды технического обслуживания и ремонта предусмотрены для кранов башенных с грузовым моментом до 25 тм согласно ТИПОВЫМ НОРМАМ?,"Дата
проведения
работ
Наименование
и марка
(индекс)
крана
Заводской
номер
Фактическая
наработка
крана с
начала
эксплуатации
или
капитального
ремонта на
день
непланового
ремонта, ч
Наименование
неисправностей
или характер
проявления
неисправности
Режим работы
и условия
использования
Причина
появления
неисправности
и принятые
меры по ее
устранению,
перечень
замененных
сборочных
единиц и
деталей
Фактическая
трудоемкость
работ, чел.-ч
Фактическая
продолжительность
пребывания крана
в ремонте, ч
1
2
3
4
5
6
7
8
9
ТИПОВЫЕ НОРМЫ
ПЕРИОДИЧНОСТИ, ТРУДОЕМКОСТИ И ПРОДОЛЖИТЕЛЬНОСТИ
ТЕХНИЧЕСКОГО ОБСЛУЖИВАНИЯ И РЕМОНТА
ГРУЗОПОДЪЕМНЫХ КРАНОВ
Вид кранов
Вид
технического
обслуживания
и ремонта
Периодичность
выполнения
технического
обслуживания и
ремонта, ч
Трудоемкость выполнения одного технического
обслуживания и ремонта, чел.-ч
Продолжительность
выполнения, ч
Всего
В том числе по видам работ
диагностические слесарные
прочие
КРАНЫ БАШЕННЫЕ
 
 
 
 
 
 
 
Краны башенные с грузовым
моментом до 25 тм
ТО-1
200
12
0,8
11,2
-
5
ТО-2
600
51
1,8
49,2
-
25
СО
2 раза в год
10
-
10
-
3
Т
1200
235
3
160
72
23
К
12000
510
-
330
180
70
То же, с грузовым моментом
26-60 тм
ТО-1
200
13
0,9
12,1
-
6
ТО-2
600
52
1,9
50,1
-
26
СО
2 раза в год
10
-
10
-
3
Т
1200
245
3,1
169,9
72
24
К
12000
575
-
380
195
80
То же, с грузовым моментом
61-100 тм
ТО-1
200
14
1
13
-
7
ТО-2
600
53
2
51
-
27
СО
2 раза в год
11
-
11
-
3
Т
1200
260
3,2
179,8
77
26
к
12000
670
-
450
220
95
То же, с грузовым моментом
101-160 тм
ТО-1
200
16
1,1
14,9
-
8
ТО-2
600
56
2,2
53,8
-
28
СО
2 раза в год
13
-
13
-
4
Т
1200
291
3,3
199,7
88
29
К
12000
870
-
568
302
120
То же, с грузовым моментом
161-250 тм
ТО-1
200
19
1,2
17,8
-
9
ТО-2
600
61
2,3
58,7
-
30
СО
2 раза в год
17
-
17
-
5
Т
1200
339
3,5
230,5
105
35
К
14400
1200
-
750
450
160
То же, с грузовым моментом
251-400 тм
ТО-1
200
21
1,3
19,7
-
10,0
ТО-2
600
65
2,4
62,6
-
32
СО
2 раза в год
20
-
20
-
6
Т
1200
392
3,7
266,3
122
39
К
14400
1500
-
920
580
210
То же, с грузовым моментом
401-630 тм
ТО-1
200
27
1,4
25,6
-
13
ТО-2
600
73
2,5
70,5
-
36
СО
2 раза в год
26
-
26
-
8
Т
1200
495
3,9
341,1
150
50
К
14400
2130
-
1385
745
275
То же, с грузовым моментом
631-1000 тм
ТО-1
200
31
1,5
29,5
-
15
ТО-2
600
78
2,6
75,4
-
39
СО
2 раза в год
30
-
30
-
10
Т
1200
560
4,2
388,8
167
56
К
14400
2550
-
1715
835
325
То же, с грузовым моментом
1001-1400 тм
ТО-1
200
35
1,6
33,4
-
17
ТО-2
600
84
2,7
81,3
-
42
СО
2 раза в год
34
-
34
-
11
Т
1200
615
4,5
426,5
184
60
К
14400
2900
-
1905
995
375
КРАНЫ СТРЕЛОВЫЕ
ГУСЕНИЧНЫЕ
 
 
 
 
 
 
 
Краны грузоподъемностью до
16 т
ТО-1
50
7
0,5
6,5
-
3
ТО-2
250
27
1,4
25,6
-
13
СО
2 раза в год
28
-
28
-
9
Т
1000
780
4,3
580,7
195
80
в т.ч.",Data1_10_10855_index.pdf,4
"Какие работы необходимо выполнить для подготовки систем горячего водоснабжения, согласно ГОСТ МДС 13-18.2000?","Комментарии к статьям на сайте
https://nkodeksrf.ru/
экономических зон и 100 процентов акций которого принадлежит Российской Федерации, и 
хозяйственными обществами, созданными с участием такого акционерного общества в указанных целях, 
являющимися управляющими компаниями особых экономических зон; 
17) передача на безвозмездной основе: 
в собственность некоммерческой организации, основными уставными целями которой являются 
популяризация и проведение чемпионата мира FIA ""Формула-1"", объекта недвижимого имущества для 
проведения шоссейно-кольцевых автомобильных гонок серии ""Формула-1"", а также одновременно с 
указанным объектом недвижимого имущества нематериальных активов и (или) необходимых для 
обеспечения функционирования указанного объекта недвижимого имущества объектов инфраструктуры, 
движимого имущества; 
в государственную или муниципальную собственность объекта недвижимого имущества, предназначенного 
для проведения спортивных мероприятий по конькобежному спорту, а также одновременно с указанным 
объектом недвижимого имущества необходимых для обеспечения функционирования указанного объекта 
недвижимого имущества объектов инфраструктуры, движимого имущества; 
18) передача на безвозмездной основе органам государственной власти, органам местного самоуправления 
и (или) органам публичной власти федеральной территории ""Сириус"" результатов работ по созданию и 
(или) реконструкции объектов теплоснабжения, централизованных систем горячего водоснабжения, 
холодного водоснабжения и (или) водоотведения, отдельных объектов таких систем, находящихся в 
государственной или муниципальной собственности и переданных во временное владение и пользование 
налогоплательщику в соответствии с договорами аренды, а также объектов теплоснабжения, 
централизованных систем горячего водоснабжения, холодного водоснабжения и (или) водоотведения, 
отдельных объектов таких систем, созданных налогоплательщиком в течение срока действия договоров 
аренды, в случае заключения этим налогоплательщиком в отношении данных объектов концессионных 
соглашений в соответствии с частью 1 статьи 51 Федерального закона от 21 июля 2005 года N 115-ФЗ ""О 
концессионных соглашениях""; 
19) передача на безвозмездной основе в государственную казну Российской Федерации объектов 
недвижимого имущества; 
20) передача на безвозмездной основе имущества в собственность Российской Федерации для целей 
организации и (или) проведения научных исследований в Антарктике; 
21) выполнение работ (оказание услуг), передача имущественных прав на безвозмездной основе органами 
государственной власти, органами местного самоуправления, корпорацией развития малого и среднего 
предпринимательства и ее дочерними обществами, организациями, включенными в единый реестр 
организаций инфраструктуры поддержки в соответствии с Федеральным законом от 24 июля 2007 года 
N 209-ФЗ ""О развитии малого и среднего предпринимательства в Российской Федерации"", в рамках 
выполнения ими возложенных на них полномочий по поддержке субъектов малого и среднего 
предпринимательства в соответствии с Федеральным законом от 24 июля 2007 года N 209-ФЗ ""О развитии 
малого и среднего предпринимательства в Российской Федерации"", а также организациями, 
осуществляющими функции по поддержке экспорта в соответствии с Федеральным законом от 8 декабря 
2003 года N 164-ФЗ ""Об основах государственного регулирования внешнеторговой деятельности"", в рамках 
выполнения ими возложенных на них полномочий по поддержке экспорта в соответствии с Федеральным 
законом от 8 декабря 2003 года N 164-ФЗ ""Об основах государственного регулирования внешнеторговой",Налоговый кодекс Российской Федерации.pdf,395
"Что происходит, если обеспеченное обязательство было изменено без согласия поручителя?","В случае, если обеспеченное поручительством обязательство было изменено без согласия поручителя, 
что повлекло за собой увеличение ответственности или иные неблагоприятные последствия для 
поручителя, поручитель отвечает на прежних условиях.",Гражданский кодекс Российской Федерации.pdf,202
Какие методы могут использоваться для построения геодезических сетей сгущения согласно СНиП 3.01.03-84?,"и 2.18, следующее:
точность построения внутренней разбивочной сети здания (сооружения) на
монтажных горизонтах для многоэтажных зданий (сооружений);
методы передачи разбивочных осей на монтажные горизонты;
методику геодезических выверок при установке строительных конструкций и
элементов в проектное положение.",Data1_11_11285_index.pdf,4
"При каких обстоятельствах прекращается обязанность по уплате ввозных таможенных пошлин, налогов, специальных, антидемпинговых, компенсационных пошлин в отношении иностранных товаров, перемещаемых трубопроводным транспортом, согласно статье 295?","Обязанность по уплате ввозных таможенных пошлин, налогов, специальных, 
антидемпинговых, компенсационных пошлин в отношении иностранных товаров, перемещаемых 
трубопроводным 
транспортом, 
помещаемых 
(помещенных) 
под 
таможенную 
процедуру 
таможенного транзита, прекращается у декларанта при наступлении следующих обстоятельств: 
1) завершение действия таможенной процедуры таможенного транзита в соответствии с 
подпунктами 1 и 2 пункта 5 статьи 294 настоящего Кодекса; 
2) исполнение обязанности по уплате ввозных таможенных пошлин, налогов, специальных, 
антидемпинговых, компенсационных пошлин и (или) их взыскание в размерах, исчисленных и 
подлежащих уплате в соответствии с пунктом 4 настоящей статьи; 
3) признание таможенным органом в соответствии с законодательством государств-членов о 
таможенном регулировании факта уничтожения и (или) безвозвратной утраты иностранных",Таможенный кодекс Евразийского экономического союза.pdf,366
Какие методы используются для проверки прямолинейности оси труб в горизонтальной плоскости согласно СНиП 3.01.03-84?,"Прямолинейность оси труб в горизонтальной плоскости проверяется по шнуру,
теодолитом, по лазерному или световому пучку; правильность уклонов - по визиркам,
нивелиром или лазерным уклонофиксатором.",Data1_11_11285_index.pdf,24
Как и когда уплачиваются авансовые платежи и налог?,"Налог и авансовые платежи по налогу уплачиваются налогоплательщиками-организациями в бюджет по 
месту нахождения земельных участков, признаваемых объектом налогообложения в соответствии со 
статьей 389 настоящего Кодекса.",Налоговый кодекс Российской Федерации.pdf,1602
Какие данные должны быть указаны в определении судебной коллегии Верховного Суда Российской Федерации?,"Определение об отказе в передаче кассационных жалобы, представления для 
рассмотрения в судебном заседании Судебной коллегии Верховного Суда 
Российской Федерации 
В определении судьи Верховного Суда Российской Федерации об отказе в передаче 
кассационных жалобы, представления для рассмотрения в судебном заседании Судебной коллегии 
Верховного Суда Российской Федерации должны быть указаны: 
1) дата и место вынесения определения; 
2) фамилия и инициалы судьи, вынесшего определение; 
3) наименование лица, подавшего кассационные жалобу, представление, его процессуальное 
положение, адрес или место жительства; 
4) сведения об обжалуемом судебном акте, дата его принятия и вступления в законную силу; 
5) мотивы отказа в передаче кассационных жалобы, представления для рассмотрения в 
судебном заседании Судебной коллегии Верховного Суда Российской Федерации.",Арбитражный процессуальный кодекс Российской Федерации.pdf,196
Какие действия предпринимаются при выявлении дефектов в ходе технического осмотра согласно ГОСТ МДС 14-13.2000?,"В протоколах описываются все действия следователя, а также все обнаруженное при осмотре и (или) 
освидетельствовании в той последовательности, в какой производились осмотр и освидетельствование, и 
в том виде, в каком обнаруженное наблюдалось в момент осмотра и освидетельствования.",Уголовно-процессуальный кодекс Российской Федерации.pdf,126
Какие расходы по уплате налога на содержание жилищного фонда и объектов социально-культурной сферы относятся на финансовые результаты деятельности предприятий согласно ГОСТ МДС 81-23.2000?,"Конкретные ставки
налога и порядок его
взимания
устанавливаются
представительными
органами власти -
местными Советами
народных депутатов
Расходы предприятий
и организаций по
уплате налога
относятся на
финансовые
результаты
деятельности
предприятий (",Data1_2_2070_index.pdf,30
Что предусмотрено частью 2 статьи 20.2 КоАП РФ?,"Лицо, которое управляет транспортным средством соответствующего вида и в отношении которого 
имеются достаточные основания полагать, что это лицо находится в состоянии опьянения, а также лица, 
совершившие административные правонарушения, предусмотренные частями 2 и 3 статьи 11.8, частью 1 
статьи 11.8.1, частью 1 статьи 12.3, частью 2 статьи 12.5, частями 1, 2 и 4 статьи 12.7 настоящего Кодекса, 
подлежат отстранению от управления транспортным средством до устранения причины отстранения.",Административный кодекс Российской Федерации.pdf,532
Как можно обжаловать решение арбитражного суда первой инстанции в апелляционную инстанцию?,"Полномочия арбитражного суда апелляционной инстанции 
По результатам рассмотрения апелляционной жалобы арбитражный суд апелляционной 
инстанции вправе: 
1) оставить решение арбитражного суда первой инстанции без изменения, а апелляционную 
жалобу - без удовлетворения; 
2) отменить или изменить решение суда первой инстанции полностью или в части и принять 
по делу новый судебный акт; 
3) отменить решение полностью или в части и прекратить производство по делу либо 
оставить исковое заявление без рассмотрения полностью или в части.",Арбитражный процессуальный кодекс Российской Федерации.pdf,178
Кто уполномочен проводить расследование аварий и инцидентов на море?,"Расследование аварий или инцидентов на море 
Расследование аварий или инцидентов на море осуществляется уполномоченным 
Правительством Российской Федерации федеральным органом исполнительной власти в 
соответствии с положением, утвержденным федеральным органом исполнительной власти в 
области транспорта по согласованию с федеральным органом исполнительной власти в области 
рыболовства и федеральным органом исполнительной власти в области обороны.",Кодекс торгового мореплавания Российской Федерации.pdf,8
Какие требования предъявляются к допросу обвиняемого?,"В задании на проектирование должны найти отражение следующие вопросы:
основание для выдачи задания;
заказчик проекта;
генеральный проектировщик и проектные организации - исполнители проекта;
кем и в какие сроки выдаются исходные данные для проектирования;
специальные требования по структурной организации и функциональному зонированию
территории;
предлагаемые проекты жилых домов, предприятий и учреждений обслуживания;
возможность использования существующих зданий по их начальному назначению или
для других целей, иные требования к реконструкции сложившейся застройки;
требования к решению объемно-пространственной композиции застройки, организации
транспортного обслуживания населения, благоустройству и озеленению территории,
инженерной подготовке и оборудованию территории, охране окружающей среды,
инженерно-техническим мероприятиям гражданской обороны, сохранению памятников
природы, истории и культуры;
состав проекта;",Data1_1_1904_index.pdf,29
"Что такое ""лабиринт"" в контексте ГОСТ МДС 35-7.2000?","Авторы надеются, что Рекомендации помогут архитекторам и инженерно-техническим работникам
проектных и строительных организаций, сотрудникам предприятий-производителей в решении вопросов
рационального выбора конструктивного решения фонарей во вновь строящихся и реконструируемых зданиях.",Data1_10_10846_index.pdf,2
Что такое оборудование негабаритное (крупногабаритное) согласно Указаниям по применению федеральных единичных расценок на монтаж оборудования (ФЕРм-2001)?,"Приложение 6 Термины и их определения, используемые в указаниях по
применению федеральных единичных расценок на монтаж оборудования
(ФЕРм)",Data1_10_10754_index.pdf,31
Какая схема нормативно-правового регулирования строительства (услуг) приведена в Приложении 3 согласно ГОСТ МДС-80-8.2000?,"При разработке альтернативного варианта оферты
Приложение 1 Примеры формулировки задач для тендерной документации
Приложение 2 Примеры образцов по услугам подрядчиков и субподрядчиков
Приложение 3 Схема нормативно-правового регулирования строительства (услуг)
Приложение 4 Разновидности подрядных торгов в Российской Федерации",Data1_10_10865_index.pdf,44
Что считается контрафактными товарами?,"Происхождение товара считается неподтвержденным в следующих случаях: 
1) не представлены, в том числе при применении формы таможенного контроля проверка 
таможенных, иных документов и (или) сведений, документы о происхождении товаров, если такие 
документы должны быть представлены в соответствии со статьей 29 настоящего Кодекса; 
2) по результатам проведенного таможенного контроля происхождения товаров выявлена 
недостоверность сведений, содержащихся в документах о происхождении товаров; 
3) по результатам проведенного таможенного контроля происхождения товаров выявлено, 
что сертификат о происхождении товара не является подлинным либо такой сертификат о 
происхождении товара оформлен и (или) заполнен с нарушением требований к порядку его 
оформления и (или) заполнения; 
4) государственным органом или уполномоченной организацией, выдавшей и (или) 
уполномоченной проверять сертификат о происхождении товара, в срок, установленный правилами 
определения происхождения ввозимых товаров, не представлены ответ на запрос, и (или) 
дополнительные документы, и (или) сведения, если такой запрос был направлен в соответствии с 
пунктом 2 настоящей статьи; 
5) иные случаи, определяемые Комиссией.",Таможенный кодекс Евразийского экономического союза.pdf,389
Что включает в себя общий технический осмотр согласно ГОСТ МДС 14-13.2000?,"Запрещается эксплуатация: 
автомобилей, автобусов, автопоездов, прицепов, мотоциклов, мопедов, тракторов и других 
самоходных машин, если их техническое состояние и оборудование не отвечают требованиям 
Перечня неисправностей и условий, при которых запрещается эксплуатация транспортных средств 
(согласно приложению); 
троллейбусов и трамваев при наличии хотя бы одной неисправности по соответствующим 
Правилам технической эксплуатации; 
транспортных средств, не прошедших в установленном порядке государственный 
технический осмотр или технический осмотр; 
транспортных средств, оборудованных без соответствующего разрешения опознавательным 
знаком ""Федеральная служба охраны Российской Федерации"", проблесковыми маячками и (или) 
специальными звуковыми сигналами, с нанесенными на наружные поверхности специальными 
цветографическими схемами, надписями и обозначениями, не соответствующими государственным 
стандартам Российской Федерации, без укрепленных на установленных местах регистрационных 
знаков, 
имеющих 
скрытые, 
поддельные, 
измененные 
номера 
узлов 
и 
агрегатов 
или 
регистрационные знаки; 
транспортных 
средств, 
владельцы 
которых 
не 
застраховали 
свою 
гражданскую 
ответственность в соответствии с законодательством Российской Федерации; 
транспортных 
средств, 
имеющих 
на 
кузове 
(боковых 
поверхностях 
кузова) 
цветографическую схему легкового такси и (или) на крыше - опознавательный фонарь легкового 
такси, в случае отсутствия у водителя такого транспортного средства выданного в  установленном 
порядке разрешения на осуществление деятельности по перевозке пассажиров и багажа легковым 
такси; 
транспортных средств, оборудованных проблесковыми маячками желтого или оранжевого 
цвета, не зарегистрированных в Государственной инспекции безопасности дорожного движения 
Министерства внутренних дел Российской Федерации или иных органах, определяемых 
Правительством Российской Федерации (за исключением крупногабаритных транспортных средств 
и транспортных средств, перевозящих взрывчатые, легковоспламеняющиеся, радиоактивные 
вещества и ядовитые вещества высокой степени опасности).",ПДД Российской Федерации.pdf,56
Какой документ регулирует порядок определения плательщиков специального налога?,"Комментарии к статьям на сайте
https://nkodeksrf.ru/
наделении обособленных подразделений (включая филиалы, представительства) российских организаций, 
созданных на территории Российской Федерации, полномочиями (о лишении полномочий) по начислению 
выплат и иных вознаграждений в пользу физических лиц, об изменении места нахождения обособленных 
подразделений (за исключением филиалов, представительств), о прекращении деятельности указанных 
организаций через такие обособленные подразделения (о закрытии таких обособленных подразделений), о 
постановке на учет (снятии с учета) в налоговых органах иностранных организаций, осуществляющих 
деятельность на территории Российской Федерации, международных организаций в качестве плательщиков 
страховых взносов, физических лиц в качестве адвокатов, нотариусов, занимающихся частной практикой, 
арбитражных управляющих, занимающихся частной практикой оценщиков, патентных поверенных, 
медиаторов и иных физических лиц - плательщиков страховых взносов не позднее трех дней, следующих за 
днем внесения в Единый государственный реестр налогоплательщиков указанных сведений; 
16) по заявлению налогоплательщика представлять налогоплательщику (его представителю) документ в 
электронной форме или на бумажном носителе, подтверждающий статус налогового резидента Российской 
Федерации, в порядке, по форме и формату, которые утверждаются федеральным органом исполнительной 
власти, уполномоченным по контролю и надзору в области налогов и сборов; 
17) представлять в электронной форме в порядке, определяемом соглашением взаимодействующих сторон, 
в территориальные органы Пенсионного фонда Российской Федерации сведения о постановке на учет 
(снятии с учета) в налоговых органах физических лиц, в том числе индивидуальных предпринимателей, в 
качестве налогоплательщиков налога на профессиональный доход, признаваемых таковыми в соответствии 
с Федеральным законом от 27 ноября 2018 года N 422-ФЗ ""О проведении эксперимента по установлению 
специального налогового режима ""Налог на профессиональный доход"", не позднее трех дней, следующих 
за днем внесения в Единый государственный реестр налогоплательщиков указанных сведений.",Налоговый кодекс Российской Федерации.pdf,98
Какие требования к размерам самонесущих элементов зенитных фонарей согласно ГОСТ МДС 31-8.2002?,"Детали опорного контура и несущего каркаса зенитных фонарей изготавливают из тонколистовой
стали по ГОСТ 19903-74 и ГОСТ 19904-90 и холодногнутых стальных профилей по ГОСТ 8278-83*, ГОСТ
8282-83*, ГОСТ 30245-94*.",Data1_10_10846_index.pdf,8
Какие проценты предусмотрены для разработки вариантов проектных решений отдельных элементов зданий? (СНиП),"Таблица 44    Разработка вариантов проектных решений отдельных элементов жилых и гражданских зданий для типовых
проектов
№ п/п
Наименование вариантов
Проценты
на стадии
""проект""
на стадиях ""рабочий проект"" и
""рабочая документация""
1
2
3
4
 
I. От цены на проектирование здания в целом
 
 
1.",Data1_11_11835_index.pdf,19
Какие данные должны быть занесены в удостоверение о проверке знаний на первой странице согласно ГОСТ МДС 15-13.2000?,"Проверка знаний норм и правил оформляется протоколом (приложение 5) с учетом в журнале (приложение 6);
форма удостоверения о проверке знаний рекомендуется согласно приложению 7.",Data1_10_10862_index.pdf,6
Как определяется стоимость оборудования при отсутствии укрупненных нормативов или объектов-аналогов?,"При этом:
вместо условий заключенного контракта применяются условия проекта контракта, а при его отсутствии - предполагаемые контрактные
условия по данным соответствующего российского заказчика;
вместо данных раздела проекта “Организация строительства” применяются предложения по организации строительства, содержащиеся в
ТЭО или ТЭП;
потребное количество материальных ресурсов для строительства определяется на основании выборок из расчетов во внутренних
(базисных) ценах Российской Федерации, разработанных в соответствии с разделом 2 настоящего Порядка;
стоимость основного оборудования определяется на основании спецификаций, разрабатываемых в составе ТЭО (ТЭП), а вспомогательного
оборудования - в процентах от стоимости основного оборудования, исчисленных по объектам-аналогам;
стоимость содержания российских специалистов определяется расчетами, составляемыми по укрупненным показателям, исчисляемым на
основе объектов-аналогов (на 1 человеко-масяц, на 1 млн.",Data1_2_2069_index.pdf,10
Какой СНиП устанавливает требования для строительной теплотехники?,"Размеры заглубленных устройств из закрепленных грунтов, их местоположение в естественной грунтовой среде и
требования к прочностным, деформационным и другим свойствам закрепленных грунтов при расчете на основное и особое
сочетание действующих нагрузок устанавливают расчетами по двум предельным состояниям, руководствуясь действующими
общесоюзными и ведомственными СНиП и пособиями по проектированию оснований и фундаментов для промышленных и
гражданских зданий и сооружений.",Data1_11_11295_index.pdf,11
Какие объекты включены в Главу 4 Справочника? (Объекты образования и дошкольных учреждений),"В границы территории, в отношении которой принимается решение о комплексном развитии территории 
нежилой застройки, могут быть включены земельные участки и (или) расположенные на них объекты 
недвижимого имущества, не указанные в части 4 настоящей статьи, при условии, что такие земельные 
участки и (или) объекты недвижимого имущества расположены в границах одного элемента 
планировочной структуры с земельными участками, предусмотренными частью 4 настоящей статьи.",Градостроительный кодекс Российской Федерации.pdf,295
"Какие требования предъявляются к пределу огнестойкости ограждающих стен и конструкций пристройки, согласно ГОСТ или СНиП?","Ограждающие конструкции - из стальных профилированных
листов или других негорючих материалов с горючим утеплителем
V
Здания, к несущим и ограждающим конструкциям которых не предъявляются требования по пределам
огнестойкости и пределам распространения огня
Т а б л и ц а  3
Категория зданий
или пожарных отсеков
промобъектов
Допустимое
число
этажей
Степень
огнестойкости
зданий
Площадь этажа в пределах пожарного отсека,
м2, зданий
одноэтажных
многоэтажных
в два этажа
в три этажа и
более
А, Б
6
I
Не ограничивается
А, 
Б 
(за 
исключением 
зданий
нефтеперерабатывающей, газовой, химической
и нефтехимической промышленности)
6
1
II
IIIа
5200
Не огранич.",Data1_10_10865_index.pdf,16
Какое состояние должна иметь водопроводно-канализационная система согласно ГОСТ МДС 13-18.2000?,"6
Входные двери и подъезды, оконные заполнения на лестничных
клетках и в квартирах (дата и номер акта сдачи)
 
 
7
Доводчики на входных дверях и лестничных клетках и
запирающие устройства (дата и номер акта сдачи)
 
 
8
Техподполье, подвальные помещения, состояние продухов,
установка регулируемых решеток, изоляция трубопроводов
Входные двери и другие работы по приведению в соответствие с
требованиями «Правил безопасности в газовом хозяйстве» (дата
и номер акта сдачи), ограждения приямков в подвалах и ЦТП
 
 
9
Внутридомовая система отопления (указать дату и номер акта
сдачи теплоснабжающей организации)
 
 
10
Помещение и оборудование местного теплового узла
 
 
11
Централизованный источник теплоснабжения (ЦТП, газ и
угольная котельная)
 
 
12
Местные источники отопления (печи, АГВ, ВНИИСТО и др.)",Data1_10_10852_index.pdf,37
"Как определяется стоимость блок-секций, разрабатываемых на основе базовой блок-секции? (с коэффициентом до 0,7)","Стоимость блок-секций, разрабатываемых на основе базовой блок-секции в составе единой серии, определяется с
коэффициентом до 0,7 от стоимости базовой блок-секции в зависимости от трудоемкости их проектирования.",Data1_11_11835_index.pdf,2
Какие требования к определению модуля силиката натрия указаны в СНиП 3.02.01-83?,"Та бл и ц а  2
№ способа по
рецептуре
Компоненты гелеобразующей смеси
Объемное
отношение
отвердителя к
крепителю
Время
гелеобразования, мин
Порядок
приготовления
смеси
Крепитель
Отвердитель
наименование
плотность, г/
см3
наименование
плотность, г/
см3
I
Силикат натрия
1,25 - 1,3
Кремнефтористо-
водородная кислота
1,1 - 1,08
0,12 - 0,2
При 20 °С - 10 - 20, при
5 °С - 60
Отвердитель
добавляют 
к
крепителю
II
То же
1,15
Алюминат натрия
1,05
0,225
60 - 180
То же
III
»
1,19
Ортофосфорная кислота
1,025
3,4 - 6
60 - 600
Крепитель
добавляют 
к
отвердителю
IV
Силикат натрия,
модуль 3,3 - 3,4*
1,28 - 1,30
50 %-ный раствор
формамида
1,073
0,25 - 0,5
15 - 180
Отвердитель
добавляют 
к
крепителю
V
Силикат натрия,
модуль 3,3 - 3,4**
1,28 - 1,30
Этилацетат Контакт
Петрова**
-
0,02 - 0,04
0,04 - 0,05
30 - 90
Крепитель
смешивают 
с
контактом Петрова
и 
в 
полученную
смесь 
добавляют
этилацетат
* Раствор силиката повышенного модуля получают обработкой силиката обычного модуля 2,5 - 3 кремнефтористоводородной кислотой плотностью 1,1 -
1,08 в количестве 5 - 6 % по объему.",Data1_11_11295_index.pdf,6
При каких условиях может быть назначено принудительное лечение в стационарных условиях общего типа?,"Принудительное наблюдение и лечение у врача-психиатра в амбулаторных 
условиях 
Принудительное наблюдение и лечение у врача-психиатра в амбулаторных условиях может быть 
назначено при наличии оснований, предусмотренных статьей 97 настоящего Кодекса, если лицо по своему 
психическому состоянию не нуждается в помещении в медицинскую организацию, оказывающую 
психиатрическую помощь в стационарных условиях.",Уголовный кодекс Российской Федерации.pdf,43
Какие документы должны быть приложены к административному исковому заявлению?,"К административному исковому заявлению могут быть приложены иные доказательства, 
имеющие значение для правильного рассмотрения и разрешения административного дела.",Кодекс административного судопроизводства Российской Федерации.pdf,182
Какой СНиП документа регулирует учет налогов в сметной документации на строительство?,"Главное управление ценообразования,
сметных норм и расхода строительных материалов
Госстроя России
ПОСОБИЕ
ПО УЧЕТУ НАЛОГОВ В СМЕТНОЙ ДОКУМЕНТАЦИИ
НА СТРОИТЕЛЬСТВО
МДС 81-23.2000
Москва 2000
Пособие по учету налогов в сметной документации на строительство разработано Главным управлением
ценообразования, сметных норм и расхода строительных материалов Госстроя России и рекомендовано для
применения участникам инвестиционного процесса, осуществляющего на территории Российской Федерации.",Data1_2_2070_index.pdf,1
Кто обязан возмещать убытки согласно пункту 8 статьи 57.1?,"Комментарии к статьям на сайте
https://nkodeksrf.ru/
являющимися российскими организациями, в связи с осуществлением мероприятий, предусмотренных 
указанным Федеральным законом; 
48.17) понесенные за счет средств сборов за аэронавигационное обслуживание полетов воздушных судов в 
воздушном пространстве Российской Федерации и (или) за счет средств, полученных из федерального 
бюджета в качестве компенсации расходов за аэронавигационное обслуживание полетов воздушных судов 
государственной авиации, освобожденных в соответствии с законодательством Российской Федерации от 
платы за аэронавигационное обслуживание; 
48.18) понесенные автономной некоммерческой организацией, созданной в соответствии с Федеральным 
законом ""О защите интересов физических лиц, имеющих вклады в банках и обособленных структурных 
подразделениях банков, зарегистрированных и (или) действующих на территории Республики Крым и на 
территории города федерального значения Севастополя""; 
48.19) в виде стоимости исключительных прав на изобретения, полезные модели, промышленные образцы, 
программы для электронных вычислительных машин, базы данных, топологии интегральных микросхем, 
секреты производства (ноу-хау), если эти права ранее получены налогоплательщиком, являвшимся 
исполнителем государственного контракта, в ходе реализации которого созданы соответствующие 
результаты интеллектуальной деятельности, от государственного заказчика по договору о безвозмездном 
отчуждении; 
48.20) в виде сумм перечисляемых в федеральный бюджет доходов, указанных в подпункте 52 пункта 1 
статьи 251 настоящего Кодекса; 
48.21) не действует с 1 января 2019 г.; 
48.22) в виде стоимости акций (долей), доходы от реализации которых не учитываются при определении 
налоговой базы в соответствии с подпунктами 54 и 57 пункта 1 статьи 251 настоящего Кодекса; 
48.23) в виде расходов, осуществленных за счет средств, указанных в подпункте 56 пункта 1 статьи 251 
настоящего Кодекса; 
48.24) направленные на восполнение объема средств пенсионных резервов или средств пенсионных 
накоплений на величину уменьшения средств или величину недополученного дохода негосударственного 
пенсионного фонда за счет собственных средств согласно пункту 15 статьи 25 Федерального закона от 7 мая 
1998 года N 75-ФЗ ""О негосударственных пенсионных фондах""; 
48.25) в виде расходов, связанных с выполнением функций агента Российской Федерации в соответствии с 
Федеральным законом от 24 июля 2008 года N 161-ФЗ ""О содействии развитию жилищного строительства"" и 
подлежащих компенсации за счет доходов, указанных в подпункте 59 пункта 1 статьи 251 настоящего 
Кодекса; 
48.26) расходы, осуществленные за счет субсидий, указанных в подпункте 60 пункта 1 статьи 251 настоящего 
Кодекса; 
48.27) в виде расходов на научные исследования и (или) опытно-конструкторские разработки, в отношении 
которых налогоплательщик воспользовался правом на применение инвестиционного налогового вычета в 
соответствии со статьей 286.1 настоящего Кодекса; 
48.31) в виде расходов, указанных в подпункте 8 пункта 2 статьи 286.1 настоящего Кодекса;",Налоговый кодекс Российской Федерации.pdf,1009
Какие данные используются для определения стоимости строительства общественных зданий согласно ГОСТ?,"Сборники ГЭСН предназначены для определения состава и потребности в
ресурсах, необходимых для выполнения строительных работ, и используются для
определения сметной стоимости строительства ресурсным методом, разработки
единичных расценок (сборников ЕР) различного назначения (федеральных,
территориальных, отраслевых, фирменных), укрупненных сметных нормативов,
применяемых при строительстве новых, реконструкции, расширении и техническом
перевооружении, действующих предприятий, зданий и сооружений (в дальнейшем -
строительство).",Data1_10_10062_index.pdf,2
Какие действия может совершать председатель правления без одобрения правления или общего собрания?,"Председатель правления товарищества собственников жилья действует без доверенности от имени 
товарищества, подписывает платежные документы и совершает сделки, которые в соответствии с 
законодательством, уставом товарищества не требуют обязательного одобрения правлением 
товарищества или общим собранием членов товарищества, разрабатывает и выносит на утверждение 
общего собрания членов товарищества правила внутреннего распорядка товарищества в отношении 
работников, в обязанности которых входят содержание и ремонт общего имущества в многоквартирном 
доме, положение об оплате их труда, утверждение иных внутренних документов товарищества, 
предусмотренных настоящим Кодексом, уставом товарищества и решениями общего собрания членов 
товарищества.",Жилищный кодекс Российской Федерации.pdf,112
Какие обязанности возлагаются на теплоснабжающую организацию в случае запроса абонента на результаты расчетов? (п. 44),"В случае осуществления вида предпринимательской деятельности, в отношении которого установлен 
сбор, в рамках договора комиссии обязанности плательщика сбора, установленные настоящей главой, 
возлагаются на комиссионера.",Налоговый кодекс Российской Федерации.pdf,1618
Что представляют собой платежи по договорам добровольного личного страхования?,"Комментарии к статьям на сайте
https://nkodeksrf.ru/
48.1) расходы работодателя по выплате в соответствии с законодательством Российской Федерации 
пособия по временной нетрудоспособности (за исключением несчастных случаев на производстве и 
профессиональных заболеваний) за дни временной нетрудоспособности работника, которые оплачиваются 
за счет средств работодателя и число которых установлено Федеральным законом от 29 декабря 2006 года 
N 255-ФЗ ""Об обязательном социальном страховании на случай временной нетрудоспособности и в связи с 
материнством"", в части, не покрытой страховыми выплатами, произведенными работникам страховыми 
организациями, имеющими лицензии, выданные в соответствии с законодательством Российской 
Федерации на осуществление соответствующего вида деятельности, по договорам с работодателями в 
пользу работников на случай их временной нетрудоспособности (за исключением несчастных случаев на 
производстве и профессиональных заболеваний) за дни временной нетрудоспособности, которые 
оплачиваются за счет средств работодателя и число которых установлено Федеральным законом от 29 
декабря 2006 года N 255-ФЗ ""Об обязательном социальном страховании на случай временной 
нетрудоспособности и в связи с материнством""; 
48.2) платежи (взносы) работодателей по договорам добровольного личного страхования, заключенным со 
страховыми организациями, имеющими лицензии, выданные в соответствии с законодательством 
Российской Федерации на осуществление соответствующего вида деятельности, в пользу работников на 
случай их временной нетрудоспособности (за исключением несчастных случаев на производстве и 
профессиональных заболеваний) за дни временной нетрудоспособности, которые оплачиваются за счет 
средств работодателя и число которых установлено Федеральным законом от 29 декабря 2006 года N 255-
ФЗ ""Об обязательном социальном страховании на случай временной нетрудоспособности и в связи с 
материнством"".",Налоговый кодекс Российской Федерации.pdf,976
Какие ГОСТы или СНиПы регламентируют сметные нормы и расценки на строительные работы (СНиР-91)?,"В составе показателей базисного уровня сборников ПВР учтены действовавшие по состоянию на 1 января 1991 г.:
часовые тарифные ставки для работников строительства;
сметные нормы и расценки на строительные работы (СНиР-91);
сметные нормы и расценки на эксплуатации строительных машин;
сметные цены на материалы, изделия и конструкции;
сметные цены на перевозки грузов для строительства;
расценки на монтаж оборудования;
сметные нормы дополнительных затрат при производстве строительно-монтажных работ в зимнее время (НДЗ-91).",Data1_2_2076_index.pdf,3
Какие неисправности котлов и оборудования должны быть устранены согласно ГОСТ МДС 13-18.2000?,"Должны быть устранены неисправности котлов, обмуровки, дымоходов, боровов,
арматуры, автоматических регуляторов и контрольно-измерительных приборов.",Data1_10_10852_index.pdf,14
Какой код материала-представителя используется для устройства компенсаторных ниш согласно ГОСТ?,"Стоимость материалов для проектируемого объекта определяется умножением приведенного расхода материалов-
представителей по каждому виду работ на стоимость единицы измерения материала-представителя по текущим ценам
для данной стройки с корректировкой затрат на их транспортировку.",Data1_2_2117_index.pdf,4
Кто имеет право на полное освобождение от уплаты налога на приобретение автотранспортных средств согласно ГОСТ МДС 81-23.2000?,"Комментарии к статьям на сайте
https://nkodeksrf.ru/
области налогов и сборов, и федеральным органом исполнительной власти, уполномоченным в области 
таможенного дела; 
2) при помещении товаров под таможенную процедуру реимпорта налогоплательщиком уплачиваются 
суммы налога, от уплаты которых он был освобожден, либо суммы, которые были ему возвращены в связи с 
экспортом товаров в соответствии с настоящим Кодексом, в порядке, предусмотренном таможенным 
законодательством Таможенного союза и законодательством Российской Федерации о таможенном деле; 
3) при помещении товаров под таможенные процедуры транзита, таможенного склада, реэкспорта, 
беспошлинной торговли, свободной таможенной зоны, свободного склада, уничтожения, отказа в пользу 
государства и специальную таможенную процедуру, а также при таможенном декларировании припасов 
налог не уплачивается; 
4) при помещении товаров под таможенную процедуру переработки на таможенной территории налог не 
уплачивается при условии вывоза продуктов переработки с таможенной территории Таможенного союза в 
определенный срок; 
5) при помещении товаров под таможенную процедуру временного ввоза применяется полное или 
частичное освобождение от уплаты налога в порядке, предусмотренном таможенным законодательством 
Таможенного союза и законодательством Российской Федерации о таможенном деле; 
6) при ввозе продуктов переработки товаров, помещенных под таможенную процедуру переработки вне 
таможенной территории, применяется полное или частичное освобождение от уплаты налога в порядке, 
предусмотренном таможенным законодательством Таможенного союза и законодательством Российской 
Федерации о таможенном деле; 
7) при помещении товаров под таможенную процедуру переработки для внутреннего потребления налог 
уплачивается в полном объеме.",Налоговый кодекс Российской Федерации.pdf,430
Какую шкалу ареометра следует использовать при навернутом объемном грузе согласно ГОСТ (к СНиП 3.02.01-83)?,"АРЕОМЕТРИЧЕСКОЕ ИЗМЕРЕНИЕ ПЛОТНОСТИ ЦЕМЕНТНЫХ И ЦЕМЕНТНО-ГЛИНИСТЫХ РАСТВОРОВ
Прибор
Ареометр АГ-3ПП (рисунок)
Основные данные
Предел измерения ареометром АГ:
при навернутом объемном грузе       0,9 - 1,7 г/см3
»    снятом         »          »                   1,6 - 2,4 г/см3
Цена делений на шкале ареометра        0,02 г/см3
Габариты ареометра.........                       100´450´460 мм
»    ведра-футляра                             120´480 мм
Масса комплекта, не более                    2 кг
Рисунок.",Data1_11_11295_index.pdf,36
Какие документы и соглашения могут влиять на установление размера платы за наем жилого помещения?,"Установление размера платы за пользование жилым помещением (платы за наем) не должно приводить 
к возникновению у нанимателя жилого помещения права на субсидию на оплату жилого помещения и 
коммунальных услуг.",Жилищный кодекс Российской Федерации.pdf,120
Какой ГОСТ или СНиП регулирует расчет стоимости строительства в базисном уровне цен?,"При этом предварительные расчеты стоимости предстоящего строительства (сводный расчет
стоимости строительства или сводный сметный расчет) могут выполняться в различных уровнях
цен:
в базисном уровне сметных цен, введенных в действие с 1 января 1991 г.;
в прогнозном уровне цен, предназначенном преимущественно для решения вопроса о
целесообразности и финансовой возможности осуществления строительства;
в текущем уровне цен, сложившемся на момент определения стоимости строительства и
предназначенном для подготовки тендерной документации и формирования свободных
(договорных) цен на строительную продукцию.",Data1_2_2075_index.pdf,6
"Что грозит за непредставление оператором связи, собственником или иным владельцем технологической сети связи, имеющими уникальный идентификатор совокупности средств связи и иных технических средств в информационно-телекоммуникационной сети ""Интернет"", информации, представление которой предусмотрено Федеральным законом от 7 июля 2003 года N 126-ФЗ ""О связи""?","Непредставление оператором связи, собственником или иным владельцем технологической сети связи, 
имеющими уникальный идентификатор совокупности средств связи и иных технических средств в 
информационно-телекоммуникационной сети ""Интернет"", собственником или иным владельцем линий 
связи, пересекающих Государственную границу Российской Федерации, иным лицом при использовании 
линий связи, пересекающих Государственную границу Российской Федерации, либо иным лицом, если 
такое лицо имеет уникальный идентификатор совокупности средств связи и иных технических средств в 
информационно-телекоммуникационной сети ""Интернет"", в орган, осуществляющий функции по контролю 
и надзору в сфере связи, информационных технологий и массовых коммуникаций, информации, 
представление которой предусмотрено Федеральным законом от 7 июля 2003 года N 126-ФЗ ""О связи"", 
либо нарушение требований к срокам, порядку, составу или формату представления перечисленными 
лицами указанной информации, за исключением случаев, предусмотренных частью 1 статьи 13.43 
настоящего Кодекса, - 
влечет наложение административного штрафа на должностных лиц в размере от пяти тысяч до десяти 
тысяч рублей.",Административный кодекс Российской Федерации.pdf,406
Что такое обезжиривание согласно Указаниям по применению федеральных единичных расценок на монтаж оборудования (ФЕРм-2001)?,"Приложение 6 Термины и их определения, используемые в указаниях по
применению федеральных единичных расценок на монтаж оборудования
(ФЕРм)",Data1_10_10754_index.pdf,31
Как формируются ресурсно-технологические модели (РТМ)?,"Индексы стоимости (цен, затрат) в строительстве представляют собой отношения текущих
(прогнозных) стоимостных показателей к базисным стоимостным показателям на сопоставимые по
номенклатуре и структуре ресурсы, наборы ресурсов или ресурсно-технологические модели
строительной продукции, а также ее отдельных калькуляционных составляющих*.",Data1_2_2075_index.pdf,1
Какова периодичность капитального ремонта металлических ферм согласно ГОСТ МДС 14-13.2000?,")……………………………………………….……………………….……………………….…….…
То же
ПРИЛОЖЕНИЕ 5
ПРИМЕРНАЯ ПЕРИОДИЧНОСТЬ КАПИТАЛЬНОГО РЕМОНТА ПРОИЗВОДСТВЕННЫХ
ЗДАНИЙ
№
п/
п
Капитальность здания
Периодичность капитальных ремонтов в годах
в нормальных
условиях
в агрессивной среде и
переувлажнении
при
вибрационных
нагрузках
1
С железобетонным или металлическим каркасом, с
заполнением каркаса каменными материалами
20
15
6
2
С каменными стенами из штучных камней или
крупноблочные, колонны и столбы железобетонные
или кирпичные, с железобетонными перекрытиями
15
10
6
3
То же, с деревянными перекрытиями
12
10
6
4
Со стенами облегченной каменной кладки, колонны
и 
столбы 
кирпичные 
или 
железобетонные,
перекрытия железобетонные
12
10
5
5
Со стенами облегченной каменной кладки, колонны
и столбы кирпичные или деревянные, перекрытия
деревянные
10
8
5
6
Деревянные с брусчатыми или бревенчатыми
рубленными стенами
10
8
5
7
Деревянные 
каркасные 
и 
щитовые, 
а 
также
глинобитные, сырцовые и саманные
8
6
5
ПРИЛОЖЕНИЕ 6
ПРИМЕРНАЯ ПЕРИОДИЧНОСТЬ КАПИТАЛЬНОГО РЕМОНТА КОНСТРУКТИВНЫХ
ЭЛЕМЕНТОВ ПРОИЗВОДСТВЕННЫХ ЗДАНИЙ
№
п/
п
 
Наименование конструктивных
элементов
Примерная периодичность капитального ремонта в годах для различных
условий эксплуатации
в нормальных
условиях
в агрессивной среде и при
переувлажнении
при вибрационных и других
динамических нагрузках
1
Фундаменты:
железобетонные и бетонные
бутовые и кирпичные
деревянные стулья
50-60
40-50
10-15
25-30
20-25
8-12
15-20
12-15
10-12
2
Стены:
20-25
12-15
15-18
8-12
12-15
10-12",Data1_1_1879_index.pdf,23
Кто может входить в группу ОГП по СНиП 3.01.03-84?,"Группа ОГП может входить в состав геодезической службы организации -
заказчика, управления строительством или генеральной строительно-монтажной
организации.",Data1_11_11285_index.pdf,67
Как действует гексаметафосфат натрия на глинистый раствор и цементные растворы согласно ГОСТ (к СНиП 3.02.01-83)?,"На цементные
растворы в количестве до 1 % действует как замедлитель схватывания, при дозировке 3 - 5 % может ускорять процесс
структурообразования;
хлористый кальций СаС12.",Data1_11_11295_index.pdf,39
"Кто утверждает формы бланков исполнительных листов и порядок их изготовления, учета, хранения и уничтожения?","Формы бланков исполнительных листов, порядок их изготовления, учета, хранения и уничтожения, 
требования к форматам исполнительных листов, направляемых для исполнения в форме электронного 
документа, утверждаются Правительством Российской Федерации.",Гражданский процессуальный кодекс Российской Федерации.pdf,189
"Какое наказание предусмотрено за регистрацию заведомо незаконных сделок с недвижимым имуществом, умышленное искажение сведений государственного кадастра недвижимости и (или) Единого государственного реестра прав на недвижимое имущество и сделок с ним, а равно занижение кадастровой стоимости объектов недвижимости?","Регистрация незаконных сделок с недвижимым имуществом 
Регистрация заведомо незаконных сделок с недвижимым имуществом, умышленное искажение сведений 
государственного кадастра недвижимости и (или) Единого государственного реестра прав на недвижимое 
имущество и сделок с ним, а равно занижение кадастровой стоимости объектов недвижимости, если эти 
деяния совершены из корыстной или иной личной заинтересованности должностным лицом с 
использованием своего служебного положения, -",Уголовный кодекс Российской Федерации.pdf,94
Какие телефоны доступны для бесплатной юридической консультации в Санкт-Петербурге и Ленинградской области?,"Нарушения, предусмотренные частями 1 и 2 настоящей статьи, совершенные в городе федерального 
значения Москве или Санкт-Петербурге либо в Московской или Ленинградской области, - 
влекут наложение административного штрафа в размере от пяти тысяч до семи тысяч рублей с 
административным выдворением за пределы Российской Федерации или без такового.",Административный кодекс Российской Федерации.pdf,374
Какие элементы должны быть показаны на плане благоустройства согласно ГОСТ МДС 11-7.2000?,"На плане благоустройства должны быть показаны проектируемые и сохраняемые
проезды, проходы, площадки всех видов, проектируемые и сохраняемые зеленые
насаждения 
с 
указанием 
их 
ассортимента, 
следует 
привести 
перечень 
малых
архитектурных форм и оборудования площадок.",Data1_1_1904_index.pdf,21
"Как устанавливается порядок мониторинга разработки и утверждения программ комплексного развития систем коммунальной, транспортной и социальной инфраструктуры?","Комментарии к статьям на сайте 
https://grkodeksrf.ru/ 
 
 
 
 
 
7) осуществление федерального государственного строительного надзора в случаях, предусмотренных 
настоящим Кодексом; 
7.1) осуществление контроля за соблюдением органами государственной власти субъектов Российской 
Федерации, органами местного самоуправления законодательства о градостроительной деятельности; 
7.2) согласование проектов схем территориального планирования муниципальных районов, проектов 
генеральных планов поселений, городских округов, проектов правил землепользования и застройки в 
случаях, предусмотренных настоящим Кодексом; 
7.3) установление порядка осуществления мониторинга разработки и утверждения программ 
комплексного развития систем коммунальной инфраструктуры поселений, городских округов, программ 
комплексного развития транспортной инфраструктуры поселений, городских округов, программ 
комплексного развития социальной инфраструктуры поселений, городских округов; 
7.4) утратил силу с 1 сентября 2021 г.",Градостроительный кодекс Российской Федерации.pdf,21
В какой очередности переносятся убытки на будущие налоговые периоды?,"Если налогоплательщики получили убытки более чем в одном налоговом периоде, перенос таких убытков 
на будущие налоговые периоды производится в той очередности, в которой они получены.",Налоговый кодекс Российской Федерации.pdf,1490
"Какие ГОСТы или СНиПы регулируют проектирование комплексных приемных пунктов, включая парикмахерские и другие виды бытовых услуг?","·      предприятий ремонта бытовой радиоэлектронной аппаратуры;
·      предприятий ремонта бытовых машин и приборов;
·      предприятий ремонта и пошива обуви;
·      предприятий ремонта и пошива одежды;
·      предприятий ремонта и изготовления трикотажных изделий;
·      предприятий изготовления и ремонта мебели;
·      предприятий по фотокиноработам;
·      ателье проката;
·      ломбардов;
·      комплексных приемных пунктов, включая парикмахерские и другие виды бытовых услуг.",Data1_11_11835_index.pdf,13
Какой предел огнестойкости должен быть у кровельного покрытия согласно ГОСТ МДС-80-8.2000?,"5.4 При размещении тепловых агрегатов суммарной тепловой мощностью
до 350 кВт в пристройке к жилым зданиям помещение пристройки должно
отвечать следующим требованиям:
- пристройка должна размещаться у глухой части стены здания с
расстоянием по горизонтали от оконных и дверных проемов не менее 1 м;
- стена пристройки не должна быть связана со стеной жилого здания;
- ограждающие стены и конструкции пристройки должны иметь предел
огнестойкости 0,75 ч, а предел распространения огня по конструкции равен
нулю;
- высота не менее 2,5 м;
- объем и площадь помещения проектируются из условий удобного
обслуживания теплогенераторов и вспомогательного оборудования;
- естественное освещение - из расчета остекления 0,03 м2 на 1 м3 объема
помещения;
- в помещении должна предусматриваться вентиляция из расчета - вытяжка
в объеме 3- кратного воздухообмена помещения в час, приток в объеме
вытяжки плюс количество воздуха на горение газа.",Data1_2_2096_index.pdf,4
"Какие каналы массовой рекламы непригодны для маркетинга проектной продукции, согласно ГОСТ МДС 11-11.2000?","Методы и
каналы (газеты, журналы) массовой рекламы, используемые для рекламы товаров
широкого потребления, непригодны для маркетинга проектной продукции.",Data1_10_10858_index.pdf,18
Какие нормативные документы и методические указания перечислены в ГОСТ МДС 81-30.2002 для расчета стоимости дорожных работ?,"В Методических указаниях использованы законодательные акты Российской
Федерации и нормативно-методические документы по ценообразованию в
строительстве, действовавшие по состоянию на 01.06.2002 г.
Методические 
указания 
предназначены 
для 
определения 
стоимости
финансируемых за счет (при участии) средств федерального бюджета дорожных
работ в текущем и прогнозном уровне цен; для использования при составлении
инвесторских смет; для определения стартовых цен при подготовке и
проведении подрядных торгов, а также оплате работ, контракты на выполнение
которых в соответствии с действующим законодательством заключались без
проведения конкурса.",Data1_10_10848_index.pdf,2
"Какие коэффициенты применяются к затратам на демонтаж легковесного и габаритного оборудования, не подлежащего дальнейшему использованию, с разборкой и резкой на части согласно Указаниям по применению ФЕРм-2001?","При отсутствии в сборниках ГЭСН необходимых сметных норм на демонтаж
(разборку) конструкций зданий и сооружений, внутренних санитарно-технических
устройств и наружных сетей, затраты на демонтаж должны определяться по
соответствующим нормам сборников ГЭСН с применением к нормам затрат труда
рабочих-строителей машинистов и нормам времени эксплуатации машин и
механизмов, следующих коэффициентов:
а) при демонтаже сборных железобетонных и бетонных конструкций - 0,8 (нормы
расходов материальных ресурсов не учитываются);
б) то же, сборных деревянных конструкций - 0,8 (нормы расходов материальных
ресурсов не учитываются);
в) 
то 
же, 
внутренних 
санитарно-технических 
устройств 
(водопровода,
канализации, 
водостоков, 
отопления, 
вентиляции) 
- 
0,4 
(нормы 
расходов
материальных ресурсов не учитываются);
г) то же, наружных сетей водопровода, канализации, теплоснабжения и
газоснабжения - 0,6 (нормы расходов материальных ресурсов не учитываются);
д) то же, металлических конструкций:
0,6 - к затратам труда рабочих-строителей;
0,7 - ко времени эксплуатации машин в т.ч.",Data1_10_10062_index.pdf,5
Какие виды экспертизы могут быть проведены и что они включают?,"При наличии достаточных оснований полагать, что сведения, имеющие значение для уголовного дела, 
могут содержаться в электронных сообщениях или иных передаваемых по сетям электросвязи сообщениях, 
следователем по решению суда могут быть проведены их осмотр и выемка.",Уголовно-процессуальный кодекс Российской Федерации.pdf,129
Какие требования должны быть отражены в инструкциях по охране труда согласно ГОСТ?,"В инструкциях по эксплуатации оборудования, зданий, сооружений должны быть указаны:
- краткая характеристика оборудования данной установки, зданий, сооружений;
- порядок подготовки к пуску, порядок пуска, останова и обслуживания оборудования, обслуживания зданий и
сооружений во время нормальной эксплуатации и в аварийных режимах;
- порядок допуска к осмотру, ремонту и испытаниям оборудования, зданий и сооружений;
- требования пожарной безопасности, специфические для данного оборудования, установок, сооружений.",Data1_10_10862_index.pdf,6
Какие права имеет осужденный к смертной казни?,"После вступления приговора суда в законную силу осужденный к смертной казни имеет 
право в установленном законом порядке обратиться с ходатайством о помиловании.",Уголовно-исполнительный кодекс Российской Федерации.pdf,101
Какие меры предупреждают отклонения инъекторов и скважин от проектного направления согласно ГОСТ (к СНиП 3.02.01-83)?,"При погружении инъекторов в грунты и бурении скважин следует принимать меры, предупреждающие отклонения
инъекторов и скважин от проектного направления путем установки кондукторов.",Data1_11_11295_index.pdf,20
Какие примеры заполнения ведомости объемов грунта приведены в СНиПе?,"Примеры заполнения ведомости расчета ресурсных сметных норм и таблицы
РСН приведены в приложениях 5, 6 и 6а.",Data1_2_2073_index.pdf,5
"Как исчисляется и уплачивается налог на доходы, полученные в виде дивидендов по акциям российских организаций?","Для целей настоящей главы к доходам в виде дивидендов приравнивается доход в виде превышения 
суммы денежных средств, стоимости иного имущества (имущественных прав), которые получены 
акционером (участником) российской организации при выходе (выбытии) из организации либо при 
распределении имущества ликвидируемой организации между ее акционерами (участниками), над 
расходами соответствующего акционера (участника) на приобретение акций (долей, паев) ликвидируемой 
организации; 
1.1) дивиденды, выплаченные иностранной организации по акциям (долям) российской организации, 
признанные отраженными налогоплательщиком в налоговой декларации в составе доходов в соответствии 
с пунктом 1.1 настоящей статьи; 
2) страховые выплаты при наступлении страхового случая, в том числе периодические страховые выплаты 
(ренты, аннуитеты) и (или) выплаты, связанные с участием страхователя в инвестиционном доходе 
страховщика, а также выкупные суммы полученные от российской организации и (или) от иностранной 
организации в связи с деятельностью ее обособленного подразделения в Российской Федерации; 
3) доходы, полученные от использования в Российской Федерации авторских или смежных прав; 
4) доходы, полученные от сдачи в аренду или иного использования имущества, находящегося в Российской 
Федерации; 
5) доходы от реализации: 
недвижимого имущества, находящегося в Российской Федерации; 
в Российской Федерации акций или иных ценных бумаг, а также долей участия в уставном капитале 
организаций; 
в Российской Федерации акций, иных ценных бумаг, долей участия в уставном капитале организаций, 
полученные от участия в инвестиционном товариществе; 
прав требования к российской организации или иностранной организации в связи с деятельностью ее 
обособленного подразделения на территории Российской Федерации;",Налоговый кодекс Российской Федерации.pdf,734
Какой стандарт (ГОСТ) регламентирует площадь мозаичных полов?,"№
п/п
Наименование площади
помещений
Всего
В том числе
одноэтажной части
многоэтажной части
1
Производственная площадь
в том числе:
на антресолях
в подвалах
 
 
 
2
Площадь складов
в том числе:
на антресолях
в подвалах
 
 
 
3
Площадь служебных помещений
в том числе:
на антресолях
в подвалах
 
 
 
4
Площадь столовых
 
 
 
5
Площадь медпунктов
 
 
 
6
Площадь гардеробных
 
 
 
7
Площадь душевых
 
 
 
8
Площадь умывальных
 
 
 
9
Площадь уборных
 
 
 
10
Площадь прочих помещений
 
 
 
Схематические планы и площади полов
А. Площади полов в м2
№
п/п
Наименование площади
помещений
В одноэтажной части
В многоэтажной части
Всего
1
Торцовая шашка
 
 
 
2
Бетонные
 
 
 
3
Гранитная брусчатка
 
 
 
4
Чугунные, стальные
 
 
 
5
Асфальтовые
 
 
 
6
Цементные
 
 
 
7
Мозаичные
 
 
 
8
Из метлахской плитки
 
 
 
9
Ксилолитовые
 
 
 
10
Паркетные
 
 
 
11
Дощатые
 
 
 
12
Линолеумные
 
 
 
13
Наливные безшовные
 
 
 
14
Из плитки ПХВ
 
 
 
15
Прочие
 
 
 
Размеры наружных поверхностей ограждающих конструкций
1.",Data1_1_1879_index.pdf,15
Какие телефоны доступны для бесплатной юридической консультации в Москве и Московской области?,"Предприятием выполнены работы на многочисленных объектах в Москве и Московской области, а также во
многих городах РФ и странах СНГ
Основные
характеристики
конструкций
Высоконадежная поликарбонатная система в полной комплектации.",Data1_10_10846_index.pdf,48
Как вручаются судебные извещения через дипломатические каналы?,"Указанные в частях 1 - 3 настоящей статьи судебные извещения могут быть вручены 
арбитражным судом непосредственно под расписку представителю иностранного государства, если 
он участвует в деле и в установленном порядке наделен соответствующими полномочиями.",Арбитражный процессуальный кодекс Российской Федерации.pdf,169
Что должно содержать решение о порядке следования осужденного к месту отбывания наказания в случае назначения ему отбывания лишения свободы в колонии-поселении в резолютивной части обвинительного приговора?,"Комментарии к статьям на сайте 
https://upkodeksrf.ru/ 
 
 
 
 
 
3) пункт, часть, статья Уголовного кодекса Российской Федерации, предусматривающие ответственность за 
преступление, в совершении которого подсудимый признан виновным; 
4) вид и размер наказания, назначенного подсудимому за каждое преступление, в совершении которого он 
признан виновным; 
5) окончательная мера наказания, подлежащая отбытию на основании статей 69 - 72 Уголовного кодекса 
Российской Федерации; 
6) вид исправительного учреждения, в котором должен отбывать наказание осужденный к лишению 
свободы, и режим данного исправительного учреждения; 
7) длительность испытательного срока при условном осуждении и обязанности, которые возлагаются при 
этом на осужденного; 
8) решение о дополнительных видах наказания в соответствии со статьей 45 Уголовного кодекса 
Российской Федерации; 
9) решение о зачете времени предварительного содержания под стражей, если подсудимый до 
постановления приговора был задержан, или к нему применялись меры пресечения в виде заключения 
под стражу, домашнего ареста, запрета определенных действий, предусмотренного пунктом 1 части 
шестой статьи 105.1 настоящего Кодекса, или он помещался в медицинскую организацию, оказывающую 
медицинскую помощь в стационарных условиях, или в медицинскую организацию, оказывающую 
психиатрическую помощь в стационарных условиях; 
10) решение о мере пресечения в отношении подсудимого до вступления приговора в законную силу; 
11) решение о порядке следования осужденного к месту отбывания наказания в случае назначения ему 
отбывания лишения свободы в колонии-поселении; 
12) ограничения, которые устанавливаются для осужденного к наказанию в виде ограничения свободы.",Уголовно-процессуальный кодекс Российской Федерации.pdf,197
"Кто определяет места отбывания исправительных работ для осужденных, не имеющих основного места работы?","Следственные изоляторы выполняют 
функции исправительных учреждений в отношении осужденных, оставленных для выполнения 
работ по хозяйственному обслуживанию, осужденных, в отношении которых приговор суда 
вступил в законную силу и которые подлежат направлению в исправительные учреждения для 
отбывания наказания, осужденных, перемещаемых из одного места отбывания наказания в другое, 
осужденных, оставленных в следственном изоляторе или переведенных в следственный изолятор в 
порядке, установленном статьей 77.1 настоящего Кодекса, а также в отношении осужденных на 
срок не свыше шести месяцев, оставленных в следственных изоляторах с их согласия.",Уголовно-исполнительный кодекс Российской Федерации.pdf,39
Как регулируется оборот земельных участков?,"Органы, осуществляющие государственный экологический надзор, рассматривают дела об 
административных правонарушениях, предусмотренных частью 2 статьи 7.2 (об уничтожении и о 
повреждении знаков особо охраняемых природных территорий, а также знаков, устанавливаемых 
пользователями животным миром или органами, осуществляющими федеральный государственный 
надзор в области охраны, воспроизводства и использования объектов животного мира и среды их 
обитания, зданий и других сооружений, принадлежащих указанным пользователям и органам), статьей 7.6, 
частью 1 статьи 7.11, статьями 8.1, 8.2, 8.2.1, 8.2.2, 8.2.3, 8.4, 8.5, 8.5.1, статьями 8.6 и 8.7 (за исключением 
административных правонарушений, совершенных на землях сельскохозяйственного назначения, оборот 
которых регулируется Федеральным законом от 24 июля 2002 года N 101-ФЗ ""Об обороте земель 
сельскохозяйственного назначения""), статьей 8.12 (в части нарушения порядка отвода земельных участков 
в водоохранных зонах и прибрежных полосах водных объектов), частями 1, 2, 4 статьи 8.13, частью 1 статьи 
8.14, статьей 8.15, частями 1 и 3 статьи 8.17, статьями 8.18, 8.19, 8.21 - 8.23, частями 2 и 3 статьи 8.31, 
статьями 8.33 - 8.36, частью 3 статьи 8.37, статьями 8.39, 8.41, 8.41.1, 8.46, 8.47, 8.50, 8.51, частями 1 и 2 
статьи 14.43, частями 38 и 39 статьи 19.5 настоящего Кодекса.",Административный кодекс Российской Федерации.pdf,477
"Как можно предотвратить самовольное использование товарного знака, фирменного наименования или марки проектной продукции конкурента согласно ГОСТ МДС 80-2.2000?","Недобросовестная конкуренция чаще всего проявляется в следующем:
распространение ложных, неточных или искаженных сведений, способных
причинить убытки конкуренту (подразделению, специалисту) либо нанести ущерб его
деловой репутации;
введение потребителей (заказчиков проектной продукции (услуг)) в заблуждение
относительно характера, способа и места изготовления, потребительских свойств,
качества проектной продукции (услуг), разрабатываемых конкурентом;
некорректное сравнение собственных работ (услуг) с работами (услугами)
конкурентов;
самовольное использование товарного знака, фирменного наименования или марки
проектной продукции, а также копирование внешнего оформления продукции
конкурента;",Data1_10_10872_index.pdf,4
Какая ставка сбора установлена за прочие объекты водных биологических ресурсов?,"Ставки сбора за каждый объект водных биологических ресурсов - морское млекопитающее 
устанавливаются в следующих размерах, если иное не установлено пунктом 6 настоящей статьи: 
 
Наименование объекта водных биологических ресурсов - 
морского млекопитающего 
Ставка сбора в 
рублях 
(за одну тонну)",Налоговый кодекс Российской Федерации.pdf,1240
Какие задачи входит в область обеспечения проектно-сметной документацией согласно СНиП?,"Конструктивные схемы инъекционного химзакрепления грунтов
а - сплошное закрепление; б - армированное закрепление; в - комбинированное закрепление
на соответствующих планах и разрезах, согласно вычисленным параметрам инъекции, производят пространственное
размещение инъекторов или инъекционных скважин в закрепляемых массивах, после чего уточняют объем закрепления и
потребность в материалах;
в зависимости от водопроницаемости грунтов, инженерно-геологических условий участка и характера решаемой задачи
назначают режим нагнетания закрепляющих реагентов (удельные расходы, давления, последовательный порядок в плане и по
глубине);
в соответствии с условиями работ, характером решаемой задачи и с объемами работ выбирают необходимое оборудование;
согласно заданным срокам с учетом установленного режима инъекции производят расчет необходимого количества
оборудования, количества одновременно работающих инъекторов (или скважин), сменности работ и потребностей в рабочей
силе, электроэнергии и других ресурсах;
составляют основные документы проекта, относящиеся к проектированию организации строительства и проектированию
производства работ (генплан, технологические карты и схемы) и содержащие разнообразные позиции по обеспечению работ и
выполнению основных работ по закреплению грунтов в соответствии с подпунктами «з» и «и» в",Data1_11_11295_index.pdf,11
С какого момента считается исполненным договор розничной купли-продажи товара по образцам?,"Если иное не предусмотрено законом, иными правовыми актами или договором, договор розничной 
купли-продажи товара по образцам или договор розничной купли-продажи, заключенный дистанционным 
способом продажи товара, считается исполненным с момента доставки товара в место, указанное в таком 
договоре, а если место передачи товара таким договором не определено, с момента доставки товара по 
месту жительства покупателя-гражданина или месту нахождения покупателя - юридического лица.",Гражданский кодекс Российской Федерации.pdf,252
Какие нормативы затрат установлены для создания произведений скульптуры и монументально-декоративной живописи?,"Если эти расходы не могут быть подтверждены документально, они принимаются к вычету в следующих 
размерах: 
 
 
Нормативы затрат (в 
процентах к сумме 
начисленного дохода) 
Создание литературных произведений, в том числе для театра, 
кино, эстрады и цирка 
20 
Создание 
художественно-графических 
произведений, 
фоторабот для печати, произведений архитектуры и дизайна 
30 
Создание 
произведений 
скульптуры, 
монументально-
декоративной 
живописи, 
декоративно-прикладного 
и 
40",Налоговый кодекс Российской Федерации.pdf,860
Какие телефоны можно использовать для бесплатной юридической консультации в Санкт-Петербурге и Ленинградской области?,"Многому можно научиться из опыта маркетинга в других областях и
использовать все прогрессивное.",Data1_10_10858_index.pdf,15
Какие элементы входят в стоимостной блок РТМ согласно СНиП?,"В блок стоимостной оценки РТМ, принимаемый в качестве базисного, включаются
показатели стоимости ресурсов в сметных ценах, введенных в действие с 01.01.91, и
в последующем периоде строительства вместо показателей в сметных ценах
приводятся показатели стоимости ресурсов в фактических ценах.",Data1_2_2080_index.pdf,5
"Что происходит, если участники не явились в заседание после перерыва?","В случае, если в судебное заседание не явились лица, участвующие в деле, а их явка в 
соответствии с настоящим Кодексом была признана обязательной арбитражным судом, суд может 
наложить на указанных лиц судебный штраф в порядке и в размерах, которые предусмотрены в 
главе 11 настоящего Кодекса.",Арбитражный процессуальный кодекс Российской Федерации.pdf,82
Какие элементы включаются в комплексы упражнений подготовительных занятий для инвалидов по ГОСТ МДС 35-7.2000?,"В комплексы упражнений подготовительных
занятий включаются специальные элементы для развития определенных групп мышц
как с использованием различных тренажеров и снарядов, так и без них.",Data1_10_10847_index.pdf,3
Какие данные из технического журнала используются для составления дефектных ведомостей по МДС 14-13.2000?,"СОДЕРЖАНИЕ
Общие положения
Подготовка по новой должности
Стажировка
Проверка знаний норм и правил
Дублирование
Допуск к самостоятельной работе
Инструктажи по безопасности труда и пожарной безопасности
Противоаварийные и противопожарные тренировки
Специальная подготовка
Повышение квалификации, производственная работа с персоналом
Приложение 1 Форма журнала регистрации вводного инструктажа
Приложение 2 Примерный перечень основных вопросов для составления программ
вводного инструктажа
Приложение 3 Форма журнала регистрации инструктажа  на рабочем месте
Приложение 4 Примерный перечень основных вопросов первичного инструктажа на
рабочем месте
Приложение 5 Форма  протокола проверки знаний
Приложение 6 Форма  журнала учета проверки знаний норм,  правил, инструкций
Приложение 7 Форма  удостоверения о проверке знаний
Приложение 8 Форма журнала по учету противоаварийных   и противопожарных
тренировок",Data1_10_10862_index.pdf,11
Какой телефон указан для бесплатной юридической консультации в регионах РФ?,"На территорию 
исправительного учреждения адвокаты или иные указанные лица, имеющие право на оказание 
юридической помощи, вправе проносить копировально-множительную технику и фотоаппаратуру 
только для снятия копий с материалов личного дела осужденного, компьютеры и пользоваться 
такими копировально-множительной техникой и фотоаппаратурой, компьютерами только в 
отсутствие осужденного в отдельном помещении, определенном администрацией исправительного 
учреждения.",Уголовно-исполнительный кодекс Российской Федерации.pdf,52
"Как учитываются доходы, связанные с операциями РЕПО по ценным бумагам, являющимся объектом операций займа?","Доходы, связанные с операциями РЕПО по ценным бумагам, являющимся объектом операций займа, 
учитываются в порядке, установленном статьей 214.3 настоящего Кодекса.",Налоговый кодекс Российской Федерации.pdf,781
Какие цели преследуются при технических осмотрах согласно МДС 14-13.2000?,"Программы подготовки авиационного персонала гражданской авиации для обслуживания 
пассажиров из числа инвалидов и других лиц с ограничениями жизнедеятельности и использования 
технических средств и оборудования, указанных в пункте 10 статьи 37 настоящего Кодекса, 
утверждаются уполномоченным органом, на который законодательством Российской Федерации 
возложены организация и проведение обязательных сертификации и аттестации в гражданской 
авиации, совместно с федеральным органом исполнительной власти, осуществляющим функции по 
выработке и реализации государственной политики и нормативно-правовому регулированию в 
сфере труда и социальной защиты населения, при участии общественных объединений инвалидов.",Воздушный кодекс Российской Федерации.pdf,36
Какие индексы указаны в таблице 1 для накладных расходов в строительстве?,"- часа строительных машин-представителей или стоимость 1 маш.-часа в
текущем уровне цен;
индексы удорожания стоимости материалов-представителей (не более 100) или их сметная стоимость в текущем
уровне цен (перечень материалов-представителей приведен в ""Методических рекомендациях по формированию
укрупненных показателей базовой стоимости на виды работ и порядку их применения для составления инвесторских
смет и предложений подрядчика (УПБС ВР)"";
нормативы накладных расходов в базисном и в текущем уровне цен;
нормативы плановых накоплений в базисном уровне и сметной прибыли в текущем уровне цен.",Data1_2_2117_index.pdf,5
Кто представляет казначейскую отчетность в Министерство финансов Российской Федерации?,"Федеральное казначейство представляет казначейскую отчетность в Министерство 
финансов Российской Федерации.",Бюджетный кодекс Российской Федерации.pdf,381
Какие основные положения описаны в разделе 1.1 ГОСТ МДС 80-3.2000?,")
 
СТРОИТЕЛЬНЫЕ НОРМЫ И ПРАВИЛА РОССИЙСКОЙ ФЕДЕРАЦИИ
 
ИНСТРУКЦИЯ ПО РАЗМЕЩЕНИЮ ТЕПЛОВЫХ АГРЕГАТОВ,
ПРЕДНАЗНАЧЕНЫХ ДЛЯ ОТОПЛЕНИЯ И ГОРЯЧЕГО
ВОДОСНАБЖЕНИЯ ОДНОКВАРТИРНЫХ ИЛИ БЛОКИРОВАНЫХ
ЖИЛЫХ ДОМОВ
 
INSTRUCTION ON THE LOKATION OF TERMAL UNITS USED FOR
HEATING AND HOT WATER-SUPPLY IN SINGL-APARTMENT OR SEMI-
DETACHED HOUSES
Дата введения 1996-12-01
1 ОБЛАСТЬ ПРИМЕНЕНИЯ
1.1 
Требования 
настоящей 
Инструкции 
следует 
соблюдать 
при
проектировании помещений в одноквартирных или блокированных жилых
зданиях, в которых размещаются тепловые агрегаты (теплогенераторы),
использующие в качестве топлива природный газ по ГОСТ 5542-87,
предназначенные для отопления и горячего водоснабжения этих зданий.",Data1_2_2096_index.pdf,2
Какие данные используются при определении затрат на приобретение основного и вспомогательного оборудования?,"ОСНОВНЫЕ МЕТОДИЧЕСКИЕ РЕКОМЕНДАЦИИ И ОБОСНОВЫВАЮЩИЕ
ДОКУМЕНТЫ, ИСПОЛЬЗУЕМЫЕ ПРИ РАСЧЕТЕ ЗАТРАТ НА СОДЕРЖАНИЕ
СЛУЖБЫ ЗАКАЗЧИКА-ЗАСТРОЙЩИКА
Основные статьи затрат
Рекомендации по расчету
Обосновывающие документы
1
2
3
Расходы на оплату труда,
в том числе
Средняя 
заработная 
плата
аппарата заказчика-застройщика
должна корреспондироваться со
средней 
заработной 
платой
госслужащих 
аппарата
управления по региону
Используются данные Госкомстата России и
его территориальных подразделений
1.1.",Data1_2_2116_index.pdf,4
Какие особенности определения налоговой базы могут быть установлены?,"Особенности определения налоговой базы по банкам устанавливаются с учетом положений статей 290-
292 настоящего Кодекса.",Налоговый кодекс Российской Федерации.pdf,1028
Какие сведения могут запрашивать представители работников у работодателя по вопросам введения технологических изменений?,"Представители работников имеют право получать от работодателя информацию по вопросам: 
реорганизации или ликвидации организации; 
введения технологических изменений, влекущих за собой изменение условий труда работников; 
подготовки и дополнительного профессионального образования работников; 
по другим вопросам, предусмотренным настоящим Кодексом, иными федеральными законами, 
учредительными документами организации, коллективным договором, соглашениями.",Трудовой кодекс Российской Федерации.pdf,36
Что означает пункт 11 в перечне операций с подакцизными товарами?,"Принцип единства кассы 
Принцип единства кассы означает зачисление всех поступлений в бюджет на единый счет 
бюджета и осуществление всех перечислений из бюджета с единого счета бюджета, за 
исключением операций по исполнению бюджетов, осуществляемых за пределами территории 
Российской Федерации в соответствии с нормативными правовыми актами Российской Федерации.",Бюджетный кодекс Российской Федерации.pdf,30
Как проводятся общественные обсуждения или публичные слушания по проекту решения о предоставлении разрешения на условно разрешенный вид использования земельного участка?,"Комментарии к статьям на сайте 
https://grkodeksrf.ru/ 
 
 
 
 
 
б) общественные обсуждения или публичные слушания по проектам планировки территории, проектам 
межевания территории; 
в) утверждение документации по планировке территории; 
2) предоставление разрешения на условно разрешенный вид использования земельного участка, в том 
числе проведение общественных обсуждений или публичных слушаний по проекту решения о 
предоставлении такого разрешения; 
3) предоставление разрешения на отклонение от предельных параметров разрешенного строительства, 
реконструкции объекта капитального строительства, в том числе проведение общественных обсуждений 
или публичных слушаний по проекту решения о предоставлении такого разрешения; 
4) выдача градостроительного плана земельного участка; 
5) получение технических требований и условий, подлежащих обязательному исполнению при 
архитектурно-строительном проектировании в целях реконструкции, капитального ремонта существующих 
линейных объектов, в том числе сетей инженерно-технического обеспечения, в соответствии со статьей 
52.2 настоящего Кодекса; 
6) заключение договора с правообладателями существующих линейных объектов, в том числе сетей 
инженерно-технического обеспечения, в целях их реконструкции, капитального ремонта в соответствии со 
статьей 52.2 настоящего Кодекса; 
7) получение предусмотренных частью 3 статьи 52.1 настоящего Кодекса технических условий на 
подключение (технологическое присоединение) объектов капитального строительства к сетям инженерно-
технического обеспечения; 
8) заключение указанных в статье 52.1 настоящего Кодекса договоров о подключении (технологическом 
присоединении) объектов капитального строительства к сетям инженерно-технического обеспечения; 
9) принятие в соответствии с земельным законодательством решения об установлении, изменении, о 
прекращении существования зон с особыми условиями использования территории в связи со 
строительством, реконструкцией объекта капитального строительства.",Градостроительный кодекс Российской Федерации.pdf,16
"Какой документ определяет, что отчисления включаются в себестоимость продукции (работ, услуг)?",",1
""Положения о
составе затрат по
производству и
реализации
продукции (работ,
услуг), включаемых
в себестоимость
продукции (работ,
услуг), и о порядке
формирования
финансовых
результатов,
учитываемых при
налогообложении
прибыли"",
утвержденного
Постановлением
Правительства
Российской
Федерации от
05.08.92 № 552)
Отчисления в фонд
обязательного
медицинского
страхования
включаются в
себестоимость
продукции (работ,
услуг) (",Data1_2_2070_index.pdf,33
Что происходит с сроком действия трудового договора при переводе на должность научного работника в результате избрания по конкурсу?,"При переводе на должность научного работника в результате избрания по конкурсу на соответствующую 
должность срок действия трудового договора с работником может быть изменен по соглашению сторон, 
заключаемому в письменной форме, в соответствии с условиями проведения конкурса на определенный 
срок не более пяти лет или на неопределенный срок.",Трудовой кодекс Российской Федерации.pdf,196
"Какие условия содержания предусмотрены для осужденных к смертной казни, в отношении которых приговор суда вступил в законную силу, но вопрос о помиловании не решен?","Осужденные к смертной казни, в отношении которых приговор суда вступил в законную 
силу, но вопрос о помиловании не решен либо ходатайство которых о помиловании удовлетворено, 
до направления в исправительное учреждение для дальнейшего отбывания наказания содержатся в 
условиях, предусмотренных статьей 127 настоящего Кодекса.",Уголовно-исполнительный кодекс Российской Федерации.pdf,101
Какова средняя площадь квартир в 24-квартирном индивидуальном проекте повторного применения?,"средняя
площадь
квартир
Городское строительство
К р у п н о п а н е л ь н ы е
ж и л ы е  д о м а
 
 
 
 
 
1.",Data1_2_2080_index.pdf,10
"Какие административные правонарушения может рассматривать федеральный орган исполнительной власти, осуществляющий функции по контролю и надзору в финансово-бюджетной сфере, согласно статье 23.7?","Федеральный орган исполнительной власти, осуществляющий функции по контролю и надзору в 
финансово-бюджетной сфере, рассматривает дела об административных правонарушениях, 
предусмотренных статьей 7.29.3, частями 8 - 10 статьи 7.32, статьями 7.32.6, 15.1, 15.14 - 15.15.16, частью 20 
статьи 19.5 и частью 1 статьи 19.7.2 настоящего Кодекса (в пределах своих полномочий).",Административный кодекс Российской Федерации.pdf,463
"Какие требования предъявляет ГОСТ МДС 17-13.2000 к утеплению трубопроводов, наличию или неисправности освещения продухов?","При проведении обследований
режимов обеспечения населения коммунальными услугами, проверяется исправность
системы внутридомового электроснабжения в целом по всем показателям данного раздела
Источник
Характерные неисправности
или повреждения
Нормативные требования
Рекомендуемые меры и сроки
устранения
1
2
3
4
ПН-5-133 Неисправности в системе
освещения общедомовых
помещений (ламп освещения,
выключателей, светильников,
пускорегулируюших
устройств).",Data1_10_10861_index.pdf,34
Что такое совокупность преступлений согласно статье 17 Уголовного кодекса РФ?,"Если преступление совершено вне пределов Российской Федерации, уголовное дело расследуется по 
основаниям, предусмотренным статьей 12 Уголовного кодекса Российской Федерации, или в соответствии 
со статьей 459 настоящего Кодекса по месту жительства или месту пребывания потерпевшего в Российской 
Федерации, либо по месту нахождения большинства свидетелей, либо по месту жительства или месту 
пребывания обвиняемого в Российской Федерации, если потерпевший проживает или пребывает вне 
пределов Российской Федерации, либо по месту, определенному Председателем Следственного комитета 
Российской Федерации, при условии, что преступление совершено иностранным гражданином или лицом 
без гражданства, не проживающими постоянно в Российской Федерации, и направлено против интересов 
Российской Федерации.",Уголовно-процессуальный кодекс Российской Федерации.pdf,109
Какое значение коэффициента принимается до начала применения налоговой ставки налога на прибыль организаций?,"Коэффициент 
 принимается равным 0 до начала применения участником регионального 
инвестиционного проекта, направленного на добычу полезных ископаемых, налоговой ставки налога на 
прибыль организаций, установленной пунктом 1.5 статьи 284 настоящего Кодекса, в соответствии с 
пунктом 2 статьи 284.3 настоящего Кодекса, а также резидентом территории опережающего социально-
экономического развития налоговой ставки, установленной пунктом 1.8 статьи 284 настоящего Кодекса, в 
соответствии со статьей 284.4 настоящего Кодекса.",Налоговый кодекс Российской Федерации.pdf,1405
Какие коэффициенты разрабатываются для учета изменений условий производства работ согласно ГОСТ МДС 81-10.2000?,"Коэффициенты к ПВР, помещаемые в соответствующем разделе, разрабатываются для учета изменений условий производства
работ, технологии, характеристик материалов, строительных машин и т.д.",Data1_2_2076_index.pdf,2
Как рассчитываются индексы цен на строительно-монтажные работы согласно ГОСТу?,"На основе стоимостной оценки показателей, приводимых в блоке, для
анализируемого квартала (года, месяца) рассчитываются индексы фактических цен на
потребляемые ресурсы и на строительно-монтажные работы по сравнению с базовым
периодом или с фактическими ценами предшествующего периода (месяц, квартал
или год).",Data1_2_2080_index.pdf,5
Какая стоимостная оценка в базисном уровне (на 01.01.91) указана для электроконструкций в ГОСТ?,"Наименование ресурсов
Код
Единица
измерения
Объем
ресурсов по
объекту-
представителю
Стоимостная оценка в
базисном уровне цен
(на 01.01.91)
на единицу
объема,
руб.",Data1_2_2080_index.pdf,13
Какие доказательства могут быть исследованы при рассмотрении материалов налоговой проверки?,"При рассмотрении материалов налоговой проверки может быть оглашен акт налоговой проверки, а при 
необходимости и иные материалы мероприятий налогового контроля, а также письменные возражения 
лица, в отношении которого проводилась проверка.",Налоговый кодекс Российской Федерации.pdf,256
Какое решение о разработке проектной документации в сокращенном объеме должно быть включено в задание?,"настоящей инструкции);
решение о разработке проектной документации в сокращенном объеме.",Data1_10_10859_index.pdf,3
Какие меры предпринимаются в случае повреждения каналов связи?,"Уполномоченный орган в области связи, органы связи федеральных органов 
исполнительной власти, а также граждане и юридические лица, имеющие право на предоставление 
услуг связи, обеспечивают первоочередное предоставление каналов связи для обеспечения полетов 
воздушных судов и другой деятельности по использованию воздушного пространства и принимают 
неотложные меры по замене каналов связи и их восстановлению в случае повреждения.",Воздушный кодекс Российской Федерации.pdf,44
Какой индекс изменения стоимости СМР был в Брянской области в IV кв. 1992 г. по сравнению с базисным уровнем на 01.01.91 согласно МДС 81-9.2000?,"(БЕЗ НДС)
Регионы
Индексы цен по сравнению с базисным
уровнем на 01.01.91
Изменение стоимости
СМР (гр.",Data1_2_2075_index.pdf,11
Какова стоимость строительных работ в II квартале 1993 года в текущем уровне цен?,"- часа строительных машин-представителей или стоимость 1 маш.-часа в
текущем уровне цен;
индексы удорожания стоимости материалов-представителей (не более 100) или их сметная стоимость в текущем
уровне цен (перечень материалов-представителей приведен в ""Методических рекомендациях по формированию
укрупненных показателей базовой стоимости на виды работ и порядку их применения для составления инвесторских
смет и предложений подрядчика (УПБС ВР)"";
нормативы накладных расходов в базисном и в текущем уровне цен;
нормативы плановых накоплений в базисном уровне и сметной прибыли в текущем уровне цен.",Data1_2_2117_index.pdf,5
Какие ГОСТы или СНиПы регулируют проектирование площадок для волейбола?,"В задании на проектирование должны найти отражение следующие вопросы:
основание для выдачи задания;
заказчик проекта;
генеральный проектировщик и проектные организации - исполнители проекта;
кем и в какие сроки выдаются исходные данные для проектирования;
специальные требования по структурной организации и функциональному зонированию
территории;
предлагаемые проекты жилых домов, предприятий и учреждений обслуживания;
возможность использования существующих зданий по их начальному назначению или
для других целей, иные требования к реконструкции сложившейся застройки;
требования к решению объемно-пространственной композиции застройки, организации
транспортного обслуживания населения, благоустройству и озеленению территории,
инженерной подготовке и оборудованию территории, охране окружающей среды,
инженерно-техническим мероприятиям гражданской обороны, сохранению памятников
природы, истории и культуры;
состав проекта;",Data1_1_1904_index.pdf,29
Каким образом крепятся элементы светопропускающего заполнения к опорным конструкциям согласно ГОСТ МДС 31-8.2002?,"Крепление элементов светопропускающего заполнения
(стеклопакетов, панелей из поликарбоната) производится с помощью нащельников, закрепляемых к опорным
конструкциям шурупами или самонарезающими винтами.",Data1_10_10846_index.pdf,8
"Какой период просрочки исполнения обязательства, обеспеченного залогом, считается допустимым?","Комментарии к статьям на сайте 
https://gkodeksrf.ru/ 
  
 
2) период просрочки исполнения обязательства, обеспеченного залогом, составляет менее чем три месяца.",Гражданский кодекс Российской Федерации.pdf,184
"Что происходит с затонувшим имуществом, если владелец отказывается от своих прав?","Собственник или иной владелец земельного участка либо другого объекта недвижимости 
освобождается от административной ответственности, если в ходе рассмотрения жалобы на 
постановление по делу об административном правонарушении, вынесенное в соответствии с частью 3 
статьи 28.6 настоящего Кодекса, будут подтверждены содержащиеся в ней данные о том, что в момент 
фиксации административного правонарушения земельный участок либо другой объект недвижимости 
находился во владении или в пользовании другого лица, либо о том, что административное 
правонарушение совершено в результате противоправных действий других лиц, при этом у собственника 
или иного владельца земельного участка либо другого объекта недвижимости не имелось возможности 
предотвратить совершение административного правонарушения либо им были приняты все зависящие от 
него меры для предотвращения совершения административного правонарушения.",Административный кодекс Российской Федерации.pdf,8
Что такое земли сельскохозяйственного назначения?,"ПРИЛОЖЕНИЕ 12
ОСНОВНЫЕ ТЕХНИКО-ЭКОНОМИЧЕСКИЕ ПОКАЗАТЕЛИ ГЕНЕРАЛЬНОГО
ПЛАНА ГОРОДА, ДРУГОГО ПОСЕЛЕНИЯ
Показатель
Единица измерения
Территория
 
Общая площадь земель города, другого поселения в пределах городской,
поселковой черты и черты сельского поселения - всего
га; м2/чел
в том числе:
 
жилой и общественной застройки
га, %
из них:
 
усадебной застройки
-""-
застройки многоквартирными домами
-""-
общественной застройки
-""-
земель общего пользования
-""-
из них:
 
зеленых насаждений общего пользования
-""-
магистральных улиц, дорог, площадей
-""-
рекреационных, 
лечебно-оздоровительных, 
историко-культурного 
и
природного наследия
-""-
производственной и коммунально-складской застройки
-""-
специального назначения
-""-
внешнего транспорта
-""-
сельскохозяйственного использования
-""-
водоемов и акваторий
-""-
резервных территорий
-""-
иных территорий
-""-
Из общего количества земель:
 
земли государственной собственности
-""-
земли муниципальной собственности
-""-
земли частной собственности
-""-
Пригородная зона (для концепции) - всего
га
в том числе:
 
земли природоохранного, лечебно-оздоровительного, рекреационного и
историко-культурного назначения
-""-
земли городских и сельских поселений
-""-
земли промышленности, транспорта, связи, радиовещания, телевидения,
информатики и космического обеспечения, энергетики, обороны и иного
назначения
-""-
земли сельскохозяйственного назначения
-""-
земли лесного фонда
-""-
земли водного фонда
-""-
земли запаса
-""-
из них:",Data1_1_1904_index.pdf,35
Какой способ выполнения работ по капитальному ремонту рекомендует ГОСТ МДС 14-13.2000?,"Хозяйственный способ производства работ по капитальному ремонту следует применять
в исключительных случаях.",Data1_1_1879_index.pdf,12
Какие законы Российской Федерации устанавливают состав земель поселений?,"В определении Судебной коллегии Верховного Суда Российской Федерации, вынесенном 
по результатам рассмотрения кассационных жалобы, представления в порядке кассационного 
производства, должны быть указаны: 
1) наименование и состав суда, вынесшего определение; 
2) номер дела, дата и место вынесения определения; 
3) наименование лица, подавшего кассационные жалобу, представление о пересмотре дела в 
порядке кассационного производства, его процессуальное положение, адрес или место жительства; 
4) фамилия и инициалы судьи, вынесшего определение о передаче кассационных жалобы, 
представления вместе с делом для рассмотрения в судебном заседании Судебной коллегии 
Верховного Суда Российской Федерации; 
5) содержание обжалуемых судебных актов; 
6) фамилии лиц, присутствовавших в судебном заседании, с указанием их полномочий; 
7) наименования арбитражных судов, рассмотревших дело в первой, апелляционной и 
кассационной инстанциях; дата принятия обжалуемых решения, постановления, определения; 
8) объяснения лиц, участвующих в деле и присутствовавших в судебном заседании; 
9) законы и иные нормативные правовые акты, которыми руководствовалась Судебная 
коллегия Верховного Суда Российской Федерации при вынесении определения; мотивы 
вынесенного определения; мотивы, по которым суд не применил законы и иные нормативные 
правовые акты, на которые ссылались лица, участвующие в деле; 
10) мотивы, по которым Судебная коллегия Верховного Суда Российской Федерации не 
согласилась с выводами суда первой, апелляционной или кассационной инстанции, если его 
решение, постановление или определение было отменено полностью или в части; 
11) выводы по результатам рассмотрения кассационных жалобы, представления; 
12) основания для присуждения компенсации за нарушение права на судопроизводство в 
разумный срок или отказа в ее присуждении; 
13) размер компенсации за нарушение права на судопроизводство в разумный срок; 
14) действия, которые должны быть выполнены лицами, участвующими в деле, и 
арбитражным судом первой, апелляционной или кассационной инстанции, если дело передается на 
новое рассмотрение.",Арбитражный процессуальный кодекс Российской Федерации.pdf,199
"Какие правила применяются к правам на исполнение, созданное в пределах установленных для работника (исполнителя) трудовых обязанностей?","Исполнение, созданное в порядке выполнения служебного задания 
К правам на исполнение, созданное в пределах установленных для работника (исполнителя) трудовых 
обязанностей, в том числе к правам на созданное в таком порядке совместное исполнение, соответственно 
применяются правила статьи 1295 настоящего Кодекса.",Гражданский кодекс Российской Федерации.pdf,549
Какие элементы должны быть показаны на схеме транспорта для городов с расчетной численностью населения 500 тысяч человек и более согласно ГОСТ МДС 11-7.2000?,"Графические материалы концепции городов с расчетной численностью населения более
500 тысяч человек выполняются в масштабе 1:25000, городов и поселков с расчетной
численностью населения до 500 тысяч человек - в масштабе 1:10000 или 1:5000.",Data1_1_1904_index.pdf,11
Какие коэффициенты применяются при демонтаже сборных деревянных конструкций?,"При отсутствии в сборниках ГЭСН необходимых сметных норм на демонтаж
(разборку) конструкций зданий и сооружений, внутренних санитарно-технических
устройств и наружных сетей, затраты на демонтаж должны определяться по
соответствующим нормам сборников ГЭСН с применением к нормам затрат труда
рабочих-строителей машинистов и нормам времени эксплуатации машин и
механизмов, следующих коэффициентов:
а) при демонтаже сборных железобетонных и бетонных конструкций - 0,8 (нормы
расходов материальных ресурсов не учитываются);
б) то же, сборных деревянных конструкций - 0,8 (нормы расходов материальных
ресурсов не учитываются);
в) 
то 
же, 
внутренних 
санитарно-технических 
устройств 
(водопровода,
канализации, 
водостоков, 
отопления, 
вентиляции) 
- 
0,4 
(нормы 
расходов
материальных ресурсов не учитываются);
г) то же, наружных сетей водопровода, канализации, теплоснабжения и
газоснабжения - 0,6 (нормы расходов материальных ресурсов не учитываются);
д) то же, металлических конструкций:
0,6 - к затратам труда рабочих-строителей;
0,7 - ко времени эксплуатации машин в т.ч.",Data1_10_10062_index.pdf,5
Какие технические характеристики и допуски для метода створных наблюдений приведены в СНиП 3.01.03-84?,"Основные технические характеристики и
допуски для геометрического нивелирования должны приниматься в соответствии с
табл.",Data1_11_11285_index.pdf,72
"Что означает, что решение суда первой инстанции может быть изменено или отменено, если нарушение привело или могло привести к принятию неправильного решения?","Нарушение или неправильное применение норм процессуального права является основанием для 
изменения или отмены решения суда первой инстанции, если это нарушение привело или могло привести 
к принятию неправильного решения.",Гражданский процессуальный кодекс Российской Федерации.pdf,132
"Допускается ли укрупнение номенклатуры при составлении сводного расчета затрат российских организаций в смешанных ценах, согласно ГОСТ МДС 81-21.2000?","Кроме того, при предпроектных проработках по:
первому варианту (когда конкретные подрядчики не определены) сводный расчет стоимости
строительства во внутренних ценах Российской Федерации применяется для выбора генерального
подрядчика при проведении подрядных торгов по реализации на территории Российской Федерации
инвестиционных проектов с участием российских организаций и иностранных фирм;
второму варианту (когда известны конкретные подрядчики):
используется сводный расчет стоимости строительства во внутренних ценах Российской
Федерации при составлении сводного расчета стоимости строительства в смешанных ценах, в том
числе для определения суммы по объемам работ (затрат), выполняемым российскими организациями,
и для определения количества материальных ресурсов, поставляемых из-за границы взамен
изготовляемых в Российской Федерации;
устанавливается экономическая эффективность привлечения иностранных фирм к данному
строительству (наряду с другими факторами целесообразности их привлечения: техническими,
политическими и др.)",Data1_2_2082_index.pdf,2
Могут ли органы государственной власти субъектов РФ устанавливать более высокие размеры районных коэффициентов?,"Органы государственной власти субъектов Российской Федерации и органы местного самоуправления 
вправе за счет средств соответственно бюджетов субъектов Российской Федерации и бюджетов 
муниципальных образований устанавливать более высокие размеры районных коэффициентов для 
государственных органов субъектов Российской Федерации, государственных учреждений субъектов 
Российской Федерации, органов местного самоуправления, муниципальных учреждений.",Трудовой кодекс Российской Федерации.pdf,178
"Когда не признается реализацией товаров, работ или услуг?","Не признается реализацией товаров, работ или услуг: 
1) осуществление операций, связанных с обращением российской или иностранной валюты (за 
исключением целей нумизматики); 
2) передача основных средств, нематериальных активов и (или) иного имущества организации ее 
правопреемнику (правопреемникам) при реорганизации этой организации; 
3) передача основных средств, нематериальных активов и (или) иного имущества некоммерческим 
организациям на осуществление основной уставной деятельности, не связанной с предпринимательской 
деятельностью; 
4) передача имущества, если такая передача носит инвестиционный характер (в частности, вклады в 
уставный (складочный) капитал хозяйственных обществ и товариществ, вклады по договору простого 
товарищества (договору о совместной деятельности), договору инвестиционного товарищества, паевые 
взносы в паевые фонды кооперативов); 
4.1) передача имущества и (или) имущественных прав по концессионному соглашению, соглашению о 
государственно-частном партнерстве, соглашению о муниципально-частном партнерстве в соответствии с 
законодательством Российской Федерации; 
5) передача имущества в пределах первоначального взноса участнику хозяйственного общества или 
товарищества (его правопреемнику или наследнику) при выходе (выбытии) из хозяйственного общества или 
товарищества, а также при распределении имущества ликвидируемого хозяйственного общества или 
товарищества между его участниками; 
6) передача имущества в пределах первоначального взноса участнику договора простого товарищества 
(договора о совместной деятельности), договора инвестиционного товарищества или его правопреемнику в 
случае выдела его доли из имущества, находящегося в общей собственности участников договора, или 
раздела такого имущества; 
7) передача жилых помещений физическим лицам в домах государственного или муниципального 
жилищного фонда при проведении приватизации;",Налоговый кодекс Российской Федерации.pdf,102
Какие требования предъявляются к точности разбивки длин сторон опорного контура и измерению углов и линий согласно СНиП 3.01.03-84?,"Точности разбивки длин сторон опорного контура и измерения углов и линий
при выносе его в натуру должны быть обусловлены подъемностью оболочек и
допустимыми отклонениями в плане и по высоте монтажа сборных элементов
оболочки.",Data1_11_11285_index.pdf,18
Какие задачи ставит перед собой руководство проектной организации при формировании антимонопольных воздействий согласно ГОСТ МДС 80-2.2000?,"Основная задача руководства проектной организации при формировании
антимонопольных воздействий заключается в предупреждении, ограничении и
пресечении действий подразделений (специалистов), занимающих доминирующее
положение в проектной организации, которые могут иметь своим результатом
существенное ограничение конкуренции и/или ущемление интересов других
подразделений (работников).",Data1_10_10872_index.pdf,5
Какие лица могут участвовать в судебном заседании через веб-конференцию?,"В случае, если судом, при содействии которого указанные лица могут участвовать в судебном заседании 
путем использования систем видеоконференц-связи, является арбитражный суд, суд общей юрисдикции, 
рассматривающий дело, выносит определение о проведении такого судебного заседания в соответствии со 
статьями 224 и 225 настоящего Кодекса.",Гражданский процессуальный кодекс Российской Федерации.pdf,68
В какой форме выдается судебный приказ?,"Исполнительный лист выдается судом, рассмотревшим административное дело в первой 
инстанции, вне зависимости от того, суд какой инстанции принял судебный акт, на основании 
которого выдается исполнительный лист.",Кодекс административного судопроизводства Российской Федерации.pdf,225
Какие товары приобретают статус товаров Союза после помещения под таможенную процедуру реимпорта?,"Условиями помещения товаров Союза, перевозимых с одной части таможенной 
территории Союза на другую часть таможенной территории Союза через территории государств, не 
являющихся членами Союза, и (или) морем, под таможенную процедуру таможенного транзита 
являются: 
1) обеспечение исполнения обязанности по уплате вывозных таможенных пошлин в 
соответствии со статьей 146 настоящего Кодекса в случае, если в государстве-члене, на территории 
которого товары Союза помещаются под таможенную процедуру таможенного транзита, в 
отношении таких товаров установлены ставки вывозных таможенных пошлин, за исключением: 
случаев, когда декларантом товаров Союза, помещаемых под таможенную процедуру 
таможенного транзита, выступает лицо государства-члена, у которого в государстве-члене, в 
котором товары Союза помещаются под таможенную процедуру таможенного транзита, на день 
регистрации транзитной декларации отсутствует не исполненная в установленный срок 
обязанность 
по 
уплате 
таможенных 
пошлин, 
налогов, 
специальных, 
антидемпинговых, 
компенсационных пошлин, процентов, пеней, а также, если это предусмотрено законодательством 
государства-члена, на территории которого товары Союза помещаются под таможенную процедуру 
таможенного транзита, отсутствуют не уплаченные в установленный срок административные 
штрафы, назначенные на основании вступивших в законную силу решений суда или 
уполномоченного органа (должностного лица) о привлечении к административной ответственности 
по делам об административных правонарушениях; 
случаев, определяемых Комиссией; 
2) соблюдение условий, предусмотренных подпунктами 3 и 4 пункта 1 статьи 143 
настоящего Кодекса; 
3) представление документов и (или) сведений, которыми подтверждается статус товаров 
Союза, за исключением случаев, определяемых Комиссией.",Таможенный кодекс Евразийского экономического союза.pdf,377
Какие действия должен выполнять заказчик-застройщик в части передачи оборудования и материалов в монтаж?,"ПРИЛОЖЕНИЕ 3
ОСНОВНЫЕ ТРЕБОВАНИЯ К ЗАДАНИЮ НА РАЗРАБОТКУ СХЕМЫ И ПРОЕКТА
РАЙОННОЙ ПЛАНИРОВКИ, ГЕНЕРАЛЬНОГО ПЛАНА ГОРОДА, ДРУГОГО
ПОСЕЛЕНИЯ, ТЕРРИТОРИИ СЕЛЬСКОГО ОРГАНА МЕСТНОГО
САМОУПРАВЛЕНИЯ
В задании на разработку схемы и проекта районной планировки, генерального плана
города, другого поселения, территории сельского органа моечного самоуправления должны
быть указаны:
наименование объекта, его основные характеристики (местоположение, численность
населения, территория, основные виды ресурсов, профилирующие отрасли производства,
административная 
структура, 
условия 
обеспечения 
инженерно-транспортной
инфраструктурой, другие специфические характеристики);
основание для проектирования;
состав 
участников 
разработки 
и 
согласования 
проектных 
материалов 
и 
их
взаимообязательства;
кем и в какие сроки должны выдаваться исходные данные для проектирования;
состав 
подлежащих 
передаче 
материалов 
и 
услуг 
по 
этапам 
(если 
они
предусматриваются), сроки и стоимость работ;
требования к содержанию и форме представляемых материалов, сроки проектирования;",Data1_1_1904_index.pdf,27
Какие требования предъявляются к монтажу зенитных фонарей со светопропускающими элементами из листового стекла или стеклопакетов без установленных в световом проеме защитных металлических сеток согласно ГОСТ МДС 31-8.2002?,"Монтажные работы по устройству зенитных фонарей со светопропускающими элементами из
листового стекла или стеклопакетов без установленных в световом проеме защитных металлических сеток
производить не разрешается.",Data1_10_10846_index.pdf,18
Что грозит за установку на передней части транспортного средства световых приборов с огнями красного цвета?,"Установка на передней части транспортного средства световых приборов с огнями красного цвета или 
световозвращающих приспособлений красного цвета, а равно световых приборов, цвет огней и режим 
работы которых не соответствуют требованиям Основных положений по допуску транспортных средств к 
эксплуатации и обязанностей должностных лиц по обеспечению безопасности дорожного движения, - 
влечет наложение административного штрафа на граждан в размере трех тысяч рублей с конфискацией 
указанных приборов и приспособлений; на должностных лиц, ответственных за эксплуатацию 
транспортных средств, - от пятнадцати тысяч до двадцати тысяч рублей с конфискацией указанных 
приборов и приспособлений; на юридических лиц - от четырехсот тысяч до пятисот тысяч рублей с 
конфискацией указанных приборов и приспособлений.",Административный кодекс Российской Федерации.pdf,178
"Какую дополнительную информацию о претенденте следует указывать в форме 'Наименование организации, фирмы, консорциума' согласно ГОСТ МДС 80-5.2000?","конкретных
исполнителей и протекает в определенные интервалы времени;
банковская гарантия - обязательство, выданное банком в письменной форме по
просьбе клиента банка бенефициару - организатору торгов (заказчику), согласно
которому банк обязуется в случае ненадлежащего исполнения клиентом условий
торгов произвести в пользу бенефициара платеж в пределах суммы и сроков,
указанных в гарантийном обязательстве;",Data1_10_10866_index.pdf,1
Какие действия предпринимают финансовые органы для установления порядка составления бюджетной отчетности?,"Финансовые органы составляют проект соответствующего бюджета (проект бюджета и 
среднесрочного финансового плана), представляют его с необходимыми документами и 
материалами для внесения в законодательный (представительный) орган, организуют исполнение 
бюджета, устанавливают порядок составления бюджетной отчетности, осуществляют иные 
бюджетные полномочия, установленные настоящим Кодексом и (или) принимаемыми в 
соответствии с ним нормативными правовыми актами (муниципальными правовыми актами), 
регулирующими бюджетные правоотношения.",Бюджетный кодекс Российской Федерации.pdf,245
Какой телефон можно использовать для бесплатной юридической консультации в регионах РФ?,"В этом случае представляется возможным использовать РТМ, разработанные
ЦНИИЭУСом для отраслей «Жилищное строительство» и «Культурно-бытовое
строительство».",Data1_2_2080_index.pdf,9
В каком виде выдается судебный приказ?,"По просьбе взыскателя судебный приказ может быть направлен 
судом для исполнения судебному приставу-исполнителю, в том числе в виде электронного 
документа, подписанного судьей усиленной квалифицированной электронной подписью в 
соответствии с законодательством Российской Федерации.",Кодекс административного судопроизводства Российской Федерации.pdf,67
Какие требования к фрагментам бортов ванн согласно ГОСТ МДС 35-7.2000?,"Общие требования к охране
поверхностных вод от загрязнения
ГОСТ 17.1.4.01-80                                    Охрана природы.",Data1_10_10865_index.pdf,33
Что должен делать правообладатель в случае изменения сведений о себе?,"В случае изменения или прекращения залога, в отношении которого зарегистрировано уведомление о 
залоге, залогодержатель обязан направить в порядке, установленном законодательством о нотариате, 
уведомление об изменении залога или об исключении сведений о залоге в течение трех рабочих дней с 
момента, когда он узнал или должен был узнать об изменении или о прекращении залога.",Гражданский кодекс Российской Федерации.pdf,177
Какие стадии проектирования указаны для крытых тиров для пуевой стрельбы согласно СНиП?,"Крытый тир для стрельбы на дистанцию 25, 50 и 100 м на 5 стрелковых мест
""
187,78
-
Примечание - Базовая цена проектирования крытых тиров при включении в их состав дополнительных помещений определяется с применением
следующих коэффициентов.",Data1_11_11835_index.pdf,6
Как заключаются соглашения для социально-экономического развития поселений?,"Положения актов законодательства о налогах и сборах в части увеличения и (или) отмены пониженных 
налоговых ставок, тарифов страховых взносов, установленных для налогоплательщиков - резидентов 
территорий опережающего социально-экономического развития и налогоплательщиков - резидентов 
свободного порта Владивосток в связи с исполнением ими соглашений об осуществлении деятельности в 
соответствии с Федеральным законом от 29 декабря 2014 года N 473-ФЗ ""О территориях опережающего 
социально-экономического развития в Российской Федерации"" или Федеральным законом от 13 июля 
2015 года N 212-ФЗ ""О свободном порте Владивосток"", и (или) в части отмены или изменения условий 
предоставления налоговых льгот и иных преференций (включая особый порядок и сроки уплаты, порядок 
исчисления налогов и сборов), установленных для таких налогоплательщиков, не применяются в отношении 
указанных налогоплательщиков до наступления наиболее ранней из следующих дат: 
даты утраты налогоплательщиком соответственно статуса резидента территории опережающего социально-
экономического развития или резидента свободного порта Владивосток; 
даты окончания сроков действия налоговых ставок, тарифов страховых взносов, налоговых льгот, порядка 
исчисления налогов, порядка и сроков уплаты налогов, установленных на дату заключения соглашения об 
осуществлении деятельности, указанного в абзаце первом настоящего пункта, если дата окончания сроков 
действия налоговых ставок, тарифов страховых взносов, налоговых льгот, порядка исчисления налогов, 
порядка и сроков уплаты налогов, установленных на дату заключения такого соглашения, наступает ранее 
даты утраты налогоплательщиком статуса резидента территории опережающего социально-экономического 
развития или резидента свободного порта Владивосток.",Налоговый кодекс Российской Федерации.pdf,6
Какие расходы не учитываются при определении налоговой базы клиринговых организаций?,"При определении налоговой базы клиринговых организаций не учитываются следующие доходы: 
1) денежные средства и иное имущество, которые получены клиринговой организацией в качестве 
обеспечения исполнения обязательств участников клиринга, а также от реализации имущества, 
составляющего такое обеспечение; 
2) денежные средства и иное имущество, которые получены клиринговой организацией в целях 
осуществления расчетов по обязательствам участников клиринга, в том числе по договорам, стороной по 
которым является клиринговая организация (за исключением денежных средств и иного имущества, 
которые получены клиринговой организацией в качестве оплаты ее услуг), а также по договорам, 
заключаемым клиринговой организацией в целях исполнения обязательств перед участниками клиринга; 
3) денежные средства и иное имущество, которые получены клиринговой организацией от использования 
фондов, сформированных этой клиринговой организацией в целях обеспечения исполнения обязательств 
по гражданско-правовым договорам; 
4) денежные средства и иное имущество, внесенные в имущественный пул клиринговой организации в 
соответствии с Федеральным законом от 7 февраля 2011 года N 7-ФЗ ""О клиринге и клиринговой 
деятельности"".",Налоговый кодекс Российской Федерации.pdf,1156
"Какие действия должен предпринять перевозчик, если груз был принят для перевозки после наступления срока прекращения обязательного приема груза?","В случае, если груз был принят для перевозки после наступления срока прекращения 
обязательного приема груза для перевозки и задержан в пути в связи с длительным препятствием 
продолжению рейса, за исключением причин, указанных в пункте 1 настоящей статьи, и от 
грузоотправителя, грузополучателя в течение четырех суток не поступило распоряжение о том, как 
поступить с грузом, перевозчик имеет право по своему усмотрению за счет грузоотправителя, 
грузополучателя оставить его на хранение до появления возможности продолжения рейса, в том 
числе на судне в зимнее время года, или реализовать груз в порядке, предусмотренном статьей 85 
настоящего Кодекса.",Кодекс внутреннего водного транспорта Российской Федерации.pdf,50
Какие виды геодезического контроля проводятся согласно СНиП 3.01.03-84?,"технологию выноса и закрепления в натуре контура котлована здания (сооружения),
трасс инженерных сетей;
технологию геодезического контроля при производстве земляных и строительно-
монтажных работ;
технологию производства исполнительных съемок и составление исполнительской
документации.",Data1_11_11285_index.pdf,4
"Что происходит, если банк несвоевременно зачисляет или списывает средства?","Если иное не установлено законом, договором банковского счета могут быть предусмотрены случаи, 
когда банк обязан отказать в зачислении на счет клиента денежных средств или в их списании со счета 
клиента.",Гражданский кодекс Российской Федерации.pdf,351
Могут ли клиринговые организации быть участниками консолидированной группы налогоплательщиков?,"Участниками консолидированной группы налогоплательщиков не могут являться следующие 
организации: 
1) организации, являющиеся резидентами особых экономических зон; 
2) организации, применяющие специальные налоговые режимы; 
3) банки, за исключением случая, когда все другие организации, входящие в эту группу, являются банками; 
4) страховые организации, за исключением случая, когда все другие организации, входящие в эту группу, 
являются страховыми организациями; 
5) негосударственные пенсионные фонды, за исключением случая, когда все другие организации, входящие 
в эту группу, являются негосударственными пенсионными фондами; 
6) профессиональные участники рынка ценных бумаг, не являющиеся банками, за исключением случая, 
когда все другие организации, входящие в эту группу, являются профессиональными участниками рынка 
ценных бумаг, не являющимися банками; 
7) организации, являющиеся участниками иной консолидированной группы налогоплательщиков; 
8) организации, не признаваемые налогоплательщиками налога на прибыль организаций, а также 
использующие право на освобождение от обязанностей налогоплательщика налога на прибыль 
организаций в соответствии с главой 25 настоящего Кодекса; 
9) организации, осуществляющие образовательную и (или) медицинскую деятельность и применяющие 
налоговую ставку 0 процентов по налогу на прибыль организаций в соответствии с главой 25 настоящего 
Кодекса; 
10) организации, являющиеся налогоплательщиками налога на игорный бизнес; 
11) клиринговые организации; 
12) кредитные потребительские кооперативы; 
13) микрофинансовые организации; 
14) организации, являющиеся участниками свободной экономической зоны.",Налоговый кодекс Российской Федерации.pdf,44
"Какое наказание предусмотрено за незаконное получение сведений, составляющих государственную тайну?","Незаконное получение сведений, составляющих государственную тайну 
1.",Уголовный кодекс Российской Федерации.pdf,226
Какая фирма представлена в списке основных характеристик изделий?,"При утверждении в первом чтении основных характеристик федерального бюджета 
Государственная Дума не имеет права увеличивать доходы и дефицит федерального бюджета, если 
на эти изменения отсутствует положительное заключение Правительства Российской Федерации.",Бюджетный кодекс Российской Федерации.pdf,303
Какие требования к травмобезопасности комплексных игровых площадок указаны в ГОСТ МДС 35-7.2000?,"Открытые плоскостные сооружения
УСТРОЙСТВО ПЛОЩАДОК И ДОРОЖЕК
· Для обеспечения ориентации и безопасности инвалидов, страдающих полной или
частичной потерей зрения, следует:
использовать в качестве ориентиров для направления движения звуковые маяки;
устраивать по периметру игровых площадок полосу ориентации шириной не менее
1,5 м с прилегающей к ней полосой безопасности шириной не менее 2,5 м;
устраивать полосу ориентации шириной не менее 2 м вдоль дорожек для бега или
разбега перед прыжком;
предусматривать на беговой дорожке зону старта длиной по направлению движения
не менее 5 м и зону финиша - длиной не менее 25 м;
устраивать полосу ориентации шириной не менее 1,2 м по периметру ванн
бассейнов.",Data1_10_10847_index.pdf,4
"Какое название имеет документ, регламентирующий проектирование и устройство фонарей для естественного освещения помещений согласно ГОСТ МДС 31-8.2002?","Рекомендации распространяются на проектирование и устройство светопрозрачных конструкций
верхнего света (далее - фонари), предназначенных для устройства естественного освещения и вентиляции
помещений вновь строящихся и реконструируемых общественных, жилых и производственных зданий и
сооружений.",Data1_10_10846_index.pdf,2
Какие требования предъявляет ГОСТ МДС 35-7.2000 к проектированию висячего моста?,"Мезенцева
РЕКОМЕНДАЦИИ
ПО ПРОЕКТИРОВАНИЮ
ОКРУЖАЮЩЕЙ СРЕДЫ, ЗДАНИЙ И СООРУЖЕНИЙ
С УЧЕТОМ ПОТРЕБНОСТЕЙ ИНВАЛИДОВ И ДРУГИХ
МАЛОМОБИЛЬНЫХ ГРУПП НАСЕЛЕНИЯ
МДС 35-7.2000
Выпуск 13
ОБЩЕСТВЕННЫЕ ЗДАНИЯ И СООРУЖЕНИЯ.",Data1_10_10847_index.pdf,1
"Какие действия следует предпринять при обнаружении сквозных и волосных трещин согласно ТП-70 С., СНиП II-22-81, СНиП 2.03.01-84*?","О температурных
деформациях:
- не опасные до 0,3 мм;
- опасные более 0,3 мм
Установить маяки и
наблюдать не менее 2 суток:
чтобы определить
прекратилась ли
деформация: трещины до 0,2
мм
- расшить и заделать
известково-песчаным
раствором состава 1:3 более
0,3 мм - необходимо
усиление конструкции в
период подготовки жилых
домов к зиме
ТП-70 С.
СНиП II-22-81,
СНиП 2.03.01-84*
Деформация конструкций,
отклонение конструкции от
вертикали или осадка
конструкции
Не допускается.",Data1_10_10861_index.pdf,17
Какие инвестиции не учитываются при расчете численности аппарата заказчика-застройщика согласно ГОСТ МДС 81-7.2000?,"Инвестиции из федерального бюджета, передаваемые для реализации другим
юридическим или физическим лицам, при расчете численности аппарата заказчика-
застройщика не учитываются.",Data1_2_2116_index.pdf,3
Как закладывают контрольные знаки перед началом бетонирования и подъема опалубки? (СНиП 3.01.03-84),"До начала бетонирования и подъема опалубки на исходном горизонте
закладывают контрольные знаки (в зависимости от формы опалубки).",Data1_11_11285_index.pdf,51
Какие данные должны быть указаны в графе 'УТВЕРЖДЕНИЕ'?,"В задании на проектирование должны быть приведены данные о существующем
земельном 
фонде 
города, 
другого 
поселения, 
направлении 
его 
перспективного
территориального 
развития 
в 
соответствии 
с 
генеральным 
планом 
и 
другой
градостроительной документацией; указаны предложения заказчика по изменению
городской, поселковой черты и черты сельского поселения; определен состав необходимых
обследований и иных предпроектных работ; установлены требования к объему и составу
графических и текстовых материалов, масштаб графической части проекта, сроки его
представления и изготовления дубликата.",Data1_1_1904_index.pdf,29
Кто имеет право на вознаграждение в соответствии с абзацем третьим пункта 2 статьи 1295?,"Автор созданного по заказу произведения, которому не принадлежит исключительное право на 
произведение, имеет право на вознаграждение в соответствии с абзацем третьим пункта 2 статьи 1295 
настоящего Кодекса.",Гражданский кодекс Российской Федерации.pdf,540
Какой ГОСТ или СНиП определяет методику расчета трудоемкости АУП?,"Планировка и застройка городских и сельских
поселений
СНиП 2.04.09-84                     Пожарная автоматика зданий и сооружений
СНиП 2.04.14-88                     Тепловая изоляция оборудования и трубопроводов
СНиП II-35-76                         Котельные установки
СНиП 2.05.02-85                     Автомобильные дороги
ВСН 46-83                                Инструкция по проектированию дорожной одежды нежесткого типа
СНиП 2.05.07-91                     Промышленный транспорт
СНиП 2.05.11-83                     Внутрихозяйственные автомобильные дороги
ГОСТ 21.511-83                      Автомобильные дороги.",Data1_10_10865_index.pdf,30
Какой индекс изоляции воздушного шума (JB) должен быть согласно ГОСТ МДС-80-8.2000?,"Индекс изоляции воздушного шума JB
дБ
*
 
 
Индекс приведенного уровня ударного
шума Jу
ДБ
*
 
 
Предел огнестойкости
ч
0,025**
 
 
* Принимается соискателем по таблице СНиП II-12-77 в зависимости от назначения зданий и
помещений.",Data1_10_10865_index.pdf,38
Какие требования к цветовым решениям для предотвращения чрезмерной яркости зон отдыха указаны в ГОСТ МДС 35-7.2000?,"В задании на проектирование должны найти отражение следующие вопросы:
основание для выдачи задания;
заказчик проекта;
генеральный проектировщик и проектные организации - исполнители проекта;
кем и в какие сроки выдаются исходные данные для проектирования;
специальные требования по структурной организации и функциональному зонированию
территории;
предлагаемые проекты жилых домов, предприятий и учреждений обслуживания;
возможность использования существующих зданий по их начальному назначению или
для других целей, иные требования к реконструкции сложившейся застройки;
требования к решению объемно-пространственной композиции застройки, организации
транспортного обслуживания населения, благоустройству и озеленению территории,
инженерной подготовке и оборудованию территории, охране окружающей среды,
инженерно-техническим мероприятиям гражданской обороны, сохранению памятников
природы, истории и культуры;
состав проекта;",Data1_1_1904_index.pdf,29
Как определяется прибыль (убыток) от реализации или выбытия амортизируемого имущества?,"Прибыль (убыток) от выбытия финансовых активов определяется как соответствующие доходы, 
уменьшенные на величину расходов в следующем порядке: 
доходы при реализации или ином выбытии финансовых активов определяются в соответствии с 
применимыми стандартами составления финансовой отчетности; 
расходы при реализации или ином выбытии финансовых активов определяются либо исходя из стоимости 
указанных финансовых активов по данным учета контролируемой иностранной компании на дату принятия 
указанных финансовых активов к учету в случае, если указанные финансовые активы приняты к учету в 
финансовом году, начавшемся в 2015 году, или в любом последующем финансовом году, либо исходя из 
стоимости указанных финансовых активов по данным учета контролируемой иностранной компании на 
первое число финансового года, начавшегося в 2015 году, в случае, если указанные финансовые активы 
приняты к учету в финансовых годах, предшествующих финансовому году, начавшемуся в 2015 году.",Налоговый кодекс Российской Федерации.pdf,1181
Как контролируется перенесение разбивочных осей в натуру согласно СНиП 3.01.03-84?,"По окончании разбивочных работ по выносу в натуру главных и основных осей
здания должны составляться акт разбивки осей и исполнительный разбивочный чертеж
(схема).",Data1_11_11285_index.pdf,17
Какие основные данные должны быть включены в годовой план капитального ремонта согласно ГОСТ МДС 14-13.2000?,"ПРИЛОЖЕНИЕ 3
ОСНОВНЫЕ ТРЕБОВАНИЯ К ЗАДАНИЮ НА РАЗРАБОТКУ СХЕМЫ И ПРОЕКТА
РАЙОННОЙ ПЛАНИРОВКИ, ГЕНЕРАЛЬНОГО ПЛАНА ГОРОДА, ДРУГОГО
ПОСЕЛЕНИЯ, ТЕРРИТОРИИ СЕЛЬСКОГО ОРГАНА МЕСТНОГО
САМОУПРАВЛЕНИЯ
В задании на разработку схемы и проекта районной планировки, генерального плана
города, другого поселения, территории сельского органа моечного самоуправления должны
быть указаны:
наименование объекта, его основные характеристики (местоположение, численность
населения, территория, основные виды ресурсов, профилирующие отрасли производства,
административная 
структура, 
условия 
обеспечения 
инженерно-транспортной
инфраструктурой, другие специфические характеристики);
основание для проектирования;
состав 
участников 
разработки 
и 
согласования 
проектных 
материалов 
и 
их
взаимообязательства;
кем и в какие сроки должны выдаваться исходные данные для проектирования;
состав 
подлежащих 
передаче 
материалов 
и 
услуг 
по 
этапам 
(если 
они
предусматриваются), сроки и стоимость работ;
требования к содержанию и форме представляемых материалов, сроки проектирования;",Data1_1_1904_index.pdf,27
"Какие изменения внесены в Закон ""Об акцизах"" в статье 3, пункте 2?","настоящего
приложения)
1.6
06.08.93 № 5604-
1
""О внесении изменений в
Закон 
Российской
Федерации ""Об акцизах""
Внесены изменения в",Data1_2_2082_index.pdf,25
Какие индексы указаны в таблице 1 для отчислений на социальные нужды?,"- часа строительных машин-представителей или стоимость 1 маш.-часа в
текущем уровне цен;
индексы удорожания стоимости материалов-представителей (не более 100) или их сметная стоимость в текущем
уровне цен (перечень материалов-представителей приведен в ""Методических рекомендациях по формированию
укрупненных показателей базовой стоимости на виды работ и порядку их применения для составления инвесторских
смет и предложений подрядчика (УПБС ВР)"";
нормативы накладных расходов в базисном и в текущем уровне цен;
нормативы плановых накоплений в базисном уровне и сметной прибыли в текущем уровне цен.",Data1_2_2117_index.pdf,5
Какие категории земель городов и других поселений указаны в ГОСТ МДС 11-7.2000?,"Городская, поселковая черта поселения, являющегося закрытым административно-
территориальным образованием, а также городов и поселков при АЭС, АТЭС и других режимных поселений
устанавливается в соответствии с законодательством, определяющим статус закрытых административно-
территориальных образований, и требованиями настоящей Инструкции.",Data1_1_1904_index.pdf,14
Какое согласие требуется для избрания меры пресечения в виде заключения под стражу в отношении судьи Конституционного Суда Российской Федерации?,"Судебное решение об избрании в отношении судьи Конституционного Суда Российской Федерации, 
судей иных судов в качестве меры пресечения заключения под стражу исполняется с согласия 
соответственно Конституционного Суда Российской Федерации или квалификационной коллегии судей.",Уголовно-процессуальный кодекс Российской Федерации.pdf,286
Какие картографические и справочные материалы результатов инженерных изысканий и исследований должны содержаться в исходной информации согласно ГОСТ МДС 11-7.2000?,"картографические и справочные материалы результатов инженерных изысканий и
исследований, а для курортов - материалы по оценке бальнеологических и курортных
ресурсов и медицинскому зонированию;
историко-архитектурные планы, проекты зон охраны памятников истории и культуры;
материалы экономических прогнозов;
материалы 
планировочно-градостроительных 
и 
отраслевых 
территориальных
проработок;
директивные материалы по территории проектируемого объекта, имеющие отношение к
его развитию, постановления и другие документы органов государственной власти и
местного самоуправления, общественных и хозяйственных организаций;
материалы топографо-геодезической подосновы соответствующих масштабов и
инженерно-геологических изысканий.",Data1_1_1904_index.pdf,31
Какая единица измерения используется для разработки норм согласно ГОСТ МДС 81-13.2000?,"Встроенные туалеты для зрителей
1,25
Таблица 10    Трамплины
№ п/п
Наименование объекта проектирования
Единица измерения
основного показателя
объекта
Постоянные величины базовой цены
разработки проектной документации тыс.",Data1_11_11835_index.pdf,7
"Какие работы по заделке выбоин в цементных, бетонных и асфальтовых полах предусмотрены в ГОСТ МДС 14-13.2000?","Заделка выбоин в цементных, бетонных и асфальтовых полах (до 10 % общей площади).",Data1_1_1879_index.pdf,18
"Используется ли сметная стоимость по объемам работ, выполняемым иностранными firmами, при определении сметной стоимости строительства в смешанных ценах?","Сметная стоимость по объемам работ (затрат), выполняемым иностранными фирмами,
указанная в сводном сметном расчете стоимости строительства во внутренних ценах Российской
Федерации, при определении сметной стоимости данного строительства в смешанных ценах не
используется и в сводный сметный расчет стоимости строительства в смешанных ценах не
включается.",Data1_2_2082_index.pdf,6
Какие иные документы и материалы могут быть представлены?,"Иные документы и материалы могут содержать сведения, зафиксированные как в 
письменной, так и в иной форме.",Арбитражный процессуальный кодекс Российской Федерации.pdf,42
"Какой штраф предусмотрен для юридических лиц за непредставление или несвоевременное представление данных, позволяющих идентифицировать владельца программно-аппаратных средств доступа к информационным ресурсам, информационно-телекоммуникационным сетям, доступ к которым ограничен?","Непредставление или несвоевременное представление в орган, осуществляющий функции по 
контролю и надзору в сфере связи, информационных технологий и массовых коммуникаций, провайдером 
хостинга или иным лицом, обеспечивающим размещение в сети ""Интернет"" программно-аппаратных 
средств доступа к информационным ресурсам, информационно-телекоммуникационным сетям, доступ к 
которым ограничен, данных, позволяющих идентифицировать владельца программно-аппаратных средств 
доступа к информационным ресурсам, информационно-телекоммуникационным сетям, доступ к которым 
ограничен, или сведений об уведомлении владельца программно-аппаратных средств доступа к 
информационным ресурсам, информационно-телекоммуникационным сетям, доступ к которым 
ограничен, о необходимости размещения данных, позволяющих идентифицировать такого владельца, - 
влечет наложение административного штрафа на граждан в размере от десяти тысяч до тридцати тысяч 
рублей; на юридических лиц - от пятидесяти тысяч до трехсот тысяч рублей.",Административный кодекс Российской Федерации.pdf,405
Как проверяется внешний облик построенного или реконструированного объекта?,"Уведомление о несоответствии построенных или реконструированных объекта индивидуального 
жилищного строительства или садового дома требованиям законодательства о градостроительной 
деятельности направляется только в следующих случаях: 
1) параметры построенных или реконструированных объекта индивидуального жилищного строительства 
или садового дома не соответствуют указанным в пункте 1 части 19 настоящей статьи предельным 
параметрам разрешенного строительства, реконструкции объектов капитального строительства, 
установленным правилами землепользования и застройки, документацией по планировке территории, или 
обязательным требованиям к параметрам объектов капитального строительства, установленным 
настоящим Кодексом, другими федеральными законами; 
2) внешний облик объекта индивидуального жилищного строительства или садового дома не соответствует 
описанию внешнего облика таких объекта или дома, являющемуся приложением к уведомлению о 
планируемом строительстве, или типовому архитектурному решению, указанному в уведомлении о 
планируемом строительстве, или застройщику было направлено уведомление о несоответствии указанных 
в уведомлении о планируемом строительстве параметров объекта индивидуального жилищного 
строительства или садового дома установленным параметрам и (или) недопустимости размещения 
объекта индивидуального жилищного строительства или садового дома на земельном участке по 
основанию, указанному в пункте 4 части 10 статьи 51.1 настоящего Кодекса, в случае строительства или 
реконструкции объекта индивидуального жилищного строительства или садового дома в границах 
исторического поселения федерального или регионального значения; 
3) вид разрешенного использования построенного или реконструированного объекта капитального 
строительства не соответствует виду разрешенного использования объекта индивидуального жилищного 
строительства или садового дома, указанному в уведомлении о планируемом строительстве; 
4) размещение объекта индивидуального жилищного строительства или садового дома не допускается в 
соответствии с ограничениями, установленными в соответствии с земельным и иным законодательством 
Российской Федерации на дату поступления уведомления об окончании строительства, за исключением",Градостроительный кодекс Российской Федерации.pdf,190
Как часто следует проверять горизонтальность рядов кладки согласно СНиП 3.01.03-84?,"Вертикальность поверхностей и углов кладки, горизонтальность ее рядов следует
проверять не реже двух раз на 1 м высоты кладки.",Data1_11_11285_index.pdf,49
Когда автор считается согласившимся на обнародование произведения?,"Автор, передавший другому лицу по договору произведение для использования, считается 
согласившимся на обнародование этого произведения.",Гражданский кодекс Российской Федерации.pdf,525
Какие документы должны быть представлены для вычета акциза при использовании стали жидкой для производства продуктов металлургического производства?,"Налоговые вычеты, предусмотренные пунктом 34 статьи 200 настоящего Кодекса, производятся при 
представлении налогоплательщиком в налоговые органы: 
1) документов, подтверждающих производство и оприходование продуктов (полупродуктов) 
металлургического производства, направленных налогоплательщиком на переплавку для производства 
стали жидкой в целях получения продуктов (полупродуктов) металлургического производства путем литья; 
2) регистров аналитического учета, подтверждающих направление продуктов (полупродуктов) 
металлургического производства на переплавку для производства стали жидкой в целях получения 
продуктов (полупродуктов) металлургического производства путем литья.",Налоговый кодекс Российской Федерации.pdf,704
"Что влечет наложение административного штрафа в размере от одной тысячи пятисот до двух тысяч пятисот рублей с конфискацией форменной одежды, знаков различия, символики государственных военизированных организаций, правоохранительных или контролирующих органов согласно части 2 статьи 17.12?","Незаконное ношение форменной одежды со знаками различия, с символикой государственных 
военизированных организаций, правоохранительных или контролирующих органов - 
влечет наложение административного штрафа в размере от одной тысячи до одной тысячи пятисот рублей 
с конфискацией форменной одежды, знаков различия, символики государственных военизированных 
организаций, правоохранительных или контролирующих органов.",Административный кодекс Российской Федерации.pdf,368
Какие условия позволяют уполномоченным экономическим операторам выпускать товары до подачи декларации?,"Выпуск товаров до подачи декларации на товары производится таможенным органом 
при условии, что лицом, подавшим заявление о выпуске товаров до подачи декларации на товары: 
1) соблюдены положения пунктов 1 и 2 настоящей статьи или положения пункта 1 
статьи 441 настоящего Кодекса, если заявление о выпуске товаров до подачи декларации на товары 
подано уполномоченным экономическим оператором; 
2) соблюдены условия помещения товаров под заявленную таможенную процедуру, за 
исключением условий уплаты таможенных пошлин, налогов, специальных, антидемпинговых, 
компенсационных пошлин, а также случаев, когда такое условие, как соблюдение запретов и 
ограничений в соответствии с Договором о Союзе и (или) законодательством государств-членов, 
может быть подтверждено после выпуска товаров; 
3) предоставлено обеспечение исполнения обязанности по уплате таможенных пошлин, 
налогов, специальных, антидемпинговых, компенсационных пошлин в отношении товаров, 
указанных в пункте 1 настоящей статьи, за исключением товаров, указанных в пункте 14 
настоящей статьи, а также за исключением случая, когда предоставление обеспечения исполнения 
обязанности по уплате таможенных пошлин, налогов, специальных, антидемпинговых, 
компенсационных пошлин не требуется в соответствии с пунктом 5 статьи 441 настоящего 
Кодекса.",Таможенный кодекс Евразийского экономического союза.pdf,136
Какие требования к модульной конструкции зенитных фонарей согласно ГОСТ МДС 31-8.2002?,"Детали опорного контура и несущего каркаса зенитных фонарей изготавливают из тонколистовой
стали по ГОСТ 19903-74 и ГОСТ 19904-90 и холодногнутых стальных профилей по ГОСТ 8278-83*, ГОСТ
8282-83*, ГОСТ 30245-94*.",Data1_10_10846_index.pdf,8
Какие нормативы отчислений установлены для налога на имущество физических лиц в бюджетах городских округов с внутригородским делением?,"Распределение дотаций на выравнивание бюджетной обеспеченности муниципальных 
районов (муниципальных округов, городских округов, городских округов с внутригородским 
делением) между муниципальными районами (муниципальными округами, городскими округами, 
городскими округами с внутригородским делением) и (или) заменяющие их дополнительные 
нормативы отчислений от налога на доходы физических лиц в бюджеты муниципальных районов 
(муниципальных округов, городских округов, городских округов с внутригородским делением) 
утверждаются законом субъекта Российской Федерации о бюджете субъекта Российской 
Федерации на очередной финансовый год и плановый период.",Бюджетный кодекс Российской Федерации.pdf,217
В каких случаях может быть вынесено ходатайство об ограничении профессиональной деятельности специалиста согласно СНиП?,"Ходатайство об ограничении профессиональной деятельности специалиста
выносится в случаях злонамеренного, грубого или многократного нарушения
положений настоящего Кодекса, которое повлекло за собой значительный
материальный и (или) моральный ущерб для участников контрактных, договорных
соглашений, коллег, пользователей продукции, а также в случаях, связанных с
предумышленным невыполнением профессионального долга и дискредитацией
профессии.",Data1_10_10851_index.pdf,6
Как исчисляется срок обязательных работ?,"Срок обязательных работ исчисляется в часах, в течение которых лицо, которому назначено 
административное наказание в виде обязательных работ, отбывало обязательные работы.",Административный кодекс Российской Федерации.pdf,611
"Как заполняется раздел 1 сводного сметного расчета при строительстве, осуществляемом в полном объеме силами и средствами иностранной firmы?","При строительстве, осуществляемом в полном объеме силами и средствами иностранной
фирмы* на условиях ""под ключ"", раздел 1 сводного сметного расчета стоимости строительства в
смешанных ценах не заполняется, а сводный сметный расчет стоимости строительства во внутренних
ценах Российской Федерации служит только для оценки экономической эффективности привлечения
иностранной фирмы к данному строительству на этих условиях.",Data1_2_2082_index.pdf,6
В каких случаях комиссионер может отступить от указаний комитента?,"Комиссионер вправе отступить от указаний комитента, если по обстоятельствам дела это необходимо в 
интересах комитента и комиссионер не мог предварительно запросить комитента либо не получил в 
разумный срок ответ на свой запрос.",Гражданский кодекс Российской Федерации.pdf,404
Какие действия запрещены в процессе эксплуатации согласно ГОСТ МДС 17-13.2000?,"Юридически выверенные тексты соглашений позволяют не только активизировать
естественное стремление проектировщиков к состязательности в процессе их
деятельности, но и обеспечить необходимую защиту от недобросовестной
конкуренции как в период действия трудового договора (контракта), так и после его
окончания.",Data1_10_10872_index.pdf,1
"Какие тарифы страховых взносов применяются для плательщиков, указанных в подпунктах 5-9 пункта 1 статьи?","Для плательщиков, указанных в пункте 1 настоящей статьи, в пределах установленной предельной 
величины базы для исчисления страховых взносов по соответствующему виду страхования применяются 
следующие пониженные тарифы страховых взносов: 
1) для плательщиков, указанных в подпунктах 1 и 2 пункта 1 настоящей статьи: 
на обязательное пенсионное страхование в 2017 году - 8,0 процента, 2018 году - 13,0 процента, 2019 году - 
20,0 процента; 
на обязательное социальное страхование на случай временной нетрудоспособности и в связи с 
материнством в 2017 году - 2,0 процента, 2018 году - 2,9 процента, 2019 году - 2,9 процента; 
на обязательное социальное страхование на случай временной нетрудоспособности в отношении выплат и 
иных вознаграждений в пользу иностранных граждан и лиц без гражданства, временно пребывающих в 
Российской Федерации (за исключением высококвалифицированных специалистов в соответствии с 
Федеральным законом от 25 июля 2002 года N 115-ФЗ ""О правовом положении иностранных граждан в 
Российской Федерации""), - 1,8 процента; 
на обязательное медицинское страхование в 2017 году - 4,0 процента, 2018 году - 5,1 процента, 2019 году - 
5,1 процента; 
1.1) для плательщиков, указанных в подпункте 3 пункта 1 настоящей статьи: 
на обязательное пенсионное страхование в течение 2017 - 2020 годов - 8,0 процента, с 2021 года - 6,0 
процента; 
на обязательное социальное страхование на случай временной нетрудоспособности и в связи с 
материнством в течение 2017 - 2020 годов - 2,0 процента, с 2021 года - 1,5 процента; 
на обязательное социальное страхование на случай временной нетрудоспособности в отношении выплат и 
иных вознаграждений в пользу иностранных граждан и лиц без гражданства, временно пребывающих в 
Российской Федерации (за исключением высококвалифицированных специалистов в соответствии с 
Федеральным законом от 25 июля 2002 года N 115-ФЗ ""О правовом положении иностранных граждан в 
Российской Федерации""), в течение 2017 - 2020 годов - 1,8 процента, с 2021 года - 1,5 процента; 
на обязательное медицинское страхование в течение 2017 - 2020 годов - 4,0 процента, с 2021 года - 0,1 
процента; 
2) для плательщиков, указанных в подпункте 4 пункта 1 настоящей статьи, тарифы страховых взносов на 
обязательное пенсионное страхование, на обязательное социальное страхование на случай временной",Налоговый кодекс Российской Федерации.pdf,1634
Какие данные о относительной просадочности просадочных лессовых грунтов необходимы для проектирования инъекционного химзакрепления согласно СНиП 3.02.01-83?,"Проект инъекционного химзакрепления грунтов в целом разрабатывается на основе следующих материалов:
а) материалов проекта сооружения, содержащих полные технические данные о нем, включая генплан и разрезы с данными о
наземных конструкциях, фундаментах и основаниях, в том числе ожидаемые нагрузки на основание, а также сведения о
расположенных вблизи сооружения других объектах;
б) для существующих сооружений на основе имеющихся архивных материалов о данном сооружении и результатов
инженерного обследования сооружения с техническим заключением;
в) результатов инженерных изысканий, согласно требований СНиП и пособий на проектирование оснований и фундаментов
зданий и сооружений, и на инженерные изыскания в строительстве, а также результатов специальных исследований, согласно
разд.",Data1_11_11295_index.pdf,10
Какие данные представлены в столбце 'Генплан и транспорт' для санитарно-защитных зон в таблице 28 согласно СНиП?,"Земельные участки в составе общественно-деловых зон предназначены для застройки 
административными зданиями, объектами образовательного, культурно-бытового, социального 
назначения и иными предназначенными для общественного использования объектами согласно 
градостроительным регламентам.",Земельный кодекс Российской Федерации.pdf,173
"Какие субсидии могут предоставляться юридическим лицам, являющимся стороной концессионных соглашений?","В бюджетах бюджетной системы Российской Федерации могут предусматриваться 
бюджетные ассигнования на предоставление субсидий юридическим лицам, индивидуальным 
предпринимателям, являющимся стороной концессионных соглашений, а также юридическим 
лицам, являющимся стороной соглашений о государственно-частном партнерстве, муниципально-
частном партнерстве.",Бюджетный кодекс Российской Федерации.pdf,82
Какие ограничения могут препятствовать завершению строительства объектов незавершенного строительства?,"Договор аренды земельного участка, находящегося в государственной или муниципальной 
собственности, заключается без проведения торгов в случае предоставления: 
1) земельного участка юридическим лицам в соответствии с указом или распоряжением Президента 
Российской Федерации; 
2) земельного участка юридическим лицам в соответствии с распоряжением Правительства Российской 
Федерации для размещения объектов социально-культурного назначения, реализации масштабных 
инвестиционных проектов при условии соответствия указанных объектов, инвестиционных проектов 
критериям, установленным Правительством Российской Федерации; 
3) земельного участка юридическим лицам в соответствии с распоряжением высшего должностного лица 
субъекта Российской Федерации для размещения объектов социально-культурного и коммунально-
бытового назначения, реализации масштабных инвестиционных проектов при условии соответствия 
указанных объектов, инвестиционных проектов критериям, установленным законами субъектов 
Российской Федерации; 
3.1) земельного участка юридическим лицам, принявшим на себя обязательство по завершению 
строительства объектов незавершенного строительства и исполнению обязательств застройщика перед 
гражданами, денежные средства которых привлечены для строительства многоквартирных домов и права 
которых нарушены, которые включены в реестр пострадавших граждан в соответствии с Федеральным 
законом от 30 декабря 2004 года N 214-ФЗ ""Об участии в долевом строительстве многоквартирных домов и 
иных объектов недвижимости и о внесении изменений в некоторые законодательные акты Российской 
Федерации"", по завершению строительства многоквартирных домов и (или) иных объектов недвижимости, 
сведения о которых включены в единый реестр проблемных объектов в соответствии с указанным 
Федеральным законом, для строительства (создания) многоквартирных домов и (или) домов 
блокированной застройки (в случае, если количество таких домов составляет три и более в одном ряду) в 
соответствии с распоряжением высшего должностного лица субъекта Российской Федерации; 
3.2) земельного участка застройщику, признанному в соответствии с Федеральным законом от 26 октября 
2002 года N 127-ФЗ ""О несостоятельности (банкротстве)"" банкротом, для обеспечения исполнения 
обязательств застройщика перед гражданами, денежные средства которых привлечены для строительства 
многоквартирных домов в соответствии с Федеральным законом от 30 декабря 2004 года N 214-ФЗ ""Об 
участии в долевом строительстве многоквартирных домов и иных объектов недвижимости и о внесении 
изменений в некоторые законодательные акты Российской Федерации"" и права которых нарушены, в 
случае принятия арбитражным судом в отношении такого земельного участка мер по обеспечению 
требований кредиторов и интересов должника в соответствии с пунктом 1 статьи 201.3 Федерального 
закона от 26 октября 2002 года N 127-ФЗ ""О несостоятельности (банкротстве)""; 
3.3) земельного участка застройщику, признанному в соответствии с Федеральным законом от 26 октября 
2002 года N 127-ФЗ ""О несостоятельности (банкротстве)"" банкротом, для передачи публично-правовой 
компании ""Фонд развития территорий"", принявшей на себя обязательства застройщика перед гражданами 
по завершению строительства многоквартирных домов или по выплате возмещения гражданам в 
соответствии с Федеральным законом от 29 июля 2017 года N 218-ФЗ ""О публично-правовой компании 
""Фонд развития территорий"" и о внесении изменений в отдельные законодательные акты Российской 
Федерации"";",Земельный кодекс Российской Федерации.pdf,33
В каких случаях доказательство может быть признано недопустимым?,"Если суд принял решение об исключении доказательства, то данное доказательство теряет юридическую 
силу и не может быть положено в основу приговора или иного судебного решения, а также исследоваться 
и использоваться в ходе судебного разбирательства.",Уголовно-процессуальный кодекс Российской Федерации.pdf,167
Как долго может длиться экспертиза оферт?,"Повторная таможенная экспертиза может назначаться как уполномоченному таможенному 
органу или экспертной организации государства-члена, которыми проводилась таможенная 
экспертиза, так и иному уполномоченному таможенному органу или иной экспертной организации 
государства-члена.",Таможенный кодекс Евразийского экономического союза.pdf,449
"Какое право применяется, если между сторонами обязательства не заключено соглашение о праве, подлежащем применению?","Правила настоящей статьи применяются, если между сторонами обязательства, возникающего 
вследствие причинения вреда, не заключено соглашение о праве, подлежащем применению к этому 
обязательству (статья 1223.1).",Гражданский кодекс Российской Федерации.pdf,486
"Какие дела об административных правонарушениях рассматривает федеральный орган исполнительной власти, осуществляющий функции в сфере деятельности войск национальной гвардии Российской Федерации?","Федеральный орган исполнительной власти, осуществляющий функции в сфере деятельности войск 
национальной гвардии Российской Федерации, рассматривает дела об административных 
правонарушениях, предусмотренных частью 36 статьи 19.5, частями 1, 3, 4, 4.1, 5 и 6 статьи 20.8, статьей 
20.11, частями 1 - 3 статьи 20.12, статьей 20.14, частями 1, 2 - 4 статьи 20.16, частью 1 статьи 20.23, статьей 
20.24 настоящего Кодекса.",Административный кодекс Российской Федерации.pdf,502
Какие меры предусмотрены для обеспечения температурно-влажностного режима подвальных помещений согласно ГОСТ МДС 13-18.2000?,"Соблюдение нормального температурно-влажностного режима (температура воздуха не
менее +5 ºС и влажность не более 60 %) подвальных помещений и технических подполий
достигается: плотностью притворов оконных и дверных проемов; плотностью закрывания
загрузочных люков, дверей, мусоросборных камер; утеплением трубопроводов, входных
дверей, постановкой пружин на входных дверях, частичным закрыванием на осенне-
зимний период продухов в цоколях и утеплением дверей.",Data1_10_10861_index.pdf,5
"Что происходит, если сторона анализируемой сделки не отвечает требованиям для сопоставления?","В случае, если сторона анализируемой сделки не отвечает требованиям, предусмотренным подпунктами 
1 - 3 пункта 6 настоящей статьи, для сопоставления с рыночным интервалом рентабельности выбирается та 
сторона анализируемой сделки, которая в наибольшей степени отвечает указанным требованиям.",Налоговый кодекс Российской Федерации.pdf,298
Какова максимальная влажность древесины должна быть согласно ГОСТ МДС 17-13.2000?,"Нарушение
соединений между
элементами, разрушение
гидроизоляции мауэрлатов
- влажность древесины не
более 25 %;
- не допустима закупорка
торцов балок антисептиками,
гидроизоляцией;
- не допустимо увлажнение
конструкций от протечек
кровли или инженерного
оборудования;
- вентиляция чердачного
помещения должна
соответствовать нормативному
значению;
- обязательно наличие
гидроизоляционного слоя
между древесиной и кладкой
Устранить нарушение требований
при подготовке домов к зиме.",Data1_10_10861_index.pdf,11
Какие сведения должны быть указаны в исковом заявлении?,"В административном исковом заявлении об оспаривании нормативного правового акта 
должны быть указаны: 
1) сведения, предусмотренные пунктами 1, 2, 9 части 2 и частью 6 статьи 125 настоящего 
Кодекса; 
2) наименование органа государственной власти, органа местного самоуправления, иного 
органа, уполномоченной организации, должностного лица, принявших оспариваемый нормативный 
правовой акт; 
3) наименование, номер, дата принятия оспариваемого нормативного правового акта, 
источник и дата его опубликования; 
4) 
сведения 
о 
применении 
оспариваемого 
нормативного 
правового 
акта 
к 
административному истцу или о том, что административный истец является субъектом отношений, 
регулируемых этим актом; 
5) сведения о том, какие права, свободы и законные интересы лица, обратившегося в суд, 
нарушены, а при подаче такого заявления организациями и лицами, указанными в частях 2, 3 и 4 
статьи 208 настоящего Кодекса, какие права, свободы и законные интересы иных лиц, в интересах 
которых подано административное исковое заявление, нарушены, или о том, что существует 
реальная угроза их нарушения; 
6) наименование и отдельные положения нормативного правового акта, который имеет 
большую юридическую силу и на соответствие которому надлежит проверить оспариваемый 
нормативный правовой акт полностью или в части; 
7) ходатайства, обусловленные невозможностью приобщения каких-либо документов из 
числа указанных в части 3 настоящей статьи; 
8) требование о признании оспариваемого нормативного правового акта недействующим с 
указанием на несоответствие законодательству Российской Федерации всего нормативного 
правового акта или отдельных его положений.",Кодекс административного судопроизводства Российской Федерации.pdf,110
Какие нарушения относятся к категории «В» согласно ГОСТ МДС 17-13.2000?,"Для категории «Б» и «В» ликвидация нарушений может быть
сопряжена с проведением тех или иных ремонтных работ или работ по подготовке
жилищного фонда к сезонной эксплуатации.",Data1_10_10861_index.pdf,36
"Что означает знак 3.33 ""Движение транспортных средств с взрывчатыми и легковоспламеняющимися грузами запрещено""?","3.33 ""Движение транспортных средств с взрывчатыми и легковоспламеняющимися грузами 
запрещено"".",ПДД Российской Федерации.pdf,40
"Какие документы должны быть приложены к информации, предоставляемой налогоплательщиком?","В случае если на территориях государств-членов права на тождественные объекты 
интеллектуальной собственности принадлежат разным правообладателям, к заявлению должны 
быть приложены доверенности от каждого из правообладателей.",Таможенный кодекс Евразийского экономического союза.pdf,444
"Какие статьи КоАП рассматривают судьи районных судов, согласно пункту 4 статьи 23.1?","Судьи рассматривают дела об административных правонарушениях, предусмотренных статьями 5.1 - 
5.26, частями 2, 5 и 7 статьи 5.27, частью 5 статьи 5.27.1, статьями 5.35.1, 5.37 - 5.43, 5.45 - 5.52, 5.56 - 5.69, 
6.1 - 6.2, частями 2 и 3 статьи 6.3, статьями 6.8, 6.9, 6.9.1, 6.11 - 6.16, 6.17, 6.16.1, 6.18 - 6.22, 6.26, 6.27, 
частью 4 статьи 6.29, статьей 6.33, частью 1 статьи 6.34, статьями 6.36, 7.5, частью 2 статьи 7.11, статьями 
7.12 - 7.17, 7.19, частью 2 статьи 7.23.2, статьями 7.24, 7.27, 7.27.1, 7.28, частью 1 статьи 7.31, частью 7 статьи 
7.32, частью 2 статьи 7.32.3, частью 2 статьи 7.32.5, статьей 7.35, частью 2 статьи 8.28, статьями 8.28.1, 
8.32.2, частями 1.2 и 1.3 статьи 8.37, частью 2 статьи 8.49, частью 3 статьи 9.1 (в части грубого нарушения 
условий лицензий на осуществление видов деятельности в области промышленной безопасности), частью 
2 статьи 9.1.1, статьей 9.5.2, статьей 9.13 (в части уклонения от исполнения требований к обеспечению 
доступности для инвалидов объектов образования и предоставляемых услуг в сфере образования), статьей 
9.14, частями 5 и 6 статьи 9.23, статьями 10.5.1, 10.11, частью 2 статьи 11.3, частью 7 статьи 11.5, 
статьей 11.7.1, частью 2 статьи 11.14.3, частями 2 и 3 статьи 11.15.1, частями 2 и 3 статьи 11.15.2, частью 4 
статьи 11.17, статьями 11.21, 11.22, 11.24, 11.32, частью 4 статьи 12.2, частью 2.1 статьи 12.3, частями 1, 2, 
частью 3 (в случаях незаконного нанесения цветографической схемы легкового такси) статьи 12.4, частями 
3, 4 - 7 статьи 12.5, частями 2 и 4 статьи 12.7, статьей 12.8, частью 7 статьи 12.9 (за исключением случаев 
фиксации административного правонарушения работающими в автоматическом режиме специальными 
техническими средствами, имеющими функции фото- и киносъемки, видеозаписи), частью 3 статьи 12.10, 
частью 5 статьи 12.15 (за исключением случаев фиксации административного правонарушения 
работающими в автоматическом режиме специальными техническими средствами, имеющими функции 
фото- и киносъемки, видеозаписи, или средствами фото- и киносъемки, видеозаписи), частью 3.1 статьи 
12.16 (за исключением случаев фиксации административного правонарушения работающими в 
автоматическом режиме специальными техническими средствами, имеющими функции фото- и 
киносъемки, видеозаписи, или средствами фото- и киносъемки, видеозаписи), статьями 12.24, 12.26,",Административный кодекс Российской Федерации.pdf,456
Какие действия рекомендуется проводить для сопоставления расценок на эксплуатацию строительных машин и тарифов на транспортные услуги согласно ГОСТ МДС 81-9.2000?,"«Временного положения о порядке
применения свободных (рыночных) цен и тарифов на продукцию производственно-технического
назначения, товары народного потребления и услуги», утвержденного Министерством экономики и
финансов РСФСР 23.12.91 № Р-339;
сравнивать фактическую цену поставщика (с учетом его затрат на транспорт этой продукции),
по которой она была приобретена подрядной организацией, с отпускной ценой предприятия-
изготовителя, и в случае превышения первой цены над второй более чем в 1,25 раза (с учетом
налога на добавленную стоимость), исключать эту информацию из базы для расчета индексов цен
на строительные и монтажные работы;
сопоставлять расценки на эксплуатацию строительных машин и тарифы на транспортные
услуги, устанавливаемые конкретными трестами и управлениями механизации, транспортными
предприятиями, с расценками и тарифами аналогичных предприятий в данном и близлежащих
регионах и по предприятиям-монополистам выявлять причины необоснованного завышения
расценок и тарифов путем анализа деклараций этих предприятий о повышении свободных цен;
не учитывать размер оплаты труда и прибыль, полученные за счет других сфер деятельности
подрядных организаций, в составе уровня соответствующих показателей, предназначенных для",Data1_2_2075_index.pdf,3
Какова стоимость комментариев к статьям на сайте https://nkodeksrf.ru/ для организаций?,"Комментарии к статьям на сайте
https://nkodeksrf.ru/
величину произведенных этими постоянными представительствами расходов, которые определяются в 
соответствии с настоящей главой; 
3) для иных иностранных организаций - доходы, полученные от источников в Российской Федерации.",Налоговый кодекс Российской Федерации.pdf,908
"Какие действия предпринимаются при невыполнении обязанностей по сносу самовольной постройки или ее приведению в соответствие с требованиями на земельном участке, не приобретенном иным лицом на публичных торгах?","Снос самовольной постройки или ее приведение в соответствие с установленными требованиями 
осуществляется органом местного самоуправления поселения, городского округа по месту нахождения 
самовольной постройки или в случае, если самовольная постройка расположена на межселенной 
территории, органом местного самоуправления муниципального района в следующих случаях: 
1) в течение двух месяцев со дня размещения на официальном сайте органа местного самоуправления в 
информационно-телекоммуникационной сети ""Интернет"" сообщения о планируемых сносе самовольной 
постройки или ее приведении в соответствие с установленными требованиями лица, указанные в части 6 
настоящей статьи, не были выявлены; 
2) в течение шести месяцев со дня истечения срока, установленного решением суда или органа местного 
самоуправления о сносе самовольной постройки либо решением суда или органа местного 
самоуправления о сносе самовольной постройки или ее приведении в соответствие с установленными 
требованиями, лица, указанные в части 6 настоящей статьи, не выполнили соответствующие обязанности, 
предусмотренные частью 11 настоящей статьи, и земельный участок, на котором создана или возведена 
самовольная постройка, не предоставлен иному лицу в пользование и (или) владение либо по результатам 
публичных торгов не приобретен иным лицом; 
3) в срок, установленный решением суда или органа местного самоуправления о сносе самовольной 
постройки либо решением суда или органа местного самоуправления о сносе самовольной постройки или 
ее приведении в соответствие с установленными требованиями, лицами, указанными в части 6 настоящей 
статьи, не выполнены соответствующие обязанности, предусмотренные частью 11 настоящей статьи, при 
условии, что самовольная постройка создана или возведена на неделимом земельном участке, на котором 
также расположены объекты капитального строительства, не являющиеся самовольными постройками.",Градостроительный кодекс Российской Федерации.pdf,257
