question,answer,sources
Какие требования устанавливаются к составу и содержанию документации по удалению затонувшего имущества?,"Требования к составу и содержанию документации по удалению затонувшего имущества **устанавливаются федеральным органом исполнительной власти в области транспорта** по согласованию с федеральным органом исполнительной власти, осуществляющим функции по выработке государственной политики и нормативно-правовому регулированию в сфере изучения, использования, воспроизводства и охраны природных ресурсов (статья 112, пункт 2).","Data1_10_10859_index.pdf:page_8, Кодекс внутреннего водного транспорта Российской Федерации.pdf:page_34, Кодекс внутреннего водного транспорта Российской Федерации.pdf:page_67, Кодекс внутреннего водного транспорта Российской Федерации.pdf:page_69, Кодекс торгового мореплавания Российской Федерации.pdf:page_10, Кодекс торгового мореплавания Российской Федерации.pdf:page_120, Кодекс торгового мореплавания Российской Федерации.pdf:page_141, Кодекс торгового мореплавания Российской Федерации.pdf:page_39, Кодекс торгового мореплавания Российской Федерации.pdf:page_40, Кодекс торгового мореплавания Российской Федерации.pdf:page_45"
Какие основные показатели оценки офертов на строительство производственных объектов указаны в ГОСТ МДС 80-3.2000?,"В приведённом фрагменте **ГОССТРОЙ РОССИИ МДС 80-3.2000** прямо указаны следующие **основные показатели (критерии) балльной оценки** при строительстве (в т.ч. производственных) объектов:

- **Опыт сооружения аналогичных объектов / выполнения комплекса работ с требуемым уровнем качества**.  
- **Альтернативные предложения по ускорению выполнения работ** (сокращение сроков).  
- **Использование местных материальных ресурсов** (в частности, доля местных материалов местного производства).  
- **Привлечение местных трудовых ресурсов** (затраты труда местных рабочих).  
- Также в тексте перечислены показатели **технического уровня и гарантий** (как примерные группы, применяемые для оценки), в частности:
  - **уровень организации управления** процессами подготовки и реализации проектирования/строительства/работ, уровень квалификации персонала;
  - **технический уровень средств производства** (машины, механизмы, технологические процессы, средства контроля качества, оснащенность);
  - **технические и имущественные гарантии** (устранение дефектов/недоделок, компенсации, сроки ввода, воздействие на окружающую среду и т.п.);
  - **экологические требования**, охрана труда и пожарная безопасность — как условия, которые также могут оцениваться при оценке оферт.

Если требуется, могу выписать это в виде точного перечня строк так, как они встречаются в вашем фрагменте (с указанием формулировок).","Data1_10_10865_index.pdf:page_37, Data1_10_10865_index.pdf:page_44, Data1_10_10869_index.pdf:page_1, Data1_10_10869_index.pdf:page_2, Data1_10_10869_index.pdf:page_3, Data1_10_10869_index.pdf:page_4, Data1_10_10869_index.pdf:page_5, Data1_10_10869_index.pdf:page_6, Data1_10_10869_index.pdf:page_7, Data1_10_10869_index.pdf:page_8"
Какая сумма привлеченных денежных средств считается особо крупным размером?,"В предоставленном фрагменте есть формулировка про **особо крупный размер** для **финансовых операций и других сделок с денежными средствами или иным имуществом** (в контексте статей 174 и 174.1 УК РФ):

- **особо крупным размером** признаются операции/сделки **на сумму, превышающую 6 000 000 рублей**.","Административный кодекс Российской Федерации.pdf:page_13, Уголовный кодекс Российской Федерации.pdf:page_101, Уголовный кодекс Российской Федерации.pdf:page_103, Уголовный кодекс Российской Федерации.pdf:page_105, Уголовный кодекс Российской Федерации.pdf:page_123, Уголовный кодекс Российской Федерации.pdf:page_127, Уголовный кодекс Российской Федерации.pdf:page_128, Уголовный кодекс Российской Федерации.pdf:page_130, Уголовный кодекс Российской Федерации.pdf:page_86, Уголовный кодекс Российской Федерации.pdf:page_99"
Какие трассы и сооружения должны быть показаны на схемах инженерных сетей и слаботочных линий согласно ГОСТ МДС 11-7.2000?,"В приведённом фрагменте ГОСТ/МДС **11-7.2000** (раздел про систему нормативных документов в строительстве) **нет прямого требования**, какие именно **трассы и сооружения** должны быть показаны на **схемах инженерных сетей и слаботочных линий**.

**Частичный ответ есть из другого нормативного фрагмента в тексте (про съемку подземных сетей):**
там указано, что по отдельным видам подземных сетей съемке подлежат (в частности):
- по **канализации, водостоку, дренажу** — **оси трасс**, **колодцы**, **углы поворота**, **изломы в профиле**, **места присоединений и выпусков**;
- по **телефонным сетям** — **ось трассы**, **колодцы**, **распределительные шкафы**, **места ввода и подключений**;
- (также аналогично перечислены газо-, водо- и теплосети, и для силовых кабелей — ось кабелей, колодцы, тоннели и коллекторы и т.п.).

Но это требование относится к **съемке/обследованию подземных сетей**, а не прямо к **схемам инженерных сетей и слаботочных линий именно по МДС 11-7.2000**.

**Итог по вопросу:**  
нет в документах (в части, где прямо сказано именно для схем инженерных сетей и слаботочных линий согласно МДС 11-7.2000).","Data1_10_10865_index.pdf:page_13, Data1_10_10865_index.pdf:page_25, Data1_10_10865_index.pdf:page_30, Data1_10_10865_index.pdf:page_40, Data1_10_10865_index.pdf:page_6, Data1_11_11285_index.pdf:page_16, Data1_11_11285_index.pdf:page_64, Data1_11_11835_index.pdf:page_35, Data1_1_1904_index.pdf:page_1, Data1_1_1904_index.pdf:page_19"
Что влечет наложение административного штрафа на должностных лиц за нарушение порядка предоставления обеспечения исполнения обязательств по оплате энергоресурсов?,"В тексте указано, что за нарушение установленного порядка предоставления обеспечения исполнения обязательств по оплате электрической энергии (мощности), газа, тепловой энергии (мощности) и (или) теплоносителя, сопряженное с неисполнением (ненадлежащим исполнением) обязательств по их оплате, **влечет наложение административного штрафа на должностных лиц в размере от двадцати тысяч до четырехсот тысяч рублей**.","Административный кодекс Российской Федерации.pdf:page_143, Административный кодекс Российской Федерации.pdf:page_144, Административный кодекс Российской Федерации.pdf:page_145, Административный кодекс Российской Федерации.pdf:page_147, Административный кодекс Российской Федерации.pdf:page_149, Административный кодекс Российской Федерации.pdf:page_150, Административный кодекс Российской Федерации.pdf:page_301, Административный кодекс Российской Федерации.pdf:page_310, Административный кодекс Российской Федерации.pdf:page_315, Административный кодекс Российской Федерации.pdf:page_86"
Какие требования предъявляются к прочности закрепленных грунтов при однорастворной двухкомпонентной силикатизации на основе раствора силиката натрия и ортофосфорной кислоты согласно ГОСТ (к СНиП 3.02.01-83)?,"В приведённом тексте указано, что при **однорастворной двухкомпонентной силикатизации на основе раствора силиката натрия и ортофосфорной кислоты (кислая среда)** применяются следующие **экстремальные и средние значения прочности при одноосном сжатии**:

**0,5 – 10 МПа**.

Других требований к прочности (по конкретному ГОСТ в смысле норматива или условий по ГОСТ/СНиП) в представленном фрагменте **нет**.","Data1_11_11295_index.pdf:page_14, Data1_11_11295_index.pdf:page_16, Data1_11_11295_index.pdf:page_17, Data1_11_11295_index.pdf:page_29, Data1_11_11295_index.pdf:page_34, Data1_11_11295_index.pdf:page_47, Data1_11_11295_index.pdf:page_5, Data1_11_11295_index.pdf:page_6, Data1_11_11295_index.pdf:page_8, Data1_2_2079_index.pdf:page_17"
"Какова цель технического обслуживания и текущего ремонта зданий и сооружений, согласно статье 55.24, раздел 8?","В приведённом фрагменте **нет текста статьи 55.24, раздел 8**, поэтому сформулировать цель из неё **невозможно**.

Фактически в тексте есть только общее указание, что к основным работам относятся:
- **проведение периодических капитальных ремонтов**;
- **осуществление текущего ремонта и периодических осмотров** зданий и их элементов, инженерного оборудования и территорий домовладения,
а также **порядок и сроки подготовки зданий к эксплуатации в зимний период** и ответственность за сохранность.

Но **прямой ответ о цели именно “технического обслуживания и текущего ремонта” по статье 55.24, раздел 8 — отсутствует**.

**Ответ:** нет в документах.","Data1_10_10852_index.pdf:page_40, Data1_10_10861_index.pdf:page_4, Data1_1_1879_index.pdf:page_17, Data1_1_1879_index.pdf:page_19, Data1_1_1879_index.pdf:page_21, Data1_1_1879_index.pdf:page_22, Data1_1_1879_index.pdf:page_26, Data1_1_1879_index.pdf:page_27, Data1_1_1879_index.pdf:page_28, Data1_1_1879_index.pdf:page_31"
Что происходит с потерями бюджета в связи с получением средств ниже расчетного объема дотации?,"В приведённом фрагменте **нет информации** о том, что происходит с потерями бюджета (и как они компенсируются), если регион/муниципальное образование получает средства **ниже расчетного объёма дотации**.

Более того, в тексте упоминаются условия, при которых доля дотаций превышает определённые пороги (и следуют ограничения), а также определения и ограничения по дефициту и нецелевому использованию, но **прямого ответа про “потери бюджета” при недополучении дотации ниже расчётного объёма нет в документах**.","Бюджетный кодекс Российской Федерации.pdf:page_116, Бюджетный кодекс Российской Федерации.pdf:page_191, Бюджетный кодекс Российской Федерации.pdf:page_194, Бюджетный кодекс Российской Федерации.pdf:page_206, Бюджетный кодекс Российской Федерации.pdf:page_207, Бюджетный кодекс Российской Федерации.pdf:page_208, Бюджетный кодекс Российской Федерации.pdf:page_209, Бюджетный кодекс Российской Федерации.pdf:page_28, Бюджетный кодекс Российской Федерации.pdf:page_401, Бюджетный кодекс Российской Федерации.pdf:page_79"
Какое решение выносится по результатам рассмотрения материалов камеральной налоговой проверки?,По результатам рассмотрения материалов камеральной налоговой проверки руководитель (заместитель руководителя) налогового органа выносит **решение о привлечении налогоплательщика к ответственности за совершение налогового правонарушения либо об отказе в привлечении налогоплательщика к ответственности**.,"Налоговый кодекс Российской Федерации.pdf:page_240, Налоговый кодекс Российской Федерации.pdf:page_244, Налоговый кодекс Российской Федерации.pdf:page_325, Налоговый кодекс Российской Федерации.pdf:page_326, Налоговый кодекс Российской Федерации.pdf:page_533, Налоговый кодекс Российской Федерации.pdf:page_541, Налоговый кодекс Российской Федерации.pdf:page_542, Налоговый кодекс Российской Федерации.pdf:page_706, Налоговый кодекс Российской Федерации.pdf:page_710, Налоговый кодекс Российской Федерации.pdf:page_712"
"Подлежат ли вычету суммы акциза, исчисленные по истечении 180 календарных дней с даты выпуска товаров в Калининградской области?","Да, подлежат.

В тексте указано: **«Вычетам подлежат суммы акциза, исчисленные по истечении 180 календарных дней с даты выпуска товаров… при завершении действия таможенной процедуры свободной таможенной зоны на территории Особой экономической зоны в Калининградской области…»**.","Налоговый кодекс Российской Федерации.pdf:page_514, Налоговый кодекс Российской Федерации.pdf:page_516, Налоговый кодекс Российской Федерации.pdf:page_604, Налоговый кодекс Российской Федерации.pdf:page_607, Налоговый кодекс Российской Федерации.pdf:page_660, Налоговый кодекс Российской Федерации.pdf:page_672, Налоговый кодекс Российской Федерации.pdf:page_683, Налоговый кодекс Российской Федерации.pdf:page_688, Налоговый кодекс Российской Федерации.pdf:page_704, Таможенный кодекс Евразийского экономического союза.pdf:page_204"
"Что означает ""особыми условиями"" в контексте сдачи в аренду земельных участков и других обособленных природных объектов?","В предоставленных фрагментах **нет определения понятия “особые условия”** применительно к сдаче в аренду земельных участков и других обособленных природных объектов.

Единственное, что можно извлечь из текста по теме:  
- указано, что **законом могут быть установлены особенности сдачи в аренду земельных участков и других обособленных природных объектов** (это говорится в сообщении перед фрагментом с заголовком про земли).

Однако **само словосочетание “особыми условиями” и его конкретный смысл** в данных документах **не раскрыты**. Поэтому:

**Ответ:** нет в документах.","Градостроительный кодекс Российской Федерации.pdf:page_303, Гражданский кодекс Российской Федерации.pdf:page_147, Гражданский кодекс Российской Федерации.pdf:page_283, Гражданский кодекс Российской Федерации.pdf:page_284, Гражданский кодекс Российской Федерации.pdf:page_296, Земельный кодекс Российской Федерации.pdf:page_184, Земельный кодекс Российской Федерации.pdf:page_28, Земельный кодекс Российской Федерации.pdf:page_3, Земельный кодекс Российской Федерации.pdf:page_41, Земельный кодекс Российской Федерации.pdf:page_45"
Какие основные положения генеральной схемы расселения учитываются на последующих стадиях градостроительного проектирования? (ГОСТ МДС 11-7.2000),"Основные положения **генеральной схемы расселения** учитываются на последующих стадиях градостроительного проектирования, при этом они:

- учитываются при **осуществлении органами исполнительной власти субъектов РФ** регулирования деятельности в области расселения и территориальной организации;
- учитываются **всеми участниками градостроительной деятельности** в границах проектируемого региона.

(Фрагмент: **«Основные положения региональных схем расселения учитываются на последующих стадиях…»** — в предоставленном тексте это сформулировано именно применительно к региональным схемам; про генеральную в приведенном фрагменте прямого указания нет.)","Data1_10_10859_index.pdf:page_6, Data1_1_1904_index.pdf:page_1, Data1_1_1904_index.pdf:page_12, Data1_1_1904_index.pdf:page_2, Data1_1_1904_index.pdf:page_29, Data1_1_1904_index.pdf:page_3, Data1_1_1904_index.pdf:page_5, Data1_1_1904_index.pdf:page_6, Data1_1_1904_index.pdf:page_7, Data1_1_1904_index.pdf:page_9"
Какие меры наказания за нарушение соглашения о недопущении конкуренции указаны в ГОСТ МДС 80-2.2000?,"В предоставленном фрагменте текста **нет информации о ГОСТ МДС 80-2.2000** и, соответственно, **нет указания мер наказания за нарушение соглашения о недопущении конкуренции**, кроме общего упоминания внутри самого примерного соглашения:

- **«В случае любого нарушения настоящего соглашения организация имеет право на освобождение от ответственности по судебному запрету с денежной компенсацией.»**

Однако **конкретных мер наказания**, предусмотренных именно **ГОСТ МДС 80-2.2000**, в ваших данных **нет**.

**Ответ:** нет в документах (ГОСТ МДС 80-2.2000 в тексте не приведён; меры наказания из ГОСТ не указаны).","Data1_10_10872_index.pdf:page_9, Административный кодекс Российской Федерации.pdf:page_275, Административный кодекс Российской Федерации.pdf:page_278, Административный кодекс Российской Федерации.pdf:page_283, Административный кодекс Российской Федерации.pdf:page_285, Административный кодекс Российской Федерации.pdf:page_287, Административный кодекс Российской Федерации.pdf:page_387, Административный кодекс Российской Федерации.pdf:page_388, Административный кодекс Российской Федерации.pdf:page_45, Уголовный кодекс Российской Федерации.pdf:page_107"
"Какие органы имеют право рассматривать дела об административных правонарушениях, предусмотренных статьей 15.12.1 КоАП РФ?",нет в документах,"Административный кодекс Российской Федерации.pdf:page_0, Административный кодекс Российской Федерации.pdf:page_454, Административный кодекс Российской Федерации.pdf:page_463, Административный кодекс Российской Федерации.pdf:page_464, Административный кодекс Российской Федерации.pdf:page_494, Административный кодекс Российской Федерации.pdf:page_496, Административный кодекс Российской Федерации.pdf:page_500, Административный кодекс Российской Федерации.pdf:page_501, Административный кодекс Российской Федерации.pdf:page_506, Административный кодекс Российской Федерации.pdf:page_575"
"Какие требования к стальным конструкциям установлены СНиП II-23-81*, изд. 1990 г.?","В предоставленном фрагменте **нет** требований к стальным конструкциям, установленных **СНиП II-23-81*** (изд. 1990 г.).  

Упоминание СНиП II-23-81* в тексте отсутствует, и приведены требования по другим темам (осмотры наружных стен, кладка, гидроизоляция, окна/двери и т.п.), без разделов про стальные конструкции.  

**Ответ:** нет в документах.","Data1_10_10846_index.pdf:page_3, Data1_10_10861_index.pdf:page_14, Data1_10_10861_index.pdf:page_16, Data1_10_10861_index.pdf:page_17, Data1_10_10861_index.pdf:page_18, Data1_10_10861_index.pdf:page_20, Data1_10_10865_index.pdf:page_39, Data1_11_11285_index.pdf:page_50, Data1_2_2076_index.pdf:page_14, Data1_2_2079_index.pdf:page_12"
Какое максимальное число баллов по показателю 'цена' рекомендуется устанавливать согласно ГОСТ МДС 80-3.2000?,"Согласно фрагменту **ГОССТРОЙ РОССИИ МДС 80-3.2000** (п. **3.3**):  

> «Если у заказчика … основным критерием оценки оферт является цена, то максимальное число баллов по этому показателю рекомендуется устанавливать **в размере до 800 баллов**.»

**Ответ: до 800 баллов.**","Data1_10_10754_index.pdf:page_3, Data1_10_10864_index.pdf:page_19, Data1_10_10864_index.pdf:page_33, Data1_10_10866_index.pdf:page_1, Data1_10_10869_index.pdf:page_1, Data1_10_10869_index.pdf:page_2, Data1_10_10869_index.pdf:page_4, Data1_10_10869_index.pdf:page_5, Data1_10_10869_index.pdf:page_6, Data1_2_2075_index.pdf:page_17"
"Как производится усыновление ребенка иностранными гражданами или лицами без гражданства, состоящими в браке с гражданами Российской Федерации?","В предоставленном фрагменте текста есть только заголовок и начало статьи:

- **Статья 165. Усыновление (удочерение)** — указано:  
  «**1. Усыновление (удочерение), в том числе отмена усыновления, на территории Российской Федерации иностранными гражданами или лиц…**»  

Но **сам ответ о порядке усыновления иностранными гражданами или лицами без гражданства, состоящими в браке с гражданами РФ, в предоставленном тексте отсутствует** (фраза обрывается, дальнейшее содержание статьи не приведено).

**Частичный ответ:** только то, что такие усыновления регулируются **ст. 165 СК РФ**.

Ответ по существу (как именно производится) — **нет в документах**.","Гражданский процессуальный кодекс Российской Федерации.pdf:page_110, Семейный кодекс Российской Федерации.pdf:page_14, Семейный кодекс Российской Федерации.pdf:page_34, Семейный кодекс Российской Федерации.pdf:page_36, Семейный кодекс Российской Федерации.pdf:page_37, Семейный кодекс Российской Федерации.pdf:page_38, Семейный кодекс Российской Федерации.pdf:page_41, Семейный кодекс Российской Федерации.pdf:page_43, Семейный кодекс Российской Федерации.pdf:page_52, Семейный кодекс Российской Федерации.pdf:page_54"
Что такое коллективный трудовой спор?,"Коллективный трудовой спор — это **неурегулированные разногласия между работниками (их представителями) и работодателями (их представителями)** по поводу **установления и изменения условий труда (включая заработную плату)**, **заключения, изменения и выполнения коллективных договоров, соглашений**, а также **в связи с отказом работодателя учесть мнение выборного представительного органа работников** при принятии локальных нормативных актов.","Трудовой кодекс Российской Федерации.pdf:page_0, Трудовой кодекс Российской Федерации.pdf:page_1, Трудовой кодекс Российской Федерации.pdf:page_152, Трудовой кодекс Российской Федерации.pdf:page_234, Трудовой кодекс Российской Федерации.pdf:page_244, Трудовой кодекс Российской Федерации.pdf:page_245, Трудовой кодекс Российской Федерации.pdf:page_255, Трудовой кодекс Российской Федерации.pdf:page_27, Трудовой кодекс Российской Федерации.pdf:page_29, Трудовой кодекс Российской Федерации.pdf:page_37"
Какие процедуры могут предшествовать заключению трудового договора с руководителем организации?,"В предоставленном фрагменте есть только упоминание **ст. 275 ТК РФ “Заключение трудового договора с руководителем организации”**, но сам текст статьи **обрезан** (“В случае, когда в соответствии с частью второй статьи 59…”), поэтому перечень процедур, которые могут предшествовать заключению трудового договора, в этих документах **не приведён**.

**Ответ: нет в документах**.","Трудовой кодекс Российской Федерации.pdf:page_0, Трудовой кодекс Российской Федерации.pdf:page_160, Трудовой кодекс Российской Федерации.pdf:page_168, Трудовой кодекс Российской Федерации.pdf:page_18, Трудовой кодекс Российской Федерации.pdf:page_203, Трудовой кодекс Российской Федерации.pdf:page_245, Трудовой кодекс Российской Федерации.pdf:page_42, Трудовой кодекс Российской Федерации.pdf:page_48, Трудовой кодекс Российской Федерации.pdf:page_54, Трудовой кодекс Российской Федерации.pdf:page_9"
"Как исчисляются ввозные таможенные пошлины, налоги, специальные, антидемпинговые, компенсационные пошлины при помещении продуктов переработки под таможенную процедуру выпуска для внутреннего потребления?","При помещении продуктов переработки под таможенную процедуру **выпуска для внутреннего потребления**:

- **Ввозные таможенные пошлины** исчисляются исходя из стоимости операций по переработке **вне таможенной территории Союза** (ст. 186, п. 1). Стоимость таких операций определяется как совокупность фактически понесенных расходов на:
  1) операции по переработке (ремонту);
  2) иностранные товары, использованные в процессе переработки (ремонта), если они не включены в расходы на операции по переработке (ремонту) (ст. 186, п. 2).

- **Налоги, специальные, антидемпинговые, компенсационные пошлины** — обязанность по их уплате у декларанта **не возникает** (ст. 199, п. 2).","Таможенный кодекс Евразийского экономического союза.pdf:page_105, Таможенный кодекс Евразийского экономического союза.pdf:page_112, Таможенный кодекс Евразийского экономического союза.pdf:page_148, Таможенный кодекс Евразийского экономического союза.pdf:page_159, Таможенный кодекс Евразийского экономического союза.pdf:page_179, Таможенный кодекс Евразийского экономического союза.pdf:page_204, Таможенный кодекс Евразийского экономического союза.pdf:page_216, Таможенный кодекс Евразийского экономического союза.pdf:page_236, Таможенный кодекс Евразийского экономического союза.pdf:page_255, Таможенный кодекс Евразийского экономического союза.pdf:page_98"
Что такое государственная собственность в Российской Федерации?,"Государственной собственностью в Российской Федерации является имущество, принадлежащее на праве собственности **Российской Федерации** (федеральная собственность) и имущество, принадлежащее на праве собственности **субъектам Российской Федерации** (республикам, краям, областям, городам федерального значения, автономной области, автономным округам — собственность субъекта РФ).","Бюджетный кодекс Российской Федерации.pdf:page_108, Гражданский кодекс Российской Федерации.pdf:page_0, Гражданский кодекс Российской Федерации.pdf:page_128, Гражданский кодекс Российской Федерации.pdf:page_141, Гражданский кодекс Российской Федерации.pdf:page_86, Гражданский кодекс Российской Федерации.pdf:page_90, Земельный кодекс Российской Федерации.pdf:page_18, Земельный кодекс Российской Федерации.pdf:page_2, Земельный кодекс Российской Федерации.pdf:page_3, Семейный кодекс Российской Федерации.pdf:page_8"
"Какие требования предъявляются к материалам утепления опорных контуров согласно ГОСТ 9573-82, ГОСТ 20916-87, ГОСТ 15588-86?","В приведённом тексте **нет требований к материалам утепления опорных контуров** с отсылкой к ГОСТ 9573-82, ГОСТ 20916-87 и ГОСТ 15588-86.

Есть только общее требование по монтажу: «**утепление стенок опорных контуров**», но **какие именно материалы и по каким требованиям** (по указанным ГОСТ) — **не указано**.

**Ответ:** нет в документах.","Data1_10_10846_index.pdf:page_18, Data1_10_10846_index.pdf:page_6, Data1_10_10852_index.pdf:page_38, Data1_10_10861_index.pdf:page_17, Data1_10_10861_index.pdf:page_5, Data1_10_10861_index.pdf:page_9, Data1_10_10865_index.pdf:page_38, Data1_10_10865_index.pdf:page_39, Data1_2_2079_index.pdf:page_17, Data1_2_2081_index.pdf:page_11"
Кто одобрил Методические рекомендации по разработке технической части тендерной документации и оферты претендента?,"Методические рекомендации **«по разработке технической части тендерной документации и оферты претендента»** были **одобрены Научно-техническим советом Минстроя России**, протокол **№ 23-10/9 от 26 августа 1994 г.**.","Data1_10_10858_index.pdf:page_2, Data1_10_10858_index.pdf:page_21, Data1_10_10865_index.pdf:page_1, Data1_10_10865_index.pdf:page_24, Data1_10_10865_index.pdf:page_3, Data1_10_10865_index.pdf:page_36, Data1_10_10866_index.pdf:page_1, Data1_10_10866_index.pdf:page_10, Data1_10_10866_index.pdf:page_7, Data1_10_10869_index.pdf:page_1"
"Что грозит за непредставление или несвоевременное представление сведений, предусмотренных антимонопольным законодательством Российской Федерации?",нет в документах,"Административный кодекс Российской Федерации.pdf:page_268, Административный кодекс Российской Федерации.pdf:page_304, Административный кодекс Российской Федерации.pdf:page_399, Административный кодекс Российской Федерации.pdf:page_401, Административный кодекс Российской Федерации.pdf:page_404, Административный кодекс Российской Федерации.pdf:page_405, Административный кодекс Российской Федерации.pdf:page_408, Налоговый кодекс Российской Федерации.pdf:page_360, Налоговый кодекс Российской Федерации.pdf:page_362, Уголовный кодекс Российской Федерации.pdf:page_126"
"Какие участки трубопроводов подлежат замене, согласно ГОСТ МДС 13-18.2000?","Согласно приведенному фрагменту (ГОСТ МДС 13-18.2000), замене подлежат следующие участки/элементы трубопроводов:

- **Отдельные участки трубопроводов вследствие износа труб**, при этом **без изменения диаметра труб**.  
- При этом разрешена замена **материала труб**: чугунные на стальные, керамических на бетонные или железобетонные и наоборот, **но не допускается** замена **асбестоцементных труб на металлические** (кроме аварийных случаев).  
- **Протяженность участков**, на которых допускается **сплошная смена труб**, — **не должна превышать 200 м на 1 км сети**.  

Также в тексте отдельно указано, что под замену (как фасонные части) подпадают:
- **изношенные фасонные части, задвижки, пожарные гидранты, вантузы, клапаны, водоразборные колонки** — путем смены или ремонта **с заменой изношенных деталей**;
- **отдельные трубы дюкеров** (смена отдельных труб дюкеров).  

Если вам нужно именно “участки трубопроводов” (только про трубы), то это формулировка: **изношенные участки труб без увеличения/изменения диаметра**, с ограничением по протяженности (200 м на 1 км).","Data1_1_1879_index.pdf:page_21, Data1_1_1879_index.pdf:page_22, Data1_1_1879_index.pdf:page_24, Data1_1_1879_index.pdf:page_25, Data1_1_1879_index.pdf:page_26, Data1_1_1879_index.pdf:page_28, Data1_1_1879_index.pdf:page_29, Data1_1_1879_index.pdf:page_30, Data1_1_1879_index.pdf:page_31, Data1_1_1879_index.pdf:page_7"
Какие правила и инструкции издает федеральный орган исполнительной власти в области рыболовства?,"В предоставленных фрагментах **нет информации**, какие именно **правила и инструкции** издает федеральный орган исполнительной власти в области рыболовства.  

**Ответ:** нет в документах.","Административный кодекс Российской Федерации.pdf:page_129, Водный кодекс Российской Федерации.pdf:page_12, Водный кодекс Российской Федерации.pdf:page_13, Водный кодекс Российской Федерации.pdf:page_14, Водный кодекс Российской Федерации.pdf:page_29, Водный кодекс Российской Федерации.pdf:page_30, Водный кодекс Российской Федерации.pdf:page_4, Кодекс внутреннего водного транспорта Российской Федерации.pdf:page_0, Кодекс торгового мореплавания Российской Федерации.pdf:page_0, Налоговый кодекс Российской Федерации.pdf:page_1235"
Какие примеры нематериальных активов приведены в тексте?,"В приведённом тексте примеры нематериальных активов **не раскрываются**.

Есть лишь общие упоминания (например, что “программы для ЭВМ охраняются как литературные произведения”, а также отдельные нормы про нематериальные активы и НИОКР), но **конкретных перечисленных примеров нематериальных активов** в вашем фрагменте **нет**.

**Ответ: нет в документах**","Гражданский кодекс Российской Федерации.pdf:page_519, Налоговый кодекс Российской Федерации.pdf:page_1491, Налоговый кодекс Российской Федерации.pdf:page_391, Налоговый кодекс Российской Федерации.pdf:page_509, Налоговый кодекс Российской Федерации.pdf:page_945, Налоговый кодекс Российской Федерации.pdf:page_948, Налоговый кодекс Российской Федерации.pdf:page_950, Налоговый кодекс Российской Федерации.pdf:page_951, Налоговый кодекс Российской Федерации.pdf:page_968, Налоговый кодекс Российской Федерации.pdf:page_985"
Как компенсируется ущерб Исполнителю в случае несвоевременной оплаты или необоснованного отказа от оплаты выполненных работ в ГОСТ МДС 11-11.2000?,нет в документах,"Data1_10_10858_index.pdf:page_10, Гражданский кодекс Российской Федерации.pdf:page_214, Гражданский кодекс Российской Федерации.pdf:page_215, Гражданский кодекс Российской Федерации.pdf:page_217, Гражданский кодекс Российской Федерации.pdf:page_312, Гражданский кодекс Российской Федерации.pdf:page_314, Гражданский кодекс Российской Федерации.pdf:page_322, Гражданский кодекс Российской Федерации.pdf:page_438, Трудовой кодекс Российской Федерации.pdf:page_148, Трудовой кодекс Российской Федерации.pdf:page_151"
Какие способы уплаты государственной пошлины предусмотрены согласно ГОСТ МДС 81-23.2000?,"В представленном фрагменте **нет сведений** о способах уплаты государственной пошлины, предусмотренных ГОСТ МДС 81-23.2000.

**Ответ:** нет в документах.","Налоговый кодекс Российской Федерации.pdf:page_1265, Налоговый кодекс Российской Федерации.pdf:page_1270, Таможенный кодекс Евразийского экономического союза.pdf:page_149, Таможенный кодекс Евразийского экономического союза.pdf:page_158, Таможенный кодекс Евразийского экономического союза.pdf:page_265, Таможенный кодекс Евразийского экономического союза.pdf:page_315, Таможенный кодекс Евразийского экономического союза.pdf:page_325, Таможенный кодекс Евразийского экономического союза.pdf:page_328, Таможенный кодекс Евразийского экономического союза.pdf:page_517, Таможенный кодекс Евразийского экономического союза.pdf:page_78"
Какие данные об инвентарном номере и каталожном листе должны быть указаны в форме 5?,"В предоставленном фрагменте **форма 5** содержит сведения о строительном каталоге, в том числе:

- **«Порядковый № _______ стр.»** (порядковый номер/номер страницы каталожного листа)  
- **«На … стр.»** (страница в каталоге)

При этом прямых указаний именно на **«инвентарный номер»** в тексте формы 5 **нет**.

**Ответ:**
- Инвентарный номер — **нет в документах**.  
- Каталожный лист — должны быть указаны **порядковый номер** и **страница**:  
  - «Порядковый № _______ стр.»  
  - «На … стр.»","Data1_10_10849_index.pdf:page_14, Data1_10_10849_index.pdf:page_15, Data1_10_10849_index.pdf:page_3, Data1_10_10859_index.pdf:page_6, Data1_2_2076_index.pdf:page_12, Data1_2_2076_index.pdf:page_14, Data1_2_2079_index.pdf:page_19, Data1_2_2082_index.pdf:page_17, Налоговый кодекс Российской Федерации.pdf:page_496, Таможенный кодекс Евразийского экономического союза.pdf:page_520"
Что такое заключение под стражу?,"В предоставленном фрагменте есть только упоминание меры пресечения **«заключение под стражу»** (в перечне мер пресечения) — **Статья 98**: *«Мерами пресечения являются … 7) заключение под стражу.»*  

Подробного определения, что именно означает «заключение под стражу», в данных документах **нет**.","Уголовно-процессуальный кодекс Российской Федерации.pdf:page_154, Уголовно-процессуальный кодекс Российской Федерации.pdf:page_240, Уголовно-процессуальный кодекс Российской Федерации.pdf:page_267, Уголовно-процессуальный кодекс Российской Федерации.pdf:page_4, Уголовно-процессуальный кодекс Российской Федерации.pdf:page_65, Уголовно-процессуальный кодекс Российской Федерации.pdf:page_68, Уголовно-процессуальный кодекс Российской Федерации.pdf:page_69, Уголовно-процессуальный кодекс Российской Федерации.pdf:page_76, Уголовно-процессуальный кодекс Российской Федерации.pdf:page_92, Уголовный кодекс Российской Федерации.pdf:page_245"
"Как долго может длиться процедура отбора лучшего предложения, согласно ГОСТ МДС 11-11.2000?","В предоставленном фрагменте **нет сведений о сроке процедуры отбора (оценки конкурсных предложений и определения победителя) по ГОСТ МДС 11-11.2000**.

Есть только частичный тайминг: конкурсная комиссия рассматривает конкурсные предложения **в течение трех рабочих дней со дня вскрытия конвертов** (п. 3), но **про общую продолжительность процесса “отбора лучшего предложения”** (весь этап от оценки до выбора победителя) в тексте не указано.

Итого: **нет в документах** (по длительности всей процедуры отбора лучшего предложения), есть лишь: **3 рабочих дня на рассмотрение после вскрытия конвертов**.","Data1_10_10858_index.pdf:page_21, Data1_10_10866_index.pdf:page_10, Data1_10_10866_index.pdf:page_3, Data1_10_10866_index.pdf:page_6, Data1_10_10866_index.pdf:page_7, Data1_10_10866_index.pdf:page_8, Data1_10_10866_index.pdf:page_9, Лесной кодекс Российской Федерации.pdf:page_71, Лесной кодекс Российской Федерации.pdf:page_72, Лесной кодекс Российской Федерации.pdf:page_73"
Что происходит с патентной пошлиной после отзыва заявления об открытой лицензии?,"После отзыва заявления об открытой лицензии:

- если до отзыва открытой лицензии никто не изъявил желание использовать селекционное достижение, **патентообладатель обязан доплатить пошлину за поддержание патента в силе за период, прошедший со дня публикации сведений об открытой лицензии**, и далее уплачивать ее **в полном размере**;
- если до отзыва были заключены лицензионные договоры на условиях открытой лицензии, **лицензиаты сохраняют права до конца срока этих договоров**, а **патентообладатель обязан уплачивать пошлину за поддержание патента в силе в полном размере со дня отзыва открытой лицензии**.","Гражданский кодекс Российской Федерации.pdf:page_571, Гражданский кодекс Российской Федерации.pdf:page_572, Гражданский кодекс Российской Федерации.pdf:page_577, Гражданский кодекс Российской Федерации.pdf:page_591, Гражданский кодекс Российской Федерации.pdf:page_596, Гражданский кодекс Российской Федерации.pdf:page_607, Гражданский кодекс Российской Федерации.pdf:page_608, Налоговый кодекс Российской Федерации.pdf:page_1542, Налоговый кодекс Российской Федерации.pdf:page_1551, Налоговый кодекс Российской Федерации.pdf:page_708"
Какие объекты могут быть оценены с помощью УПБС согласно СНиПу?,"Согласно приведённому в тексте фрагменту, **УПБС разработаны для объектов производственного назначения** и предназначены для определения стоимости строительства:

- **как по отдельным зданиям и сооружениям**,  
- **так и в целом по предприятиям и комплексам объектов**.

Также в тексте указано, что **УПБС применяются для строительства зданий и сооружений производственного назначения** (в методических рекомендациях Минстроя России 1994 г.).

**Прямого перечня конкретных объектов (кроме указания “производственного назначения”) в предоставленном фрагменте нет.**","Data1_10_10865_index.pdf:page_15, Data1_10_10865_index.pdf:page_39, Data1_2_2080_index.pdf:page_15, Data1_2_2080_index.pdf:page_3, Data1_2_2080_index.pdf:page_33, Data1_2_2081_index.pdf:page_1, Data1_2_2081_index.pdf:page_21, Data1_2_2081_index.pdf:page_23, Data1_2_2081_index.pdf:page_7, Data1_2_2081_index.pdf:page_8"
Какая площадь бетоносмесителей должна быть предусмотрена согласно ГОСТ МДС-80-8.2000?,"В предоставленных фрагментах **нет информации** о том, какая площадь бетоносмесителей должна быть предусмотрена согласно **ГОСТ МДС-80-8.2000**. 

**Ответ:** нет в документах.","Data1_10_10754_index.pdf:page_28, Data1_10_10846_index.pdf:page_3, Data1_10_10846_index.pdf:page_32, Data1_10_10855_index.pdf:page_7, Data1_10_10865_index.pdf:page_16, Data1_10_10865_index.pdf:page_18, Data1_11_11295_index.pdf:page_44, Data1_11_11295_index.pdf:page_45, Data1_2_2079_index.pdf:page_10, Data1_2_2081_index.pdf:page_12"
Как определяются затраты на получение исходных данных и согласования по проектным решениям согласно МДС 81-30.2002?,"В приведенном фрагменте МДС (видно отрывок раздела **9.1.4**) указано следующее:

**Затраты, связанные с получением заказчиком и проектной организацией исходных данных, технических условий на проектирование и проведением необходимых согласований по проектным решениям, определяются на основании расчетов и цен на эти услуги**, а также **согласно письму Минстроя России от 14.11.96 № БЕ-19-30/12**.","Data1_10_10754_index.pdf:page_24, Data1_10_10754_index.pdf:page_3, Data1_10_10848_index.pdf:page_2, Data1_10_10848_index.pdf:page_3, Data1_10_10848_index.pdf:page_6, Data1_10_10848_index.pdf:page_8, Data1_10_10864_index.pdf:page_12, Data1_10_10864_index.pdf:page_15, Data1_2_2075_index.pdf:page_1, Data1_2_2079_index.pdf:page_1"
Какие административные правонарушения относятся к категории нарушений законодательства об охране здоровья граждан?,"В предоставленных фрагментах **прямого перечня** административных правонарушений, относящихся к категории **«нарушений законодательства об охране здоровья граждан»**, **нет**.

Есть **частичные упоминания** правонарушений, которые по смыслу связаны с охраной здоровья, но они приведены **не как категория**, а как отдельные статьи КоАП РФ:
- **Статья 6.3 КоАП РФ** — *нарушение законодательства в области обеспечения санитарно-эпидемиологического благополучия населения* (предупреждение или штраф; указаны размеры для граждан, должностных лиц и т.д.).
- Упоминаются иные фрагменты по медицинской тематике (например, про лекарства/медизделия), но соответствующие статьи в присланном тексте **не идентифицируются полностью**, поэтому точно назвать их по статье и связать с категорией в рамках текста невозможно.

**Итог:** нет в документах (как именно перечислены правонарушения категории «охрана здоровья граждан»).","Административный кодекс Российской Федерации.pdf:page_0, Административный кодекс Российской Федерации.pdf:page_105, Административный кодекс Российской Федерации.pdf:page_106, Административный кодекс Российской Федерации.pdf:page_110, Административный кодекс Российской Федерации.pdf:page_136, Административный кодекс Российской Федерации.pdf:page_392, Административный кодекс Российской Федерации.pdf:page_450, Административный кодекс Российской Федерации.pdf:page_59, Административный кодекс Российской Федерации.pdf:page_75, Административный кодекс Российской Федерации.pdf:page_78"
Как согласно СНиП 3.01.03-84 устанавливаются анкерные блоки и закладные детали?,"В приведённом фрагменте **нет сведений о том, как согласно СНиП 3.01.03-84 устанавливаются анкерные блоки и закладные детали**. Указанные выдержки содержат, в основном, общие положения о геодезических работах, разбивке осей и контроле монтажа, а также таблицы ресурсов/работ.

**Ответ: нет в документах.**","Data1_10_10846_index.pdf:page_8, Data1_11_11285_index.pdf:page_28, Data1_11_11285_index.pdf:page_50, Data1_11_11293_index.pdf:page_1, Data1_2_2076_index.pdf:page_7, Data1_2_2079_index.pdf:page_16, Data1_2_2080_index.pdf:page_13, Data1_2_2080_index.pdf:page_25, Data1_2_2080_index.pdf:page_28, Data1_2_2081_index.pdf:page_13"
Какой телефон указан для бесплатной юридическая консультации в регионах России?,В тексте указан телефон для бесплатной юридической консультации в регионах РФ: **8 (800) 301-92-12**.,"Административный кодекс Российской Федерации.pdf:page_273, Административный кодекс Российской Федерации.pdf:page_585, Административный кодекс Российской Федерации.pdf:page_613, Гражданский кодекс Российской Федерации.pdf:page_0, Гражданский кодекс Российской Федерации.pdf:page_26, Гражданский кодекс Российской Федерации.pdf:page_662, Налоговый кодекс Российской Федерации.pdf:page_1260, Налоговый кодекс Российской Федерации.pdf:page_1345, Налоговый кодекс Российской Федерации.pdf:page_1347, Уголовный кодекс Российской Федерации.pdf:page_276"
В каких условиях содержатся осужденные к аресту?,"Осужденные к аресту содержатся **в условиях строгой изоляции**; отдельно размещаются **осужденные мужчины, осужденные женщины**, а также **осужденные, ранее отбывавшие наказание в исправительных учреждениях и имеющие судимость**. Также на них распространяются условия содержания, установленные для осужденных к лишению свободы **в общем режиме в тюрьме**. (Статья 69 УК РФ)","Уголовно-исполнительный кодекс Российской Федерации.pdf:page_37, Уголовно-исполнительный кодекс Российской Федерации.pdf:page_38, Уголовно-исполнительный кодекс Российской Федерации.pdf:page_42, Уголовно-исполнительный кодекс Российской Федерации.pdf:page_46, Уголовно-исполнительный кодекс Российской Федерации.pdf:page_58, Уголовно-исполнительный кодекс Российской Федерации.pdf:page_68, Уголовно-исполнительный кодекс Российской Федерации.pdf:page_72, Уголовно-исполнительный кодекс Российской Федерации.pdf:page_74, Уголовно-исполнительный кодекс Российской Федерации.pdf:page_76, Уголовно-исполнительный кодекс Российской Федерации.pdf:page_77"
В каких случаях таможенный орган отказывает в выпуске товаров при предварительном декларировании?,"Таможенный орган отказывает в выпуске товаров при предварительном таможенном декларировании, в частности, по основаниям, указанным в **п. 1 ст. 125 ТК ЕАЭС**, когда наступают такие случаи:

1) **Невыполнение условий для выпуска товаров**, предусмотренных в том числе **статьями 120–123** (и при этом отдельно указано, что это также касается некоторых категорий товаров: для личного пользования, транспортных средств международной перевозки и припасов).

2) **Невыполнение требований таможенного органа об изменении (дополнении) сведений**, заявленных в таможенной декларации — **в случае, предусмотренном п. 2 ст. 112**.

3) **Наступление обстоятельств**, предусмотренных **п. 6 ст. 114** (это положение прямо перечислено в основаниях отказа в выпуске при предварительном декларировании).

4) При **периодическом таможенном декларировании**:
   - **несоблюдение особенностей** такого декларирования, предусмотренных **п. 1 и 2 ст. 116**, и/или
   - наличие у декларанта **неисполненной в срок обязанности** по уплате таможенных платежей и/или специальных (антидемпинговых, компенсационных) пошлин, процентов, пеней.

5) **Непредъявление товара по требованию таможенного органа** в пределах сроков выпуска товаров, установленных пунктами (в тексте фрагмента дальше идет перечисление, но видно только начало).

Если нужен ответ именно “по предварительному декларированию” в узком смысле (какие пункты относятся именно к нему), ключевым является пункт **3**: основание — **наступление обстоятельств по п. 6 ст. 114**.","Таможенный кодекс Евразийского экономического союза.pdf:page_121, Таможенный кодекс Евразийского экономического союза.pdf:page_125, Таможенный кодекс Евразийского экономического союза.pdf:page_126, Таможенный кодекс Евразийского экономического союза.pdf:page_130, Таможенный кодекс Евразийского экономического союза.pdf:page_132, Таможенный кодекс Евразийского экономического союза.pdf:page_141, Таможенный кодекс Евразийского экономического союза.pdf:page_176, Таможенный кодекс Евразийского экономического союза.pdf:page_25, Таможенный кодекс Евразийского экономического союза.pdf:page_273, Таможенный кодекс Евразийского экономического союза.pdf:page_391"
Что такое процессуальное решение по определению статьи 33?,"В предоставленных документах **про “процессуальное решение”** сказано в комментариях к понятиям (п. 33), а это относится к тексту, который вы привели как определение к статье 33:

**Процессуальное решение** — это **решение, принимаемое судом, прокурором, следователем, органом дознания, начальником органа дознания, начальником подразделения дознания, дознавателем** в порядке, установленном настоящим Кодексом.","Арбитражный процессуальный кодекс Российской Федерации.pdf:page_23, Гражданский процессуальный кодекс Российской Федерации.pdf:page_131, Гражданский процессуальный кодекс Российской Федерации.pdf:page_132, Гражданский процессуальный кодекс Российской Федерации.pdf:page_15, Кодекс административного судопроизводства Российской Федерации.pdf:page_212, Кодекс административного судопроизводства Российской Федерации.pdf:page_8, Уголовно-процессуальный кодекс Российской Федерации.pdf:page_3, Уголовно-процессуальный кодекс Российской Федерации.pdf:page_304, Уголовно-процессуальный кодекс Российской Федерации.pdf:page_4, Уголовно-процессуальный кодекс Российской Федерации.pdf:page_8"
Что означает знак 5.22?,"Знак **5.22** в представленном тексте упоминается как один из знаков, обозначающих въезды/выезды в **жилую зону**:  

> «…в жилой зоне, то есть на территории, въезды на которую и выезды с которой обозначены знаками **5.21 и 5.22**…»

То есть **знак 5.22 означает выезд из жилой зоны (при обозначении въездов и выездов знаками 5.21 и 5.22)**.","Административный кодекс Российской Федерации.pdf:page_178, Административный кодекс Российской Федерации.pdf:page_534, ПДД Российской Федерации.pdf:page_0, ПДД Российской Федерации.pdf:page_19, ПДД Российской Федерации.pdf:page_27, ПДД Российской Федерации.pdf:page_28, ПДД Российской Федерации.pdf:page_44, ПДД Российской Федерации.pdf:page_47, ПДД Российской Федерации.pdf:page_5, ПДД Российской Федерации.pdf:page_56"
"Какие требования ГОСТ или СНиП регулируют проектирование кладбища площадью до 0,5 га?","В предоставленных фрагментах **нет** требований ГОСТ или СНиП, которые бы прямо регулировали **проектирование кладбища площадью до 0,5 га**.

Есть лишь общее упоминание в выдержках из ГрК РФ о возможном включении зон кладбищ в состав зон специального назначения (без указания СНиП/ГОСТ и параметров по площади), а также приведённые нормы по **размещению тепловых агрегатов** и **оформлению градостроительной документации**, которые к кладбищам не относятся.

**Ответ: нет в документах.**","Data1_10_10859_index.pdf:page_6, Data1_10_10859_index.pdf:page_8, Data1_10_10865_index.pdf:page_32, Data1_10_10865_index.pdf:page_38, Data1_1_1904_index.pdf:page_27, Data1_2_2096_index.pdf:page_2, Data1_2_2096_index.pdf:page_3, Data1_2_2096_index.pdf:page_4, Градостроительный кодекс Российской Федерации.pdf:page_87, Градостроительный кодекс Российской Федерации.pdf:page_90"
Какие ГОСТы или СНиПы регламентируют расчет затрат на эксплуатацию строительных машин?,"В приведённом тексте прямо указаны следующие нормативные документы, которые хотя и не формулируют расчёт затрат на эксплуатацию машин как отдельный предмет, но регламентируют общие подходы/сметное нормирование и включение затрат, связанных в том числе с эксплуатацией техники:

- **СНиП 3-й части “Организация, производство и приемка работ”** (упоминается в тексте как основа для разработки ценников/расчётов пусконаладочных работ).
- **СНиП “Организация, производство и приемка работ”** — в той же формулировке (“3-я часть”) встречается несколько раз в контексте правил, по которым рассчитываются стоимости работ.

Других **ГОСТ** или **СНиП**, которые бы именно в этом фрагменте однозначно называли порядок расчёта затрат на эксплуатацию строительных машин, **нет**.

**Ответ:** в документах приведён только **СНиП (3-я часть) “Организация, производство и приемка работ”**; иных ГОСТ/СНиП, регламентирующих именно расчёт затрат на эксплуатацию строительных машин, **нет в документах**.","Data1_10_10754_index.pdf:page_3, Data1_10_10848_index.pdf:page_3, Data1_10_10864_index.pdf:page_12, Data1_10_10864_index.pdf:page_17, Data1_10_10864_index.pdf:page_31, Data1_10_10864_index.pdf:page_4, Data1_2_2069_index.pdf:page_5, Data1_2_2079_index.pdf:page_18, Data1_2_2082_index.pdf:page_3, Data1_2_2117_index.pdf:page_10"
Какие требования МДС 14-13.2000 предъявляет к площади прочих помещений?,В предоставленном фрагменте **нет информации** о документе **МДС 14-13.2000** и его требованиях к **площади прочих помещений**.,"Data1_10_10846_index.pdf:page_3, Data1_10_10846_index.pdf:page_32, Data1_10_10859_index.pdf:page_6, Data1_10_10861_index.pdf:page_39, Data1_10_10862_index.pdf:page_1, Data1_10_10863_index.pdf:page_1, Data1_10_10871_index.pdf:page_1, Data1_1_1879_index.pdf:page_1, Data1_1_1904_index.pdf:page_1, Data1_2_2096_index.pdf:page_3"
Какие преступления относятся к уголовным делам частного обвинения?,"К уголовным делам частного обвинения относятся дела о преступлениях, предусмотренных **статьями 115 частью первой, 116.1 частью первой и 128.1 частью первой УК РФ**.","Уголовно-процессуальный кодекс Российской Федерации.pdf:page_100, Уголовно-процессуальный кодекс Российской Федерации.pdf:page_12, Уголовно-процессуальный кодекс Российской Федерации.pdf:page_155, Уголовно-процессуальный кодекс Российской Федерации.pdf:page_192, Уголовно-процессуальный кодекс Российской Федерации.pdf:page_197, Уголовно-процессуальный кодекс Российской Федерации.pdf:page_21, Уголовно-процессуальный кодекс Российской Федерации.pdf:page_26, Уголовно-процессуальный кодекс Российской Федерации.pdf:page_55, Уголовно-процессуальный кодекс Российской Федерации.pdf:page_99, Уголовный кодекс Российской Федерации.pdf:page_3"
Что должно содержать пояснительная записка к схеме районной планировки? (ГОСТ МДС 11-7.2000),"В приведённом тексте прямо указано следующее:

**Пояснительная записка к проектам районной планировки должна содержать обоснование предложений и решений, перечисленных в пп. 5.2–5.5, 6.4, 6.5 настоящей Инструкции.**  

(Это следует из фрагмента: **«6.7. Пояснительная записка к проектам районной планировки должна содержать обоснование предложений и решений, перечисленных в пп. 5.2 - 5.5, 6.4, 6.5 настоящей Инструкции.»**)

Других требований к содержанию пояснительной записки именно к *схеме районной планировки* в предоставленном фрагменте **нет в документах**.","Data1_10_10865_index.pdf:page_32, Data1_10_10865_index.pdf:page_4, Data1_1_1904_index.pdf:page_11, Data1_1_1904_index.pdf:page_15, Data1_1_1904_index.pdf:page_20, Data1_1_1904_index.pdf:page_26, Data1_1_1904_index.pdf:page_29, Data1_1_1904_index.pdf:page_30, Data1_1_1904_index.pdf:page_8, Data1_1_1904_index.pdf:page_9"
Какие министерства и ведомства утверждают ценники на медицинское оборудование согласно ГОСТ МДС 81-8.2000?,"В приведённом фрагменте **ГОСТ (МДС) 81-8.2000** перечислены ведомства, которые утверждают ценники на медицинское оборудование. Конкретно указаны:

- **Минздрав СССР** — *«Оборудование медицинское»*.","Data1_10_10754_index.pdf:page_3, Data1_10_10848_index.pdf:page_2, Data1_10_10848_index.pdf:page_6, Data1_10_10862_index.pdf:page_1, Data1_10_10863_index.pdf:page_1, Data1_10_10864_index.pdf:page_21, Data1_2_2079_index.pdf:page_1, Налоговый кодекс Российской Федерации.pdf:page_1278, Налоговый кодекс Российской Федерации.pdf:page_1279, Налоговый кодекс Российской Федерации.pdf:page_402"
Какие разделы включены в проектные работы для трибун с подтрибунными помещениями согласно СНиП?,"Для **трибун с подтрибунными помещениями** в таблице указаны следующие разделы проектных работ по стадиям:

- **Архитектурно-строительная часть**
- **Отопление и вентиляция**
- **Водопровод и канализация**
- **Электроснабжение и электрооборудование**
- **Средства связи и сигнализации**
- **Механизация и автоматизация**
- **Организация и условия труда работников. Управление предприятием**
- **Технико-экономические показатели**
- **ПОС**
- **Сметная документация**

(Это соответствует строке **«18. Табл. 9 пп. 1–6 Трибуны с подтрибунными помещениями»** в приведённой таблице.)","Data1_10_10849_index.pdf:page_11, Data1_10_10859_index.pdf:page_6, Data1_10_10859_index.pdf:page_7, Data1_10_10859_index.pdf:page_8, Data1_11_11293_index.pdf:page_1, Data1_11_11295_index.pdf:page_10, Data1_11_11835_index.pdf:page_23, Data1_11_11835_index.pdf:page_24, Data1_11_11835_index.pdf:page_26, Data1_1_1879_index.pdf:page_10"
Какой метод следует использовать для измерения крена зданий и сооружений сложной геометрической формы в СНиП 3.01.03-84?,"В СНиП 3.01.03-84 (раздел 9.24) для измерения крена зданий и сооружений следует применять методы проецирования, координирования, измерения углов или направлений, фотограмметрии, механические способы с применением кренометров, прямых и обратных отвесов, а также их комбинирование.","Data1_11_11285_index.pdf:page_18, Data1_11_11285_index.pdf:page_20, Data1_11_11285_index.pdf:page_35, Data1_11_11285_index.pdf:page_4, Data1_11_11285_index.pdf:page_45, Data1_11_11285_index.pdf:page_46, Data1_11_11285_index.pdf:page_49, Data1_11_11285_index.pdf:page_54, Data1_11_11285_index.pdf:page_75, Data1_11_11295_index.pdf:page_47"
Какие операции включаются в управление остатками средств на едином счете бюджета территориального внебюджетного фонда?,"В приведённом фрагменте прямо перечислены **операции по управлению остатками средств на едином счете бюджета** (для “единого счета бюджета” в целом, а не отдельно для территориального внебюджетного фонда), включая:

- **привлечение на единый счет бюджета временно свободных средств** и **возврат/размещение** привлеченных (управление остатками);
- **другие операции по управлению остатками средств на едином счете бюджета**, осуществляемые в порядке, установленном Правительством РФ.

Конкретного перечня именно “управления остатками средств на едином счете бюджета территориального внебюджетного фонда” в предоставленном тексте **нет** (упоминается лишь, что остатки могут привлекаться, но операций именно для этого случая текст не раскрывает).","Бюджетный кодекс Российской Федерации.pdf:page_130, Бюджетный кодекс Российской Федерации.pdf:page_255, Бюджетный кодекс Российской Федерации.pdf:page_268, Бюджетный кодекс Российской Федерации.pdf:page_311, Бюджетный кодекс Российской Федерации.pdf:page_321, Бюджетный кодекс Российской Федерации.pdf:page_330, Бюджетный кодекс Российской Федерации.pdf:page_331, Бюджетный кодекс Российской Федерации.pdf:page_363, Бюджетный кодекс Российской Федерации.pdf:page_381, Бюджетный кодекс Российской Федерации.pdf:page_8"
Что включается в состав обосновывающих материалов к сводному расчету затрат российских организаций в смешанных ценах?,"В тексте указано, что **в состав обосновывающих материалов к сводному расчету затрат российских организаций в смешанных ценах включаются**:

- **копии сводных смет в смешанных ценах** и **сводных сметных расчетов во внутренних (базисных) ценах Российской Федерации** по **объекту-аналогу**;
- **расчеты поправок**;
- **другие расчеты**.","Data1_2_2069_index.pdf:page_10, Data1_2_2069_index.pdf:page_12, Data1_2_2069_index.pdf:page_13, Data1_2_2069_index.pdf:page_2, Data1_2_2069_index.pdf:page_7, Data1_2_2069_index.pdf:page_9, Data1_2_2082_index.pdf:page_13, Data1_2_2082_index.pdf:page_15, Data1_2_2082_index.pdf:page_16, Data1_2_2082_index.pdf:page_2"
Какое определение выносит суд о замене ненадлежащего административного ответчика?,"В тексте указано, что:

**о замене ненадлежащего административного ответчика надлежащим суд выносит определение.**  
(соответствующий фрагмент: «О замене ненадлежащего административного ответчика надлежащим … суд выносит определение.»)","Арбитражный процессуальный кодекс Российской Федерации.pdf:page_22, Гражданский процессуальный кодекс Российской Федерации.pdf:page_18, Кодекс административного судопроизводства Российской Федерации.pdf:page_119, Кодекс административного судопроизводства Российской Федерации.pdf:page_123, Кодекс административного судопроизводства Российской Федерации.pdf:page_146, Кодекс административного судопроизводства Российской Федерации.pdf:page_198, Кодекс административного судопроизводства Российской Федерации.pdf:page_26, Кодекс административного судопроизводства Российской Федерации.pdf:page_28, Кодекс административного судопроизводства Российской Федерации.pdf:page_52, Кодекс административного судопроизводства Российской Федерации.pdf:page_67"
"Что происходит, если представляемый одобряет сделку, заключенную неуполномоченным лицом?","В тексте есть следующий ответ.

Если представляемый **одобряет** сделку, совершенную неуполномоченным лицом, то:

- **последующее одобрение сделки** создает, изменяет и прекращает для представляемого **гражданские права и обязанности по этой сделке** **с момента ее совершения** (п. 2).

Также указано, что если представляемый **отказывается** одобрить сделку или не дает ответа в **разумный срок**, то другая сторона вправе требовать исполнения от неуполномоченного лица либо отказаться от сделки и потребовать **возмещения убытков** (п. 3).","Гражданский кодекс Российской Федерации.pdf:page_111, Гражданский кодекс Российской Федерации.pdf:page_117, Гражданский кодекс Российской Федерации.pdf:page_118, Гражданский кодекс Российской Федерации.pdf:page_120, Гражданский кодекс Российской Федерации.pdf:page_163, Гражданский кодекс Российской Федерации.pdf:page_399, Гражданский кодекс Российской Федерации.pdf:page_400, Гражданский кодекс Российской Федерации.pdf:page_401, Гражданский кодекс Российской Федерации.pdf:page_407, Гражданский кодекс Российской Федерации.pdf:page_486"
Как устанавливаются порядок и формы внесения авансовых платежей?,"В предоставленном фрагменте **нет информации**, как устанавливаются **по��ядок и формы внесения авансовых платежей**.  

Есть только общий фрагмент о том, что денежные средства, внесенные как авансовые платежи, **являются имуществом лица** и не считаются таможенными платежами до момента распоряжения/обращения взыскания, но **про формы и порядок внесения** там не указано.","Налоговый кодекс Российской Федерации.pdf:page_1116, Налоговый кодекс Российской Федерации.pdf:page_1119, Налоговый кодекс Российской Федерации.pdf:page_1130, Налоговый кодекс Российской Федерации.pdf:page_144, Налоговый кодекс Российской Федерации.pdf:page_1558, Налоговый кодекс Российской Федерации.pdf:page_1562, Налоговый кодекс Российской Федерации.pdf:page_192, Налоговый кодекс Российской Федерации.pdf:page_884, Таможенный кодекс Евразийского экономического союза.pdf:page_48, Таможенный кодекс Евразийского экономического союза.pdf:page_49"
"Что происходит с правом применения тарифов страховых взносов, если организация не выполняет условия, установленные пунктом 12?","В тексте указано:  

**Если по итогам расчетного (отчетного) периода организация не выполняет условия, установленные пунктом 12, такая организация лишается права применять пониженные тарифы страховых взносов с начала расчетного периода, в котором допущено несоответствие условиям.**","Гражданский кодекс Российской Федерации.pdf:page_393, Налоговый кодекс Российской Федерации.pdf:page_1640, Налоговый кодекс Российской Федерации.pdf:page_1641, Налоговый кодекс Российской Федерации.pdf:page_1642, Налоговый кодекс Российской Федерации.pdf:page_1646, Налоговый кодекс Российской Федерации.pdf:page_1647, Налоговый кодекс Российской Федерации.pdf:page_1649, Налоговый кодекс Российской Федерации.pdf:page_1655, Налоговый кодекс Российской Федерации.pdf:page_25, Уголовный кодекс Российской Федерации.pdf:page_128"
"Какие административные правонарушения рассматривает федеральный орган исполнительной власти, осуществляющий федеральный государственный карантинный фитосанитарный надзор, государственный надзор в области безопасного обращения с пестицидами и агрохимикатами и государственный земельный надзор (в отношении использования и охраны земель сельскохозяйственного назначения)?","В предоставленном фрагменте текста есть только начало статьи 23.15:

- указано, что **федеральный орган исполнительной власти** осуществляет **федеральный государственный карантинный фитосанитарный надзор**, **государственный надзор в области безопасного обращения с пестицидами и агрохимикатами** и **государственный земельный надзор** (в отношении использования и охраны земель сельскохозяйственного назначения);
- после этого фрагмент обрывается на слове **«рассматрив…»**.

Перечня конкретных административных правонарушений (статей КоАП РФ), которые этот орган рассматривает, в приведённом тексте **нет**.

**Ответ: нет в документах**.","Административный кодекс Российской Федерации.pdf:page_153, Административный кодекс Российской Федерации.pdf:page_469, Административный кодекс Российской Федерации.pdf:page_470, Административный кодекс Российской Федерации.pdf:page_477, Административный кодекс Российской Федерации.pdf:page_479, Административный кодекс Российской Федерации.pdf:page_490, Административный кодекс Российской Федерации.pdf:page_491, Административный кодекс Российской Федерации.pdf:page_500, Административный кодекс Российской Федерации.pdf:page_505, Административный кодекс Российской Федерации.pdf:page_552"
Какой телефон доступен для бесплатной юридической консультации в регионах России?,Для бесплатной юридической консультации в регионах России указан телефон: **8 (800) 301-92-12**.,"Административный кодекс Российской Федерации.pdf:page_585, Административный кодекс Российской Федерации.pdf:page_613, Бюджетный кодекс Российской Федерации.pdf:page_373, Бюджетный кодекс Российской Федерации.pdf:page_76, Гражданский кодекс Российской Федерации.pdf:page_26, Гражданский кодекс Российской Федерации.pdf:page_662, Кодекс административного судопроизводства Российской Федерации.pdf:page_3, Налоговый кодекс Российской Федерации.pdf:page_1345, Налоговый кодекс Российской Федерации.pdf:page_1347, Уголовный кодекс Российской Федерации.pdf:page_276"
Какие сведения должен содержать опросник согласно ГОСТ МДС 80-5.2000?,"В приведённом тексте есть фрагменты, описывающие **состав опросника** (разделы 1.9–2.9), которые относятся к документам для предварительной квалификации претендентов по торгам по ГОСТ МДС 80-5.2000.

Опросник должен содержать сведения о претенденте, в частности:

- **Полное наименование организации (претендента) и его реквизиты**: адрес, телефон, телефакс, телекс. (2.1)  
- **Профилирующее направление деятельности.** (2.2)  
- **Заверенные копии регистрационных и уставных документов.** (2.3)  
- **Прежнее название организации**, если оно менялось, и **когда**. (2.4)  
- **Лицензии на деятельность**, являющуюся предметом торгов. (2.5)  
- **Структура организации (фирмы)**: наличие филиалов, дочерних предприятий. (2.6)  
- Указания по заполнению формы для консорциумов (кто заполняет и какие суммарные показатели указываются). (2.7)  
- **Сведения о субподрядчиках**, с которыми претендент сотрудничает или собирается сотрудничать. (2.8)  
- **Опыт и стаж работы претендента**, вид деятельности в области, определяемой предметом торгов (далее текст обрывается). (2.9)  

Если нужен полный перечень “всех пунктов” опросника, в предоставленном фрагменте он **не раскрыт полностью** (после 2.9 текст обрывается).","Data1_10_10859_index.pdf:page_8, Data1_10_10862_index.pdf:page_8, Data1_10_10865_index.pdf:page_21, Data1_10_10865_index.pdf:page_32, Data1_10_10865_index.pdf:page_35, Data1_10_10867_index.pdf:page_2, Data1_10_10867_index.pdf:page_4, Data1_10_10867_index.pdf:page_7, Data1_11_11295_index.pdf:page_25, Data1_1_1879_index.pdf:page_14"
Кто утверждает форму заявления о включении в перечень организаций розничной торговли?,"Форма заявления о включении в перечень организаций розничной торговли утверждается **федеральным органом исполнительной власти, осуществляющим функции по выработке государственной политики и нормативно-правовому регулированию в области развития внешней и внутренней торговли**.","Налоговый кодекс Российской Федерации.pdf:page_452, Налоговый кодекс Российской Федерации.pdf:page_499, Налоговый кодекс Российской Федерации.pdf:page_500, Налоговый кодекс Российской Федерации.pdf:page_547, Налоговый кодекс Российской Федерации.pdf:page_548, Налоговый кодекс Российской Федерации.pdf:page_560, Налоговый кодекс Российской Федерации.pdf:page_625, Таможенный кодекс Евразийского экономического союза.pdf:page_434, Таможенный кодекс Евразийского экономического союза.pdf:page_444, Таможенный кодекс Евразийского экономического союза.pdf:page_472"
Какой порядок уведомления лица о проведении проверки таможенных документов и сведений после выпуска товаров?,"В приведённых фрагментах **нет конкретного порядка уведомления лица о проведении проверки таможенных документов и сведений после выпуска товаров**.

Есть только общее указание, что:
- «**Законодательством государств-членов о таможенном регулировании могут устанавливаться случаи проведения** … начатой после выпуска товаров **и порядок уведомления лица** о проведении такой формы таможенного контроля» (фрагмент, соответствующий пункту 5 статьи, где говорится о проверке таможенных документов и сведений).

**Ответ:** порядок уведомления **в тексте отсутствует**; он устанавливается законодательством государств‑членов.","Административный кодекс Российской Федерации.pdf:page_359, Таможенный кодекс Евразийского экономического союза.pdf:page_126, Таможенный кодекс Евразийского экономического союза.pdf:page_130, Таможенный кодекс Евразийского экономического союза.pdf:page_135, Таможенный кодекс Евразийского экономического союза.pdf:page_395, Таможенный кодекс Евразийского экономического союза.pdf:page_396, Таможенный кодекс Евразийского экономического союза.pdf:page_399, Таможенный кодекс Евразийского экономического союза.pdf:page_406, Таможенный кодекс Евразийского экономического союза.pdf:page_85, Таможенный кодекс Евразийского экономического союза.pdf:page_91"
"Какая стоимость содержания рабочих, занятых на выполнении строительно-монтажных работ, включая механизаторов, указана в смете № 4.1 согласно ГОСТ МДС 81-21.2000?","В тексте указано лишь наименование раздела:

- **4.1. Смета № …** «**Стоимость содержания рабочих, занятых на выполнении строительно-монтажных работ, включая механизаторов**»

При этом **числовое значение (сметная стоимость) в строке 4.1 не приведено**.

**Ответ:** нет в документах.","Data1_10_10754_index.pdf:page_21, Data1_10_10754_index.pdf:page_3, Data1_2_2069_index.pdf:page_16, Data1_2_2076_index.pdf:page_14, Data1_2_2079_index.pdf:page_18, Data1_2_2080_index.pdf:page_11, Data1_2_2080_index.pdf:page_15, Data1_2_2080_index.pdf:page_24, Data1_2_2081_index.pdf:page_8, Data1_2_2117_index.pdf:page_10"
В какие сроки должны быть устранены нарушения и сообщено об этом в суд?,"В тексте указано, что должностное лицо органа государственного земельного надзора **выдает контролируемому лицу предписание об устранении выявленных нарушений** с **указанием срока их устранения** (и, следовательно, нарушения должны быть устранены **в установленный в предписании срок**).

Срока “сообщить об этом в суд” в предоставленных документах **нет**.","Административный кодекс Российской Федерации.pdf:page_575, Административный кодекс Российской Федерации.pdf:page_596, Арбитражный процессуальный кодекс Российской Федерации.pdf:page_102, Арбитражный процессуальный кодекс Российской Федерации.pdf:page_103, Гражданский кодекс Российской Федерации.pdf:page_123, Гражданский кодекс Российской Федерации.pdf:page_304, Земельный кодекс Российской Федерации.pdf:page_166, Кодекс административного судопроизводства Российской Федерации.pdf:page_117, Кодекс административного судопроизводства Российской Федерации.pdf:page_118, Уголовно-исполнительный кодекс Российской Федерации.pdf:page_16"
"В каких случаях трудовой договор прекращается, если невозможно перевести работника с его письменного согласия на другую имеющуюся у работодателя работу?","Трудовой договор прекращается в случаях, предусмотренных **пунктами 2, 8, 9, 10 или 13 части первой статьи 77 ТК РФ**, **если невозможно перевести работника с его письменного согласия на другую имеющуюся у работодателя работу** (включая вакантную должность/работу, соответствующую квалификации, либо вакантную нижестоящую должность или нижеоплачиваемую работу, которую работник может выполнять по состоянию здоровья).","Трудовой кодекс Российской Федерации.pdf:page_186, Трудовой кодекс Российской Федерации.pdf:page_50, Трудовой кодекс Российской Федерации.pdf:page_51, Трудовой кодекс Российской Федерации.pdf:page_52, Трудовой кодекс Российской Федерации.pdf:page_54, Трудовой кодекс Российской Федерации.pdf:page_55, Трудовой кодекс Российской Федерации.pdf:page_58, Трудовой кодекс Российской Федерации.pdf:page_59, Трудовой кодекс Российской Федерации.pdf:page_60, Трудовой кодекс Российской Федерации.pdf:page_61"
Кто должен направлять информацию о региональных и местных налогах в территориальные органы федерального органа исполнительной власти?,"Органы государственной власти субъектов Российской Федерации, органы местного самоуправления, органы публичной власти федеральной территории «Сириус» направляют информацию и копии законов/актов об установлении, изменении и прекращении действия региональных и местных налогов в территориальные органы федерального органа исполнительной власти, уполномоченного по контролю и надзору в области налогов и сборов.","Административный кодекс Российской Федерации.pdf:page_463, Бюджетный кодекс Российской Федерации.pdf:page_245, Налоговый кодекс Российской Федерации.pdf:page_1589, Налоговый кодекс Российской Федерации.pdf:page_1619, Налоговый кодекс Российской Федерации.pdf:page_220, Налоговый кодекс Российской Федерации.pdf:page_23, Налоговый кодекс Российской Федерации.pdf:page_29, Налоговый кодекс Российской Федерации.pdf:page_384, Налоговый кодекс Российской Федерации.pdf:page_96, Налоговый кодекс Российской Федерации.pdf:page_97"
Какие требования к неравномерности естественного освещения приведены в ГОСТ МДС 31-8.2002?,"В предоставленном фрагменте **ГОСТ/МДС 31-8.2002** (у вас он приведён как *«Рекомендации по проектированию и устройству фонарей для естественного освещения помещений зданий» МДС 31-8.2002*) **нет формулировок о требованиях к неравномерности естественного освещения**.

Появляется лишь общий блок про естественное освещение и приведённые расчётные/нормативные параметры (например, КЕО, остекление и т.п.), но **именно требование по “неравномерности”** в тексте фрагмента **не обнаружено**.

**Ответ: нет в документах**.","Data1_10_10846_index.pdf:page_1, Data1_10_10846_index.pdf:page_12, Data1_10_10846_index.pdf:page_16, Data1_10_10846_index.pdf:page_21, Data1_10_10846_index.pdf:page_39, Data1_10_10846_index.pdf:page_40, Data1_10_10846_index.pdf:page_5, Data1_10_10861_index.pdf:page_34, Data1_10_10865_index.pdf:page_20, Data1_2_2096_index.pdf:page_4"
Какое Положение о применении финансовых санкций Государственной жилищной инспекцией содержится в МДС 17-13.2000?,"В предоставленном фрагменте текста содержится информация о **«РАЗМЕРЫ ФИНАНСОВЫХ САНКЦИЙ за выявление нарушений при использовании и содержании жилищного фонда и придомовых территорий и нарушений сроков выполнения работ в соответствии с требованиями предписаний»**, с таблицей коэффициентов и указанием, что эти размеры **являются рекомендательными**.

Однако в данном фрагменте **нет сведений о том, какое именно “Положение о применении финансовых санкций Государственной жилищной инспекцией” указано в МДС 17-13.2000** (нет названия положения, его реквизитов/заголовка именно как “Положение…” и т.п.).

**Частичный ответ:** упоминаются размеры финансовых санкций за выявленные нарушения и за каждый день невыполнения предписаний.  
**Полный ответ:** нет в документах.","Data1_10_10861_index.pdf:page_1, Data1_10_10861_index.pdf:page_3, Data1_10_10861_index.pdf:page_38, Data1_10_10862_index.pdf:page_1, Data1_10_10863_index.pdf:page_1, Data1_10_10871_index.pdf:page_1, Data1_1_1904_index.pdf:page_1, Data1_2_2070_index.pdf:page_1, Административный кодекс Российской Федерации.pdf:page_216, Административный кодекс Российской Федерации.pdf:page_217"
Какие объекты не могут быть построены в границах зон затопления и подтопления?,"В границах зон затопления и подтопления запрещаются:

1) **Строительство объектов капитального строительства**, которые **не обеспечены сооружениями и (или) методами инженерной защиты территорий и объектов от негативного воздействия вод**.  
2) **Использование сточных вод в целях повышения почвенного плодородия**.  
3) **Размещение кладбищ, скотомогильников**, объектов размещения отходов производства и потребления, **химических, взрывчатых, токсичных, отравляющих веществ**, **пунктов хранения и захоронения радиоактивных отходов**.  
4) **Осуществление авиационных мер по борьбе с вредными организмами**.","Водный кодекс Российской Федерации.pdf:page_28, Водный кодекс Российской Федерации.pdf:page_35, Водный кодекс Российской Федерации.pdf:page_41, Градостроительный кодекс Российской Федерации.pdf:page_0, Градостроительный кодекс Российской Федерации.pdf:page_1, Градостроительный кодекс Российской Федерации.pdf:page_258, Земельный кодекс Российской Федерации.pdf:page_187, Земельный кодекс Российской Федерации.pdf:page_188, Лесной кодекс Российской Федерации.pdf:page_8, Лесной кодекс Российской Федерации.pdf:page_99"
Что такое транспортное средство и какие виды транспортных средств существуют?,"В предоставленном фрагменте **нет определения термина “транспортное средство”** в общем виде.

Частично встречаются **виды/категории транспортных средств** по контексту таможенного регулирования:
- **временно ввезенные транспортные средства международной перевозки** (в тексте также говорится про их “временное нахождение и использование”);
- **временно вывозимые транспортные средства международной перевозки**;
- **транспортные средства для личного пользования**;
- упоминаются также **временно ввезенные железнодорожные транспортные средства** и **контейнеры** (в связи с передачей перевозчику/получателю).

Ответ “нет в документах” по определению “транспортное средство” (как понятие в целом) — **нет**.","Административный кодекс Российской Федерации.pdf:page_535, ПДД Российской Федерации.pdf:page_1, ПДД Российской Федерации.pdf:page_4, Таможенный кодекс Евразийского экономического союза.pdf:page_309, Таможенный кодекс Евразийского экономического союза.pdf:page_310, Таможенный кодекс Евразийского экономического союза.pdf:page_331, Таможенный кодекс Евразийского экономического союза.pdf:page_337, Таможенный кодекс Евразийского экономического союза.pdf:page_338, Таможенный кодекс Евразийского экономического союза.pdf:page_342, Таможенный кодекс Евразийского экономического союза.pdf:page_5"
Какие особенности содержания дирекции при сооружении объектов за счет государственных централизованных капитальных вложений? (ГОСТ не указан),"В тексте указано:

**7.3.** *«Средства на содержание дирекции при сооружении объектов за счет государственных централизованных капитальных вложений предусматриваются в сводном сметном расчете стоимости строительства на весь период строительства в соответствии с нормами его продолжительности и могут расходоваться в этих пределах.»*

Также там же указано, что при превышении нормативных сроков:

*«В случае превышения нормативных сроков строительства вопрос о численности персонала и средствах на его содержание должен решаться организацией, образовавшей дирекцию.»*","Data1_1_1804_index.pdf:page_10, Data1_1_1804_index.pdf:page_3, Data1_1_1804_index.pdf:page_6, Data1_1_1804_index.pdf:page_9, Data1_1_1879_index.pdf:page_9, Бюджетный кодекс Российской Федерации.pdf:page_105, Бюджетный кодекс Российской Федерации.pdf:page_106, Градостроительный кодекс Российской Федерации.pdf:page_118, Градостроительный кодекс Российской Федерации.pdf:page_18, Градостроительный кодекс Российской Федерации.pdf:page_29"
Какие исключения существуют для применения ГЭСН?,"В предоставленном фрагменте **нет сведений** о том, какие именно **исключения** существуют для применения ГЭСН.

Ближайшая по смыслу часть, которую можно извлечь из текста: указано, что ГЭСН разработаны в соответствии с методическими указаниями и являются составной частью системы ценообразования и сметного нормирования, но **условия неприменения/исключения** (когда ГЭСН не применяются) в приведенном фрагменте **не раскрыты**.","Data1_10_10062_index.pdf:page_2, Data1_10_10848_index.pdf:page_11, Data1_10_10864_index.pdf:page_12, Data1_10_10864_index.pdf:page_14, Data1_10_10864_index.pdf:page_19, Data1_10_10864_index.pdf:page_33, Data1_10_10864_index.pdf:page_4, Data1_2_2073_index.pdf:page_6, Data1_2_2082_index.pdf:page_3, Градостроительный кодекс Российской Федерации.pdf:page_126"
"Какие условные однотипные обозначения и краски должны применяться для изображения элементов, повторяющихся на различных чертежах, согласно ГОСТ МДС 11-7.2000?","В предоставленном фрагменте указано только следующее требование (без перечисления самих «условных однотипных обозначений» и конкретных цветов/красок):

- **Для изображения элементов, повторяющихся на различных чертежах, применяются условные однотипные обозначения и краски, как правило, прозрачные** (чтобы **не закрывать топографо-геодезическую подоснову**).

Других конкретных указаний о том, **какие именно** условные обозначения и **какие именно** краски (их перечень/коды) должны применяться, в тексте **нет**.","Data1_10_10846_index.pdf:page_3, Data1_10_10849_index.pdf:page_2, Data1_10_10849_index.pdf:page_4, Data1_10_10859_index.pdf:page_8, Data1_10_10865_index.pdf:page_30, Data1_11_11285_index.pdf:page_37, Data1_1_1904_index.pdf:page_19, Data1_1_1904_index.pdf:page_27, Data1_2_2081_index.pdf:page_11, ПДД Российской Федерации.pdf:page_38"
Какие сроки давности привлечения к административной ответственности предусмотрены за нарушение законодательства о государственном регулировании деятельности по организации и проведению азартных игр?,"В предоставленных фрагментах указано, что:

- **истечение сроков давности** по отдельным видам административных правонарушений — в том числе **за нарушение законодательства о государственном регулировании деятельности по организации и проведению азартных игр (в части административных правонарушений, предусмотренных ст. 14.1.1 КоАП РФ)** — составляет **по истечении одного года со дня совершения административного правонарушения**.

Иных сроков давности именно для нарушения законодательства об организации и проведении азартных игр в присланном тексте **нет**.","Административный кодекс Российской Федерации.pdf:page_21, Административный кодекс Российской Федерации.pdf:page_22, Административный кодекс Российской Федерации.pdf:page_240, Административный кодекс Российской Федерации.pdf:page_30, Административный кодекс Российской Федерации.pdf:page_301, Административный кодекс Российской Федерации.pdf:page_328, Административный кодекс Российской Федерации.pdf:page_570, Административный кодекс Российской Федерации.pdf:page_575, Налоговый кодекс Российской Федерации.pdf:page_353, Уголовный кодекс Российской Федерации.pdf:page_99"
Как формируется перечень внутренних водных путей?,нет в документах,"Водный кодекс Российской Федерации.pdf:page_0, Водный кодекс Российской Федерации.pdf:page_1, Водный кодекс Российской Федерации.pdf:page_26, Водный кодекс Российской Федерации.pdf:page_3, Земельный кодекс Российской Федерации.pdf:page_177, Кодекс внутреннего водного транспорта Российской Федерации.pdf:page_1, Кодекс внутреннего водного транспорта Российской Федерации.pdf:page_30, Кодекс внутреннего водного транспорта Российской Федерации.pdf:page_5, Кодекс внутреннего водного транспорта Российской Федерации.pdf:page_50, Таможенный кодекс Евразийского экономического союза.pdf:page_420"
Какие объекты органов государственной власти и управления исключаются из графиков временного отключения электрической энергии согласно ГОСТ МДС 13-19.2001?,"Согласно **приложению** к ГОСТ/МДС **13-19.2001**, из графиков временного отключения электрической энергии **не включаются** (в том числе) **объекты органов государственной власти и управления**.","Data1_10_10852_index.pdf:page_27, Data1_10_10853_index.pdf:page_1, Data1_10_10853_index.pdf:page_3, Data1_10_10853_index.pdf:page_4, Data1_10_10861_index.pdf:page_34, Data1_10_10871_index.pdf:page_13, Административный кодекс Российской Федерации.pdf:page_149, Административный кодекс Российской Федерации.pdf:page_557, ПДД Российской Федерации.pdf:page_62, Уголовный кодекс Российской Федерации.pdf:page_158"
Что входит в правовое регулирование трудовых отношений по подготовке и дополнительному профессиональному образованию работников?,"В приведённом фрагменте ТК РФ говорится, что **задачами трудового законодательства** является, в том числе, **правовое регулирование трудовых отношений и иных непосредственно связанных с ними отношений по**:

- **подготовке и дополнительному профессиональному образованию работников непосредственно у данного работодателя**.

Также в фрагменте есть **ст. 196 ТК РФ**, где указано, что **необходимость подготовки и дополнительного профессионального образования, а также направления работников на прохождение независимой оценки квалификации для собственных нужд определяет работодатель**.","Трудовой кодекс Российской Федерации.pdf:page_0, Трудовой кодекс Российской Федерации.pdf:page_1, Трудовой кодекс Российской Федерации.pdf:page_111, Трудовой кодекс Российской Федерации.pdf:page_112, Трудовой кодекс Российской Федерации.pdf:page_113, Трудовой кодекс Российской Федерации.pdf:page_126, Трудовой кодекс Российской Федерации.pdf:page_13, Трудовой кодекс Российской Федерации.pdf:page_152, Трудовой кодекс Российской Федерации.pdf:page_162, Трудовой кодекс Российской Федерации.pdf:page_39"
Какие работы следует провести для влажной уборки помещения чердака согласно ГОСТ МДС 13-18.2000?,"Согласно тексту ГОСТ МДС 13-18.2000, для **влажной уборки помещения чердака** (в зданиях с теплым чердаком) следует:

- **осуществить влажную уборку помещения чердака**;
- **очистить сетки на выпуске воздуха из вентиляционных оголовков**;
- при необходимости **отремонтировать оголовки** и **заменить разрушенные стенки щитами из древесностружечных плит** с **герметизацией их соединений**.","Data1_10_10846_index.pdf:page_20, Data1_10_10852_index.pdf:page_13, Data1_10_10852_index.pdf:page_15, Data1_10_10852_index.pdf:page_19, Data1_10_10852_index.pdf:page_24, Data1_10_10852_index.pdf:page_25, Data1_10_10861_index.pdf:page_11, Data1_10_10861_index.pdf:page_41, Data1_10_10861_index.pdf:page_5, Data1_1_1879_index.pdf:page_19"
"Что означает возможность таможенного декларирования товаров, незаконно перемещенных через таможенную границу Союза?","В приведённом фрагменте сказано, что:

**законодательством государств‑членов может быть установлена возможность таможенного декларирования, совершения иных таможенных операций и уплаты таможенных пошлин и налогов (а также специальных/антидемпинговых/компенсационных пошлин) в отношении товаров**, которые:

- **незаконно перемещены через таможенную границу Союза**, **либо** выпуск которых **не произведён** таможенными органами по правилам Кодекса;
- это повлекло **неуплату** таможенных пошлин/налогов или **несоблюдение** запретов и ограничений, мер защиты внутреннего рынка;
- и при этом **обнаружены** таможенными органами **у лиц, приобретших эти товары на таможенной территории Союза**.

То есть “возможность таможенного декларирования” означает, что государство‑член может предусмотреть механизм, при котором такие товары можно оформить через таможенные процедуры (включая подачу декларации) и уплатить причитающиеся платежи/пошлины, несмотря на то, что изначально перемещение было незаконным.","Таможенный кодекс Евразийского экономического союза.pdf:page_0, Таможенный кодекс Евразийского экономического союза.pdf:page_10, Таможенный кодекс Евразийского экономического союза.pdf:page_113, Таможенный кодекс Евразийского экономического союза.pdf:page_279, Таможенный кодекс Евразийского экономического союза.pdf:page_297, Таможенный кодекс Евразийского экономического союза.pdf:page_299, Таможенный кодекс Евразийского экономического союза.pdf:page_57, Таможенный кодекс Евразийского экономического союза.pdf:page_87, Таможенный кодекс Евразийского экономического союза.pdf:page_89, Таможенный кодекс Евразийского экономического союза.pdf:page_90"
Какие услуги включены в пункт 4 перечня продукции и услуг проектного института согласно ГОСТ МДС 11-11.2000?,"В предоставленном фрагменте текста пункт 4 перечня продукции и услуг проектного института **не приведён**, поэтому определить, какие именно услуги включены в **пункт 4** по **ГОСТ МДС 11-11.2000**, **нельзя**.

Ответ: **нет в документах**","Data1_10_10848_index.pdf:page_10, Data1_10_10858_index.pdf:page_13, Data1_10_10858_index.pdf:page_25, Data1_10_10858_index.pdf:page_26, Data1_10_10858_index.pdf:page_9, Data1_10_10859_index.pdf:page_6, Data1_10_10859_index.pdf:page_8, Data1_10_10865_index.pdf:page_32, Data1_10_10872_index.pdf:page_10, Data1_10_10872_index.pdf:page_11"
"Какие действия должен предпринять специалист, если ему известно, что коллега недостаточно профессионально образован, ответственен и не имеет достаточных навыков и практического опыта для выполнения соответствующих функций, работ или услуг согласно ГОСТ?","В тексте указано следующее (раздел 3.12):

**Специалист должен отказаться** в ходатайстве или выдаче положительной характеристики **заинтересованному лицу — коллеге**, если он известен специалисту как **недостаточно профессионально образованный, ответственный, не имеющий достаточных навыков и практического опыта** для выполнения соответствующих функций, работ или услуг.","Data1_10_10851_index.pdf:page_1, Data1_10_10851_index.pdf:page_3, Data1_10_10851_index.pdf:page_4, Data1_10_10851_index.pdf:page_5, Data1_10_10851_index.pdf:page_6, Data1_10_10851_index.pdf:page_7, Data1_10_10858_index.pdf:page_7, Административный кодекс Российской Федерации.pdf:page_515, Трудовой кодекс Российской Федерации.pdf:page_110, Уголовно-процессуальный кодекс Российской Федерации.pdf:page_49"
Что допускается без согласия автора или иного правообладателя и без выплаты вознаграждения в целях создания пародий и карикатур?,"В приведённых фрагментах **нет информации** о том, что допускается без согласия автора (или иного правообладателя) и без выплаты вознаграждения **в целях создания пародий и карикатур**.","Гражданский кодекс Российской Федерации.pdf:page_524, Гражданский кодекс Российской Федерации.pdf:page_527, Гражданский кодекс Российской Федерации.pdf:page_528, Гражданский кодекс Российской Федерации.pdf:page_530, Гражданский кодекс Российской Федерации.pdf:page_531, Гражданский кодекс Российской Федерации.pdf:page_532, Гражданский кодекс Российской Федерации.pdf:page_537, Гражданский кодекс Российской Федерации.pdf:page_541, Гражданский кодекс Российской Федерации.pdf:page_544, Гражданский кодекс Российской Федерации.pdf:page_558"
Какие материалы используются для гидроизоляции полов рубероидом согласно СНиП?,"В приведённом тексте **указано**, что при выполнении работ по полу применяется **гидроизоляция полов рубероидом**:

- **Код работ 23012:** «**Гидроизоляция полов рубероидом**, 100 м²»

Других сведений о том, **какой именно рубероид** требуется (марка, тип, ГОСТ и т.п.) в предоставленных документах **нет**.","Data1_10_10846_index.pdf:page_10, Data1_10_10846_index.pdf:page_8, Data1_10_10865_index.pdf:page_16, Data1_11_11295_index.pdf:page_25, Data1_11_11295_index.pdf:page_5, Data1_2_2076_index.pdf:page_9, Data1_2_2079_index.pdf:page_14, Data1_2_2081_index.pdf:page_10, Data1_2_2081_index.pdf:page_11, Data1_2_2081_index.pdf:page_15"
Какой вид исправительного учреждения и режим должны быть определены подсудимому при назначении ему наказания в виде лишения свободы?,"В предоставленных фрагментах есть лишь общее указание, что при назначении лишения свободы суд должен определить **вид исправительного учреждения и режим** (см. перечисление условий при постановлении приговора), но **конкретные виды учреждения/режимы не приведены**.

**Ответ:** нет в документах.","Уголовно-исполнительный кодекс Российской Федерации.pdf:page_16, Уголовно-исполнительный кодекс Российской Федерации.pdf:page_2, Уголовно-исполнительный кодекс Российской Федерации.pdf:page_26, Уголовно-исполнительный кодекс Российской Федерации.pdf:page_41, Уголовно-исполнительный кодекс Российской Федерации.pdf:page_48, Уголовно-исполнительный кодекс Российской Федерации.pdf:page_58, Уголовно-исполнительный кодекс Российской Федерации.pdf:page_61, Уголовно-процессуальный кодекс Российской Федерации.pdf:page_192, Уголовно-процессуальный кодекс Российской Федерации.pdf:page_197, Уголовный кодекс Российской Федерации.pdf:page_12"
"Какие расходы по услугам, оказываемым Торгпредством Российской Федерации в стране пребывания, учитываются в период пребывания за границей?","В представленном фрагменте указано, что в **период пребывания за границей** учитываются расходы по пункту 18: **«Расчет №Расходы по услугам, оказываемым Торгпредством Российской Федерации в стране пребывания»** — отдельной детализации *какие именно услуги* не приведено.

Иных уточнений по составу этих услуг в тексте фрагмента **нет в документах**.","Data1_2_2082_index.pdf:page_22, Data1_2_2082_index.pdf:page_23, Data1_2_2082_index.pdf:page_8, Административный кодекс Российской Федерации.pdf:page_375, Административный кодекс Российской Федерации.pdf:page_377, Налоговый кодекс Российской Федерации.pdf:page_471, Налоговый кодекс Российской Федерации.pdf:page_738, Налоговый кодекс Российской Федерации.pdf:page_800, Налоговый кодекс Российской Федерации.pdf:page_801, Налоговый кодекс Российской Федерации.pdf:page_971"
Какие работы по смене ветхих венцов бревенчатых или брусчатых стен (до 20% общей поверхности стен) описаны в ГОСТ МДС 14-13.2000?,"В тексте ГОСТ МДС 14-13.2000 (раздел о работах по зданиям) описана следующая работа:

- **«Смена ветхих венцов бревенчатых или брусчатых стен (до 20 % общей поверхности стен)»**.","Data1_10_10852_index.pdf:page_15, Data1_10_10852_index.pdf:page_9, Data1_10_10861_index.pdf:page_41, Data1_1_1879_index.pdf:page_18, Data1_1_1879_index.pdf:page_21, Data1_1_1879_index.pdf:page_22, Data1_1_1879_index.pdf:page_26, Data1_1_1879_index.pdf:page_27, Data1_1_1879_index.pdf:page_28, Data1_1_1879_index.pdf:page_30"
Какие действия может дознаватель обжаловать?,"В предоставленном тексте прямо указано, что **можно обжаловать действия (бездействие) и решения дознавателя**. Формулировка встречается в перечислении прав участников процесса:

- **«приносить жалобы на действия (бездействие) и решения … дознавателя …»**  

Также отдельно упоминается, что **обжаловать можно действия (бездействие) и решения … дознавателя … и участвовать в их рассмотрении судом**.","Уголовно-процессуальный кодекс Российской Федерации.pdf:page_158, Уголовно-процессуальный кодекс Российской Федерации.pdf:page_18, Уголовно-процессуальный кодекс Российской Федерации.pdf:page_2, Уголовно-процессуальный кодекс Российской Федерации.pdf:page_27, Уголовно-процессуальный кодекс Российской Федерации.pdf:page_31, Уголовно-процессуальный кодекс Российской Федерации.pdf:page_34, Уголовно-процессуальный кодекс Российской Федерации.pdf:page_4, Уголовно-процессуальный кодекс Российской Федерации.pdf:page_44, Уголовно-процессуальный кодекс Российской Федерации.pdf:page_8, Уголовно-процессуальный кодекс Российской Федерации.pdf:page_88"
На какие территории разрабатывается региональная схема расселения? (ГОСТ МДС 11-7.2000),"Региональная схема расселения разрабатывается на территории:

- экономических и крупных географических районов;
- природно-климатических зон;
- оздоровительных, курортных и рекреационных территорий;
- национально-государственных и административно-территориальных образований;
- а также приграничных регионов.","Data1_10_10849_index.pdf:page_1, Data1_10_10859_index.pdf:page_1, Data1_1_1904_index.pdf:page_1, Data1_1_1904_index.pdf:page_3, Data1_1_1904_index.pdf:page_5, Data1_1_1904_index.pdf:page_6, Data1_1_1904_index.pdf:page_7, Data1_1_1904_index.pdf:page_8, Data1_1_1904_index.pdf:page_9, Земельный кодекс Российской Федерации.pdf:page_14"
Какие расходы на питание работников учитывается при определении объекта налогообложения?,В предоставленных фрагментах **нет информации** о расходах на питание работников (как именно они учитываются при определении объекта налогообложения).,"Data1_2_2116_index.pdf:page_8, Налоговый кодекс Российской Федерации.pdf:page_1005, Налоговый кодекс Российской Федерации.pdf:page_1006, Налоговый кодекс Российской Федерации.pdf:page_101, Налоговый кодекс Российской Федерации.pdf:page_1209, Налоговый кодекс Российской Федерации.pdf:page_1483, Налоговый кодекс Российской Федерации.pdf:page_1500, Налоговый кодекс Российской Федерации.pdf:page_802, Налоговый кодекс Российской Федерации.pdf:page_939, Налоговый кодекс Российской Федерации.pdf:page_943"
Какие виды технического обслуживания и ремонта предусмотрены для железнодорожных кранов?,"Для **железнодорожных кранов грузоподъемностью 15–25 т, 26–30 т и 31–50 т** в тексте предусмотрены следующие виды **технического обслуживания и ремонта**:

- **ТО** (техническое обслуживание)  
- **Т** (ремонт)  
- **К** (капитальный ремонт)

Основано на строках таблицы по разделу **«КРАНЫ ЖЕЛЕЗНОДОРОЖНЫЕ»** (например, для 15–25 т: ТО, Т, К; для 26–30 т: ТО, Т, К; для 31–50 т: ТО, Т, К).","Data1_10_10855_index.pdf:page_5, Data1_10_10855_index.pdf:page_6, Data1_10_10855_index.pdf:page_7, Data1_1_1879_index.pdf:page_19, Data1_1_1879_index.pdf:page_21, Data1_1_1879_index.pdf:page_22, Data1_1_1879_index.pdf:page_25, Data1_1_1879_index.pdf:page_26, Data1_1_1879_index.pdf:page_30, Data1_1_1879_index.pdf:page_31"
"Какая ответственность возлагается на лицо, выпустившее бездокументарную ценную бумагу, и лицо, осуществляющее учет прав на такие ценные бумаги, за убытки, причиненные в результате нарушения порядка учета прав?","В тексте указано, что **лицо, выпустившее бездокументарную ценную бумагу, и лицо, осуществляющее по его поручению учет прав на такие ценные бумаги, несут солидарную ответственность за убытки**, причиненные в результате:

- **нарушения порядка учета прав**;
- **нарушения порядка совершения операций по счетам**;
- **утраты учетных данных**;
- **предоставления недостоверной информации об учетных данных**,

если они **не докажут, что нарушение имело место вследствие непреодолимой силы**.","Административный кодекс Российской Федерации.pdf:page_369, Гражданский кодекс Российской Федерации.pdf:page_101, Гражданский кодекс Российской Федерации.pdf:page_199, Гражданский кодекс Российской Федерации.pdf:page_213, Гражданский кодекс Российской Федерации.pdf:page_93, Гражданский кодекс Российской Федерации.pdf:page_97, Гражданский кодекс Российской Федерации.pdf:page_98, Уголовно-процессуальный кодекс Российской Федерации.pdf:page_87, Уголовный кодекс Российской Федерации.pdf:page_113, Уголовный кодекс Российской Федерации.pdf:page_116"
Какой индекс изменения стоимости СМР был в Кировской области в IV кв. 1992 г. по сравнению с базисным уровнем на 01.01.91 согласно МДС 81-9.2000?,"В предоставленных данных **для Кировской области** приведён индекс изменения стоимости СМР:

- **IV кв. 1992 г.** по сравнению с базисным уровнем на **01.01.91**: **1,99**.  

(строка: «Кировская обл. — 46,6; 92,8; 1,99», где значение **1,99** соответствует **изменению стоимости СМР (гр. 3 к гр. 2)**).","Data1_2_2075_index.pdf:page_12, Data1_2_2075_index.pdf:page_15, Data1_2_2080_index.pdf:page_15, Data1_2_2080_index.pdf:page_19, Data1_2_2080_index.pdf:page_25, Data1_2_2080_index.pdf:page_26, Data1_2_2080_index.pdf:page_27, Data1_2_2080_index.pdf:page_28, Data1_2_2080_index.pdf:page_29, Data1_2_2080_index.pdf:page_30"
Какой разряд зрительной работы установлен для помещений для работы с видеоматериалами согласно ГОСТ МДС 31-8.2002?,"В приведённом тексте **нет указания**, какой разряд зрительной работы установлен для помещений для работы с видеоматериалами **по ГОСТ МДС 31-8.2002**.

В тексте встречаются только общие фрагменты таблиц разрядов зрительных работ (например, V, VI и т.п.), а также перечисления помещений (без привязки к “работе с видеоматериалами” именно по ГОСТ МДС 31-8.2002).

**Ответ: нет в документах.**","Data1_10_10754_index.pdf:page_22, Data1_10_10754_index.pdf:page_25, Data1_10_10754_index.pdf:page_26, Data1_10_10846_index.pdf:page_13, Data1_10_10846_index.pdf:page_14, Data1_10_10846_index.pdf:page_21, Data1_10_10846_index.pdf:page_32, Data1_10_10846_index.pdf:page_40, Data1_10_10846_index.pdf:page_42, Data1_11_11835_index.pdf:page_29"
Какие показатели включены в информацию о канализации согласно ГОСТ МДС 11-7.2000?,"В представленном фрагменте (раздел «в том числе: … Канализация: …») перечислены следующие показатели, которые входят в информацию о **канализации** по ГОСТ МДС 11-7.2000:

- **Общее поступление сточных вод (всего), тыс. м3/сут**
  - в том числе **бытовая канализация, ""-""**
  - в том числе **производственная канализация, ""-""**
- **Производительность канализационных очистных сооружений, ""-""**","Data1_10_10852_index.pdf:page_21, Data1_10_10861_index.pdf:page_33, Data1_10_10865_index.pdf:page_10, Data1_10_10865_index.pdf:page_21, Data1_10_10865_index.pdf:page_32, Data1_10_10865_index.pdf:page_34, Data1_10_10865_index.pdf:page_35, Data1_11_11835_index.pdf:page_36, Data1_1_1904_index.pdf:page_38, Data1_2_2080_index.pdf:page_11"
Как расширяется набор основных и вспомогательных помещений в физкультурно-оздоровительных сооружениях согласно МДС 35-7.2000?,"Согласно фрагменту МДС 35-7.2000, **расширение набора основных и вспомогательных помещений** в физкультурно-оздоровительных сооружениях происходит:

- **за счет наращивания количества залов и (или) ванн бассейна** с соответствующим **дроблением функций** для занятий определенного вида;
- а также **путем включения в комплекс помещений досугового, реабилитационного или иного назначения**.","Data1_10_10847_index.pdf:page_17, Data1_10_10847_index.pdf:page_21, Data1_10_10847_index.pdf:page_22, Data1_10_10847_index.pdf:page_23, Data1_10_10847_index.pdf:page_26, Data1_10_10847_index.pdf:page_32, Data1_10_10847_index.pdf:page_5, Data1_10_10865_index.pdf:page_20, Data1_11_11835_index.pdf:page_22, Data1_11_11835_index.pdf:page_24"
Какие меры принимаются для обеспечения контроля за использованием и сохранностью жилищного фонда?,"В тексте указано, что для обеспечения контроля за использованием и сохранностью жилищного фонда осуществляются следующие меры:

- **Проведение инспекционного контроля технического состояния дома** (обследование технического состояния жилищного фонда, его инженерного оборудования, придомовой территории; контроль за использованием и сохранностью жилищного фонда, придомовых территорий и объектов коммунального назначения).  
- **Соблюдение и выполнение работ по содержанию и ремонту** в соответствии с действующими нормативно-техническими и проектными документами.  
- **Проведение осмотров/обходов** и ведение **журналов технических осмотров** (по заявкам населения, при обходах и осмотрах жилых домов/конструктивных элементов и прилегающей территории).  
- **Оформление предписаний по результатам проверки** с указанием выявленных нарушений и сроков их устранения.  
- **Доведение результатов проверки** до сведения лиц, ответственных за использование, содержание и ремонт жилищного фонда и придомовой территории (а также объектов коммунального назначения независимо от принадлежности и формы собственности).  
- **Финансовые/организационные меры по обеспечению сохранности**: в тексте упоминается, что обеспечивают контроль за использованием и сохранностью жилищного фонда (как обязанность соответствующих участников жилищных отношений).

Если нужно, могу извлечь из фрагмента именно формулировку, где говорится про “обеспечивают контроль за использованием и сохранностью жилищного фонда”.","Data1_10_10861_index.pdf:page_2, Data1_10_10861_index.pdf:page_28, Data1_10_10861_index.pdf:page_3, Жилищный кодекс Российской Федерации.pdf:page_1, Жилищный кодекс Российской Федерации.pdf:page_13, Жилищный кодекс Российской Федерации.pdf:page_16, Жилищный кодекс Российской Федерации.pdf:page_2, Жилищный кодекс Российской Федерации.pdf:page_59, Жилищный кодекс Российской Федерации.pdf:page_7, Жилищный кодекс Российской Федерации.pdf:page_97"
Какие меры поощрения могут применять начальники отрядов?,"В тексте указано, что **начальники отрядов** (в отношении осужденных) имеют право применять следующие **меры поощрения**:

- **благодарность**;
- **разрешение дополнительно расходовать деньги на покупку продуктов питания и предметов первой необходимости**;
- **досрочное снятие взыскания, ранее наложенного начальником отряда**.","Административный кодекс Российской Федерации.pdf:page_384, Уголовно-исполнительный кодекс Российской Федерации.pdf:page_69, Уголовно-исполнительный кодекс Российской Федерации.pdf:page_80, Уголовно-исполнительный кодекс Российской Федерации.pdf:page_82, Уголовно-исполнительный кодекс Российской Федерации.pdf:page_88, Уголовный кодекс Российской Федерации.pdf:page_152, Уголовный кодекс Российской Федерации.pdf:page_253, Уголовный кодекс Российской Федерации.pdf:page_262, Уголовный кодекс Российской Федерации.pdf:page_263, Уголовный кодекс Российской Федерации.pdf:page_264"
"Когда подлежит исполнению обязанность по уплате ввозных таможенных пошлин, налогов при единовременной уплате?","Обязанность по уплате ввозных таможенных пошлин, налогов при **единовременной уплате** подлежит исполнению **до выпуска товаров в соответствии с таможенной процедурой временного ввоза (допуска)**.","Таможенный кодекс Евразийского экономического союза.pdf:page_104, Таможенный кодекс Евразийского экономического союза.pdf:page_110, Таможенный кодекс Евразийского экономического союза.pdf:page_157, Таможенный кодекс Евразийского экономического союза.pdf:page_186, Таможенный кодекс Евразийского экономического союза.pdf:page_265, Таможенный кодекс Евразийского экономического союза.pdf:page_320, Таможенный кодекс Евразийского экономического союза.pdf:page_325, Таможенный кодекс Евразийского экономического союза.pdf:page_338, Таможенный кодекс Евразийского экономического союза.pdf:page_340, Таможенный кодекс Евразийского экономического союза.pdf:page_59"
"Какая номенклатура используется для составления сводного расчета затрат российских организаций в смешанных ценах, согласно ГОСТ МДС 81-21.2000?","В приведённых фрагментах текста указано, что для **сводного расчета затрат российских организаций в смешанных ценах** используется **номенклатура затрат “по ст. 3.1”** (то есть номенклатура, перечисляемая/приводимая в п. **3.1**), включающая статьи:

- **строительные работы**  
- **монтажные работы**  
- **оборудование, мебели и инвентарь**  
- **прочие затраты**  

Это прямо следует из формулировок в тексте:  
«**Распределение стоимости по отдельным статьям номенклатуры затрат (см. п.3.1. настоящего Порядка)**…» и во всех таблицах “Всего по статьям…” по четырём группам.

Дополнительно в тексте указано, что **прочие затраты** детализируются по “перечню прочих работ и затрат” (упоминается далее в таблице, где встречаются затраты по премированию, НИОКР, дорожным фондам и т.п.), но в самом фрагменте **полный перечень именно номенклатуры из п. 3.1 не приведён**.

**Ответ:** номенклатура — это статьи затрат **по п. 3.1**, сгруппированные как **строительные работы, монтажные работы, оборудование/мебель/инвентарь, прочие затраты**.","Data1_2_2069_index.pdf:page_10, Data1_2_2069_index.pdf:page_13, Data1_2_2069_index.pdf:page_7, Data1_2_2069_index.pdf:page_9, Data1_2_2082_index.pdf:page_13, Data1_2_2082_index.pdf:page_15, Data1_2_2082_index.pdf:page_16, Data1_2_2082_index.pdf:page_2, Data1_2_2082_index.pdf:page_22, Data1_2_2082_index.pdf:page_6"
Какие знаки предназначены для заложения в капитальные сооружения в Приложении 5 к СНиП 3.01.03-84?,"В представленном фрагменте текста есть указание, что:

- **«Главные и основные оси зданий могут быть закреплены … специальными марками на капитальных зданиях (см. прил. 5).»**
- Также перечислено, какие знаки используются для закрепления осей:
  - **забетонированные рельсы**
  - **штыри**
  - **трубы**
  - **вбитые в землю деревянные колья с гвоздями**
  - **специальные марки на капитальных зданиях (Прил. 5)**

Про сами **виды/описания “специальных марок”** из **Приложения 5** в данном фрагменте не приведено.","Data1_11_11285_index.pdf:page_11, Data1_11_11285_index.pdf:page_17, Data1_11_11285_index.pdf:page_4, Data1_11_11285_index.pdf:page_69, Data1_11_11295_index.pdf:page_11, Data1_1_1879_index.pdf:page_26, Data1_2_2079_index.pdf:page_12, Data1_2_2079_index.pdf:page_13, Data1_2_2079_index.pdf:page_16, Data1_2_2079_index.pdf:page_17"
Какие затраты учитываются при использовании метода оценки на основе сложения стоимости согласно статье 23?,"В предоставленных фрагментах **нет информации** о том, какие именно затраты учитываются при использовании метода оценки на основе сложения стоимости по **статье 23**.  

Могу лишь указать, что в тексте далее встречается общий фрагмент про “оценку сырья и материально‑энергетических ресурсов” при пусконаладочных работах (через ресурсный расчет), но это **не привязано** к “методу оценки на основе сложения стоимости” и **не является ответом на статью 23**.","Data1_10_10848_index.pdf:page_10, Data1_10_10848_index.pdf:page_8, Data1_10_10864_index.pdf:page_12, Data1_2_2116_index.pdf:page_8, Налоговый кодекс Российской Федерации.pdf:page_1026, Налоговый кодекс Российской Федерации.pdf:page_1361, Налоговый кодекс Российской Федерации.pdf:page_1483, Налоговый кодекс Российской Федерации.pdf:page_1500, Налоговый кодекс Российской Федерации.pdf:page_1502, Налоговый кодекс Российской Федерации.pdf:page_982"
На каких условиях товарищество собственников жилья может получить кредиты от банков?,"Товарищество собственников жилья может получить заемные средства, **в том числе банковские кредиты**, если это **принято решением** уполномоченного органа (в приведенном фрагменте — **общего собрания членов ТСЖ**, где прямо указано: “принятие решений о получении заемных средств, в том числе банковских кредитов”).

Также в тексте есть условие общего характера: ТСЖ обязано **пользоваться предоставляемыми банками кредитами в порядке и на условиях, предусмотренных законодательством**.","Гражданский кодекс Российской Федерации.pdf:page_158, Гражданский кодекс Российской Федерации.pdf:page_191, Гражданский кодекс Российской Федерации.pdf:page_339, Гражданский кодекс Российской Федерации.pdf:page_340, Жилищный кодекс Российской Федерации.pdf:page_105, Жилищный кодекс Российской Федерации.pdf:page_109, Жилищный кодекс Российской Федерации.pdf:page_165, Жилищный кодекс Российской Федерации.pdf:page_166, Жилищный кодекс Российской Федерации.pdf:page_91, Налоговый кодекс Российской Федерации.pdf:page_920"
"Как должна соответствовать номенклатура оборудования и видов работ, включаемая в сборники РСН, номенклатуре сборников расценок на монтаж оборудования (СНиП 4.06-91)?","В тексте сказано, что:

- **«Номенклатура оборудования, а также наименования и номера отделов, разделов и групп сборников РСН составляются по аналогии с соответствующими сборниками расценок на монтаж оборудования…»**

То есть номенклатура оборудования и видов работ для сборников **РСН должна соответствовать** (составляться **по аналогии**) номенклатуре сборников расценок на монтаж оборудования (СНиП 4.06-91) — в части **отделов, разделов и групп**.","Data1_10_10754_index.pdf:page_12, Data1_10_10754_index.pdf:page_21, Data1_10_10754_index.pdf:page_8, Data1_10_10864_index.pdf:page_18, Data1_2_2073_index.pdf:page_1, Data1_2_2073_index.pdf:page_11, Data1_2_2073_index.pdf:page_3, Data1_2_2073_index.pdf:page_4, Data1_2_2073_index.pdf:page_5, Data1_2_2073_index.pdf:page_7"
Какие действия могут быть совершены бесплатно при государственной регистрации актов гражданского состояния для физических лиц?,"В тексте указано, что **физические лица освобождаются от уплаты государственной пошлины** за государственную регистрацию актов гражданского состояния и другие юридически значимые действия в следующих случаях:

1) **за внесение изменений в запись акта о рождении в связи с усыновлением (удочерением)**, включая **выдачу нового свидетельства о рождении**;  
2) **за внесение исправлений и (или) изменений в записи актов гражданского состояния** и **выдачу свидетельств** в связи с ошибками, допущенными при государственной регистрации актов гражданского состояния по вине работников, производящих такую регистрацию;  
3) **за выдачу справок о регистрации актов гражданского состояния** для представления в уполномоченные органы (фрагмент в тексте обрывается).","Гражданский кодекс Российской Федерации.pdf:page_0, Гражданский кодекс Российской Федерации.pdf:page_19, Гражданский кодекс Российской Федерации.pdf:page_20, Гражданский кодекс Российской Федерации.pdf:page_23, Гражданский кодекс Российской Федерации.pdf:page_477, Гражданский кодекс Российской Федерации.pdf:page_5, Гражданский процессуальный кодекс Российской Федерации.pdf:page_121, Налоговый кодекс Российской Федерации.pdf:page_1283, Налоговый кодекс Российской Федерации.pdf:page_1319, Налоговый кодекс Российской Федерации.pdf:page_209"
Какие услуги включены в пункт 1 перечня продукции и услуг проектного института согласно ГОСТ МДС 11-11.2000?,"В предоставленном фрагменте **пункты 11–20** являются частью перечня работ/услуг и относятся к услугам проектного института (соответствующим “перечню продукции и услуг”). Согласно тексту, в них включены следующие услуги:

11. Обследование действующего предприятия с целью поиска резервов улучшения технико‑экономических показателей производства.  
12. Консультирование заказчика при формировании договорных цен на строительство объекта.  
13. Проектирование и выполнение работ по строительству объекта «под ключ» с последующей реализацией готового объекта на торгах.  
14. Посреднические функции между заказчиком и постоянно действующими тендерными комитетами и биржами при размещении заказов на строительство (реконструкцию).  
15. Консультационная помощь другим проектным организациям при получении ими лицензии на право заниматься определенными видами проектной деятельности.  
16. Посреднические услуги заказчику при реализации объектов незавершенного строительства.  
17. Помощь заказчику при организации и проведении тендеров (конкурсов) на разработку проектно‑сметной документации (подготовка предложений по составу тендерного комитета, разработка тендерного задания, участие в рассмотрении и экспертной оценке тендерных предложений).  
18. Консультирование заказчиков при принятии решений о целесообразности страхования, составе страховых событий, величине страховых платежей и т.п. в процессе проектирования, строительства и эксплуатации объекта.  
19. Помощь заказчику при подготовке материалов для заключения контракта на проектирование и строительство.  
20. Производство инженерных изысканий (указано: топографо‑геодезические и инжене… — далее в фрагменте обрезано).

**Примечание:** в тексте есть также общий “предмет” (п. 1.1), где прямо перечислены направления работ (организация разработки документации, руководство проектно‑изыскательскими работами, инженерно‑консультационные услуги и т.д.), но вопрос просит именно “пункт 1 перечня продукции и услуг”. В вашем фрагменте самого “ГОСТ МДС 11-11.2000” и “пункта 1 перечня” целиком нет — поэтому по доступному тексту можно указать только перечисленное выше (как услуги из приведенного перечня).","Data1_10_10858_index.pdf:page_12, Data1_10_10858_index.pdf:page_13, Data1_10_10858_index.pdf:page_25, Data1_10_10858_index.pdf:page_26, Data1_10_10858_index.pdf:page_9, Data1_10_10859_index.pdf:page_6, Data1_10_10859_index.pdf:page_8, Data1_10_10865_index.pdf:page_32, Data1_10_10872_index.pdf:page_10, Data1_10_10872_index.pdf:page_11"
"Какие документы необходимы для возмещения суммы акциза, уплаченной при вывозе подакцизных товаров за пределы территории Российской Федерации?","В представленном тексте указано, что для **возмещения акциза** при вывозе подакцизных товаров за пределы РФ в соответствии с **таможенной процедурой реэкспорта** (для подтверждения обоснованности освобождения от уплаты акциза и/или возмещения ранее уплаченных сумм акциза) в налоговый орган по месту учета налогоплательщика представляются документы, перечисленные в **пункте 7.2 статьи 198 НК РФ**.

Из текста видно, что прямо назван документ:
1) **контракт** (копия контракта) — (начало перечня в п. 7.2, пп. 1: “контракт (копия контракт …)”).

Также в тексте дополнительно указано условие о сроке представления документов:
- документы представляются в течение **шести месяцев** с даты представления налоговой декларации по акцизам за налоговый период, на который приходится дата совершения освобождаемых операций (указано далее в фрагменте после перечня).

**Иных конкретных документов в предоставленном фрагменте дальше не раскрыто** (перечень обрезан).","Налоговый кодекс Российской Федерации.pdf:page_463, Налоговый кодекс Российской Федерации.pdf:page_499, Налоговый кодекс Российской Федерации.pdf:page_610, Налоговый кодекс Российской Федерации.pdf:page_620, Налоговый кодекс Российской Федерации.pdf:page_654, Налоговый кодекс Российской Федерации.pdf:page_655, Налоговый кодекс Российской Федерации.pdf:page_691, Налоговый кодекс Российской Федерации.pdf:page_707, Налоговый кодекс Российской Федерации.pdf:page_708, Налоговый кодекс Российской Федерации.pdf:page_717"
Что должно быть предусмотрено на площадке для детей от 2 до 4-5 лет согласно МДС 35-7.2000?,"На площадке для детей от 2 до 4–5 лет (Зона А) согласно тексту документа должны быть предусмотрены игровые элементы, перечисленные в описании Зоны А, в частности:

1) фонтанчик с отводными коробами;  
2) песочница со скамьями по периметру;  
3) теневой навес;  
4) горка-лабиринт;  
5) горка-манеж с пологой лестницей;  
6) столики-барьеры;  
7) деревянная стилизованная «лошадь»;  
8) качели;  
9) качалки;  
10) бревна для упражнений на равновесие;  
11) стенки для рисования;  
12) корзина для забрасывания мяча;  
13) шест для набрасывания колец;  
14) паровоз;  
15) двойная горка;  
16) «рыба-кит» (горка для скатывания), а также рукоход и наклонные лестницы;  
17) карусель;  
18) площадка для игры в крокет.

Также в документе прямо указано об общих требованиях для ориентирования детей с ограничениями по зрению: нужна тактильная и цветовая разметка пола для ориентации в помещении.","Data1_10_10847_index.pdf:page_1, Data1_10_10847_index.pdf:page_12, Data1_10_10847_index.pdf:page_13, Data1_10_10847_index.pdf:page_14, Data1_10_10847_index.pdf:page_19, Data1_10_10847_index.pdf:page_21, Data1_10_10847_index.pdf:page_22, Data1_10_10847_index.pdf:page_32, Data1_10_10847_index.pdf:page_4, Data1_10_10847_index.pdf:page_6"
Что включает в себя лицензионный договор о предоставлении права использования произведения?,"В представленных фрагментах **нет прямого ответа** на вопрос в отношении *лицензионного договора о предоставлении права использования произведения*.

Из текста приведена **лишь общая норма про открытые лицензии** (ст. 1286.1 для произведений науки/литературы/искусства): по ней лицензионный договор (простая/неисключительная лицензия) в упрощённом порядке называется **открытой лицензией**, и предметом является **право использования произведения в пределах, предусмотрен��ых договором**.

Следовательно, частичный ответ из документов: такой договор включает **предоставление права использования произведения** (право использования в указанных договором пределах) и может быть оформлен как **договор присоединения** с условиями, доступными неопределенному кругу лиц.

Полный перечень того, *что включает в себя* лицензионный договор (состав существенных условий/обязательных элементов) — **нет в документах**.","Гражданский кодекс Российской Федерации.pdf:page_517, Гражданский кодекс Российской Федерации.pdf:page_519, Гражданский кодекс Российской Федерации.pdf:page_520, Гражданский кодекс Российской Федерации.pdf:page_534, Гражданский кодекс Российской Федерации.pdf:page_535, Гражданский кодекс Российской Федерации.pdf:page_546, Гражданский кодекс Российской Федерации.pdf:page_564, Гражданский кодекс Российской Федерации.pdf:page_572, Гражданский кодекс Российской Федерации.pdf:page_622, Гражданский кодекс Российской Федерации.pdf:page_632"
Какова максимальная из средних скоростей ветра по румбам за январь в г. Дружина согласно документу МДС 31-8.2002?,"В предоставленном фрагменте документа приведены климатические данные (в т.ч. параметр **«Максимальная из средних скоростей ветра по румбам за январь, м/с»**) для ряда пунктов, но **для г. Дружина значение не указано полностью**: строка заканчивается значением для точки, однако в вашем фрагменте **она обрывается** и точное число для «Дружина» прочитать невозможно.

**Ответ: нет в документах** (в данном фрагменте отсутствует/нечитаемо точное значение для г. Дружина).","Data1_10_10846_index.pdf:page_16, Data1_10_10846_index.pdf:page_22, Data1_10_10846_index.pdf:page_23, Data1_10_10846_index.pdf:page_24, Data1_10_10846_index.pdf:page_25, Data1_10_10846_index.pdf:page_26, Data1_10_10846_index.pdf:page_27, Data1_10_10846_index.pdf:page_28, Data1_10_10846_index.pdf:page_29, Data1_10_10846_index.pdf:page_40"
С какого момента начинаются сроки выпуска товаров при предварительном таможенном декларировании?,"Сроки выпуска товаров при **предварительном таможенном декларировании** исчисляются с момента наступления одного из следующих обстоятельств (п. 2):

1) **изменение (дополнение) сведений**, заявленных в таможенной декларации — при условии, что таможенным органом, зарегистрировавшим декларацию, получено уведомление о размещении товаров в зоне таможенного контроля, указанной в декларации (а для товаров, перевозимых водными судами, — выдано разрешение на выгрузку в месте прибытия, указанном в декларации в соответствии со ст. 114);  

2) **получение таможенным органом уведомления** о размещении товаров в зоне таможенного контроля (а для водных судов — выдача разрешения на выгрузку в месте прибытия), **при условии**, что таможенный орган уведомлен об отсутствии необходимости внесения изменений (дополнений) либо такие изменения внесены в заявленные в декларации сведения.","Таможенный кодекс Евразийского экономического союза.pdf:page_126, Таможенный кодекс Евразийского экономического союза.pdf:page_127, Таможенный кодекс Евразийского экономического союза.pdf:page_128, Таможенный кодекс Евразийского экономического союза.pdf:page_130, Таможенный кодекс Евразийского экономического союза.pdf:page_132, Таможенный кодекс Евразийского экономического союза.pdf:page_133, Таможенный кодекс Евразийского экономического союза.pdf:page_137, Таможенный кодекс Евразийского экономического союза.pdf:page_263, Таможенный кодекс Евразийского экономического союза.pdf:page_29, Таможенный кодекс Евразийского экономического союза.pdf:page_399"
Какие коэффициенты применяются при демонтаже сборных железобетонных и бетонных конструкций?,"При демонтаже сборных железобетонных и бетонных конструкций применяется коэффициент **0,8**.","Data1_10_10062_index.pdf:page_5, Data1_10_10754_index.pdf:page_10, Data1_10_10754_index.pdf:page_11, Data1_10_10754_index.pdf:page_21, Data1_10_10754_index.pdf:page_22, Data1_10_10754_index.pdf:page_28, Data1_10_10754_index.pdf:page_4, Data1_10_10864_index.pdf:page_34, Data1_1_1879_index.pdf:page_17, Data1_1_1879_index.pdf:page_26"
Какие технические задания предусмотрены в Методических рекомендациях по определению сметной стоимости строительства на базе показателей на отдельные виды работ (ПВР) согласно ГОСТ МДС 81-10.2000?,"В тексте документа **МДС 81-10.2000** предусмотрены следующие **технические задания** для разработки ПВР:

- **Кто составляет:** организации-исполнители составляют технические задания для разработки ПВР и **представляют их в АО ВЭП или ЦНИИЭУС на согласование**.  
- **Что указывается в технических заданиях:**  
  - **основные цели и задачи разработки ПВР**;  
  - **нормативные источники**;  
  - **этапы работ и сроки выполнения**.

Также прямо перечислено, что технические задания должны содержать:
- **наименования сборников ПВР**, разрабатываемых данной организацией;
- **примерный перечень видов работ**, на которые будут разрабатываться сборники ПВР;
- **состав информационной базы**;
- **используемые для разработки и применения программные средства**.

Итого: технические задания — это документ, который задает цели/задачи, нормативную основу, этапы и сроки, а также конкретизирует перечень разрабатываемых сборников, виды работ, информационную базу и программные средства.","Data1_10_10848_index.pdf:page_2, Data1_2_2075_index.pdf:page_1, Data1_2_2075_index.pdf:page_6, Data1_2_2076_index.pdf:page_1, Data1_2_2076_index.pdf:page_2, Data1_2_2076_index.pdf:page_3, Data1_2_2076_index.pdf:page_5, Data1_2_2081_index.pdf:page_23, Data1_2_2116_index.pdf:page_1, Data1_2_2117_index.pdf:page_1"
"Как устраняются неплотности в резьбовых соединениях, согласно ГОСТ МДС 13-18.2000?","В предоставленном фрагменте есть указание, что неплотности в **резьбовых соединениях трубопроводов** устраняют так: **разборкой соединений, очисткой резьбы от ржавчины и заменой уплотняющего материала льняной прядью**.  

Прямой фрагмент из текста:  
«…устранить неплотности в резьбовых соединениях трубопроводов… путем разборки частей трубопроводов с последующей очисткой резьбы от ржавчины и заменой уплотняющего материала льняной прядью…»","Data1_10_10846_index.pdf:page_20, Data1_10_10852_index.pdf:page_14, Data1_10_10852_index.pdf:page_19, Data1_10_10852_index.pdf:page_22, Data1_10_10852_index.pdf:page_30, Data1_10_10852_index.pdf:page_31, Data1_10_10852_index.pdf:page_6, Data1_11_11295_index.pdf:page_25, Data1_1_1879_index.pdf:page_19, Data1_1_1879_index.pdf:page_21"
Какие меры следует принять для предотвращения увлажнения и промерзания цоколя согласно ГОСТ МДС 13-18.2000?,"Для предотвращения **увлажнения и промерзания цоколя** в тексте указано следующее:

1) **Сделать выступ цоколя не менее 3 см** и обеспечить его завершение **откосом из цементного раствора / цементной стяжкой / покрытием из кровельной стали с уклоном для стока воды не менее 5%**.  

2) **Недопустимо увлажнение и промерзание цоколя**, так как это приводит к трещинам и повреждению защитного слоя (облицовки, штукатурки).

3) **Не допускать намокания стен**, если отмостка находится **выше горизонтальной отметки гидроизоляции стен** — тогда следует выполнить **вертикальную гидроизоляцию цоколя**.

4) **Обеспечить отвод воды от стен**:
   - Отметы водосточных труб должны быть **выше уровня отмостки не менее чем на 20 см** (чтобы не образовывались ледяные пробки при стоке талых вод).
   - и **не более чем на 40 см** (чтобы цоколь не отсыревал).
   - На отмостке против водосточных труб должны быть устроены **и содержаться в полной исправности водоотводные лотки**.

5) **Своевременно устранять повреждения основания/грунта**, которые могут привести к увлажнению: заделывать **выбоины, трещины и просадки грунта** после работ инженерных сетей (с послойным трамбованием) и восстанавливать покрытия.  

6) **Заделывать щели между отмосткой и стеной дома**: расчищать и заделывать **горячим битумом, асфальтом или мятой глиной**.

Если нужно, могу оформить это кратким перечнем «меры + обоснование из текста».","Data1_10_10852_index.pdf:page_2, Data1_10_10852_index.pdf:page_3, Data1_10_10861_index.pdf:page_10, Data1_10_10861_index.pdf:page_18, Data1_10_10861_index.pdf:page_24, Data1_10_10861_index.pdf:page_39, Data1_10_10861_index.pdf:page_40, Data1_10_10861_index.pdf:page_42, Data1_10_10861_index.pdf:page_5, Data1_11_11295_index.pdf:page_27"
Какие размеры шкафчиков для хранения одежды должны быть в пределах досягаемости инвалидами согласно ГОСТ МДС 35-7.2000?,"В тексте указано, что **шкафчики для хранения одежды должны быть в пределах досягаемости инвалидами разного возраста** — **от 300 до 1100 мм от пола**.","Data1_10_10846_index.pdf:page_14, Data1_10_10846_index.pdf:page_31, Data1_10_10846_index.pdf:page_5, Data1_10_10847_index.pdf:page_24, Data1_10_10847_index.pdf:page_32, Data1_10_10847_index.pdf:page_33, Data1_10_10847_index.pdf:page_35, Data1_10_10847_index.pdf:page_4, Data1_10_10865_index.pdf:page_16, Data1_10_10865_index.pdf:page_17"
"Какие требования предъявляются к местным источникам отопления (печи, АГВ, ВНИИСТО и др.) согласно ГОСТ МДС 13-18.2000?","В приведённом фрагменте **МДС 13-18.2000** конкретных требований именно к **местным источникам отопления** (печи, АГВ, ВНИИСТО и т.п.) — **нет в документах**, кроме общих требований к размещению теплогенераторов (раздел 4) и частично требований к **ремонту печей** (раздел, где указаны работы “Х. Печи”).

**Частичный ответ (про печи — как вид местного источника):** в тексте перечислены виды работ/поддержания работоспособности печей, например:
- **мелкий ремонт печей** с частичной заменой печных приборов, расшивкой трещин и т.п.;
- **устранение завалов в печах**;
- **исправление разделок**;
- **ремонт дымовых труб и боровов**;
- **побелка труб**.

Для АГВ, ВНИИСТО и др. в предоставленном фрагменте **нет конкретных требований**.","Data1_10_10852_index.pdf:page_1, Data1_10_10852_index.pdf:page_31, Data1_10_10852_index.pdf:page_41, Data1_10_10865_index.pdf:page_32, Data1_10_10871_index.pdf:page_1, Data1_10_10871_index.pdf:page_15, Data1_10_10871_index.pdf:page_6, Data1_1_1879_index.pdf:page_19, Data1_2_2096_index.pdf:page_3, Data1_2_2096_index.pdf:page_4"
"Какие требования предъявляет ГОСТ к качеству железобетонных изделий, используемых в строительстве?","В предоставленном тексте **нет требований ГОСТа именно к качеству железобетонных изделий**.

Есть лишь перечень ГОСТов, но среди них **не указан** ГОСТ, который прямо устанавливает требования к качеству железобетонных изделий (например, по прочности/маркам бетона, трещиностойкости, морозостойкости и т.п.). Также в фрагменте встречаются позиции по бетонным/железобетонным изделиям (например, «плиты перекрытий и днищ плоские…», «блоки…»), но **без ссылок на конкретные ГОСТы качества** для них.","Data1_10_10846_index.pdf:page_20, Data1_10_10846_index.pdf:page_3, Data1_10_10859_index.pdf:page_6, Data1_10_10859_index.pdf:page_8, Data1_10_10865_index.pdf:page_32, Data1_11_11285_index.pdf:page_45, Data1_11_11295_index.pdf:page_6, Data1_2_2079_index.pdf:page_11, Data1_2_2081_index.pdf:page_10, Data1_2_2081_index.pdf:page_11"
Какие действия предполагаются при устранении отдельных свищей в стенах проходных каналах и заделке отдельных выпадающих кирпичей согласно ГОСТ МДС 14-13.2000?,"В предоставленном тексте по ГОСТ/МДС МДС 14-13.2000 прямо указано следующее действие:

- **«Устранение отдельных свищей в стенах проходных каналах и заделка отдельных выпадающих кирпичей.»** (раздел **XVII. Теплофикация, А. Каналы и камеры, п. 1**)

Других конкретных технологических шагов (чем именно заделывать, порядок работ и т.п.) в данном фрагменте **нет**.","Data1_10_10852_index.pdf:page_15, Data1_10_10852_index.pdf:page_2, Data1_10_10852_index.pdf:page_3, Data1_10_10852_index.pdf:page_5, Data1_10_10852_index.pdf:page_9, Data1_10_10861_index.pdf:page_39, Data1_10_10861_index.pdf:page_9, Data1_1_1879_index.pdf:page_21, Data1_1_1879_index.pdf:page_26, Data1_1_1879_index.pdf:page_30"
"Что означает передача товаров подрядчику (субподрядчику) или иному лицу, которые будут осуществлять строительные и (или) монтажные подрядные работы на территории свободного склада?","В приведенном тексте сказано, что **допускается передача товаров, помещенных под таможенную процедуру свободной зоны (свободного склада), либо изготовленных из таких товаров, во владение и (или) пользование**:

- **подрядчику (субподрядчику) или иному лицу**, в том числе не являющемуся резидентом (участником, субъектом) СЭЗ,  
**для осуществления строительных и (или) монтажных подрядных работ на территории СЭЗ**.

То есть смысл такой передачи в том, что товары (и/или их “производные” из товаров свободной зоны) могут быть предоставлены подрядчику, чтобы он мог **выполнять стройку/монтажные работы на территории свободной зоны, не завершая действие таможенной процедуры свободной зоны**.","Data1_2_2116_index.pdf:page_2, Градостроительный кодекс Российской Федерации.pdf:page_165, Гражданский кодекс Российской Федерации.pdf:page_308, Гражданский кодекс Российской Федерации.pdf:page_309, Гражданский кодекс Российской Федерации.pdf:page_311, Гражданский кодекс Российской Федерации.pdf:page_318, Гражданский кодекс Российской Федерации.pdf:page_325, Налоговый кодекс Российской Федерации.pdf:page_1175, Таможенный кодекс Евразийского экономического союза.pdf:page_225, Таможенный кодекс Евразийского экономического союза.pdf:page_244"
Какие методы уравнивания геодезических сетей существуют согласно СНиП 3.01.03-84?,"В предоставленном фрагменте СНиП 3.01.03-84 указаны следующие **методы уравнивания геодезических сетей**:

- **Параметрический способ** — рекомендуется при отсутствии ЭВМ для уравнивания геодезических сетей с большим числом исходных данных и комбинированными построениями (п. **3.64**).
- **Коррелатный способ** — свободные сети триангуляции, трилатерации и сети полигонометрии лучше уравнивать коррелатным способом (п. **3.64**).

Также упоминается, что уравнивание полигонометрических сетей выполняют по программам уравнивания комбинированных геодезических сетей, а для полигонометрических построений более эффективно применение специальных программ (п. **3.63**), но это именно про программное обеспечение, а не про методы уравнивания в общем виде.

Иных методов (например, условный способ) в приведенном тексте **нет**.","Data1_11_11285_index.pdf:page_12, Data1_11_11285_index.pdf:page_13, Data1_11_11285_index.pdf:page_20, Data1_11_11285_index.pdf:page_4, Data1_11_11285_index.pdf:page_50, Data1_11_11285_index.pdf:page_6, Data1_11_11285_index.pdf:page_63, Data1_11_11285_index.pdf:page_72, Data1_11_11285_index.pdf:page_73, Data1_11_11285_index.pdf:page_75"
Что такое код главного администратора доходов бюджета?,"В предоставленных фрагментах написано:

**«главный администратор доходов бюджета — определенный в соответствии с настоящим Кодексом орган государственной власти (государственный орган), орган местного самоуправления, орган местной администрации, орган управления государственным внебюджетным фондом, Центральный банк Российской Федерации, иная организация, имеющие в своем ведении администраторов доходов бюджета и (или) являющиеся администраторами доходов бюджета;»**

То есть **код главного администратора доходов бюджета** в тексте напрямую не раскрыт (само понятие “код” не дано), но указано, кто является **главным администратором доходов бюджета**.","Бюджетный кодекс Российской Федерации.pdf:page_17, Бюджетный кодекс Российской Федерации.pdf:page_19, Бюджетный кодекс Российской Федерации.pdf:page_244, Бюджетный кодекс Российской Федерации.pdf:page_249, Бюджетный кодекс Российской Федерации.pdf:page_252, Бюджетный кодекс Российской Федерации.pdf:page_292, Бюджетный кодекс Российской Федерации.pdf:page_320, Бюджетный кодекс Российской Федерации.pdf:page_379, Бюджетный кодекс Российской Федерации.pdf:page_398, Бюджетный кодекс Российской Федерации.pdf:page_7"
Как сравнивается сумма резерва по сомнительным долгам с суммой остатка резерва?,"Сумма резерва по сомнительным долгам, исчисленного на отчетную дату, **сравнивается** с суммой остатка резерва, которая определяется как:

**остаток резерва = (резерв, исчисленный на предыдущую отчетную дату) − (сумма безнадежных долгов, возникших после предыдущей отчетной даты).**

Далее:
- если **резерв на отчетную дату меньше** остатка предыдущего периода — разница включается во **внереализационные доходы** текущего периода;
- если **резерв на отчетную дату больше** остатка — разница включается во **внереализационные расходы** текущего периода.","Бюджетный кодекс Российской Федерации.pdf:page_131, Бюджетный кодекс Российской Федерации.pdf:page_363, Гражданский кодекс Российской Федерации.pdf:page_343, Налоговый кодекс Российской Федерации.pdf:page_1145, Налоговый кодекс Российской Федерации.pdf:page_1146, Налоговый кодекс Российской Федерации.pdf:page_1210, Налоговый кодекс Российской Федерации.pdf:page_1211, Налоговый кодекс Российской Федерации.pdf:page_1215, Налоговый кодекс Российской Федерации.pdf:page_986, Налоговый кодекс Российской Федерации.pdf:page_989"
"Что происходит с юридическими лицами, созданными в результате реорганизации, если они недобросовестно способствовали принятию решения о реорганизации?","Юридические лица, **созданные в результате реорганизации**, если они **недобросовестно способствовали принятию решения о реорганизации**, **отвечают** по предусмотренным последствиям (указано, что ответственность несут именно такие юридические лица).","Административный кодекс Российской Федерации.pdf:page_9, Гражданский кодекс Российской Федерации.pdf:page_28, Гражданский кодекс Российской Федерации.pdf:page_29, Гражданский кодекс Российской Федерации.pdf:page_30, Гражданский кодекс Российской Федерации.pdf:page_31, Гражданский кодекс Российской Федерации.pdf:page_32, Гражданский кодекс Российской Федерации.pdf:page_34, Гражданский кодекс Российской Федерации.pdf:page_61, Налоговый кодекс Российской Федерации.pdf:page_132, Уголовный кодекс Российской Федерации.pdf:page_103"
Какую ответственность несет саморегулируемая организация по обязательствам своих членов в рамках компенсационного фонда обеспечения договорных обязательств?,"Саморегулируемая организация несет **субсидиарную ответственность** по обязательствам своих членов в рамках компенсационного фонда обеспечения договорных обязательств **в пределах одной четвертой доли средств** этого компенсационного фонда.

При этом указывается, что размер этой доли определяется:
- внутренними документами саморегулируемой организации **в зависимости от количества ее членов** на дату предъявления требования о компенсационной выплате,
- а также зависит от **размера взноса для каждого члена** (в зависимости от уровня его ответственности по обязательствам), принятого по правилам ст. 55.16.","Градостроительный кодекс Российской Федерации.pdf:page_191, Градостроительный кодекс Российской Федерации.pdf:page_195, Градостроительный кодекс Российской Федерации.pdf:page_207, Градостроительный кодекс Российской Федерации.pdf:page_213, Градостроительный кодекс Российской Федерации.pdf:page_217, Градостроительный кодекс Российской Федерации.pdf:page_230, Градостроительный кодекс Российской Федерации.pdf:page_285, Гражданский кодекс Российской Федерации.pdf:page_50, Гражданский кодекс Российской Федерации.pdf:page_74, Гражданский кодекс Российской Федерации.pdf:page_83"
Какие значения указаны в столбце 'Остановочные пункты и павильоны' для обычных трамвайных линий в таблице 37 согласно СНиП?,"В предоставленных фрагментах **нет данных** именно о значениях в столбце **«Остановочные пункты, пересадочные узлы и павильоны» для обычных трамвайных линий в таблице 37 по СНиП**.

Упоминаются таблицы 35–36 и фрагмент другой таблицы, но **таблица 37 и строки для “обычных трамвайных линий” не приведены**, поэтому требуемые значения извлечь невозможно.

**Ответ: нет в документах.**","Data1_10_10062_index.pdf:page_7, Data1_10_10754_index.pdf:page_22, Data1_10_10846_index.pdf:page_31, Data1_10_10865_index.pdf:page_18, Data1_10_10865_index.pdf:page_38, Data1_10_10865_index.pdf:page_39, Data1_11_11285_index.pdf:page_20, Data1_11_11835_index.pdf:page_16, Data1_11_11835_index.pdf:page_24, Data1_11_11835_index.pdf:page_35"
Что определяет порядок укомплектования буксируемого объекта экипажем?,"Порядок укомплектования буксируемого объекта экипажем или проводниками определяется **соглашением сторон**, если иное не предусмотрено **правилами буксировки** (статья 89, пункт 1).","Кодекс внутреннего водного транспорта Российской Федерации.pdf:page_24, Кодекс внутреннего водного транспорта Российской Федерации.pdf:page_43, Кодекс внутреннего водного транспорта Российской Федерации.pdf:page_52, Кодекс внутреннего водного транспорта Российской Федерации.pdf:page_74, Кодекс торгового мореплавания Российской Федерации.pdf:page_117, Кодекс торгового мореплавания Российской Федерации.pdf:page_140, Кодекс торгового мореплавания Российской Федерации.pdf:page_77, Кодекс торгового мореплавания Российской Федерации.pdf:page_78, Кодекс торгового мореплавания Российской Федерации.pdf:page_82, ПДД Российской Федерации.pdf:page_30"
Что такое ответственные хранители и заемщики материальных ценностей?,"В приведённом тексте есть упоминание **«ответственных хранителей и заемщиками материальных ценностей»** в контексте расчёта налога, но **определения, что это такое, в самих документах не раскрыто**.

**Ответ:** нет в документах","Гражданский кодекс Российской Федерации.pdf:page_163, Гражданский кодекс Российской Федерации.pdf:page_180, Гражданский кодекс Российской Федерации.pdf:page_184, Гражданский кодекс Российской Федерации.pdf:page_371, Гражданский кодекс Российской Федерации.pdf:page_372, Гражданский кодекс Российской Федерации.pdf:page_374, Гражданский кодекс Российской Федерации.pdf:page_375, Гражданский кодекс Российской Федерации.pdf:page_376, Гражданский кодекс Российской Федерации.pdf:page_379, Налоговый кодекс Российской Федерации.pdf:page_460"
Какое основание для проектирования должно быть указано в задании согласно ГОСТ МДС 11-7.2000?,"В приведённом фрагменте **ГОСТ МДС 11-7.2000** прямо указано, что в задании на проектирование должно быть отражено:

**«Основание для проектирования (решение местного административного органа, министерства или ведомства-заказчика)».**","Data1_10_10846_index.pdf:page_2, Data1_10_10859_index.pdf:page_3, Data1_10_10859_index.pdf:page_6, Data1_10_10865_index.pdf:page_32, Data1_10_10865_index.pdf:page_40, Data1_11_11285_index.pdf:page_78, Data1_11_11295_index.pdf:page_10, Data1_1_1904_index.pdf:page_28, Data1_1_1904_index.pdf:page_29, Data1_1_1904_index.pdf:page_30"
"Какие сведения о местоположении, площади и границах территории комплексного развития должны быть включены в договор?","В представленных фрагментах текста указано следующее:

- **Сведения о земельном участке, предоставляемом лицу, заключившему договор, для освоения территории** — должны быть включены в договор (п. 2 части 4).  
Однако **конкретно** формулировка про **местоположение, площадь и границы именно территории комплексного развития** в предоставленных фрагментах **не приведена**.

Итог:  
**нет в документах** (в части сведений о *местоположении, площади и границах территории комплексного развития* именно как “территории” в договоре).","Градостроительный кодекс Российской Федерации.pdf:page_237, Градостроительный кодекс Российской Федерации.pdf:page_271, Градостроительный кодекс Российской Федерации.pdf:page_294, Градостроительный кодекс Российской Федерации.pdf:page_295, Градостроительный кодекс Российской Федерации.pdf:page_296, Градостроительный кодекс Российской Федерации.pdf:page_300, Градостроительный кодекс Российской Федерации.pdf:page_302, Градостроительный кодекс Российской Федерации.pdf:page_304, Градостроительный кодекс Российской Федерации.pdf:page_307, Градостроительный кодекс Российской Федерации.pdf:page_75"
Что вправе совершать представитель иностранного государства от имени представляемого им иностранного государства?,"В тексте указано, что **представитель иностранного государства вправе совершать от имени представляемого им иностранного государства все процессуальные действия**, **за исключением действий, указанных в части 4** настоящей статьи (если иное не предусмотрено в доверенности или ином соответствующем документе, выданном представляемым иностранным государством).","Арбитражный процессуальный кодекс Российской Федерации.pdf:page_168, Гражданский кодекс Российской Федерации.pdf:page_117, Гражданский кодекс Российской Федерации.pdf:page_401, Гражданский кодекс Российской Федерации.pdf:page_485, Гражданский процессуальный кодекс Российской Федерации.pdf:page_172, Гражданский процессуальный кодекс Российской Федерации.pdf:page_23, Таможенный кодекс Евразийского экономического союза.pdf:page_370, Таможенный кодекс Евразийского экономического союза.pdf:page_414, Таможенный кодекс Евразийского экономического союза.pdf:page_459, Уголовно-процессуальный кодекс Российской Федерации.pdf:page_289"
"Какой документ должен быть утвержден при согласовании затрат российских организаций в смешанных ценах, согласно ГОСТ МДС 81-21.2000?","В приведенном фрагменте текста указано следующее (п. 1):

> «Затраты российских организаций в смешанных ценах, определенные сводным сметным расчетом… составленным, **________________________________ (наименование организации, составившей расчет)**, **утверждаются** в следующих суммах…»

То есть при согласовании затрат должен быть **утвержден “сводный сметный расчет”** (сводные расчеты затрат российских организаций в смешанных ценах).

Других реквизитов (например, название конкретного “протокола” именно для ГОСТ/МДС 81-21.2000) в данном фрагменте нет.","Data1_10_10848_index.pdf:page_2, Data1_2_2069_index.pdf:page_12, Data1_2_2069_index.pdf:page_13, Data1_2_2069_index.pdf:page_2, Data1_2_2075_index.pdf:page_1, Data1_2_2076_index.pdf:page_1, Data1_2_2079_index.pdf:page_1, Data1_2_2082_index.pdf:page_13, Data1_2_2082_index.pdf:page_16, Data1_2_2082_index.pdf:page_22"
Можно ли применять территориальные единичные расценки других регионов на территории субъекта Российской Федерации?,"В представленном фрагменте прямого ответа на вопрос **«можно ли применять ТЕРм (территориальные единичные расценки) другого региона на территории субъекта РФ»** нет.

Есть только общий фрагмент о том, что **в регионах** разрабатываются/утверждаются **свои** территориальные (региональные) указания по применению ТЕРм и что при отсутствии ТЕРм в регионе могут применяться **ФЕРм** с привязкой к местным условиям и пересчетом в текущие цены (коэффициенты, индексы). Но это не отвечает прямо на возможность применения именно **ТЕРм другого региона**.

**Ответ: нет в документах**.","Data1_10_10754_index.pdf:page_1, Data1_10_10754_index.pdf:page_14, Data1_10_10754_index.pdf:page_15, Data1_10_10754_index.pdf:page_16, Data1_10_10754_index.pdf:page_18, Data1_10_10754_index.pdf:page_31, Data1_10_10754_index.pdf:page_5, Data1_10_10848_index.pdf:page_11, Data1_10_10848_index.pdf:page_6, Data1_1_1879_index.pdf:page_10"
Какие права переходят к страховщику при страховании имущества в полной стоимости?,"В приведённом тексте напрямую указано о переходе к страховщику прав на возмещение ущерба (суброгации) при выплате страхового возмещения по имущественному страхованию:

**«К страховщику, выплатившему страховое возмещение, переходит в пределах выплаченной суммы право требования, которое страхователь (выгодоприобретатель) имеет к лицу, ответственному за убытки…»** (ст. **965 ГК РФ**).

При этом в тексте **не сказано**, что именно “в полной стоимости” влияет на объем переходящих прав — указано лишь, что переход происходит **в пределах выплаченной суммы**.","Гражданский кодекс Российской Федерации.pdf:page_387, Гражданский кодекс Российской Федерации.pdf:page_389, Гражданский кодекс Российской Федерации.pdf:page_397, Гражданский кодекс Российской Федерации.pdf:page_441, Гражданский кодекс Российской Федерации.pdf:page_487, Кодекс внутреннего водного транспорта Российской Федерации.pdf:page_69, Кодекс торгового мореплавания Российской Федерации.pdf:page_82, Кодекс торгового мореплавания Российской Федерации.pdf:page_83, Кодекс торгового мореплавания Российской Федерации.pdf:page_89, Налоговый кодекс Российской Федерации.pdf:page_1230"
Какова пеня за несвоевременное внесение платы за пользование водным объектом?,"Пеня за несвоевременное внесение платы за пользование водным объектом составляет **одну стопятидесятую (1/150) действующей на день уплаты пеней ставки рефинансирования Центрального банка Российской Федерации**, но **не более чем 0,2% (две десятых процента) за каждый день просрочки**. Пеня начисляется за каждый календарный день просрочки **со следующего за установленным договором днем внесения платы**.","Административный кодекс Российской Федерации.pdf:page_117, Административный кодекс Российской Федерации.pdf:page_118, Административный кодекс Российской Федерации.pdf:page_129, Административный кодекс Российской Федерации.pdf:page_134, Административный кодекс Российской Федерации.pdf:page_309, Административный кодекс Российской Федерации.pdf:page_79, Административный кодекс Российской Федерации.pdf:page_81, Водный кодекс Российской Федерации.pdf:page_10, Кодекс внутреннего водного транспорта Российской Федерации.pdf:page_66, Налоговый кодекс Российской Федерации.pdf:page_1248"
Какова минимальная высота гидроизоляции на фундаменте относительно уровня отмостки согласно СНиП 2.04.02-84?,"В приведённом тексте указано следующее (по требованиям к гидроизоляции фундамента):

**«… Слой гидроизоляции на фундаменте должен быть ниже уровня отмостки.»**

При этом **конкретной “минимальной высоты” в сантиметрах относительно уровня отмостки (например, “не менее чем … см”) в фрагменте нет**.","Data1_10_10861_index.pdf:page_15, Data1_10_10861_index.pdf:page_25, Data1_10_10861_index.pdf:page_7, Data1_10_10865_index.pdf:page_19, Data1_10_10865_index.pdf:page_38, Data1_1_1879_index.pdf:page_26, Data1_2_2079_index.pdf:page_17, Data1_2_2080_index.pdf:page_12, Data1_2_2080_index.pdf:page_25, Data1_2_2080_index.pdf:page_28"
Как определяются расходы на изготовление или приобретение материалов и расходы на производство?,"В представленном фрагменте вопрос раскрывается частично.

**Статья 44 (метод 5)** указывает, что в расчетную стоимость (основу) включается, в частности:  
1) **«расходов на изготовление или приобретение материалов и расходов на производство»**, а также **«иных операций, связанных с производством оцениваемых товаров»**.

При этом **детального перечня**, *как именно* определяются такие расходы (в разрезе статей затрат), в приведенном тексте **нет**.

Также есть отдельная норма из **Статьи 254 НК РФ “Материальные расходы”**, где перечислено, какие затраты относятся к материальным расходам (сырьё и материалы для производства, упаковка, иные производственные нужды и т.д.), но это именно про **материальные расходы**, а не прямо про “расходы на изготовление/приобретение материалов и расходы на производство” в смысле статьи 44.

**Итого:** в документах сказано только, что в расчетную стоимость входят эти расходы и иные операции, связанные с производством, но **конкретный порядок их определения не раскрыт**.

**Ответ:** Частично — по **ст. 44** расходы включаются как расходы на изготовление/приобретение материалов и расходы на производство (и связанные операции), но в приведенном тексте **нет в документах** детального определения/порядка расчета этих расходов.","Налоговый кодекс Российской Федерации.pdf:page_1026, Налоговый кодекс Российской Федерации.pdf:page_1361, Налоговый кодекс Российской Федерации.pdf:page_1363, Налоговый кодекс Российской Федерации.pdf:page_1481, Налоговый кодекс Российской Федерации.pdf:page_1500, Налоговый кодекс Российской Федерации.pdf:page_1504, Налоговый кодекс Российской Федерации.pdf:page_935, Налоговый кодекс Российской Федерации.pdf:page_936, Налоговый кодекс Российской Федерации.pdf:page_949, Таможенный кодекс Евразийского экономического союза.pdf:page_45"
Какие технологии геодезических выверок и контроля строительно-монтажных работ разрабатываются согласно СНиП 3.01.03-84?,"Согласно приведённому в тексте фрагменту (раздел, относящийся к СНиП 3.01.03-84), разрабатываются следующие технологии геодезических выверок и контроля строительно-монтажных работ:

- **технологию выноса и закрепления в натуре контура котлована здания (сооружения), трасс инженерных сетей**;
- **технологию геодезического контроля при производстве земляных и строительно-монтажных работ**;
- **технологию производства исполнительных съемок и составление исполнительской документации**.

Других технологий в данном фрагменте не перечислено.","Data1_10_10865_index.pdf:page_30, Data1_11_11285_index.pdf:page_38, Data1_11_11285_index.pdf:page_4, Data1_11_11285_index.pdf:page_44, Data1_11_11285_index.pdf:page_45, Data1_11_11285_index.pdf:page_47, Data1_11_11285_index.pdf:page_50, Data1_11_11285_index.pdf:page_51, Data1_11_11285_index.pdf:page_82, Data1_11_11295_index.pdf:page_25"
Как определяется количество исходного раствора закрепляющего реагента для приготовления раствора рабочей концентрации согласно ГОСТ (к СНиП 3.02.01-83)?,"В предоставленных фрагментах **нет сведений**, как по **ГОСТ** (к **СНиП 3.02.01-83**) определяется количество исходного раствора закрепляющего реагента для приготовления раствора **рабочей концентрации**.

Частично упоминается только общая технологическая схема: например, на рис. 25 указаны «емкость для отвердителя исходной концентрации» и «емкость для отвердителя рабочей концентрации», но **формулы/порядок расчета объема или соотношение** исходного и рабочего растворов в тексте отсутствуют.

**Ответ: нет в документах**.","Data1_10_10865_index.pdf:page_34, Data1_11_11295_index.pdf:page_20, Data1_11_11295_index.pdf:page_23, Data1_11_11295_index.pdf:page_33, Data1_11_11295_index.pdf:page_38, Data1_11_11295_index.pdf:page_42, Data1_11_11295_index.pdf:page_47, Data1_11_11295_index.pdf:page_5, Data1_11_11295_index.pdf:page_7, Data1_2_2117_index.pdf:page_9"
Какие меры следует предпринять при недогреве или непрогреве отдельных отопительных приборов согласно СНиП 2.08.01-85?,"Согласно приведенному фрагменту по **СНиП 2.08.01-85** при **недогреве или непрогреве отдельных отопительных приборов** (и когда температура воды, выходящей из стояка, ниже расчетной по графику качественного регулирования), меры такие же, как и для случая недогрева/непрогрева стояков:

- **«То же»** — то есть применяется **регулировка или замена крана** и **устранение воздушных пробок**.","Data1_10_10852_index.pdf:page_20, Data1_10_10852_index.pdf:page_27, Data1_10_10852_index.pdf:page_28, Data1_10_10852_index.pdf:page_31, Data1_10_10852_index.pdf:page_32, Data1_10_10852_index.pdf:page_41, Data1_10_10861_index.pdf:page_26, Data1_10_10861_index.pdf:page_30, Data1_10_10861_index.pdf:page_32, Data1_10_10861_index.pdf:page_34"
"Какой штраф налагается на должностных лиц за непредставление информации для ведения реестра владельцев ценных бумаг хозяйственным обществом, имеющим стратегическое значение для оборонно-промышленного комплекса и безопасности Российской Федерации?","В предоставленных документах указано, что **при непредставлении либо представлении недостоверных сведений хозяйственным обществом, имеющим стратегическое значение для оборонно‑промышленного комплекса и безопасности РФ** штрафы применяются, в том числе, к должностным лицам:

**на должностных лиц — от 10 000 до 15 000 рублей.**","Административный кодекс Российской Федерации.pdf:page_318, Административный кодекс Российской Федерации.pdf:page_348, Административный кодекс Российской Федерации.pdf:page_398, Административный кодекс Российской Федерации.pdf:page_399, Административный кодекс Российской Федерации.pdf:page_400, Административный кодекс Российской Федерации.pdf:page_401, Административный кодекс Российской Федерации.pdf:page_409, Административный кодекс Российской Федерации.pdf:page_412, Уголовный кодекс Российской Федерации.pdf:page_113, Уголовный кодекс Российской Федерации.pdf:page_115"
"Какие доходы по договорам займа, привлеченным для финансирования добычи углеводородного сырья, включаются в налоговую базу?","В налоговую базу включаются **доходы в виде процентов по договорам займа (кредитам и другим долговым обязательствам)**, если **заемные средства были предоставлены налогоплательщику для финансирования деятельности, связанной с добычей углеводородного сырья на новом морском месторождении углеводородного сырья** (подп. 6 указанного фрагмента).

Также включаются:
- **доходы в виде сумм кредиторской задолженности по займам, кредитам и другим долговым обязательствам**, списанной в связи с **прощением долга** либо по иным основаниям, **если заемные средства были привлечены для такого финансирования** (подп. 7).","Налоговый кодекс Российской Федерации.pdf:page_1019, Налоговый кодекс Российской Федерации.pdf:page_1092, Налоговый кодекс Российской Федерации.pdf:page_1104, Налоговый кодекс Российской Федерации.pdf:page_1158, Налоговый кодекс Российской Федерации.pdf:page_1159, Налоговый кодекс Российской Федерации.pdf:page_1226, Налоговый кодекс Российской Федерации.pdf:page_1323, Налоговый кодекс Российской Федерации.pdf:page_1368, Налоговый кодекс Российской Федерации.pdf:page_1447, Налоговый кодекс Российской Федерации.pdf:page_773"
Что происходит с неправильно удержанными суммами за причиненный материальный ущерб?,"В документах указано, что **неправильно удержанные суммы за причиненный материальный ущерб подлежат возврату осужденному к принудительным работам** в установленном законодательством Российской Федерации порядке (статья **60.20** часть 3).","Бюджетный кодекс Российской Федерации.pdf:page_341, Гражданский кодекс Российской Федерации.pdf:page_214, Гражданский кодекс Российской Федерации.pdf:page_439, Гражданский кодекс Российской Федерации.pdf:page_440, Налоговый кодекс Российской Федерации.pdf:page_185, Налоговый кодекс Российской Федерации.pdf:page_186, Налоговый кодекс Российской Федерации.pdf:page_894, Семейный кодекс Российской Федерации.pdf:page_32, Уголовно-исполнительный кодекс Российской Федерации.pdf:page_36, Уголовно-исполнительный кодекс Российской Федерации.pdf:page_61"
Какие работы по земляному полотну подъездных и внутризаводских железнодорожных путей предусмотрены в ГОСТ МДС 14-13.2000?,"В предоставленном фрагменте текста **ГОСТ/МДС (МДС 14-13.2000)** не найдено.  

Однако в другом фрагменте документа приведен раздел **«XVIII. Подъездные и внутризаводские железнодорожные пути»**, где для **«а) Земляное полотно»** перечислены следующие работы:

1. **Уширение земляного полотна** в местах недостаточной ширины до нормальных размеров.  
2. **Лечение земляного полотна** в местах оползней, размывов, обвалов, пучин.  
3. **Восстановление всех водоотводных и дренажных устройств.**  
4. **Восстановление всех защитных и укрепительных сооружений земляного полотна** (одерновка, мощение, подпорные стены).  
5. **Восстановление регуляционных сооружений.**  
6. **Исправление, досыпка конусов мостов.**  
7. **Смена отдельных конструкций искусственных сооружений или замена их** на другие конструкции, а также **полная смена труб и малых мостов** (если они не являются самостоятельными инвентарными объектами и входят в состав земляного полотна).

Если вам нужно именно подтверждение, что эти пункты содержатся именно в **ГОСТ МДС 14-13.2000**, пришлите, пожалуйста, фрагмент/страницу с этим документом — в текущих данных указан другой фрагмент.","Data1_10_10855_index.pdf:page_1, Data1_11_11285_index.pdf:page_56, Data1_11_11285_index.pdf:page_62, Data1_1_1879_index.pdf:page_2, Data1_1_1879_index.pdf:page_21, Data1_1_1879_index.pdf:page_25, Data1_1_1879_index.pdf:page_30, Data1_1_1879_index.pdf:page_31, Data1_2_2081_index.pdf:page_18, Data1_2_2081_index.pdf:page_19"
Какие условия освобождают от уголовной ответственности за участие в подготовке террористического акта?,"Освобождают от уголовной ответственности **в случае добровольного или по требованию властей освобождения заложника**: лицо освобождается **от уголовной ответственности**, если **в его действиях не содержится иного состава преступления**.  

(В предоставленном фрагменте это указано как *Примечание* к статье о заложнике; условий именно для участия в подготовке террористического акта в тексте фрагмента нет.)","Уголовный кодекс Российской Федерации.pdf:page_11, Уголовный кодекс Российской Федерации.pdf:page_12, Уголовный кодекс Российской Федерации.pdf:page_146, Уголовный кодекс Российской Федерации.pdf:page_150, Уголовный кодекс Российской Федерации.pdf:page_166, Уголовный кодекс Российской Федерации.pdf:page_22, Уголовный кодекс Российской Федерации.pdf:page_224, Уголовный кодекс Российской Федерации.pdf:page_23, Уголовный кодекс Российской Федерации.pdf:page_34, Уголовный кодекс Российской Федерации.pdf:page_9"
По состоянию на какую дату включены законодательные акты по налогообложению в пособие по учету налогов в сметной документации на строительство?,"В тексте указано, что:

- **«В данное пособие включены законодательные акты по налогообложению, действующие на территории Российской Федерации по состоянию на 1 мая 1994 г.»**
- Также отдельно сказано: **«Законодательные акты и нормативные документы, которые упоминаются в Пособии (выпуск 1), представлены по состоянию на 30 сентября 1995 года.»**","Data1_2_2070_index.pdf:page_1, Data1_2_2070_index.pdf:page_3, Data1_2_2070_index.pdf:page_5, Data1_2_2082_index.pdf:page_24, Data1_2_2082_index.pdf:page_26, Data1_2_2082_index.pdf:page_30, Data1_2_2116_index.pdf:page_2, Налоговый кодекс Российской Федерации.pdf:page_1578, Налоговый кодекс Российской Федерации.pdf:page_24, Налоговый кодекс Российской Федерации.pdf:page_946"
В какие сроки должно быть составлено мотивированное решение суда по делу о публичном мероприятии?,"В представленных фрагментах **нет информации о сроках составления мотивированного решения именно по делам о публичном мероприятии**.

Что есть в тексте по срокам изготовления мотивированного решения — относится к другим категориям дел (например, в упрощенном/общем порядке), но **не указано про публичное мероприятие**.","Административный кодекс Российской Федерации.pdf:page_575, Административный кодекс Российской Федерации.pdf:page_580, Арбитражный процессуальный кодекс Российской Федерации.pdf:page_137, Гражданский процессуальный кодекс Российской Федерации.pdf:page_80, Гражданский процессуальный кодекс Российской Федерации.pdf:page_82, Гражданский процессуальный кодекс Российской Федерации.pdf:page_96, Кодекс административного судопроизводства Российской Федерации.pdf:page_118, Кодекс административного судопроизводства Российской Федерации.pdf:page_121, Кодекс административного судопроизводства Российской Федерации.pdf:page_124, Кодекс административного судопроизводства Российской Федерации.pdf:page_95"
"Какие основные нормативные требования по использованию, содержанию и ремонту жилищного фонда приведены в МДС 17-13.2000?","В предоставленном фрагменте **МДС 13-17.2000** сказано только, что в нем приведены:

- **основные нормативные требования по использованию, содержанию и ремонту жилищного фонда, придомовых территорий и объектов коммунального назначения**, за соблюдением которых осуществляет контроль **государственная жилищная инспекция**.

Конкретный перечень этих нормативных требований (по пунктам/разделам) **в данном тексте не приведен**.","Data1_10_10852_index.pdf:page_1, Data1_10_10852_index.pdf:page_40, Data1_10_10861_index.pdf:page_1, Data1_10_10861_index.pdf:page_3, Data1_10_10861_index.pdf:page_4, Data1_10_10862_index.pdf:page_1, Data1_10_10871_index.pdf:page_1, Data1_1_1879_index.pdf:page_1, Data1_1_1904_index.pdf:page_1, Жилищный кодекс Российской Федерации.pdf:page_134"
"Какая сумма налогового вычета применяется, если организация реализует проекты по созданию новых производственных мощностей по переработке этана и сжиженных углеводородных газов?","В предоставленном фрагменте **нет информации** о том, **какая именно сумма налогового вычета** применяется при реализации проектов по созданию новых производственных мощностей по переработке **этана** и **сжиженных углеводородных газов** (СУГ).

Частично есть упоминание:
- для СУГ — налоговая ставка **4 500 рублей за 1 тонну СУГ**, направленного на переработку (это ставка, а не сумма вычета);
- что для ряда налоговых вычетов применяется коэффициент и перечислены подтверждающие документы, но **конкретная “сумма налогового вычета” для указанных проектов** в тексте обрывается/не приведена.","Налоговый кодекс Российской Федерации.pdf:page_1083, Налоговый кодекс Российской Федерации.pdf:page_1459, Налоговый кодекс Российской Федерации.pdf:page_1462, Налоговый кодекс Российской Федерации.pdf:page_162, Налоговый кодекс Российской Федерации.pdf:page_551, Налоговый кодекс Российской Федерации.pdf:page_57, Налоговый кодекс Российской Федерации.pdf:page_586, Налоговый кодекс Российской Федерации.pdf:page_587, Налоговый кодекс Российской Федерации.pdf:page_642, Налоговый кодекс Российской Федерации.pdf:page_703"
В каких случаях разрабатываются ФЕРм на монтажные работы с применением импортных машин и материалов?,"В приведенном фрагменте **указано, что ФЕРм применяются (и допускается корректировка) при использовании импортных машин и материалов**, если при этом:

- **импортные строительные машины** допускают корректировку ФЕРм **когда у применяемых импортных машин нет аналогов отечественного производства, а применение импортных машин предусмотрено проектом**;
- **используются оборудование и материалы (в т.ч. импортные)**, которые **не меняют принципиально технологические и организационные схемы производства монтажных работ и не снижают качественный уровень монтажных работ** (кроме случаев, когда **замена материалов на импортные произведена по требованию заказчика**).

Однако формулировка вопроса про **разработку ФЕРм** именно “для монтажных работ с применением импортных машин и материалов” в тексте напрямую не раскрыта. Есть только правила **применения/корректировки** уже существующих ФЕРм при использовании импортных ресурсов.","Data1_10_10754_index.pdf:page_1, Data1_10_10754_index.pdf:page_10, Data1_10_10754_index.pdf:page_12, Data1_10_10754_index.pdf:page_16, Data1_10_10754_index.pdf:page_18, Data1_10_10754_index.pdf:page_2, Data1_10_10754_index.pdf:page_31, Data1_10_10754_index.pdf:page_6, Data1_10_10754_index.pdf:page_8, Data1_2_2082_index.pdf:page_3"
"Что означает, что семена и племенной материал не явно отличаются от охраняемых сортов или пород?","В предоставленном фрагменте сказано, что охрана распространяется на семена и племенной материал, если они:

- **«не явно отличаются от охраняемых сорта растений или породы животных»**.

То есть **формулировка означает, что такие семена/племенной материал по своим признакам не имеют очевидных (явно различимых) отличий от охраняемого сорта растений или охраняемой породы животных**.","Гражданский кодекс Российской Федерации.pdf:page_519, Гражданский кодекс Российской Федерации.pdf:page_600, Гражданский кодекс Российской Федерации.pdf:page_601, Гражданский кодекс Российской Федерации.pdf:page_602, Гражданский кодекс Российской Федерации.pdf:page_604, Гражданский кодекс Российской Федерации.pdf:page_605, Гражданский кодекс Российской Федерации.pdf:page_612, Гражданский кодекс Российской Федерации.pdf:page_613, Гражданский кодекс Российской Федерации.pdf:page_615, Гражданский кодекс Российской Федерации.pdf:page_652"
"Какие гарантии предоставляются работнику, усыновившему ребенка, в отношении отпусков?","В предоставленных фрагментах **нет положений**, которые прямо устанавливают гарантии по отпускам работнику, **усыновившему ребенка** (упоминаются только общие нормы ТК РФ об отпуске, порядок предоставления ежегодного отпуска и исчисление стажа, без специальных гарантий для усыновителей).

**Ответ: нет в документах.**","Гражданский процессуальный кодекс Российской Федерации.pdf:page_113, Семейный кодекс Российской Федерации.pdf:page_36, Семейный кодекс Российской Федерации.pdf:page_37, Семейный кодекс Российской Федерации.pdf:page_38, Семейный кодекс Российской Федерации.pdf:page_39, Семейный кодекс Российской Федерации.pdf:page_42, Семейный кодекс Российской Федерации.pdf:page_43, Семейный кодекс Российской Федерации.pdf:page_45, Семейный кодекс Российской Федерации.pdf:page_52, Трудовой кодекс Российской Федерации.pdf:page_77"
Какие требования к диспетчерской связи с теплоснабжающей организацией должны быть указаны в технических условиях согласно СНиП?,"В приведенном фрагменте требований к техническим условиям указано:

**«к) требования к диспетчерской связи с теплоснабжающей организацией;»**

Других конкретизаций (какие именно параметры/порядок связи) в предоставленном тексте **нет**.","Data1_10_10852_index.pdf:page_35, Data1_10_10865_index.pdf:page_21, Data1_10_10870_index.pdf:page_10, Data1_10_10870_index.pdf:page_3, Data1_10_10871_index.pdf:page_15, Data1_10_10871_index.pdf:page_16, Data1_10_10871_index.pdf:page_2, Data1_10_10871_index.pdf:page_5, Data1_10_10871_index.pdf:page_7, Data1_10_10871_index.pdf:page_8"
Какой штраф предусмотрен за нарушение порядка рассмотрения жалоб на нарушение порядка предоставления государственной или муниципальной услуги?,"За нарушение должностным лицом, наделенным полномочиями по рассмотрению жалоб на нарушение порядка предоставления государственной или муниципальной услуги, порядка или сроков рассмотрения жалобы, либо незаконный отказ или уклонение указанного должностного лица от принятия ее к рассмотрению предусмотрен административный штраф **в размере от 20 000 до 30 000 рублей**.","Административный кодекс Российской Федерации.pdf:page_104, Административный кодекс Российской Федерации.pdf:page_105, Административный кодекс Российской Федерации.pdf:page_217, Административный кодекс Российской Федерации.pdf:page_226, Административный кодекс Российской Федерации.pdf:page_316, Административный кодекс Российской Федерации.pdf:page_317, Административный кодекс Российской Федерации.pdf:page_413, Административный кодекс Российской Федерации.pdf:page_54, Административный кодекс Российской Федерации.pdf:page_55, Административный кодекс Российской Федерации.pdf:page_93"
Какие работы по герметизации швов предусмотрены в соответствии с ГОСТ МДС 13-18.2000?,"В предоставленном фрагменте прямо указано, что в составе работ предусмотрены:

- **герметизация швов** (в разделе «Прочие сооружения», пункт 3: далее по тексту перечисление продолжается словами «- герметизация швов…»).

Других конкретных работ по герметизации швов (например, какие именно швы и чем герметизируются) в приведенном тексте **нет в документах**.","Data1_10_10846_index.pdf:page_18, Data1_10_10852_index.pdf:page_15, Data1_10_10852_index.pdf:page_30, Data1_10_10852_index.pdf:page_39, Data1_10_10855_index.pdf:page_6, Data1_10_10865_index.pdf:page_32, Data1_11_11295_index.pdf:page_25, Data1_11_11295_index.pdf:page_27, Data1_1_1879_index.pdf:page_22, Data1_2_2081_index.pdf:page_13"
Что регулирует Глава 24.1?,Глава 24.1 регулирует **перемену лиц в обязательстве — переход прав кредитора к другому лицу** (уступка требования и переход прав кредитора на основании закона). Это следует из фрагмента: «**Глава 24. Перемена лиц в об��зательстве § 1. Переход прав кредитора к другому лицу 1. Общие положения**» и статьи 382.,"Административный кодекс Российской Федерации.pdf:page_488, Административный кодекс Российской Федерации.pdf:page_490, Административный кодекс Российской Федерации.pdf:page_497, Административный кодекс Российской Федерации.pdf:page_506, Административный кодекс Российской Федерации.pdf:page_551, Административный кодекс Российской Федерации.pdf:page_557, Гражданский кодекс Российской Федерации.pdf:page_0, Гражданский кодекс Российской Федерации.pdf:page_208, Кодекс административного судопроизводства Российской Федерации.pdf:page_0, Уголовный кодекс Российской Федерации.pdf:page_0"
"В каких случаях таможенный орган не направляет уведомление о неуплаченных суммах таможенных пошлин, налогов?","В представленном фрагменте сказано, что таможенный орган направляет плательщику (и, в установленных случаях, солидарно/субсидиарно обязанным лицам) уведомление о неуплаченных в срок суммах таможенных пошлин и налогов **«за исключением случаев, предусмотренных пунктом 4 настоящей статьи, и случаев, установленных законодательством государств-членов»**.

Иных конкретных случаев (кроме ссылки на пункт 4) в приведённом тексте **нет** — сам пункт 4 в фрагменте не приведён.

**Ответ:** таможенный орган не направляет уведомление в случаях, предусмотренных **пунктом 4 статьи (в представленном фрагменте)**, а также в иных случаях, установленных законодательством государств-членов.  
(Точные основания из пункта 4 в документах выше не раскрыты.)","Налоговый кодекс Российской Федерации.pdf:page_156, Таможенный кодекс Евразийского экономического союза.pdf:page_176, Таможенный кодекс Евразийского экономического союза.pdf:page_324, Таможенный кодекс Евразийского экономического союза.pdf:page_326, Таможенный кодекс Евразийского экономического союза.pdf:page_327, Таможенный кодекс Евразийского экономического союза.pdf:page_55, Таможенный кодекс Евразийского экономического союза.pdf:page_58, Таможенный кодекс Евразийского экономического союза.pdf:page_70, Таможенный кодекс Евразийского экономического союза.pdf:page_72, Таможенный кодекс Евразийского экономического союза.pdf:page_76"
Какие положения Кодекса применяются при приватизации государственного и муниципального имущества?,"При приватизации государственного и муниципального имущества применяются положения **ст. 217 ГК РФ**:

- **Имущество**, находящееся в государственной или муниципальной собственности, может быть передано в собственность граждан и юридических лиц **в порядке, предусмотренном законами о приватизации государственного и муниципального имущества**.
- **При приватизации** положения **ГК РФ**, регулирующие **порядок приобретения и прекращения права собственности**, применяются **если законами о приватизации не предусмотрено иное**.","Гражданский кодекс Российской Федерации.pdf:page_0, Гражданский кодекс Российской Федерации.pdf:page_126, Гражданский кодекс Российской Федерации.pdf:page_128, Гражданский кодекс Российской Федерации.pdf:page_129, Гражданский кодекс Российской Федерации.pdf:page_137, Гражданский кодекс Российской Федерации.pdf:page_159, Гражданский кодекс Российской Федерации.pdf:page_88, Жилищный кодекс Российской Федерации.pdf:page_2, Налоговый кодекс Российской Федерации.pdf:page_102, Семейный кодекс Российской Федерации.pdf:page_9"
Что происходит при неисполнении обязанности по уплате налога?,"При неисполнении обязанности по уплате налога (в установленный срок) налоговый орган вправе обратиться в суд с заявлением о взыскании налога, пеней и штрафов **за счет имущества физического лица** (в пределах сумм из требования), включая:

- денежные средства на счетах в банке,
- электронные денежные средства,
- драгоценные металлы на счетах (во вкладах) в банке,
- наличные денежные средства.","Административный кодекс Российской Федерации.pdf:page_305, Налоговый кодекс Российской Федерации.pdf:page_100, Налоговый кодекс Российской Федерации.pdf:page_107, Налоговый кодекс Российской Федерации.pdf:page_119, Налоговый кодекс Российской Федерации.pdf:page_130, Налоговый кодекс Российской Федерации.pdf:page_135, Налоговый кодекс Российской Федерации.pdf:page_169, Таможенный кодекс Евразийского экономического союза.pdf:page_325, Уголовный кодекс Российской Федерации.pdf:page_126, Уголовный кодекс Российской Федерации.pdf:page_127"
"Какие дополнительные требования предъявляются к некоммерческой организации, если члены подают заявления о намерении принимать участие в заключении договоров подряда на подготовку проектной документации?","В предоставленных фрагментах **нет сведений**, какие именно **дополнительные требования** предъявляются к некоммерческой организации в ситуации, когда **члены подают заявления о намерении принимать участие в заключении договоров подряда на подготовку проектной документации**.

В тексте выше приводятся общие положения о видах саморегулируемых организаций и праве членов выполнять соответствующие работы, а также нормы о проектных и изыскательских работах (ст. 759–760 ГК РФ), но **конкретного правила про “заявления о намерении принимать участие” и “дополнительные требования” к НКО там нет**.

**Ответ: нет в документах**.","Data1_10_10858_index.pdf:page_9, Data1_1_1904_index.pdf:page_4, Градостроительный кодекс Российской Федерации.pdf:page_116, Градостроительный кодекс Российской Федерации.pdf:page_117, Градостроительный кодекс Российской Федерации.pdf:page_119, Градостроительный кодекс Российской Федерации.pdf:page_163, Градостроительный кодекс Российской Федерации.pdf:page_194, Градостроительный кодекс Российской Федерации.pdf:page_197, Градостроительный кодекс Российской Федерации.pdf:page_207, Гражданский кодекс Российской Федерации.pdf:page_324"
Какие образовательные программы могут быть реализованы без налогообложения?,"В предоставленных фрагментах прямо указано только то, что:

- **0% ставка налога** применяется организациями, осуществляющими образовательную деятельность (при выполнении условий).
- Также в другом фрагменте упоминается, что налоговые льготы/расходы связаны с **обучением по основным профессиональным образовательным программам**, **основным программам профессионального обучения** и **дополнительным профессиональным программам** (это формулировки про включение расходов в прочие расходы и условия признания).

При этом в тексте **нет прямого перечисления “какие именно программы” могут быть реализованы “без налогообложения”** как самостоятельный перечень именно образовательных программ.

**Частичный ответ из документов:** могут применяться льготы/ставка 0% для образовательной деятельности в целом, а также упоминаются программы:  
1) **основные профессиональные образовательные программы**;  
2) **основные программы профессионального обучения**;  
3) **дополнительные профессиональные программы**.

Если нужно именно “что без налогообложения” (какие программы законодательно освобождаются), предоставленного текста недостаточно — **в документах нет прямого ответа в таком виде**.","Налоговый кодекс Российской Федерации.pdf:page_1095, Налоговый кодекс Российской Федерации.pdf:page_1301, Налоговый кодекс Российской Федерации.pdf:page_1484, Налоговый кодекс Российской Федерации.pdf:page_1496, Налоговый кодекс Российской Федерации.pdf:page_1596, Налоговый кодекс Российской Федерации.pdf:page_836, Налоговый кодекс Российской Федерации.pdf:page_921, Налоговый кодекс Российской Федерации.pdf:page_978, Налоговый кодекс Российской Федерации.pdf:page_979, Налоговый кодекс Российской Федерации.pdf:page_991"
В каких сферах коллективного управления может быть получена государственная аккредитация?,"Государственная аккредитация может быть получена **в сферах коллективного управления, указанных в пункте 1 статьи 1244**.

В предоставленном фрагменте текст **пункта 1 со перечнем конкретных сфер не приведён** (есть только ссылка на него: «указанных в пункте 1 настоящей статьи»), поэтому перечислить сферы дословно из этих документов **невозможно**.","Гражданский кодекс Российской Федерации.pdf:page_506, Гражданский кодекс Российской Федерации.pdf:page_507, Гражданский кодекс Российской Федерации.pdf:page_82, Гражданский кодекс Российской Федерации.pdf:page_83, Жилищный кодекс Российской Федерации.pdf:page_134, Жилищный кодекс Российской Федерации.pdf:page_185, Налоговый кодекс Российской Федерации.pdf:page_1301, Налоговый кодекс Российской Федерации.pdf:page_1636, Трудовой кодекс Российской Федерации.pdf:page_27, Трудовой кодекс Российской Федерации.pdf:page_36"
Какая площадь монтажа элементов (сборных) с/без зимней защиты должна быть предусмотрена согласно ГОСТ МДС-80-8.2000?,"В приведённом фрагменте **нет упоминания ГОСТ МДС-80-8.2000** и **нет требований про “площадь монтажа элементов (сборных) с/без зимней защиты”**.  

Следовательно, в предоставленных документах ответ **не содержится**: **нет в документах**.","Data1_10_10846_index.pdf:page_3, Data1_10_10847_index.pdf:page_17, Data1_10_10852_index.pdf:page_12, Data1_10_10852_index.pdf:page_38, Data1_10_10865_index.pdf:page_15, Data1_10_10865_index.pdf:page_29, Data1_2_2076_index.pdf:page_7, Data1_2_2076_index.pdf:page_8, Data1_2_2081_index.pdf:page_12, Data1_2_2081_index.pdf:page_16"
Какой разряд зрительной работы установлен для кабинетов обслуживающих видов труда согласно ГОСТ МДС 31-8.2002?,"В приведённом тексте разряд зрительной работы для **кабинетов обслуживающих видов труда** в ГОСТ МДС 31-8.2002 **не указан**.

**Ответ: нет в документах**.","Data1_10_10754_index.pdf:page_22, Data1_10_10846_index.pdf:page_12, Data1_10_10846_index.pdf:page_13, Data1_10_10846_index.pdf:page_14, Data1_10_10846_index.pdf:page_21, Data1_10_10846_index.pdf:page_31, Data1_10_10846_index.pdf:page_32, Data1_10_10846_index.pdf:page_42, Data1_10_10846_index.pdf:page_5, Data1_11_11835_index.pdf:page_29"
"Какое наказание предусмотрено за незаконные действия по усыновлению (удочерению) детей, передаче их под опеку (попечительство), на воспитание в приемные семьи, совершенные неоднократно или из корыстных побуждений?","В предоставленных фрагментах есть состав ответственности за **разглашение тайны усыновления (удочерения)** (ст. **155 УК РФ**) и за некоторые иные правонарушения, но **нет нормы**, которая прямо описывает **незаконные действия по усыновлению (удочерению), передаче под опеку (попечительство), в приемные семьи**, совершенные **неоднократно** или **из корыстных побуждений**.

**Ответ: нет в документах.**","Административный кодекс Российской Федерации.pdf:page_47, Семейный кодекс Российской Федерации.pdf:page_36, Семейный кодекс Российской Федерации.pdf:page_37, Семейный кодекс Российской Федерации.pdf:page_38, Семейный кодекс Российской Федерации.pdf:page_39, Семейный кодекс Российской Федерации.pdf:page_42, Семейный кодекс Российской Федерации.pdf:page_43, Уголовный кодекс Российской Федерации.pdf:page_194, Уголовный кодекс Российской Федерации.pdf:page_48, Уголовный кодекс Российской Федерации.pdf:page_81"
Какие действия должны быть предприняты после установки реперов согласно СНиП 3.01.03-84?,"В приведённом фрагменте прямо указано следующее после установки реперов (рабочих реперов):

- **Реперы должны находиться на удобном для пользования месте** и **давать возможность с одной стоянки нивелировать наибольшую площадь строительного объекта** (п. 5.10).
- **Тип реперов и места их установки** указываются в **геодезическом разделе ППР или в ППГР** (п. 5.12).

Других конкретных “действий после установки реперов” (например, по их проверке/повторному закреплению/освидетельствованию) в тексте фрагмента нет.

**Ответ:** из текста следует только вышеуказанное: обеспечить удобство пользования и возможность нивелирования с одной стоянки; при этом места/тип реперов должны быть отражены в ППР/ППГР.","Data1_10_10861_index.pdf:page_26, Data1_11_11285_index.pdf:page_29, Data1_11_11285_index.pdf:page_30, Data1_11_11285_index.pdf:page_4, Data1_11_11285_index.pdf:page_69, Data1_11_11285_index.pdf:page_70, Data1_11_11295_index.pdf:page_25, Data1_11_11295_index.pdf:page_26, Data1_11_11295_index.pdf:page_27, Data1_11_11295_index.pdf:page_47"
Какие работы необходимо провести в тепловых сетях согласно ГОСТ МДС 13-18.2000?,"В приведённом фрагменте текста **МДС 13-18.2000 / ГОСТ МДС 13-18.2000** перечисление работ именно для **тепловых сетей** сформулировано частично, но в явном виде встречаются следующие работы, которые относятся к теплосетям/тепловым пунктам и их элементам:

- **Определить остаточный ресурс трубопроводов** тепловой сети (программа «Ресурс-2») и выявить участки в предаварийном состоянии.
- **Устранить зазоры у основания “отстающих” стояков или циркуляционной трубе “отстающего” стояка.**
- **Отрегулировать стояки системы с тупиковой разводкой.**
- **Восстановить тепловую изоляцию горячей магистрали.**
- **Выполнить технические мероприятия по регулированию давления и поглощению избыточных напоров у водоразборной арматуры.**
- **Проверить тепловую изоляцию вытяжных систем канализационных стояков** и при отсутствии выполнить утепление (в тексте указано условно для инженерных систем).
- **Обеспечить разработку (восстановление) необходимой технической документации.**
- **Выполнить гидропневматическую промывку и гидравлическое испытание системы отопления** в период подготовки к осенне‑зимнему периоду.
- **Восстановить теплоизоляцию** трубопроводов и арматуры систем отопления по проекту.

Других конкретных перечней работ “в тепловых сетях” в предоставленном фрагменте **нет в документах** (точнее: в тексте фрагмента после этого перечисления сведений о ГОСТ/МДС для тепловых сетей больше не приведено).","Data1_10_10852_index.pdf:page_15, Data1_10_10852_index.pdf:page_24, Data1_10_10852_index.pdf:page_35, Data1_10_10861_index.pdf:page_31, Data1_10_10861_index.pdf:page_32, Data1_10_10862_index.pdf:page_1, Data1_10_10865_index.pdf:page_11, Data1_10_10871_index.pdf:page_6, Data1_10_10871_index.pdf:page_7, Data1_1_1879_index.pdf:page_21"
"Можно ли изменить выбранный метод начисления амортизации? Если да, то с какой периодичностью?","В приведенном тексте прямо указано:  

- **«В отношении прочих объектов амортизируемого имущества независимо от срока введения объектов в эксплуатацию применяется только метод начисления амортизации, установленный налогоплательщиком в учетной политике для целей налогообложения.»**  

При этом **частоты/периодичности изменения метода** в предоставленном фрагменте **нет** (как и самого правила, разрешающего менять метод и в какие сроки).

**Ответ:** нет в документах.","Налоговый кодекс Российской Федерации.pdf:page_1215, Налоговый кодекс Российской Федерации.pdf:page_1504, Налоговый кодекс Российской Федерации.pdf:page_519, Налоговый кодекс Российской Федерации.pdf:page_520, Налоговый кодекс Российской Федерации.pdf:page_950, Налоговый кодекс Российской Федерации.pdf:page_951, Налоговый кодекс Российской Федерации.pdf:page_952, Налоговый кодекс Российской Федерации.pdf:page_953, Налоговый кодекс Российской Федерации.pdf:page_954, Налоговый кодекс Российской Федерации.pdf:page_959"
"Что грозит за производство, хранение, перевозку или сбыт товаров и продукции, не отвечающих требованиям безопасности?","В предоставленных фрагментах есть частичный ответ: в тексте упоминается **статья 238 УК РФ** (“Производство, хранение, перевозка либо сбыт товаров и продукции, выполнение работ или оказание услуг…”), но дальше приведён **неполный фрагмент** санкций и **не указано полностью**, что грозит именно за производство/хранение/перевозку/сбыт *товаров и продукции, не отвечающих требова��иям безопасности*.

По имеющемуся фрагменту указаны наказания для случаев, когда деяние:
- причинило **крупный ущерб** гражданам, организациям или государству **либо** сопряжено с извлечением дохода **в крупном размере** (ссылка на исключения), — **наказывается** штрафом **до 300 000 руб.** или в размере зарплаты/иного дохода осужденного за период **до 2 лет**, либо **обязательными работами до 480 часов**, либо **арестом до 6 месяцев**.

Также в фрагменте перечислены более строгие санкции для “того же деяния” (например, совершённого организованной группой или при извлечении дохода в особо крупном размере), но соответствующая часть также приведена обрывочно.

**Ответ:** по ст. 238 УК РФ (в приведённой части) — при наличии крупного ущерба/дохода в крупном размере грозит штраф до 300 000 руб. (или в размере дохода за до 2 лет), либо обязательные работы до 480 часов, либо арест до 6 месяцев; для квалифицированных случаев предусмотрено наказание строже.","Административный кодекс Российской Федерации.pdf:page_137, Административный кодекс Российской Федерации.pdf:page_168, Административный кодекс Российской Федерации.pdf:page_286, Административный кодекс Российской Федерации.pdf:page_307, Административный кодекс Российской Федерации.pdf:page_61, Уголовный кодекс Российской Федерации.pdf:page_162, Уголовный кодекс Российской Федерации.pdf:page_172, Уголовный кодекс Российской Федерации.pdf:page_182, Уголовный кодекс Российской Федерации.pdf:page_185, Уголовный кодекс Российской Федерации.pdf:page_97"
Какова цель настоящего Положения?,нет в документах,"Data1_10_10858_index.pdf:page_2, Бюджетный кодекс Российской Федерации.pdf:page_250, Гражданский кодекс Российской Федерации.pdf:page_300, Гражданский кодекс Российской Федерации.pdf:page_527, Жилищный кодекс Российской Федерации.pdf:page_29, Налоговый кодекс Российской Федерации.pdf:page_277, Налоговый кодекс Российской Федерации.pdf:page_40, Налоговый кодекс Российской Федерации.pdf:page_66, Налоговый кодекс Российской Федерации.pdf:page_71, Таможенный кодекс Евразийского экономического союза.pdf:page_489"
Какая площадь жилого городка (Подрядчик) и сколько персонала должно быть предусмотрено согласно ГОСТ МДС-80-8.2000?,"В предоставленных фрагментах **ГОСТ МДС-80-8.2000** указаны **только численные нормы по численному составу строительной (строительно-эксплуатационной) службы** (например, “смотритель зданий”, “старший инженер-строитель”, и т.д.), но **не приведены требования** к:

- **площади жилого городка для строителей (Подрядчик)** (упоминание “жилой поселок для строителей … м” есть, но это относится к другому фрагменту/разделу и не содержит норматива “по ГОСТ/МДС-80-8.2000” в явном виде);
- **количеству персонала подрядчика** в виде нормы “сколько персонала должно быть предусмотрено” — в тексте есть общий состав службы предприятия (надзор/ремонт), а не персонал подрядчика.

Следовательно, по вопросу в формулировке “согласно ГОСТ МДС-80-8.2000”:

- **Площадь жилого городка (Подрядчик): нет в документах**  
- **Сколько персонала должно быть предусмотрено (Подрядчик): нет в документах**","Data1_10_10846_index.pdf:page_32, Data1_10_10859_index.pdf:page_6, Data1_10_10865_index.pdf:page_1, Data1_10_10865_index.pdf:page_19, Data1_10_10865_index.pdf:page_24, Data1_10_10865_index.pdf:page_25, Data1_10_10865_index.pdf:page_7, Data1_10_10865_index.pdf:page_8, Data1_10_10869_index.pdf:page_1, Data1_1_1879_index.pdf:page_34"
Кто осуществляет снос самовольной постройки?,"В представленном фрагменте указано, что **снос самовольной постройки (или приведение ее в соответствие с установленными требованиями) может осуществляться в случаях, предусмотренных законом, органом местного самоуправления**.

Также в тексте сказано, что если самовольная постройка создана/возведена лицом, **не являющимся правообладателем земельного участка**, то указанные лица выполняют функции застройщика.

При этом прямого указания “кто именно” (какой орган/лицо в общем виде для всех случаев) в приведенном фрагменте целиком нет — видна лишь конструкция: **в определенных законом случаях — орган местного самоуправления**.","Градостроительный кодекс Российской Федерации.pdf:page_251, Градостроительный кодекс Российской Федерации.pdf:page_256, Градостроительный кодекс Российской Федерации.pdf:page_257, Градостроительный кодекс Российской Федерации.pdf:page_29, Гражданский кодекс Российской Федерации.pdf:page_130, Гражданский кодекс Российской Федерации.pdf:page_131, Гражданский кодекс Российской Федерации.pdf:page_138, Земельный кодекс Российской Федерации.pdf:page_121, Земельный кодекс Российской Федерации.pdf:page_161, Земельный кодекс Российской Федерации.pdf:page_166"
Что признаются однородными требованиями?,"В приведённом фрагменте сказано, что **однородными признаются требования**, в том числе:

- **по поставке** ценных бумаг — при одинаковом объёме прав ценных бумаг **одного эмитента**, **одного вида**, **одной категории (типа)** (и т.п.);  
- **по передаче** ценных бумаг — также при одинаковом объёме прав ценных бумаг **одного эмитента**, **одного вида**, **одной категории (типа)** либо **одного паевого инвестиционного фонда** (для инвестиционных паев).

Также отмечается, что зачет встречных однородных требований должен подтверждаться документами о прекращении обязательств по передаче (принятию) ценных бумаг.","Data1_2_2082_index.pdf:page_21, Гражданский кодекс Российской Федерации.pdf:page_169, Гражданский процессуальный кодекс Российской Федерации.pdf:page_18, Налоговый кодекс Российской Федерации.pdf:page_1011, Налоговый кодекс Российской Федерации.pdf:page_104, Налоговый кодекс Российской Федерации.pdf:page_1163, Налоговый кодекс Российской Федерации.pdf:page_292, Налоговый кодекс Российской Федерации.pdf:page_756, Таможенный кодекс Евразийского экономического союза.pdf:page_34, Трудовой кодекс Российской Федерации.pdf:page_95"
На каких условиях создается комиссия по совместной подготовке проектов?,"В предоставленном фрагменте есть лишь общее указание, что **«предложения о совместной подготовке проекта документа территориального планирования… должны содержать положения об организации скоординированных работ…»**, но **конкретно условий создания комиссии** по совместной подготовке проектов (кто создает, состав, порядок формирования, полномочия) в тексте **нет**.

**Ответ: нет в документах.**","Data1_10_10858_index.pdf:page_6, Data1_10_10858_index.pdf:page_9, Data1_10_10867_index.pdf:page_2, Data1_10_10872_index.pdf:page_10, Data1_10_10872_index.pdf:page_5, Data1_1_1904_index.pdf:page_29, Градостроительный кодекс Российской Федерации.pdf:page_116, Градостроительный кодекс Российской Федерации.pdf:page_118, Градостроительный кодекс Российской Федерации.pdf:page_68, Градостроительный кодекс Российской Федерации.pdf:page_69"
"Какое наказание предусмотрено за нарушение требований пожарной безопасности, если это повлекло по неосторожности причинение тяжкого вреда здоровью человека?","В предоставленных фрагментах есть норма об ответственности за **нарушение требований пожарной безопасности, повлекшее возникновение пожара и причинение тяжкого вреда здоровью человека**:  

**наложение административного штрафа на юридических лиц в размере от 1 000 000 до 2 000 000 рублей либо административное приостановление деятельности на срок до 90 суток**.  

(Это указано в тексте перед фрагментом со статьёй 20.4.)","Административный кодекс Российской Федерации.pdf:page_436, Административный кодекс Российской Федерации.pdf:page_437, Уголовный кодекс Российской Федерации.pdf:page_183, Уголовный кодекс Российской Федерации.pdf:page_206, Уголовный кодекс Российской Федерации.pdf:page_211, Уголовный кодекс Российской Федерации.pdf:page_242, Уголовный кодекс Российской Федерации.pdf:page_270, Уголовный кодекс Российской Федерации.pdf:page_52, Уголовный кодекс Российской Федерации.pdf:page_53, Уголовный кодекс Российской Федерации.pdf:page_55"
Как определить стоимость единицы измерения материала в соответствии с Формой № 5?,"В приведённом фрагменте **прямого формульного ответа** для «стоимости единицы измерения материала» **в соответствии с Формой № 5** нет.

Из текста, который относится к расчёту стоимости материалов, есть только указание, что **цена на вид материального ресурса определяется методом калькулирования элементов затрат**, и приводится формула (обозначена как формула **(4)**), где цена определяется через:

- **Цм** — свободная/регулируемая цена производителя,
- **ТР** — транспортные расходы,
- **Стар** — стоимость тары, упаковки и т.п. (обрезано в фрагменте).

То есть частично можно указать принцип: *стоимость единицы материала берётся как результат калькулирования элементов затрат по формуле (4), определяемой для «франко‑приобъектный склад»*.

Но **конкретно для Формы № 5** (какое именно поле и как из каких граф считать «Стоимость единицы измерения…»), в предоставленном тексте **недостаточно данных**.  

**Ответ:** нет в документах (указания именно для Формы № 5 по определению «стоимости единицы измерения» недостаточны), однако принцип определения цены соответствует подходу из текста: цена ресурса определяется методом калькулирования элементов затрат по формуле (4) через Цм, ТР и стоимость тары/упаковки.","Data1_10_10848_index.pdf:page_6, Data1_2_2076_index.pdf:page_14, Data1_2_2079_index.pdf:page_17, Data1_2_2079_index.pdf:page_18, Data1_2_2080_index.pdf:page_14, Data1_2_2080_index.pdf:page_15, Data1_2_2080_index.pdf:page_17, Data1_2_2080_index.pdf:page_27, Data1_2_2082_index.pdf:page_16, Data1_2_2117_index.pdf:page_6"
Какие этапы разработки градостроительной документации предусмотрены ГОСТ МДС 11-7.2000?,"В предоставленном фрагменте **МДС 11-7.2000** перечислены **виды** градостроительной документации, но **конкретных “этапов разработки”** (как последовательных стадий) в тексте ответа **нет**.

Частично (в качестве состава) в документе указано, что основными видами являются, например:  
- генеральные схемы и региональные схемы;  
- территориальные комплексные схемы охраны природы и природопользования;  
- схемы и проекты районной планировки;  
- генеральные планы (городов/поселений/территорий);  
- проект детальной планировки;  
- проект застройки;  
- также отдельно описаны разделы про согласование, экспертизу и утверждение.

**Ответ по вопросу (этапы разработки): нет в документах.**","Data1_10_10865_index.pdf:page_32, Data1_1_1879_index.pdf:page_1, Data1_1_1904_index.pdf:page_1, Data1_1_1904_index.pdf:page_11, Data1_1_1904_index.pdf:page_2, Data1_1_1904_index.pdf:page_27, Data1_1_1904_index.pdf:page_29, Data1_1_1904_index.pdf:page_3, Data1_2_2076_index.pdf:page_1, Градостроительный кодекс Российской Федерации.pdf:page_298"
"Какова эффективность рекламы, согласно ГОСТ МДС 11-11.2000?","В приведённом фрагменте **нет** упоминания ГОСТ/МДС **11-11.2000** и **нет** формулировок про «эффективность рекламы» (показатели, критерии, методика расчёта и т.п.).  

**Ответ:** нет в документах.","Data1_10_10754_index.pdf:page_28, Data1_10_10754_index.pdf:page_3, Data1_10_10846_index.pdf:page_20, Data1_10_10855_index.pdf:page_6, Data1_10_10855_index.pdf:page_7, Data1_10_10858_index.pdf:page_19, Data1_10_10865_index.pdf:page_24, Data1_10_10865_index.pdf:page_32, Data1_10_10865_index.pdf:page_35, Административный кодекс Российской Федерации.pdf:page_281"
Какая расчетная температура воздуха в помещениях для взрослых больных в больницах согласно ГОСТ МДС 31-8.2002?,"В предоставленном фрагменте есть значение расчетной температуры воздуха только для **«Помещения больниц, палат»** и указано:

- **для взрослых больных — 20 °С**.","Data1_10_10062_index.pdf:page_7, Data1_10_10846_index.pdf:page_11, Data1_10_10846_index.pdf:page_21, Data1_10_10846_index.pdf:page_40, Data1_10_10849_index.pdf:page_6, Data1_10_10852_index.pdf:page_27, Data1_10_10861_index.pdf:page_32, Data1_10_10861_index.pdf:page_5, Data1_11_11835_index.pdf:page_22, Data1_2_2096_index.pdf:page_3"
"Что такое ""индикатор риска""?","**«Индикатор риска»** — это **признак или совокупность признаков, позволяющих выбрать объект таможенного контроля**.","Гражданский кодекс Российской Федерации.pdf:page_280, Налоговый кодекс Российской Федерации.pdf:page_1298, Налоговый кодекс Российской Федерации.pdf:page_16, Налоговый кодекс Российской Федерации.pdf:page_283, Налоговый кодекс Российской Федерации.pdf:page_284, Налоговый кодекс Российской Федерации.pdf:page_9, Таможенный кодекс Евразийского экономического союза.pdf:page_438, Таможенный кодекс Евразийского экономического союза.pdf:page_439, Трудовой кодекс Российской Федерации.pdf:page_114, Трудовой кодекс Российской Федерации.pdf:page_115"
Что такое счет неустановленных лиц и для каких организаций он предназначен?,"В предоставленном тексте сказано следующее: **«счете неустановленных лиц применительно к организации, в отношении которой установлено право на получение такого дохода»**.

Иными словами, **счет неустановленных лиц предназначен для организации, которая имеет право на получение соответствующего дохода**, но получатель (лицо) не установлен на этом счете.","Административный кодекс Российской Федерации.pdf:page_328, Гражданский кодекс Российской Федерации.pdf:page_100, Гражданский кодекс Российской Федерации.pdf:page_360, Налоговый кодекс Российской Федерации.pdf:page_1032, Налоговый кодекс Российской Федерации.pdf:page_174, Налоговый кодекс Российской Федерации.pdf:page_178, Налоговый кодекс Российской Федерации.pdf:page_181, Налоговый кодекс Российской Федерации.pdf:page_223, Таможенный кодекс Евразийского экономического союза.pdf:page_422, Уголовно-процессуальный кодекс Российской Федерации.pdf:page_128"
Что такое инвестиционный налоговый вычет и как он влияет на уменьшение доходов от реализации объекта основных средств?,"Инвестиционный налоговый вычет — это право налогоплательщика уменьшить сумму налога (в предусмотренных случаях также зачет/включение в расчеты по будущим периодам) на сумму расходов, связанных с определёнными видами инвестиций.

Как он влияет на уме��ьшение доходов от реализации объекта основных средств — в тексте сказано следующее:

- **При реализации объекта основных средств (нематериального актива), в отношении которого налогоплательщик использовал инвестиционный налоговый вычет, до истечения срока полезного использования**, налогоплательщик должен **восстановить (уплатить в бюджет) суммы налога, не уплаченные в связи с применением вычета** (с уплатой пеней в предусмотренных случаях).  
- **При реализации объекта основных средств, в отношении которого использовалось право на применение инвестиционного налогового вычета в части стоимости основного средства**, доходы от таких операций уменьшаются **на остаточную стоимость амортизируемого имущества**, определяемую по правилам статьи 257 НК РФ.  

То есть вычет “работает” на расчет налоговой базы при последующей реализации через уменьшение величины дохода/налогооблагаемой прибыли (в пределах остаточной стоимости) либо через обязанность восстановить ранее неуплаченный налог, если реализация произошла раньше срока полезного использования.","Налоговый кодекс Российской Федерации.pdf:page_1120, Налоговый кодекс Российской Федерации.pdf:page_1122, Налоговый кодекс Российской Федерации.pdf:page_1123, Налоговый кодекс Российской Федерации.pdf:page_1124, Налоговый кодекс Российской Федерации.pdf:page_1125, Налоговый кодекс Российской Федерации.pdf:page_1127, Налоговый кодекс Российской Федерации.pdf:page_1128, Налоговый кодекс Российской Федерации.pdf:page_841, Налоговый кодекс Российской Федерации.pdf:page_844, Налоговый кодекс Российской Федерации.pdf:page_996"
"Какой штраф грозит председателю или члену избирательной комиссии, комиссии референдума за нарушение установленного законом порядка подсчета голосов?","В тексте указано, что за **нарушение председателем или членом избирательной комиссии, комиссии референдума установленного законом порядка подсчета голосов** предусмотрен административный штраф по **ст. 5.24 КоАП РФ (ч. 1)** в размере **от 500 до 1 500 рублей**.","Административный кодекс Российской Федерации.pdf:page_33, Административный кодекс Российской Федерации.pdf:page_34, Административный кодекс Российской Федерации.pdf:page_38, Административный кодекс Российской Федерации.pdf:page_41, Административный кодекс Российской Федерации.pdf:page_58, Уголовный кодекс Российской Федерации.pdf:page_115, Уголовный кодекс Российской Федерации.pdf:page_70, Уголовный кодекс Российской Федерации.pdf:page_71, Уголовный кодекс Российской Федерации.pdf:page_72, Уголовный кодекс Российской Федерации.pdf:page_73"
"Какие гарантии и льготы предоставляются лицам, воспитывающим детей без матери?","В приведенном фрагменте **Семейного кодекса РФ** нет норм, прямо перечисляющих **гарантии и льготы именно для лиц, воспитывающих детей без матери**.

Из текста, который вы дали, можно извлечь лишь общий фрагмент о том, что **при ограничении родительских прав** родители утрачивают право на **льготы и государственные пособия**, установленные для граждан, имеющих детей (ст. 73 СК РФ — в вашем фрагменте это начинается со слов «…а также право на льготы и государственные пособия…»).

Иных льгот/гарантий для «воспитывающих детей без матери» в предоставленном материале **нет**.

**Ответ: нет в документах.**","Семейный кодекс Российской Федерации.pdf:page_14, Семейный кодекс Российской Федерации.pdf:page_17, Семейный кодекс Российской Федерации.pdf:page_18, Семейный кодекс Российской Федерации.pdf:page_19, Семейный кодекс Российской Федерации.pdf:page_20, Семейный кодекс Российской Федерации.pdf:page_21, Семейный кодекс Российской Федерации.pdf:page_22, Семейный кодекс Российской Федерации.pdf:page_36, Семейный кодекс Российской Федерации.pdf:page_38, Семейный кодекс Российской Федерации.pdf:page_45"
"Какое состояние должны иметь водосточные трубы и окрытия оголовков, парапетов и т.п. согласно ГОСТ МДС 13-18.2000?","Согласно тексту ГОСТ/МДС **13-18.2000** в разделе про приемки указано требование для пункта:

**«Водосточные трубы и окрытия оголовков, парапетов и т.п.»** — должно быть **в исправном состоянии** (в составе перечня мероприятий по устранению нарушений в конструкциях зданий).

Других конкретных условий (например, “без течей/без повреждений”) в приведённом фрагменте документа не указано.","Data1_10_10852_index.pdf:page_1, Data1_10_10852_index.pdf:page_3, Data1_10_10852_index.pdf:page_37, Data1_10_10861_index.pdf:page_41, Data1_10_10861_index.pdf:page_42, Data1_10_10865_index.pdf:page_39, Data1_1_1879_index.pdf:page_18, Data1_1_1879_index.pdf:page_22, Data1_1_1879_index.pdf:page_25, Data1_1_1879_index.pdf:page_30"
Каковы лимиты на учетный период для суммированного учета рабочего времени?,"В тексте указано, что учетный период при суммированном учете рабочего времени **не может превышать один год**, а **для учета рабочего времени работников, занятых на работах с вредными и (или) опасными условиями труда — три месяца**.  

Также сказано, что при сезонном и (или) технологическом характере для таких работников учетный период может быть увеличен **но не более чем до одного года**.","Data1_10_10754_index.pdf:page_22, Гражданский кодекс Российской Федерации.pdf:page_122, Трудовой кодекс Российской Федерации.pdf:page_100, Трудовой кодекс Российской Федерации.pdf:page_101, Трудовой кодекс Российской Федерации.pdf:page_65, Трудовой кодекс Российской Федерации.pdf:page_66, Трудовой кодекс Российской Федерации.pdf:page_67, Трудовой кодекс Российской Федерации.pdf:page_71, Трудовой кодекс Российской Федерации.pdf:page_75, Трудовой кодекс Российской Федерации.pdf:page_95"
По какому документу (СНиП 3.01.03-84) указываются места установки рабочих реперов?,"Места установки рабочих (строительных) реперов указываются в **СНиП 3.01.03-84** (в тексте приведено: *«ПОСОБИЕ… (к СНиП 3.01.03-84)»*), а конкретно в разделе про реперы указано, что для каждого здания закрепляют рабочие реперы и описаны требования к их размещению.","Data1_10_10865_index.pdf:page_13, Data1_10_10865_index.pdf:page_31, Data1_11_11285_index.pdf:page_1, Data1_11_11285_index.pdf:page_29, Data1_11_11285_index.pdf:page_30, Data1_11_11285_index.pdf:page_45, Data1_11_11285_index.pdf:page_49, Data1_11_11285_index.pdf:page_70, Data1_11_11285_index.pdf:page_76, Data1_2_2096_index.pdf:page_4"
Какое административное наказание предусмотрено за нарушение сроков обслуживания и погашения государственного (муниципального) долга?,"В предоставленных фрагментах **нет в документах** сведений о том, какое административное наказание предусмотрено **за нарушение сроков обслуживания и погашения государственного (муниципального) долга**.","Административный кодекс Российской Федерации.pdf:page_105, Административный кодекс Российской Федерации.pdf:page_299, Административный кодекс Российской Федерации.pdf:page_309, Административный кодекс Российской Федерации.pdf:page_310, Административный кодекс Российской Федерации.pdf:page_315, Административный кодекс Российской Федерации.pdf:page_316, Административный кодекс Российской Федерации.pdf:page_317, Административный кодекс Российской Федерации.pdf:page_328, Бюджетный кодекс Российской Федерации.pdf:page_147, Бюджетный кодекс Российской Федерации.pdf:page_162"
Могут ли собственники установить взнос на капитальный ремонт выше минимального?,"Да, могут.

В тексте указано, что **минимальный размер взноса на капитальный ремонт** устанавливается субъектом РФ, а также что **превышение** предельной стоимости (и оплата работ сверх указанных) **осуществляется за счет средств собственников**, которые платят **взнос на капитальный ремонт “сверх минимального размера взноса”**. Это означает, что собственники вправе установить (и платить) сумму больше минимальной.","Жилищный кодекс Российской Федерации.pdf:page_121, Жилищный кодекс Российской Федерации.pdf:page_153, Жилищный кодекс Российской Федерации.pdf:page_154, Жилищный кодекс Российской Федерации.pdf:page_155, Жилищный кодекс Российской Федерации.pdf:page_156, Жилищный кодекс Российской Федерации.pdf:page_157, Жилищный кодекс Российской Федерации.pdf:page_158, Жилищный кодекс Российской Федерации.pdf:page_163, Жилищный кодекс Российской Федерации.pdf:page_182, Жилищный кодекс Российской Федерации.pdf:page_35"
"Какие действия должен предпринять налоговый орган после принятия решения об отказе, приостановлении, возобновлении или аннулировании свидетельства?","В представленных фрагментах указано следующее.

1) **После принятия решения об отказе в выдаче свидетельства**  
Налоговый орган обязан **в письменной форме уведомить организацию** об отказе **в трехдневный срок со дня принятия соответствующего решения**.  
(см. комментарий к п. 13: “об отказе в его выдаче … в трехдневный срок со дня принятия соответствующего решения”)

2) **После принятия решения о приостановлении действия свидетельства**  
Налоговый орган обязан:
- **в своем решении установить срок устранения нарушений**, повлекших приостановление (срок **не более 6 месяцев**);  
- **в трехдневный срок с даты принятия решения направить его организации**, которой выдано свидетельство.  
(см. фрагмент: “При этом срок устранения… не может превышать шесть месяцев” и “в трехдневный срок… направляет его организации”)

Также: **организация** должна письменно уведомить налоговый орган об устранении нарушений.

3) **После получения уведомления об устранении нарушений (возобновление действия)**  
Налоговый орган в **течение десяти рабочих дней** со дня получения уведомления принимает решение о **возобновлении** либо **об аннулировании** свидетельства и **сообщает об этом в письменной форме** (далее в фрагментах указывается “в трехдневный срок” — в зависимости от конкретной связки нормы).  
(см. фрагмент: “в течение десяти рабочих дней… принимает решение… и сообщает… в письменной форме…”)

Отдельно: **решение о возобновлении** вступает в силу **с даты его принятия**.

4) **После принятия решения об аннулировании свидетельства**  
Налоговый орган обязан **уведомить организацию в письменной форме об аннулировании** **в трехдневный срок со дня принятия соответствующего решения**.  
(см. фрагмент: “о возобновлении… или об аннулировании… в трехдневный срок со дня принятия соответствующего решения”)

Итого: во всех случаях (отказ/приостановление/возобновление/аннулирование) в тексте прямо предусмотрено **письменное уведомление организации** и **конкретные сроки** (для уведомления — 3 дня, для решения после уведомления организации — 10 рабочих дней).","Налоговый кодекс Российской Федерации.pdf:page_549, Налоговый кодекс Российской Федерации.pdf:page_558, Налоговый кодекс Российской Федерации.pdf:page_559, Налоговый кодекс Российской Федерации.pdf:page_562, Налоговый кодекс Российской Федерации.pdf:page_563, Налоговый кодекс Российской Федерации.pdf:page_571, Налоговый кодекс Российской Федерации.pdf:page_572, Налоговый кодекс Российской Федерации.pdf:page_575, Налоговый кодекс Российской Федерации.pdf:page_581, Налоговый кодекс Российской Федерации.pdf:page_589"
Какие телефоны доступны для бесплатной юридической консультации в Москве и Московской области?,Для бесплатной юридической консультации в Москве и Московской области доступен телефон: **8 (499) 938-53-71**.,"Административный кодекс Российской Федерации.pdf:page_613, Арбитражный процессуальный кодекс Российской Федерации.pdf:page_114, Гражданский кодекс Российской Федерации.pdf:page_662, Налоговый кодекс Российской Федерации.pdf:page_1260, Налоговый кодекс Российской Федерации.pdf:page_1344, Налоговый кодекс Российской Федерации.pdf:page_1345, Налоговый кодекс Российской Федерации.pdf:page_1347, Налоговый кодекс Российской Федерации.pdf:page_1352, Налоговый кодекс Российской Федерации.pdf:page_1631, Уголовный кодекс Российской Федерации.pdf:page_276"
"Какие решения принимаются о подготовке и реализации бюджетных инвестиций в объекты государственной собственности Российской Федерации, находящиеся в оперативном управлении или хозяйственном ведении федеральных государственных учреждений стоимостью менее 3 миллиардов рублей?","Из приведённого фрагмента следует следующее:

о подготовке и реализации бюджетных инвестиций в объекты государственной собственности Российской Федерации (в т.ч. создаваемые в результате капитальных вложений) стоимостью **менее 3 млрд рублей** решение принимается **в форме правового акта Правительства РФ или (в случаях и порядке, установленных Правительством РФ) — в форме правового акта федерального органа исполнительной власти или иной организации, осуществляющих полномочия главного распорядителя средств федерального бюджета**.

(В тексте указание про «находящиеся в оперативном управлении или хозяйственном ведении» относится к закреплению созданных объектов, но форма решения о подготовке/реализации инвестиций — именно по порогу **3 млрд рублей** — приведена в процитированном фрагменте.)","Бюджетный кодекс Российской Федерации.pdf:page_103, Бюджетный кодекс Российской Федерации.pdf:page_104, Бюджетный кодекс Российской Федерации.pdf:page_105, Бюджетный кодекс Российской Федерации.pdf:page_106, Бюджетный кодекс Российской Федерации.pdf:page_258, Бюджетный кодекс Российской Федерации.pdf:page_327, Бюджетный кодекс Российской Федерации.pdf:page_78, Бюджетный кодекс Российской Федерации.pdf:page_91, Бюджетный кодекс Российской Федерации.pdf:page_94, Гражданский кодекс Российской Федерации.pdf:page_82"
Что происходит с пунктами 3.1 и 4 статьи 183?,В предоставленных фрагментах **нет информации** о пунктах **3.1** и **4** статьи **183**.,"Административный кодекс Российской Федерации.pdf:page_9, Гражданский кодекс Российской Федерации.pdf:page_117, Гражданский кодекс Российской Федерации.pdf:page_171, Кодекс административного судопроизводства Российской Федерации.pdf:page_3, Кодекс административного судопроизводства Российской Федерации.pdf:page_98, Налоговый кодекс Российской Федерации.pdf:page_604, Налоговый кодекс Российской Федерации.pdf:page_607, Налоговый кодекс Российской Федерации.pdf:page_655, Таможенный кодекс Евразийского экономического союза.pdf:page_200, Уголовно-процессуальный кодекс Российской Федерации.pdf:page_128"
Какие примеры расчета приведенных затрат приведены в разделе «Экономическая оценка» согласно ГОСТ МДС 80-3.2000?,"В разделе **«4. ЭКОНОМИЧЕСКАЯ ОЦЕНКА»** текста приведён **только общий фрагмент**, без описания конкретных примеров расчетов приведенных затрат.

Цитируемый фрагмент (конец раздела 4.1):
- **«4.1. Если по предмету подрядных торгов заказчик заинтересован в ускорении ввода объекта в эксплуатацию и в повышении рентабельности проектируемого или …»**

Дальше в предоставленном фрагменте **нет продолжения**, где были бы показаны **примеры расчета приведенных затрат** (ни формулы, ни числовые расчеты, ни “как считать” на примерах).

**Ответ:** нет в документах (в предоставленном тексте раздела «Экономическая оценка» примеры расчета приведенных затрат отсутствуют).","Data1_10_10754_index.pdf:page_24, Data1_10_10754_index.pdf:page_28, Data1_10_10754_index.pdf:page_3, Data1_10_10864_index.pdf:page_8, Data1_10_10869_index.pdf:page_1, Data1_10_10869_index.pdf:page_6, Data1_2_2073_index.pdf:page_11, Data1_2_2075_index.pdf:page_6, Data1_2_2079_index.pdf:page_1, Data1_2_2117_index.pdf:page_1"
Какой ГОСТ определяет стоимость 1 м² общей площади для культурно-бытового строительства?,нет в документах,"Data1_10_10849_index.pdf:page_6, Data1_10_10859_index.pdf:page_8, Data1_10_10865_index.pdf:page_44, Data1_2_2079_index.pdf:page_18, Data1_2_2080_index.pdf:page_12, Data1_2_2080_index.pdf:page_15, Data1_2_2080_index.pdf:page_17, Data1_2_2080_index.pdf:page_19, Data1_2_2080_index.pdf:page_24, Data1_2_2096_index.pdf:page_2"
Какие сведения подлежат указанию в декларации на товары в отношении сделки с товарами и ее условий?,"В приведённом фрагменте указаны **не все** сведения “в декларации на товары в отношении сделки с товарами и ее условий”, но есть частичный ответ: **в декларации должны быть указаны сведения о цене и стоимости товаров**, а также о **количестве и весе/объёме**.

По тексту в декларации на товары указываются:
- **описание упаковок**;
- **цена**, **количество** (в т.ч. в килограммах: вес брутто и вес нетто) и **в дополнительных единицах измерения**;
- **таможенная стоимость товаров** (величина и метод определения таможенной стоимости);
- **статистическая стоимость**.

Других сведений именно “о сделке с товарами и ее условиях” в предоставленном фрагменте **нет**.","Налоговый кодекс Российской Федерации.pdf:page_461, Налоговый кодекс Российской Федерации.pdf:page_495, Таможенный кодекс Евразийского экономического союза.pdf:page_114, Таможенный кодекс Евразийского экономического союза.pdf:page_116, Таможенный кодекс Евразийского экономического союза.pdf:page_117, Таможенный кодекс Евразийского экономического союза.pdf:page_125, Таможенный кодекс Евразийского экономического союза.pdf:page_128, Таможенный кодекс Евразийского экономического союза.pdf:page_28, Таможенный кодекс Евразийского экономического союза.pdf:page_303, Таможенный кодекс Евразийского экономического союза.pdf:page_85"
Как определяется сметная стоимость ремонта основных средств?,"В представленных документах ответ на вопрос **«Как определяется сметная стоимость ремонта основных средств?»** напрямую **не содержится**.

Есть лишь общий фрагмент про сметную стоимость строительства/капитального ремонта (например, что сметная стоимость подлежит проверке в определённых случаях и что сметы на капитальный ремонт составляются без проектов по описей работ, если конструкции/оборудование не заменяются и не усиливаются), но **это не раскрывает порядок определения сметной стоимости именно “ремонта основных средств”** как отдельного понятия.

**Ответ: нет в документах**.","Data1_10_10848_index.pdf:page_12, Data1_1_1879_index.pdf:page_10, Data1_2_2079_index.pdf:page_18, Data1_2_2080_index.pdf:page_15, Data1_2_2080_index.pdf:page_30, Data1_2_2082_index.pdf:page_5, Data1_2_2117_index.pdf:page_10, Градостроительный кодекс Российской Федерации.pdf:page_30, Налоговый кодекс Российской Федерации.pdf:page_1215, Налоговый кодекс Российской Федерации.pdf:page_948"
Каков расход химически очищенной воды при испытании паровых котлов ДЕ-16-14ГМ по ГОСТ МДС 81-8.2000?,"В предоставленных фрагментах **нет указания**, каков **расход химически очищенной воды** при испытании паровых котлов **ДЕ-16-14ГМ** по ГОСТ **МДС 81-8.2000**.

Единственное, что встречается по воде в контексте “Расход материалов при испытании паровых котлов ДЕ-16-14ГМ (на 2 котла)” — это строка:

- **“Химически очищенная вода, т: 300 и 600”** (для 1 и 2 котлов соответственно),

но **вопрос просит именно “расход при испытании … по ГОСТ МДС 81-8.2000”**, и привязка к ГОСТ/методике (а также конкретный “расход” в требуемом формате: на 1 котёл/за испытание/единица времени) в тексте не показана.

**Ответ (частичный, как есть в документах):** химически очищенная вода — **300 т (на 1 котел)** и **600 т (на 2 котла)**.","Data1_10_10852_index.pdf:page_35, Data1_10_10861_index.pdf:page_32, Data1_10_10864_index.pdf:page_22, Data1_10_10864_index.pdf:page_26, Data1_10_10864_index.pdf:page_27, Data1_10_10864_index.pdf:page_28, Data1_10_10864_index.pdf:page_29, Data1_10_10864_index.pdf:page_30, Data1_10_10865_index.pdf:page_34, Data1_11_11295_index.pdf:page_39"
Какие права и ответственности разъясняются специалисту?,"В приведённом фрагменте разъясняются следующие **обязанности (ответственности) специалиста**:

- **Проявлять принципиальную и разумную требовательность** при оценке коллег и **отказать** в ходатайстве или выдаче положительной характеристики коллеге, если он известен как недостаточно профессионально образованный, ответственный, не имеющий достаточных навыков и практического опыта (3.12).
- **Тщательно оформлять и обеспечивать сохранность** научно‑технической, организационно‑методической и иной документации, разрабатываемой по условиям соглашения с заказчиком; а также **обязательно оформлять, регистрировать и сохранять** контрактно‑договорную и организационно‑распорядительную документацию, финансовые документы, документы согласований и утверждений, деловую переписку (3.13).
- **Осуществлять профессиональную деятельность** с учетом требований к образованию и практическому опыту, установленных законодательством (3.1).
- **Соблюдать закон**: стандарты, строительные нормы и правила, технические условия и проектно‑сметную документацию; **отказаться от работ**, если выявлены нарушения законодательства и нормативных актов (2.2).
- **Соблюдать обязательства перед заказчиком** (упоминание начинается в фрагменте: 2.3).
- Если специалист выступает **нанимателем (работодателем)**, принять правовые обязательства и ответственность за привлеченный персонал; условия найма — как правило в письменной форме (контракт/трудовое соглашение); обеспечивать отсутствие дискриминации (3.7).
- Установлен запрет на объединение с другими специалистами для действий, ограничивающих возможности коллег, поддерживающих монополизм или направленных против добросовестной конкуренции (3.8).

Также прямо указано, что **нарушение положений Кодекса влечет санкции**: предупреждение, общественное порицание и др. (раздел 4.1 — начало перечня).

Отдельно: **конкретные “права” специалиста** в данном фрагменте в явном виде (как перечень прав) **не сформулированы**.","Data1_10_10851_index.pdf:page_3, Data1_10_10851_index.pdf:page_4, Data1_10_10851_index.pdf:page_5, Data1_10_10851_index.pdf:page_6, Административный кодекс Российской Федерации.pdf:page_575, Градостроительный кодекс Российской Федерации.pdf:page_199, Кодекс административного судопроизводства Российской Федерации.pdf:page_31, Налоговый кодекс Российской Федерации.pdf:page_100, Трудовой кодекс Российской Федерации.pdf:page_150, Уголовно-процессуальный кодекс Российской Федерации.pdf:page_192"
Какие ставки используются для определения платежей по процентам за кредиты банков?,"В предоставленном фрагменте сказано следующее: **проценты по кредитам (займам) банка** учитываются по ставкам:

- для **процентов в рублях**: **ключевая ставка/ставка рефинансирования Центрального банка РФ, действующая на дату выплаты процентов, увеличенная в 1,1 раза**;
- для **процентов в иностранной валюте**: **9 процентов**.

(Формулировка в тексте: «Проценты, уплаченные… признаются расходами в пределах сумм, рассчитанных исходя из … ставки рефинансирования… увеличенной в 1,1 раза — для процентов, выраженных в рублях, и исходя из 9 процентов — для процентов, выраженных в иностранной валюте.»)","Гражданский кодекс Российской Федерации.pdf:page_168, Гражданский кодекс Российской Федерации.pdf:page_337, Налоговый кодекс Российской Федерации.pdf:page_1073, Налоговый кодекс Российской Федерации.pdf:page_1092, Налоговый кодекс Российской Федерации.pdf:page_1143, Налоговый кодекс Российской Федерации.pdf:page_769, Налоговый кодекс Российской Федерации.pdf:page_778, Налоговый кодекс Российской Федерации.pdf:page_779, Налоговый кодекс Российской Федерации.pdf:page_869, Налоговый кодекс Российской Федерации.pdf:page_998"
"Что делать водителю, если документы о ДТП не могут быть оформлены без участия сотрудников полиции?","В тексте есть только общая обязанность водителя при ДТП: **“вызвать скорую медицинскую помощь и полицию”** (при наличии погибших или раненых) и обязанность **остановить ТС, включить аварийную сигнализацию, выставить знак аварийной остановки и не перемещать предметы, относящиеся к происшествию**.  

При этом **нет информации**, что делать именно в ситуации, когда **документы о ДТП не могут быть оформлены без участия сотрудников полиции**.","Административный кодекс Российской Федерации.pdf:page_177, Административный кодекс Российской Федерации.pdf:page_179, Административный кодекс Российской Федерации.pdf:page_194, Административный кодекс Российской Федерации.pdf:page_195, Административный кодекс Российской Федерации.pdf:page_523, ПДД Российской Федерации.pdf:page_10, ПДД Российской Федерации.pdf:page_11, ПДД Российской Федерации.pdf:page_6, ПДД Российской Федерации.pdf:page_8, ПДД Российской Федерации.pdf:page_9"
Какие данные должны содержаться в сводке объемов и стоимости подрядных работ согласно ГОСТ МДС 81-10.2000?,"В представленном фрагменте **ГОСТ/МДС 81-10.2000** (методические рекомендации по определению сметной стоимости строительства на базе показателей на отдельные виды работ) **не приведено требование о том, какие именно данные должны содержаться в “сводке объемов и стоимости подрядных работ”**. В тексте есть описания состава/использования ПВР и общие положения, но **конкретного перечня показателей для “сводки объемов и стоимости подрядных работ” согласно ГОСТ/МДС 81-10.2000** в предоставленных данных **нет**.

**Ответ: нет в документах.**","Data1_10_10754_index.pdf:page_3, Data1_10_10864_index.pdf:page_15, Data1_10_10866_index.pdf:page_1, Data1_10_10869_index.pdf:page_1, Data1_1_1879_index.pdf:page_10, Data1_2_2076_index.pdf:page_1, Data1_2_2076_index.pdf:page_14, Data1_2_2076_index.pdf:page_15, Data1_2_2079_index.pdf:page_18, Data1_2_2082_index.pdf:page_2"
Какие меры наказания управляющего проекта за неудачное управление конкурентностью работников указаны в ГОСТ МДС 80-2.2000?,"В приведенном фрагменте **ГОСТ МДС 80-2.2000** не указаны меры наказания (дисциплинарные взыскания/штрафы/ответственность) управляющего проектом именно **за неудачное управление конкурентностью работников**.

В тексте есть лишь общие положения об ответственности управляющего проектом (раздел 5), но без привязки к “неудачному управлению конкурентностью работников”, и конкретных санкций не приводится. Поэтому:

**Ответ:** нет в документах.","Data1_10_10858_index.pdf:page_24, Data1_10_10858_index.pdf:page_25, Data1_10_10858_index.pdf:page_4, Data1_10_10858_index.pdf:page_6, Data1_10_10858_index.pdf:page_7, Data1_10_10858_index.pdf:page_8, Data1_10_10872_index.pdf:page_1, Data1_10_10872_index.pdf:page_11, Data1_10_10872_index.pdf:page_12, Data1_10_10872_index.pdf:page_5"
Какие показатели включены в информацию о жилых кварталах и микрорайонах согласно ГОСТ МДС 11-7.2000?,"В предоставленном фрагменте **ГОСТ МДС 11-7.2000** (Инструкция о составе, порядке разработки, согласования и утверждения градостроительной документации) **нет перечня показателей**, которые включаются в информацию **о жилых кварталах и микрорайонах**.

Следовательно: **нет в документах**.","Data1_10_10859_index.pdf:page_6, Data1_10_10863_index.pdf:page_1, Data1_1_1904_index.pdf:page_1, Data1_1_1904_index.pdf:page_13, Data1_1_1904_index.pdf:page_32, Data1_1_1904_index.pdf:page_33, Data1_1_1904_index.pdf:page_39, Data1_1_1904_index.pdf:page_44, Data1_2_2080_index.pdf:page_11, Градостроительный кодекс Российской Федерации.pdf:page_6"
В какие сроки должен быть направлен запрос о подтверждении выполнения соглашения?,нет в документах,"Data1_10_10858_index.pdf:page_11, Арбитражный процессуальный кодекс Российской Федерации.pdf:page_36, Гражданский кодекс Российской Федерации.pdf:page_237, Гражданский кодекс Российской Федерации.pdf:page_256, Гражданский кодекс Российской Федерации.pdf:page_399, Налоговый кодекс Российской Федерации.pdf:page_334, Налоговый кодекс Российской Федерации.pdf:page_335, Налоговый кодекс Российской Федерации.pdf:page_575, Таможенный кодекс Евразийского экономического союза.pdf:page_434, Уголовно-процессуальный кодекс Российской Федерации.pdf:page_202"
Какие размеры площадки для мини-волейбола указаны для детей 9 - 12 лет согласно ГОСТ МДС 35-7.2000?,"Для детей **9–12 лет** в тексте указано:

- **a = 12 м**
- **l = 9 м**
- **высота сетки = 200 см**

(Это относится к игре **«Мини-волейбол»**; требуемые размеры площадки: **12 м × 9 м**.)","Data1_10_10847_index.pdf:page_10, Data1_10_10847_index.pdf:page_13, Data1_10_10847_index.pdf:page_14, Data1_10_10847_index.pdf:page_15, Data1_10_10847_index.pdf:page_17, Data1_10_10847_index.pdf:page_21, Data1_10_10847_index.pdf:page_25, Data1_10_10847_index.pdf:page_26, Data1_10_10847_index.pdf:page_4, Data1_10_10847_index.pdf:page_7"
Какие регионы освобождаются от уплаты налога на прибыль?,"В предоставленном тексте прямо перечисляются регионы, **в которых прибыль организаций, выполняющих определённые работы по ликвидации последствий радиационных катастроф, не облагается налогом на часть прибыли** (или применяется льгота). Но перечисление **конкретных регионов** в вашем фрагменте **обрывается** — сказано только, что:

- **«Перечень указанных регионов определяется Советом Министров — Правительством Российской Федерации»**.

✅ **Частичный ответ из текста (что требуется для освобождения):**
- льгота относится к прибыли от работ по ликвидации последствий радиационных катастроф (при выполнении условий по доле такой прибыли в общем объёме работ).

❌ **К какому именно перечню регионов это относится — нет в документах** (в вашем фрагменте перечень регионов не приведён).","Data1_2_2070_index.pdf:page_12, Налоговый кодекс Российской Федерации.pdf:page_1093, Налоговый кодекс Российской Федерации.pdf:page_1100, Налоговый кодекс Российской Федерации.pdf:page_1128, Налоговый кодекс Российской Федерации.pdf:page_1176, Налоговый кодекс Российской Федерации.pdf:page_1473, Налоговый кодекс Российской Федерации.pdf:page_1494, Налоговый кодекс Российской Федерации.pdf:page_57, Налоговый кодекс Российской Федерации.pdf:page_74, Налоговый кодекс Российской Федерации.pdf:page_907"
Какие основания существуют для отказа в открытии лицевого счета участнику казначейского сопровождения?,"В тексте указано, что **Федеральное казначейство информирует государственного (муниципального) заказчика об отказе в открытии лицевого счета** по результатам проверки по основаниям, указанным в:

- **подпунктах 1–4 пункта 6** статьи (в приведённом фрагменте перечислены, в частности, такие основания: наличие в отношении юрлица/ИП/физлица- производителя товаров, работ, услуг **решения о применении мер по замораживанию (блокированию) денежных средств или иного имущества**; а также **контроль** лица, получающего денежные средства, со стороны лица, включённого в соответствующие перечни/в отношении которого вынесено определённое решение);
- **пунктах 10 и 11** указанной статьи.

Других прямых оснований для отказа в открытии лицевого счета в предоставленном фрагменте больше не приведено.","Бюджетный кодекс Российской Федерации.pdf:page_358, Бюджетный кодекс Российской Федерации.pdf:page_360, Бюджетный кодекс Российской Федерации.pdf:page_364, Бюджетный кодекс Российской Федерации.pdf:page_365, Бюджетный кодекс Российской Федерации.pdf:page_366, Гражданский кодекс Российской Федерации.pdf:page_353, Гражданский кодекс Российской Федерации.pdf:page_354, Гражданский кодекс Российской Федерации.pdf:page_360, Налоговый кодекс Российской Федерации.pdf:page_222, Налоговый кодекс Российской Федерации.pdf:page_366"
Какие нормы СНиП регулируют использование товарного раствора?,"В приведённом фрагменте **нет указания на СНиП, который бы прямо регулировал использование товарного раствора**.

Упоминания СНиП есть, но **в тексте не указано**, что они относятся именно к *товарному раствору* (например, состав/применение товарных растворов).  

Поэтому: **нет в документах**.","Data1_10_10846_index.pdf:page_3, Data1_11_11295_index.pdf:page_10, Data1_11_11295_index.pdf:page_28, Data1_11_11295_index.pdf:page_38, Data1_11_11295_index.pdf:page_39, Data1_11_11295_index.pdf:page_48, Data1_11_11295_index.pdf:page_5, Data1_11_11295_index.pdf:page_7, Data1_2_2079_index.pdf:page_11, Data1_2_2081_index.pdf:page_10"
Какие сроки и процедуры заключения соглашений о недопущении конкуренции описаны в ГОСТ МДС 80-2.2000?,"В тексте ГОСТ/МДС 80-2.2000 (в приведённом фрагменте) описано условие о **сроке действия соглашения о недопущении конкуренции**:

- работник обязуется **не конкурировать прямо или косвенно** в течение **срока найма** и ещё **в течение _______ лет по окончании срока найма**, независимо от причин окончания (приведена формулировка с пустым местом для заполнения срока).

Отдельных процедур (порядка подписания/заключения/оформления) в самом фрагменте про **сроки и процедуры** не раскрыто: указаны лишь условия договора и что он **носит обязательный характер** и защищает интересы сторон, а также имеются пункты о последствиях нарушения и о возврате материалов после окончания срока найма.

Итого по вопросу “сроки и процедуры заключения”:  
- **Сроки** — указаны (в течение срока найма + после окончания ещё N лет).  
- **Процедуры заключения соглашений** — **нет в документах** (в данном фрагменте не описаны).","Data1_10_10865_index.pdf:page_1, Data1_10_10866_index.pdf:page_1, Data1_10_10867_index.pdf:page_1, Data1_10_10872_index.pdf:page_1, Data1_10_10872_index.pdf:page_11, Data1_10_10872_index.pdf:page_8, Data1_10_10872_index.pdf:page_9, Административный кодекс Российской Федерации.pdf:page_275, Административный кодекс Российской Федерации.pdf:page_388, Лесной кодекс Российской Федерации.pdf:page_72"
Какие меры рекомендованы для предотвращения попадания конденсата на перекрытия через стыки канализационных стояков согласно ГОСТ МДС 17-13.2000?,"В предоставленном фрагменте текста есть пункт **«в) предотвращение образования конденсата на поверхности трубопроводов канализации»**, но **конкретных мер по предотвращению попадания конденсата на перекрытия через стыки канализационных стояков** (именно «через стыки…») **не приведено**.

Итог: **нет в документах**.","Data1_10_10852_index.pdf:page_31, Data1_10_10861_index.pdf:page_1, Data1_10_10861_index.pdf:page_18, Data1_10_10861_index.pdf:page_21, Data1_10_10861_index.pdf:page_24, Data1_10_10861_index.pdf:page_32, Data1_10_10861_index.pdf:page_34, Data1_10_10861_index.pdf:page_5, Data1_10_10861_index.pdf:page_9, Data1_10_10871_index.pdf:page_15"
Что может требовать правообладатель в случае незаконного использования товарного знака?,"В представленном фрагменте **есть ответ не полностью**, но указано следующее:

- **Правообладатель вправе требовать соразмерных мер защиты**, включая **изъятие из оборота и уничтожение** контрафактных товаров, этикеток, упаковок, а также **(в некоторых случаях) удаление** незаконно используемого обозначения — за счет нарушителя (в тексте приведено по аналогии/в отношении средств индивидуализации: географическое указание и наименование места происхождения, но перечисленная мера по содержанию дана именно как способ защиты).
- Также указано, что правообладатель вправе **вместо возмещения убытков требовать компенсацию**, причем перечислены варианты размера компенсации (от 10 000 до 5 000 000 руб. по усмотрению суда либо в двукратном размере стоимости контрафактных товаров).

При этом конкретная статья **1515 (Ответственность за незаконное использование товарного знака)** у вас приведена только началом (без раскрытия перечня требований), поэтому по *товарному знаку* напрямую в тексте — **не все пункты видны**.

**Ответ по вопросу “Что может требовать правообладатель в случае незаконного использования товарного знака?” в документах:**
- **соразмерные меры защиты и изъятие/уничтожение (либо удаление) за счет нарушителя**;
- **вместо убытков — компенсацию** (с указанными диапазонами/вариантами).","Гражданский кодекс Российской Федерации.pdf:page_5, Гражданский кодекс Российской Федерации.pdf:page_514, Гражданский кодекс Российской Федерации.pdf:page_545, Гражданский кодекс Российской Федерации.pdf:page_599, Гражданский кодекс Российской Федерации.pdf:page_627, Гражданский кодекс Российской Федерации.pdf:page_630, Гражданский кодекс Российской Федерации.pdf:page_645, Гражданский кодекс Российской Федерации.pdf:page_660, Таможенный кодекс Евразийского экономического союза.pdf:page_444, Уголовный кодекс Российской Федерации.pdf:page_108"
Какие значения коэффициентов ψa и ψb приведены в таблице 8 согласно СНиП 3.01.03-84?,"В приведённом фрагменте **нет таблицы 8 из СНиП 3.01.03-84**, где указаны значения коэффициентов **\( \psi_a \)** и **\( \psi_b \)**.

Что есть в тексте: после фразы про точности разбивки указана **Таблица 8 “Формы образующих и направляющих поверхностей оболочек”**, но в ней приводятся значения **\(N\psi_a(b)\)** (то есть произведение/обозначение вида \( \psi_a \) для разных случаев), и это **не является явным перечнем значений \( \psi_a \) и \( \psi_b \) именно “согласно таблице 8 СНиП 3.01.03-84”**.

Если ориентироваться на пример в тексте, то там сказано:
- для соотношения \( f_a/a = 15/60 \) получаем **\( \psi_a = 1{,}16 \)**
- для соотношения \( f_b/b = 8/60 \) получаем **\( \psi_b = 1{,}05 \)**

**Ответ:**
- \( \psi_a = 1{,}16 \)  
- \( \psi_b = 1{,}05 \)  

(Эти значения указаны в примере; в самой “таблице 8” из СНиП в фрагменте нет прямых значений \( \psi_a \) и \( \psi_b \) в запрошенном виде.)","Data1_10_10754_index.pdf:page_22, Data1_10_10864_index.pdf:page_19, Data1_10_10864_index.pdf:page_33, Data1_10_10865_index.pdf:page_21, Data1_11_11285_index.pdf:page_18, Data1_11_11285_index.pdf:page_19, Data1_11_11285_index.pdf:page_80, Data1_2_2079_index.pdf:page_12, Data1_2_2079_index.pdf:page_16, Data1_2_2079_index.pdf:page_17"
Какие телефонные номера доступны для бесплатной юридической консультации в регионах России?,"В тексте указаны телефоны бесплатной юридической консультации для **Регионы РФ**:

- **8 (800) 301-92-12**
- **8 (800) 301-79-07**","Административный кодекс Российской Федерации.pdf:page_583, Административный кодекс Российской Федерации.pdf:page_585, Административный кодекс Российской Федерации.pdf:page_613, Бюджетный кодекс Российской Федерации.pdf:page_76, Земельный кодекс Российской Федерации.pdf:page_87, Кодекс административного судопроизводства Российской Федерации.pdf:page_3, Трудовой кодекс Российской Федерации.pdf:page_226, Уголовно-процессуальный кодекс Российской Федерации.pdf:page_192, Уголовно-процессуальный кодекс Российской Федерации.pdf:page_55, Уголовный кодекс Российской Федерации.pdf:page_276"
Какие меры предусмотрены для ликвидации волосяных трещин в стенах согласно ГОСТ МДС 13-18.2000?,"В предоставленных фрагментах **МДС 13-18.2000** нет указаний на меры по ликвидации **волосяных трещин** в стенах.

**Частичный ответ:** в тексте встречаются меры общего характера для подготовки к зиме (например, по трещинам в кладке/швах упоминаются причины неравномерной осадки — трещины на карнизах, раскрытие швов), но **конкретно про “волосяные трещины в стенах” и порядок их устранения** в приведённом материале **не сказано**.

**Ответ:** нет в документах.","Data1_10_10852_index.pdf:page_1, Data1_10_10852_index.pdf:page_15, Data1_10_10852_index.pdf:page_3, Data1_10_10852_index.pdf:page_4, Data1_10_10852_index.pdf:page_5, Data1_10_10861_index.pdf:page_12, Data1_10_10861_index.pdf:page_9, Data1_1_1879_index.pdf:page_18, Data1_1_1879_index.pdf:page_21, Data1_1_1879_index.pdf:page_26"
Какие рекомендации по расчету материальных затрат и прочих расходов даны в ГОСТ МДС 81-7.2000?,"В приведённом фрагменте **МДС 81-7.2000 (Выпуск 1)** есть информация о расчетах **материальных затрат и прочих расходов** в части **командировочных расходов** и **аренды/содержания автотранспорта и зданий**, но **конкретных общих рекомендаций именно “по расчету материальных затрат и прочих расходов” в полной формулировке МДС 81-7.2000 в тексте не представлено**.

Частичный ответ (то, что есть в фрагменте):

- **4.1 Командировочные расходы** — затраты подтверждаются расчетом с учетом **стоимости проезда, проживания, суточных**.
- **4.2 Аренда и содержание служебного легкового автотранспорта** — подтверждаются **договором аренды** и **расчетом затрат на содержание автотранспорта**, включая **оплату труда водителей, ГСМ, запчасти, оплату стоянки**; **как правило не должно превышать**:  
  - при численности аппарата **до 20 чел. — 2**;  
  - **до 50 чел. — 3**;  
  - **св. 50 чел. — 4**.
- **4.3 Аренда и содержание грузового и специального автотранспорта** — **в расчетах не учитывается** автотранспорт, используемый для **транспортирования оборудования и материалов**.
- **4.4 Аренда и содержание зданий и сооружений** (в т.ч. коммунальные услуги) — обосновывается **копией договора аренды** и **расчетом затрат на содержание помещения**, подтвержденных **бухгалтерскими документами**; учитывается **общая площадь на одного работника до 7,5 м²**; **не подлежат учету** затраты на численность аппарата, содержащегося **за счет бюджета и других источников финансирования**, кроме средств **федерального бюджета**.

Итого: **в документах есть рекомендации по отдельным видам “прочих расходов” (командировки и аренда/содержание транспорта и зданий), но в предоставленном фрагменте нет полного ответа “в целом” по расчету материальных затрат и прочих расходов**.

Если нужно, пришлите продолжение/страницы МДС 81-7.2000 по разделу о “материальных затратах”, и я найду точные формулировки.","Data1_10_10754_index.pdf:page_24, Data1_10_10754_index.pdf:page_3, Data1_10_10848_index.pdf:page_1, Data1_10_10848_index.pdf:page_2, Data1_2_2070_index.pdf:page_1, Data1_2_2075_index.pdf:page_1, Data1_2_2079_index.pdf:page_1, Data1_2_2116_index.pdf:page_1, Data1_2_2116_index.pdf:page_7, Data1_2_2116_index.pdf:page_8"
Какие лица не требуют членства в саморегулируемых организациях при выполнении работ по договорам строительного подряда с федеральными органами исполнительной власти?,"В представленном фрагменте указано, что **не требуется членство в саморегулируемых организациях** в области строительства при выполнении работ, в частности для:

- **государственных и муниципальных унитарных предприятий**, в том числе **государственных и муниципальных казенных предприятий**;  
- **государственных и муниципальных учреждений** — **в случае заключения ими договоров строительного подряда с федеральными органами исполнительной власти** (а также с иными перечисленными органами/лицами).

(Фрагмент в тексте обрывается, поэтому полный перечень всех исключений в документе здесь не приведён.)","Градостроительный кодекс Российской Федерации.pdf:page_112, Градостроительный кодекс Российской Федерации.pdf:page_116, Градостроительный кодекс Российской Федерации.pdf:page_164, Градостроительный кодекс Российской Федерации.pdf:page_195, Градостроительный кодекс Российской Федерации.pdf:page_197, Градостроительный кодекс Российской Федерации.pdf:page_2, Градостроительный кодекс Российской Федерации.pdf:page_202, Градостроительный кодекс Российской Федерации.pdf:page_205, Градостроительный кодекс Российской Федерации.pdf:page_207, Градостроительный кодекс Российской Федерации.pdf:page_251"
Как переводится годовой объем капитальных вложений в цены 1984 г. согласно ГОСТ МДС 81-7.2000?,"В предоставленных фрагментах **нет прямого определения/формулы перевода “годового объема капитальных вложений в цены 1984 г.”** (по сути — как именно пересчитывать текущий/прогнозный объем в уровень цен 1984 г. в рамках ГОСТ/МДС 81-7.2000).

В тексте встречается лишь фраза-условие:  

- **«При годовом объеме инвестиций менее 1 млн. руб. в ценах 1984 г…»**  

но **сам способ пересчета** (какими индексами/коэффициентами и где это описано) **в данных фрагментах отсутствует**.

**Ответ:** нет в документах.","Data1_10_10754_index.pdf:page_17, Data1_10_10754_index.pdf:page_3, Data1_10_10848_index.pdf:page_2, Data1_2_2075_index.pdf:page_1, Data1_2_2075_index.pdf:page_6, Data1_2_2075_index.pdf:page_9, Data1_2_2079_index.pdf:page_1, Data1_2_2116_index.pdf:page_1, Data1_2_2116_index.pdf:page_11, Data1_2_2116_index.pdf:page_3"
"Какой штраф может быть наложен на граждан за незаконное перемещение физическими лицами табачной продукции, не маркированной специальными (акцизными) марками?","В предоставленных фрагментах указано: **«…влечет наложение административного штрафа на граждан в размере от пятнадцати тысяч до двадцати пяти тысяч рублей с конфискацией продукции, явившейся предметом административного правонарушения»**.

То есть штраф для граждан за незаконное перемещение/оборот табачной продукции **без специальных (акцизных) марок** может составлять **от 15 000 до 25 000 рублей** с конфискацией продукции.","Административный кодекс Российской Федерации.pdf:page_261, Административный кодекс Российской Федерации.pdf:page_296, Административный кодекс Российской Федерации.pdf:page_297, Административный кодекс Российской Федерации.pdf:page_307, Административный кодекс Российской Федерации.pdf:page_308, Административный кодекс Российской Федерации.pdf:page_66, Уголовный кодекс Российской Федерации.pdf:page_109, Уголовный кодекс Российской Федерации.pdf:page_259, Уголовный кодекс Российской Федерации.pdf:page_97, Уголовный кодекс Российской Федерации.pdf:page_98"
Какие телефоны доступны для бесплатной юридической консультации в Москве и Московской области?,Для бесплатной юридической консультации в **Москве и Московской области** доступны телефоны: **8 (499) 938-53-71**.,"Административный кодекс Российской Федерации.pdf:page_613, Гражданский кодекс Российской Федерации.pdf:page_662, Налоговый кодекс Российской Федерации.pdf:page_1260, Налоговый кодекс Российской Федерации.pdf:page_1344, Налоговый кодекс Российской Федерации.pdf:page_1345, Налоговый кодекс Российской Федерации.pdf:page_1347, Налоговый кодекс Российской Федерации.pdf:page_1352, Налоговый кодекс Российской Федерации.pdf:page_1354, Налоговый кодекс Российской Федерации.pdf:page_1631, Уголовный кодекс Российской Федерации.pdf:page_276"
Какой ГОСТ регламентирует стоимость 1 м² общей площади?,"В предоставленном фрагменте **ГОСТ, который бы прямо регламентировал стоимость 1 м² общей площади**, **не указан**.

Упоминается лишь формулировка про расчет показателя **«Стоимость 1 м2 общей площади»**, а также таблицы/данные по сметной стоимости, но **ссылка именно на ГОСТ отсутствует** — **«нет в документах»**.","Data1_10_10846_index.pdf:page_3, Data1_10_10849_index.pdf:page_6, Data1_10_10859_index.pdf:page_8, Data1_11_11835_index.pdf:page_9, Data1_2_2080_index.pdf:page_15, Data1_2_2080_index.pdf:page_19, Data1_2_2082_index.pdf:page_1, Data1_2_2082_index.pdf:page_30, Data1_2_2096_index.pdf:page_2, Жилищный кодекс Российской Федерации.pdf:page_6"
"Что происходит с решениями иностранных судов, которые не требуют принудительного исполнения?","Согласно **статье 245.1**: решения иностранных судов (и иностранные арбитражные решения), **не требующие принудительного исполнения**, **признаются в РФ**, если это предусмотрено **международным договором РФ и федеральным законом**.  

Также они **признаются в РФ без какого-либо дальнейшего производства**, если **заинтересованное лицо не подаст возражения**.  

Заинтересованное лицо вправе **в течение одного месяца** после того, как ему стало известно о решении, **заявить возражения** в арбитражный суд по месту нахождения/жительства заинтересованного лица либо по месту нахождения его имущества (а при отсутствии — в Арбитражный суд города Москвы).  

После рассмотрения возражений суд выносит **определение**, которое может быть **обжаловано**.","Арбитражный процессуальный кодекс Российской Федерации.pdf:page_157, Арбитражный процессуальный кодекс Российской Федерации.pdf:page_158, Арбитражный процессуальный кодекс Российской Федерации.pdf:page_159, Арбитражный процессуальный кодекс Российской Федерации.pdf:page_213, Гражданский процессуальный кодекс Российской Федерации.pdf:page_166, Гражданский процессуальный кодекс Российской Федерации.pdf:page_168, Гражданский процессуальный кодекс Российской Федерации.pdf:page_169, Гражданский процессуальный кодекс Российской Федерации.pdf:page_170, Гражданский процессуальный кодекс Российской Федерации.pdf:page_175, Уголовно-процессуальный кодекс Российской Федерации.pdf:page_303"
"В каких случаях законные представители могут передать земельные участки, наследуемые несовершеннолетними, в аренду?","В тексте указано:

**«В случае наследования земельных участков лицами, не достигшими совершеннолетия, их законные представители могут передать эти земельные участки в аренду на срок до достижения наследниками совершеннолетия.»**","Гражданский кодекс Российской Федерации.pdf:page_148, Гражданский кодекс Российской Федерации.pdf:page_473, Жилищный кодекс Российской Федерации.pdf:page_61, Земельный кодекс Российской Федерации.pdf:page_11, Земельный кодекс Российской Федерации.pdf:page_125, Земельный кодекс Российской Федерации.pdf:page_153, Земельный кодекс Российской Федерации.pdf:page_22, Земельный кодекс Российской Федерации.pdf:page_35, Земельный кодекс Российской Федерации.pdf:page_45, Лесной кодекс Российской Федерации.pdf:page_57"
В какие сроки должна быть представлена транзитная декларация при перевозке товаров автомобильным транспортом?,"Транзитная декларация при перевозке товаров автомобильным транспортом должна быть представлена **в течение 3 часов с момента их прибытия в место доставки товаров**, а если товары прибыли **вне времени работы таможенного органа** — **в течение 3 часов с момента наступления времени начала работы этого таможенного органа**.","Таможенный кодекс Евразийского экономического союза.pdf:page_121, Таможенный кодекс Евразийского экономического союза.pdf:page_127, Таможенный кодекс Евразийского экономического союза.pdf:page_133, Таможенный кодекс Евразийского экономического союза.pdf:page_165, Таможенный кодекс Евразийского экономического союза.pdf:page_166, Таможенный кодекс Евразийского экономического союза.pdf:page_174, Таможенный кодекс Евразийского экономического союза.pdf:page_176, Таможенный кодекс Евразийского экономического союза.pdf:page_338, Таможенный кодекс Евразийского экономического союза.pdf:page_486, Таможенный кодекс Евразийского экономического союза.pdf:page_91"
На каком сайте можно найти комментарии к статьям?,"Комментарии к статьям можно найти на сайте **https://ukodeksrf.ru/** (также в тексте встречается **https://gkodeksrf.ru/** и **https://grkodeksrf.ru/**, **https://budkod.ru/**, **https://kodasrf.ru/** и др.).","Арбитражный процессуальный кодекс Российской Федерации.pdf:page_102, Бюджетный кодекс Российской Федерации.pdf:page_1, Градостроительный кодекс Российской Федерации.pdf:page_13, Гражданский кодекс Российской Федерации.pdf:page_519, Гражданский кодекс Российской Федерации.pdf:page_520, Кодекс административного судопроизводства Российской Федерации.pdf:page_47, Уголовный кодекс Российской Федерации.pdf:page_0, Уголовный кодекс Российской Федерации.pdf:page_1, Уголовный кодекс Российской Федерации.pdf:page_276, Уголовный кодекс Российской Федерации.pdf:page_3"
Как устанавливаются порядок и сроки внесения платы за подключение объектов капитального строительства?,"В предоставленных фрагментах текста **нет информации** о том, **как именно устанавливаются порядок и сроки внесения платы за подключение объектов капитального строительства**.

Есть только общий фрагмент, что **технические условия выдаются без взимания платы** в определённых случаях и в течение 7 рабочих дней, но это **не про внесение платы за подключение**.","Data1_2_2082_index.pdf:page_30, Градостроительный кодекс Российской Федерации.pdf:page_118, Градостроительный кодекс Российской Федерации.pdf:page_146, Градостроительный кодекс Российской Федерации.pdf:page_168, Градостроительный кодекс Российской Федерации.pdf:page_169, Градостроительный кодекс Российской Федерации.pdf:page_172, Градостроительный кодекс Российской Федерации.pdf:page_173, Градостроительный кодекс Российской Федерации.pdf:page_181, Градостроительный кодекс Российской Федерации.pdf:page_269, Градостроительный кодекс Российской Федерации.pdf:page_277"
Как определяется количество циркулирующего теплоносителя в случае самовольного присоединения по ГОСТ МДС 41-3.2000?,нет в документах,"Data1_10_10754_index.pdf:page_24, Data1_10_10754_index.pdf:page_28, Data1_10_10846_index.pdf:page_5, Data1_10_10852_index.pdf:page_19, Data1_10_10863_index.pdf:page_1, Data1_10_10870_index.pdf:page_3, Data1_10_10871_index.pdf:page_1, Data1_10_10871_index.pdf:page_2, Data1_2_2096_index.pdf:page_3, Data1_2_2096_index.pdf:page_4"
Как привязываются затраты на эксплуатацию строительных машин и определяются затраты на заработную плату машинистов согласно ГОСТ МДС 81-10.2000?,"В приведённом тексте ответ есть в разделах **«5. ОПРЕДЕЛЕНИЕ ЗАТРАТ НА ЭКСПЛУАТАЦИЮ СТРОИТЕЛЬНЫХ МАШИН И МЕХАНИЗМОВ»** и в описании расчёта зарплаты машинистов.

### Как привязываются затраты на эксплуатацию строительных машин
Затраты на эксплуатацию строительных машин и механизмов определяются **исходя из времени использования (нормативной потребности) машин** (в **маш.-ч**) и **сметных расценок на 1 маш.-ч**:

- формула (в тексте):  
  **затраты на эксплуатацию = сметная расценка 1 маш.-ч × Тм.м (время использования машин, маш.-ч)**

Где:
- **сметная расценка 1 маш.-ч эксплуатации** (руб/маш.-ч) — берётся из сметных расценок,
- **Тм.м** — время использования машин (маш.-ч).

Также сказано, что при определении стоимости эксплуатации учитываются положения Методических указаний (в тексте упомянуты методические указания по разработке сметных норм и расценок на эксплуатацию строительных машин и автотранспортных средств).

### Как определяются затраты на заработную плату машинистов
В тексте указано, что:
- **размер средств на оплату труда рабочих, управляющих строительными машинами, в расценках рассчитан на основании**:
  - **показателей времени эксплуатации машин** и
  - **размера часовой оплаты труда машинистов**.
- Для рабочих **7–10 разрядов**, управляющих мощными и особо сложными машинами (перечень — в таблице 3.2 МДС 83-1.99), учтены **повышенные часовые тарифные ставки**; тарифные коэффициенты берутся по таблице 5.7 этого МДС.
- Также сказано, что **часовая оплата труда рабочих-монтажников и рабочих, управляющих машинами, включает все виды выплат и вознаграждений, входящих в состав ФОТ**.
- В ведомости также указывается структура по эксплуатации: **«в том числе зарплата машинистов (экипажа)»**.

Если нужно, могу дополнительно извлечь из текста формулировки дословно по пунктам (но в этом фрагменте они уже приведены в обобщённом виде).","Data1_10_10754_index.pdf:page_17, Data1_10_10754_index.pdf:page_28, Data1_10_10754_index.pdf:page_3, Data1_10_10848_index.pdf:page_5, Data1_2_2076_index.pdf:page_15, Data1_2_2079_index.pdf:page_18, Data1_2_2079_index.pdf:page_7, Data1_2_2080_index.pdf:page_16, Data1_2_2117_index.pdf:page_10, Data1_2_2117_index.pdf:page_9"
Какие требования предъявляются к столику штатива согласно СНиП 3.01.03-84?,"В приведённом фрагменте **нет требовани�� к столику штатива** согласно **СНиП 3.01.03-84**.

Есть только общее описание **консольного штатива** (рисунок): «1 — металлическая плита; 2 — стойка; 3 — столик штатива; 4 — подъемные винты», но **какие именно требования к столику** установлены СНиП — **не указано**.","Data1_10_10864_index.pdf:page_14, Data1_10_10865_index.pdf:page_38, Data1_11_11285_index.pdf:page_11, Data1_11_11285_index.pdf:page_27, Data1_11_11285_index.pdf:page_4, Data1_11_11285_index.pdf:page_44, Data1_2_2079_index.pdf:page_11, Data1_2_2079_index.pdf:page_12, Data1_2_2081_index.pdf:page_11, Data1_2_2096_index.pdf:page_4"
На что не имеют права участники судебных прений?,"В приведённом фрагменте **нет информации** о том, **на что не имеют права участники судебных прений**.","Арбитражный процессуальный кодекс Российской Федерации.pdf:page_11, Арбитражный процессуальный кодекс Российской Федерации.pdf:page_20, Арбитражный процессуальный кодекс Российской Федерации.pdf:page_23, Арбитражный процессуальный кодекс Российской Федерации.pdf:page_28, Гражданский процессуальный кодекс Российской Федерации.pdf:page_18, Гражданский процессуальный кодекс Российской Федерации.pdf:page_7, Кодекс административного судопроизводства Российской Федерации.pdf:page_62, Уголовно-процессуальный кодекс Российской Федерации.pdf:page_190, Уголовно-процессуальный кодекс Российской Федерации.pdf:page_231, Уголовно-процессуальный кодекс Российской Федерации.pdf:page_34"
Какой максимальный срок лишения свободы может быть назначен за нарушение требований по защите государственной тайны?,"В приведённом фрагменте есть **Статья 283 УК РФ “Разглашение государственной тайны”**:

- по части 1 — лишение свободы **до 4 лет**;
- по части 2 — лишение свободы **от 3 до 7 лет**.

Следовательно, максимальный срок лишения свободы, который указан в тексте за нарушение требований по защите государственной тайны (в рамках этих статей), — **7 лет**.","Уголовный кодекс Российской Федерации.pdf:page_149, Уголовный кодекс Российской Федерации.pdf:page_162, Уголовный кодекс Российской Федерации.pdf:page_216, Уголовный кодекс Российской Федерации.pdf:page_226, Уголовный кодекс Российской Федерации.pdf:page_234, Уголовный кодекс Российской Федерации.pdf:page_246, Уголовный кодекс Российской Федерации.pdf:page_253, Уголовный кодекс Российской Федерации.pdf:page_59, Уголовный кодекс Российской Федерации.pdf:page_68, Уголовный кодекс Российской Федерации.pdf:page_81"
Что такое совместная собственность?,"В тексте указано следующее:

- **Статья 33 СК РФ**: «**Законным режимом имущества супругов является режим их совместной собственности**. Законный режим имущества супругов действует…»
- **Статья 34 СК РФ**: «**Имущество, нажитое супругами во время брака, является их совместной собственностью**.»

То есть **совместная собственность** в данном фрагменте — это имущество, **нажитое супругами во время брака**, находящееся в их общем режиме.","Гражданский кодекс Российской Федерации.pdf:page_128, Гражданский кодекс Российской Федерации.pdf:page_141, Гражданский кодекс Российской Федерации.pdf:page_154, Гражданский кодекс Российской Федерации.pdf:page_3, Гражданский кодекс Российской Федерации.pdf:page_62, Гражданский кодекс Российской Федерации.pdf:page_71, Гражданский кодекс Российской Федерации.pdf:page_88, Семейный кодекс Российской Федерации.pdf:page_10, Семейный кодекс Российской Федерации.pdf:page_8, Семейный кодекс Российской Федерации.pdf:page_9"
Как определяются подлежащие оплате количества потребленной тепловой энергии и использованного теплоносителя при неполном укомплектовании узла учета согласно ГОСТ?,"В тексте указано следующее (п. 40):

- **При определении подлежащих оплате количеств потребленной тепловой энергии и использованного теплоносителя** они определяются **по данным узла коммерческого учета**, **укомплектованного средствами и системами измерения в полном объеме** (то есть **приборный метод учета**).

- **Если узел учета укомплектован неполностью** (приборно-расчетный метод учета), то:
  - **часть необходимых данных** определяется **по показаниям средств измерений**;
  - **другая часть данных** (незмеряемые/нерегистрируемые) определяется **из теплового, пароконденсатного или водного балансов**, а также **по параметрам, приведенным в договоре**.","Data1_10_10852_index.pdf:page_21, Data1_10_10870_index.pdf:page_11, Data1_10_10870_index.pdf:page_3, Data1_10_10870_index.pdf:page_4, Data1_10_10870_index.pdf:page_5, Data1_10_10871_index.pdf:page_11, Data1_10_10871_index.pdf:page_2, Data1_2_2096_index.pdf:page_3, Гражданский кодекс Российской Федерации.pdf:page_266, Гражданский кодекс Российской Федерации.pdf:page_267"
На каком сайте можно найти комментарии к статьям Кодекса?,"Комментарии к статьям можно найти на следующих сайтах (указаны в тексте):

- **https://skodeksrf.ru** — комментарии к статьям **СК РФ**  
- **https://ukodeksrf.ru** — комментарии к статьям **УК РФ**  
- **https://gkodeksrf.ru** — комментарии к статьям **ГК РФ**  
- **https://upkodeksrf.ru** — комментарии к статьям (в тексте не указан кодекс, но сайт для комментариев указан)  
- **https://kodasrf.ru** — комментарии к статьям (в тексте не указан кодекс, но сайт для комментариев указан)  
- **https://gkodeksrf.ru/** — в тексте отдельно также встречается для ГК РФ  
- **https://jkodeksrf.ru** — комментарии к статьям (в тексте не указан кодекс, но сайт для комментариев указан)","Арбитражный процессуальный кодекс Российской Федерации.pdf:page_188, Гражданский кодекс Российской Федерации.pdf:page_0, Гражданский кодекс Российской Федерации.pdf:page_519, Жилищный кодекс Российской Федерации.pdf:page_0, Кодекс административного судопроизводства Российской Федерации.pdf:page_3, Семейный кодекс Российской Федерации.pdf:page_0, Уголовно-процессуальный кодекс Российской Федерации.pdf:page_1, Уголовный кодекс Российской Федерации.pdf:page_0, Уголовный кодекс Российской Федерации.pdf:page_1, Уголовный кодекс Российской Федерации.pdf:page_3"
Можно ли применять разные налоговые ставки в зависимости от покупателя?,"В предоставленном фрагменте есть частичный ответ: сказано, что **“налоговая база … определяется … в зависимости от того, кто является покупателем (приобретателем) …”** (в тексте упоминается определение налоговой базы/налогообложения в зависимости от покупателя), однако **прямого указания, что налоговые ставки можно выбирать “в зависимости от покупателя”**, в данном фрагменте **нет**.

**Ответ:** частично — упоминается зависимость от покупателя при определении налоговой базы, но про разные налоговые ставки в зависимости от покупателя в тексте **нет**.","Налоговый кодекс Российской Федерации.pdf:page_1066, Налоговый кодекс Российской Федерации.pdf:page_1104, Налоговый кодекс Российской Федерации.pdf:page_2, Налоговый кодекс Российской Федерации.pdf:page_423, Налоговый кодекс Российской Федерации.pdf:page_431, Налоговый кодекс Российской Федерации.pdf:page_447, Налоговый кодекс Российской Федерации.pdf:page_460, Налоговый кодекс Российской Федерации.pdf:page_492, Налоговый кодекс Российской Федерации.pdf:page_506, Налоговый кодекс Российской Федерации.pdf:page_516"
Кто может заключить договор безвозмездного пользования лесным участком?,"Договор безвозмездного пользования лесным участком, находящимся в государственной или муниципальной собственности, может быть заключен с гражданами и юридическими лицами (при отсутствии сведений о них в реестре недобросовестных арендаторов лесных участков и покупателей лесных насаждений).

Также указано, что договор заключается без проведения торгов на основании заявления заинтересованного лица.","Гражданский кодекс Российской Федерации.pdf:page_147, Земельный кодекс Российской Федерации.pdf:page_153, Земельный кодекс Российской Федерации.pdf:page_2, Земельный кодекс Российской Федерации.pdf:page_45, Земельный кодекс Российской Федерации.pdf:page_80, Земельный кодекс Российской Федерации.pdf:page_95, Лесной кодекс Российской Федерации.pdf:page_57, Лесной кодекс Российской Федерации.pdf:page_59, Лесной кодекс Российской Федерации.pdf:page_61, Лесной кодекс Российской Федерации.pdf:page_63"
Какие методы установки шпунтовых ограждений описаны в СНиП 3.02.01-83?,"В приведённом фрагменте **нет информации** о методах установки шпунтовых ограждений и о том, что именно описано в **СНиП 3.02.01-83**.

Ответ: **нет в документах**","Data1_10_10864_index.pdf:page_14, Data1_11_11285_index.pdf:page_50, Data1_11_11295_index.pdf:page_11, Data1_11_11295_index.pdf:page_20, Data1_11_11295_index.pdf:page_25, Data1_11_11295_index.pdf:page_33, Data1_11_11295_index.pdf:page_47, Data1_1_1879_index.pdf:page_31, Data1_2_2080_index.pdf:page_25, Data1_2_2080_index.pdf:page_28"
Какие меры следует предпринять при невыполнении мероприятий по качественной регулировке систем отопления и экономии расхода теплоты согласно ПН-5-17?,"В тексте для **ПН-5-17** прямо указано, что в случае невыполнения мероприятий по качественной регулировке системы отопления и экономии расхода теплоты следует выполнить следующие мероприятия:

- **Промывку систем отопления** следует производить **гидропневматическим способом**.
- **Гидравлические испытания** должны проводиться **не реже одного раза в год** на давление, равное **1,25 рабочего давления теплоносителя**, но **не менее 1 МПа**.
- **Выполнить гидропневматическую промывку и гидравлическое испытание системы отопления в период подготовки здания к эксплуатации в осенне-зимний период**.","Data1_10_10852_index.pdf:page_19, Data1_10_10852_index.pdf:page_27, Data1_10_10852_index.pdf:page_28, Data1_10_10852_index.pdf:page_32, Data1_10_10852_index.pdf:page_37, Data1_10_10852_index.pdf:page_41, Data1_10_10861_index.pdf:page_31, Data1_10_10871_index.pdf:page_16, Data1_1_1879_index.pdf:page_19, Административный кодекс Российской Федерации.pdf:page_147"
На основании каких сведений осуществляется постановка на учет иностранной организации через отделения некоммерческих неправительственных организаций?,"Постановка на учет иностранной организации через отделения некоммерческих неправительственных организаций осуществляется **на основании сведений об осуществлении этой организацией деятельности на территории Российской Федерации через отделение**.  

(Это следует из фрагмента: «иностранной некоммерческой неправительственной организации по месту осуществления деятельности на территории Российской Федерации через отделение — …».)","Налоговый кодекс Российской Федерации.pdf:page_1170, Налоговый кодекс Российской Федерации.pdf:page_1178, Налоговый кодекс Российской Федерации.pdf:page_1198, Налоговый кодекс Российской Федерации.pdf:page_201, Налоговый кодекс Российской Федерации.pdf:page_202, Налоговый кодекс Российской Федерации.pdf:page_204, Налоговый кодекс Российской Федерации.pdf:page_209, Налоговый кодекс Российской Федерации.pdf:page_211, Налоговый кодекс Российской Федерации.pdf:page_366, Налоговый кодекс Российской Федерации.pdf:page_79"
"Какие условия должны соблюдаться при вселении граждан, постоянно проживающих с нанимателем?","В представленных фрагментах указано, что:

- в договоре должны быть указаны граждане, которые постоянно проживают в жилом помещении **вместе с нанимателем** (ст. 677 ЖК РФ);
- при отсутствии в договоре таких указаний вселение этих граждан производится **в соответствии с правилами ст. 679** (ст. 677 ЖК РФ).

Какие именно условия/порядок вселения по ст. 679 (предварительное уведомление наймодателя, согласие и т.п.) — **в предоставленном тексте отсутствует**.","Гражданский кодекс Российской Федерации.pdf:page_301, Гражданский кодекс Российской Федерации.pdf:page_302, Жилищный кодекс Российской Федерации.pdf:page_0, Жилищный кодекс Российской Федерации.pdf:page_100, Жилищный кодекс Российской Федерации.pdf:page_59, Жилищный кодекс Российской Федерации.pdf:page_61, Жилищный кодекс Российской Федерации.pdf:page_65, Жилищный кодекс Российской Федерации.pdf:page_66, Жилищный кодекс Российской Федерации.pdf:page_69, Семейный кодекс Российской Федерации.pdf:page_49"
Какова максимальная величина смещения теодолита с оси ряда колонн согласно СНиП 3.01.03-84?,"В приведённом фрагменте СНиП 3.01.03-84 указано, что теодолит устанавливают со смещением **с оси ряда колонн на произвольную величину (не более 1000 мм)**.

**Максимальная величина смещения теодолита с оси ряда колонн: 1000 мм.**","Data1_11_11285_index.pdf:page_29, Data1_11_11285_index.pdf:page_48, Data1_11_11285_index.pdf:page_74, Data1_11_11285_index.pdf:page_79, Data1_11_11285_index.pdf:page_80, Data1_11_11285_index.pdf:page_81, Data1_2_2079_index.pdf:page_10, Data1_2_2079_index.pdf:page_11, Data1_2_2079_index.pdf:page_12, Data1_2_2079_index.pdf:page_17"
Какие данные должны быть указаны в тендерной документации?,"В тексте указано, что **тендерная документация должна содержать исходную информацию о технических, коммерческих, организационных и иных характеристиках объекта и предмета торгов**, которые **определяют требования к разработке оферты и критериям оценки выбора победителя торгов**.

Также в тексте перечислены **основные разделы тендерной документации**, а именно:
- общие сведения об объекте и предмете торгов;
- проектная документация;
- требования по составу документации оферты;
- инструкция оферентам;
- условия и порядок проведения торгов;
- проект контракта;
- форма заявки об участии в торгах.

Дополнительно в тексте сказано, что в **техническую часть** (кроме раздела «Проектная документация») включаются, в частности:
- **ведомость физических объемов работ**;
- **особые технические условия на объект торгов**;
- **схемы, графики, расчеты, спецификации**;
- информация о **системах измерения, стандартов, испытаний и сертификации**;
- раздел требований по составу и содержанию оферты.

**Ответ:** см. выше.","Data1_10_10858_index.pdf:page_25, Data1_10_10865_index.pdf:page_2, Data1_10_10865_index.pdf:page_24, Data1_10_10865_index.pdf:page_41, Data1_10_10865_index.pdf:page_44, Data1_10_10866_index.pdf:page_10, Data1_10_10869_index.pdf:page_1, Data1_10_10869_index.pdf:page_2, Data1_10_10869_index.pdf:page_7, Земельный кодекс Российской Федерации.pdf:page_57"
Кто разработал Пособие по производству геодезических работ в строительстве?,"Пособие по производству геодезических работ в строительстве разработано **ЦНИИОМТП** (Центральным научно-исследовательским и проектно-экспериментальным институтом организации, механизации и технической помощи строительству) **при участии НИИПГ ГУГК, НИИОСП им. Н.М. Герсеванова и ПТИОМЭС**, а также ряда других организаций, указанных в тексте.","Data1_10_10864_index.pdf:page_1, Data1_10_10866_index.pdf:page_6, Data1_11_11285_index.pdf:page_1, Data1_11_11285_index.pdf:page_2, Data1_11_11285_index.pdf:page_66, Data1_11_11285_index.pdf:page_78, Data1_11_11295_index.pdf:page_1, Data1_1_1904_index.pdf:page_4, Data1_2_2069_index.pdf:page_2, Data1_2_2081_index.pdf:page_1"
Какие телефоны доступны для бесплатной юридической консультации в Санкт-Петербурге и Ленинградской области?,Для бесплатной юридической консультации в **Санкт-Петербурге и Ленинградской области** доступен телефон: **8 (812) 467-95-28**.,"Налоговый кодекс Российской Федерации.pdf:page_1260, Налоговый кодекс Российской Федерации.pdf:page_1344, Налоговый кодекс Российской Федерации.pdf:page_1345, Налоговый кодекс Российской Федерации.pdf:page_1347, Налоговый кодекс Российской Федерации.pdf:page_1348, Налоговый кодекс Российской Федерации.pdf:page_1349, Налоговый кодекс Российской Федерации.pdf:page_1352, Налоговый кодекс Российской Федерации.pdf:page_1353, Налоговый кодекс Российской Федерации.pdf:page_1354, Уголовный кодекс Российской Федерации.pdf:page_276"
"Что происходит, если налогоплательщик не уплатил или не полностью уплатил суммы, указанные в требовании об уплате налога и процентов?","Если налогоплательщик не уплатил или не полностью уплатил суммы, указанные в **требовании о возврате/уплате**, то эти суммы подлежат **принудительному взысканию**.

В представленном фрагменте прямо указано, что при неуплате или неполной уплате в установленный срок налога (в контексте обязанностей управляющего товарища в договоре инвестиционного товарищества) обязанность по уплате исполняется **в принудительном порядке путем обращения взыскания на денежные средства (драгоценные металлы) на счетах** инвестиционного товарищества, а при их отсутствии/недостаточности — на счетах управляющих товарищей, ответственных за ведение налогового учета (и далее — на счетах других товарищей пропорционально).

Про проценты/механизм их взыскания в приведенных фрагментах отдельным правилом не раскрыто (указано только про начисление процентов при нарушении сроков возврата).","Налоговый кодекс Российской Федерации.pdf:page_119, Налоговый кодекс Российской Федерации.pdf:page_155, Налоговый кодекс Российской Федерации.pdf:page_185, Налоговый кодекс Российской Федерации.pdf:page_186, Налоговый кодекс Российской Федерации.pdf:page_191, Налоговый кодекс Российской Федерации.pdf:page_361, Налоговый кодекс Российской Федерации.pdf:page_542, Налоговый кодекс Российской Федерации.pdf:page_543, Налоговый кодекс Российской Федерации.pdf:page_711, Налоговый кодекс Российской Федерации.pdf:page_713"
"Какие переходные положения существуют для свободных складов, владельцы которых включены в реестр владельцев свободных складов до 1 мая 2010 г.?","В тексте прямо указано переходное положение для владельцев свободных складов, включенных в реестр **до 1 мая 2010 г.**:

- **Комиссия вправе устанавливать ограничения по количеству товаров**, которые **изготовлены (получены) из иностранных товаров** и **помещены под таможенную процедуру свободного склада**, при условии, что выпуск таких товаров на таможенную территорию Союза **в таких количествах и на таких условиях причиняет значительный экономический ущерб отрасли экономики государства-члена или создает угрозу такого ущерба**.
- Решение об установлении этих ограничений принимается **в порядке, определяемом Комиссией**, и такие ограничения применяются **в случае, если такие товары не вывозятся с таможенной территории Союза**.
- Также упоминается, что **до вступления в силу решения Комиссии**, предусмотренного пунктом 4 статьи 218 Кодекса (определяющего перечень условий, производственных и технологических операций для признания товаров), применяется соответствующий переходный режим (текст в вашем фрагменте обрывается).","Налоговый кодекс Российской Федерации.pdf:page_605, Таможенный кодекс Евразийского экономического союза.pdf:page_114, Таможенный кодекс Евразийского экономического союза.pdf:page_182, Таможенный кодекс Евразийского экономического союза.pdf:page_183, Таможенный кодекс Евразийского экономического союза.pdf:page_233, Таможенный кодекс Евразийского экономического союза.pdf:page_466, Таможенный кодекс Евразийского экономического союза.pdf:page_467, Таможенный кодекс Евразийского экономического союза.pdf:page_468, Таможенный кодекс Евразийского экономического союза.pdf:page_493, Таможенный кодекс Евразийского экономического союза.pdf:page_508"
Что такое зоны с особыми условиями использования земель?,"В приведённом тексте **нет определения понятия** «зоны с особыми условиями использования земель» целиком.

Частично в документах указано, что в **Главе XIX** речь идёт о **«зонах с особыми условиями использования территорий»** (аналогичное понятие по смыслу), и перечислены **виды таких зон** (например, зоны охраны объектов культурного наследия, охранные зоны электроэнергетики, приаэродромная территория и др.). Также указано, что включённые в такие зоны земельные участки **не изымаются** у собственников (если иное не предусмотрено федеральным законом), а ограничения действуют в силу установления/внесения сведений о зоне.

Если нужно именно строгое определение термина — **в данных фрагментах его формулировка отсутствует**.","Градостроительный кодекс Российской Федерации.pdf:page_0, Градостроительный кодекс Российской Федерации.pdf:page_88, Земельный кодекс Российской Федерации.pdf:page_160, Земельный кодекс Российской Федерации.pdf:page_175, Земельный кодекс Российской Федерации.pdf:page_179, Земельный кодекс Российской Федерации.pdf:page_185, Земельный кодекс Российской Федерации.pdf:page_186, Земельный кодекс Российской Федерации.pdf:page_187, Земельный кодекс Российской Федерации.pdf:page_189, Земельный кодекс Российской Федерации.pdf:page_193"
Какие законодательные акты лежат в основе Рекомендаций? (ГОСТ),"В представленном фрагменте **Рекомендации (МДС 41-3.2000)** опираются на **СНиП и ГОСТ**, указанные в блоке «Нормативные ссылки», а также на **профильные ГОСТ по охране природы**.

Из текста явно перечислены:

- **СНиП 2.04.05-91*** «Отопление, вентиляция и кондиционирование»
- **СНиП 2.08.01-89*** «Жилые здания»
- (в блоке газоснабжения при Инструкции) **СНиП 2.04.08-87*** «Газоснабжение»
- **ГОСТ 17.1.3.13-86** «Охрана природы. Гидросфера…»
- **ГОСТ 17.1.4.01-80** «…определения нефтепродуктов…»
- **ГОСТ 17.2.1.01-76** «…классификация выбросов…»
- **ГОСТ 17.2.3.01-86** «…контроля качества воздуха…»
- **ГОСТ 17.2.1.02-76** «…допустимых выбросов…»
- **ГОСТ 17.2.4.02-81** «…методов определения загрязняющих веществ…»
- **ГОСТ 17.4.3.04-85** «…контролю и охране от загрязнения почв…»

Если же вопрос подразумевал именно **ГОСТ, на которые прямо ссылаются именно “Рекомендации” МДС 41-3.2000** (а не приведённые рядом в общем документе нормы), то в вашем фрагменте **прямого списка ГОСТ именно в разделе “Нормативные ссылки” для МДС 41-3.2000 нет**.","Data1_10_10846_index.pdf:page_3, Data1_10_10859_index.pdf:page_8, Data1_10_10865_index.pdf:page_33, Data1_10_10865_index.pdf:page_44, Data1_10_10871_index.pdf:page_1, Data1_2_2096_index.pdf:page_2, Градостроительный кодекс Российской Федерации.pdf:page_31, Гражданский кодекс Российской Федерации.pdf:page_0, Гражданский кодекс Российской Федерации.pdf:page_1, Земельный кодекс Российской Федерации.pdf:page_1"
Какие операции по управлению остатками средств на едином счете местного бюджета включают привлечение средств?,"В тексте указано, что **в состав операций по управлению остатками средств на едином счете местного бюджета включаются “привлечение на единый счет местного бюджета и возврат привлеченных средств”** (в соответствии с пунктами 10 и 13 статьи).","Бюджетный кодекс Российской Федерации.pdf:page_125, Бюджетный кодекс Российской Федерации.pdf:page_130, Бюджетный кодекс Российской Федерации.pdf:page_255, Бюджетный кодекс Российской Федерации.pdf:page_311, Бюджетный кодекс Российской Федерации.pdf:page_321, Бюджетный кодекс Российской Федерации.pdf:page_330, Бюджетный кодекс Российской Федерации.pdf:page_331, Бюджетный кодекс Российской Федерации.pdf:page_363, Бюджетный кодекс Российской Федерации.pdf:page_8, Жилищный кодекс Российской Федерации.pdf:page_167"
Как определяется разряд и подразряд зрительных работ для помещений торговых залов магазинов согласно ГОСТ МДС 31-8.2002?,"В предоставленном тексте **нет прямого указания**, как по ГОСТ МДС 31-8.2002 **определяются разряд и подразряд зрительных работ именно для помещений торговых залов магазинов**.

Частично по смыслу в тексте встречается фрагмент про **разряд зрительных работ** (таблица с соответствием “характеристика зрительной работы” и “наименьший размер объекта различения, мм”), где указано, что для **«зрительных работ высокой точности»** принимается значение КЕО **3 %** (и приводится разряд/подразряд Б-1). Но **связи именно с торговыми залами магазинов по МДС 31-8.2002** в тексте нет.

Также в тексте есть отдельный фрагмент про температуру для **торговых залов магазинов** (12 °С для продовольственных и 15 °С для универсальных и непродовольственных), но это **не про разряд/подразряд зрительной работы**.

**Ответ:** нет в документах.","Data1_10_10754_index.pdf:page_25, Data1_10_10846_index.pdf:page_13, Data1_10_10846_index.pdf:page_14, Data1_10_10846_index.pdf:page_21, Data1_10_10846_index.pdf:page_40, Data1_10_10846_index.pdf:page_41, Data1_10_10859_index.pdf:page_8, Data1_10_10865_index.pdf:page_24, Data1_10_10865_index.pdf:page_38, Data1_11_11835_index.pdf:page_31"
Какие товары Союза могут быть использованы при переработке иностранных товаров?,"В представленных фрагментах прямо указано, что **при переработке иностранных товаров** могут быть использованы **товары, которые содействуют производству продуктов переработки или облегчают его, даже если эти товары полностью или частично потребляются в процессе переработки** (п. 1 ст. 166).

Также из фрагмента о завершении процедур видно, что могут быть использованы (при завершении) **иностранные товары**, **товары, полученные (образовавшиеся) в результате переработки** и **остатки** — но конкретно “товары Союза” при переработке там не перечислены (только упоминается, что отдельные изготовленные товары могут быть признаны товарами Союза по критериям достаточной переработки).","Таможенный кодекс Евразийского экономического союза.pdf:page_189, Таможенный кодекс Евразийского экономического союза.pdf:page_190, Таможенный кодекс Евразийского экономического союза.pdf:page_192, Таможенный кодекс Евразийского экономического союза.pdf:page_193, Таможенный кодекс Евразийского экономического союза.pdf:page_208, Таможенный кодекс Евразийского экономического союза.pdf:page_229, Таможенный кодекс Евразийского экономического союза.pdf:page_239, Таможенный кодекс Евразийского экономического союза.pdf:page_255, Таможенный кодекс Евразийского экономического союза.pdf:page_258, Таможенный кодекс Евразийского экономического союза.pdf:page_496"
"Какие данные могут быть использованы для определения коэффициентов для пусконаладочных работ, если отсутствуют сметы во внутренних (базисных) ценах Российской Федерации, согласно ГОСТ МДС 81-21.2000?","В приведённом фрагменте ответа на ваш вопрос **нет в документах**.

Я вижу только общие положения про то, что коэффициенты для расчёта средств в смешанных (текущих/прогнозных и базисных) ценах должны определяться с использованием смет на пусконаладочные работы **в смешанных ценах и во внутренних (базисных) ценах Российской Федерации**, но **конкретный перечень данных**, какие брать для расчёта коэффициентов *если внутренних (базисных) смет нет*, в предоставленном тексте отсутствует.","Data1_10_10848_index.pdf:page_3, Data1_10_10864_index.pdf:page_19, Data1_10_10864_index.pdf:page_20, Data1_10_10864_index.pdf:page_33, Data1_10_10864_index.pdf:page_34, Data1_10_10864_index.pdf:page_4, Data1_10_10864_index.pdf:page_5, Data1_2_2069_index.pdf:page_8, Data1_2_2075_index.pdf:page_6, Data1_2_2117_index.pdf:page_1"
Какая средняя температура за июль в Вендинге согласно ГОСТ МДС 31-8.2002?,В предоставленном фрагменте таблицы для **Республика Коми — Вендинга** указано: **средняя температура за июль — 22 °С**.,"Data1_10_10846_index.pdf:page_13, Data1_10_10846_index.pdf:page_21, Data1_10_10846_index.pdf:page_23, Data1_10_10846_index.pdf:page_24, Data1_10_10846_index.pdf:page_25, Data1_10_10846_index.pdf:page_26, Data1_10_10846_index.pdf:page_28, Data1_10_10846_index.pdf:page_40, Data1_10_10871_index.pdf:page_6, Налоговый кодекс Российской Федерации.pdf:page_596"
Какие требования к оценке результатов конкурентности работников указаны в ГОСТ МДС 80-2.2000?,"В предоставленном фрагменте **МДС 80-2.2000 (“Использование конкуренции между работниками проектной организации…”)** **не указаны требования к оценке результатов конкурентности работников**.

В тексте встречаются:
- общие положения об организации внутренней конкуренции;
- упоминания о соглашениях о неразглашении/недопущении конкуренции;
- фрагменты про антимонопольные воздействия и про другие методические рекомендации (в т.ч. МДС 80-3.2000 по оценке оферт на торгах),
- но **нет раздела, где бы прямо формулировались требования к оценке результатов “конкурентности работников”**.

**Ответ: нет в документах.**","Data1_10_10754_index.pdf:page_22, Data1_10_10864_index.pdf:page_33, Data1_10_10865_index.pdf:page_21, Data1_10_10869_index.pdf:page_1, Data1_10_10869_index.pdf:page_3, Data1_10_10869_index.pdf:page_5, Data1_10_10872_index.pdf:page_1, Data1_10_10872_index.pdf:page_11, Data1_10_10872_index.pdf:page_5, Data1_10_10872_index.pdf:page_8"
Какие административные правонарушения имеют срок давности привлечения к ответственности два месяца?,"В предоставленных фрагментах **есть общий срок рассмотрения дела** об административном правонарушении **в двухмесячный срок** (например: «Дело… рассматривается в двухмесячный срок…»), но **перечня конкретных составов административных правонарушений**, для которых установлен **срок давности привлечения 2 месяца**, в тексте **нет**.

**Ответ: нет в документах.**","Административный кодекс Российской Федерации.pdf:page_18, Административный кодекс Российской Федерации.pdf:page_28, Административный кодекс Российской Федерации.pdf:page_32, Административный кодекс Российской Федерации.pdf:page_575, Административный кодекс Российской Федерации.pdf:page_599, Гражданский кодекс Российской Федерации.pdf:page_123, Гражданский кодекс Российской Федерации.pdf:page_124, Кодекс торгового мореплавания Российской Федерации.pdf:page_138, Налоговый кодекс Российской Федерации.pdf:page_353, Уголовный кодекс Российской Федерации.pdf:page_31"
Какие проверки должны проводиться в процессе строительства сооружений кабельной канализации согласно СНиП 3.01.03-84?,"В приведённом фрагменте текста **нет информации** о том, какие именно проверки должны проводиться в процессе строительства сооружений кабельной канализации согласно **СНиП 3.01.03-84**.  

Есть лишь общие сведения про геодезический контроль монтажа оборудования и про исполнительную съемку/исполнительные чертежи инженерных сетей, но прямых требований именно для **кабельной канализации** в процессе строительства по указанному СНиП — **нет в документах**.","Data1_10_10861_index.pdf:page_29, Data1_10_10861_index.pdf:page_33, Data1_11_11285_index.pdf:page_50, Data1_11_11285_index.pdf:page_55, Data1_11_11285_index.pdf:page_64, Data1_11_11285_index.pdf:page_66, Data1_11_11295_index.pdf:page_25, Data1_11_11295_index.pdf:page_26, Data1_1_1804_index.pdf:page_8, Data1_1_1879_index.pdf:page_28"
Какие законы регулируют установление транспортного налога?,"В тексте указано, что **транспортный налог устанавливается Налоговым кодексом РФ и законами субъектов Российской Федерации**:

- **НК РФ, глава 28 “Транспортный налог”**, статья **356**: налог устанавливается НК РФ и законами субъектов РФ о транспортном налоге, вводится в действие законами субъектов РФ и обязателен на территории соответствующего субъекта (если иное не предусмотрено ст. 356.1 НК РФ).
- Также в тексте упоминается, что законодательные органы субъектов РФ определяют **налоговую ставку** в пределах, установленных главой 28 НК РФ, и могут предусматривать **налоговые льготы** (ст. 356 НК РФ).","Data1_2_2070_index.pdf:page_14, Data1_2_2082_index.pdf:page_24, Data1_2_2116_index.pdf:page_6, Налоговый кодекс Российской Федерации.pdf:page_1552, Налоговый кодекс Российской Федерации.pdf:page_1554, Налоговый кодекс Российской Федерации.pdf:page_1555, Налоговый кодекс Российской Федерации.pdf:page_1556, Налоговый кодекс Российской Федерации.pdf:page_1557, Налоговый кодекс Российской Федерации.pdf:page_1559, Налоговый кодекс Российской Федерации.pdf:page_1562"
"Как долго должен работодатель ждать перед тем, как принять окончательное решение об увольнении?","Работодатель имеет право принять окончательное решение **по истечении десяти рабочих дней со дня получения соответствующим вышестоящим выборным профсоюзным органом проекта приказа и копий документов**, являющихся основанием для увольнения.","Трудовой кодекс Российской Федерации.pdf:page_164, Трудовой кодекс Российской Федерации.pdf:page_223, Трудовой кодекс Российской Федерации.pdf:page_235, Трудовой кодекс Российской Федерации.pdf:page_236, Трудовой кодекс Российской Федерации.pdf:page_242, Трудовой кодекс Российской Федерации.pdf:page_44, Трудовой кодекс Российской Федерации.pdf:page_52, Трудовой кодекс Российской Федерации.pdf:page_54, Трудовой кодекс Российской Федерации.pdf:page_55, Трудовой кодекс Российской Федерации.pdf:page_62"
По каким основаниям судья оставляет без движения административное искове заявление о признании нормативного правового акта недействующим?,"Судья оставляет без движения административное исковое заявление о признании нормативного правового акта недействующим **в случае несоответствия указанного заявления требованиям, установленным статьей 209 настоящего Кодекса** (ч. 3 соответствующей нормы):

- **«Судья оставляет без движения … в случае несоответствия указанного заявления требованиям, установленным статьей 209 настоящего Кодекса.»**","Арбитражный процессуальный кодекс Российской Федерации.pdf:page_63, Арбитражный процессуальный кодекс Российской Федерации.pdf:page_98, Гражданский процессуальный кодекс Российской Федерации.pdf:page_123, Гражданский процессуальный кодекс Российской Федерации.pdf:page_54, Кодекс административного судопроизводства Российской Федерации.pdf:page_103, Кодекс административного судопроизводства Российской Федерации.pdf:page_111, Кодекс административного судопроизводства Российской Федерации.pdf:page_123, Кодекс административного судопроизводства Российской Федерации.pdf:page_146, Кодекс административного судопроизводства Российской Федерации.pdf:page_71, Кодекс административного судопроизводства Российской Федерации.pdf:page_73"
Какой законодательный акт регулирует порядок уплаты налога на добавленную стоимость (НДС) согласно ГОСТ МДС 81-23.2000?,"В приведённом фрагменте ГОСТ/МДС **81-23.2000** указано, что пособие составлено **в соответствии с законодательными актами Российской Федерации**, но **конкретный законодательный акт (название нормы/кодекса и статья), который регулирует порядок уплаты НДС, в этом тексте не указан**.

**Ответ: нет в документах**.","Data1_10_10848_index.pdf:page_2, Data1_1_1904_index.pdf:page_1, Data1_2_2070_index.pdf:page_1, Data1_2_2082_index.pdf:page_30, Налоговый кодекс Российской Федерации.pdf:page_144, Налоговый кодекс Российской Федерации.pdf:page_1613, Налоговый кодекс Российской Федерации.pdf:page_2, Налоговый кодекс Российской Федерации.pdf:page_385, Налоговый кодекс Российской Федерации.pdf:page_491, Налоговый кодекс Российской Федерации.pdf:page_524"
Какие нормы накладных расходов учитываются? (ГОСТ МДС 81-8.2000),"В предоставленном фрагменте **есть только ссылка на МДС 81-4.99** как документ, по которому берутся нормативы накладных расходов, но **самих норм (перечня/значений) именно “МДС 81-8.2000” в тексте нет**.

Что удалось найти из текста:
- **Накладные расходы определяются по нормативам накладных расходов по видам строительных и монтажных работ, приведенным в приложении 3 Методических указаний по определению величины накладных расходов в строительстве (МДС 81-4.99)**. (раздел 7.1: “Накладные расходы … в соответствии с нормативами … приведенными в приложении 3 МДС 81-4.99”).  

Ответ: **в тексте указано, что учитываются нормативы накладных расходов по видам строительных и монтажных работ из приложения 3 МДС 81-4.99.**","Data1_10_10754_index.pdf:page_28, Data1_10_10754_index.pdf:page_3, Data1_10_10848_index.pdf:page_3, Data1_10_10848_index.pdf:page_7, Data1_10_10864_index.pdf:page_12, Data1_10_10864_index.pdf:page_15, Data1_10_10864_index.pdf:page_25, Data1_10_10864_index.pdf:page_34, Data1_2_2075_index.pdf:page_1, Data1_2_2080_index.pdf:page_16"
Какая информация должна быть включена в единую государственную автоматизированную информационную систему учета древесины и сделок с ней?,"В предоставленном фрагменте **указана не исчерпывающая “вся” информация**, но прямо перечислено, что именно должна содержаться в системе **по ряду документов/операций** и **что именно подлежит внесению** в отношении древесины и объектов:

1) **В отношении ввезенной/вывезенной древесины** — формируется **отчет о балансе древесины**, который сопровождает события ввоза/вывоза (не позднее 1 рабочего дня). Также сказано, что **состав сведений** для такого отчета устанавливается уполномоченным федеральным органом (перечень в документе не раскрыт).

2) **Маркировка древесины**: должна обеспечивать возможность нанесения и считывания сведений; порядок маркировки, перечень информации, и требования к маркировке устанавливаются Правительством РФ (в фрагменте сам перечень не приведен).

3) **Кто и в отношении чего вносит сведения** (то есть “какая информация” вносится в систему в привязке к субъектам):
- лица, использующие леса / осуществляющие мероприятия по сохранению лесов — **в отношении древесины, полученной при использовании лесов и их сохранении, до вывоза из леса**;
- органы власти/ОМС, уполномоченные на договоры купли-продажи лесных насаждений для собственных нужд граждан — **в отношении древесины, заготовленной гражданами**;
- собственники древесины или уполномоченные лица — **в отношении транспортируемой древесины**;
- лица, владеющие местами складирования / объектами лесопереработки — **в отношении древесины и продукции ее переработки** (перечень продукции указан ссылкой на пункты, но сами пункты в фрагменте не раскрыты);
- стороны сделки — **в отношении древесины, являющейся предметом сделки**.

4) **Сведения, включаемые в декларацию о сделках с древесиной** (это прямо перечислено в тексте, как составляющие сведения, которые должны содержаться в декларации, связанной с учетом сделок):
- сведения о **договоре на аренду лесного участка или ином документе** (стороны/данные, местоположение лесного участка, дата/номер, срок, объем заготовки);
- сведения о **договоре купли-продажи лесных насаждений** (стороны, реквизиты, местоположение, дата/номер, срок, объем);
- сведения о **договоре, по которому приобретается/отчуждается древесина** (стороны, дата/номер, срок, объем, видовой/породный и сортиментный состав);
- сведения о **месте складирования древесины (при наличии)**.

Итого: в вашем фрагменте **приведены (а) категории информации**, которую система учитывает, **и (б) отдельные поля/сведения** (например, из состава декларации о сделках с древесиной), но **полный перечень всех сведений для системы целиком в тексте не дан** — он обозначается как устанавливаемый уполномоченным органом/Правительством РФ.","Административный кодекс Российской Федерации.pdf:page_124, Лесной кодекс Российской Федерации.pdf:page_25, Лесной кодекс Российской Федерации.pdf:page_26, Лесной кодекс Российской Федерации.pdf:page_27, Лесной кодекс Российской Федерации.pdf:page_29, Лесной кодекс Российской Федерации.pdf:page_30, Лесной кодекс Российской Федерации.pdf:page_31, Лесной кодекс Российской Федерации.pdf:page_32, Лесной кодекс Российской Федерации.pdf:page_33, Лесной кодекс Российской Федерации.pdf:page_75"
Какие координаты центра тяжести фигуры используются в примере согласно СНиП 3.01.03-84?,"В примере используются координаты центра тяжести фигуры:

- **x0 = 9,000 м**
- **y0 = 24,000 м**","Data1_11_11285_index.pdf:page_11, Data1_11_11285_index.pdf:page_13, Data1_11_11285_index.pdf:page_15, Data1_11_11285_index.pdf:page_16, Data1_11_11285_index.pdf:page_18, Data1_11_11285_index.pdf:page_20, Data1_11_11285_index.pdf:page_21, Data1_11_11285_index.pdf:page_43, Data1_11_11285_index.pdf:page_74, Data1_2_2079_index.pdf:page_16"
"Кто составляет акт о морском протесте, и какие данные используются для его составления?","В предоставленных фрагментах **нет информации** о том, **кто именно составляет акт о морском протесте** (или кем составляется «акт»/«заявление»).

Также **нет в документах** перечня того, какие **данные** используются именно для его составления.  

Есть лишь общий фрагмент про **заявление о морском протесте** и про обязанность капитана **представить доказательства** нотариусу/должностному лицу консульского учреждения или компетентному должностному лицу иностранного государства, но сведений о составителе акта и о том, какие данные включаются в «акт», в тексте выше нет.","Административный кодекс Российской Федерации.pdf:page_533, Административный кодекс Российской Федерации.pdf:page_575, Административный кодекс Российской Федерации.pdf:page_591, Административный кодекс Российской Федерации.pdf:page_593, Административный кодекс Российской Федерации.pdf:page_594, Административный кодекс Российской Федерации.pdf:page_595, Административный кодекс Российской Федерации.pdf:page_596, Кодекс торгового мореплавания Российской Федерации.pdf:page_135, Кодекс торгового мореплавания Российской Федерации.pdf:page_136, Кодекс торгового мореплавания Российской Федерации.pdf:page_56"
"Какой метод учета изменений уровня цен может предлагаться оферентом, согласно ГОСТ МДС 80-3.2000?","В предоставленном фрагменте **МДС 80-3.2000** прямо указано, что учет изменений уровня цен при оценке оферт может выполняться путем:

- **балльной оценки показателей** (когда часть показателей оценивается не по ст��имости), и/или  
- **экономического соизмерения затрат и прибыли с расчетом величины приведенных затрат** (в тексте: «расчета величины приведенных затрат или смешанная (балльно-экономическая) оценка»).

То есть метод учета изменений уровня цен в терминах документа сводится к оценке через **приведенные затраты** (и при необходимости — в **смешанной балльно-экономической** форме).","Data1_10_10848_index.pdf:page_6, Data1_10_10866_index.pdf:page_1, Data1_10_10869_index.pdf:page_1, Data1_10_10869_index.pdf:page_2, Data1_10_10869_index.pdf:page_7, Data1_10_10869_index.pdf:page_8, Data1_2_2069_index.pdf:page_7, Data1_2_2075_index.pdf:page_1, Data1_2_2075_index.pdf:page_17, Data1_2_2117_index.pdf:page_1"
Какой ГОСТ или СНиП определяет методы разработки УПБС на основе ресурсной технологической модели?,"В предоставленных фрагментах **нет ссылки на конкретный ГОСТ или СНиП**, который бы прямо определял методы разработки УПБС на основе ресурсной технологической модели.

Частично по тексту можно указать лишь на то, что методика разработки УПБС описана в **самих “Методических рекомендациях”** Минстроя России, например:
- *«Методические рекомендации … по формированию и использованию УПБС с учетом потребительских свойств…» (Москва 1996)*
- и упоминается раздел **«Рекомендуемый порядок разработки УПБС на основе унифицированной ресурсно-технологической модели…»** (но без указания ГОСТ/СНиП).

**ГОСТ или СНиП:** **нет в документах**.","Data1_10_10859_index.pdf:page_8, Data1_2_2075_index.pdf:page_3, Data1_2_2080_index.pdf:page_1, Data1_2_2080_index.pdf:page_2, Data1_2_2080_index.pdf:page_34, Data1_2_2081_index.pdf:page_1, Data1_2_2081_index.pdf:page_2, Data1_2_2081_index.pdf:page_3, Data1_2_2081_index.pdf:page_8, Data1_2_2117_index.pdf:page_1"
Какие подотраслевые индексы существуют?,"В тексте перечислены **подотраслевые индексы** в виде формулировки:

- «**Индексы по элементам технологии и структуры** капитальных вложений» (для уровней укрупнения, включая **отрасли, подотрасли, предприятия, здания, сооружения**), обозначения: **Икi, Исрi, Имрi, Иoi, Ипзi**.

То есть подотраслевые индексы существуют на уровне **«Отрасли, подотрасли…»** и включают индексы по элементам:  
**капитальные вложения всего (Икi), строительные работы (Исрi), монтажные работы (Имрi), оборудование, мебель, инвентарь (Иои), прочие затраты (Ипзi).**","Data1_10_10864_index.pdf:page_24, Data1_2_2075_index.pdf:page_2, Data1_2_2079_index.pdf:page_5, Data1_2_2079_index.pdf:page_6, Data1_2_2079_index.pdf:page_8, Data1_2_2080_index.pdf:page_10, Data1_2_2080_index.pdf:page_30, Data1_2_2117_index.pdf:page_2, Налоговый кодекс Российской Федерации.pdf:page_1441, Налоговый кодекс Российской Федерации.pdf:page_1445"
Какова цель дублирования при подготовке оперативных руководителей и персонала? (МДС 15-13.2000),"В представленном фрагменте **МДС 13-15.2000** указано, что дублирование применяется как этап допуска к самостоятельной работе для оперативных руководителей и оперативного/оперативно-ремонтного персонала, включая порядок оформления допуска и требования к его продолжительности (пп. **21–22**), а также что в иных случаях возможно заменить дублирование противопожарными и противоаварийными тренировками (п. **22**).

Однако **прямой формулировки “цели дублирования”** (в смысле “зачем проводится дублирование”) в приведенном тексте **нет**.

**Ответ: нет в документах**.","Data1_10_10852_index.pdf:page_27, Data1_10_10859_index.pdf:page_1, Data1_10_10862_index.pdf:page_1, Data1_10_10862_index.pdf:page_11, Data1_10_10862_index.pdf:page_2, Data1_10_10862_index.pdf:page_3, Data1_10_10862_index.pdf:page_9, Data1_10_10872_index.pdf:page_1, Data1_10_10872_index.pdf:page_4, Data1_10_10872_index.pdf:page_5"
Что не допускается при нарушении отделочного слоя согласно СНиП III-21-73* 1981?,"В тексте приведены требования по **разрушению и повреждению отделочного слоя**, включая облицовку и штукатурку, но формулировка **«что не допускается» именно при нарушении отделочного слоя** в явном виде дана как общее правило:

**«Не допускается»** (разрушение/повреждение отделочного слоя, в том числе облицовки керамической плитки, образование трещин или околов в углах плиток, ржавые потеки из швов облицовки).  

Конкретный ответ в одном предложении по вопросу: **не допускается разрушение и повреждение отделочного слоя (в т.ч. облицовки), образование трещин/околов в углах плиток и появление ржавых потеков из швов облицовки**.","Data1_10_10852_index.pdf:page_3, Data1_10_10861_index.pdf:page_12, Data1_10_10861_index.pdf:page_14, Data1_10_10861_index.pdf:page_16, Data1_10_10861_index.pdf:page_17, Data1_10_10861_index.pdf:page_18, Data1_10_10861_index.pdf:page_39, Data1_10_10861_index.pdf:page_41, Data1_10_10861_index.pdf:page_7, Data1_10_10861_index.pdf:page_9"
"Какие изменения внесены в Закон ""Об акцизах"" в статье 1?","В предоставленном тексте содержится только начало записи: указано, что в статье 1 «указывается о введении акцизов», но конкретные изменения в Закон «Об акцизах» (что именно изменено) дальше не приведены.

**Ответ:** нет в документах.","Data1_2_2082_index.pdf:page_24, Data1_2_2082_index.pdf:page_25, Бюджетный кодекс Российской Федерации.pdf:page_48, Налоговый кодекс Российской Федерации.pdf:page_544, Налоговый кодекс Российской Федерации.pdf:page_604, Налоговый кодекс Российской Федерации.pdf:page_629, Налоговый кодекс Российской Федерации.pdf:page_635, Налоговый кодекс Российской Федерации.pdf:page_651, Налоговый кодекс Российской Федерации.pdf:page_659, Налоговый кодекс Российской Федерации.pdf:page_715"
Какой штраф грозит должностным лицам за воспрепятствование осуществлению права на свободу совести и свободу вероисповедания?,Штраф за воспрепятствование осуществлению права на свободу совести и свободу вероисповедания для **должностных лиц** составляет **от 50 000 до 100 000 рублей**.,"Административный кодекс Российской Федерации.pdf:page_42, Уголовный кодекс Российской Федерации.pdf:page_154, Уголовный кодекс Российской Федерации.pdf:page_156, Уголовный кодекс Российской Федерации.pdf:page_194, Уголовный кодекс Российской Федерации.pdf:page_223, Уголовный кодекс Российской Федерации.pdf:page_233, Уголовный кодекс Российской Федерации.pdf:page_243, Уголовный кодекс Российской Федерации.pdf:page_247, Уголовный кодекс Российской Федерации.pdf:page_54, Уголовный кодекс Российской Федерации.pdf:page_55"
"Какие затраты, связанные с командированием работников подрядных организаций на стройки при обязанности российской организации относятся на объемы работ, выполняемые российскими организациями (ГОСТ)?","В приведенном фрагменте **есть только общая расшифровка**, какие бывают затраты по командировкам, но **нет конкретного пункта**, который бы прямо отвечал на ваш вопрос в формулировке “при обязанности российской организации — относятся/не относятся на объемы работ, выполняемые российскими организациями (ГОСТ)”.

Из текста документа следует лишь общее:
- далее упоминается **“Затраты на командирование специалистов российских организаций за границу”** (в составе отдельных расчетов/форм сметной стоимости);
- также есть перечень “расходы на командировки” (проезд, проживание, суточные и т.п.).

Однако **в вашем фрагменте нет раздела/таблицы**, где именно для **“командирование работников подрядных организаций на стройки”** и именно при **обязанности российской организации** указано, что эти затраты относятся на **объемы работ российскими организациями**.

**Ответ: нет в документах**.","Data1_10_10848_index.pdf:page_10, Data1_10_10848_index.pdf:page_8, Data1_10_10848_index.pdf:page_9, Data1_2_2069_index.pdf:page_13, Data1_2_2069_index.pdf:page_17, Data1_2_2082_index.pdf:page_13, Data1_2_2082_index.pdf:page_15, Data1_2_2082_index.pdf:page_16, Data1_2_2082_index.pdf:page_7, Налоговый кодекс Российской Федерации.pdf:page_971"
Какие обосновывающие документы требуются для расчета затрат на приобретение малоценного и хозяйственного инвентаря согласно ГОСТ МДС 81-7.2000?,"В приведенных фрагментах по статье **4.10. «Приобретение малоценного и хозяйственного инвентаря»** прямо указано обоснование:

- **Обосновывающие документы:** **«-»-** (то есть в тексте конкретный документ не назван)  
- В другом месте для этой же статьи встречается: **«То же»**, что также означает отсылку к предыдущему обоснованию, но конкретного документа в данном фрагменте не раскрывает.

Итог: **конкретного наименования обосновывающего документа для 4.10 в данных выдержках нет**.","Data1_10_10848_index.pdf:page_2, Data1_10_10848_index.pdf:page_3, Data1_10_10859_index.pdf:page_8, Data1_10_10865_index.pdf:page_24, Data1_2_2076_index.pdf:page_1, Data1_2_2079_index.pdf:page_1, Data1_2_2116_index.pdf:page_11, Data1_2_2116_index.pdf:page_7, Data1_2_2116_index.pdf:page_8, Data1_2_2116_index.pdf:page_9"
Когда вступает в силу решение об аннулировании свидетельства?,"В тексте указано: **«…аннулирование свидетельства … с даты начала действия аннулированного свидетельства…»** (соответствующий фрагмент относится к пункту, где сказано, что действие свидетельства аннулируется по решению налогового органа **с даты начала действия** такого свидетельства).

Других точных сроков/дат вступления решения об аннулировании в силу в предоставленных фрагментах **нет в документах**.","Арбитражный процессуальный кодекс Российской Федерации.pdf:page_110, Налоговый кодекс Российской Федерации.pdf:page_550, Налоговый кодекс Российской Федерации.pdf:page_553, Налоговый кодекс Российской Федерации.pdf:page_556, Налоговый кодекс Российской Федерации.pdf:page_558, Налоговый кодекс Российской Федерации.pdf:page_572, Налоговый кодекс Российской Федерации.pdf:page_574, Налоговый кодекс Российской Федерации.pdf:page_582, Налоговый кодекс Российской Федерации.pdf:page_590, Семейный кодекс Российской Федерации.pdf:page_5"
"Какие исключения существуют для домов и дворцов культуры, расположенных в городах, районных центрах, поселках городского типа?","В предоставленном фрагменте **нет информации об исключениях для домов и дворцов культуры**, расположенных в городах, районных центрах и поселках городского типа.

Есть только общие упоминания про **помещения соцкультбыта** (например, какие помещения могут **не предусматриваться** с естественным освещением), а также перечисления **типов объектов** (культура/культурно-бытовое строительство), но **конкретных исключений по локации “дом/дворец культуры в городах, районных центрах, ПГТ” в тексте нет**.

**Ответ: нет в документах.**","Data1_10_10865_index.pdf:page_20, Data1_2_2080_index.pdf:page_33, Градостроительный кодекс Российской Федерации.pdf:page_85, Градостроительный кодекс Российской Федерации.pdf:page_86, Градостроительный кодекс Российской Федерации.pdf:page_87, Земельный кодекс Российской Федерации.pdf:page_173, Земельный кодекс Российской Федерации.pdf:page_183, Лесной кодекс Российской Федерации.pdf:page_8, Лесной кодекс Российской Федерации.pdf:page_99, Налоговый кодекс Российской Федерации.pdf:page_393"
Какой индекс в прогнозном уровне указан для монтажных работ в 1994 году для объектов производственного назначения?,"В таблице **«Направления использования капитальных вложений по данной стройке»** в разделе **I. Объекты производственного назначения** за **1994 г.** указано:

- **монтажные работы**: **индекс в прогнозном уровне = 25**.","Data1_10_10754_index.pdf:page_21, Data1_10_10754_index.pdf:page_22, Data1_2_2075_index.pdf:page_15, Data1_2_2075_index.pdf:page_17, Data1_2_2075_index.pdf:page_9, Data1_2_2079_index.pdf:page_19, Data1_2_2080_index.pdf:page_27, Data1_2_2080_index.pdf:page_30, Data1_2_2117_index.pdf:page_10, Data1_2_2117_index.pdf:page_6"
Какие разделы могут входить в техническую часть тендерной документации согласно ГОСТ МДС-80-8.2000?,"В предоставленных материалах **прямого перечня разделов технической части тендерной документации “согласно ГОСТ МДС-80-8.2000” нет**.  

Однако в тексте приведено содержание раздела **«Состав технической части тендерной документации»** (как ориентир того, что именно включают в техническую часть). Там перечислены разделы:

- 3.1. Пояснительная записка  
- 3.2. Генеральный план, опорные и ситуационные планы, схемы инженерных сетей  
- 3.3. Основные положения, характеризующие архитектурно-строительные, принципиальные конструктивные и технологические решения зданий и сооружений  
- 3.4. Ведомости физических объемов работ  
- 3.5. Особые технические условия на объект торгов  
- 3.6. Показатели (объемные и по площадям) по зданиям и сооружениям  
- 3.7. Оборудование и материалы  
- 3.8. Основные положения по организации строительства, сроки и графики строительства объектов торгов и видов работ  
- 3.9. Информация о системах измерения, стандартов, испытаний и сертификации  
- 3.10. Материалы инженерных изысканий  
- 3.11. Экологические требования  

Кроме того, в тексте упоминается блок **«Состав технической части документации оферты»** (4.1–4.5), но это уже не сама техническая часть тендерной документации, а состав оферты.","Data1_10_10858_index.pdf:page_25, Data1_10_10859_index.pdf:page_8, Data1_10_10865_index.pdf:page_2, Data1_10_10865_index.pdf:page_3, Data1_10_10865_index.pdf:page_37, Data1_10_10865_index.pdf:page_44, Data1_10_10866_index.pdf:page_1, Data1_10_10867_index.pdf:page_2, Data1_10_10869_index.pdf:page_2, Data1_2_2079_index.pdf:page_1"
Как выполняются приконьковые продухи согласно ГОСТ МДС 13-18.2000?,нет в документах,"Data1_10_10754_index.pdf:page_24, Data1_10_10754_index.pdf:page_28, Data1_10_10846_index.pdf:page_18, Data1_10_10846_index.pdf:page_21, Data1_10_10846_index.pdf:page_5, Data1_10_10852_index.pdf:page_37, Data1_10_10862_index.pdf:page_1, Data1_10_10865_index.pdf:page_32, Data1_11_11285_index.pdf:page_23, Data1_11_11295_index.pdf:page_25"
Как назначаются контрольные и дополнительные рабочие скважины в ходе работ (ГОСТ 3.02.01-83)?,"В приведённом фрагменте прямо указано:

**«В ходе работ по данным исполнительной документации назначаются контрольные, а при необходимости и дополнительные рабочие скважины.»** (раздел **5.56**)

То есть контрольные и дополнительные рабочие скважины назначаются **в ходе работ**, **по данным исполнительной документации**; **дополнительные — при необходимости**.","Data1_10_10062_index.pdf:page_10, Data1_10_10858_index.pdf:page_11, Data1_10_10864_index.pdf:page_14, Data1_10_10865_index.pdf:page_21, Data1_11_11285_index.pdf:page_81, Data1_11_11295_index.pdf:page_16, Data1_11_11295_index.pdf:page_25, Data1_11_11295_index.pdf:page_42, Data1_2_2079_index.pdf:page_16, Data1_2_2079_index.pdf:page_17"
Какая дата считается датой осуществления внереализационных и прочих расходов для расходов на содержание служебного транспорта?,"В приведённом фрагменте **нет информации** о том, какая **дата** считается датой осуществления **внереализационных и прочих расходов** именно для **расходов на содержание служебного транспорта**.","Data1_2_2116_index.pdf:page_13, Data1_2_2116_index.pdf:page_8, Налоговый кодекс Российской Федерации.pdf:page_1011, Налоговый кодекс Российской Федерации.pdf:page_1018, Налоговый кодекс Российской Федерации.pdf:page_1020, Налоговый кодекс Российской Федерации.pdf:page_1021, Налоговый кодекс Российской Федерации.pdf:page_1482, Налоговый кодекс Российской Федерации.pdf:page_1487, Налоговый кодекс Российской Федерации.pdf:page_852, Налоговый кодекс Российской Федерации.pdf:page_971"
Какие объекты налогообложения исключаются из налогооблагаемой базы для налога на пользователей автомобильных дорог согласно ГОСТ МДС 81-23.2000?,"В приведённом фрагменте **нет прямого перечня “исключаемых объектов налогообложения”** именно для **налога на пользователей автомобильных дорог** по **ГОСТ МДС 81-23.2000**.

Однако в вашем тексте из **Инструкции от 30.03.93** указано следующее исключение из налогооблагаемой базы:

- **из налогооблагаемой базы исключается налог на добавленную стоимость (НДС)**;  
- **по предприятиям — изготовителям подакцизных товаров — исключаются акцизы**;  
- **по предприятиям и организациям, уплачивающим налог на реализацию горюче-смазочных материалов, из налогооблагаемой базы исключается этот налог**.

Если нужно именно по ГОСТ МДС 81-23.2000 (перечень исключений “объектов налогообложения”), то **в предоставленных выдержках этого нет**.","Data1_10_10848_index.pdf:page_9, Data1_2_2070_index.pdf:page_14, Административный кодекс Российской Федерации.pdf:page_171, Бюджетный кодекс Российской Федерации.pdf:page_290, Налоговый кодекс Российской Федерации.pdf:page_1362, Налоговый кодекс Российской Федерации.pdf:page_1485, Налоговый кодекс Российской Федерации.pdf:page_1554, Налоговый кодекс Российской Федерации.pdf:page_1555, Налоговый кодекс Российской Федерации.pdf:page_392, Налоговый кодекс Российской Федерации.pdf:page_945"
"При каких условиях суд устанавливает факты, имеющие юридическое значение?","Суд устанавливает факты, имеющие юридическое значение, **только при невозможности получения заявителем в ином порядке надлежащих документов, удостоверяющих эти факты, или при невозможности восстановления утраченных документов** (статья 265).","Арбитражный процессуальный кодекс Российской Федерации.pdf:page_113, Арбитражный процессуальный кодекс Российской Федерации.pdf:page_114, Арбитражный процессуальный кодекс Российской Федерации.pdf:page_115, Арбитражный процессуальный кодекс Российской Федерации.pdf:page_15, Гражданский процессуальный кодекс Российской Федерации.pdf:page_109, Гражданский процессуальный кодекс Российской Федерации.pdf:page_110, Гражданский процессуальный кодекс Российской Федерации.pdf:page_25, Кодекс административного судопроизводства Российской Федерации.pdf:page_39, Кодекс административного судопроизводства Российской Федерации.pdf:page_9, Уголовно-процессуальный кодекс Российской Федерации.pdf:page_55"
Какие земли муниципальной собственности упоминаются в ГОСТ МДС 11-7.2000?,"В предоставленных фрагментах документа указано только общее положение о **муниципальной собственности на землю** (Статья 19 ЗК РФ), без привязки к **ГОСТ МДС 11-7.2000**.

**Какие земли муниципальной собственности упоминаются:**
- земельные участки, которые **признаны таковыми федеральными законами и принятыми в соответствии с ними законами субъектов РФ**;
- земельные участки, **право муниципальной собственности** на которые возникло **при разграничении государственной собственности на землю**;
- земельные участки, которые **приобретены по основаниям гражданского законодательства**;
- земельные участки, которые **безвозмездно переданы в муниципальную собственность из федеральной собственности**.

Других сведений именно про **ГОСТ МДС 11-7.2000** в данном тексте нет.","Гражданский кодекс Российской Федерации.pdf:page_128, Земельный кодекс Российской Федерации.pdf:page_0, Земельный кодекс Российской Федерации.pdf:page_174, Земельный кодекс Российской Федерации.pdf:page_180, Земельный кодекс Российской Федерации.pdf:page_19, Земельный кодекс Российской Федерации.pdf:page_26, Земельный кодекс Российской Федерации.pdf:page_3, Земельный кодекс Российской Федерации.pdf:page_5, Земельный кодекс Российской Федерации.pdf:page_6, Земельный кодекс Российской Федерации.pdf:page_91"
Сколько опорных точек должно быть передано на монтажные горизонты согласно СНиП 3.01.03-84?,"Согласно тексту: **«Число опорных точек, передаваемых на монтажные горизонты, должно быть не менее трех.»**","Data1_10_10846_index.pdf:page_6, Data1_11_11285_index.pdf:page_16, Data1_11_11285_index.pdf:page_29, Data1_11_11285_index.pdf:page_36, Data1_11_11285_index.pdf:page_4, Data1_11_11285_index.pdf:page_43, Data1_11_11285_index.pdf:page_49, Data1_11_11285_index.pdf:page_51, Data1_11_11285_index.pdf:page_52, Data1_11_11285_index.pdf:page_73"
Что такое перенос убытков на будущее?,"Перенос убытков на будущее — это право (по нормам НК РФ) уменьшать налоговую базу текущего налогового (отчетного) периода на сумму убытка, полученного в предыдущем налоговом периоде (или периодах), полностью или частично, в порядке и на условиях статьи 333.51 НК РФ. Также указано, что убытки переносятся в той очередности, в которой они понесены, и налогоплательщик обязан хранить документы, подтверждающие объем убытка.","Гражданский кодекс Российской Федерации.pdf:page_213, Налоговый кодекс Российской Федерации.pdf:page_1076, Налоговый кодекс Российской Федерации.pdf:page_1077, Налоговый кодекс Российской Федерации.pdf:page_1184, Налоговый кодекс Российской Федерации.pdf:page_1369, Налоговый кодекс Российской Федерации.pdf:page_1371, Налоговый кодекс Российской Федерации.pdf:page_1490, Налоговый кодекс Российской Федерации.pdf:page_1509, Налоговый кодекс Российской Федерации.pdf:page_767, Налоговый кодекс Российской Федерации.pdf:page_783"
Может ли правообладатель распоряжаться исключительным правом на произведение?,"Да, может.

В тексте указано, что **правообладатель вправе распоряжаться исключительным правом** (например, в Статье 1317: «**Исполнитель может распоряжаться исключительным правом на исполнение**», а в Статье 1330: «**Организация эфирного или кабельного вещания может распоряжаться исключительным правом на сообщение радио- или телепередачи**»).","Гражданский кодекс Российской Федерации.pdf:page_199, Гражданский кодекс Российской Федерации.pdf:page_491, Гражданский кодекс Российской Федерации.pdf:page_495, Гражданский кодекс Российской Федерации.pdf:page_525, Гражданский кодекс Российской Федерации.pdf:page_539, Гражданский кодекс Российской Федерации.pdf:page_547, Гражданский кодекс Российской Федерации.pdf:page_548, Гражданский кодекс Российской Федерации.pdf:page_553, Гражданский кодекс Российской Федерации.pdf:page_557, Гражданский кодекс Российской Федерации.pdf:page_564"
Какие элементы должны быть показаны на схемах современного использования территории и схемах комплексной оценки территории для городов с расчетной численностью населения 250 - 500 тысяч человек согласно ГОСТ МДС 11-7.2000?,"Согласно тексту в фрагменте **МДС 11-7.2000** (раздел 7.12), *на планах современного использования территории (опорном плане) и генеральном плане (основном чертеже)* должны быть показаны:

- **городская, поселковая черта**;  
- **функциональное использование территории**;  
- **планировочная структура** жилых, общественных, производственных, коммунально-складских и других функциональных зон;  
- **зонирование по этажности и степени…** к *(фраза в предоставленном тексте обрывается: “и степени к”)*;  
- **территории транспортных и инженерных сооружений и коммуникаций**;  
- **охранные зоны** курортов, источников водоснабжения, зоны охраны памятников природы, недвижимых памятников истории и культуры;  
- **санитарно-защитные зоны** источников загрязнения среды;  
- **исключаемые из застройки территории**, а также территории, **неблагоприятные для застройки** по природным и техногенным условиям.

Дополнительно (если актуально):
- при наличии опасных природных и техногенных процессов схема **дополняется картами**: **сейсмического микрорайонирования**, **радиационного загрязнения**, **радиационно-теплового и ветрового режимов**, **подтопления территории** и другими.

Также в тексте указано, что при большой насыщенности графической информации допускается:
- разработка **раздельных схем** современного использования территории и **схемы комплексной оценки территории**.

Однако в предоставленном фрагменте **нет перечня именно “элементов, которые должны быть показаны” на схемах комплексной оценки территории** (он частично упомянут через карты дополнений, но полного списка для “комплексной оценки” не приведено).

**Итог:** для вашей категории (250–500 тыс. чел.) в тексте явно указан состав показа для **опорного плана (современного использования)**, а для **схемы комплексной оценки** — **нет в документах** полного самостоятельного перечня (есть лишь указание на возможность дополнений картами при опасных процессах).","Data1_1_1904_index.pdf:page_1, Data1_1_1904_index.pdf:page_11, Data1_1_1904_index.pdf:page_12, Data1_1_1904_index.pdf:page_13, Data1_1_1904_index.pdf:page_15, Data1_1_1904_index.pdf:page_19, Data1_1_1904_index.pdf:page_27, Data1_1_1904_index.pdf:page_33, Data1_1_1904_index.pdf:page_9, Градостроительный кодекс Российской Федерации.pdf:page_294"
Какие отраслевые положения применяются при эксплуатации железнодорожных путей общего пользования согласно ГОСТ МДС 14-13.2000?,"В тексте прямо указано, что **при эксплуатации железнодорожных путей общего пользования** следует руководствоваться **соответствующими отраслевыми положениями**:

> «…при эксплуатации железнодорожных путей общего пользования и подъездных путей… надлежит руководствоваться соответствующими отраслевыми положениями.»

**Других наименований конкретных отраслевых положений в предоставленном фрагменте нет.**","Data1_10_10754_index.pdf:page_3, Data1_10_10848_index.pdf:page_3, Data1_10_10855_index.pdf:page_1, Data1_10_10855_index.pdf:page_6, Data1_10_10863_index.pdf:page_1, Data1_1_1879_index.pdf:page_2, Data1_1_1879_index.pdf:page_21, Data1_1_1879_index.pdf:page_25, Data1_1_1879_index.pdf:page_30, ПДД Российской Федерации.pdf:page_25"
"Какое наказание предусмотрено за сокрытие информации, совершенное лицом, занимающим государственную должность?","В приведённом тексте прямо указано наказание для **лица, занимающего государственную должность Российской Федерации или государственную должность субъекта Российской Федерации** за **те же деяния**, которые описаны в предыдущем пункте (в контексте — непредоставление/сокрытие информации, обязательной к предоставлению).

Соответствующая санкция (часть 2, далее по смыслу):
- **штраф** в размере **от 100 000 до 300 000 рублей** (или в размере заработной платы/иного дохода за период **от 1 года до 2 лет**),
- либо **принудительные работы** на срок **до 5 лет** **с лишением права** занимать определённые должности/заниматься определённой деятельностью на срок **до 3 лет** (или без такового),
- либо **лишение свободы на срок до 5 лет** **с лишением права** занимать определённые должности/заниматься определённой деятельностью (с текстом, который в вашем фрагменте обрывается).","Уголовный кодекс Российской Федерации.pdf:page_152, Уголовный кодекс Российской Федерации.pdf:page_226, Уголовный кодекс Российской Федерации.pdf:page_228, Уголовный кодекс Российской Федерации.pdf:page_233, Уголовный кодекс Российской Федерации.pdf:page_235, Уголовный кодекс Российской Федерации.pdf:page_236, Уголовный кодекс Российской Федерации.pdf:page_240, Уголовный кодекс Российской Федерации.pdf:page_247, Уголовный кодекс Российской Федерации.pdf:page_68, Уголовный кодекс Российской Федерации.pdf:page_70"
"Что происходит, если вред причинен в период действия концессионного соглашения?","В представленных фрагментах **нет информации** о том, что происходит с возмещением вреда, если вред причинен **в период действия концессионного соглашения**.","Гражданский кодекс Российской Федерации.pdf:page_163, Гражданский кодекс Российской Федерации.pdf:page_396, Гражданский кодекс Российской Федерации.pdf:page_397, Гражданский кодекс Российской Федерации.pdf:page_403, Гражданский кодекс Российской Федерации.pdf:page_486, Гражданский кодекс Российской Федерации.pdf:page_488, Земельный кодекс Российской Федерации.pdf:page_157, Кодекс торгового мореплавания Российской Федерации.pdf:page_120, Кодекс торгового мореплавания Российской Федерации.pdf:page_73, Трудовой кодекс Российской Федерации.pdf:page_147"
Какие копии лицензий должны быть представлены при необходимости?,"В приведённом тексте указано, что при выдаче/получении свидетельства организация вместе с налоговой декларацией по акцизам представляет копии документов, подтверждающих, в том числе, **«прекращение… действия лицензии на производство лекарственных средств, и (или) лекарственных препаратов, и (или) медицинских изделий»** (в случае, когда по действующему законодательству такая лицензия обязательна для производства).

То есть должны быть представлены **копии документов, подтверждающих прекращение действия указанной лицензии**.","Гражданский кодекс Российской Федерации.pdf:page_605, Гражданский кодекс Российской Федерации.pdf:page_607, Жилищный кодекс Российской Федерации.pdf:page_18, Жилищный кодекс Российской Федерации.pdf:page_185, Кодекс административного судопроизводства Российской Федерации.pdf:page_45, Налоговый кодекс Российской Федерации.pdf:page_245, Налоговый кодекс Российской Федерации.pdf:page_547, Налоговый кодекс Российской Федерации.pdf:page_548, Налоговый кодекс Российской Федерации.pdf:page_569, ПДД Российской Федерации.pdf:page_6"
Какие действия необходимо предпринять при выпадении отдельных камней или кирпичей из кладки цоколя согласно ГОСТ МДС 13-18.2000?,"В предоставленном фрагменте **ГОСТ/МДС 13-18.2000** прямого требования именно про «выпадение отдельных камней или кирпичей из кладки цоколя» нет.

Есть лишь близкий по смыслу фрагмент из таблицы по **дефектам стен/стыков/облицовки** для примыканий, где сказано, что:

- **«Нарушение связи отдельных кирпичей с кладкой наружных стен и их выпадение, приводящие к угрозе здоровью и жизни граждан»** — для этого указана мера:  
  **«следует вызвать специализированную организацию»** (для устранения таких дефектов).

Если нужно строго про **цоколь**, в данном тексте это не конкретизировано.","Data1_10_10846_index.pdf:page_20, Data1_10_10852_index.pdf:page_1, Data1_10_10852_index.pdf:page_2, Data1_10_10852_index.pdf:page_3, Data1_10_10861_index.pdf:page_18, Data1_10_10861_index.pdf:page_39, Data1_10_10861_index.pdf:page_40, Data1_10_10861_index.pdf:page_42, Data1_10_10861_index.pdf:page_7, Data1_1_1879_index.pdf:page_26"
В какие сроки уполномоченный орган должен направить проект договора аренды иным правообладателям?,"В приведенном фрагменте это **не указано**: есть нормы о сроках для заявителя (подписать и представить проекты договоров в течение **30 дней** со дня получения проектов), но про сроки направления **проекта договора аренды иным правообладателям** в тексте ответа **нет в документах**.","Градостроительный кодекс Российской Федерации.pdf:page_301, Градостроительный кодекс Российской Федерации.pdf:page_307, Гражданский кодекс Российской Федерации.pdf:page_284, Земельный кодекс Российской Федерации.pdf:page_107, Земельный кодекс Российской Федерации.pdf:page_41, Земельный кодекс Российской Федерации.pdf:page_42, Земельный кодекс Российской Федерации.pdf:page_58, Земельный кодекс Российской Федерации.pdf:page_73, Земельный кодекс Российской Федерации.pdf:page_74, Земельный кодекс Российской Федерации.pdf:page_80"
В каких случаях защитник участвует в уголовном деле с момента начала процессуальных действий?,"Защитник участвует в уголовном деле **с момента начала осуществления иных мер процессуального принуждения или иных процессуальных действий, затрагивающих права и свободы лица, подозреваемого в совершении преступления** (п. **5**), а также **с момента начала осуществления процессуальных действий, затрагивающих права и свободы лица, в отношении которого проводится проверка сообщения о преступлении** (п. **6**).","Административный кодекс Российской Федерации.pdf:page_516, Уголовно-процессуальный кодекс Российской Федерации.pdf:page_10, Уголовно-процессуальный кодекс Российской Федерации.pdf:page_165, Уголовно-процессуальный кодекс Российской Федерации.pdf:page_200, Уголовно-процессуальный кодекс Российской Федерации.pdf:page_276, Уголовно-процессуальный кодекс Российской Федерации.pdf:page_41, Уголовно-процессуальный кодекс Российской Федерации.pdf:page_43, Уголовно-процессуальный кодекс Российской Федерации.pdf:page_44, Уголовно-процессуальный кодекс Российской Федерации.pdf:page_45, Уголовно-процессуальный кодекс Российской Федерации.pdf:page_65"
"Почему важно не обещать больше, чем можно сделать, согласно ГОСТ МДС 11-11.2000?","В приведённом фрагменте **ГОСТ МДС 11-11.2000** прямого ответа на вопрос **«Почему важно не обещать больше, чем можно сделать»** нет.

Однако в другом фрагменте текста изложено правило из раздела про принципы маркетинга:

1) **не обещайте больше, чем можете сделать!**  
пояснение: маркетинг порождает ожидания и связывает обязательствами; если обещать больше возможностей, можно создать ожидания, превышающие возможности; тогда может понадобиться срочная помощь, которую организация не сможет обеспечить, и пострадает репутация фирмы.

То есть, по тексту, важность правила обусловлена тем, что **чрезмерные обещания создают обязательства и завышенные ожидания у заказчика**, а невыполнение ведёт к **ухудшению репутации**.  

**Ответ по ГОСТ МДС 11-11.2000:** нет в документах.","Data1_10_10754_index.pdf:page_3, Data1_10_10846_index.pdf:page_20, Data1_10_10851_index.pdf:page_4, Data1_10_10852_index.pdf:page_15, Data1_10_10858_index.pdf:page_1, Data1_10_10858_index.pdf:page_15, Data1_10_10863_index.pdf:page_1, Data1_10_10865_index.pdf:page_32, Data1_10_10872_index.pdf:page_1, Data1_10_10872_index.pdf:page_4"
Какие общесоюзные ценники на пусконаладочные работы перечислены в Приложении 1 к МДС 81-8.2000?,"В приведенном фрагменте **Приложение 1 к МДС 81-18.2000 не раскрыто**, поэтому конкретный перечень общесоюзных ценников на пусконаладочные работы, который там содержится, **в тексте не указан**.

**Ответ: нет в документах.**","Data1_10_10754_index.pdf:page_3, Data1_10_10855_index.pdf:page_7, Data1_10_10864_index.pdf:page_15, Data1_10_10864_index.pdf:page_17, Data1_10_10864_index.pdf:page_2, Data1_10_10864_index.pdf:page_21, Data1_10_10864_index.pdf:page_27, Data1_10_10864_index.pdf:page_28, Data1_10_10864_index.pdf:page_31, Data1_2_2079_index.pdf:page_1"
Какое максимальное количество баллов можно получить за показатель «Использование местных материалов» согласно ГОСТ МДС 80-3.2000?,"Согласно ГОСТ МДС 80-3.2000, максимальное количество баллов по показателю **«использование местных материальных и трудовых ресурсов»** (в тексте — применительно к местным материалам) рекомендуется устанавливать **до 100 баллов**.","Data1_10_10865_index.pdf:page_38, Data1_10_10867_index.pdf:page_1, Data1_10_10869_index.pdf:page_1, Data1_10_10869_index.pdf:page_3, Data1_10_10869_index.pdf:page_4, Data1_10_10869_index.pdf:page_5, Data1_10_10869_index.pdf:page_6, Data1_10_10869_index.pdf:page_8, Data1_2_2075_index.pdf:page_17, Data1_2_2076_index.pdf:page_13"
Какие сведения должны содержаться в определении по делу о выдаче исполнительного листа на принудительное исполнение решения третейского суда?,"В предоставленных фрагментах указано, что **в определении арбитражного суда по делу о выдаче исполнительного листа на принудительное исполнение решения третейского суда** должны содержаться, в частности, следующие сведения (см. далее приведённые пункты):

1) **сведения о составе третейского суда**, рассматривающего спор, его **месте нахождения**;  
2) **наименование постоянно действующего арбитражного учреждения** (администрирующего третейское разбирательство), его **место нахождения** (если такое учреждение есть);  
3) **наименования сторон третейского разбирательства**;  
4) изложение **обстоятельств**, являющихся основанием для обращения заявителя в суд, а также указание норм федерального закона/правил, которые предусматривают выполнение судом соответствующих функций;  
5) указание на **удовлетворение требований** заявителя **полностью или в части** либо **отказ** в удовлетворении полностью или в части **с приведением мотивов**;  
6) в случае удовлетворения требований — сведения о **третейских судьях** (третейском судье), по вопросам **отвода**, **назначения или прекращения полномочий** которых судом разрешены соответствующие вопросы.

Других сведений в данном фрагменте не приведено.","Арбитражный процессуальный кодекс Российской Федерации.pdf:page_142, Арбитражный процессуальный кодекс Российской Федерации.pdf:page_145, Арбитражный процессуальный кодекс Российской Федерации.pdf:page_147, Арбитражный процессуальный кодекс Российской Федерации.pdf:page_150, Гражданский процессуальный кодекс Российской Федерации.pdf:page_181, Гражданский процессуальный кодекс Российской Федерации.pdf:page_184, Гражданский процессуальный кодекс Российской Федерации.pdf:page_188, Гражданский процессуальный кодекс Российской Федерации.pdf:page_47, Гражданский процессуальный кодекс Российской Федерации.pdf:page_49, Уголовно-процессуальный кодекс Российской Федерации.pdf:page_303"
При каких условиях объявляются торги несостоявшимися?,"Торги объявляются несостоявшимися в следующих случаях (из приведённого текста):

1) **Не подано ни одной заявки** либо **принято решение об отказе в допуске всем заявителям**.  
2) На дату окончания срока подачи заявок подана **только одна** заявка.  
3) К участию допущен **только один** заявитель.  
4) В аукционе участвовали **менее двух** участников.  
5) После **троекратного объявления** начальной цены аукциона **ни один участник не заявил о намерении приобрести** (фраза обрывается в тексте, но условие указано именно так).  

Дополнительно (в другом фрагменте про торги при реализации заложенного имущества с публичных торгов):  
6) На торги явилось **менее двух покупателей**.  
7) **Не сделана надбавка** против начальной продажной цены.  
8) Победитель **не внес покупную цену** в установленный срок.  

Также в тексте указано:  
9) После объявления решения об отказе в проведении аукциона — **решение об отказе может быть оспорено** в суде, но само это не является основанием “несостоявшихся” (основание “несостоявшихся” перечислено выше).","Data1_10_10866_index.pdf:page_6, Data1_10_10866_index.pdf:page_7, Data1_10_10866_index.pdf:page_8, Data1_10_10867_index.pdf:page_3, Градостроительный кодекс Российской Федерации.pdf:page_246, Градостроительный кодекс Российской Федерации.pdf:page_306, Гражданский кодекс Российской Федерации.pdf:page_187, Земельный кодекс Российской Федерации.pdf:page_58, Земельный кодекс Российской Федерации.pdf:page_59, Лесной кодекс Российской Федерации.pdf:page_67"
Кому направляются копии постановления судьи?,"Копия постановления судьи направляется лицу, возбудившему ходатайство, прокурору, а также лицу, в отношении которого прекращено уголовное дело или уголовное преследование, потерпевшему.","Административный кодекс Российской Федерации.pdf:page_570, Административный кодекс Российской Федерации.pdf:page_580, Арбитражный процессуальный кодекс Российской Федерации.pdf:page_58, Гражданский процессуальный кодекс Российской Федерации.pdf:page_91, Уголовно-процессуальный кодекс Российской Федерации.pdf:page_147, Уголовно-процессуальный кодекс Российской Федерации.pdf:page_163, Уголовно-процессуальный кодекс Российской Федерации.pdf:page_199, Уголовно-процессуальный кодекс Российской Федерации.pdf:page_241, Уголовно-процессуальный кодекс Российской Федерации.pdf:page_303, Уголовно-процессуальный кодекс Российской Федерации.pdf:page_88"
Каковы требования к коагулянту (кремнефтористо-водородная кислота) при однорастворной двухкомпонентной силикатизации по СНиП 3.02.01-83?,"В приведённом фрагменте **нет требований к коагулянту (кремнефтористо-водородная кислота)** для **однорастворной двухкомпонентной силикатизации** по **СНиП 3.02.01-83**.

Имеется только общее описание:
- что при однорастворной двухкомпонентной силикатизации применяется **ортофосфорная кислота** (для кислой реакции среды) и **алюминат натрия** (для щелочной реакции среды),
- а также отдельные таблицы по компонентам **смолизации** (карбамидные смолы + соляная/щавелевая/азотная кислоты), но **не по кремнефтористо-водородной кислоте**.

**Ответ:** нет в документах.","Data1_10_10865_index.pdf:page_38, Data1_11_11295_index.pdf:page_16, Data1_11_11295_index.pdf:page_17, Data1_11_11295_index.pdf:page_2, Data1_11_11295_index.pdf:page_34, Data1_11_11295_index.pdf:page_47, Data1_11_11295_index.pdf:page_5, Data1_11_11295_index.pdf:page_7, Data1_11_11295_index.pdf:page_8, Data1_2_2079_index.pdf:page_17"
"В каких случаях доходы, полученные физическими лицами за оказание услуг для личных, домашних и (или) иных подобных нужд, освобождаются от налогообложения?","В предоставленном фрагменте есть только норма **о постановке на учет** физического лица, которое **оказывает без привлечения наемных работников услуги физическому лицу для личных, домашних и (или) иных подобных нужд** (п. 7.3), но **условий освобождения от налогообложения** этих доходов в тексте **нет**.

**Ответ: нет в документах**.","Налоговый кодекс Российской Федерации.pdf:page_206, Налоговый кодекс Российской Федерации.pdf:page_422, Налоговый кодекс Российской Федерации.pdf:page_431, Налоговый кодекс Российской Федерации.pdf:page_444, Налоговый кодекс Российской Федерации.pdf:page_744, Налоговый кодекс Российской Федерации.pdf:page_745, Налоговый кодекс Российской Федерации.pdf:page_800, Налоговый кодекс Российской Федерации.pdf:page_806, Налоговый кодекс Российской Федерации.pdf:page_816, Налоговый кодекс Российской Федерации.pdf:page_822"
"Что происходит с средствами финансовой поддержки, если условия их получения нарушены?","Если условия получения выплат (средств финансовой поддержки) нарушены, то:

- **суммы полученных выпл��т отражаются в составе доходов налогового периода, в котором допущено нарушение, в полном объеме**;
- если по окончании **третьего** налогового периода сумма полученных выплат превышает сумму расходов, учтенных в соответствии с условиями, то **оставшиеся неучтенные суммы также в полном объеме отражаются в составе доходов этого налогового периода**.

Также указано, что для **субсидий** по Федеральному закону «О развитии малого и среднего предпринимательства…»:
- они отражаются в доходах **пропорционально фактически осуществленным расходам**, но **не более двух налоговых периодов**;
- если по окончании **второго** налогового периода средств получено больше, чем признанных расходов, то **разница в полном объеме отражается в составе доходов этого налогового периода**.","Административный кодекс Российской Федерации.pdf:page_311, Бюджетный кодекс Российской Федерации.pdf:page_171, Бюджетный кодекс Российской Федерации.pdf:page_321, Бюджетный кодекс Российской Федерации.pdf:page_341, Бюджетный кодекс Российской Федерации.pdf:page_401, Бюджетный кодекс Российской Федерации.pdf:page_81, Бюджетный кодекс Российской Федерации.pdf:page_92, Налоговый кодекс Российской Федерации.pdf:page_1488, Налоговый кодекс Российской Федерации.pdf:page_1506, Налоговый кодекс Российской Федерации.pdf:page_866"
Какие требования к устойчивости фонарей к температурным перепадам установлены ГОСТ МДС 31-8.2002?,"В приведённом фрагменте **МДС 31-8.2002** прямо указано требование по температурным деформациям:

- **Способы крепления и герметизации элементов светопропускающего заполнения фонарей должны обеспечивать независимость их температурных деформаций от несущих элементов.** (п. **3.2.18**)

Других конкретных формулировок именно про «устойчивость к температурным перепадам» (например, числовых критериев по Δt) в предоставленном тексте **нет**.","Data1_10_10846_index.pdf:page_1, Data1_10_10846_index.pdf:page_11, Data1_10_10846_index.pdf:page_12, Data1_10_10846_index.pdf:page_16, Data1_10_10846_index.pdf:page_21, Data1_10_10846_index.pdf:page_39, Data1_10_10846_index.pdf:page_40, Data1_10_10846_index.pdf:page_43, Data1_10_10846_index.pdf:page_6, Data1_10_10846_index.pdf:page_9"
Какие права имеет прокурор в пределах своих полномочий?,"В предоставленном тексте приведены следующие полномочия прокурора (в пределах его компетенции) на стадии досудебного производства:

- **Проверять исполнение требований федерального закона** при приеме, регистрации и разрешении сообщений о преступлениях.  
- **Вынести мотивированное постановление** о направлении материалов в следственный орган или орган дознания для решения вопроса об уголовном преследовании по выявленным прокурором нарушениям.  
- **Требовать устранения нарушений** федерального законодательства, допущенных органами дознания и следствия (при этом указаны механизмы и сроки устранения).  
- **Осуществлять полномочия при утверждении обвинительного акта**, в том числе:  
  - исключать из обвинительного акта отдельные пункты обвинения;  
  - **переквалифицировать обвинение на менее тяжкое**.  
- **Принимать решения о прекращении уголовного дела** по основаниям, предусмотренным ст. 24–28 УПК РФ.  
- **Направлять уголовное дело для производства предварительного следствия**.  
- При сложностях/истечении сроков и по иным установленным основаниям прокурор может **отменять меры пресечения**, если они вынесены с нарушением предельных сроков.  

Также в тексте отражено, что **копия обвинительного акта** вручается участникам в порядке ст. 222 УПК РФ, и что постановление прокурора о возвращении дела дознавателю может быть обжаловано дознавателем (с согласия начальника органа дознания) вышестоящему прокурору в течение 48 часов — но это уже порядок реализации полномочий, а не собственно “права” прокурора.

Иных, кроме указанных в тексте фрагментов, прав прокурора **в документах не раскрыто**.","Уголовно-процессуальный кодекс Российской Федерации.pdf:page_151, Уголовно-процессуальный кодекс Российской Федерации.pdf:page_155, Уголовно-процессуальный кодекс Российской Федерации.pdf:page_156, Уголовно-процессуальный кодекс Российской Федерации.pdf:page_25, Уголовно-процессуальный кодекс Российской Федерации.pdf:page_26, Уголовно-процессуальный кодекс Российской Федерации.pdf:page_27, Уголовно-процессуальный кодекс Российской Федерации.pdf:page_28, Уголовно-процессуальный кодекс Российской Федерации.pdf:page_31, Уголовно-процессуальный кодекс Российской Федерации.pdf:page_34, Уголовно-процессуальный кодекс Российской Федерации.pdf:page_4"
Должны ли быть едиными индексы пересчета от цен 2000 г. в текущие цены для ТЕРм и ФЕРм?,"Да, должны.

В тексте сказано:  
«…индексы пересчета от цен 2000 г. в текущие цены для имеющихся территориальных единичных расценок (ТЕРм) и для федеральных расценок (ФЕРм), приведенных к стоимости того или иного региона путем применения территориальных коэффициентов, **порядок определения которых приведен выше, должны быть едиными**.»

Это означает, что ТЕРм и ФЕРм должны пересчитываться в текущие цены с применением одинаковых (единых) по методике индексов.","Data1_10_10754_index.pdf:page_1, Data1_10_10754_index.pdf:page_15, Data1_10_10754_index.pdf:page_16, Data1_10_10754_index.pdf:page_18, Data1_10_10754_index.pdf:page_2, Data1_10_10754_index.pdf:page_3, Data1_10_10754_index.pdf:page_5, Data1_2_2069_index.pdf:page_7, Data1_2_2075_index.pdf:page_6, Data1_2_2117_index.pdf:page_10"
Что является основанием для проведения предварительного слушания согласно части второй статьи 229?,"В предоставленном фрагменте **нет содержимого части 2 статьи 229 УПК РФ**, поэтому конкретные основания для проведения предварительного слушания по ней **не указаны**.

Ответ: **нет в документах**.","Гражданский процессуальный кодекс Российской Федерации.pdf:page_62, Уголовно-процессуальный кодекс Российской Федерации.pdf:page_111, Уголовно-процессуальный кодекс Российской Федерации.pdf:page_144, Уголовно-процессуальный кодекс Российской Федерации.pdf:page_156, Уголовно-процессуальный кодекс Российской Федерации.pdf:page_164, Уголовно-процессуальный кодекс Российской Федерации.pdf:page_166, Уголовно-процессуальный кодекс Российской Федерации.pdf:page_167, Уголовно-процессуальный кодекс Российской Федерации.pdf:page_179, Уголовно-процессуальный кодекс Российской Федерации.pdf:page_200, Уголовно-процессуальный кодекс Российской Федерации.pdf:page_210"
Какие единые нормативы отчислений в бюджеты муниципальных районов могут быть установлены законом субъекта РФ?,"В предоставленном фрагменте **нет информации**, какие именно **единые нормативы отчислений в бюджеты муниципальных районов** могут быть установлены **законом субъекта РФ**.","Бюджетный кодекс Российской Федерации.pdf:page_11, Бюджетный кодекс Российской Федерации.pdf:page_209, Бюджетный кодекс Российской Федерации.pdf:page_214, Бюджетный кодекс Российской Федерации.pdf:page_216, Бюджетный кодекс Российской Федерации.pdf:page_230, Бюджетный кодекс Российской Федерации.pdf:page_231, Бюджетный кодекс Российской Федерации.pdf:page_58, Бюджетный кодекс Российской Федерации.pdf:page_59, Бюджетный кодекс Российской Федерации.pdf:page_72, Бюджетный кодекс Российской Федерации.pdf:page_73"
"Когда был принят Указ Президиума Верховного Совета СССР ""О внесении дополнений в Кодекс торгового мореплавания Союза ССР""?",В предоставленном тексте **нет информации** о дате принятия Указа Президиума Верховного Совета СССР «О внесении дополнений в Кодекс торгового мореплавания Союза ССР».,"Data1_2_2082_index.pdf:page_25, Data1_2_2082_index.pdf:page_29, Воздушный кодекс Российской Федерации.pdf:page_72, Кодекс внутреннего водного транспорта Российской Федерации.pdf:page_0, Кодекс внутреннего водного транспорта Российской Федерации.pdf:page_83, Кодекс внутреннего водного транспорта Российской Федерации.pdf:page_84, Кодекс торгового мореплавания Российской Федерации.pdf:page_0, Кодекс торгового мореплавания Российской Федерации.pdf:page_14, Семейный кодекс Российской Федерации.pdf:page_53, Трудовой кодекс Российской Федерации.pdf:page_260"
Какие требования к разработке чертежей архитектурно-строительной части зданий и сооружений указаны в ГОСТ МДС-80-8.2000?,"В приведённом фрагменте **нет требований из ГОСТ (или МДС) МДС-80-8.2000** к разработке чертежей архитектурно‑строительной части зданий и сооружений.

**Ответ: нет в документах.**","Data1_10_10846_index.pdf:page_1, Data1_10_10846_index.pdf:page_3, Data1_10_10859_index.pdf:page_6, Data1_10_10859_index.pdf:page_8, Data1_10_10865_index.pdf:page_15, Data1_10_10865_index.pdf:page_44, Data1_11_11285_index.pdf:page_66, Data1_11_11285_index.pdf:page_67, Data1_1_1879_index.pdf:page_5, Data1_1_1904_index.pdf:page_27"
Какие цены могут быть приняты за базисный уровень стоимости согласно СНиПу?,"Согласно разделу **1.7** текста, за **базисный уровень стоимости**, учитываемый УПБС, могут быть приняты:

- **цены, действовавшие в строительстве с 01.01.84**, с пересчетом их по утвержденным в **1990 году индексам** в цены **1991 года**;
- **цены, введенные в действие с 01.01.91**;
- **текущие (фактические) цены**, действующие в период разработки сметной документации или осуществления строительства объектов, и зафиксированные РЦЦС в определенном временном периоде (например, **в IV квартале 1993 года**).","Data1_10_10864_index.pdf:page_24, Data1_10_10864_index.pdf:page_4, Data1_2_2075_index.pdf:page_6, Data1_2_2080_index.pdf:page_15, Data1_2_2080_index.pdf:page_18, Data1_2_2080_index.pdf:page_19, Data1_2_2080_index.pdf:page_27, Data1_2_2080_index.pdf:page_30, Data1_2_2081_index.pdf:page_2, Data1_2_2082_index.pdf:page_2"
Какие действия должен предпринять исполнитель для приобретения прав на результат интеллектуальной деятельности?,"В приведённых фрагментах прямо сказано только следующее:

- **Если исполнитель по государственному/муниципальному контракту не обеспечил в течение 12 месяцев** с даты приемки работ совершение всех зависящих от него действий, **необходимых для признания за ним исключительного права** на результат интеллектуальной деятельности, то исключительное право **принадлежит** соответственно РФ/субъекту/муниципальному образованию.  
  Следовательно, чтобы приобрести права, исполнитель должен **в течение 12 месяцев совершить все зависящие от него действия, необходимые для признания за ним исключительного права**.

Других конкретных действий (каких именно: подача заявки, уведомления и т.п.) в данных фрагментах не раскрыто.

**Ответ:** исполнитель должен в течение **12 месяцев** с даты приемки работ **совершить все зависящие от него действия, необходимые для признания за ним исключительного права** на результат интеллектуальной деятельности.","Data1_10_10858_index.pdf:page_9, Гражданский кодекс Российской Федерации.pdf:page_199, Гражданский кодекс Российской Федерации.pdf:page_327, Гражданский кодекс Российской Федерации.pdf:page_494, Гражданский кодекс Российской Федерации.pdf:page_502, Гражданский кодекс Российской Федерации.pdf:page_539, Гражданский кодекс Российской Федерации.pdf:page_546, Гражданский кодекс Российской Федерации.pdf:page_548, Гражданский кодекс Российской Федерации.pdf:page_575, Гражданский кодекс Российской Федерации.pdf:page_576"
Какие элементы должны быть показаны на схеме современного использования и комплексной оценки территории в концепции генерального плана согласно ГОСТ МДС 11-7.2000?,"В приведённом фрагменте ГОСТ/инструкции конкретно для **схемы современного использования территории (опорного плана)** и **генерального плана (основного чертежа)** указаны следующие элементы, которые должны быть показаны (п. 7.12 и п. 5.6 текста):

- **Городская, поселковая черта**.  
- **Функциональное использование территории**.  
- **Планировочная структура** жилых, общественных, производственных, коммунально-складских и иных функциональных зон.  
- **Зонирование** по **этажности** и **степени осуществления первоочередных мероприятий** по реализации приоритетных задач расселения, территориальной организации производительных сил, совершенствования инженерно‑транспортной и социальной инфраструктур, экологического оздоровления территорий.  
- **Ориентации показателей** по структуре, объему инвестиций и возможным источникам финансирования.  

Также в текст включены элементы, которые должны быть показаны **на плане современного использования территории и генеральном плане** (п. 5.6):

- **Границы административно-территориальных образований**, **пригородных и зеленых зон**, **городов**, **других городских поселений**, **сельских поселений** — районных центров.  
- **Крупные производственные объекты**, в том числе сельскохозяйственного назначения (в фрагменте далее текст обрывается).  
- **Охраняемые территории**.  
- **Источники загрязнения среды** и **санитарно-защитные зоны**.  
- **Имеющаяся застройка** с характеристикой зданий и сооружений по назначению, этажности и капитальности.  
- **Уличная сеть** (типы покрытия проезжей части), **скотопрогоны**, **транспортные сооружения**.  
- **Наземные сооружения и коммуникации инженерного оборудования территории**.  
- **Границы территорий по формам собственности**.  
- **Границы отвода участков** под все виды строительства и благоустройства, а также **действующие и проектируемые красные и другие линии** и **границы регулирования застройки** и функционального использования территории.

Про раздел именно **«комплексной оценки территории»** в предоставленном фрагменте отдельно не сказано (есть общие сведения для схемы комплексной оценки территории по масштабам, но без перечисления конкретных элементов).","Data1_1_1904_index.pdf:page_11, Data1_1_1904_index.pdf:page_12, Data1_1_1904_index.pdf:page_13, Data1_1_1904_index.pdf:page_14, Data1_1_1904_index.pdf:page_17, Data1_1_1904_index.pdf:page_19, Data1_1_1904_index.pdf:page_21, Data1_1_1904_index.pdf:page_27, Data1_1_1904_index.pdf:page_31, Data1_1_1904_index.pdf:page_9"
Что влечет наложение административного штрафа на граждан за нарушение правил найма жилого помещения жилищного фонда социального использования?,"В представленных фрагментах **есть частичный ответ**: указаны размеры штрафов для **граждан** за нарушение правил найма жилого помещения жилищного фонда социального использования, в частности:

- **5 000 рублей** — административный штраф на граждан.","Административный кодекс Российской Федерации.pdf:page_101, Административный кодекс Российской Федерации.pdf:page_215, Административный кодекс Российской Федерации.pdf:page_271, Административный кодекс Российской Федерации.pdf:page_375, Административный кодекс Российской Федерации.pdf:page_407, Административный кодекс Российской Федерации.pdf:page_415, Административный кодекс Российской Федерации.pdf:page_416, Административный кодекс Российской Федерации.pdf:page_419, Административный кодекс Российской Федерации.pdf:page_420, Административный кодекс Российской Федерации.pdf:page_87"
"Какие ограничения могут быть установлены в границах зон с особыми условиями использования территории, если они не предусмотрены федеральным законом?","В представленном фрагменте прямо указано, что:

- **перечень ограничений использования земельных участков, водных объектов**, которые могут быть установлены в границах зон с особыми условиями использования территории, **должен быть предусмотрен** (при установлении зоны) **в рамках правил, утвержденных Правительством РФ**, и **установление отдельных ограничений “сверх” не допускается** — особенно отмечено, что перечень ограничений устанавливается **за исключением случаев, если перечень этих ограничений в отношении каждой территории установлен федеральным законом**.

То есть **если ограничений в федеральном законе нет**, в документах указано требование: **должен быть установлен перечень ограничений**, и **все возможные ограничения берутся из этого перечня** (а не могут вводиться произвольно).

Иных конкретных ограничений (например, запрет на строительство, вырубку леса и т.п.) в ваших фрагментах **не перечислено**.","Градостроительный кодекс Российской Федерации.pdf:page_85, Земельный кодекс Российской Федерации.pdf:page_131, Земельный кодекс Российской Федерации.pdf:page_160, Земельный кодекс Российской Федерации.pdf:page_181, Земельный кодекс Российской Федерации.pdf:page_185, Земельный кодекс Российской Федерации.pdf:page_186, Земельный кодекс Российской Федерации.pdf:page_187, Земельный кодекс Российской Федерации.pdf:page_188, Земельный кодекс Российской Федерации.pdf:page_189, Земельный кодекс Российской Федерации.pdf:page_193"
Может ли банк использовать имеющиеся на счете денежные средства?,"В приведённом фрагменте **прямого ответа “может ли банк использовать денежные средства на счете” — нет**.  

Есть лишь общие нормы о том, что банк обязан выполнять распоряжения клиента по перечислению и выдаче средств со счета (ст. 845), а также нормы о сроках операций по счету (ст. 849) и об очередности списания (упоминается в другом фрагменте). Но вопрос именно об использовании банком имеющихся на счете средств **текстом не раскрыт**.

**Ответ: нет в документах**.","Гражданский кодекс Российской Федерации.pdf:page_346, Гражданский кодекс Российской Федерации.pdf:page_349, Гражданский кодекс Российской Федерации.pdf:page_350, Гражданский кодекс Российской Федерации.pdf:page_351, Гражданский кодекс Российской Федерации.pdf:page_353, Гражданский кодекс Российской Федерации.pdf:page_356, Гражданский кодекс Российской Федерации.pdf:page_360, Гражданский кодекс Российской Федерации.pdf:page_361, Гражданский кодекс Российской Федерации.pdf:page_368, Налоговый кодекс Российской Федерации.pdf:page_1145"
Какие данные о материалах-представителях содержатся в форме № 4 согласно ГОСТ Р 54501-2011?,"В приведённом фрагменте **нет данных о том, какие именно сведения о материалах-представителях должны содержаться в форме № 4 согласно ГОСТ Р 54501-2011**.

Что есть в тексте: встречается упоминание формы **№ 4-мат** — *«Ведомость потребности в материалах и расчет стоимости материалов по объекту и разделам сметы»*, а также фраза, что в ней указаны **«Стоимость единицы измерения материала-представителя, руб.»**. Но **перечня требуемых “данных о материалах-представителях” по ГОСТ Р 54501-2011 в тексте нет**.

**Ответ:** нет в документах.","Data1_10_10846_index.pdf:page_42, Data1_10_10846_index.pdf:page_5, Data1_10_10849_index.pdf:page_14, Data1_10_10849_index.pdf:page_4, Data1_10_10859_index.pdf:page_6, Data1_10_10865_index.pdf:page_24, Data1_11_11295_index.pdf:page_10, Data1_11_11295_index.pdf:page_25, Data1_2_2076_index.pdf:page_14, Data1_2_2079_index.pdf:page_18"
"Как определяется право собственности и иные вещные права на судно, подлежащее государственной регистрации?","Право собственности и иные вещные права на судно, подлежащее государственной регистрации, **возникают, изменяются и прекращаются с момента внесения соответствующей записи в государственный реестр**, если иное не установлено законом (см. приведенный фрагмент: «Права на имущество, подлежащие государственной регистрации, возникают, изменяются и прекращаются с момента внесения соответствующей записи в государственный реестр…»).

Также указано, что **государственная регистрация судна является единственным доказательством существования зарегистрированного права**, которое может быть оспорено только в судебном порядке (см. фрагмент: «Государственная регистрация судна является единственным доказательством существования зарегистрированного права…»).","Гражданский кодекс Российской Федерации.pdf:page_4, Гражданский кодекс Российской Федерации.pdf:page_480, Гражданский кодекс Российской Федерации.pdf:page_88, Жилищный кодекс Российской Федерации.pdf:page_12, Кодекс внутреннего водного транспорта Российской Федерации.pdf:page_14, Кодекс внутреннего водного транспорта Российской Федерации.pdf:page_16, Кодекс торгового мореплавания Российской Федерации.pdf:page_126, Кодекс торгового мореплавания Российской Федерации.pdf:page_140, Кодекс торгового мореплавания Российской Федерации.pdf:page_16, Кодекс торгового мореплавания Российской Федерации.pdf:page_19"
Как назначается и освобождается от должности главный государственный инспектор труда Российской Федерации?,нет в документах,"Административный кодекс Российской Федерации.pdf:page_479, Административный кодекс Российской Федерации.pdf:page_480, Лесной кодекс Российской Федерации.pdf:page_79, Трудовой кодекс Российской Федерации.pdf:page_106, Трудовой кодекс Российской Федерации.pdf:page_110, Трудовой кодекс Российской Федерации.pdf:page_225, Трудовой кодекс Российской Федерации.pdf:page_226, Трудовой кодекс Российской Федерации.pdf:page_54, Уголовно-исполнительный кодекс Российской Федерации.pdf:page_16, Уголовно-исполнительный кодекс Российской Федерации.pdf:page_90"
На каком сайте можно найти комментарии к статьям?,Комментарии к статьям на сайте можно найти на: **https://gkodeksrf.ru/**.,"Арбитражный процессуальный кодекс Российской Федерации.pdf:page_188, Бюджетный кодекс Российской Федерации.pdf:page_1, Градостроительный кодекс Российской Федерации.pdf:page_13, Гражданский кодекс Российской Федерации.pdf:page_2, Гражданский кодекс Российской Федерации.pdf:page_519, Гражданский кодекс Российской Федерации.pdf:page_520, Кодекс административного судопроизводства Российской Федерации.pdf:page_3, Кодекс административного судопроизводства Российской Федерации.pdf:page_47, Уголовный кодекс Российской Федерации.pdf:page_0, Уголовный кодекс Российской Федерации.pdf:page_276"
"Для каких целей применяются реагенты, описанные в Приложении 16 к ГОСТ (к СНиП 3.02.01-83)?","В приведённых фрагментах **Приложение 16** названо как:

**«Приложение 16. Реагенты для обработки цементных и цементно-глинистых материалов»**.

Следовательно, эти реагенты применяются **для обработки цементных и цементно-глинистых материалов**.","Data1_10_10062_index.pdf:page_2, Data1_10_10846_index.pdf:page_2, Data1_10_10864_index.pdf:page_14, Data1_10_10865_index.pdf:page_21, Data1_10_10865_index.pdf:page_38, Data1_11_11295_index.pdf:page_49, Data1_11_11295_index.pdf:page_5, Data1_2_2080_index.pdf:page_27, Data1_2_2080_index.pdf:page_28, Data1_2_2117_index.pdf:page_9"
Какое определение дается аэропорту федерального значения?,В предоставленных фрагментах **нет определения аэропорта федерального значения**.,"Data1_1_1904_index.pdf:page_5, Воздушный кодекс Российской Федерации.pdf:page_0, Воздушный кодекс Российской Федерации.pdf:page_19, Градостроительный кодекс Российской Федерации.pdf:page_0, Градостроительный кодекс Российской Федерации.pdf:page_141, Градостроительный кодекс Российской Федерации.pdf:page_289, Кодекс внутреннего водного транспорта Российской Федерации.pdf:page_7, Налоговый кодекс Российской Федерации.pdf:page_667, Таможенный кодекс Евразийского экономического союза.pdf:page_222, Таможенный кодекс Евразийского экономического союза.pdf:page_6"
Какие основные критерии используются для рассмотрения заявок претендентов в ГОСТ МДС 80-5.2000?,"В приведённом фрагменте **ГОСТ МДС 80-5.2000** нет перечня **конкретных “основных критериев”** для рассмотрения заявок претендентов.

Есть только общая формулировка, что предварительная квалификация направлена на определение **технических, экономических, организационных и других потенциальных возможностей** претендента (п. 1.1), и что допускаются претенденты в рамках процедуры (п. 1.2–1.3), но сами критерии/показатели в тексте фрагмента не раскрыты.

**Ответ: нет в документах** (в представленном фрагменте).","Data1_10_10865_index.pdf:page_25, Data1_10_10865_index.pdf:page_36, Data1_10_10865_index.pdf:page_37, Data1_10_10866_index.pdf:page_1, Data1_10_10867_index.pdf:page_1, Data1_10_10867_index.pdf:page_8, Data1_10_10869_index.pdf:page_1, Data1_10_10869_index.pdf:page_2, Data1_10_10869_index.pdf:page_3, Data1_10_10869_index.pdf:page_8"
Можно ли начать строительство или реконструкцию объекта капитального строительства без выполнения инженерных изысканий?,"Нет, нельзя.

В тексте сказано (Статья 47, ч. 1): **«Подготовка проектной документации, а также строительство, реконструкция объектов капитального строительства… не допускаются без выполнения соответствующих инженерных изысканий.»**","Градостроительный кодекс Российской Федерации.pdf:page_1, Градостроительный кодекс Российской Федерации.pdf:page_112, Градостроительный кодекс Российской Федерации.pdf:page_118, Градостроительный кодекс Российской Федерации.pdf:page_140, Градостроительный кодекс Российской Федерации.pdf:page_163, Градостроительный кодекс Российской Федерации.pdf:page_165, Градостроительный кодекс Российской Федерации.pdf:page_167, Градостроительный кодекс Российской Федерации.pdf:page_2, Градостроительный кодекс Российской Федерации.pdf:page_207, Градостроительный кодекс Российской Федерации.pdf:page_232"
Какие требования предъявляются к поставщикам промышленной продукции согласно ГОСТ МДС 81-9.2000?,"В предоставленном фрагменте **нет сведений о требованиях к поставщикам промышленной продукции согласно ГОСТ/МДС 81-9.2000**.

Из текста, который дан в контексте, упоминаются лишь общие вопросы расчёта стоимости/калькулирования, а также отдельные статьи ГК РФ о принятии товаров и доставке, но **прямых требований к поставщикам промышленной продукции (как в ГОСТ МДС 81-9.2000) в этих выдержках нет**.

**Ответ: нет в документах.**","Data1_10_10848_index.pdf:page_6, Data1_10_10848_index.pdf:page_7, Data1_10_10864_index.pdf:page_33, Data1_10_10865_index.pdf:page_24, Data1_10_10865_index.pdf:page_35, Data1_10_10866_index.pdf:page_1, Data1_10_10869_index.pdf:page_1, Гражданский кодекс Российской Федерации.pdf:page_256, Гражданский кодекс Российской Федерации.pdf:page_257, Гражданский кодекс Российской Федерации.pdf:page_261"
Когда был принят Семейный кодекс Российской Федерации?,В тексте указано: **Семейный кодекс Российской Федерации от 29 декабря 1995 г. N 223-ФЗ**.,"Семейный кодекс Российской Федерации.pdf:page_13, Семейный кодекс Российской Федерации.pdf:page_16, Семейный кодекс Российской Федерации.pdf:page_17, Семейный кодекс Российской Федерации.pdf:page_18, Семейный кодекс Российской Федерации.pdf:page_23, Семейный кодекс Российской Федерации.pdf:page_26, Семейный кодекс Российской Федерации.pdf:page_3, Семейный кодекс Российской Федерации.pdf:page_32, Семейный кодекс Российской Федерации.pdf:page_36, Семейный кодекс Российской Федерации.pdf:page_40"
"Какие требования предъявляются к проектированию, строительству, реконструкции, вводу в эксплуатацию и эксплуатации зданий, строений, сооружений для рекреационных целей?","В представленном тексте **нет специальных требований**, касающихся **именно рекреационных целей** (по назначению таких объектов).

Есть только общие требования к:
- **эксплуатации** зданий/сооружений: эксплуатация должна осуществляться в соответствии с **разрешенным использованием (назначением)**; эксплуатация допускается после **разрешения на ввод в эксплуатацию** (или в предусмотренных случаях после окончания строительства/капремонта) и должна соответствовать **техническим регламентам, проектной документации и нормативным актам** (ГрК РФ, ст. 55.24).
- **вводу в эксплуатацию**: разрешение на ввод — основание для госучета; к разрешению прилагается **технический план** (ГрК РФ, упомянутые положения о составе/приложениях к разрешению на ввод и связи с техпланом).
- **строительству/реконструкции**: общая обязанность осуществлять строительство/реконструкцию с обеспечением доступа и соблюдением требований (в т.ч. строительного контроля, исполнительной документации и т.п.) — это также изложено общими положениями ГрК РФ, без привязки к рекреационным целям.

**Итог:** по рекреационным целям — **нет в документах**.","Data1_10_10859_index.pdf:page_7, Административный кодекс Российской Федерации.pdf:page_139, Градостроительный кодекс Российской Федерации.pdf:page_0, Градостроительный кодекс Российской Федерации.pdf:page_163, Градостроительный кодекс Российской Федерации.pdf:page_166, Градостроительный кодекс Российской Федерации.pdf:page_167, Градостроительный кодекс Российской Федерации.pdf:page_181, Градостроительный кодекс Российской Федерации.pdf:page_185, Градостроительный кодекс Российской Федерации.pdf:page_187, Градостроительный кодекс Российской Федерации.pdf:page_232"
Что такое площадь стоянки для транспортных средств согласно определению в тексте?,"В предоставленном фрагменте **нет определения термина “площадь стоянки для транспортных средств”**. Есть только упоминания про **стоянку** (например, “Стоянка в ночное время…”) и про **разметку/дороги**, но **самого определения “площадь стоянки для транспортных средств” в тексте нет**.

Ответ: **нет в документах**.","Data1_1_1879_index.pdf:page_15, Административный кодекс Российской Федерации.pdf:page_176, Градостроительный кодекс Российской Федерации.pdf:page_1, Градостроительный кодекс Российской Федерации.pdf:page_3, Кодекс внутреннего водного транспорта Российской Федерации.pdf:page_2, Кодекс внутреннего водного транспорта Российской Федерации.pdf:page_9, Налоговый кодекс Российской Федерации.pdf:page_1537, ПДД Российской Федерации.pdf:page_4, ПДД Российской Федерации.pdf:page_5, ПДД Российской Федерации.pdf:page_51"
"Что происходит, если организация не представит повторное уведомление об освобождении от исполнения обязанностей налогоплательщика?","Если организация **не представит повторное уведомление**, то:

- **первое уведомление об освобождении считается непредставленным начиная с 1 января 2020 года** (в отношении соответствующего участка недр).","Налоговый кодекс Российской Федерации.pdf:page_1327, Налоговый кодекс Российской Федерации.pdf:page_1328, Налоговый кодекс Российской Федерации.pdf:page_1494, Налоговый кодекс Российской Федерации.pdf:page_1495, Налоговый кодекс Российской Федерации.pdf:page_343, Налоговый кодекс Российской Федерации.pdf:page_387, Налоговый кодекс Российской Федерации.pdf:page_388, Налоговый кодекс Российской Федерации.pdf:page_389, Налоговый кодекс Российской Федерации.pdf:page_888, Налоговый кодекс Российской Федерации.pdf:page_906"
Какие единицы измерения могут использоваться в Форме № 3-св согласно ГОСТ?,"В приведённом фрагменте **нет** прямого указания про то, какие именно **единицы измерения** могут использоваться в **Форме № 3-св** (в тексте отсутствует перечень или ссылка на ГОСТ/таблицу с допустимыми ед. изм.).

Фрагмент содержит лишь общие места, где встречается формулировка вроде: **«Ед. изм.»** и **«Единица измерения»**, а также отдельные примеры единиц измерения в других таблицах (например, **«маш.-ч»**, **«шт.»**, **«кг»**, **«т»**, **«кВт×ч»**, **«ч»**, **«м»**, **«дБ»**), но это **не привязано к Форме № 3-св** и не отвечает на вопрос про требования ГОСТ к ней.

**Ответ: нет в документах.**","Data1_10_10754_index.pdf:page_26, Data1_10_10846_index.pdf:page_5, Data1_10_10852_index.pdf:page_38, Data1_10_10865_index.pdf:page_21, Data1_10_10865_index.pdf:page_38, Data1_11_11285_index.pdf:page_72, Data1_11_11285_index.pdf:page_73, Data1_2_2073_index.pdf:page_11, Data1_2_2079_index.pdf:page_17, Data1_2_2082_index.pdf:page_16"
Какова продолжительность периода со среднесуточной температурой воздуха < 8 °C в г. Джарджан согласно документу МДС 31-8.2002?,"В предоставленном фрагменте таблицы (по климатическим данным) для пункта **«Джарджан»** указано:

- **продолжительность, сут:** **—** (не заполнено)

То есть точное значение периода со среднесуточной температурой воздуха **< 8 °C** для **г. Джарджан** в тексте **не приведено**.","Data1_10_10846_index.pdf:page_1, Data1_10_10846_index.pdf:page_22, Data1_10_10846_index.pdf:page_23, Data1_10_10846_index.pdf:page_24, Data1_10_10846_index.pdf:page_25, Data1_10_10846_index.pdf:page_26, Data1_10_10846_index.pdf:page_27, Data1_10_10846_index.pdf:page_28, Data1_10_10846_index.pdf:page_29, Data1_10_10865_index.pdf:page_8"
Какие критерии оценки эффективности деятельности органов государственной власти субъектов Российской Федерации по осуществлению переданных полномочий устанавливаются?,"В предоставленных фрагментах сказано только, что **Методика оценки эффективности** осуществления органами государственной власти субъектов Российской Федерации переданных полномочий **утверждается уполномоченным федеральным органом исполнительной власти**.

**Какие именно критерии** оценки устанавливаются — **в данных документах/фрагментах не указано**.","Бюджетный кодекс Российской Федерации.pdf:page_207, Бюджетный кодекс Российской Федерации.pdf:page_213, Бюджетный кодекс Российской Федерации.pdf:page_221, Бюджетный кодекс Российской Федерации.pdf:page_257, Бюджетный кодекс Российской Федерации.pdf:page_29, Водный кодекс Российской Федерации.pdf:page_16, Градостроительный кодекс Российской Федерации.pdf:page_22, Градостроительный кодекс Российской Федерации.pdf:page_27, Лесной кодекс Российской Федерации.pdf:page_79, Налоговый кодекс Российской Федерации.pdf:page_2"
Что такое конкурентность в контексте ГОСТ МДС 80-2.2000?,"В тексте **МДС 80-2.2000** конкурентность (внутренняя конкуренция) раскрывается как **создание условий, при которых в момент принятия решения у руководства проектной организации должно быть больше чем один претендент на выполнение работы** — то есть поручение работы, определение цены и сроков осуществляется **на конкурентной основе**.

Это подтверждается формулировками:

- **1.2**: «…созданы такие организационные, экономические и социальные условия, которые позволяют … принимать решения о том, кому поручить выполнение работы, за какую цену и в какие сроки на конкурентной основе, т.е. в момент принятия решения претендентов на получение работы должно быть больше чем один».
- Также общий принцип возникновения конкуренции: **«превышение предложения над спросом»**, т.е. «превышение мощностей проектного института … над потребностями заказчиков…». (раздел 1. в начале фрагмента)","Data1_10_10754_index.pdf:page_3, Data1_10_10865_index.pdf:page_24, Data1_10_10865_index.pdf:page_44, Data1_10_10866_index.pdf:page_1, Data1_10_10869_index.pdf:page_2, Data1_10_10872_index.pdf:page_1, Data1_10_10872_index.pdf:page_2, Data1_10_10872_index.pdf:page_3, Data1_10_10872_index.pdf:page_4, Data1_11_11295_index.pdf:page_44"
Какие исходные данные необходимы для разработки годового плана технического обслуживания и ремонта кранов?,"В приведенном фрагменте **прямого перечня исходных данных для разработки годового плана технического обслуживания и ремонта кранов не указано**.

Из текста можно извлечь лишь **частично релевантное** (о чем вообще идет планирование/нормы), например:
- предусмотрены виды работ/мероприятий: **ЕО (ежесменное), ТО (техническое обслуживание), СО (сезонное), текущий ремонт (Т), капитальный ремонт (К), а также неплановый ремонт**;
- приведены **периодичность выполнения** для ТО/ремонтов (в часах наработки и т.п.) и **трудоемкость/продолжительность** для разных типов кранов;
- указано, что **техническое диагностирование входит в состав ТО и ремонта** и позволяет проводить обслуживание/ремонт по фактическому состоянию (по прогнозируемому остаточному ресурсу).

Но **какие именно исходные данные нужно собрать для составления годового плана** (например, количество кранов, их типы/грузоподъемность, даты ввода в эксплуатацию, фактическая наработка, графики вывода и т.д.) — **в данном фрагменте не сформулировано**.

**Ответ: нет в документах.**","Data1_10_10849_index.pdf:page_12, Data1_10_10855_index.pdf:page_2, Data1_10_10855_index.pdf:page_5, Data1_10_10855_index.pdf:page_6, Data1_10_10855_index.pdf:page_7, Data1_10_10859_index.pdf:page_6, Data1_10_10865_index.pdf:page_35, Data1_1_1879_index.pdf:page_31, Data1_1_1904_index.pdf:page_2, Data1_2_2116_index.pdf:page_13"
Какие данные должны быть указаны в договоре теплоснабжения при установке узла учета не на границе эксплуатационной ответственности?,"В договоре теплоснабжения при размещении узла учета **не на границе эксплуатационной ответственности** должны быть указаны:

- **величина потерь тепловой энергии и теплоносителей** на участке тепловой сети между местом установки узла учета и указанной границей (эти потери должны определяться расчетным путем или по результатам замеров и **учитываются дополнительно**);
- **величина потерь должна быть указана в договоре теплоснабжения**.  

(Это прямо следует из фрагмента: «…потери … определяются расчетным путем или по результатам замеров и учитываются дополнительно; величину потерь следует указывать в договоре теплоснабжения».)","Data1_10_10852_index.pdf:page_32, Data1_10_10870_index.pdf:page_10, Data1_10_10870_index.pdf:page_4, Data1_10_10870_index.pdf:page_7, Data1_10_10871_index.pdf:page_11, Data1_10_10871_index.pdf:page_2, Data1_10_10871_index.pdf:page_4, Data1_10_10871_index.pdf:page_5, Data1_10_10871_index.pdf:page_6, Data1_10_10871_index.pdf:page_8"
"Что делать, если сведения, подлежащие представлению, не содержатся в представленных перевозчиком документах?","Если сведения, подлежащие представлению, не содержатся в представленных перевозчиком документах (либо документы, подтверждающие соблюдение запретов и ограничений, не представляются в соответствии с пунктом 2 статьи 80), то **перевозчик обязан представить иные документы, содержащие недостающие сведения, либо заявить недостающие сведения и/или сведения о документах, которые не представляются, путем подачи заявления в произвольной форме**.","Налоговый кодекс Российской Федерации.pdf:page_483, Таможенный кодекс Евразийского экономического союза.pdf:page_100, Таможенный кодекс Евразийского экономического союза.pdf:page_135, Таможенный кодекс Евразийского экономического союза.pdf:page_339, Таможенный кодекс Евразийского экономического союза.pdf:page_389, Таможенный кодекс Евразийского экономического союза.pdf:page_400, Таможенный кодекс Евразийского экономического союза.pdf:page_417, Таможенный кодекс Евразийского экономического союза.pdf:page_460, Таможенный кодекс Евразийского экономического союза.pdf:page_91, Таможенный кодекс Евразийского экономического союза.pdf:page_96"
Кто имеет право вводить режим особых условий?,"Режим особых условий вводится **в случаях стихийного бедствия, введения чрезвычайного или военного положения, массовых беспорядков, а также при групповых неповиновениях осужденных** по решению:

- **руководителя федерального органа исполнительной власти**, осуществляющего правоприменительные функции, функции по контролю и надзору в сфере исполнения уголовных наказаний, **либо**
- **начальника территориального органа уголовно-исполнительной системы субъекта Российской Федерации**,

**согласованному с Генералом** (в тексте дальше указание прерывается).","Административный кодекс Российской Федерации.pdf:page_2, Административный кодекс Российской Федерации.pdf:page_454, Административный кодекс Российской Федерации.pdf:page_467, Воздушный кодекс Российской Федерации.pdf:page_46, Градостроительный кодекс Российской Федерации.pdf:page_81, Земельный кодекс Российской Федерации.pdf:page_189, Налоговый кодекс Российской Федерации.pdf:page_24, Уголовно-исполнительный кодекс Российской Федерации.pdf:page_50, Уголовно-исполнительный кодекс Российской Федерации.pdf:page_72, Уголовный кодекс Российской Федерации.pdf:page_18"
Какие лазерные приборы используются для определения прямолинейности и высотного положения рельсов согласно СНиП 3.01.03-84?,"Согласно фрагменту СНиП 3.01.03-84 (п. 8.41), для определения **прямолинейности и высотного положения рельсов** применяют метод **параллельных створов с помощью лазерных приборов**:

- **ЛВ-5М**
- **ЛВ-78**
- **ПЛ-1**","Data1_10_10865_index.pdf:page_38, Data1_11_11285_index.pdf:page_10, Data1_11_11285_index.pdf:page_26, Data1_11_11285_index.pdf:page_41, Data1_11_11285_index.pdf:page_47, Data1_11_11285_index.pdf:page_63, Data1_11_11285_index.pdf:page_65, Data1_11_11285_index.pdf:page_72, Data1_11_11285_index.pdf:page_8, Data1_11_11285_index.pdf:page_82"
Какие сведения должен предоставить страхователь при заключении договора страхования?,"При заключении договора страхования страхователь должен сообщить страховщику сведения об обстоятельствах, имеющих существенное значение для определения степени риска, которые ему известны или должны быть известны, а также сведения, запрошенные страховщиком.  
(Статья 250 ГК РФ, п. 1: для морского страхования)","Градостроительный кодекс Российской Федерации.pdf:page_182, Гражданский кодекс Российской Федерации.pdf:page_389, Гражданский кодекс Российской Федерации.pdf:page_390, Гражданский кодекс Российской Федерации.pdf:page_391, Гражданский кодекс Российской Федерации.pdf:page_397, Кодекс торгового мореплавания Российской Федерации.pdf:page_112, Кодекс торгового мореплавания Российской Федерации.pdf:page_83, Кодекс торгового мореплавания Российской Федерации.pdf:page_89, ПДД Российской Федерации.pdf:page_7, Трудовой кодекс Российской Федерации.pdf:page_138"
Что влечет иное нарушение требований к порядку ведения реестра владельцев ценных бумаг?,"В представленных фрагментах прямо указано следующее по **«иному нарушению требований к порядку ведения реестра владельцев ценных бумаг»**:

- **Незаконный отказ или уклонение от внесения записей**, либо внесение записей **без оснований**, предусмотренных федеральными законами и НПА, либо внесение **недостоверных сведений**, а также **невыполнение или ненадлежащее выполнение** лицом, осуществляющим ведение реестра, требований владельца ценных бумаг/уполномоченного лица/номинального держателя о предоставлении выписки по лицевому счету —  
  **влечет** наложение административного штрафа:  
  - на **должностных лиц** — **от 30 000 до 50 000 рублей** или **дисквалификацию на срок от 1 года до 2 лет**;  
  - на **юридических лиц** — **от 700 000 до 1 000 000 рублей**.  

(Это соответствует **ст. 15.22 КоАП РФ**, часть 1, в приведенном тексте).","Административный кодекс Российской Федерации.pdf:page_271, Административный кодекс Российской Федерации.pdf:page_318, Административный кодекс Российской Федерации.pdf:page_321, Административный кодекс Российской Федерации.pdf:page_323, Административный кодекс Российской Федерации.pdf:page_369, Административный кодекс Российской Федерации.pdf:page_423, Арбитражный процессуальный кодекс Российской Федерации.pdf:page_121, Гражданский кодекс Российской Федерации.pdf:page_92, Уголовный кодекс Российской Федерации.pdf:page_112, Уголовный кодекс Российской Федерации.pdf:page_113"
"Когда проценты, начисленные налоговым органом, подлежат уплате налогоплательщику без заявления?",нет в документах,"Налоговый кодекс Российской Федерации.pdf:page_115, Налоговый кодекс Российской Федерации.pdf:page_116, Налоговый кодекс Российской Федерации.pdf:page_117, Налоговый кодекс Российской Федерации.pdf:page_29, Налоговый кодекс Российской Федерации.pdf:page_355, Налоговый кодекс Российской Федерации.pdf:page_479, Налоговый кодекс Российской Федерации.pdf:page_542, Налоговый кодекс Российской Федерации.pdf:page_543, Налоговый кодекс Российской Федерации.pdf:page_711, Налоговый кодекс Российской Федерации.pdf:page_713"
Может ли срок защиты прав превышать срок действия исключительного права правообладателя?,**Нет в документах.**,"Гражданский кодекс Российской Федерации.pdf:page_123, Гражданский кодекс Российской Федерации.pdf:page_125, Гражданский кодекс Российской Федерации.pdf:page_493, Гражданский кодекс Российской Федерации.pdf:page_496, Гражданский кодекс Российской Федерации.pdf:page_533, Гражданский кодекс Российской Федерации.pdf:page_548, Гражданский кодекс Российской Федерации.pdf:page_555, Гражданский кодекс Российской Федерации.pdf:page_569, Гражданский кодекс Российской Федерации.pdf:page_633, Гражданский кодекс Российской Федерации.pdf:page_661"
В каких случаях принимается решение о внесении изменений в предварительное решение о происхождении товара?,"Решение о внесении изменений в принятое предварительное решение о происхождении товара принимается **в случае выявления таможенным органом или заявителем ошибок**, допущенных при принятии этого предварительного решения, **которые не влияют на сведения о происхождении товара** (Статья 36, пункт 2).","Таможенный кодекс Евразийского экономического союза.pdf:page_132, Таможенный кодекс Евразийского экономического союза.pdf:page_24, Таможенный кодекс Евразийского экономического союза.pdf:page_25, Таможенный кодекс Евразийского экономического союза.pdf:page_26, Таможенный кодекс Евразийского экономического союза.pdf:page_27, Таможенный кодекс Евразийского экономического союза.pdf:page_29, Таможенный кодекс Евразийского экономического союза.pdf:page_30, Таможенный кодекс Евразийского экономического союза.pdf:page_31, Таможенный кодекс Евразийского экономического союза.pdf:page_32, Таможенный кодекс Евразийского экономического союза.pdf:page_33"
"Что происходит, если в производстве арбитражного суда, суда общей юрисдикции, третейского суда имеется дело по спору между теми же лицами, о том же предмете и по тем же основаниям?","В тексте указано следующее:

- **Арбитражный суд (АПК РФ):** при наличии ранее возбужденного дела по спору между теми же сторонами, о том же предмете и по тем же основаниям **иск (заявление) возвращается** (упоминается как основание для возвращения искового заявления).
- **Суд общей юрисдикции (ГПК РФ):** при наличии в производстве этого или другого суда либо третейского суда возбужденного ранее дела по спору между теми же сторонами, о том же предмете и по тем же основаниям исковое заявление **возвращается**.

Про **третейский суд** в приведённых фрагментах информации нет.","Арбитражный процессуальный кодекс Российской Федерации.pdf:page_148, Арбитражный процессуальный кодекс Российской Федерации.pdf:page_23, Арбитражный процессуальный кодекс Российской Федерации.pdf:page_64, Арбитражный процессуальный кодекс Российской Федерации.pdf:page_75, Гражданский процессуальный кодекс Российской Федерации.pdf:page_18, Гражданский процессуальный кодекс Российской Федерации.pdf:page_54, Гражданский процессуальный кодекс Российской Федерации.pdf:page_60, Гражданский процессуальный кодекс Российской Федерации.pdf:page_61, Гражданский процессуальный кодекс Российской Федерации.pdf:page_88, Кодекс административного судопроизводства Российской Федерации.pdf:page_72"
Какая форма используется для составления локальной сметы по ГОСТ МДС 81-8.2000?,"Для составления локальной сметы по ГОСТ/МДС 81-8.2000 используется **форма № 4-в (локальная смета)**.  

Это следует из текста: **«Форма № 4-в … ЛОКАЛЬНЫЙ СМЕТНЫЙ РАСЧЕТ № … (локальная смета)»**.","Data1_10_10754_index.pdf:page_3, Data1_10_10848_index.pdf:page_3, Data1_10_10848_index.pdf:page_5, Data1_10_10848_index.pdf:page_6, Data1_10_10864_index.pdf:page_4, Data1_10_10865_index.pdf:page_21, Data1_2_2076_index.pdf:page_14, Data1_2_2076_index.pdf:page_15, Data1_2_2079_index.pdf:page_1, Data1_2_2079_index.pdf:page_18"
Какие условия и порядок возмещения ущерба должны быть определены в соглашении о проведении реконструкции?,"В приведённом фрагменте указано, что **в соглашении (о реконструкции)** должны быть определены, в частности, следующие условия:

- **6)** *форма и сроки возмещения застройщиком, техническим заказчиком затрат*, возникших в связи с реконструкцией (а также с капитальным ремонтом существующих линейных объектов) их правообладателям.  
- **7)** *обязательства сторон* по урегулированию отношений с владельцами объектов, подключенных (технологически присоединенных) к существующим линейным объектам, реконструкцию/капремонт которых планируется осуществить, в связи с невозможностью эксплуатации на время работ.  
- **8)** *обязательства сторон* по обеспечению оформления правоустанавливающих документов на земельные участки для реконструкции/капремонта существующих линейных объектов, а также на сами линейные объекты после завершения работ (при необходимости).  
- **9)** *обязательства сторон* по установлению, изменению, прекращению зон с особыми условиями территорий (при необходимости).  
- **10)** *ответственность сторон* за неисполнение или ненадлежащее исполнение договора.

Также отдельно сказано, что **возмещение**, предусмотренное соответствующим пунктом (в тексте обозначено как **пункт 6 части 12 статьи**), осуществляется **в денежной и (или) натуральной формах**, а порядок определения соответствующих параметров раскрывается далее, но в данном фрагменте он обрезан.

Итого: порядок/условия возмещения, которые должны быть закреплены в соглашении о реконструкции, в тексте указаны именно по перечисленным пунктам **6–10**, плюс форма возмещения — **денежная и/или натуральная**.","Градостроительный кодекс Российской Федерации.pdf:page_144, Градостроительный кодекс Российской Федерации.pdf:page_173, Градостроительный кодекс Российской Федерации.pdf:page_259, Градостроительный кодекс Российской Федерации.pdf:page_281, Градостроительный кодекс Российской Федерации.pdf:page_283, Градостроительный кодекс Российской Федерации.pdf:page_304, Земельный кодекс Российской Федерации.pdf:page_146, Земельный кодекс Российской Федерации.pdf:page_156, Земельный кодекс Российской Федерации.pdf:page_157, Земельный кодекс Российской Федерации.pdf:page_195"
Какие полномочия имеют федеральные органы исполнительной власти в области охраны труда?,"В предоставленном фрагменте прямо говорится о полномочиях **Правительства Российской Федерации** в области охраны труда (а не всех федеральных органов исполнительной власти).

**Полномочия Правительства РФ в области охраны труда (из текста):**
- устанавливает порядок разработки, утверждения и изменения нормативных правовых актов федеральных органов исполнительной власти, содержащих государственные нормативные требования охраны труда;
- устанавливает порядок обучения по охране труда и проверки знания требований охраны труда, а также требования к организациям, оказывающим услуги по проведению обучения по охране труда;
- устанавливает порядок расследования и учета случаев профессиональных заболеваний работников;
- организует взаимодействие федеральных органов исполнительной власти, органов исполнительной власти субъектов РФ, объединений работодателей, профсоюзов и иных общественных объединений в сфере охраны труда;
- осуществляет иные полномочия в области охраны труда.

Если нужен ответ именно про **полномочия федеральных органов исполнительной власти**, пришлите, пожалуйста, фрагмент с соответствующей статьей/частью — в текущем тексте это не раскрыто.","Трудовой кодекс Российской Федерации.pdf:page_114, Трудовой кодекс Российской Федерации.pdf:page_116, Трудовой кодекс Российской Федерации.pdf:page_117, Трудовой кодекс Российской Федерации.pdf:page_121, Трудовой кодекс Российской Федерации.pdf:page_125, Трудовой кодекс Российской Федерации.pdf:page_126, Трудовой кодекс Российской Федерации.pdf:page_14, Трудовой кодекс Российской Федерации.pdf:page_225, Трудовой кодекс Российской Федерации.pdf:page_226, Трудовой кодекс Российской Федерации.pdf:page_229"
Как отказывается от судебного иммунитета международной организации?,"Отказ от судебного иммунитета международной организации должен быть сделан **в порядке, предусмотренном правилами самой международной организации**. В этом случае **арбитражный (или соответствующий) суд рассматривает дело по правилам установленного кодекса**.","Административный кодекс Российской Федерации.pdf:page_7, Арбитражный процессуальный кодекс Российской Федерации.pdf:page_165, Арбитражный процессуальный кодекс Российской Федерации.pdf:page_168, Арбитражный процессуальный кодекс Российской Федерации.pdf:page_171, Гражданский процессуальный кодекс Российской Федерации.pdf:page_163, Гражданский процессуальный кодекс Российской Федерации.pdf:page_170, Гражданский процессуальный кодекс Российской Федерации.pdf:page_172, Гражданский процессуальный кодекс Российской Федерации.pdf:page_175, Уголовно-процессуальный кодекс Российской Федерации.pdf:page_1, Уголовно-процессуальный кодекс Российской Федерации.pdf:page_289"
Как предотвращаются перегрузки строительных конструкций согласно МДС 14-13.2000?,"В предоставленном фрагменте **нет информации про то, как предотвращаются перегрузки строительных конструкций согласно МДС 14-13.2000**.  

Как частичный контекст есть только правила по безопасности при работе геодезиста (например, запреты на передвижение по лестницам и по краю монтажного горизонта), но **это не отвечает на вопрос про предотвращение перегрузок строительных конструкций по МДС 14-13.2000**.

**Ответ: нет в документах.**","Data1_10_10855_index.pdf:page_6, Data1_10_10855_index.pdf:page_7, Data1_10_10859_index.pdf:page_1, Data1_10_10865_index.pdf:page_38, Data1_11_11285_index.pdf:page_77, Data1_1_1879_index.pdf:page_1, Data1_1_1904_index.pdf:page_1, Data1_2_2075_index.pdf:page_1, Data1_2_2079_index.pdf:page_12, Градостроительный кодекс Российской Федерации.pdf:page_1"
Какие административные правонарушения могут рассматриваться руководителем подразделения центрального аппарата Министерства внутренних дел Российской Федерации по вопросам миграции и его заместителями?,"В предоставленном фрагменте текста **нет информации** о том, какие именно административные правонарушения может рассматривать **руководитель подразделения центрального аппарата МВД РФ по вопросам миграции и его заместители**.  

Следовательно: **нет в документах**.","Административный кодекс Российской Федерации.pdf:page_453, Административный кодекс Российской Федерации.pdf:page_463, Административный кодекс Российской Федерации.pdf:page_464, Административный кодекс Российской Федерации.pdf:page_470, Административный кодекс Российской Федерации.pdf:page_480, Административный кодекс Российской Федерации.pdf:page_494, Административный кодекс Российской Федерации.pdf:page_496, Административный кодекс Российской Федерации.pdf:page_500, Административный кодекс Российской Федерации.pdf:page_501, Административный кодекс Российской Федерации.pdf:page_506"
Как определяется стоимость материалов-представителей в текущем уровне цен согласно ГОСТ МДС 81-10.2000?,"В предоставленном тексте есть лишь общие положения о том, что **цена на материал определяется методом калькулирования элементов затрат** и что сметные цены на материалы принимаются по виду цены **«франко-приобъектный склад»**, с формулой для цены (включающей цену производителя, транспортные расходы и стоимость тары/упаковки).  

Но **прямого указания, как именно определяется стоимость материалов‑представителей в “текущем уровне цен” по ГОСТ (МДС) МДС 81‑10.2000**, в приведённом фрагменте **нет**.

**Ответ: нет в документах**.","Data1_10_10754_index.pdf:page_24, Data1_10_10754_index.pdf:page_3, Data1_10_10848_index.pdf:page_6, Data1_2_2075_index.pdf:page_1, Data1_2_2075_index.pdf:page_6, Data1_2_2076_index.pdf:page_14, Data1_2_2076_index.pdf:page_15, Data1_2_2079_index.pdf:page_17, Data1_2_2079_index.pdf:page_18, Data1_2_2080_index.pdf:page_14"
Какие характеристики оборудования для цементации грунтов описаны в Приложении 20 к ГОСТ (к СНиП 3.02.01-83)?,"В предоставленном фрагменте текста **Приложение 20** («Перечень и характеристики оборудования, применяемого при цементации грунтов») содержит **характеристики оборудования по цементации грунтов в виде таблиц**, а именно:

1) **Таблица 1. Растворо- и глиносмесители**
- марки: **РМ-500**, **РМ-750**, **М-2-4**
- указаны: **вместимость (л)**, **скорость вращения рабочего органа (об/мин)**, **электродвигатель (тип и мощность, кВт)**, **габариты (мм)**, **масса (кг)**

2) **Описания и характеристики инъекционного/сопутствующего оборудования (в разделе “Конструкции инъекторов”)**
- описаны **инъекторы 1-го и 2-го вида** (конструкция, параметры отверстий/канавок, наличие резиновых клапанов/колец и т.п.), но **в явном виде как “таблица” в Приложении 20** этот фрагмент приведён как текстовое описание конструкций инъекторов.

Других явных таблиц с характеристиками оборудования именно в **Приложении 20** в данном фрагменте не приведено (он обрывается на перечне и начале другого текста/таблиц).","Data1_11_11295_index.pdf:page_17, Data1_11_11295_index.pdf:page_20, Data1_11_11295_index.pdf:page_40, Data1_11_11295_index.pdf:page_43, Data1_11_11295_index.pdf:page_45, Data1_11_11295_index.pdf:page_46, Data1_11_11295_index.pdf:page_48, Data1_2_2079_index.pdf:page_11, Data1_2_2079_index.pdf:page_16, Data1_2_2079_index.pdf:page_17"
Как обеспечивается соизмеримость наборов ресурсов и показателей затрат согласно ГОСТ?,"В представленном фрагменте документа **нет прямого ответа** на вопрос о том, **как обеспечивается соизмеримость наборов ресурсов и показателей затрат согласно ГОСТ**.

Ближайшая по смыслу часть текста касается **порядка определения стоимости** ресурсным/ресурсно-индексным методами и правил учета объемов и индексов при пересчете, но **упоминания ГОСТ и именно “соизмеримости наборов ресурсов и показателей затрат” в тексте нет**.

Ответ: **нет в документах**.","Data1_10_10864_index.pdf:page_12, Data1_10_10864_index.pdf:page_4, Data1_10_10864_index.pdf:page_8, Data1_10_10869_index.pdf:page_2, Data1_2_2075_index.pdf:page_1, Data1_2_2080_index.pdf:page_30, Data1_2_2081_index.pdf:page_9, Data1_2_2082_index.pdf:page_16, Data1_2_2082_index.pdf:page_2, Data1_2_2117_index.pdf:page_10"
Какие предприятия и учреждения охватываются рекомендациями?,"В предоставленном фрагменте **есть информация только для “Рекомендаций по организации учета тепловой энергии и теплоносителей…” (МИ/МДС 41-3.2000)**.

Там указано, что Рекомендации разработаны **для**:
- **коммунальных теплоснабжающих организаций** (отпускающих абонентам тепловую энергию и теплоносители);
- **абонентов — юридических лиц**, теплоснабжение которых осуществляется от **водяных систем коммунального теплоснабжения**;
- а также **органов управления** субъектов РФ и **органов местного самоуправления** — при организации учета тепловой энергии и теплоносителей.

Про другие “рекомендации” из фрагмента (про подрядные торги, техчасть тендерной документации и т.п.) в тексте ответа конкретного перечня “предприятий и учреждений, охватываемых” — **нет**.","Data1_10_10853_index.pdf:page_4, Data1_10_10858_index.pdf:page_2, Data1_10_10865_index.pdf:page_1, Data1_10_10865_index.pdf:page_3, Data1_10_10866_index.pdf:page_1, Data1_10_10870_index.pdf:page_2, Data1_10_10871_index.pdf:page_1, Data1_10_10872_index.pdf:page_2, Data1_2_2081_index.pdf:page_1, Бюджетный кодекс Российской Федерации.pdf:page_390"
Какие нормокомплекты геодезических приборов и приспособлений указываются в ППГР согласно СНиП 3.01.03-84?,"В приведённом фрагменте указано, что **в ППГР должны указываться нормокомплекты геодезических приборов и приспособлений (прил. 6)**, но **перечень конкретных нормокомплектов из СНиП 3.01.03-84 в тексте фрагмента не приведён** (есть только таблица с примерами/частью состава и формула расчёта общей потребности).

**Ответ:** в документах сказано лишь, что нормокомплекты указываются **“в прил. 6”**, а **конкретный состав нормокомплектов по СНиП 3.01.03-84 в этом фрагменте отсутствует**.","Data1_10_10864_index.pdf:page_14, Data1_11_11285_index.pdf:page_17, Data1_11_11285_index.pdf:page_35, Data1_11_11285_index.pdf:page_4, Data1_11_11285_index.pdf:page_5, Data1_11_11285_index.pdf:page_50, Data1_11_11285_index.pdf:page_52, Data1_11_11285_index.pdf:page_76, Data1_11_11285_index.pdf:page_78, Data1_11_11285_index.pdf:page_82"
"Как определяется облагаемый оборот для строительных, строительно-монтажных и ремонтно-строительных организаций по ГОСТ МДС 81-23.2000?","Облагаемый оборот для строительных, строительно-монтажных и ремонтно-строительных организаций в тексте определяется так:

**«…облагаемым оборотом является стоимость выполненных работ, принятых заказчиками, определяемая исходя из договорных цен с учетом их изменений, вызванных в процессе выполнения работ повышением (снижением) цен на строительные материалы и конструкции, тарифов на транспортные и другие виды услуг».**","Data1_10_10754_index.pdf:page_24, Data1_10_10754_index.pdf:page_3, Data1_10_10848_index.pdf:page_10, Data1_10_10848_index.pdf:page_8, Data1_2_2070_index.pdf:page_3, Data1_2_2070_index.pdf:page_4, Data1_2_2081_index.pdf:page_9, Data1_2_2082_index.pdf:page_16, Data1_2_2082_index.pdf:page_4, Data1_2_2117_index.pdf:page_10"
"Когда признаются доходы в виде положительной переоценки стоимости драгоценных металлов и требований, выраженных в драгоценных металлах?","Доходы в виде **положительной переоценки стоимости драгоценных металлов и требований (обязательств), выраженных в драгоценных металлах, признаются по “последнему числу текущего месяца”**.","Налоговый кодекс Российской Федерации.pdf:page_1013, Налоговый кодекс Российской Федерации.pdf:page_1022, Налоговый кодекс Российской Федерации.pdf:page_1144, Налоговый кодекс Российской Федерации.pdf:page_1223, Налоговый кодекс Российской Федерации.pdf:page_1386, Налоговый кодекс Российской Федерации.pdf:page_1389, Налоговый кодекс Российской Федерации.pdf:page_1435, Налоговый кодекс Российской Федерации.pdf:page_1436, Налоговый кодекс Российской Федерации.pdf:page_1437, Уголовный кодекс Российской Федерации.pdf:page_120"
Какие районы Амурской области входят в перечень районов Крайнего Севера согласно ГЭСН-2001?,"В тексте указано: **в Амурской области районами Крайнего Севера** являются **отсутствуют** (строка про Амурскую область в разделе “Районы Крайнего Севера” не содержит перечислений).

Также в тексте приведены **местности, приравненные к районам Крайнего Севера** для Амурской области, но **какие именно** — в предоставленном фрагменте не указано (после заголовка “Амурская область” видны только числовые климатические параметры по пунктам: Архара, Белогорск, Благовещенск, и др., без привязки к статусу “Крайний Север/приравненные”).

**Ответ:** **нет в документах** (для “районов Крайнего Севера” по Амурской области в данном фрагменте; конкретный перечень “приравненных местностей” также не приведён).","Data1_10_10062_index.pdf:page_10, Data1_10_10062_index.pdf:page_9, Data1_10_10846_index.pdf:page_22, Data1_10_10846_index.pdf:page_29, Data1_10_10846_index.pdf:page_30, Data1_10_10849_index.pdf:page_11, Налоговый кодекс Российской Федерации.pdf:page_1237, Налоговый кодекс Российской Федерации.pdf:page_1238, Налоговый кодекс Российской Федерации.pdf:page_1248, Налоговый кодекс Российской Федерации.pdf:page_1356"
"В каких случаях правила, установленные главой о морской перевозке груза, не применяются?","В представленных фрагментах прямо указано следующее, когда **правила главы о морской перевозке груза не применяются**:

- **При перевозке багажа в ка-потаже**:  
  *«Правила, установленные настоящей главой об ответственности перевозчика за утрату или повреждение багажа и об ограничении такой ответственности, не применяются при его перевозке в каботаже.»*  
  (Это относится к правилам об ответственности перевозчика **за багаж**, то есть часть “морских перевозок”, но не к грузам напрямую.)

Других прямых указаний именно про **грузы** в предоставленных фрагментах **нет**.","Кодекс внутреннего водного транспорта Российской Федерации.pdf:page_58, Кодекс торгового мореплавания Российской Федерации.pdf:page_104, Кодекс торгового мореплавания Российской Федерации.pdf:page_120, Кодекс торгового мореплавания Российской Федерации.pdf:page_50, Кодекс торгового мореплавания Российской Федерации.pdf:page_51, Кодекс торгового мореплавания Российской Федерации.pdf:page_60, Кодекс торгового мореплавания Российской Федерации.pdf:page_66, Кодекс торгового мореплавания Российской Федерации.pdf:page_74, Кодекс торгового мореплавания Российской Федерации.pdf:page_82, Кодекс торгового мореплавания Российской Федерации.pdf:page_90"
"Какие условия должны быть соблюдены при помещении иностранных товаров, помещенных под таможенную процедуру временного ввоза (допуска), под таможенную процедуру таможенного транзита согласно статье 306?","В приведённых фрагментах **есть только ссылка на статью 306**, но **сам текст статьи 306 в предоставленных документах отсутствует** (видно лишь начало: “Статья 306. Особенности применения, завершения и прекращения действия таможенной процедуры таможенного транзита…”).

Из доступного текста можно извлечь лишь **частичный контекст**: таможенная процедура транзита (в отношении иностранных товаров, ранее помещённых под временный ввоз/допуск и перевозимых через территории государств вне Союза) регулируется **статьями 304–306**, однако **конкретные условия по статье 306 не приведены**.

**Ответ:** нет в документах.","Таможенный кодекс Евразийского экономического союза.pdf:page_144, Таможенный кодекс Евразийского экономического союза.pdf:page_164, Таможенный кодекс Евразийского экономического союза.pdf:page_188, Таможенный кодекс Евразийского экономического союза.pdf:page_198, Таможенный кодекс Евразийского экономического союза.pdf:page_257, Таможенный кодекс Евразийского экономического союза.pdf:page_258, Таможенный кодекс Евразийского экономического союза.pdf:page_263, Таможенный кодекс Евразийского экономического союза.pdf:page_271, Таможенный кодекс Евразийского экономического союза.pdf:page_276, Таможенный кодекс Евразийского экономического союза.pdf:page_381"
"Что грозит за внесение пожертвований в крупных размерах в избирательный фонд, фонд референдума через подставных лиц?","В предоставленных фрагментах **есть частичный ответ**: указано, что ответственность наступает за **незаконное финансирование/пожертвования**.

- **Статья 141.1 УК РФ**: предусматривает наказание за нарушение порядка финансирования избирательной кампании/фонда (в частности, деяния, связанные с передачей денежных средств **в крупных размерах** **в обход избирательного фонда** или использование средств не из фондов).  
  *Текст в вашем фрагменте начинается с формулировок про “передачу… денежных средств в крупных размерах, минуя соответствующий избирательный фонд…”.*  

- Также в ваших фрагментах есть упоминание про **административную ответственность** за незаконные пожертвования политическим партиям в запрещенных случаях/с нарушением порядка, но **без прямой связки** с “пожертвованиями через подставных лиц в избирательный фонд”.

При этом **в ваших документах нет прямой нормы**, которая бы прямо называла именно “внесение пожертвований в крупных размерах через подставных лиц” и отдельные последствия именно для такой схемы.  

**Ответ:** по представленным фрагментам — применяется ответственность за **нарушение порядка финансирования с денежными средствами в “крупных размерах”**, в том числе если средства передаются/расходуются с нарушением правил (например, **минуя избирательный фонд**). Более конкретно про “через подставных лиц” **в предоставленных текстах не указано**.","Административный кодекс Российской Федерации.pdf:page_36, Административный кодекс Российской Федерации.pdf:page_38, Административный кодекс Российской Федерации.pdf:page_39, Административный кодекс Российской Федерации.pdf:page_40, Административный кодекс Российской Федерации.pdf:page_50, Административный кодекс Российской Федерации.pdf:page_57, Уголовный кодекс Российской Федерации.pdf:page_105, Уголовный кодекс Российской Федерации.pdf:page_70, Уголовный кодекс Российской Федерации.pdf:page_71, Уголовный кодекс Российской Федерации.pdf:page_72"
"Что происходит, если значение коэффициента КНДД меньше единицы?","В предоставленных фрагментах **нет прямого ответа** на вопрос, что происходит, если значение коэффициента **КНДД меньше единицы**.  

Из текста, который есть, видны лишь общие правила по формулам/округлениям для отдельных коэффициентов и ставок, но **условия “если КНДД < 1” не указаны**.

**Ответ: нет в документах.**","Data1_10_10754_index.pdf:page_22, Гражданский кодекс Российской Федерации.pdf:page_108, Налоговый кодекс Российской Федерации.pdf:page_1396, Налоговый кодекс Российской Федерации.pdf:page_1412, Налоговый кодекс Российской Федерации.pdf:page_1418, Налоговый кодекс Российской Федерации.pdf:page_1421, Налоговый кодекс Российской Федерации.pdf:page_1426, Налоговый кодекс Российской Федерации.pdf:page_1436, Налоговый кодекс Российской Федерации.pdf:page_1449, Налоговый кодекс Российской Федерации.pdf:page_1450"
Какова температура при промывке систем отопления соляной кислотой с ингибитором АКХ-ИФХАН по МДС 13-18.2000?,Температура при промывке систем отопления соляной кислотой с ингибитором **АКХ-ИФХАН — 40 °С**.,"Data1_10_10852_index.pdf:page_18, Data1_10_10852_index.pdf:page_20, Data1_10_10852_index.pdf:page_27, Data1_10_10852_index.pdf:page_28, Data1_10_10861_index.pdf:page_30, Data1_10_10861_index.pdf:page_32, Data1_10_10871_index.pdf:page_6, Data1_11_11295_index.pdf:page_17, Data1_11_11295_index.pdf:page_7, Data1_2_2096_index.pdf:page_3"
"Какие питающие линии электроснабжения, обеспечивающие системы пожарной безопасности, исключаются из графиков временного отключения электрической энергии согласно ГОСТ МДС 13-19.2001?","В тексте Положения (МДС 13-19.2001) указано, что **в графики временного отключения электрической энергии не включаются**:

- **«Питающие линии электроснабжения, обеспечивающие системы пожарной безопасности».**","Data1_10_10852_index.pdf:page_28, Data1_10_10853_index.pdf:page_1, Data1_10_10853_index.pdf:page_3, Data1_10_10853_index.pdf:page_4, Data1_10_10861_index.pdf:page_21, Data1_10_10861_index.pdf:page_31, Data1_10_10865_index.pdf:page_15, Data1_10_10865_index.pdf:page_30, Data1_10_10871_index.pdf:page_13, Data1_10_10871_index.pdf:page_16"
Какой размер пошлины установлен за внесение изменений в решение о выдаче визы?,В предоставленных фрагментах **нет сведений** о государственной пошлине за **внесение изменений в решение о выдаче визы**.,"Налоговый кодекс Российской Федерации.pdf:page_1263, Налоговый кодекс Российской Федерации.pdf:page_1269, Налоговый кодекс Российской Федерации.pdf:page_1270, Налоговый кодекс Российской Федерации.pdf:page_1281, Налоговый кодекс Российской Федерации.pdf:page_1283, Налоговый кодекс Российской Федерации.pdf:page_1287, Налоговый кодекс Российской Федерации.pdf:page_1288, Налоговый кодекс Российской Федерации.pdf:page_1292, Налоговый кодекс Российской Федерации.pdf:page_1294, Налоговый кодекс Российской Федерации.pdf:page_1302"
Когда доводятся показатели бюджетной росписи по расходам и лимитов бюджетных обязательств?,"Показатели сводной бюджетной росписи по расходам доводятся до главных распорядителей бюджетных средств **до начала очередного финансового года** (за исключением случаев, предусмотренных ст. 190 и 191 БК РФ).","Бюджетный кодекс Российской Федерации.pdf:page_2, Бюджетный кодекс Российской Федерации.pdf:page_262, Бюджетный кодекс Российской Федерации.pdf:page_293, Бюджетный кодекс Российской Федерации.pdf:page_296, Бюджетный кодекс Российской Федерации.pdf:page_313, Бюджетный кодекс Российской Федерации.pdf:page_314, Бюджетный кодекс Российской Федерации.pdf:page_323, Бюджетный кодекс Российской Федерации.pdf:page_380, Бюджетный кодекс Российской Федерации.pdf:page_383, Бюджетный кодекс Российской Федерации.pdf:page_387"
Какой ГОСТ или СНиП регламентирует расчет затрат труда на строительной площадке?,"В приведённом фрагменте есть сведения о **коэффициентах к нормам затрат труда** (с учетом условий производства работ) — это часть нормативного документа про сметное нормирование, где прямо указаны такие коэффициенты.

Однако **конкретно “затраты труда на строительной площадке” как отдельный регламент (в виде “расчёта затрат труда на строительной площадке”) в предоставленном тексте не указаны явно названием ГОСТ/СНиП**.

Что можно извлечь из текста:
- Упоминаются **коэффициенты к нормам затрат труда и нормам времени эксплуатации машин**, учитывающие условия производства работ (пп. 1–3.4 приведённого фрагмента).

**Ответ:** нет в документах (в смысле: в данном фрагменте не указано, какой именно ГОСТ или СНиП регламентирует расчёт затрат труда на строительной площадке; есть только частичный контент про коэффициенты к нормам затрат труда).","Data1_10_10062_index.pdf:page_2, Data1_10_10062_index.pdf:page_7, Data1_10_10846_index.pdf:page_3, Data1_10_10848_index.pdf:page_3, Data1_10_10864_index.pdf:page_4, Data1_2_2069_index.pdf:page_7, Data1_2_2076_index.pdf:page_1, Data1_2_2082_index.pdf:page_5, Data1_2_2096_index.pdf:page_2, Data1_2_2117_index.pdf:page_10"
Кто выполняет функции заказчика-застройщика по заключению подрядных и других договоров? (ГОСТ не указан),"В приведенном фрагменте указано, что **заказчик** (то есть организатор торгов) **в недельный срок рассматривает протокол** и **принимает решение об утверждении (неутверждении) результатов торгов**, а также **приглашает победителя к подписанию протокола о намерениях/подготовке и подписании подрядного договора**.

Однако прямого ответа на вопрос **«кто выполняет функции заказчика‑застройщика по заключению подрядных и других договоров»** в представленном тексте **нет**.

**Ответ: нет в документах.**","Data1_10_10865_index.pdf:page_8, Data1_10_10866_index.pdf:page_10, Data1_1_1804_index.pdf:page_9, Data1_1_1904_index.pdf:page_4, Градостроительный кодекс Российской Федерации.pdf:page_163, Градостроительный кодекс Российской Федерации.pdf:page_2, Градостроительный кодекс Российской Федерации.pdf:page_23, Гражданский кодекс Российской Федерации.pdf:page_321, Гражданский кодекс Российской Федерации.pdf:page_322, Гражданский кодекс Российской Федерации.pdf:page_323"
Могут ли учреждения участвовать в хозяйственных обществах?,"В предоставленных фрагментах есть только общее правило о том, что **государственные органы и органы местного самоуправления не вправе участвовать от своего имени в хозяйственных товариществах и обществах** (п. 6).  

Про **учреждения** (как вид юридического лица) в тексте прямо не сказано, и ограничений именно для учреждений в приведённом фрагменте нет.

**Ответ: нет в документах.**","Гражданский кодекс Российской Федерации.pdf:page_21, Гражданский кодекс Российской Федерации.pdf:page_24, Гражданский кодекс Российской Федерации.pdf:page_38, Гражданский кодекс Российской Федерации.pdf:page_41, Гражданский кодекс Российской Федерации.pdf:page_42, Гражданский кодекс Российской Федерации.pdf:page_60, Гражданский кодекс Российской Федерации.pdf:page_62, Гражданский кодекс Российской Федерации.pdf:page_66, Гражданский кодекс Российской Федерации.pdf:page_82, Налоговый кодекс Российской Федерации.pdf:page_1496"
Каков размер штрафа для должностных лиц по статье 16.6?,"В представленных фрагментах **статья 16.6 не содержит размера штрафа для должностных лиц** — указаны только штрафы для граждан (от **1 500 до 2 000 рублей**).  

Следовательно: **нет в документах** (о размере штрафа для должностных лиц по ст. 16.6).","Административный кодекс Российской Федерации.pdf:page_271, Административный кодекс Российской Федерации.pdf:page_304, Административный кодекс Российской Федерации.pdf:page_353, Административный кодекс Российской Федерации.pdf:page_354, Административный кодекс Российской Федерации.pdf:page_356, Административный кодекс Российской Федерации.pdf:page_357, Административный кодекс Российской Федерации.pdf:page_366, Административный кодекс Российской Федерации.pdf:page_386, Административный кодекс Российской Федерации.pdf:page_398, Уголовный кодекс Российской Федерации.pdf:page_233"
"Какую информацию о претенденте следует указывать в форме 'Наименование организации, фирмы, консорциума' согласно ГОСТ МДС 80-5.2000?","В тексте ГОСТ/МДС (МДС 80-5.2000) **в форме “Приложение 4. Наименование организации, фирмы, консорциума”** указано, что в ней приводятся такие сведения о претенденте (организации):

- **Реквизиты**:
  - **Адрес**
  - **Телефон**
  - **Телекс**
  - **Телефакс**
  - **Ответственное лицо**
  - **Форма общества**
  - **Уставной капитал**
- **Годовой оборот при выполнении строительно‑монтажных работ** (в **млн. руб.**, а для инофирм — **в валюте**) за годы **1991, 1992, 1993**
- **Обменный курс к рублю на конец года** (для инофирм)

Также в этой форме предусмотрены разделы:
- **Головная фирма**
- **Филиалы и дочерние предприятия**

По консорциуму отмечено, что форма заполняется **лидером**, а в разделе “Годовой оборот” приводятся **суммарные показатели всех партнерских фирм, включая лидера**.","Data1_10_10859_index.pdf:page_6, Data1_10_10865_index.pdf:page_3, Data1_10_10867_index.pdf:page_1, Data1_10_10867_index.pdf:page_2, Data1_10_10867_index.pdf:page_4, Data1_10_10867_index.pdf:page_5, Data1_10_10867_index.pdf:page_6, Data1_10_10872_index.pdf:page_10, Data1_10_10872_index.pdf:page_8, Data1_10_10872_index.pdf:page_9"
"Что происходит, если соглашение явилось основанием для выдачи свидетельства о регистрации лица, совершающего операции по переработке сжиженных углеводородных газов?","В приведённом фрагменте **нет информации** о том, что происходит, если соглашение являлось основанием для выдачи свидетельства о регистрации лица, совершающего операции по переработке сжиженных углеводородных газов.","Налоговый кодекс Российской Федерации.pdf:page_554, Налоговый кодекс Российской Федерации.pdf:page_560, Налоговый кодекс Российской Федерации.pdf:page_569, Налоговый кодекс Российской Федерации.pdf:page_570, Налоговый кодекс Российской Федерации.pdf:page_580, Налоговый кодекс Российской Федерации.pdf:page_581, Налоговый кодекс Российской Федерации.pdf:page_586, Налоговый кодекс Российской Федерации.pdf:page_588, Налоговый кодекс Российской Федерации.pdf:page_589, Налоговый кодекс Российской Федерации.pdf:page_590"
Какие требования предъявляются к устройству ограждения площадки строительства в подготовительных работах согласно таблице 9 ГОСТ МДС-80-8.2000?,"В предоставленном фрагменте **нет** данных о требованиях к устройству ограждения площадки строительства в подготовительных работах **согласно таблице 9 ГОСТ МДС-80-8.2000**.  

**Ответ: нет в документах.**","Data1_10_10062_index.pdf:page_7, Data1_10_10754_index.pdf:page_22, Data1_10_10846_index.pdf:page_17, Data1_10_10846_index.pdf:page_3, Data1_10_10846_index.pdf:page_8, Data1_10_10864_index.pdf:page_33, Data1_10_10865_index.pdf:page_18, Data1_10_10865_index.pdf:page_35, Data1_10_10865_index.pdf:page_8, Data1_10_10865_index.pdf:page_9"
"Какие административные правонарушения рассматривают органы, указанные в статье 23.30, в части нарушения установленного порядка предоставления обеспечения исполнения обязательств по оплате тепловой энергии?","Органы, указанные в **статье 23.30**, рассматривают дела об административных правонарушениях, предусмотренных **статьёй 14.61** — *в части нарушения установленного порядка предоставления обеспечения исполнения обязательств по оплате электрической энергии (мощности), тепловой энергии (мощности) …* (в тексте статьи 23.30 прямо указано «**статья 14.61 (в части нарушения установленного порядка предоставления обеспечения исполнения обязательств по оплате электрической энергии (мощности), тепловой энергии (мощности)** …»).

Следовательно, в части **оплаты тепловой энергии**:  
✅ рассматривается **административное правонарушение по ст. 14.61 КоАП РФ** — *за нарушение установленного порядка предоставления обеспечения исполнения обязательств по оплате тепловой энергии (мощности)*.","Административный кодекс Российской Федерации.pdf:page_301, Административный кодекс Российской Федерации.pdf:page_463, Административный кодекс Российской Федерации.pdf:page_477, Административный кодекс Российской Федерации.pdf:page_478, Административный кодекс Российской Федерации.pdf:page_480, Административный кодекс Российской Федерации.pdf:page_491, Административный кодекс Российской Федерации.pdf:page_494, Административный кодекс Российской Федерации.pdf:page_495, Административный кодекс Российской Федерации.pdf:page_500, Административный кодекс Российской Федерации.pdf:page_586"
"Что происходит с определениями, не указанными в части 1 статьи 313?","В тексте прямо указано:  

- **ч. 2 статьи 313**: *«В отношении определения, обжалование которого не предусмотрено настоящим Кодексом, а также в отношении протокольного определения могут быть заявлены возражения при обжаловании судебного акта, которым заканчивается рассмотрение дела по существу.»*  

То есть **определения, не перечисленные в части 1 статьи 313**, обжалуются **не отдельно**, а **возражения по ним заявляются при обжаловании судебного акта, которым дело заканчивается по существу**.","Арбитражный процессуальный кодекс Российской Федерации.pdf:page_95, Гражданский кодекс Российской Федерации.pdf:page_163, Гражданский кодекс Российской Федерации.pdf:page_166, Гражданский кодекс Российской Федерации.pdf:page_169, Гражданский кодекс Российской Федерации.pdf:page_171, Гражданский кодекс Российской Федерации.pdf:page_276, Гражданский процессуальный кодекс Российской Федерации.pdf:page_123, Кодекс торгового мореплавания Российской Федерации.pdf:page_98, Таможенный кодекс Евразийского экономического союза.pdf:page_388, Уголовно-процессуальный кодекс Российской Федерации.pdf:page_199"
Какие требования предъявляются к поверхностям площадок согласно МДС 35-7.2000?,"В предоставленном фрагменте **МДС 35-7.2000** прямо указано лишь следующее про покрытия/поверхности площадок:

- «**Благоустройство территории должно включать правильный выбор покрытий для разных видов деятельности**».
- В части требований для пользователей с нарушениями зрения упоминается различение дорожек/поворотов по **качеству и фактуре покрытия**: «**обозначаются изменением качества и фактуры покрытия: твердое – мягкое, гладкое – неровное…**».

Других конкретных требований именно к **поверхностям площадок** (например, ГОСТ/нормируемые параметры покрытия) в данном тексте **нет в документах**.","Data1_10_10846_index.pdf:page_3, Data1_10_10847_index.pdf:page_1, Data1_10_10847_index.pdf:page_12, Data1_10_10847_index.pdf:page_17, Data1_10_10847_index.pdf:page_4, Data1_10_10847_index.pdf:page_5, Data1_10_10861_index.pdf:page_7, Data1_10_10865_index.pdf:page_20, Data1_10_10865_index.pdf:page_38, Data1_1_1879_index.pdf:page_27"
Как рассчитывается коэффициент для показателя «Предусматриваемые в офертах затраты труда местных рабочих» согласно ГОСТ МДС 80-3.2000?,"В предоставленных фрагментах **нет** информации о том, **как именно рассчитывается коэффициент** для показателя **«Предусматриваемые в офертах затраты труда местных рабочих»** по **ГОСТ/МДС МДС 80-3.2000**.

Есть только общий фрагмент про порядок выставления баллов для показателей техчасти (в т.ч. для затрат труда местных рабочих):  
- «…максимальное количество баллов устанавливается для оферты с наибольшим значением следующих показателей: … предусмотренных в оферте затрат труда местных рабочих; по остальным офертам количество баллов рекомендуется устанавливать обратно пропорционально…»  

Но **формулы/правила именно для коэффициента** по показателю «затраты труда местных рабочих» в тексте отсутствуют.

**Ответ:** нет в документах.","Data1_10_10062_index.pdf:page_7, Data1_10_10754_index.pdf:page_21, Data1_10_10754_index.pdf:page_3, Data1_10_10864_index.pdf:page_19, Data1_10_10864_index.pdf:page_33, Data1_10_10864_index.pdf:page_34, Data1_10_10869_index.pdf:page_5, Data1_10_10869_index.pdf:page_6, Data1_2_2075_index.pdf:page_1, Data1_2_2117_index.pdf:page_1"
Какова производительность установки получения элементарной серы методом Клауса согласно ГОСТу МДС 81-8.2000?,"В предоставленных фрагментах указано, что **установка получения элементарной серы методом Клауса** имеет производительность **200 тыс. т/год** (однопоточная).","Data1_10_10754_index.pdf:page_25, Data1_10_10754_index.pdf:page_28, Data1_10_10849_index.pdf:page_11, Data1_10_10849_index.pdf:page_12, Data1_10_10855_index.pdf:page_6, Data1_10_10855_index.pdf:page_7, Data1_10_10864_index.pdf:page_36, Data1_10_10864_index.pdf:page_37, Data1_11_11295_index.pdf:page_45, Data1_11_11295_index.pdf:page_46"
"Какие требования безопасности приведены в документе, регламентированном ГОСТ МДС 31-8.2002, при проектировании и устройстве фонарей?","В приведённых фрагментах из **МДС 31-8.2002** требования безопасности сформулированы в основном в части **пожарной безопасности, эксплуатации и ремонтов** фонарей (как меры, снижающие риск травм и повреждений):

1) **Противоаварийная защита от падения осколков (безопасность эксплуатации)**  
Для зенитных фонарей со светопропускающими элементами из листового стекла или стеклопакетов должны быть установлены **предохранительные сварные сетки**:  
- ячейки **50×50 мм**;  
- изготовление по **ГОСТ 2715-75***;  
- проволока **оцинкованная**, диаметр **2 мм**;  
- сетки выполняются **отдельными полотнами** с обрамлением (указаны элементы обрамления).

2) **Учет/обеспечение условий безопасности при ремонте**  
Ремонт должен включать мероприятия, направленные на поддержание/восстановление характеристик, и при этом:  
- при выполнении работ должны обеспечиваться **правила техники безопасности и охрана труда**, а также бесперебойная работа производств;  
- перед заменой поврежденных светопропускающих элементов необходимо **оградить зоны возможного падения осколков**;  
- ремонт, как правило, ��олжен выполняться в **теплое время года**, с защитой помещений и предотвращением **случайного падения элементов светопропускающего заполнения**.

3) **Сопряженные требования к конструкциям (для безопасной эксплуатации)**  
Упомянуто требование, что **скалывание наледей или смерзшегося снега с элементов фонарей не допускается**.

Если нужно, могу извлечь из вашего текста **дословные формулировки** (с пунктами), но в предоставленном фрагменте приведены именно указанные выше требования.","Data1_10_10846_index.pdf:page_1, Data1_10_10846_index.pdf:page_17, Data1_10_10846_index.pdf:page_18, Data1_10_10846_index.pdf:page_2, Data1_10_10846_index.pdf:page_20, Data1_10_10846_index.pdf:page_3, Data1_10_10846_index.pdf:page_6, Data1_10_10846_index.pdf:page_9, ПДД Российской Федерации.pdf:page_54, ПДД Российской Федерации.pdf:page_60"
Какие промерзания стен и повышенный влаго- и воздухо- проницаемость стыков относятся к категории А согласно ГОСТ МДС 17-13.2000?,"В предоставленном тексте есть указание на критерий:

- **«Промерзания стен, повышенный влаго- и воздухо- проницаемость стыков»** — и рядом стоит категория **«А»**.

То есть к категории **А** относится именно это формулировочное условие.","Data1_10_10846_index.pdf:page_3, Data1_10_10859_index.pdf:page_8, Data1_10_10861_index.pdf:page_40, Data1_10_10861_index.pdf:page_41, Data1_10_10861_index.pdf:page_42, Data1_10_10865_index.pdf:page_19, Data1_10_10865_index.pdf:page_38, Data1_10_10865_index.pdf:page_39, Data1_1_1879_index.pdf:page_26, Data1_2_2081_index.pdf:page_11"
Что влечет наложение административного штрафа на должностных лиц за предоставление заведомо ложных сведений о цели пребывания иностранных граждан?,"В представленных фрагментах указано, что **за нарушение правил въезда/пребывания**, выражающееся в **несоответствии заявленной цели въезда фактически осуществляемой деятельности**, предусмотрены административные штрафы (в тексте далее идет фраза с размером штрафа, но он обрывается и **для должностных лиц конкретная сумма не указана**).

**Ответ из документов (частично):** предусмотрено **наложение административного штрафа** за **несоответствие заявленной цели пребывания фактически осуществляемой деятельности** (размер в фрагменте указан только частично: “от двух тысяч до пяти тысяч руб…”), **а сведений о штрафе именно для должностных лиц за “предоставление заведомо ложных сведений о цели пребывания” в приведенном тексте нет**.","Административный кодекс Российской Федерации.pdf:page_374, Административный кодекс Российской Федерации.pdf:page_375, Административный кодекс Российской Федерации.pdf:page_381, Административный кодекс Российской Федерации.pdf:page_401, Административный кодекс Российской Федерации.pdf:page_410, Административный кодекс Российской Федерации.pdf:page_412, Административный кодекс Российской Федерации.pdf:page_418, Административный кодекс Российской Федерации.pdf:page_42, Административный кодекс Российской Федерации.pdf:page_422, Административный кодекс Российской Федерации.pdf:page_52"
В какой срок должностное лицо должно сообщить в суд о исполнении приговора?,"В предоставленных фрагментах **нет информации** о сроке, в который должностное лицо должно сообщить в суд о исполнении приговора.","Административный кодекс Российской Федерации.pdf:page_596, Административный кодекс Российской Федерации.pdf:page_597, Гражданский процессуальный кодекс Российской Федерации.pdf:page_90, Кодекс административного судопроизводства Российской Федерации.pdf:page_143, Кодекс административного судопроизводства Российской Федерации.pdf:page_98, Уголовно-исполнительный кодекс Российской Федерации.pdf:page_14, Уголовно-процессуальный кодекс Российской Федерации.pdf:page_240, Уголовно-процессуальный кодекс Российской Федерации.pdf:page_246, Уголовно-процессуальный кодекс Российской Федерации.pdf:page_291, Уголовно-процессуальный кодекс Российской Федерации.pdf:page_293"
Какие условия необходимы для обеспечения равного доступа к информации о спросе и предложении на проектную продукцию согласно ГОСТ МДС 80-2.2000?,"В приведённом фрагменте **ГОССТРОЙ РОССИИ МДС 80-2.2000** прямо указано лишь следующее про условия для обеспечения равного доступа **к ресурсам**, а не к информации о спросе и предложении.

Из текста (раздел 2.1.1, п. 3):
- **«Равный доступ к материальным, трудовым, финансовым и другим ресурсам. Необходимо создать равные условия для выполнения любого заказа в обеспечении материальными, финансовыми и другими ресурсами. Не следует устанавливать приоритеты в ресурсном обеспечении…»**

Про **равный доступ именно к информации о спросе и предложении на проектную продукцию** в предоставленном фрагменте **нет**.

**Ответ:** нет в документах.","Data1_10_10858_index.pdf:page_25, Data1_10_10858_index.pdf:page_4, Data1_10_10866_index.pdf:page_6, Data1_10_10872_index.pdf:page_1, Data1_10_10872_index.pdf:page_11, Data1_10_10872_index.pdf:page_3, Data1_10_10872_index.pdf:page_4, Data1_10_10872_index.pdf:page_5, Data1_1_1904_index.pdf:page_27, Налоговый кодекс Российской Федерации.pdf:page_284"
Какие нормы регулируют изменение и расторжение договора аренды лесного участка?,"Из предоставленного текста прямо указана норма:

- **Лесной кодекс РФ, статья 77.1 «Изменение и расторжение договора купли-продажи лесных насаждений»** — в тексте начинается раздел **«Статья 77.1. Изменение и расторжение договора купли-продажи лесных насаждений»** (но в фрагменте **нет** нормы именно про **договор аренды**).

Других норм про **изменение и расторжение договора аренды лесного участка** в приведённых выдержках **нет**.

**Ответ:** нет в документах (для договора аренды).","Гражданский кодекс Российской Федерации.pdf:page_237, Земельный кодекс Российской Федерации.pdf:page_41, Лесной кодекс Российской Федерации.pdf:page_0, Лесной кодекс Российской Федерации.pdf:page_18, Лесной кодекс Российской Федерации.pdf:page_2, Лесной кодекс Российской Федерации.pdf:page_57, Лесной кодекс Российской Федерации.pdf:page_58, Лесной кодекс Российской Федерации.pdf:page_60, Лесной кодекс Российской Федерации.pdf:page_61, Лесной кодекс Российской Федерации.pdf:page_63"
Почему никто не вправе извлекать преимущество из своего незаконного или недобросовестного поведения?,**Нет в документах.**,"Административный кодекс Российской Федерации.pdf:page_3, Гражданский кодекс Российской Федерации.pdf:page_0, Гражданский кодекс Российской Федерации.pdf:page_427, Гражданский процессуальный кодекс Российской Федерации.pdf:page_84, Уголовно-исполнительный кодекс Российской Федерации.pdf:page_2, Уголовный кодекс Российской Федерации.pdf:page_1, Уголовный кодекс Российской Федерации.pdf:page_11, Уголовный кодекс Российской Федерации.pdf:page_12, Уголовный кодекс Российской Федерации.pdf:page_140, Уголовный кодекс Российской Федерации.pdf:page_235"
Какие критерии используются для оценки доказательств?,"Для оценки доказательств используются критерии: **относимость, допустимость, достоверность каждого доказательства в отдельности**, а также **достаточность и взаимная связь доказательств в их совокупности**.","Административный кодекс Российской Федерации.pdf:page_517, Административный кодекс Российской Федерации.pdf:page_519, Арбитражный процессуальный кодекс Российской Федерации.pdf:page_170, Гражданский процессуальный кодекс Российской Федерации.pdf:page_174, Гражданский процессуальный кодекс Российской Федерации.pdf:page_25, Гражданский процессуальный кодекс Российской Федерации.pdf:page_28, Кодекс административного судопроизводства Российской Федерации.pdf:page_49, Уголовно-процессуальный кодекс Российской Федерации.pdf:page_55, Уголовно-процессуальный кодекс Российской Федерации.pdf:page_58, Уголовно-процессуальный кодекс Российской Федерации.pdf:page_64"
Какова правомочность общего собрания членов жилищного кооператива?,"В представленных фрагментах есть положения про **оформление решения общего собрания членов жилищного кооператива протоколом**, а также что **общее собрание избирает органы управления и органы контроля**.

Однако **конкретная “правомочность” (кворум/условия, при которых собрание правомочно принимать решения)** в предоставленном тексте **не указана**.

**Ответ: нет в документах.**","Гражданский кодекс Российской Федерации.pdf:page_70, Жилищный кодекс Российской Федерации.pdf:page_100, Жилищный кодекс Российской Федерации.pdf:page_102, Жилищный кодекс Российской Федерации.pdf:page_108, Жилищный кодекс Российской Федерации.pdf:page_109, Жилищный кодекс Российской Федерации.pdf:page_110, Жилищный кодекс Российской Федерации.pdf:page_112, Жилищный кодекс Российской Федерации.pdf:page_50, Жилищный кодекс Российской Федерации.pdf:page_91, Жилищный кодекс Российской Федерации.pdf:page_93"
Какие категории инвалидов могут заниматься в зале для общей физической подготовки согласно МДС 35-7.2000?,"В представленном фрагменте МДС 35-7.2000 прямо указано, что в зале ОФП (в тексте описан зал размером 24´12 м) выделены две зоны для физкультурно-оздоровительных занятий **инвалидов с поражением опорно-двигательного аппарата (ОДА)**.

Другие категории инвалидов для зала общей физической подготовки **в этом фрагменте не указаны**.","Data1_10_10847_index.pdf:page_1, Data1_10_10847_index.pdf:page_11, Data1_10_10847_index.pdf:page_2, Data1_10_10847_index.pdf:page_23, Data1_10_10847_index.pdf:page_24, Data1_10_10847_index.pdf:page_25, Data1_10_10847_index.pdf:page_26, Data1_10_10847_index.pdf:page_37, Data1_10_10847_index.pdf:page_38, Data1_10_10847_index.pdf:page_4"
В каком случае применяется метод оценки на основе вычитания стоимости согласно статье 22?,"В предоставленных фрагментах **нет текста статьи 22** и нет описания случая, когда применяется **метод оценки на основе вычитания стоимости**.  

**Ответ: нет в документах.**","Data1_2_2082_index.pdf:page_19, Data1_2_2082_index.pdf:page_20, Data1_2_2082_index.pdf:page_21, Налоговый кодекс Российской Федерации.pdf:page_1026, Налоговый кодекс Российской Федерации.pdf:page_105, Налоговый кодекс Российской Федерации.pdf:page_1385, Налоговый кодекс Российской Федерации.pdf:page_300, Налоговый кодекс Российской Федерации.pdf:page_850, Налоговый кодекс Российской Федерации.pdf:page_911, Таможенный кодекс Евразийского экономического союза.pdf:page_388"
Какие способы крепления и герметизации элементов светопропускающего заполнения фонарей должны обеспечивать независимость их температурных деформаций от несущих элементов согласно ГОСТ МДС 31-8.2002?,"Согласно тексту (п. **3.2.18**), способы крепления и герметизации элементов светопропускающего заполнения зенитных фонарей должны **обеспечивать независимость температурных деформаций этих элементов от несущих элементов**.","Data1_10_10846_index.pdf:page_10, Data1_10_10846_index.pdf:page_14, Data1_10_10846_index.pdf:page_18, Data1_10_10846_index.pdf:page_2, Data1_10_10846_index.pdf:page_20, Data1_10_10846_index.pdf:page_4, Data1_10_10846_index.pdf:page_6, Data1_10_10846_index.pdf:page_7, Data1_10_10846_index.pdf:page_8, Data1_10_10846_index.pdf:page_9"
Какой стандарт (ГОСТ) регламентирует площадь гранитной брусчатки?,нет в документах,"Data1_10_10846_index.pdf:page_3, Data1_10_10859_index.pdf:page_8, Data1_10_10865_index.pdf:page_17, Data1_11_11285_index.pdf:page_46, Data1_2_2076_index.pdf:page_9, Data1_2_2079_index.pdf:page_11, Data1_2_2079_index.pdf:page_12, Data1_2_2081_index.pdf:page_10, Data1_2_2081_index.pdf:page_15, Data1_2_2096_index.pdf:page_2"
"Как устанавливается порядок определения рыночной цены ценных бумаг, расчетной цены ценных бумаг, а также предельной границы колебаний рыночной цены?","В представленном фрагменте **есть частичная информация** о порядке определения **рыночной цены** и **расчетной цены** ценной бумаги, но **нет** сведений о порядке определения **предельной границы колебаний рыночной цены**.

Что следует из текста:

1) **Рыночная и расчетная цена ценной бумаги** определяются **в соответствии со статьей 280 НК РФ**:
- «В целях настоящей статьи рыночная цена и расчетная цена ценной бумаги определяются в соответствии со **статьей 280** настоящего Кодекса соответственно.»

2) **Когда применяется рыночная цена, а когда расчетная цена**:
- «В целях расчета процентов стоимость ценных бумаг, переданных по договору займа… принимается равной **рыночной цене** соответствующих ценных бумаг на дату заключения договора займа, а при **отсутствии рыночной цены — расчетной цене**.»

3) **Предельная граница колебаний рыночной цены**:
- **нет в документах** (в предоставленном тексте это не раскрыто).","Бюджетный кодекс Российской Федерации.pdf:page_182, Гражданский кодекс Российской Федерации.pdf:page_92, Налоговый кодекс Российской Федерации.pdf:page_103, Налоговый кодекс Российской Федерации.pdf:page_104, Налоговый кодекс Российской Федерации.pdf:page_1057, Налоговый кодекс Российской Федерации.pdf:page_1225, Налоговый кодекс Российской Федерации.pdf:page_293, Налоговый кодекс Российской Федерации.pdf:page_294, Налоговый кодекс Российской Федерации.pdf:page_747, Налоговый кодекс Российской Федерации.pdf:page_778"
"Какая доля ресурсов в группе составляет 44,02% для раствора товарного?","В предоставленных фрагментах есть только строка:

- **02.01.02 — Раствор товарный**: указаны **объем применения**, **стоимостная оценка** и **индексы**, но **доли ресурсов (44,02%)** в тексте **нет**.

Следовательно: **нет в документах**.","Data1_2_2079_index.pdf:page_17, Data1_2_2080_index.pdf:page_12, Data1_2_2080_index.pdf:page_13, Data1_2_2080_index.pdf:page_14, Data1_2_2080_index.pdf:page_25, Data1_2_2080_index.pdf:page_26, Data1_2_2080_index.pdf:page_28, Data1_2_2080_index.pdf:page_29, Data1_2_2080_index.pdf:page_30, Data1_2_2082_index.pdf:page_16"
"Что делать в тех регионах страны, в которых отсутствуют утвержденные в установленном порядке сборники ТЕРм?","В тех регионах страны, в которых отсутствуют утвержденные в установленном порядке сборники **ТЕРм**, при составлении сметной документации и расчетах за выполненные работы могут применяться **федеральные единичные расценки (ФЕРм)** с учетом их привязки к местным условиям строительства и **пересчета в текущий уровень цен** на потребляемые ресурсы путем применения **коэффициентов, учитывающих местные условия, и индексов** для перехода от цен **2000 г. к текущим ценам**.","Data1_10_10754_index.pdf:page_15, Data1_10_10754_index.pdf:page_16, Data1_10_10754_index.pdf:page_23, Data1_10_10754_index.pdf:page_31, Data1_10_10754_index.pdf:page_5, Data1_10_10754_index.pdf:page_9, Data1_10_10848_index.pdf:page_2, Data1_2_2076_index.pdf:page_1, Data1_2_2081_index.pdf:page_3, Data1_2_2117_index.pdf:page_1"
Какое место расположения объекта должно быть указано в техническом задании согласно СНиП 3.01.03-84?,"В предоставленном фрагменте есть раздел **«ТЕХНИЧЕСКОЕ ЗАДАНИЕ…»**, где указано:

**3. Местоположение объекта —**  
«**Местоположение объекта** … (по административному делению)»

То есть место расположения объекта в техническом задании должно быть указано **по административному делению**.","Data1_10_10859_index.pdf:page_5, Data1_10_10859_index.pdf:page_6, Data1_10_10865_index.pdf:page_30, Data1_11_11285_index.pdf:page_4, Data1_11_11285_index.pdf:page_68, Data1_11_11285_index.pdf:page_78, Data1_11_11295_index.pdf:page_10, Data1_2_2080_index.pdf:page_12, Data1_2_2080_index.pdf:page_33, Data1_2_2096_index.pdf:page_4"
"Какое наказание предусмотрено за незаконные добычу и оборот особо ценных диких животных и водных биологических ресурсов, совершенные лицом с использованием своего служебного положения?","В представленном фрагменте **указано наказание за незаконные приобретение или продажу особо ценных диких животных и водных биологических ресурсов** (в т.ч. через Интернет), но **не содержится** нормы, где прямо указано **совершение лицом с использованием своего служебного положения**.

По тексту есть следующее наказание (для состава “незаконные приобретение или продажа”):
- **принудительные работы на срок до 5 лет** со штрафом **от 500 000 до 1 500 000 рублей** (или в размере зарплаты/иного дохода за период, который в фрагменте обрывается).

Однако про “служебное положение” в приведённом тексте **нет**.

**Ответ: нет в документах.**","Административный кодекс Российской Федерации.pdf:page_118, Административный кодекс Российской Федерации.pdf:page_128, Административный кодекс Российской Федерации.pdf:page_130, Административный кодекс Российской Федерации.pdf:page_155, Уголовный кодекс Российской Федерации.pdf:page_171, Уголовный кодекс Российской Федерации.pdf:page_195, Уголовный кодекс Российской Федерации.pdf:page_200, Уголовный кодекс Российской Федерации.pdf:page_201, Уголовный кодекс Российской Федерации.pdf:page_202, Уголовный кодекс Российской Федерации.pdf:page_274"
Какие действия должен выполнить обслуживающий персонал согласно ГОСТ МДС 13-18.2000 при получении сигнала об аварийной обстановке?,"Согласно тексту раздела **«ПРИЛОЖЕНИЕ 4. ПОРЯДОК ДЕЙСТВИЯ ОБСЛУЖИВАЮЩЕГО ПЕРСОНАЛА ВНУТРИДОМОВОЙ СИСТЕМЫ ОТОПЛЕНИЯ В АВАРИЙНОЙ СИТУАЦИИ»** (ГОССТРОЙ РФ, МДС 13-18.2000), при получении сигнала об аварийной обстановке и указания необходимости опорожнения системы отопления обслуживающий персонал должен выполнить:

1. **Закрыть вводные задвижки** на **подающей** и **обратной** линиях теплового пункта.  
2. **Открыть арматуру на дренажной и воздушной линиях** (а также арматуру в тепловом пункте в нижних и верхних точках трубопроводов) и **опорожнить систему отопления и трубопровод теплового пункта**; при этом показания **манометров** на подающем и обратном трубопроводах должны быть **«нуль»**.  
3. **Опорожнить участок тепловой сети** между ближайшей к зданию камерой наружных тепловых сетей и тепловым пунктом, для чего:
   - **закрыть задвижки** на подающей и обратной магистралях на ответвлении к обслуживающему зданию;
   - **открыть дренажную арматуру** на подающей и обратной магистралях на ответвлении к обслуживаемому зданию;
   - **открыть воздушную арматуру** в верхних точках ответвления до теплового пункта и **убедиться в опорожнении** отключенного участка тепловой сети.

Примечание из текста: при закрывании вводных задвижек **сначала закрывают задвижку на подающей линии, затем — на обратной линии**.","Data1_10_10852_index.pdf:page_1, Data1_10_10852_index.pdf:page_27, Data1_10_10852_index.pdf:page_32, Data1_10_10861_index.pdf:page_34, Data1_10_10862_index.pdf:page_1, Data1_10_10871_index.pdf:page_12, Data1_10_10871_index.pdf:page_15, Data1_10_10871_index.pdf:page_16, Data1_11_11295_index.pdf:page_27, ПДД Российской Федерации.pdf:page_9"
Какие классы материалов представлены в Приложении 5 согласно ГОСТ?,"В предоставленном тексте раздел «К. Класс материалов» из **Приложения 5** перечисляет следующие классы материалов:

1) **Шпалы для железных дорог**  
2) **Изделия специального назначения для лотков, тоннелей, облицовок, камер**  
3) **Сборные бетонные изделия**  
4) **Бетоны, растворы**  
5) **Стеновые материалы (кроме бетона и железобетона)**  
6) **Гипсовые и гипсобетонные изделия**  
7) **Нерудные материалы**  
8) **Привозные материалы**  
9) **Металлические конструкции и изделия**  
10) **Алюминиевые конструкции и изделия**  
11) **Рулонные и полимерные материалы**  
12) **Стекло**  
13) **Вяжущие материалы**  
14) **Лакокрасочные материалы**  
15) **Трубы и изделия**  
16) **Сантехнические изделия**  
17) **Изделия для электротехнических работ**  

(Это именно те «К. Класс материалов», которые видны в фрагменте документа.)","Data1_10_10846_index.pdf:page_3, Data1_10_10846_index.pdf:page_5, Data1_11_11285_index.pdf:page_79, Data1_2_2075_index.pdf:page_17, Data1_2_2076_index.pdf:page_13, Data1_2_2079_index.pdf:page_10, Data1_2_2079_index.pdf:page_12, Data1_2_2079_index.pdf:page_15, Data1_2_2081_index.pdf:page_10, Data1_2_2081_index.pdf:page_11"
Какие элементы должны быть включены в договор на разработку градостроительной документации?,"В предоставленном фрагменте прямо сказано, что **заказчик выдает разработчику градостроительной документации задание на проектирование и вступает с ним в договорные отношения**, а **«основные требования к договору приведены в приложении 1»**.

Однако в самом фрагменте **перечень конкретных элементов договора** (какие именно условия и разделы он должен содержать) **не приведен** — есть ссылка на приложение, которого в тексте фрагмента нет.

��того по имеющемуся тексту:  
- **Задание на проектирование** должно прилагаться к договору (архитектурно-планировочное задание выдается соответствующими органами и прилагается к договору).  
- **Основные требования к договору** — указаны **в приложении 1**, но **в данном фрагменте не раскрыты**.

Ответ на вопрос «какие элементы должны быть включены в договор» по предоставленному тексту: **нет в документах** (кроме указания, что ключевые требования вынесены в приложение 1).","Data1_10_10851_index.pdf:page_5, Data1_10_10858_index.pdf:page_12, Data1_10_10858_index.pdf:page_9, Data1_10_10865_index.pdf:page_44, Data1_10_10866_index.pdf:page_10, Data1_1_1904_index.pdf:page_26, Data1_1_1904_index.pdf:page_27, Data1_1_1904_index.pdf:page_3, Data1_1_1904_index.pdf:page_4, Гражданский кодекс Российской Федерации.pdf:page_326"
Должны ли обеспечительные меры быть соразмерны заявленному требованию?,"Да. В тексте указано, что **меры предварительной защиты по административному иску должны быть соотносимы с заявленным требованием и соразмерны ему** (п. 4 ст. 85 КАС РФ).","Арбитражный процессуальный кодекс Российской Федерации.pdf:page_125, Арбитражный процессуальный кодекс Российской Федерации.pdf:page_43, Арбитражный процессуальный кодекс Российской Федерации.pdf:page_44, Гражданский кодекс Российской Федерации.pdf:page_207, Гражданский кодекс Российской Федерации.pdf:page_208, Гражданский кодекс Российской Федерации.pdf:page_542, Гражданский процессуальный кодекс Российской Федерации.pdf:page_55, Гражданский процессуальный кодекс Российской Федерации.pdf:page_56, Кодекс административного судопроизводства Российской Федерации.pdf:page_50, Уголовно-процессуальный кодекс Российской Федерации.pdf:page_34"
Какие действия допускаются общедоступными библиотеками и архивами при условии отсутствия цели извлечения прибыли?,"В тексте сказано, что **общедоступные библиотеки, а также архивы**, доступ к архивным документам которых не ограничен, **вправе без согласия автора или иного правообладателя и без выплаты вознаграждения**, но **с обязательным указанием имени автора и источника заимствования**, **создавать единичные копии**, в том числе в электронной форме, экземпляров произведений, **принадлежащих им и правомерно введенных в гражданский оборот**, **при отсутствии цели извлечения прибыли**, в целях:

1) **обеспечения сохранности и доступности для пользователей**:
- ветхих, изношенных, испорченных, дефектных экземпляров произведений;
- единичных и (или) редких экземпляров произведений, рукописей, выдача которых пользователям может привести к их утрате, порче или уничтожению;
- экземпляров произведений, записанных на машиночитаемых носителях, для пользования которыми отсутствуют необходимые средства;
- экземпляров произведений, имеющих исключительно научное и образовательное значение, при условии, что они не переиздав…","Гражданский кодекс Российской Федерации.pdf:page_160, Гражданский кодекс Российской Федерации.pdf:page_527, Гражданский кодекс Российской Федерации.pdf:page_530, Гражданский кодекс Российской Федерации.pdf:page_531, Гражданский кодекс Российской Федерации.pdf:page_618, Гражданский кодекс Российской Федерации.pdf:page_82, Налоговый кодекс Российской Федерации.pdf:page_1111, Налоговый кодекс Российской Федерации.pdf:page_1305, Налоговый кодекс Российской Федерации.pdf:page_1631, Налоговый кодекс Российской Федерации.pdf:page_954"
Что грозит за транспортировку древесины без оформленного сопроводительного документа для должностных лиц?,"За транспортировку древесины без оформленного в установленном лесным законодательством порядке сопроводительного документа для **должностных лиц** предусмотрено:

**административный штраф в размере от 30 000 до 50 000 рублей**  
с **конфискацией древесины и (или) транспортных средств**, являющихся орудием совершения административного правонарушения, **либо без таковой**.","Административный кодекс Российской Федерации.pdf:page_122, Административный кодекс Российской Федерации.pdf:page_124, Административный кодекс Российской Федерации.pdf:page_125, Административный кодекс Российской Федерации.pdf:page_130, Административный кодекс Российской Федерации.pdf:page_156, Административный кодекс Российской Федерации.pdf:page_288, Кодекс внутреннего водного транспорта Российской Федерации.pdf:page_65, Лесной кодекс Российской Федерации.pdf:page_27, Уголовный кодекс Российской Федерации.pdf:page_171, Уголовный кодекс Российской Федерации.pdf:page_201"
Какие соглашения об освобождении перевозчика от ответственности или уменьшении пределов его ответственности могут быть заключены по статье 175?,"По **статье 175** могут быть заключены (хотя и с ограничениями) **соглашения**:

1) **об освобождении перевозчика от ответственности**;  
2) **об уменьшении пределов его ответственности**.

**Важно:** если перевозка груза осуществляется на основании **коносамента** (коносамента, выданного в соответствии с чартером), который регулирует отношения между перевозчиком и **держателем коносамента, не являющимся фрахтователем**, то такое соглашение об освобождении/уменьшении **ничтожственно** (то есть не имеет силы).","Воздушный кодекс Российской Федерации.pdf:page_66, Кодекс внутреннего водного транспорта Российской Федерации.pdf:page_57, Кодекс внутреннего водного транспорта Российской Федерации.pdf:page_62, Кодекс торгового мореплавания Российской Федерации.pdf:page_64, Кодекс торгового мореплавания Российской Федерации.pdf:page_67, Кодекс торгового мореплавания Российской Федерации.pdf:page_70, Кодекс торгового мореплавания Российской Федерации.pdf:page_71, Кодекс торгового мореплавания Российской Федерации.pdf:page_72, Кодекс торгового мореплавания Российской Федерации.pdf:page_73, Кодекс торгового мореплавания Российской Федерации.pdf:page_99"
Какие действия предпринимаются при обнаружении неправильных показаний коммерческих средств и систем измерения согласно ГОСТ?,"Согласно приведенному в тексте фрагменту: **при обнаружении неправильных показаний коммерческих средств и систем измерения теплоснабжающая организация производит расчет расхода тепловой энергии и теплоносителя как для абонента, временно не имеющего приборного учета, с начала расчетного периода.**","Data1_10_10852_index.pdf:page_30, Data1_10_10861_index.pdf:page_29, Data1_10_10861_index.pdf:page_32, Data1_10_10870_index.pdf:page_10, Data1_10_10870_index.pdf:page_9, Data1_10_10871_index.pdf:page_11, Data1_11_11285_index.pdf:page_69, Data1_11_11285_index.pdf:page_75, Data1_11_11295_index.pdf:page_25, Налоговый кодекс Российской Федерации.pdf:page_560"
Какие документы подтверждают осуществление прав по ценным бумагам и налоговое резидентство физического лица?,"В приведённом фрагменте указано, что для камеральной/выездной проверки налоговый агент должен представить, в частности:

1) **Копии документов, подтверждающих государственную регистрацию и полное наименование организации**, осуществлявшей на дату, определённую решением российской организации о выплате дохода по ценным бумагам, **права по ценным бумагам** (в т.ч. права по ценным бумагам, удостоверяющим права в отношении акций российской организации).

2) **Для подтверждения налогового резидентства физического лица**:  
   **копии и оригиналы документов, подтверждающих права в отношении акций российской организации в интересах физического лица**, а также **документы, подтверждающие налоговое резидентство такого лица**.

Иных перечней/конкретных документов (например, какие именно справки/формы о резидентстве) в предоставленном тексте **нет**.","Налоговый кодекс Российской Федерации.pdf:page_1196, Налоговый кодекс Российской Федерации.pdf:page_1197, Налоговый кодекс Российской Федерации.pdf:page_1200, Налоговый кодекс Российской Федерации.pdf:page_1202, Налоговый кодекс Российской Федерации.pdf:page_14, Налоговый кодекс Российской Федерации.pdf:page_244, Налоговый кодекс Российской Федерации.pdf:page_733, Налоговый кодекс Российской Федерации.pdf:page_737, Налоговый кодекс Российской Федерации.pdf:page_790, Налоговый кодекс Российской Федерации.pdf:page_897"
Какие права имеет потерпевший по делу об административном правонарушении?,"В предоставленных фрагментах **нет перечня прав потерпевшего именно по делу об административном правонарушении**.

Есть частичная информация о правах **потерпевшего в уголовном судопроизводстве** (например, право знать о предъявленном обвинении, давать показания, отказаться свидетельствовать против себя и близких, представлять доказательства, заявлять ходатайства и отводы, пользоваться переводчиком, иметь представителя и др.), но **про административное правонарушение** в тексте прямо не указано.

**Ответ: нет в документах.**","Административный кодекс Российской Федерации.pdf:page_511, Кодекс административного судопроизводства Российской Федерации.pdf:page_198, Кодекс административного судопроизводства Российской Федерации.pdf:page_26, Кодекс административного судопроизводства Российской Федерации.pdf:page_3, Кодекс административного судопроизводства Российской Федерации.pdf:page_42, Кодекс административного судопроизводства Российской Федерации.pdf:page_9, Уголовно-процессуальный кодекс Российской Федерации.pdf:page_32, Уголовно-процессуальный кодекс Российской Федерации.pdf:page_33, Уголовно-процессуальный кодекс Российской Федерации.pdf:page_34, Уголовно-процессуальный кодекс Российской Федерации.pdf:page_35"
Какой код материала-представителя используется для укладки стильных труб с устройством компенсаторов согласно ГОСТ?,Для операции **«Укладка стильных труб с устройством компенсаторов»** в перечне указан **код материала-представителя: 241**.,"Data1_10_10846_index.pdf:page_5, Data1_2_2076_index.pdf:page_14, Data1_2_2079_index.pdf:page_12, Data1_2_2081_index.pdf:page_13, Data1_2_2081_index.pdf:page_14, Data1_2_2081_index.pdf:page_15, Data1_2_2081_index.pdf:page_16, Data1_2_2081_index.pdf:page_17, Data1_2_2081_index.pdf:page_18, Data1_2_2081_index.pdf:page_19"
Как оформляется решение о принудительном исполнении?,"Решение о принудительном исполнении оформляется следующим образом:

- подписывается государственным инспектором труда и заверяется печатью соответствующего территориального органа федерального органа исполнительной власти;
- оформляется как исполнительный документ в соответствии с требованиями законодательства об исполнительном производстве;
- в течение **трех рабочих дней** после дня принятия решения направляется работодателю заказным письмом с уведомлением либо в форме электронного документа, подписанного **усиленной квалифицированной электронной подписью**.","Арбитражный процессуальный кодекс Российской Федерации.pdf:page_158, Арбитражный процессуальный кодекс Российской Федерации.pdf:page_159, Арбитражный процессуальный кодекс Российской Федерации.pdf:page_213, Гражданский процессуальный кодекс Российской Федерации.pdf:page_181, Гражданский процессуальный кодекс Российской Федерации.pdf:page_47, Гражданский процессуальный кодекс Российской Федерации.pdf:page_49, Гражданский процессуальный кодекс Российской Федерации.pdf:page_85, Кодекс административного судопроизводства Российской Федерации.pdf:page_226, Трудовой кодекс Российской Федерации.pdf:page_230, Уголовно-процессуальный кодекс Российской Федерации.pdf:page_303"
Какие материалы могут быть списаны на основе ГЭСН?,"В предоставленном фрагменте **прямого ответа на вопрос “Какие материалы могут быть списаны на основе ГЭСН?” нет**.

Есть только фрагмент про то, что в ГЭСН предусмотрено применение лесоматериалов определённых пород (мягких пород — сосна, ель, пихта и т.п., а при использовании твёрдых пород нужны коэффициенты), но это **не про “списание” материалов**.

**Ответ: нет в документах**.","Data1_10_10062_index.pdf:page_5, Data1_10_10754_index.pdf:page_5, Data1_10_10848_index.pdf:page_3, Data1_10_10864_index.pdf:page_12, Data1_2_2073_index.pdf:page_3, Data1_2_2073_index.pdf:page_6, Data1_2_2082_index.pdf:page_16, Налоговый кодекс Российской Федерации.pdf:page_911, Налоговый кодекс Российской Федерации.pdf:page_936, Налоговый кодекс Российской Федерации.pdf:page_983"
Как утеплить окна без наплава согласно ГОСТ МДС 13-18.2000?,"В предоставленном фрагменте **нет ответа про утепление окон без наплава** по ГОСТ МДС 13-18.2000.

Есть лишь упоминание, что **в окнах без наплавов** в притворах, где петли отсутствуют, прокладки крепят к четвертям коробок, при этом широкие грани прокладок должны быть параллельны плоскости элемента (и описано расположение прокладок в притворах). Однако это **не является инструкцией по утеплению окон** и не содержит требований именно по ГОСТ МДС 13-18.2000.

**Частичный ответ из текста (про “без наплава”):** указано, как располагать и крепить **уплотняющие прокладки** в притворах окон без наплава.","Data1_10_10846_index.pdf:page_10, Data1_10_10846_index.pdf:page_9, Data1_10_10852_index.pdf:page_3, Data1_10_10852_index.pdf:page_4, Data1_10_10852_index.pdf:page_7, Data1_10_10861_index.pdf:page_18, Data1_10_10861_index.pdf:page_19, Data1_10_10861_index.pdf:page_20, Data1_10_10861_index.pdf:page_27, Data1_10_10861_index.pdf:page_5"
Какие требования к кровлям установлены СНиП II-26-76?,"В приведённом фрагменте **прямых требований к кровлям именно по СНиП II-26-76** нет.

Из текста можно извлечь только требования по **кровлям/чердакам в целом**, например:
- осмотр крыш с чердачного помещения с проверкой несущих конструкций, элементов инженерных систем, проходящих через кровлю;
- проверка вентиляции чердака: вентиляция через слуховые окна/продухи/коньки и карнизы должна быть достаточной, **площадь 1/300–1/500** площади чердачного перекрытия;
- наличие нужного температурно-влажностного режима: **температура воздуха на чердаке не ниже 12 °С**, недопустим подсос воздуха/нарушение герметичности;
- вентиляционные шахты/короба должны быть **герметичны и утеплены**;
- **не допускаются обрывы** вытяжных каналов (канализации/подвальных каналов) на чердаке;
- двери на чердак должны быть утеплены, с двух сторон обшиты кровельной сталью и закрываться на замок (ключи хранить определённым образом);
- по утеплителю должна быть защитная корка и проложены ходовые доски;
- не допускается коррозия поддона под вытяжной шахтой и протечки инженерных коммуникаций.

Но повторюсь: **связки “в СНиП II-26-76 установлены…” в тексте нет**, поэтому ответ в части требований “установлены СНиП II-26-76” сформулировать нельзя.","Data1_10_10846_index.pdf:page_3, Data1_10_10849_index.pdf:page_6, Data1_10_10852_index.pdf:page_37, Data1_10_10852_index.pdf:page_38, Data1_10_10852_index.pdf:page_40, Data1_10_10861_index.pdf:page_10, Data1_10_10861_index.pdf:page_41, Data1_10_10861_index.pdf:page_5, Data1_10_10861_index.pdf:page_9, Data1_10_10865_index.pdf:page_39"
Какой минимальный объем бюджетных ассигнований должен быть предусмотрен для Федерального дорожного фонда?,"В тексте указано, что **базовый объем бюджетных ассигнований Федерального дорожного фонда** устанавливается как **345 000 000,0 тыс. рублей** (с последующей индексацией на прогнозируемый уровень инфляции).

Итого: **345 000 000,0 тыс. рублей**.","Бюджетный кодекс Российской Федерации.pdf:page_131, Бюджетный кодекс Российской Федерации.pdf:page_136, Бюджетный кодекс Российской Федерации.pdf:page_201, Бюджетный кодекс Российской Федерации.pdf:page_287, Бюджетный кодекс Российской Федерации.pdf:page_290, Бюджетный кодекс Российской Федерации.pdf:page_291, Бюджетный кодекс Российской Федерации.pdf:page_312, Бюджетный кодекс Российской Федерации.pdf:page_318, Бюджетный кодекс Российской Федерации.pdf:page_338, Бюджетный кодекс Российской Федерации.pdf:page_344"
Какие условия должны быть соблюдены для временного вывоза транспортных средств с территории СЭЗ на остальную часть таможенной территории Союза?,"В предоставленном фрагменте условия для **временного вывоза транспортных средств с территории СЭЗ на остальную часть таможенной территории Союза** прямо сформулированы частично.

**Что указано в тексте:**
- Временно вывозимые **транспортные средства международной перевозки** вывозятся с таможенной территории Союза **без уплаты вывозных таможенных пошлин** (статья 276, пункт 1).

**Других условий в данном фрагменте (критерии/сроки/обязанности для временного вывоза с территории СЭЗ на остальную часть таможенной территории Союза) — нет в документах.**","Таможенный кодекс Евразийского экономического союза.pdf:page_162, Таможенный кодекс Евразийского экономического союза.pdf:page_220, Таможенный кодекс Евразийского экономического союза.pdf:page_223, Таможенный кодекс Евразийского экономического союза.pdf:page_224, Таможенный кодекс Евразийского экономического союза.pdf:page_336, Таможенный кодекс Евразийского экономического союза.pdf:page_498, Таможенный кодекс Евразийского экономического союза.pdf:page_500, Таможенный кодекс Евразийского экономического союза.pdf:page_501, Таможенный кодекс Евразийского экономического союза.pdf:page_504, Таможенный кодекс Евразийского экономического союза.pdf:page_505"
В какие сроки рассматривает представленный протокол заказчик согласно Методическим рекомендациям по процедуре подрядных торгов?,"Согласно приведенному в тексте фрагменту (раздел о принятии решения заказчиком): **«Заказчик - организатор торгов в недельный срок рассматривает представленный протокол… и принимает решение…»**.

Итого: **в течение 1 недели** с момента представления протокола.","Data1_10_10858_index.pdf:page_21, Data1_10_10865_index.pdf:page_1, Data1_10_10866_index.pdf:page_10, Data1_10_10866_index.pdf:page_5, Data1_10_10866_index.pdf:page_6, Data1_10_10867_index.pdf:page_3, Data1_10_10867_index.pdf:page_4, Гражданский кодекс Российской Федерации.pdf:page_262, Гражданский кодекс Российской Федерации.pdf:page_263, Земельный кодекс Российской Федерации.pdf:page_58"
Как формируются средние базисные цены по унифицированному перечню материальных ресурсов согласно ГОСТ?,"В приведенном фрагменте **нет информации** о том, как формируются **средние базисные цены** по унифицированному перечню материальных ресурсов “согласно ГОСТ”.

Упоминается лишь общий порядок расчета/использования базисных и текущих цен, индексов и ресурсных моделей (РТМ), а также ссылки на методические документы по расчету индексов и регистрации цен, но **конкретного описания формирования “средних базисных цен по унифицированному перечню… согласно ГОСТ” в тексте нет**.","Data1_10_10754_index.pdf:page_5, Data1_10_10864_index.pdf:page_4, Data1_2_2073_index.pdf:page_4, Data1_2_2075_index.pdf:page_3, Data1_2_2080_index.pdf:page_14, Data1_2_2080_index.pdf:page_24, Data1_2_2081_index.pdf:page_5, Data1_2_2081_index.pdf:page_8, Data1_2_2081_index.pdf:page_9, Data1_2_2117_index.pdf:page_10"
"Какие права имеют лица на ознакомление и уточнение информации, собранной таможенными органами?","В предоставленном фрагменте прямо говорится о правах **декларанта** на ознакомление и уточнение информации:

- **Декларант вправе знакомиться** с результатами исследований проб и (или) образцов, имеющимися в таможенных органах (в тексте: *«знакомиться с имеющимися в таможенных органах результатами исследований…»*).
- Также декларант вправе **привлекать экспертов** для уточнения сведений о декларируемых им товарах (в тексте: *«привлекать экспертов для уточнения сведений о декларируемых им товарах»*).

Других прав (кроме прав декларанта) на ознакомление и уточнение информации, собранной таможенными органами, **в данном фрагменте больше нет**.","Налоговый кодекс Российской Федерации.pdf:page_255, Таможенный кодекс Евразийского экономического союза.pdf:page_13, Таможенный кодекс Евразийского экономического союза.pdf:page_402, Таможенный кодекс Евразийского экономического союза.pdf:page_404, Таможенный кодекс Евразийского экономического союза.pdf:page_413, Таможенный кодекс Евразийского экономического союза.pdf:page_423, Таможенный кодекс Евразийского экономического союза.pdf:page_429, Таможенный кодекс Евразийского экономического союза.pdf:page_452, Таможенный кодекс Евразийского экономического союза.pdf:page_85, Таможенный кодекс Евразийского экономического союза.pdf:page_89"
Кто может установить дополнительные основания и условия предоставления отсрочки и рассрочки по уплате региональных и местных налогов?,"Дополнительные основания и иные условия предоставления отсрочки и рассрочки по уплате региональных и местных налогов могут быть установлены:

- **законами субъектов Российской Федерации** и  
- **нормативными правовыми актами представительных органов муниципальных образований**.","Административный кодекс Российской Федерации.pdf:page_597, Бюджетный кодекс Российской Федерации.pdf:page_128, Бюджетный кодекс Российской Федерации.pdf:page_58, Налоговый кодекс Российской Федерации.pdf:page_1323, Налоговый кодекс Российской Федерации.pdf:page_154, Налоговый кодекс Российской Федерации.pdf:page_155, Налоговый кодекс Российской Федерации.pdf:page_159, Налоговый кодекс Российской Федерации.pdf:page_160, Налоговый кодекс Российской Федерации.pdf:page_164, Таможенный кодекс Евразийского экономического союза.pdf:page_60"
Какие виды работ включают использование сборных бетонных блоков согласно ГОСТ?,"В предоставленном фрагменте **нет информации** о том, какие именно виды работ включают использование **сборных бетонных блоков** “согласно ГОСТ”.  

Упоминания про “сборные элементы оболочки”, контроль их установки и т.п. есть, но **конкретного перечня работ именно с сборными бетонными блоками по ГОСТ** в тексте нет.","Data1_10_10865_index.pdf:page_23, Data1_11_11285_index.pdf:page_55, Data1_1_1879_index.pdf:page_17, Data1_1_1879_index.pdf:page_25, Data1_1_1879_index.pdf:page_26, Data1_2_2075_index.pdf:page_15, Data1_2_2075_index.pdf:page_16, Data1_2_2079_index.pdf:page_10, Data1_2_2081_index.pdf:page_11, Data1_2_2081_index.pdf:page_13"
"Какие условия должны быть соблюдены для участников региональных инвестиционных проектов, чтобы продолжать применение пониженных налоговых ставок?","В предоставленных фрагментах прямо указано следующее условие для применения пониженных ставок участниками регионального инвестиционного проекта:

- **Выбранный способ определения налоговой базы** (раздельный порядок) **должен быть закреплен в учетной политике и не подлежит изменению** в течение срока действия статуса (для специальных инвестиционных контрактов в фрагменте это также отдельно указано как условие на весь срок контракта):  
  «*…выбранный способ определения налоговой базы должен быть закреплен в учетной политике и не подлежит изменению…*»

Кроме того, в тексте встречается требование **ведения раздельного учета** доходов (расходов):

- «*…при условии ведения раздельного учета доходов (расходов), полученных (понесенных) от деятельности, осуществляемой в рамках реализации указанного инвестиционного проекта, и доходов (расходов), полученных (понесенных) при осуществлении иной деятельности.*»

Других условий (кроме раздельного учета и неизменности выбранного способа в учетной политике) в данных фрагментах **не раскрыто**.

Ответ: **соблюдение раздельного учета и закрепление способа определения налоговой базы в учетной политике без изменения в период действия статуса**.","Налоговый кодекс Российской Федерации.pdf:page_1099, Налоговый кодекс Российской Федерации.pdf:page_1100, Налоговый кодекс Российской Федерации.pdf:page_1102, Налоговый кодекс Российской Федерации.pdf:page_1104, Налоговый кодекс Российской Федерации.pdf:page_1112, Налоговый кодекс Российской Федерации.pdf:page_1113, Налоговый кодекс Российской Федерации.pdf:page_1139, Налоговый кодекс Российской Федерации.pdf:page_1407, Налоговый кодекс Российской Федерации.pdf:page_57, Налоговый кодекс Российской Федерации.pdf:page_61"
"Какие данные должны быть указаны в реестре перевозочных документов, оформляемых при перевозках товаров, порожнего железнодорожного подвижного состава или контейнеров железнодорожным транспортом?","В предоставленном фрагменте указано, что реестры перевозочных документов (при определенных видах перевозок и для подтверждения обоснованности применения ставки 0%) должны **определять путь следования** и **содержать**:

- **номера перевозочных документов**;  
- **пункты отправления и назначения**;  
- **дату оказания услуг**;  
- **стоимость услуг по перевозке** пассажиров и багажа.  

Также в тексте сказано, что могут представляться **иные документы**, предусмотренные договорами с железными дорогами иностранных государств или международными договорами РФ.

**Для вопроса про перевозки товаров/порожнего железнодорожного подвижного состава/контейнеров** в вашем фрагменте данных нет (нет конкретизации состава реестра именно для этих случаев). Поэтому: **нет в документах**.","Воздушный кодекс Российской Федерации.pdf:page_57, Кодекс внутреннего водного транспорта Российской Федерации.pdf:page_43, Налоговый кодекс Российской Федерации.pdf:page_473, Налоговый кодекс Российской Федерации.pdf:page_474, Налоговый кодекс Российской Федерации.pdf:page_483, Таможенный кодекс Евразийского экономического союза.pdf:page_100, Таможенный кодекс Евразийского экономического союза.pdf:page_173, Таможенный кодекс Евразийского экономического союза.pdf:page_5, Таможенный кодекс Евразийского экономического союза.pdf:page_91, Таможенный кодекс Евразийского экономического союза.pdf:page_95"
Какие телефоны доступны для бесплатной юридической консультации в Санкт-Петербурге и Ленинградской области?,Для бесплатной юридической консультации в **Санкт-Петербурге и Ленинградской области** доступен телефон: **8 (812) 467-95-28**.,"Налоговый кодекс Российской Федерации.pdf:page_1336, Налоговый кодекс Российской Федерации.pdf:page_1344, Налоговый кодекс Российской Федерации.pdf:page_1345, Налоговый кодекс Российской Федерации.pdf:page_1346, Налоговый кодекс Российской Федерации.pdf:page_1347, Налоговый кодекс Российской Федерации.pdf:page_1348, Налоговый кодекс Российской Федерации.pdf:page_1349, Налоговый кодекс Российской Федерации.pdf:page_1352, Налоговый кодекс Российской Федерации.pdf:page_1353, Налоговый кодекс Российской Федерации.pdf:page_1354"
"Какое решение принимается, если оспариваемый ненормативный правовой акт, решение и действия (бездействие) не соответствуют закону?","Если установлено, что оспариваемый ненормативный правовой акт, решение и действия (бездействие) органов, осуществляющих публичные полномочия, должностных лиц **не соответствуют закону или иному нормативному правовому акту**, то суд принимает решение **по правилам главы 20** (в тексте дальше идет продолжение нормы, но в предоставленном фрагменте конкретная формулировка “какое именно” итоговое решение — отсутствует).","Арбитражный процессуальный кодекс Российской Федерации.pdf:page_101, Арбитражный процессуальный кодекс Российской Федерации.pdf:page_102, Арбитражный процессуальный кодекс Российской Федерации.pdf:page_104, Арбитражный процессуальный кодекс Российской Федерации.pdf:page_96, Гражданский кодекс Российской Федерации.pdf:page_6, Земельный кодекс Российской Федерации.pdf:page_161, Кодекс административного судопроизводства Российской Федерации.pdf:page_0, Кодекс административного судопроизводства Российской Федерации.pdf:page_108, Кодекс административного судопроизводства Российской Федерации.pdf:page_123, Кодекс административного судопроизводства Российской Федерации.pdf:page_49"
"Какие действия выполняет суд кассационной инстанции при извещении лиц, участвующих в деле, о передаче кассационных жалобы, представления?","В приведённом тексте сказано, что:

- **суд направляет лицам, участвующим в деле, копии** определения о передаче кассационной жалобы/представления **вместе с делом** для рассмотрения в Судебной коллегии Верховного Суда РФ, **а также копии кассационной жалобы/представления** (статья **291.10**, ч. 1);
- время рассмотрения назначается **с учетом того, чтобы лица, участвующие в деле, имели возможность явиться в судебное заседание** (статья **291.10**, ч. 1);
- **лица извещаются о времени и месте рассмотрения** (статья **291.10**, ч. 2) — в предоставленном фрагменте формулировка дальше обрезана.

Иных действий (кроме направления копий и извещения о времени/месте) в документах не указано.","Арбитражный процессуальный кодекс Российской Федерации.pdf:page_194, Арбитражный процессуальный кодекс Российской Федерации.pdf:page_197, Арбитражный процессуальный кодекс Российской Федерации.pdf:page_198, Гражданский процессуальный кодекс Российской Федерации.pdf:page_136, Гражданский процессуальный кодекс Российской Федерации.pdf:page_143, Гражданский процессуальный кодекс Российской Федерации.pdf:page_148, Кодекс административного судопроизводства Российской Федерации.pdf:page_209, Уголовно-процессуальный кодекс Российской Федерации.pdf:page_251, Уголовно-процессуальный кодекс Российской Федерации.pdf:page_252, Уголовно-процессуальный кодекс Российской Федерации.pdf:page_253"
Какая степень осушки газа должна быть указана согласно ГОСТ МДС-80-8.2000?,нет в документах,"Data1_10_10855_index.pdf:page_7, Data1_10_10865_index.pdf:page_13, Data1_10_10865_index.pdf:page_16, Data1_10_10865_index.pdf:page_21, Data1_11_11295_index.pdf:page_25, Data1_11_11295_index.pdf:page_27, Data1_11_11295_index.pdf:page_46, Data1_11_11295_index.pdf:page_6, Data1_2_2096_index.pdf:page_4, Налоговый кодекс Российской Федерации.pdf:page_595"
Какие министерства и ведомства утверждают ценники на технологическое оборудование предприятий легкой промышленности согласно ГОСТ МДС 81-8.2000?,"В представленном фрагменте **нет упоминаний про технологическое оборудование предприятий легкой промышленности** и нет перечня министерств/ведомств, которые утверждают ценники именно для этой отрасли по **ГОСТ/МДС 81-8.2000** (в тексте также встречается МДС 81-8.2000, но в отрывке приведены лишь общие положения и другие методические документы без нужного перечня).

**Ответ: нет в документах.**","Data1_10_10062_index.pdf:page_1, Data1_10_10754_index.pdf:page_3, Data1_10_10848_index.pdf:page_2, Data1_10_10848_index.pdf:page_6, Data1_10_10864_index.pdf:page_1, Data1_10_10864_index.pdf:page_21, Data1_10_10864_index.pdf:page_31, Data1_2_2075_index.pdf:page_1, Data1_2_2076_index.pdf:page_1, Data1_2_2079_index.pdf:page_1"
Какие категории инвалидов могут заниматься игрой мяч через шнур согласно МДС 35-7.2000?,"Согласно тексту, **игра “Мяч через шнур”** предназначена для **инвалидов с поражением ПОДА**, при этом указаны **ампутанты**.

То есть категории инвалидов: **инвалиды с ПОДА (ампутанты)**.","Data1_10_10847_index.pdf:page_10, Data1_10_10847_index.pdf:page_11, Data1_10_10847_index.pdf:page_15, Data1_10_10847_index.pdf:page_2, Data1_10_10847_index.pdf:page_24, Data1_10_10847_index.pdf:page_25, Data1_10_10847_index.pdf:page_32, Data1_10_10847_index.pdf:page_4, Data1_10_10847_index.pdf:page_7, Data1_10_10847_index.pdf:page_9"
Какие характеристики точек подключения временных сетей указаны в ГОСТ МДС-80-8.2000?,"В предоставленном фрагменте **нет упоминаний** ГОСТ МДС-80-8.2000 и **нет текста**, где перечисляются характеристики точек подключения временных сетей.  

**Ответ:** нет в документах","Data1_10_10754_index.pdf:page_24, Data1_10_10846_index.pdf:page_5, Data1_10_10855_index.pdf:page_6, Data1_10_10855_index.pdf:page_7, Data1_10_10865_index.pdf:page_21, Data1_10_10865_index.pdf:page_25, Data1_10_10865_index.pdf:page_7, Data1_11_11285_index.pdf:page_43, Data1_11_11295_index.pdf:page_44, Data1_11_11295_index.pdf:page_46"
Какие действия допускаются до вступления международных договоров в силу при перемещении товаров трубопроводным транспортом или по линиям электропередачи?,"В приведённом фрагменте указано следующее:

- **Ввоз на таможенную территорию Союза товаров, перемещаемых трубопроводным транспортом**, допускается **после их помещения под таможенные процедуры**, предусмотренные Кодексом, либо, **если это предусмотрено законодательством государств-членов**, — **после их таможенного декларирования в соответствии с таможенной процедурой**.

- **В отношении электрической энергии (товаров, перемещаемых по линиям электропередачи)**: **ввоз и вывоз допускаются до подачи таможенной декларации** таможенному органу.

При этом в вашем тексте **нет формулировки про действия “до вступления международных договоров в силу”** — поэтому по этой части точного ответа в документах найти не удалось.

**Ответ:**  
- Для трубопроводного транспорта: допуск ввоза после помещения под таможенные процедуры (или при наличии в законе государства-члена — после декларирования).  
- Для линий электропередачи: ввоз/вывоз допускаются до подачи таможенной декларации.  
- Про “до вступления международных договоров в силу” — **нет в документах**.","Налоговый кодекс Российской Федерации.pdf:page_461, Таможенный кодекс Евразийского экономического союза.pdf:page_1, Таможенный кодекс Евразийского экономического союза.pdf:page_119, Таможенный кодекс Евразийского экономического союза.pdf:page_13, Таможенный кодекс Евразийского экономического союза.pdf:page_173, Таможенный кодекс Евразийского экономического союза.pdf:page_359, Таможенный кодекс Евразийского экономического союза.pdf:page_360, Таможенный кодекс Евразийского экономического союза.pdf:page_362, Таможенный кодекс Евразийского экономического союза.pdf:page_510, Таможенный кодекс Евразийского экономического союза.pdf:page_91"
Какие меры принимаются при нарушениях стыков плит коробов и шахт согласно ГОСТ МДС 13-18.2000?,"Согласно приведенному фрагменту ГОСТ/МДС **13-18.2000** (в части ремонта коробов и шахт вентиляции):  

- **При нарушениях стыков плит коробов и шахт следует крепить их участками или целиком.**  
- **Крепление выполняют за счет установки каркаса из уголковой стали** вдоль ребер коробов и **поперечных планок через 0,7–1 м**.  
- **Каркас крепят к чердачному перекрытию анкерами.**  

В качестве возможного решения также указано: **при замене отдельных участков коробов можно использовать многопустотные гипсошлаковые плиты.**","Data1_10_10852_index.pdf:page_1, Data1_10_10852_index.pdf:page_12, Data1_10_10852_index.pdf:page_14, Data1_10_10852_index.pdf:page_15, Data1_10_10852_index.pdf:page_25, Data1_10_10852_index.pdf:page_9, Data1_10_10861_index.pdf:page_18, Data1_11_11285_index.pdf:page_50, Data1_11_11285_index.pdf:page_51, Data1_1_1879_index.pdf:page_21"
"Какие требования предъявляет ГОСТ МДС 17-13.2000 к протечкам кровельного покрытия (металлического, рулонного, безрулонного, мастичного, шиферного, черепичного)?","В предоставленном фрагменте документа **МДС 13-17.2000** (ГОССТРОЙ / ГУП АКХ) **нет раздела, где прямо перечислены требования ГОСТ/МДС к протечкам кровельного покрытия** для перечисленных типов кровли (металлического, рулонного, безрулонного, мастичного, шиферного, черепичного).

Единственное относящееся к протечкам по смыслу — встречается формулировка **«протечек кровельного покрытия»** как характерный дефект, но **конкретных нормативных требований (допуски/критерии “как должно быть при протечках”)** для разных видов кровли в данном тексте **не приведено**.

Итого: **нет в документах** (в данном предоставленном фрагменте) — требований именно к протечкам кровельного покрытия.","Data1_10_10861_index.pdf:page_1, Data1_10_10861_index.pdf:page_12, Data1_10_10861_index.pdf:page_14, Data1_10_10861_index.pdf:page_18, Data1_10_10861_index.pdf:page_22, Data1_10_10861_index.pdf:page_40, Data1_10_10861_index.pdf:page_41, Data1_10_10861_index.pdf:page_42, Data1_10_10865_index.pdf:page_39, Data1_2_2081_index.pdf:page_11"
Какие проекты бюджетных смет предложены законодательными (представительными) органами?,"В приведённом фрагменте документа говорится, что орган исполнительной власти (местная администрация) **представляет на рассмотрение и утверждение законодательного (представительного) органа проект закона (решения) о внесении изменений в закон (решение) о бюджете**, уточняющий показатели бюджета с учетом исполнения бюджета (ст. 191 БК РФ).  

Однако **конкретно какие “проекты бюджетных смет”** предложены законодательными (представительными) органами — **в тексте отсутствует**.","Бюджетный кодекс Российской Федерации.pdf:page_0, Бюджетный кодекс Российской Федерации.pdf:page_12, Бюджетный кодекс Российской Федерации.pdf:page_14, Бюджетный кодекс Российской Федерации.pdf:page_244, Бюджетный кодекс Российской Федерации.pdf:page_278, Бюджетный кодекс Российской Федерации.pdf:page_279, Бюджетный кодекс Российской Федерации.pdf:page_295, Бюджетный кодекс Российской Федерации.pdf:page_297, Бюджетный кодекс Российской Федерации.pdf:page_302, Бюджетный кодекс Российской Федерации.pdf:page_75"
Какие нормативные правовые акты регулируют организацию и осуществление государственного строительного надзора?,"В приведённом фрагменте указано, что **государственный строительный надзор** осуществляется в случаях, предусмотренных Градостроительным кодексом РФ, **в частности по статье 54** (“Статья 54. Государственный строительный надзор”).

Также в тексте есть общее указание, что **порядок проведения строительного контроля** устанавливается Правительством РФ (ст. 53), но это именно про *строительный контроль*, а не про *государственный строительный надзор*.

**Итого по вопросу:**  
- **Градостроительный кодекс Российской Федерации от 29.12.2004 № 190-ФЗ — статья 54 “Государственный строительный надзор”**.

Других нормативных правовых актов именно для организации и осуществления **государственного строительного надзора** в предоставленных фрагментах **нет в документах**.","Data1_1_1804_index.pdf:page_1, Data1_1_1804_index.pdf:page_8, Градостроительный кодекс Российской Федерации.pdf:page_0, Градостроительный кодекс Российской Федерации.pdf:page_174, Градостроительный кодекс Российской Федерации.pdf:page_176, Градостроительный кодекс Российской Федерации.pdf:page_177, Градостроительный кодекс Российской Федерации.pdf:page_21, Градостроительный кодекс Российской Федерации.pdf:page_22, Градостроительный кодекс Российской Федерации.pdf:page_27, Градостроительный кодекс Российской Федерации.pdf:page_7"
"Как исчисляются ввозные таможенные пошлины, налоги, специальные, антидемпинговые, компенсационные пошлины в случае помещения товаров под таможенные процедуры?","В приведённом фрагменте ответ есть не полностью, но по смыслу указано следующее (фрагменты относятся к случаям, когда при помещении/нахождении товаров под определённые таможенные процедуры обязанность по уплате возникает “как при выпуске для внутреннего потребления” и/или зависят ставки от дня регистрации деклараций):

1) **При наступлении определённых обстоятельств (в тексте далее перечисляются случаи)** ввозные таможенные пошлины, налоги, **специальные, антидемпинговые, компенсационные пошлины** подлежат уплате **“как если бы товары помещались под таможенную процедуру выпуска для внутреннего потребления”**, без применения тарифных преференций и льгот.

2) **Ставки для исчисления зависят от дня регистрации таможенным органом соответствующего документа**, в т.ч. указано, что применяются ставки:
- **действующие на день регистрации декларации** на товары (например, в контексте “свободного склада” — на день регистрации декларации, поданной для помещения товаров под эту процедуру; аналогично для случаев с заявлением о выпуске до подачи декларации);
- также встречается формулировка про применение ставок **на день регистрации таможенным органом заявления о выпуске товаров** в ситуации, когда выпуск был произведён до подачи декларации.

3) Если **таможенный орган не располагает точными сведениями о товарах**, то **база для исчисления** определяется **на основании имеющихся у таможенного органа сведений**, при этом **классификация осуществляется с учётом пункта 3 статьи 20 Кодекса**.

4) Если **код товара определён на уровне группировки менее 10 знаков**, то для расчёта применяются **наибольшие из ставок**:
- по **ввозным таможенным пошлинам** — наибольшая ставка, соответствующая товарам в этой группировке;
- по **налогам** — наибольшая ставка **НДС** и наибольшая ставка **акцизов** (соответствующая товарам в группировке с наибольшей из ставок ввозных пошлин);
- по **специальным, антидемпинговым, компенсационным пошлинам** — наибольшая из ставок, соответствующая товарам в группировке.

Если вы уточните **какую именно таможенную процедуру** имеете в виду (свободный склад, свободная таможенная зона, временный ввоз и т.п.) и **какое основание начисления** (недоставка, утрата, использование не по назначению и т.д.), я смогу точнее “собрать” ответ из ваших фрагментов.","Таможенный кодекс Евразийского экономического союза.pdf:page_111, Таможенный кодекс Евразийского экономического союза.pdf:page_159, Таможенный кодекс Евразийского экономического союза.pdf:page_179, Таможенный кодекс Евразийского экономического союза.pdf:page_236, Таможенный кодекс Евразийского экономического союза.pdf:page_252, Таможенный кодекс Евразийского экономического союза.pdf:page_253, Таможенный кодекс Евразийского экономического союза.pdf:page_255, Таможенный кодекс Евразийского экономического союза.pdf:page_263, Таможенный кодекс Евразийского экономического союза.pdf:page_352, Таможенный кодекс Евразийского экономического союза.pdf:page_98"
Какие требования к согласованию проектной документации с надзорными органами указаны в ГОСТ МДС-80-8.2000?,"В представленных фрагментах **МДС 80-8.2000** указано требование о согласовании проектной документации с органами государственного надзора в случае отступлений от норм:

- **п. 3.2.12**: «Согласование документации … а также **в случаях обоснованных отступлений от действующих норм, правил и стандартов**, в части этих отступлений **с органами государственного надзора и заинтересованными организациями**, утвердившими их».  

Других прямых требований именно к согласованию с надзорными органами в данном тексте фрагмента **нет**.","Data1_10_10849_index.pdf:page_1, Data1_10_10858_index.pdf:page_5, Data1_10_10865_index.pdf:page_1, Data1_10_10865_index.pdf:page_32, Data1_10_10869_index.pdf:page_1, Data1_11_11285_index.pdf:page_66, Data1_1_1904_index.pdf:page_1, Data1_1_1904_index.pdf:page_26, Data1_1_1904_index.pdf:page_27, Градостроительный кодекс Российской Федерации.pdf:page_118"
"Что происходит, если поданное заявление не соответствует требованиям частей пятой и шестой статьи 318?","Если поданное заявление не соответствует требованиям **частей пятой и шестой статьи 318** УПК РФ, то **мировой судья выносит постановление о возвращении заявления** лицу, его подавшему, с предложением привести заявление в соответствие с указанными требованиями и **устанавливает срок** для исправления.

Если это указание **не будет исполнено**, мировой судья **отказывает в принятии заявления к своему производству** и **уведомляет** об этом лицо, его подавшее.","Арбитражный процессуальный кодекс Российской Федерации.pdf:page_212, Гражданский процессуальный кодекс Российской Федерации.pdf:page_124, Гражданский процессуальный кодекс Российской Федерации.pdf:page_176, Гражданский процессуальный кодекс Российской Федерации.pdf:page_53, Гражданский процессуальный кодекс Российской Федерации.pdf:page_89, Гражданский процессуальный кодекс Российской Федерации.pdf:page_96, Кодекс административного судопроизводства Российской Федерации.pdf:page_103, Уголовно-процессуальный кодекс Российской Федерации.pdf:page_103, Уголовно-процессуальный кодекс Российской Федерации.pdf:page_207, Уголовно-процессуальный кодекс Российской Федерации.pdf:page_208"
Какие требования предъявляются к благоустройству и озеленению территории согласно ГОСТ МДС 11-7.2000?,"В предоставленном фрагменте **МДС 11-7.2000** прямо сформулированные требования **к благоустройству и озеленению территории** не приведены.

Есть **упоминание**, что в задании на проектирование должны быть отражены требования к:
- **благоустройству и озеленению территории** (в составе требований к разделам проекта/заданию).

Однако **конкретных требований по благоустройству и озеленению** (что именно предусматривать, какие элементы, нормы и т.п.) в приведённом тексте **нет**.

**Ответ:** *нет в документах* (по благоустройству и озеленению в данном фрагменте МДС 11-7.2000).","Data1_10_10847_index.pdf:page_4, Data1_10_10852_index.pdf:page_1, Data1_10_10859_index.pdf:page_1, Data1_10_10865_index.pdf:page_32, Data1_1_1904_index.pdf:page_1, Data1_1_1904_index.pdf:page_19, Data1_1_1904_index.pdf:page_21, Data1_1_1904_index.pdf:page_28, Data1_1_1904_index.pdf:page_30, Градостроительный кодекс Российской Федерации.pdf:page_26"
Какие данные о лесных декларациях должны быть представлены в системе?,"В предоставленном фрагменте указано, какие сведения о **лесных декларациях** должны быть представлены в системе:

- **наименование лица**, подавшего лесную декларацию  
  - и **его место нахождения** — для **юридического лица**;
- **фамилия, имя, отчество**, **данные документа, удостоверяющего личность** — для **индивидуального предпринимателя**;
- **номер и дата договора аренды или иного документа**, на основании которого подана декларация (в тексте: «номер и дата договора аренды или иного документа, в со…», продолжение обрывается).

Именно это перечислено в фрагменте.","Лесной кодекс Российской Федерации.pdf:page_1, Лесной кодекс Российской Федерации.pdf:page_29, Лесной кодекс Российской Федерации.pdf:page_30, Лесной кодекс Российской Федерации.pdf:page_32, Лесной кодекс Российской Федерации.pdf:page_33, Лесной кодекс Российской Федерации.pdf:page_46, Лесной кодекс Российской Федерации.pdf:page_76, Лесной кодекс Российской Федерации.pdf:page_85, Лесной кодекс Российской Федерации.pdf:page_86, Налоговый кодекс Российской Федерации.pdf:page_1472"
Что входит в обсуждение с работодателем вопросов о работе организации?,"В предоставленном тексте указано, что обсуждение с работодателем включает:

- **вопросы о работе организации**, в том числе **внесение предложений по ее совершенствованию**.","Трудовой кодекс Российской Федерации.pdf:page_121, Трудовой кодекс Российской Федерации.pdf:page_13, Трудовой кодекс Российской Федерации.pdf:page_14, Трудовой кодекс Российской Федерации.pdf:page_22, Трудовой кодекс Российской Федерации.pdf:page_27, Трудовой кодекс Российской Федерации.pdf:page_29, Трудовой кодекс Российской Федерации.pdf:page_36, Трудовой кодекс Российской Федерации.pdf:page_37, Трудовой кодекс Российской Федерации.pdf:page_47, Трудовой кодекс Российской Федерации.pdf:page_9"
Сколько касок должно быть у строительно-монтажного треста согласно Приложению 6 к СНиП 3.01.03-84?,"В предоставленном фрагменте текста Приложение 6 (нормы технического обеспечения строительнo-монтажных организаций для производства геодезических работ, пример) не содержит итогового числа касок для всего треста.

Есть только строка в таблице с **«Каска»** с формульным выражением (зависит от количества работников/управлений и т.п.), но нужные исходные значения (n, k, Н или общее число) в фрагменте не приведены, поэтому посчитать конкретное количество касок для треста по этому примеру невозможно.

**Ответ: нет в документах** (в данном фрагменте не указано общее число касок для строительно-монтажного треста).","Data1_10_10754_index.pdf:page_21, Data1_10_10754_index.pdf:page_22, Data1_10_10754_index.pdf:page_25, Data1_11_11285_index.pdf:page_81, Data1_11_11285_index.pdf:page_82, Data1_11_11293_index.pdf:page_1, Data1_2_2075_index.pdf:page_17, Data1_2_2079_index.pdf:page_17, Data1_2_2080_index.pdf:page_15, Data1_2_2081_index.pdf:page_8"
На каком сайте можно найти комментарии к статьям Налогового кодекса РФ?,Комментарии к статьям Налогового кодекса РФ можно найти на сайте **https://nkodeksrf.ru/**.,"Налоговый кодекс Российской Федерации.pdf:page_0, Налоговый кодекс Российской Федерации.pdf:page_15, Налоговый кодекс Российской Федерации.pdf:page_2, Налоговый кодекс Российской Федерации.pdf:page_251, Налоговый кодекс Российской Федерации.pdf:page_26, Налоговый кодекс Российской Федерации.pdf:page_263, Налоговый кодекс Российской Федерации.pdf:page_350, Налоговый кодекс Российской Федерации.pdf:page_353, Налоговый кодекс Российской Федерации.pdf:page_385, Налоговый кодекс Российской Федерации.pdf:page_93"
Какие требования предъявляются к описанию видов работ в разделе ведомостей физических объемов работ согласно ГОСТ МДС-80-8.2000?,"В приведённом фрагменте **ГОСТ/МДС-80-8.2000** (методические рекомендации МДС-80-8.2000) содержатся общие требования по составу технической части и примеры форм/структуры, однако **конкретных требований к описанию “видов работ” именно в разделе ведомостей физических объемов работ** (каким должно быть описание, какие реквизиты/формулировки/параметры обязательно указывать) в предоставленном тексте **нет**.

**Ответ: нет в документах.**","Data1_10_10754_index.pdf:page_3, Data1_10_10859_index.pdf:page_8, Data1_10_10865_index.pdf:page_1, Data1_10_10865_index.pdf:page_21, Data1_10_10865_index.pdf:page_22, Data1_10_10865_index.pdf:page_24, Data1_10_10865_index.pdf:page_32, Data1_10_10865_index.pdf:page_44, Data1_2_2079_index.pdf:page_18, Data1_2_2081_index.pdf:page_12"
"Какие действия предпринимаются, если уведомление не соответствует установленным параметрам?","Если уведомление о планируемом строительстве (планируемое строительство/реконструкция) **не соответствует установленным параметрам** или есть основания недопустимости размещения объекта, то уполномоченный орган после рассмотрения уведомления и документов совершает одно из следующих действий:

1) **принимает решение о сносе самовольной постройки** либо решение о сносе самовольной постройки/ее приведении в соответствие с установленными требованиями (в случаях, предусмотренных п. 4 ст. 222 ГК РФ);  
2) **обращается в суд** с иском о сносе самовольной постройки или ее приведении в соответствие с установленными требованиями;  
3) **направляет уведомление**, что признаки самовольной постройки **не усматриваются**, в орган, от которого поступило уведомление о выявлении самовольной постройки.","Административный кодекс Российской Федерации.pdf:page_401, Градостроительный кодекс Российской Федерации.pdf:page_158, Градостроительный кодекс Российской Федерации.pdf:page_159, Градостроительный кодекс Российской Федерации.pdf:page_160, Градостроительный кодекс Российской Федерации.pdf:page_161, Градостроительный кодекс Российской Федерации.pdf:page_188, Градостроительный кодекс Российской Федерации.pdf:page_189, Градостроительный кодекс Российской Федерации.pdf:page_190, Градостроительный кодекс Российской Федерации.pdf:page_255, Градостроительный кодекс Российской Федерации.pdf:page_264"
Что такое мошенничество при получении выплат согласно статье 159.2 УК РФ?,"В предоставленных фрагментах есть только начало статьи 159.2 УК РФ:

**Статья 159.2. Мошенничество при получении выплат** — это **хищение денежных средств или иного имущества при получении пособий, компенсаций, субсидий и иных социальных выплат**, установленных законами и иными нормативными правовыми актами, **путем представления за…** (дальше в тексте фрагмент обрывается).

Других подробностей (что именно означает «представления за…», признаки и состав) в ваших документах не приведено.","Уголовный кодекс Российской Федерации.pdf:page_108, Уголовный кодекс Российской Федерации.pdf:page_117, Уголовный кодекс Российской Федерации.pdf:page_3, Уголовный кодекс Российской Федерации.pdf:page_8, Уголовный кодекс Российской Федерации.pdf:page_84, Уголовный кодекс Российской Федерации.pdf:page_85, Уголовный кодекс Российской Федерации.pdf:page_86, Уголовный кодекс Российской Федерации.pdf:page_87, Уголовный кодекс Российской Федерации.pdf:page_88, Уголовный кодекс Российской Федерации.pdf:page_92"
Как определяется плановое положение подземных сетей на застроенной территории согласно СНиП 3.01.03-84?,"Плановое положение элементов подземной сети на застроенной территории определяется **путём съемки их точек одним из способов** (выбор способа указан в тексте), а именно:

- **способом линейных засечек** — не менее чем от трех точек;  
- **способом перпендикуляров** — длиной не более 4 м от линий, соединяющих точки съемочного обоснования/ходов/капитальной застройки и т.п.;  
- **полярным способом** — с пунктов опорной геодезической сети и/или съемочного обоснования (с указанием ограничений по расстояниям).

Также в тексте сказано, что при съемке точек подземной инженерной сети **в обязательном порядке выполняют контрольные измерения расстояний между точками**.","Data1_11_11285_index.pdf:page_11, Data1_11_11285_index.pdf:page_12, Data1_11_11285_index.pdf:page_16, Data1_11_11285_index.pdf:page_17, Data1_11_11285_index.pdf:page_4, Data1_11_11285_index.pdf:page_63, Data1_11_11285_index.pdf:page_64, Data1_11_11285_index.pdf:page_65, Data1_11_11285_index.pdf:page_69, Data1_11_11293_index.pdf:page_1"
Как устанавливается порядок организации работ и распределение средств в ГОСТ МДС 11-11.2000?,"В предоставленных фрагментах **нет информации о порядке организации работ и распределении средств в ГОСТ/МДС 11-11.2000**.

Есть фрагменты про:
- экологические требования,
- предмет контракта и общие положения по документации,
- расчеты сметной стоимости (коэффициенты, ФЕР и т.п.),
- другие документы (например, **МДС 11-7.2000**, **МДС 41-3.2000** и др.),
но **конкретного содержания про “МДС 11-11.2000” (и именно порядок организации работ и распределение средств) в тексте нет**.

**Ответ: нет в документах.**","Data1_10_10754_index.pdf:page_28, Data1_10_10754_index.pdf:page_3, Data1_10_10858_index.pdf:page_9, Data1_10_10864_index.pdf:page_12, Data1_10_10865_index.pdf:page_21, Data1_10_10865_index.pdf:page_32, Data1_10_10871_index.pdf:page_1, Data1_1_1879_index.pdf:page_12, Data1_1_1904_index.pdf:page_1, Data1_2_2082_index.pdf:page_5"
Какие виды ремонта должен выполнять отправитель плотов?,"В предоставленном фрагменте указан только начальный пункт: **«Статья 90. Обязанности отправителя плотов»**, и далее в тексте обрывается: **«Отправитель плотов обязан осуществлять: формирование плотов, вы…»**.

Из этого следует частичный ответ: отправитель плотов должен **формировать плоты**.

Другие виды ремонта в приведенном фрагменте не указаны.","Data1_1_1879_index.pdf:page_18, Data1_1_1879_index.pdf:page_19, Data1_1_1879_index.pdf:page_20, Data1_1_1879_index.pdf:page_21, Data1_1_1879_index.pdf:page_22, Data1_1_1879_index.pdf:page_26, Data1_1_1879_index.pdf:page_28, Data1_1_1879_index.pdf:page_29, Data1_1_1879_index.pdf:page_31, Кодекс внутреннего водного транспорта Российской Федерации.pdf:page_52"
Что означает знак 5.15.6?,"Знак **5.15.6 «Конец полосы»** — это **конец участка средней полосы на трехполосной дороге, предназначенного для движения в данном направлении**.","Административный кодекс Российской Федерации.pdf:page_177, Гражданский кодекс Российской Федерации.pdf:page_645, ПДД Российской Федерации.pdf:page_1, ПДД Российской Федерации.pdf:page_18, ПДД Российской Федерации.pdf:page_27, ПДД Российской Федерации.pdf:page_42, ПДД Российской Федерации.pdf:page_43, ПДД Российской Федерации.pdf:page_44, ПДД Российской Федерации.pdf:page_5, ПДД Российской Федерации.pdf:page_54"
Как проводится закрепление грунтов способом газовой силикатизации?,"В предоставленных фрагментах **нет описания способа газовой силикатизации** (как именно он выполняется и какая схема/технология применяется).

Есть только сведения о других методах силикатизации (в т.ч. однорастворной и двухкомпонентной), а также лабораторное закрепление/приборы и контроль качества, но **про “газовую силикатизацию” в тексте информация отсутствует**.

**Ответ:** нет в документах.","Data1_11_11295_index.pdf:page_2, Data1_11_11295_index.pdf:page_20, Data1_11_11295_index.pdf:page_25, Data1_11_11295_index.pdf:page_29, Data1_11_11295_index.pdf:page_31, Data1_11_11295_index.pdf:page_33, Data1_11_11295_index.pdf:page_34, Data1_11_11295_index.pdf:page_47, Data1_11_11295_index.pdf:page_5, Data1_11_11295_index.pdf:page_6"
"Какие меры принуждения могут быть применены к лицам, нарушающим порядок в судебном заседании?","В представленных фрагментах указано, что председательствующий в судебном заседании при нарушении порядка может применить меры процессуального принуждения в виде:

- **предупреждения**;
- **удаления нарушителя из зала судебного заседания** (на все время судебного заседания или его часть);
- **наложения судебного штрафа** (в порядке и размере, предусмотренных статьями 122 и 123 настоящего Кодекса).

Других мер принуждения именно за нарушение порядка в судебном заседании в приведенном тексте не указано.","Кодекс административного судопроизводства Российской Федерации.pdf:page_61, Кодекс административного судопроизводства Российской Федерации.pdf:page_62, Кодекс административного судопроизводства Российской Федерации.pdf:page_63, Кодекс административного судопроизводства Российской Федерации.pdf:page_85, Кодекс административного судопроизводства Российской Федерации.pdf:page_94, Уголовно-процессуальный кодекс Российской Федерации.pdf:page_132, Уголовно-процессуальный кодекс Российской Федерации.pdf:page_165, Уголовно-процессуальный кодекс Российской Федерации.pdf:page_192, Уголовно-процессуальный кодекс Российской Федерации.pdf:page_77, Уголовно-процессуальный кодекс Российской Федерации.pdf:page_83"
Какие обязанности могут быть незаконно возложены на заявителя?,"В предоставленных фрагментах **нет информации о том, какие именно обязанности могут быть незаконно возложены на заявителя**.","Административный кодекс Российской Федерации.pdf:page_54, Гражданский кодекс Российской Федерации.pdf:page_431, Гражданский кодекс Российской Федерации.pdf:page_453, Гражданский кодекс Российской Федерации.pdf:page_454, Кодекс административного судопроизводства Российской Федерации.pdf:page_118, Кодекс административного судопроизводства Российской Федерации.pdf:page_119, Кодекс административного судопроизводства Российской Федерации.pdf:page_26, Кодекс административного судопроизводства Российской Федерации.pdf:page_3, Кодекс административного судопроизводства Российской Федерации.pdf:page_32, Кодекс административного судопроизводства Российской Федерации.pdf:page_67"
Какие данные необходимы для определения потребности в воде и газе для коммунально-бытовых и промышленных нужд согласно ГОСТ МДС 11-7.2000?,"В предоставленном фрагменте **нет информации** о том, какие именно данные необходимы для определения потребности в **воде и газе** для коммунально-бытовых и промышленных нужд **согласно ГОСТ/МДС МДС 11-7.2000**.

Также в тексте встречаются другие нормы (про теплоснабжение, водный баланс, режимы теплопотребления, узлы учета и т.п.), но **они не содержат перечня данных по потребности в воде и газе** в формате, который относится к МДС 11-7.2000.","Data1_10_10852_index.pdf:page_21, Data1_10_10863_index.pdf:page_1, Data1_10_10865_index.pdf:page_10, Data1_10_10870_index.pdf:page_2, Data1_10_10870_index.pdf:page_3, Data1_10_10870_index.pdf:page_6, Data1_10_10871_index.pdf:page_3, Data1_10_10871_index.pdf:page_5, Data1_10_10871_index.pdf:page_6, Водный кодекс Российской Федерации.pdf:page_26"
Какие объекты проектирования указаны в таблице 4 согласно СНиП?,"В приведённых фрагментах **таблица 4 (с объектами проектирования)** отсутствует. Есть только фрагменты других таблиц и перечней (например, «Приложение 4», «Форма задания на проектирование», а также перечисления объектов типа «Хозяйственные корпуса больниц…», «Санатории…», «Музеи…», «Столовые, кафе…» и т.п.), но **именно “таблица 4” по СНиП в тексте не показана**.

**Ответ: нет в документах.**","Data1_10_10859_index.pdf:page_6, Data1_10_10865_index.pdf:page_15, Data1_11_11295_index.pdf:page_10, Data1_11_11835_index.pdf:page_19, Data1_11_11835_index.pdf:page_22, Data1_11_11835_index.pdf:page_25, Data1_11_11835_index.pdf:page_26, Data1_11_11835_index.pdf:page_30, Data1_11_11835_index.pdf:page_31, Data1_11_11835_index.pdf:page_5"
"Какие иные объекты, территории и зоны отображаются на картах?","На картах (в материалах по обоснованию схем территориального планирования РФ) помимо перечисленных объектов отображаются **иные объекты, территории и зоны, которые оказали влияние на определение планируемого размещения объектов федерального значения**, в том числе:

- **планируемые для размещения объекты регионального значения и объекты местного значения** (в соответствии с документами территориального планирования двух и более субъектов РФ, документами территориального планирования субъекта РФ, документами территориального планирования муниципальных образований);
- **особые экономические зоны**;
- **особо охраняемые природные территории** федерального, регионального, местного значения;
- **территории объектов культурного наследия**;
- **зоны с особыми условиями использования**.","Градостроительный кодекс Российской Федерации.pdf:page_36, Градостроительный кодекс Российской Федерации.pdf:page_39, Градостроительный кодекс Российской Федерации.pdf:page_40, Градостроительный кодекс Российской Федерации.pdf:page_50, Градостроительный кодекс Российской Федерации.pdf:page_56, Градостроительный кодекс Российской Федерации.pdf:page_58, Градостроительный кодекс Российской Федерации.pdf:page_75, Градостроительный кодекс Российской Федерации.pdf:page_85, Градостроительный кодекс Российской Федерации.pdf:page_86, Градостроительный кодекс Российской Федерации.pdf:page_87"
Какие права имеет юридическое лицо на доступ к материалам дела?,"В приведённом тексте указано общее право **лиц, участвующих в деле** знакомиться с материалами дела:

- **Статья 41. Права и обязанности лиц, участвующих в деле (АПК РФ)**: лица, участвующие в деле, имеют право **«знакомиться с материалами дела, делать выписки из них, снимать копии»**.

Так как юридическое лицо является одним из участников процесса (как сторона/третье лицо и т.п.), оно пользуется этим правом **в пределах своего статуса в деле**.","Арбитражный процессуальный кодекс Российской Федерации.pdf:page_20, Арбитражный процессуальный кодекс Российской Федерации.pdf:page_31, Арбитражный процессуальный кодекс Российской Федерации.pdf:page_35, Арбитражный процессуальный кодекс Российской Федерации.pdf:page_56, Гражданский кодекс Российской Федерации.pdf:page_20, Гражданский процессуальный кодекс Российской Федерации.pdf:page_16, Гражданский процессуальный кодекс Российской Федерации.pdf:page_18, Гражданский процессуальный кодекс Российской Федерации.pdf:page_23, Гражданский процессуальный кодекс Российской Федерации.pdf:page_28, Кодекс административного судопроизводства Российской Федерации.pdf:page_97"
Какой методический подход к оценке оферт установлен в ГОСТ МДС 80-3.2000?,"В ГОСТ МДС 80-3.2000 установлен **общий методический подход** к оценке оферт и выбору лучшего предложения из представленных на подрядные торги:  
- тендерному комитету **рекомендуется** по каждому предмету торгов **корректировать** методический подход и **конкретизировать оценочные показатели** с учетом специфики предмета и степени важности для заказчика.

Также в тексте указаны **два возможных метода оценки (методических подхода)** в зависимости от условий:
1) **балльная оценка** системы показателей;  
2) **экономическое соизмерение затрат и прибыли** путем расчета **величины приведенных затрат**;  
3) или **смешанная (балльно-экономическая) оценка** (комбинация).

Частный ответ по формулировке: базовая рекомендация — **балльная, экономическая (приведенные затраты) или смешанная (балльно-экономическая) оценка**.","Data1_10_10754_index.pdf:page_24, Data1_10_10864_index.pdf:page_4, Data1_10_10865_index.pdf:page_1, Data1_10_10865_index.pdf:page_44, Data1_10_10869_index.pdf:page_1, Data1_10_10869_index.pdf:page_2, Data1_10_10869_index.pdf:page_3, Data1_10_10869_index.pdf:page_4, Data1_10_10869_index.pdf:page_8, Data1_10_10872_index.pdf:page_1"
"Что влечет нарушение порядка и (или) сроков передачи налогоплательщиками сведений о произведенных расчетах при реализации товаров (работ, услуг, имущественных прав)?","Нарушение порядка и (или) сроков передачи налогоплательщиками сведений о произведенных расчетах при реализации товаров (работ, услуг, имущественных прав) **влечет взыскание штрафа в размере 20 процентов от суммы такого расчета**.  

**Те же деяния, совершенные повторно в течение шести месяцев, влекут взыскание штрафа в размере суммы такого расчета.**","Административный кодекс Российской Федерации.pdf:page_104, Административный кодекс Российской Федерации.pdf:page_304, Административный кодекс Российской Федерации.pdf:page_328, Налоговый кодекс Российской Федерации.pdf:page_1208, Налоговый кодекс Российской Федерации.pdf:page_355, Налоговый кодекс Российской Федерации.pdf:page_358, Налоговый кодекс Российской Федерации.pdf:page_361, Налоговый кодекс Российской Федерации.pdf:page_365, Налоговый кодекс Российской Федерации.pdf:page_366, Налоговый кодекс Российской Федерации.pdf:page_510"
Какие средства должны быть в портах для защиты окружающей среды?,"В тексте сказано, что **в портах должны быть средства для защиты окружающей среды, приема и обработки хозяйственно-бытовых и нефтесодержащих вод, других отходов**, а также **средства для осуществления работ по спасанию судов в пределах акватории порта и ликвидации пожаров**.","Водный кодекс Российской Федерации.pdf:page_29, Водный кодекс Российской Федерации.pdf:page_32, Водный кодекс Российской Федерации.pdf:page_35, Кодекс внутреннего водного транспорта Российской Федерации.pdf:page_38, Кодекс внутреннего водного транспорта Российской Федерации.pdf:page_67, Кодекс торгового мореплавания Российской Федерации.pdf:page_112, Кодекс торгового мореплавания Российской Федерации.pdf:page_115, Кодекс торгового мореплавания Российской Федерации.pdf:page_37, Кодекс торгового мореплавания Российской Федерации.pdf:page_42, Кодекс торгового мореплавания Российской Федерации.pdf:page_51"
Какие работы необходимо провести для ревизии и ремонта насосов согласно МДС 13-18.2000?,нет в документах,"Data1_10_10852_index.pdf:page_14, Data1_10_10852_index.pdf:page_21, Data1_10_10852_index.pdf:page_39, Data1_1_1879_index.pdf:page_19, Data1_1_1879_index.pdf:page_20, Data1_1_1879_index.pdf:page_21, Data1_1_1879_index.pdf:page_27, Data1_1_1879_index.pdf:page_28, Data1_1_1879_index.pdf:page_29, Data1_1_1879_index.pdf:page_30"
Как устанавливается минимальный размер взноса на капитальный ремонт?,"Минимальный размер взноса на капитальный ремонт устанавливается **нормативным правовым актом субъекта Российской Федерации** в соответствии с методическими рекомендациями, утвержденными уполномоченным Правительством РФ федеральным органом исполнительной власти, **в порядке, установленном законом субъекта РФ**. Он определяется **исходя из занимаемой общей площади помещения** собственника в многоквартирном доме и **может быть дифференцирован** по муниципальному образованию (с учетом типа и этажности дома, стоимости проведения работ и др.).","Data1_10_10861_index.pdf:page_36, Data1_1_1879_index.pdf:page_12, Градостроительный кодекс Российской Федерации.pdf:page_195, Жилищный кодекс Российской Федерации.pdf:page_121, Жилищный кодекс Российской Федерации.pdf:page_150, Жилищный кодекс Российской Федерации.pdf:page_151, Жилищный кодекс Российской Федерации.pdf:page_153, Жилищный кодекс Российской Федерации.pdf:page_157, Жилищный кодекс Российской Федерации.pdf:page_161, Жилищный кодекс Российской Федерации.pdf:page_167"
Из каких источников формируются бюджетные ассигнования дорожного фонда субъекта Российской Федерации?,"Бюджетные ассигнования дорожного фонда субъекта Российской Федерации формируются, в том числе, за счет:

- доходов бюджета субъекта Российской Федерации от **акцизов на автомобильный бензин, прямогонный бензин, дизельное топливо, моторные масла** для дизельных и (или) карбюраторных (инжекторных) двигателей, производимые на территории Российской Федерации (подлежащих зачислению в бюджет субъекта РФ);
- **транспортного налога**.","Data1_2_2070_index.pdf:page_13, Бюджетный кодекс Российской Федерации.pdf:page_132, Бюджетный кодекс Российской Федерации.pdf:page_283, Бюджетный кодекс Российской Федерации.pdf:page_286, Бюджетный кодекс Российской Федерации.pdf:page_287, Бюджетный кодекс Российской Федерации.pdf:page_289, Бюджетный кодекс Российской Федерации.pdf:page_290, Бюджетный кодекс Российской Федерации.pdf:page_291, Бюджетный кодекс Российской Федерации.pdf:page_317, Бюджетный кодекс Российской Федерации.pdf:page_333"
Что подразумевается под возвращенным жертвователю денежным эквивалентом недвижимого имущества и ценных бумаг?,"В приведённом тексте говорится про освобождение от налогообложения при **возврате жертвователю денежного эквивалента недвижимого имущества и (или) ценных бумаг**, переданных на пополнение целевого капитала НКО.

Однако **само определение**, что именно понимается под «денежным эквивалентом», в предоставленных фрагментах **не раскрыто** (нет указания, как именно он рассчитывается или чем подтверждается).

**Ответ:** нет в документах.","Гражданский кодекс Российской Федерации.pdf:page_277, Гражданский кодекс Российской Федерации.pdf:page_382, Гражданский кодекс Российской Федерации.pdf:page_440, Гражданский кодекс Российской Федерации.pdf:page_96, Налоговый кодекс Российской Федерации.pdf:page_393, Налоговый кодекс Российской Федерации.pdf:page_784, Налоговый кодекс Российской Федерации.pdf:page_815, Налоговый кодекс Российской Федерации.pdf:page_853, Налоговый кодекс Российской Федерации.pdf:page_912, Налоговый кодекс Российской Федерации.pdf:page_924"
Какие обосновывающие документы требуются для расчета командировочных расходов согласно ГОСТ МДС 81-7.2000?,"В предоставленных фрагментах **МДС 81-7.2000** для расчета командировочных расходов указано, что такие затраты подтверждаются:

- **расчетом** с учетом **стоимости проезда, проживания и суточных**.

Конкретного перечня дополнительных «обосновывающих документов» именно по командировкам (например, билеты, счета гостиницы, приказы, авансовые отчеты) в приведенном тексте **нет**.","Data1_10_10754_index.pdf:page_3, Data1_10_10864_index.pdf:page_15, Data1_2_2082_index.pdf:page_22, Data1_2_2082_index.pdf:page_23, Data1_2_2116_index.pdf:page_1, Data1_2_2116_index.pdf:page_10, Data1_2_2116_index.pdf:page_11, Data1_2_2116_index.pdf:page_5, Data1_2_2116_index.pdf:page_8, Data1_2_2116_index.pdf:page_9"
Как корректируются показатели затрат труда пусконаладочного персонала?,"В предоставленных фрагментах прямого ответа, **как именно корректируются показатели затрат труда пусконаладочного персонала**, нет.

Частичную связанную информацию можно извлечь из фрагмента про расчет **расчетного фонда оплаты труда (ФОТ)**: там указано, что при необходимости определения часового ФОТ “рекомендуется разработка прогноза часового ФОТ путем применения… поправочных коэффициентов” с опорой на динамику средней заработной платы. Однако это относится к **ФОТ**, а не напрямую к **затратам труда** (чел.-ч) пусконаладочного персонала, и в тексте не сказано, что такие же коэффициенты применяются к чел.-ч.

Итог: **нет в документах** (в части именно корректировки показателей затрат труда пусконаладочного персонала).","Data1_10_10864_index.pdf:page_10, Data1_10_10864_index.pdf:page_12, Data1_10_10864_index.pdf:page_15, Data1_10_10864_index.pdf:page_20, Data1_10_10864_index.pdf:page_25, Data1_10_10864_index.pdf:page_27, Data1_10_10864_index.pdf:page_28, Data1_10_10864_index.pdf:page_34, Data1_10_10864_index.pdf:page_5, Data1_10_10864_index.pdf:page_8"
Какова процедура назначения членов предварительной квалификационной комиссии согласно ГОСТ МДС 80-5.2000?,"В приведённом фрагменте **МДС 80-5.2000** указаны общие положения о предварительной квалификации и состав/содержание документации (приглашение, опросник, порядок подачи заявок при открытых/закрытых торгах), но **про процедуру назначения членов предварительной квалификационной комиссии** (кем назначаются, в каком порядке, кем утверждаются и т.п.) в тексте **нет**.

**Ответ:** нет в документах.","Data1_10_10858_index.pdf:page_9, Data1_10_10859_index.pdf:page_1, Data1_10_10862_index.pdf:page_1, Data1_10_10865_index.pdf:page_21, Data1_10_10867_index.pdf:page_1, Data1_10_10867_index.pdf:page_2, Data1_10_10867_index.pdf:page_7, Data1_10_10867_index.pdf:page_8, Data1_10_10872_index.pdf:page_1, Data1_2_2076_index.pdf:page_1"
Какие требования предъявляются к работе стеклоочистителей?,В предоставленном фрагменте **нет информации** о требованиях к работе стеклоочистителей (дворников).,"Data1_10_10852_index.pdf:page_18, Data1_10_10852_index.pdf:page_35, Data1_10_10855_index.pdf:page_1, Data1_10_10855_index.pdf:page_2, Data1_10_10861_index.pdf:page_32, Водный кодекс Российской Федерации.pdf:page_32, Градостроительный кодекс Российской Федерации.pdf:page_232, ПДД Российской Федерации.pdf:page_60, ПДД Российской Федерации.pdf:page_61, ПДД Российской Федерации.pdf:page_8"
Какие ГОСТы или СНиПы определяют составление сметной документации в текущих ценах?,"В представленном тексте прямо указаны требования по составлению сметной документации **в действующих (в текущих) ценах** через нормативные документы, но **конкретных “ГОСТ” или “СНиП” именно про “составление сметной документации в текущих ценах”** — в явном виде не названо.

Что в тексте есть по смыслу:

- В блоке про ГЭСН сказано: **«Сметно-техническая документация должна быть составлена по действующим ценам…»** (раздел 6.5 Указаний в тексте).
- Также в тексте приведено, что ГЭСН “соответствуют требованиям” документов:
  - **СНиП 10-01-94 «Система документов в строительстве. Основные положения»**
  - **СП 81-01-94** «Свод правил по определению стоимости строительства в составе предпроектной или проектно-сметной документации»

По ГЭСН прямо: про “текущие цены” говорится косвенно через “действующие цены”, но конкретной привязки “в текущих ценах” как требования в отдельной норме СНиП/ГОСТ в тексте не приведено.

**Ответ:**  
- **СНиП 10-01-94** (упоминается как требование к оформлению и построению сборников ГЭСН)  
- **СП 81-01-94** (упоминается как свод правил по определению стоимости строительства в составе предпроектной/проектно-сметной документации)  
- Отдельно требование “по действующим ценам” указано, но **конкретные ГОСТы/СНиП именно “про сметы в текущих ценах”** в тексте не названы.

Если нужно, могу извлечь точные цитаты строкой из соответствующего места текста.","Data1_10_10062_index.pdf:page_2, Data1_10_10848_index.pdf:page_3, Data1_10_10859_index.pdf:page_8, Data1_10_10864_index.pdf:page_4, Data1_10_10864_index.pdf:page_5, Data1_1_1879_index.pdf:page_10, Data1_2_2073_index.pdf:page_1, Data1_2_2075_index.pdf:page_1, Data1_2_2076_index.pdf:page_1, Data1_2_2082_index.pdf:page_2"
Что происходит в случае нарушения требований к инвестиционному соглашению?,"В предоставленном фрагменте **есть только общие нормы и статьи про недействительность договора и переговоры**, а также отдельные выдержки по **КоАП РФ** (например, об ответственности за нарушения порядка собраний и др.).

**Про “инвестиционное соглашение” именно как объект требований** — в вашем тексте **нет конкретной нормы**: какие именно требования нарушены, и **какие последствия** предусмотрены именно за нарушение требований к инвестиционному соглашению.

Ответ по вашему вопросу: **нет в документах**.","Data1_10_10851_index.pdf:page_6, Административный кодекс Российской Федерации.pdf:page_319, Административный кодекс Российской Федерации.pdf:page_322, Административный кодекс Российской Федерации.pdf:page_323, Административный кодекс Российской Федерации.pdf:page_339, Гражданский кодекс Российской Федерации.pdf:page_222, Гражданский кодекс Российской Федерации.pdf:page_227, Гражданский кодекс Российской Федерации.pdf:page_229, Гражданский кодекс Российской Федерации.pdf:page_237, Налоговый кодекс Российской Федерации.pdf:page_367"
Какая форма используется для предоставления информации о выплатах из средств компенсационного фонда?,"В предоставленном фрагменте указано лишь, что в числе сведений предусмотрены **“выплаты из компенсационного фонда саморегулируемой организации”** (“а) о выплатах из компенсационного фонда…”) — но **конкретная форма предоставления информации** об этих выплатах в тексте **не указана**.

**Ответ: нет в документах**.","Градостроительный кодекс Российской Федерации.pdf:page_203, Налоговый кодекс Российской Федерации.pdf:page_1195, Налоговый кодекс Российской Федерации.pdf:page_1196, Налоговый кодекс Российской Федерации.pdf:page_1624, Налоговый кодекс Российской Федерации.pdf:page_1654, Налоговый кодекс Российской Федерации.pdf:page_193, Налоговый кодекс Российской Федерации.pdf:page_219, Налоговый кодекс Российской Федерации.pdf:page_78, Налоговый кодекс Российской Федерации.pdf:page_819, Таможенный кодекс Евразийского экономического союза.pdf:page_517"
Какова сметная стоимость стекла матового полированного витринного по ГОСТ МДС 81-10.2000?,"В предоставленных фрагментах есть позиция **«Стекло матовое полированное витринное, м2»** с приведенными значениями **326,73 и 359,80** (строки формы расчета разницы/коэффициентов), но **нет данных о “сметной стоимости стекла матового полированного витринного по ГОСТ МДС 81-10.2000”** именно как итоговой сметной стоимости по ГОСТ/МДС 81-10.2000.

Также в таблице коэффициента пересчета сметной стоимости материалов для стекла отсутствует позиция именно **“стекло матовое полированное витринное”** (там видны, например, коды по стеклу оконному, но не витринное матовое).

**Итог: нет в документах** (в точной формулировке и с нужным источником ГОСТ/МДС 81-10.2000).","Data1_10_10754_index.pdf:page_24, Data1_10_10754_index.pdf:page_28, Data1_10_10846_index.pdf:page_5, Data1_2_2076_index.pdf:page_13, Data1_2_2076_index.pdf:page_14, Data1_2_2079_index.pdf:page_17, Data1_2_2080_index.pdf:page_14, Data1_2_2080_index.pdf:page_26, Data1_2_2080_index.pdf:page_29, Data1_2_2082_index.pdf:page_16"
Какие документы подтверждают полномочия ответственного участника?,"В тексте указано, что **для регистрации договора о создании консолидированной группы налогоплательщиков** ответственный участник представляет в налоговый орган:

- **подписанное уполномоченными лицами всех участников** заявление о регистрации договора;
- **два экземпляра** договора о создании консолидированной группы;
- **документы, подтверждающие выполнение условий**, предусмотренных **п. 2, 3 и 5 ст. 25.2 НК РФ**, **заверенные ответственным участником**.

Других документов именно для подтверждения **полномочий ответственного участника** в предоставленном фрагменте **нет в документах**.","Бюджетный кодекс Российской Федерации.pdf:page_340, Гражданский кодекс Российской Федерации.pdf:page_117, Гражданский процессуальный кодекс Российской Федерации.pdf:page_22, Гражданский процессуальный кодекс Российской Федерации.pdf:page_23, Кодекс административного судопроизводства Российской Федерации.pdf:page_37, Кодекс административного судопроизводства Российской Федерации.pdf:page_38, Кодекс административного судопроизводства Российской Федерации.pdf:page_39, Налоговый кодекс Российской Федерации.pdf:page_245, Налоговый кодекс Российской Федерации.pdf:page_46, Налоговый кодекс Российской Федерации.pdf:page_90"
"Какие штрафы предусмотрены для должностных лиц за нарушения, предусмотренные частью 1 статьи 6.34?","В представленных документах нет текста **статьи 6.34 КоАП РФ** и, соответственно, нет сведений о штрафах для должностных лиц по **части 1 статьи 6.34** — **«нет в документах»**.","Административный кодекс Российской Федерации.pdf:page_101, Административный кодекс Российской Федерации.pdf:page_105, Административный кодекс Российской Федерации.pdf:page_198, Административный кодекс Российской Федерации.pdf:page_207, Административный кодекс Российской Федерации.pdf:page_216, Административный кодекс Российской Федерации.pdf:page_307, Административный кодекс Российской Федерации.pdf:page_342, Административный кодекс Российской Федерации.pdf:page_52, Административный кодекс Российской Федерации.pdf:page_54, Уголовный кодекс Российской Федерации.pdf:page_233"
Какие требования предъявляет ПН-5-95 к состоянию дымоходов и вентиляционных каналов?,"В приведённом фрагменте **прямые требования ПН-5-95 к состоянию дымоходов и вентиляционных каналов отсутствуют**.

Есть только общий раздел-указание по нарушениям, где указано:
- **«КРЫШИ … Вентиляционные короба и шахты должны быть герметичны и утеплены; не допустимы обрывы вытяжных каналов …»**
- и в блоке по проверке: **«3.78 … Должны быть установлены …»** (это про трубы/части системы, не конкретно дымоходы и вентиляционные каналы).

Но **конкретно формулировки “требования ПН-5-95 к дымоходам и вентиляционным каналам” в тексте не приведены**.

**Ответ:** нет в документах.","Data1_10_10852_index.pdf:page_14, Data1_10_10852_index.pdf:page_19, Data1_10_10852_index.pdf:page_21, Data1_10_10852_index.pdf:page_26, Data1_10_10852_index.pdf:page_35, Data1_10_10852_index.pdf:page_37, Data1_10_10852_index.pdf:page_38, Data1_10_10861_index.pdf:page_10, Data1_10_10861_index.pdf:page_29, Data1_10_10861_index.pdf:page_9"
"Как определяется методика расчета стоимости строительства в валюте страны строительства в разделе 4 документа, регламентированного ГОСТом МДС 81-21.2000?","В предоставленном фрагменте **нет информации** о том, **как именно** определяется методика расчета стоимости строительства в валюте страны строительства **в разделе 4** документа, регламентированного ГОСТом/МДС **МДС 81-21.2000**.

Что есть в тексте (частично, но не про раздел 4 и не как методика):
- Указано, что в составе ТЭО/ТЭП определяются:
  - **«расчетная стоимость строительства во внутренних (базисных) ценах Российской Федерации, в валюте страны строительства и расчетных затрат российских организаций в смешанных ценах»**.
- Также сказано, что **«расчетная стоимость строительства в валюте страны строительства определяется в следующих случаях:»** (по предложению иностранного заказчика; при необходимости определения капиталовложений в валюте страны строительства и т.п.), и что она задается заданием на разработку ТЭО/ТЭП.
- Но **конкретной “методики расчета” из раздела 4** в приведенном тексте **нет**.

**Ответ:** нет в документах.","Data1_10_10754_index.pdf:page_3, Data1_10_10848_index.pdf:page_3, Data1_10_10848_index.pdf:page_8, Data1_2_2069_index.pdf:page_13, Data1_2_2069_index.pdf:page_2, Data1_2_2069_index.pdf:page_3, Data1_2_2075_index.pdf:page_1, Data1_2_2075_index.pdf:page_6, Data1_2_2082_index.pdf:page_14, Data1_2_2082_index.pdf:page_17"
"На какой основе осуществляются перевозки грузов, пассажиров и их багажа, буксировка судов и плавучих объектов, погрузка и выгрузка грузов, оказание услуг в речных портах?","Перевозки грузов, пассажиров и их багажа, буксировка судов и плавучих объектов, погрузка и выгрузка грузов, а также иная деятельность на внутренних водных путях осуществляются **в рамках судоходства**, которое определяется как деятельность, связанная с использованием на внутренних водных путях судов **для перевозок, включая операции по погрузке и выгрузке грузов и багажa, буксировку судов и плавучих объектов** (и др.).  

Про **оказание услуг в речных портах** в предоставленном фрагменте **прямо не сказано**.","Воздушный кодекс Российской Федерации.pdf:page_55, Гражданский кодекс Российской Федерации.pdf:page_330, Гражданский кодекс Российской Федерации.pdf:page_331, Гражданский кодекс Российской Федерации.pdf:page_332, Кодекс внутреннего водного транспорта Российской Федерации.pdf:page_0, Кодекс внутреннего водного транспорта Российской Федерации.pdf:page_1, Кодекс внутреннего водного транспорта Российской Федерации.pdf:page_5, Кодекс внутреннего водного транспорта Российской Федерации.pdf:page_51, Кодекс внутреннего водного транспорта Российской Федерации.pdf:page_58, Кодекс торгового мореплавания Российской Федерации.pdf:page_0"
Какие коэффициенты применяются к базовой цене проектирования театров для двух или более трупп согласно СНиП?,"В предоставленном фрагменте **нет сведений** о том, какие именно **коэффициенты к базовой цене проектирования театров** применяются **для двух или более трупп** согласно СНиП.  

Ответ: **нет в документах**.","Data1_10_10062_index.pdf:page_7, Data1_10_10754_index.pdf:page_21, Data1_10_10754_index.pdf:page_22, Data1_10_10864_index.pdf:page_19, Data1_10_10864_index.pdf:page_33, Data1_11_11835_index.pdf:page_12, Data1_11_11835_index.pdf:page_18, Data1_11_11835_index.pdf:page_26, Data1_11_11835_index.pdf:page_9, Data1_2_2075_index.pdf:page_6"
Кто осуществляет государственное регулирование деятельности в области государственной авиации?,"Государственное регулирование деятельности в области государственной авиации (за исключением проведения военно-врачебной экспертизы специалистов авиационного персонала государственной авиации и некоторых категорий лиц) осуществляется **уполномоченным органом в области обороны** (статья 25 ВК РФ, пункт 1).","Административный кодекс Российской Федерации.pdf:page_486, Воздушный кодекс Российской Федерации.pdf:page_0, Воздушный кодекс Российской Федерации.pdf:page_11, Воздушный кодекс Российской Федерации.pdf:page_39, Воздушный кодекс Российской Федерации.pdf:page_5, Воздушный кодекс Российской Федерации.pdf:page_54, Воздушный кодекс Российской Федерации.pdf:page_6, Воздушный кодекс Российской Федерации.pdf:page_67, Воздушный кодекс Российской Федерации.pdf:page_7, Воздушный кодекс Российской Федерации.pdf:page_9"
"Как можно подать исковое заявление, заявление, жалобу, представление и иные документы в арбитражный суд?","В документах указано, что **исковое заявление, заявление, жалоба, представление и иные документы могут быть поданы в суд на бумажном носителе или в электронном виде, в том числе в форме электронного документа**.

Также указано, что документы в электронном виде могут быть поданы участником процесса **через федеральную государственную информационную систему “Единый портал государственных и муниципальных услуг (функций)”** либо **через информационную систему, определенную Верховным Судом РФ или Судебным департаментом при Верховном Суде РФ**, либо **через системы электронного документооборота участников процесса с использованием единой системы межведомственного электронного взаимодействия**.","Арбитражный процессуальный кодекс Российской Федерации.pdf:page_1, Арбитражный процессуальный кодекс Российской Федерации.pdf:page_106, Арбитражный процессуальный кодекс Российской Федерации.pdf:page_168, Арбитражный процессуальный кодекс Российской Федерации.pdf:page_193, Арбитражный процессуальный кодекс Российской Федерации.pdf:page_2, Арбитражный процессуальный кодекс Российской Федерации.pdf:page_211, Арбитражный процессуальный кодекс Российской Федерации.pdf:page_66, Гражданский процессуальный кодекс Российской Федерации.pdf:page_1, Гражданский процессуальный кодекс Российской Федерации.pdf:page_51, Кодекс административного судопроизводства Российской Федерации.pdf:page_27"
Какие организации разработали этот документ? (ГОСТ),нет в документах,"Data1_10_10846_index.pdf:page_3, Data1_10_10846_index.pdf:page_5, Data1_10_10859_index.pdf:page_1, Data1_10_10861_index.pdf:page_1, Data1_10_10865_index.pdf:page_31, Data1_1_1804_index.pdf:page_1, Data1_1_1904_index.pdf:page_2, Data1_2_2069_index.pdf:page_1, Data1_2_2076_index.pdf:page_1, Data1_2_2096_index.pdf:page_1"
"В какие сроки лицо, лишенное специального права, должно сдать документы?","Лицо, лишенное специального права, должно сдать предусмотренные документ(ы) в течение **трех рабочих дней** со дня вступления в законную силу постановления о назначении административного наказания в виде лишения специального права (а при утрате — заявить об этом в тот же срок).","Административный кодекс Российской Федерации.pdf:page_18, Административный кодекс Российской Федерации.pdf:page_30, Административный кодекс Российской Федерации.pdf:page_32, Административный кодекс Российской Федерации.pdf:page_52, Административный кодекс Российской Федерации.pdf:page_575, Административный кодекс Российской Федерации.pdf:page_606, Кодекс административного судопроизводства Российской Федерации.pdf:page_160, Налоговый кодекс Российской Федерации.pdf:page_218, Трудовой кодекс Российской Федерации.pdf:page_45, Уголовно-исполнительный кодекс Российской Федерации.pdf:page_16"
В каких условиях применяется метод триангуляции согласно СНиП 3.01.03-84?,"В представленном фрагменте **нет прямого указания**, в каких именно условиях применяется **метод триангуляции** по **СНиП 3.01.03-84**.

Частично по смыслу встречается только общее упоминание, что:
- «в свободной сети **триангуляции** возникают условия…» (п. 3.66),  
- «в случае… координаты… некоторых центральных определяют **методом триангуляции или полигонометрии**» (п. 3.14),  
- «при уравнивании **триангуляции по углам**…» (п. 3.67),

но это **не отвечает на вопрос в формулировке про “условия применения метода триангуляции согласно СНиП 3.01.03-84”**.

**Ответ:** нет в документах (в части, относящейся к СНиП 3.01.03-84, именно “условия применения метода триангуляции” не приведены).","Data1_11_11285_index.pdf:page_11, Data1_11_11285_index.pdf:page_12, Data1_11_11285_index.pdf:page_13, Data1_11_11285_index.pdf:page_4, Data1_11_11285_index.pdf:page_7, Data1_11_11285_index.pdf:page_71, Data1_11_11285_index.pdf:page_74, Data1_11_11285_index.pdf:page_8, Data1_2_2069_index.pdf:page_2, Data1_2_2079_index.pdf:page_17"
"Какие значения для панели зданий до 3,5 м указаны в графиках относительных погрешностей согласно СНиП 3.01.03-84?","В предоставленном тексте **нет конкретных числовых значений** относительных погрешностей для **панельных зданий до 3,5 м** из графиков (они упомянуты как “ГРАФИКИ…”, но сами графики/табличные значения не приведены).

**Частично в тексте есть лишь ссылка:**  
“**1, 2 — для панели зданий соответственно до 6 и 3,5 м**” (в описании графиков), но **чисел нет**.

Итого: **нет в документах** (по числовым значениям для панели зданий до 3,5 м).","Data1_10_10861_index.pdf:page_18, Data1_10_10861_index.pdf:page_42, Data1_11_11285_index.pdf:page_19, Data1_11_11285_index.pdf:page_20, Data1_11_11285_index.pdf:page_74, Data1_11_11285_index.pdf:page_75, Data1_11_11285_index.pdf:page_79, Data1_11_11285_index.pdf:page_80, Data1_2_2079_index.pdf:page_12, Data1_2_2079_index.pdf:page_17"
Какие обязанности управляющего проектом описаны в ГОСТ МДС 80-2.2000?,"В приведённом фрагменте ГОСТ/МДС **МДС 13-15.2000** обязанности управляющего проектом в явном виде сформулированы в разделе **«3.2. В соответствии с главными задачами на управляющего проектом целесообразно возложить следующие обязанности…»**.

Описаны следующие обязанности:

- **3.2.1.** Участие в формировании портфеля заказов проектной организации, проводимых заказчиком тендерах (торгах) при размещении заказа на проектирование и строительство объектов.  
- **3.2.2.** Проведение маркетинговых исследований, участие в разработке и реализации маркетинговой стратегии проектной организации, в том числе:  
  - анализ рыночной ситуации с подготовкой предложений о предпочтительных направлениях в разработке и реализации продукции и услуг проектной организации;  
  - участие в подготовке рекламных материалов, представлении новых продукции и услуг на выставках, ярмарках, семинарах и пресс-конференциях (презентациях);  
  - участие в выработке фирменного стиля, закреплении положительного образа «марки фирмы» проектной организации.

**Другие обязанности в предоставленном тексте фрагмента не указаны.**","Data1_10_10858_index.pdf:page_11, Data1_10_10858_index.pdf:page_24, Data1_10_10858_index.pdf:page_4, Data1_10_10858_index.pdf:page_6, Data1_10_10858_index.pdf:page_7, Data1_10_10858_index.pdf:page_8, Data1_10_10858_index.pdf:page_9, Data1_10_10862_index.pdf:page_1, Data1_10_10872_index.pdf:page_5, Data1_1_1904_index.pdf:page_27"
Какие действия должен выполнить ответственный за безопасную эксплуатацию котельной согласно ГОСТ МДС 13-18.2000?,"В приведённом фрагменте текста **есть только общие сведения** о подготовке котельной и об обязанностях/организации работы персонала (наличие актов, проведение поверок, устранение неисправностей и т.п.), но **нет прямого перечня действий “ответственного за безопасную эксплуатацию котельной”** именно в формате ГОСТ/МДС **МДС 13-18.2000**.

Что можно указать из текста как частичный ответ (по подготовке и проверке готовности/эксплуатационной готовности котельной):
- обеспечить устранение неисправностей котлов, обмуровки, дымоходов, боровов, арматуры, автоматических регуляторов и контрольно-измерительных приборов (течи, трещины секций и т.д.);
- проверить/обеспечить исправность арматуры и соответствие оборудования проектным характеристикам, правильность установки;
- проверить наличие и исправность автоматических регуляторов и контрольно-измерительных приборов и **своевременность их метрологической поверки**;
- обеспечить готовность печных/дымоходных устройств и допускаемость к эксплуатации только исправных печей (фиксируется актом);
- по котельной на практике упоминается наличие акта техсостояния дымовой трубы и боровов, обеспечение котельной топливом на определённое число дней, наличие инструкции, вахтенного журнала, инструмента, аптечки и т.п.

**Но** конкретно: “Какие действия должен выполнить ответственный за безопасную эксплуатацию котельной согласно ГОСТ МДС 13-18.2000” — **в предоставленных фрагментах не указано**.

**Ответ:** нет в документах (в части прямого перечня действий именно ответственному за безопасную эксплуатацию котельной по МДС 13-18.2000).","Data1_10_10852_index.pdf:page_13, Data1_10_10852_index.pdf:page_14, Data1_10_10852_index.pdf:page_15, Data1_10_10852_index.pdf:page_27, Data1_10_10852_index.pdf:page_28, Data1_10_10852_index.pdf:page_32, Data1_10_10852_index.pdf:page_33, Data1_10_10852_index.pdf:page_37, Data1_10_10852_index.pdf:page_39, Data1_10_10862_index.pdf:page_1"
Какие органы исполнительной власти субъектов Российской Федерации осуществляют региональный государственный надзор в области технического состояния самоходных машин и других видов техники?,"В представленном тексте указаны должностные лица, осуществляющие надзор за техническим состоянием самоходных машин и других видов техники на уровне субъектов РФ:

- **главные государственные инженеры – инспектора субъектов Российской Федерации по надзору за техническим состоянием самоходных машин и других видов техники, их заместители**.","Административный кодекс Российской Федерации.pdf:page_139, Административный кодекс Российской Федерации.pdf:page_479, Административный кодекс Российской Федерации.pdf:page_482, Административный кодекс Российской Федерации.pdf:page_499, Административный кодекс Российской Федерации.pdf:page_554, Административный кодекс Российской Федерации.pdf:page_557, Градостроительный кодекс Российской Федерации.pdf:page_22, Градостроительный кодекс Российской Федерации.pdf:page_27, Налоговый кодекс Российской Федерации.pdf:page_1287, ПДД Российской Федерации.pdf:page_59"
Как уплачиваются взносы на капитальный ремонт собственниками нежилых помещений?,"В тексте указано, что **собственники нежилых помещений уплачивают взносы на капитальный ремонт на основании платежных документов**, которые **представляются уполномоченными лицами** (в том числе **в электронной форме, размещенными в системе**). Платежный документ содержит **расчет размеров взноса на предстоящий календарный год** и **представляется однократно в течение первого расчетного периода такого года**.  

Также указано, что **собственник нежилого помещения вправе оплатить такой платежный документ единовременно** — **в месяце, следующем за месяцем, в котором он был представлен** (если это предусмотрено нормативным правовым актом субъекта РФ).","Жилищный кодекс Российской Федерации.pdf:page_113, Жилищный кодекс Российской Федерации.pdf:page_121, Жилищный кодекс Российской Федерации.pdf:page_131, Жилищный кодекс Российской Федерации.pdf:page_153, Жилищный кодекс Российской Федерации.pdf:page_154, Жилищный кодекс Российской Федерации.pdf:page_157, Жилищный кодекс Российской Федерации.pdf:page_158, Жилищный кодекс Российской Федерации.pdf:page_167, Жилищный кодекс Российской Федерации.pdf:page_175, Жилищный кодекс Российской Федерации.pdf:page_181"
Какие показатели электроснабжения и электрооборудования указаны для фабрики массовой печати кинофильмов мощностью 150 млн. м пленки в год согласно СНиП?,"В приведенном фрагменте текста для **Таблицы 17 “Фабрика массовой печати кинофильмов” (мощностью 150 млн. м пленки/год)** указана только одна строка с базовой ценой разработки проектной документации, без расшифровки показателей по разделам.

Из показателей **электроснабжения и электрооборудования** в этом фрагменте **нет информации** — **нет в документах**.","Data1_10_10062_index.pdf:page_7, Data1_10_10754_index.pdf:page_22, Data1_10_10846_index.pdf:page_42, Data1_10_10865_index.pdf:page_13, Data1_10_10865_index.pdf:page_25, Data1_11_11835_index.pdf:page_10, Data1_11_11835_index.pdf:page_27, Data1_11_11835_index.pdf:page_28, Data1_2_2079_index.pdf:page_15, Data1_2_2096_index.pdf:page_3"
"Какие объекты относятся к объектам, указанным в пункте 5.1 статьи 6 настоящего Кодекса?","В предоставленных фрагментах **нет текста статьи 6 “настоящего Кодекса” с пунктом 5.1**, поэтому перечисление объектов из пункта 5.1 **отсутствует**.

Ответ: **нет в документах**.","Водный кодекс Российской Федерации.pdf:page_3, Гражданский кодекс Российской Федерации.pdf:page_519, Гражданский кодекс Российской Федерации.pdf:page_87, Гражданский кодекс Российской Федерации.pdf:page_88, Гражданский кодекс Российской Федерации.pdf:page_89, Гражданский кодекс Российской Федерации.pdf:page_92, Земельный кодекс Российской Федерации.pdf:page_3, Лесной кодекс Российской Федерации.pdf:page_99, Налоговый кодекс Российской Федерации.pdf:page_949, Таможенный кодекс Евразийского экономического союза.pdf:page_244"
"Какие страны, кроме Афганистана, упоминаются в тексте?","В приведённом тексте, кроме **Афганистана**, **упоминаются**:

- **Российская Федерация** (Россия)  
- **Евразийский экономический союз** (как объединение)  
- **страна, в которой решение было принято** (без конкретного названия)  
- **государства-члены** (без конкретных названий)  
- **перечень государств и территорий** (без перечисления конкретных стран)  
- **иностранные государства** (в общем виде)  

**Конкретные страны, кроме Афганистана, не перечислены.**","Административный кодекс Российской Федерации.pdf:page_519, Бюджетный кодекс Российской Федерации.pdf:page_365, Гражданский кодекс Российской Федерации.pdf:page_481, Гражданский кодекс Российской Федерации.pdf:page_482, Гражданский кодекс Российской Федерации.pdf:page_522, Гражданский процессуальный кодекс Российской Федерации.pdf:page_170, Земельный кодекс Российской Федерации.pdf:page_185, Налоговый кодекс Российской Федерации.pdf:page_655, Таможенный кодекс Евразийского экономического союза.pdf:page_9, Уголовный кодекс Российской Федерации.pdf:page_149"
Какой коэффициент-дефлятор применяется к налоговой ставке на антрацит?,"К антрациту в тексте указано: налоговая ставка **47 рублей за 1 тонну добытого антрацита** умножается на **коэффициент-дефлятор**, который устанавливается **по данному виду угля ежеквартально на каждый следующий квартал** и учитывает изменение цен на уголь за предыдущий квартал.

Само числовое значение коэффициента-дефлятора в предоставленном фрагменте **не приведено**.","Налоговый кодекс Российской Федерации.pdf:page_1250, Налоговый кодекс Российской Федерации.pdf:page_1252, Налоговый кодекс Российской Федерации.pdf:page_1393, Налоговый кодекс Российской Федерации.pdf:page_1396, Налоговый кодекс Российской Федерации.pdf:page_1402, Налоговый кодекс Российской Федерации.pdf:page_1420, Налоговый кодекс Российской Федерации.pdf:page_1421, Налоговый кодекс Российской Федерации.pdf:page_1433, Налоговый кодекс Российской Федерации.pdf:page_1435, Налоговый кодекс Российской Федерации.pdf:page_670"
Что такое хранение вещей с обезличением по статье 890 ГК РФ?,"В статье 890 ГК РФ **«Хранение вещей с обезличением»** указано, что **в случаях, прямо предусмотренных договором хранения**, вещи **одного поклажедателя** могут быть **смешаны** с вещами **других поклажедателей** **того же рода и качества**.  

При этом **поклажедателю возвращается равное или обусловленное сторонами количество вещей того же рода и качества**.","Гражданский кодекс Российской Федерации.pdf:page_135, Гражданский кодекс Российской Федерации.pdf:page_371, Гражданский кодекс Российской Федерации.pdf:page_372, Гражданский кодекс Российской Федерации.pdf:page_373, Гражданский кодекс Российской Федерации.pdf:page_375, Гражданский кодекс Российской Федерации.pdf:page_377, Гражданский кодекс Российской Федерации.pdf:page_381, Гражданский кодекс Российской Федерации.pdf:page_89, Таможенный кодекс Евразийского экономического союза.pdf:page_106, Таможенный кодекс Евразийского экономического союза.pdf:page_440"
Какие расходы включаются в подпункте 1 пункта 1 статьи 44?,"В приведённом тексте **нет информации**, что именно включается в **подпункте 1 пункта 1 статьи 44** (там виден только фрагмент статьи 44, где указано, что основа для расчетной стоимости определяется путем сложения, и начинается перечисление, но конкретный подпункт 1 целиком в фрагменте не раскрыт).

Поэтому: **нет в документах**.","Data1_2_2116_index.pdf:page_8, Налоговый кодекс Российской Федерации.pdf:page_1483, Налоговый кодекс Российской Федерации.pdf:page_1525, Налоговый кодекс Российской Федерации.pdf:page_861, Налоговый кодекс Российской Федерации.pdf:page_935, Налоговый кодекс Российской Федерации.pdf:page_936, Налоговый кодекс Российской Федерации.pdf:page_943, Налоговый кодекс Российской Федерации.pdf:page_971, Налоговый кодекс Российской Федерации.pdf:page_982, Таможенный кодекс Евразийского экономического союза.pdf:page_45"
На какие транспортные средства устанавливаются проблесковые маячки желтого или оранжевого цвета?,"Проблесковые маячки **желтого или оранжевого цвета** устанавливаются на следующих транспортных средствах:

- на транспортных средствах, выполняющих **работы по строительству, ремонту или содержанию дорог**;
- на транспортных средствах при **погрузке поврежденных, неисправных и перемещаемых транспортных средств**;
- на **крупногабаритных транспортных средствах** и на транспортных средствах, осуществляющих перевозки **взрывчатых, легковоспламеняющихся, радиоактивных веществ и ядовитых веществ высокой степени опасности**;
- на транспортных средствах, осуществляющих **сопровождение тяжеловесных и (или) крупногабаритных транспортных средств**;
- на транспортных средствах, осуществляющих **перевозки опасных грузов**;
- на транспортных средствах, осуществляющих **сопровождение организованных групп велосипедистов** при проведении **тренировочных мероприятий** на автомобильных дорогах общего пользования.","Административный кодекс Российской Федерации.pdf:page_186, ПДД Российской Федерации.pdf:page_12, ПДД Российской Федерации.pdf:page_29, ПДД Российской Федерации.pdf:page_3, ПДД Российской Федерации.pdf:page_51, ПДД Российской Федерации.pdf:page_54, ПДД Российской Федерации.pdf:page_56, ПДД Российской Федерации.pdf:page_58, ПДД Российской Федерации.pdf:page_60, ПДД Российской Федерации.pdf:page_62"
"В каких случаях протокол об административном правонарушении не составляется, а постановление выносится без участия лица, в отношении которого возбуждено дело?","В приведенном фрагменте сказано следующее:

- **Протокол об административном правонарушении не составляется**, а **постановление выносится без участия лица**, в отношении которого возбуждено дело, **в случаях, указанных в части 4 статьи 28.6** (в тексте далее идет перечисление оснований).  

Также в тексте прямо указано, что:
- постановление выносится **без участия указанного лица** и оформляется **в порядке, предусмотренном статьей 29.10 настоящего Кодекса**.

Конкретные основания из части 4 статьи 28.6 в вашем фрагменте **не приведены полностью** (видно только начало: «В случае выявления административного правонарушения…»), поэтому перечислить все случаи точно по данному фрагменту невозможно.

**Частичный ответ из текста:** не составляется протокол и выносится постановление без участия лица — когда так предусмотрено **частью 4 статьи 28.6 КоАП РФ** (причина — дело рассматривается без участия лица по правилам ст. 29.10).  

Если пришлете полный фрагмент **части 4 статьи 28.6**, я смогу точно перечислить все конкретные случаи.","Административный кодекс Российской Федерации.pdf:page_508, Административный кодекс Российской Федерации.pdf:page_516, Административный кодекс Российской Федерации.pdf:page_527, Административный кодекс Российской Федерации.pdf:page_567, Административный кодекс Российской Федерации.pdf:page_568, Административный кодекс Российской Федерации.pdf:page_589, Административный кодекс Российской Федерации.pdf:page_596, Административный кодекс Российской Федерации.pdf:page_597, Арбитражный процессуальный кодекс Российской Федерации.pdf:page_105, Арбитражный процессуальный кодекс Российской Федерации.pdf:page_107"
"Кто принимает окончательное решение в случае разногласий между заказчиком проекта, генпроектировщиком объекта и органами, выдающими технические условия и участвующими в согласовании задания?","Окончательное решение в случае разногласий между заказчиком проекта, генпроектировщиком объекта и органами, выдающими технические условия и участвующими в согласовании задания, принимает **Территориальное управление Минстроя России в Чеченской Республике** с участием при рассмотрении спорных вопросов заинтересованных сторон.","Data1_10_10858_index.pdf:page_3, Data1_10_10858_index.pdf:page_6, Data1_10_10858_index.pdf:page_7, Data1_10_10858_index.pdf:page_9, Data1_10_10859_index.pdf:page_4, Data1_10_10859_index.pdf:page_6, Data1_11_11285_index.pdf:page_78, Data1_1_1804_index.pdf:page_1, Data1_1_1904_index.pdf:page_24, Градостроительный кодекс Российской Федерации.pdf:page_133"
Каковы коэффициенты к минимальной заработной плате для нарушений категории «Б» согласно ГОСТ МДС 17-13.2000?,"В предоставленном фрагменте приведены **финансовые санкции** по нарушениям содержания и использования жилищного фонда, но **конкретного ГОСТ/МДС 17-13.2000 и перечня “категории Б” с коэффициентами именно “к минимальной заработной плате”** в тексте нет.

Однако **частично** по категории **«Б»** в таблице указано следующее:

- **Б. “Нарушение температурно-влажностного режима подвалов и технических подполий… наличие конденсата и плесени…”**
  - **коэффициент к минимальной заработной плате: 1,2**
  - (в тексте также указан порядок начисления: “за каждый день невыполнения требований предписания” — 0,75, но это не “коэффициент к МЗП”, а отдельная колонка таблицы)

Других значений коэффициента для категории «Б» в данном фрагменте **нет**.

**Итого по фрагменту:** для нарушения категории «Б» коэффициент к минимальной заработной плате — **1,2**.","Data1_10_10754_index.pdf:page_22, Data1_10_10754_index.pdf:page_3, Data1_10_10861_index.pdf:page_37, Data1_10_10861_index.pdf:page_38, Data1_10_10864_index.pdf:page_19, Data1_10_10864_index.pdf:page_33, Data1_10_10864_index.pdf:page_34, Data1_10_10869_index.pdf:page_5, Data1_2_2116_index.pdf:page_10, Трудовой кодекс Российской Федерации.pdf:page_86"
Кто обязан представлять подлинники решений и протокола общего собрания в орган государственного жилищного надзора?,нет в документах,"Гражданский кодекс Российской Федерации.pdf:page_115, Жилищный кодекс Российской Федерации.pdf:page_102, Жилищный кодекс Российской Федерации.pdf:page_110, Жилищный кодекс Российской Федерации.pdf:page_111, Жилищный кодекс Российской Федерации.pdf:page_112, Жилищный кодекс Российской Федерации.pdf:page_142, Жилищный кодекс Российской Федерации.pdf:page_44, Жилищный кодекс Российской Федерации.pdf:page_47, Жилищный кодекс Российской Федерации.pdf:page_91, Жилищный кодекс Российской Федерации.pdf:page_94"
"Какие должностные лица уполномочены рассматривать дела об административных правонарушениях, предусмотренных статьями 19.25, 21.1 - 21.7 настоящего Кодекса?","В тексте указано, что дела об административных правонарушениях, предусмотренных **статьями 19.25, 21.1–21.7 КоАП РФ**, рассматривают:

- **военные комиссары**;
- **военные комиссары муниципальных образований**;
- **начальники отделений военных комиссариатов муниципальных образований**.

(Это следует из **статьи 23.11 КоАП РФ**.)","Административный кодекс Российской Федерации.pdf:page_453, Административный кодекс Российской Федерации.pdf:page_463, Административный кодекс Российской Федерации.pdf:page_466, Административный кодекс Российской Федерации.pdf:page_470, Административный кодекс Российской Федерации.pdf:page_491, Административный кодекс Российской Федерации.pdf:page_494, Административный кодекс Российской Федерации.pdf:page_498, Административный кодекс Российской Федерации.pdf:page_500, Административный кодекс Российской Федерации.pdf:page_558, Административный кодекс Российской Федерации.pdf:page_566"
Какие инструментальные проверки проводятся при приемке трубопроводов и сооружений водоснабжения и канализации согласно СНиП 3.01.03-84?,"В предоставленном фрагменте **нет информации** о том, какие именно **инструментальные проверки** (какие методы/измерения) проводятся при приемке **трубопроводов и сооружений водоснабжения и канализации** согласно **СНиП 3.01.03-84**.

Есть лишь отдельные упоминания/перечни видов работ (например, по колодцам: ремонт клетки, смена люков; по водозаборам: чистка скважины и т.п.), но **конкретных требований СНиП 3.01.03-84 по инструментальным проверкам в тексте нет**.","Data1_10_10852_index.pdf:page_18, Data1_10_10852_index.pdf:page_19, Data1_10_10852_index.pdf:page_21, Data1_10_10852_index.pdf:page_35, Data1_10_10852_index.pdf:page_36, Data1_10_10852_index.pdf:page_39, Data1_10_10861_index.pdf:page_31, Data1_11_11285_index.pdf:page_55, Data1_11_11295_index.pdf:page_25, Data1_1_1879_index.pdf:page_29"
Как интерпретировать шифр таблиц ФЕРм?,"В предоставленном фрагменте есть только общие правила оформления ссылок на позиции, но **нет прямого определения того, как именно интерпретировать “шифр таблиц ФЕРм”** (например, как расшифровывается сам код вида “7-35-4”, “БК 7-78-3” и т.п.).

Что удаётся извлечь из документа:

1) **Ссылки на ценники и позиции**
- «**1-93** означает ценник № 1, порядковый номер позиции **93**».
- «Ссылки на позиции ведомственных ценников обозначаются шифром ценника и порядковым номером позиции».
- Также указано правило: «ссылки на технические части и вводные указания … обозначаются начальными буквами и номером соответствующего пункта (например, ТЧ-9.1; ВУ-3.5)».
➡️ Это объясняет формат *ссылок на ценники/пункты*, но не говорит, как читать **шифр таблицы ФЕРм** как структуру.

2) **Форма таблицы и “шифр единичной расценки”**
- В описании таблиц ФЕРм сказано, что в графе 1: «**номер (шифр) единичной расценки**».
➡️ То есть в таблицах указан **“шифр единичной расценки”**, но в тексте **не раскрыто, что именно означает каждая часть этого шифра** (какова логика “7-35-4”, “БК …”, и т.д.).

Итог:
- **Частичный ответ:** “шифр” в ФЕРм — это **шифр единичной расценки**, который стоит в графе 1 таблицы.
- **Полной расшифровки структуры шифра таблиц (что означает каждая цифра/буквы) в данных фрагментах нет.**

**Ответ:** нет в документах (нужна дополнительная часть текста/раздел, где прямо описана структура шифров ФЕРм).","Data1_10_10754_index.pdf:page_12, Data1_10_10754_index.pdf:page_21, Data1_10_10754_index.pdf:page_22, Data1_10_10754_index.pdf:page_26, Data1_10_10754_index.pdf:page_31, Data1_10_10754_index.pdf:page_5, Data1_10_10754_index.pdf:page_8, Data1_10_10864_index.pdf:page_19, Data1_10_10864_index.pdf:page_33, Data1_2_2073_index.pdf:page_10"
Какие телефоны доступны для бесплатной юридической консультации в Санкт-Петербурге и Ленинградской области?,Для бесплатной юридической консультации в **Санкт-Петербурге и Ленинградской области** доступен телефон: **8 (812) 467-95-28**.,"Бюджетный кодекс Российской Федерации.pdf:page_373, Бюджетный кодекс Российской Федерации.pdf:page_76, Гражданский кодекс Российской Федерации.pdf:page_662, Налоговый кодекс Российской Федерации.pdf:page_1260, Налоговый кодекс Российской Федерации.pdf:page_1345, Налоговый кодекс Российской Федерации.pdf:page_1347, Налоговый кодекс Российской Федерации.pdf:page_1352, Налоговый кодекс Российской Федерации.pdf:page_1631, Уголовно-процессуальный кодекс Российской Федерации.pdf:page_192, Уголовный кодекс Российской Федерации.pdf:page_276"
На какие территории разрабатывается проект районной планировки согласно ГОСТ МДС 11-7.2000?,"Проект районной планировки по ГОСТ МДС 11-7.2000 разрабатывается **на территорию**:

- **территориально-производственного комплекса, агломерации, группы административных районов, административного района;**
- **пригородной зоны;**
- **природно-заповедной зоны;**
- **территории оздоровительного, курортного, рекреационного назначения, историко-культурного и природного наследия;**
- **других территориальных объектов.**","Data1_10_10865_index.pdf:page_32, Data1_1_1904_index.pdf:page_1, Data1_1_1904_index.pdf:page_10, Data1_1_1904_index.pdf:page_11, Data1_1_1904_index.pdf:page_18, Data1_1_1904_index.pdf:page_2, Data1_1_1904_index.pdf:page_29, Data1_1_1904_index.pdf:page_8, Data1_1_1904_index.pdf:page_9, Градостроительный кодекс Российской Федерации.pdf:page_97"
Какие транспортно-экспедиционные услуги освобождаются от налогообложения?,нет в документах,"Гражданский кодекс Российской Федерации.pdf:page_332, Налоговый кодекс Российской Федерации.pdf:page_1596, Налоговый кодекс Российской Федерации.pdf:page_399, Налоговый кодекс Российской Федерации.pdf:page_402, Налоговый кодекс Российской Федерации.pdf:page_437, Налоговый кодекс Российской Федерации.pdf:page_452, Налоговый кодекс Российской Федерации.pdf:page_455, Налоговый кодекс Российской Федерации.pdf:page_476, Налоговый кодекс Российской Федерации.pdf:page_477, Налоговый кодекс Российской Федерации.pdf:page_494"
За сколько времени до срока представления оферт должно быть произведено объявление о торгах?,нет в документах,"Data1_10_10858_index.pdf:page_21, Data1_10_10866_index.pdf:page_10, Data1_10_10866_index.pdf:page_6, Data1_10_10866_index.pdf:page_9, Градостроительный кодекс Российской Федерации.pdf:page_242, Градостроительный кодекс Российской Федерации.pdf:page_243, Гражданский кодекс Российской Федерации.pdf:page_187, Гражданский кодекс Российской Федерации.pdf:page_233, Земельный кодекс Российской Федерации.pdf:page_57, Лесной кодекс Российской Федерации.pdf:page_67"
"Кто обязан страховать транспортное средство и (или) страховать ответственность за ущерб, который может быть причинен им или в связи с его эксплуатацией, если такое страхование является обязательным?","В приведённых фрагментах прямо указано следующее:

- **Обязанность по обязательному страхованию** возлагается на лицо, на которое такая обязанность **возложена законом**:  
  **«Обязательное страхование осуществляется путем заключения договора страхования лицом, на которое возложена обязанность такого страхования (страхователем), со страховщиком»** (ст. 936 ГК РФ).

- При этом обязательное страхование осуществляется **за счет страхователя**:  
  **«Обязательное страхование осуществляется за счет страхователя»** (ст. 936 ГК РФ).

Иных конкретизаций (какого именно страхователя: владельца ТС, перевозчика и т.п.) в вашем фрагменте данных именно в таком виде — **нет в документах**.","Административный кодекс Российской Федерации.pdf:page_175, Воздушный кодекс Российской Федерации.pdf:page_72, Гражданский кодекс Российской Федерации.pdf:page_292, Гражданский кодекс Российской Федерации.pdf:page_388, Гражданский кодекс Российской Федерации.pdf:page_431, Гражданский кодекс Российской Федерации.pdf:page_432, Кодекс торгового мореплавания Российской Федерации.pdf:page_109, Кодекс торгового мореплавания Российской Федерации.pdf:page_70, Налоговый кодекс Российской Федерации.pdf:page_1230, ПДД Российской Федерации.pdf:page_7"
Какие работы и затраты не включаются в сводный расчет стоимости строительства?,"В представленных фрагментах указано, что **в сводный расчет стоимости строительства во внутренних (базисных) ценах Российской Федерации не включается**:

- **стоимость работ и затрат, перечисленных в п. 2.10 “б” Порядка составления сметной документации по объектам, строящимся за границей** (прямо сказано: “в сводный расчет… не включается”).  
Однако **сам перечень из п. 2.10 “б” в предоставленном тексте отсутствует**, поэтому конкретные работы/затраты назвать по этому фрагменту нельзя.","Data1_10_10848_index.pdf:page_3, Data1_10_10848_index.pdf:page_8, Data1_10_10864_index.pdf:page_13, Data1_2_2069_index.pdf:page_4, Data1_2_2069_index.pdf:page_6, Data1_2_2075_index.pdf:page_6, Data1_2_2079_index.pdf:page_19, Data1_2_2082_index.pdf:page_13, Data1_2_2082_index.pdf:page_15, Data1_2_2082_index.pdf:page_5"
Каков размер административного штрафа для юридических лиц за нарушение процесса функционирования единой системы идентификации и аутентификации?,"В приведённом фрагменте указано:  

**«Внесение оператором выдачи ключа в единую систему идентификации и аутентификации данных, не соответствующих заявлению гражданина»** —  
административный штраф для **юридических лиц: от 100 000 до 200 000 рублей**.

Других размеров штрафа именно за «нарушение процесса функционирования» (в общем виде) в данных фрагментах **нет в документах**.","Административный кодекс Российской Федерации.pdf:page_207, Административный кодекс Российской Федерации.pdf:page_212, Административный кодекс Российской Федерации.pdf:page_226, Административный кодекс Российской Федерации.pdf:page_234, Административный кодекс Российской Федерации.pdf:page_247, Административный кодекс Российской Федерации.pdf:page_308, Административный кодекс Российской Федерации.pdf:page_432, Административный кодекс Российской Федерации.pdf:page_75, Административный кодекс Российской Федерации.pdf:page_9, Уголовный кодекс Российской Федерации.pdf:page_95"
Какие действия может предпринять суд в предварительном заседании?,"В представленном фрагменте есть частичный ответ.

**Статья 152 ГПК РФ (предварительное судебное заседание) — цели/что делает суд:**
- процессуально закрепляет распорядительные действия сторон, совершенные при подготовке дела;
- определяет обстоятельства, имеющие значение для правильного рассмотрения и разрешения дела;
- определяет достаточность доказательств по делу;
- исследует факты пропуска сроков обращения в суд и сроков исковой давности.

Также в другом фрагменте про предварительное заседание административного дела (статья 138 КАС РФ):
- выясняет возможность урегулирования административного спора до судебного разбирательства, в том числе путем использования примирительных процедур;
- закрепляет распорядительные действия сторон, совершенные при подготовке.

Иных конкретных “действий” (в смысле перечня процессуальных действий) в приведенном тексте больше не указано.","Арбитражный процессуальный кодекс Российской Федерации.pdf:page_67, Арбитражный процессуальный кодекс Российской Федерации.pdf:page_69, Гражданский процессуальный кодекс Российской Федерации.pdf:page_173, Гражданский процессуальный кодекс Российской Федерации.pdf:page_59, Гражданский процессуальный кодекс Российской Федерации.pdf:page_60, Гражданский процессуальный кодекс Российской Федерации.pdf:page_61, Гражданский процессуальный кодекс Российской Федерации.pdf:page_74, Кодекс административного судопроизводства Российской Федерации.pdf:page_81, Уголовно-процессуальный кодекс Российской Федерации.pdf:page_165, Уголовно-процессуальный кодекс Российской Федерации.pdf:page_167"
Какие требования предъявляются к монтажу оборудования и подводящим коммуникациям согласно ГОСТ (к СНиП 3.02.01-83)?,"В приведённом фрагменте **нет сведений именно о требованиях к монтажу оборудования и подводящим коммуникациям по ГОСТ/СНиП 3.02.01-83**.

Частично по смыслу встречается лишь **общая справочная/нормативная информация о контроле** (не привязана прямо к СНиП 3.02.01-83), например:

- **7.39–7.42**: указаны требования к геодезическому контролю монтажа оборудования (документация, нанесение установочных рисок, линейные промеры от осей/плоскостей, проверки шаблонами и т.п.).  
- **4.34–4.37**: приведены отдельные строительные требования по прокладке сетей (заглубление тепловых сетей при приемке, минимальные расстояния в свету, пересечение газопроводами и т.д.).  
- Есть упоминания про **влажные стены и гидроизоляцию**, сроки устранения и т.п., но это также не про монтаж оборудования/коммуникации согласно СНиП 3.02.01-83.

Если нужен именно перечень требований “по ГОСТ (к СНиП 3.02.01-83)” — предоставленного текста недостаточно: **нет в документах** в части требуемого вопроса.","Data1_10_10754_index.pdf:page_21, Data1_10_10754_index.pdf:page_25, Data1_10_10846_index.pdf:page_17, Data1_10_10861_index.pdf:page_25, Data1_10_10861_index.pdf:page_29, Data1_10_10865_index.pdf:page_12, Data1_10_10865_index.pdf:page_13, Data1_11_11285_index.pdf:page_25, Data1_11_11285_index.pdf:page_50, Data1_2_2096_index.pdf:page_4"
Какие работы не включены в состав пусконаладочных работ согласно ГОСТу МДС 81-8.2000?,"Согласно тексту раздела **1.7** (вставка про состав пусконаладочных работ, МДС/ГОСТ-подобная норма **МДС 81-8.2000** в предоставленном фрагменте), **в состав пусконаладочных работ не включены**:

- **различного вида испытания**, которые согласно техусловиям на изготовление и поставку оборудования должны производиться **на стадии его изготовления или монтажа** (отнесение работ к монтажным или пусконаладочным — по технической документации заводов-изготовителей, проекту и т.п.);
- **ревизия, ремонт оборудования, замена узлов и механизмов** и другие работы, вызванные **низким качеством оборудования**, **неправильным или длительным хранением**, **дефектами монтажа**.

Если вы имеете в виду требование из п. 1.7 “согласно ГОСТу МДС 81-8.2000”, то в предоставленном тексте именно эти исключения указаны явно.","Data1_10_10754_index.pdf:page_8, Data1_10_10848_index.pdf:page_3, Data1_10_10855_index.pdf:page_1, Data1_10_10855_index.pdf:page_6, Data1_10_10855_index.pdf:page_7, Data1_10_10864_index.pdf:page_27, Data1_10_10864_index.pdf:page_32, Data1_10_10864_index.pdf:page_33, Data1_10_10865_index.pdf:page_21, Data1_11_11285_index.pdf:page_66"
Какие данные должны быть указаны в итоговой строке формы протокола согласования затрат российских организаций в смешанных ценах согласно ГОСТу МДС 81-21.2000?,"В представленном фрагменте текста **нет информации о том, какие именно данные должны быть указаны в итоговой строке формы протокола согласования затрат российских организаций в смешанных ценах** (по ГОСТу МДС 81-21.2000).

Есть только упоминания, что в Приложении к Протоколу размещаются формы с расчетами, и встречается формулировка **«ИТОГО…»**, но **состав/содержание итоговой строки не раскрыты**.

**Ответ: нет в документах.**","Data1_10_10864_index.pdf:page_15, Data1_10_10864_index.pdf:page_8, Data1_2_2069_index.pdf:page_13, Data1_2_2069_index.pdf:page_23, Data1_2_2082_index.pdf:page_13, Data1_2_2082_index.pdf:page_15, Data1_2_2082_index.pdf:page_16, Data1_2_2082_index.pdf:page_22, Data1_2_2082_index.pdf:page_23, Data1_2_2082_index.pdf:page_7"
Как указывается наименование и количество единиц измерения мощности объекта в Форме № 3-в согласно ГОСТ?,"В представленном фрагменте **нет информации**, как именно в **Форме № 3-в** по ГОСТ указывается **наименование и количество единиц измерения мощности объекта**.  

Есть лишь отдельные упоминания мощности в кВт (л.с.) для оборудования (“На мощность … кВт (л.с.)”), но **это не относится к формулировке/правилу заполнения Формы № 3-в** и не содержит требований ГОСТ по указанию “наименование” и “количество единиц измерения мощности объекта”.","Data1_10_10852_index.pdf:page_38, Data1_10_10859_index.pdf:page_6, Data1_10_10864_index.pdf:page_27, Data1_10_10865_index.pdf:page_21, Data1_10_10865_index.pdf:page_23, Data1_10_10865_index.pdf:page_40, Data1_2_2073_index.pdf:page_11, Data1_2_2076_index.pdf:page_14, Data1_2_2079_index.pdf:page_17, Data1_2_2082_index.pdf:page_16"
В каких случаях оспаривание займа по безденежности не допускается?,"В предоставленных фрагментах **нет информации** о том, **в каких случаях оспаривание договора займа по безденежности не допускается**.","Гражданский кодекс Российской Федерации.pdf:page_110, Гражданский кодекс Российской Федерации.pdf:page_210, Гражданский кодекс Российской Федерации.pdf:page_234, Гражданский кодекс Российской Федерации.pdf:page_338, Гражданский кодекс Российской Федерации.pdf:page_340, Гражданский кодекс Российской Федерации.pdf:page_99, Налоговый кодекс Российской Федерации.pdf:page_777, Налоговый кодекс Российской Федерации.pdf:page_779, Налоговый кодекс Российской Федерации.pdf:page_987, Налоговый кодекс Российской Федерации.pdf:page_988"
"Как определяется размер возмещения при приведении параметров зданий, сооружений в соответствие с установленными требованиями?","Размер возмещения определяется **при расчете исходя из убытков**, которые возникают в связи с приведением параметров зданий, сооружений (и/или) объектов незавершенного строительства, а также разрешенного использования (назначения) и земельных участков в соответствие с установленными требованиями (ограничениями).

В тексте указано, что при расчете возмещения учитываются (в частности):

- **«связанных со сносом…, приведением их параметров и (или) разрешенного использования… в соответствие… ограничениями… и иных убытков»** (п. 3);
- **убытки, возникающие в связи с расторжением договоров** и невозможностью исполнения обязательств перед третьими лицами, а также (для случая сноса жилого помещения или запрета проживания) — дополнительные убытки, предусмотренные в соответствующей части статьи (п. 4).","Data1_10_10848_index.pdf:page_10, Data1_10_10861_index.pdf:page_38, Data1_10_10865_index.pdf:page_15, Data1_1_1879_index.pdf:page_12, Data1_2_2069_index.pdf:page_5, Data1_2_2075_index.pdf:page_6, Data1_2_2081_index.pdf:page_2, Data1_2_2082_index.pdf:page_5, Земельный кодекс Российской Федерации.pdf:page_157, Земельный кодекс Российской Федерации.pdf:page_195"
"Какой штраф предусмотрен за допуск к управлению транспортным средством водителя, не имеющего российского национального водительского удостоверения?",нет в документах,"Административный кодекс Российской Федерации.pdf:page_177, Административный кодекс Российской Федерации.pdf:page_179, Административный кодекс Российской Федерации.pdf:page_18, Административный кодекс Российской Федерации.pdf:page_180, Административный кодекс Российской Федерации.pdf:page_190, Административный кодекс Российской Федерации.pdf:page_195, Административный кодекс Российской Федерации.pdf:page_197, Административный кодекс Российской Федерации.pdf:page_247, Административный кодекс Российской Федерации.pdf:page_420, Уголовный кодекс Российской Федерации.pdf:page_210"
Какие методы используются для уполаживания берегов водных объектов?,"В предоставленных фрагментах **нет информации** о методах уполаживания берегов водных объектов.

Упоминание есть только про **обустройство берегов водохранилища** (как часть перечня мероприятий по правилам использования), но конкретные методы уполаживания не указаны.","Data1_11_11295_index.pdf:page_48, Data1_11_11835_index.pdf:page_15, Водный кодекс Российской Федерации.pdf:page_0, Водный кодекс Российской Федерации.pdf:page_1, Водный кодекс Российской Федерации.pdf:page_27, Водный кодекс Российской Федерации.pdf:page_29, Водный кодекс Российской Федерации.pdf:page_3, Водный кодекс Российской Федерации.pdf:page_33, Земельный кодекс Российской Федерации.pdf:page_16, Кодекс внутреннего водного транспорта Российской Федерации.pdf:page_9"
Какова производительность установки осушки природного газа (однопоточная) согласно ГОСТу МДС 81-8.2000?,Производительность установки осушки и отбензинивания природного газа (однопоточная) указана в тексте как **2 млрд. нм³/год** (позиция: “Установка осушки и отбензинивания газа производительностью 2 млрд. нм³/год (однопоточная)”).,"Data1_10_10754_index.pdf:page_28, Data1_10_10849_index.pdf:page_14, Data1_10_10864_index.pdf:page_27, Data1_10_10864_index.pdf:page_35, Data1_10_10864_index.pdf:page_36, Data1_10_10864_index.pdf:page_37, Data1_11_11295_index.pdf:page_45, Data1_11_11295_index.pdf:page_46, Data1_2_2073_index.pdf:page_7, Data1_2_2096_index.pdf:page_1"
Какие долговые обязательства субъекта Российской Федерации могут быть среднесрочными?,"В предоставленных фрагментах **нет информации**, какие именно долговые обязательства субъекта Российской Федерации могут быть **среднесрочными**.","Бюджетный кодекс Российской Федерации.pdf:page_134, Бюджетный кодекс Российской Федерации.pdf:page_141, Бюджетный кодекс Российской Федерации.pdf:page_143, Бюджетный кодекс Российской Федерации.pdf:page_144, Бюджетный кодекс Российской Федерации.pdf:page_145, Бюджетный кодекс Российской Федерации.pdf:page_146, Бюджетный кодекс Российской Федерации.pdf:page_149, Бюджетный кодекс Российской Федерации.pdf:page_156, Бюджетный кодекс Российской Федерации.pdf:page_7, Налоговый кодекс Российской Федерации.pdf:page_999"
Когда начинается рассмотрение евразийской заявки на изобретение?,нет в документах,"Гражданский кодекс Российской Федерации.pdf:page_511, Гражданский кодекс Российской Федерации.pdf:page_562, Гражданский кодекс Российской Федерации.pdf:page_564, Гражданский кодекс Российской Федерации.pdf:page_565, Гражданский кодекс Российской Федерации.pdf:page_572, Гражданский кодекс Российской Федерации.pdf:page_589, Гражданский кодекс Российской Федерации.pdf:page_600, Гражданский кодекс Российской Федерации.pdf:page_635, Гражданский кодекс Российской Федерации.pdf:page_637, Налоговый кодекс Российской Федерации.pdf:page_1277"
Какие регионы относятся к районам Крайнего Севера в Мурманской области?,"В предоставленных фрагментах **нет перечня районов Крайнего Севера для Мурманской области** (в тексте есть только начало таблицы: «Приложение 3. … Мурманская об…», но сами районы не приведены).

**Ответ:** нет в документах.","Data1_10_10062_index.pdf:page_8, Data1_10_10062_index.pdf:page_9, Data1_10_10846_index.pdf:page_29, Водный кодекс Российской Федерации.pdf:page_18, Земельный кодекс Российской Федерации.pdf:page_17, Налоговый кодекс Российской Федерации.pdf:page_1329, Налоговый кодекс Российской Федерации.pdf:page_1356, Налоговый кодекс Российской Федерации.pdf:page_1357, Налоговый кодекс Российской Федерации.pdf:page_21, Налоговый кодекс Российской Федерации.pdf:page_939"
Что запрещено водителю после ДТП?,"После ДТП водителю запрещено **употреблять алкогольные напитки, наркотические, психотропные или иные одурманивающие вещества**:

> “…употреблять алкогольные напитки, наркотические, психотропные или иные одурманивающие вещества после дорожно-транспортного происшествия, к которому он причастен, либо после того, как транспортное средство было остановлено по требованию сотрудника полиции, до проведения освидетельствования…”","Административный кодекс Российской Федерации.pdf:page_177, Административный кодекс Российской Федерации.pdf:page_180, Административный кодекс Российской Федерации.pdf:page_183, Административный кодекс Российской Федерации.pdf:page_184, Административный кодекс Российской Федерации.pdf:page_193, Административный кодекс Российской Федерации.pdf:page_194, ПДД Российской Федерации.pdf:page_10, ПДД Российской Федерации.pdf:page_21, ПДД Российской Федерации.pdf:page_6, ПДД Российской Федерации.pdf:page_9"
Какое решение может быть принято по результатам рассмотрения материалов проверки?,"По результатам рассмотрения материалов проверки может быть принято решение в соответствии с текстом:

**«По результатам рассмотрения материалов камеральной налоговой проверки должно быть принято решение…»**  

Но **конкретный перечень вариантов решения** в предоставленных фрагментах **не указан**, поэтому точнее ответить не получается.

**Ответ:** нет в документах (в фрагменте указано лишь, что по результатам должны принять решение по материалам проверки, без перечисления видов решений).","Административный кодекс Российской Федерации.pdf:page_589, Кодекс административного судопроизводства Российской Федерации.pdf:page_123, Кодекс административного судопроизводства Российской Федерации.pdf:page_42, Кодекс административного судопроизводства Российской Федерации.pdf:page_49, Налоговый кодекс Российской Федерации.pdf:page_326, Налоговый кодекс Российской Федерации.pdf:page_533, Налоговый кодекс Российской Федерации.pdf:page_706, Уголовно-процессуальный кодекс Российской Федерации.pdf:page_100, Уголовно-процессуальный кодекс Российской Федерации.pdf:page_158, Уголовно-процессуальный кодекс Российской Федерации.pdf:page_196"
Какие ГОСТы или СНиПы регламентируют применение вычислительной техники при составлении сметной документации?,"В предоставленных фрагментах **нет информации**, что какие-либо **ГОСТы или СНиПы** регламентируют применение вычислительной техники при составлении сметной документации.

Упоминание вычислительной техники встречается только в контексте **охраны труда/акустики** (“рабочие места… программистов вычислительных машин…”), но это **не относится к сметной документации**.

**Ответ: нет в документах.**","Data1_10_10062_index.pdf:page_3, Data1_10_10846_index.pdf:page_3, Data1_10_10848_index.pdf:page_3, Data1_10_10859_index.pdf:page_8, Data1_10_10864_index.pdf:page_15, Data1_10_10864_index.pdf:page_33, Data1_10_10865_index.pdf:page_21, Data1_10_10865_index.pdf:page_24, Data1_2_2073_index.pdf:page_1, Data1_2_2096_index.pdf:page_2"
В каких случаях суд может взыскать алименты в твердой денежной сумме?,"Суд может взыскать алименты **в твердой денежной сумме** в случаях, указанных в **статье 83 СК РФ**:

- **При отсутствии соглашения родителей об уплате алиментов на несовершеннолетних детей**, и если родитель, который обязан платить алименты, имеет **нерегулярный, меняющийся заработок и (или) иной доход**, либо
- если этот родитель получает заработок и (или) иной доход **полностью или частично в натуре**.

Также (по смыслу приведенного фрагмента) в **статье 85 СК РФ** алименты на нетрудоспособных совершеннолетних детей взыскиваются в твердой денежной сумме при **отсутствии соглашения**.","Гражданский процессуальный кодекс Российской Федерации.pdf:page_85, Семейный кодекс Российской Федерации.pdf:page_16, Семейный кодекс Российской Федерации.pdf:page_24, Семейный кодекс Российской Федерации.pdf:page_25, Семейный кодекс Российской Федерации.pdf:page_28, Семейный кодекс Российской Федерации.pdf:page_29, Семейный кодекс Российской Федерации.pdf:page_30, Семейный кодекс Российской Федерации.pdf:page_31, Семейный кодекс Российской Федерации.pdf:page_33, Уголовно-процессуальный кодекс Российской Федерации.pdf:page_87"
Какие объекты проектирования указаны в главе 4 согласно СНиП?,"В предоставленном фрагменте документа **глава 4** прямо не приведена, но **в “Приложение 4”** видна *«Форма задания на проектирование»* и далее — перечни по объектам проектирования (таблицы с названием объектов).

Из этих таблиц/строк в тексте **указаны следующие объекты проектирования** (то, что можно прочитать в главе/разделе с “№ п/п … Наименование объекта проектирования”):

- **Торговые дома, торговые центры**
- **Рынки**
- **Столовые, кафе, рестораны, закусочные, кафетерии, бары**
- **Административные здания**
- **Санатории, санатории-профилактории, специализированные санатории, детские учреждения круглогодичного действия**
- **Дома отдыха, пансионаты, базы отдыха, туристские базы**
- **Спортивно-оздоровительные учреждения, лагеря**
- **Спальные корпуса для санаториев, домов отдыха**
- **Административно-приемные корпуса**
- **Парки, сады, скверы, бульвары**
- **Санитарно-защитные зоны**
- **Декоративные питомники, цветочные оранжереи, базы горзеленстроя**
- **Хозяйственные корпуса больниц, родильных домов, диспансеров (пищеблоки, прачечные), патолого-анатомические корпуса, аптеки, станции скорой медицинской помощи, санитарно-эпидемиологические станции, станции переливания крови, дезстанции и др. специализированные станции, молочные кухни**
- **Детские дошкольные учреждения**
- **Школы общеобразовательные, специализированные школы, лицеи, гимназии, колледжи, школы-интернаты, специальные школы-интернаты, детские школы искусств, дома детского творчества, спальные корпуса вне состава школ-интернатов**
- **Профессионально-технические училища, межшкольные учебно-производственные комбинаты и комплексы**
- **Учебно-лабораторные и учебные корпуса высших учебных заведений (технических, политехнических, сельскохозяйственных, медицинских, гуманитарных и др.), техникумы**  
(последняя строка обрывается, но видно именно это содержание)

Если под “**главой 4** согласно СНиП” вы имеете в виду именно *нумерованную главу 4*, то **в присланном фрагменте самой главы 4 нет** (виден только “Приложение 4” и таблицы). Поэтому точное сопоставление “глава 4” ↔ “объекты” по СНиП **сделать нельзя** без полного текста главы 4.","Data1_10_10859_index.pdf:page_6, Data1_10_10859_index.pdf:page_8, Data1_11_11295_index.pdf:page_10, Data1_11_11835_index.pdf:page_14, Data1_11_11835_index.pdf:page_19, Data1_11_11835_index.pdf:page_22, Data1_11_11835_index.pdf:page_25, Data1_11_11835_index.pdf:page_31, Data1_11_11835_index.pdf:page_4, Data1_11_11835_index.pdf:page_5"
Кто составляет проекты бюджетов государственных внебюджетных фондов Российской Федерации?,Проекты бюджетов государственных внебюджетных фондов Российской Федерации составляются **органами управления указанных фондов** на очередной финансовый год и плановый период.,"Бюджетный кодекс Российской Федерации.pdf:page_14, Бюджетный кодекс Российской Федерации.pdf:page_236, Бюджетный кодекс Российской Федерации.pdf:page_255, Бюджетный кодекс Российской Федерации.pdf:page_276, Бюджетный кодекс Российской Федерации.pdf:page_277, Бюджетный кодекс Российской Федерации.pdf:page_278, Бюджетный кодекс Российской Федерации.pdf:page_279, Бюджетный кодекс Российской Федерации.pdf:page_282, Бюджетный кодекс Российской Федерации.pdf:page_291, Бюджетный кодекс Российской Федерации.pdf:page_76"
Какие работы включает в себя возобновление защитного слоя в железобетонных конструкциях каналов и камер согласно ГОСТ МДС 14-13.2000?,"В представленном тексте прямо указано:

- **«Возобновление защитного слоя в железобетонных конструкциях каналов и камер.»** (раздел **XXI. Прочие сооружения**)

Но **конкретный перечень работ**, что именно включает «возобновление защитного слоя» (например, заделка трещин, расшивка, ремонт арматуры и т.п.), **в данном фрагменте не раскрыт**.

**Ответ:** возобновление защитного слоя в железобетонных конструкциях каналов и камер — *указано как отдельный вид работ*, без детализации состав�� работ в предоставленных документах.","Data1_1_1879_index.pdf:page_18, Data1_1_1879_index.pdf:page_19, Data1_1_1879_index.pdf:page_20, Data1_1_1879_index.pdf:page_21, Data1_1_1879_index.pdf:page_22, Data1_1_1879_index.pdf:page_26, Data1_1_1879_index.pdf:page_27, Data1_1_1879_index.pdf:page_28, Data1_1_1879_index.pdf:page_30, Data1_1_1879_index.pdf:page_31"
Какие телефоны доступны для бесплатной юридической консультации в Москве и Московской области?,"В тексте для бесплатной юридической консультации в **Москве и Московской области** указаны телефоны:

- **8 (499) 938-53-71**
- **8 (499) 938-53-84**","Административный кодекс Российской Федерации.pdf:page_415, Административный кодекс Российской Федерации.pdf:page_585, Административный кодекс Российской Федерации.pdf:page_613, Арбитражный процессуальный кодекс Российской Федерации.pdf:page_114, Бюджетный кодекс Российской Федерации.pdf:page_76, Гражданский кодекс Российской Федерации.pdf:page_662, Налоговый кодекс Российской Федерации.pdf:page_1260, Налоговый кодекс Российской Федерации.pdf:page_1284, Налоговый кодекс Российской Федерации.pdf:page_1631, Уголовный кодекс Российской Федерации.pdf:page_276"
На каком сайте можно найти комментарии к статьям?,"Комментарии к статьям можно найти на сайте **https://grkodeksrf.ru/**, а также в тексте упоминаются сайты **https://ukodeksrf.ru/**, **https://gkodeksrf.ru/** и **https://nkodeksrf.ru/** (и отдельный — **https://kodasrf.ru/**).","Градостроительный кодекс Российской Федерации.pdf:page_12, Градостроительный кодекс Российской Федерации.pdf:page_13, Гражданский кодекс Российской Федерации.pdf:page_0, Гражданский кодекс Российской Федерации.pdf:page_2, Гражданский кодекс Российской Федерации.pdf:page_519, Кодекс административного судопроизводства Российской Федерации.pdf:page_110, Кодекс административного судопроизводства Российской Федерации.pdf:page_97, Налоговый кодекс Российской Федерации.pdf:page_2, Уголовный кодекс Российской Федерации.pdf:page_0, Уголовный кодекс Российской Федерации.pdf:page_276"
Какие требования к устойчивости фонарей к воздействию радиационных факторов предъявляет ГОСТ МДС 31-8.2002?,"В приведённом фрагменте **ГОСТ/МДС 31-8.2002** (у вас он показан как *«Рекомендации по проектированию и устройству фонарей…»*) **нет информации** о требованиях к **устойчивости фонарей к воздействию радиационных факторов**.

Фраза/раздел про радиацию в представленном тексте отсутствует, и явных требований по радиационной стойкости не приведено.","Data1_10_10846_index.pdf:page_1, Data1_10_10846_index.pdf:page_11, Data1_10_10846_index.pdf:page_16, Data1_10_10846_index.pdf:page_20, Data1_10_10846_index.pdf:page_39, Data1_10_10846_index.pdf:page_40, Data1_10_10846_index.pdf:page_43, Data1_10_10846_index.pdf:page_5, Data1_10_10846_index.pdf:page_6, Data1_10_10846_index.pdf:page_9"
Какие требования предъявляются к растворам-крепителям при силикатизации и смолизации грунтов согласно ГОСТ (к СНиП 3.02.01-83)?,"В предоставленном фрагменте указано требование к растворам **крепителям** при смолизации (и упоминаются требования в целом для силикатизации/смолизации):

- **2.17.** *«Применяемые при смолизации в качестве крепителей растворы карбамидных смол по своим физическим и химическим характеристикам должны удовлетворять нормам табл. 7…»*  
- Также сказано, что **щавелевая (кристаллогидрат) и техническая соляная (жидкость) кислоты** должны удовлетворять нормам соответственно ТУ 221180-76 и ТУ 857-78.

Однако в данном тексте **нет прямо сформулированных требований к растворам-крепителям именно для силикатизации** (только отдельные общие параметры упоминаются ниже по тексту про силикаты, но требование “должны удовлетворять ГОСТ/табл. …” для крепителей при силикатизации в фрагменте отсутствует).

**Итог по вопросу:**  
- Для **смолизации**: растворы-крепители (карбамидные смолы) должны соответствовать нормам **табл. 7** по физическим и химическим характеристикам.  
- По **силикатизации**: **нет в документах** в предоставленном фрагменте (конкретных требований к растворам-крепителям именно для силикатизации не приведено).","Data1_10_10865_index.pdf:page_38, Data1_11_11295_index.pdf:page_10, Data1_11_11295_index.pdf:page_16, Data1_11_11295_index.pdf:page_33, Data1_11_11295_index.pdf:page_34, Data1_11_11295_index.pdf:page_47, Data1_11_11295_index.pdf:page_6, Data1_11_11295_index.pdf:page_7, Data1_11_11295_index.pdf:page_8, Data1_2_2079_index.pdf:page_17"
"Какие основные задачи Государственной жилищной инспекции по контролю за использованием, содержанием и ремонтом жилищного фонда приведены в МДС 17-13.2000?","В приведённом фрагменте МДС 17-13.2000 указаны **основные задачи Государственной жилищной инспекции**:

- **осуществление контроля** за использованием, содержанием, ремонтом жилищного фонда, придомовых территорий и объектов коммунального назначения независимо от ведомственной подчиненности и форм собственности, **в части обеспечения защиты прав и законных интересов граждан и государства**;
- **обследование технического состояния** жилищного фонда, его инженерного оборудования, придомовой территории;
- **контроль за использованием и сохранностью** жилищного фонда, придомовых территорий и объектов коммунального назначения;
- контроль за **своевременным выполнением работ по содержанию и ремонту** в соответствии с нормативно-техническими и проектными документами;
- контроль за **обоснованностью устанавливаемых нормативов** на потребление жилищно-коммунальных услуг;
- контроль за **санитарным состоянием помещений** жилищного фонда;
- контроль за **своевременной и качественной подготовкой** жилищного фонда к сезонной эксплуатации;
- контроль за соблюдением **нормативного уровня, режима и рационального обеспечения жителей** коммунальными услугами (отопление, электро-, водо-, газоснабжение и водоотведение);
- контроль за **выполнением в срок выданных предписаний**;
- контроль за **санитарным состоянием помещений** жилищного фонда.","Data1_10_10852_index.pdf:page_1, Data1_10_10861_index.pdf:page_1, Data1_10_10861_index.pdf:page_2, Data1_10_10861_index.pdf:page_3, Data1_10_10861_index.pdf:page_32, Data1_10_10861_index.pdf:page_35, Data1_10_10862_index.pdf:page_1, Data1_10_10863_index.pdf:page_1, Data1_10_10871_index.pdf:page_1, Data1_1_1879_index.pdf:page_2"
Что такое единая методология бюджетного учета и бюджетной отчетности?,"В предоставленном тексте сказано лишь следующее:

**Единая методология бюджетного учета и бюджетной отчетности** устанавливается **Министерством финансов Российской Федерации** в соответствии с положениями Бюджетного кодекса.

Другого определения (что именно включает методология) в приведённом фрагменте **нет**.","Бюджетный кодекс Российской Федерации.pdf:page_14, Бюджетный кодекс Российской Федерации.pdf:page_255, Бюджетный кодекс Российской Федерации.pdf:page_257, Бюджетный кодекс Российской Федерации.pdf:page_26, Бюджетный кодекс Российской Федерации.pdf:page_262, Бюджетный кодекс Российской Федерации.pdf:page_29, Бюджетный кодекс Российской Федерации.pdf:page_30, Бюджетный кодекс Российской Федерации.pdf:page_311, Бюджетный кодекс Российской Федерации.pdf:page_378, Бюджетный кодекс Российской Федерации.pdf:page_379"
Кто выполняет распоряжения диспетчерских органов о отключении электрической энергии?,нет в документах,"Data1_10_10870_index.pdf:page_9, Data1_10_10871_index.pdf:page_14, Data1_10_10871_index.pdf:page_16, Административный кодекс Российской Федерации.pdf:page_480, Административный кодекс Российской Федерации.pdf:page_503, Административный кодекс Российской Федерации.pdf:page_553, Административный кодекс Российской Федерации.pdf:page_563, Гражданский кодекс Российской Федерации.pdf:page_265, Жилищный кодекс Российской Федерации.pdf:page_127, Таможенный кодекс Евразийского экономического союза.pdf:page_363"
"Какие преимущества имеют средства индивидуализации, исключительное право на которые возникло ранее?","В предоставленном тексте сказано: **если разные средства индивидуализации тождественны или сходны до степени смешения и из‑за этого могут быть введены в заблуждение потребители и (или) контрагенты, преимущество имеет средство индивидуализации, исключительное право на которое возникло ранее** (либо при наличии конвенционного/выставочного приоритета — то, у которого приоритет более ранний).","Гражданский кодекс Российской Федерации.pdf:page_489, Гражданский кодекс Российской Федерации.pdf:page_490, Гражданский кодекс Российской Федерации.pdf:page_491, Гражданский кодекс Российской Федерации.pdf:page_511, Гражданский кодекс Российской Федерации.pdf:page_515, Гражданский кодекс Российской Федерации.pdf:page_624, Гражданский кодекс Российской Федерации.pdf:page_633, Гражданский кодекс Российской Федерации.pdf:page_648, Гражданский кодекс Российской Федерации.pdf:page_649, Гражданский кодекс Российской Федерации.pdf:page_661"
В каких случаях государственная пошлина не уплачивается при пересылке свидетельств и документов в соответствии с международными договорами?,"В предоставленных фрагментах **нет нормы**, которая прямо отвечает на вопрос о том, **в каких случаях госпошлина не уплачивается при пересылке свидетельств и документов по международным договорам**.  

Следовательно: **нет в документах**.","Налоговый кодекс Российской Федерации.pdf:page_1265, Налоговый кодекс Российской Федерации.pdf:page_1268, Таможенный кодекс Евразийского экономического союза.pdf:page_110, Таможенный кодекс Евразийского экономического союза.pdf:page_260, Таможенный кодекс Евразийского экономического союза.pdf:page_305, Таможенный кодекс Евразийского экономического союза.pdf:page_323, Таможенный кодекс Евразийского экономического союза.pdf:page_325, Таможенный кодекс Евразийского экономического союза.pdf:page_368, Таможенный кодекс Евразийского экономического союза.pdf:page_48, Таможенный кодекс Евразийского экономического союза.pdf:page_53"
Как вносятся сведения о характеристиках древесины в государственный лесной реестр?,"Сведения о характеристиках древесины в государственный лесной реестр вносятся **уполномоченным органом** путем внесения соответствующих сведений в гослесреестр, при этом учет осуществляется **не позднее одного рабочего дня** со дня наступления соответствующего события и сопровождается формированием **отчета о балансе древесины**.

Часть, в которой это отражено в приведенном тексте:
- «**4. Учет древесины осуществляется уполномоченным федеральным органом исполнительной власти путем внесения в государственный лесной реестр сведений… но не позднее одного рабочего дня со дня наступления соответствующего события**…»","Лесной кодекс Российской Федерации.pdf:page_17, Лесной кодекс Российской Федерации.pdf:page_26, Лесной кодекс Российской Федерации.pdf:page_27, Лесной кодекс Российской Федерации.pdf:page_29, Лесной кодекс Российской Федерации.pdf:page_30, Лесной кодекс Российской Федерации.pdf:page_32, Лесной кодекс Российской Федерации.pdf:page_6, Лесной кодекс Российской Федерации.pdf:page_7, Лесной кодекс Российской Федерации.pdf:page_76, Лесной кодекс Российской Федерации.pdf:page_77"
Какие работы выполняются с повышенными требованиями к качеству и классу точности?,"В приведённом тексте указано, что **с повышенными требованиями к качеству и классом точности** в контексте геодезических/измерительных работ соотносятся **измерения I–IV классов** (класс точности зависит от требуемой точности измерений и условий проекта):

- **«Измерения I - IV классов производятся методами геометрического и гидростатического нивелирования…»** (раздел 9.15).
- В таблицах приведены **классы точности измерений** и **допускаемые погрешности** для разных классов (например, для расстояний/углов/времени наблюдений и др.).

При этом прямо сформулировано, что **«Класс I»** относится к объектам/зданиям **«имеющим повышенные требования к качеству/важности»** в смысле ответственности (в документе это выражено как *объекты, имеющие важное народнохозяйственное и социальное значение*), например жилые дома, насосные станции, котельные, инженерные сети и т.п. (раздел II класс — приведён аналогично, но классы ответственности описаны с коэффициентами надежности).

Если вам нужно строго: **какие именно работы из перечня выполняются “с повышенными требованиями”** — в данном фрагменте этого нет в виде прямой формулировки “работы X выполняются с повышенными требованиями”. В тексте есть только связка **классов точности измерений (I–IV)** и **методов**, а также **классов ответственности зданий (I/II)**.","Data1_10_10865_index.pdf:page_15, Data1_10_10865_index.pdf:page_21, Data1_11_11285_index.pdf:page_16, Data1_11_11285_index.pdf:page_26, Data1_11_11285_index.pdf:page_45, Data1_11_11285_index.pdf:page_50, Data1_11_11285_index.pdf:page_72, Data1_11_11285_index.pdf:page_73, Data1_11_11285_index.pdf:page_75, Data1_11_11295_index.pdf:page_47"
Какие положения МДС 81-3.99 следует учитывать при определении стоимости затрат на эксплуатацию строительных машин и механизмов?,"В приведённом фрагменте есть только общие положения про то, как **определяются** затраты на эксплуатацию машин и что при этом нужно учитывать методические указания, но **конкретные “положения МДС 81-3.99”** в тексте не приведены.

Что можно извлечь из текста (частичный ответ по сути, без ссылок на конкретные пункты МДС 81-3.99):

1) **Затраты на эксплуатацию строительных машин и механизмов** определяются по формуле:
- сметная расценка за 1 маш.-ч × время использования машин (Тм.м, маш.-ч).

2) Указано, что при определении стоимости затрат следует учитывать:
- «**положения Методических указаний по разработке сметных норм и расценок на эксплуатацию строительных…**» (фраза обрывается),
а также в дальнейшем описано, что затраты учитывают оплату труда рабочих, обслуживающих машины.

Однако: **какие именно положения “МДС 81-3.99”** нужно учитывать (перечень пунктов/требований именно этого документа) — **в предоставленном фрагменте не содержится**.

**Ответ:** нет в документах.","Data1_10_10754_index.pdf:page_18, Data1_10_10754_index.pdf:page_3, Data1_10_10848_index.pdf:page_2, Data1_10_10848_index.pdf:page_3, Data1_10_10848_index.pdf:page_5, Data1_10_10848_index.pdf:page_6, Data1_10_10848_index.pdf:page_7, Data1_10_10864_index.pdf:page_12, Data1_2_2079_index.pdf:page_18, Data1_2_2117_index.pdf:page_10"
Что включает техническая приемка перед монтажом конструкций фонарей согласно ГОСТ МДС 31-8.2002?,"Согласно п. 4.10 ГОСТ/МДС **31-8.2002** перед монтажом конструкций фонарей производитель работ должен выполнить **техническую приемку отдельных их элементов** и **подготовительные работы**.

**Техническая приемка включает:**
- **проверку геометрических параметров**;
- **проверку комплектности конструкций**;
- **проверку качества защитных покрытий**;
- и др. (перечень в документе не ограничен только этими пунктами).","Data1_10_10846_index.pdf:page_1, Data1_10_10846_index.pdf:page_10, Data1_10_10846_index.pdf:page_14, Data1_10_10846_index.pdf:page_17, Data1_10_10846_index.pdf:page_18, Data1_10_10846_index.pdf:page_19, Data1_10_10846_index.pdf:page_2, Data1_10_10846_index.pdf:page_20, Data1_10_10846_index.pdf:page_8, Data1_10_10846_index.pdf:page_9"
Какие документы регулируют оптовые цены на оборудование?,"В предоставленном фрагменте **нет документов, которые прямо регулируют именно “оптовые цены на оборудование”**.

Есть частичная релевантная информация о том, что:
- **“Рыночной ценой товара (работы, услуги)”** признается цена, сложившаяся при спросе и предложении (это приведено в тексте, но источник в фрагменте относится к общим принципам/определениям, не к регулированию оптовых цен на оборудование как таковых);
- упомянуты **тарифы** для регулируемых видов деятельности (электро-, теплоэнергия, газ, водоснабжение и т.п.), что **не относится к оптовым ценам на оборудование**;
- приведены **Указания по применению ФЕРм-2001 (МДС 81-37.2004)** — это нормативы для расчетов сметной стоимости работ (монтаж/пусконаладка), но **не регулирование оптовых цен** на оборудование.

**Ответ:** нет в документах (прямого регулирования оптовых цен на оборудование).","Data1_10_10754_index.pdf:page_1, Data1_10_10863_index.pdf:page_2, Data1_10_10864_index.pdf:page_16, Data1_10_10865_index.pdf:page_24, Data1_10_10865_index.pdf:page_44, Data1_10_10869_index.pdf:page_2, Административный кодекс Российской Федерации.pdf:page_398, Административный кодекс Российской Федерации.pdf:page_490, Налоговый кодекс Российской Федерации.pdf:page_103, Налоговый кодекс Российской Федерации.pdf:page_104"
Какие виды грантов не подлежат налогообложению?,"В предоставленном фрагменте прямо указано, что **не подлежат налогообложению доходы в виде грантов в форме субсидий (в определённых законом случаях)**, а именно:

- **гранты в форме субсидий некоммерческим организациям**, не являющимся казенными учреждениями — при соблюдении условий, установленных общими требованиями и в пределах, предусмотренных законом о бюджете/Правительством РФ (в тексте упомянуты “гранты в форме субсидий … не являющимся казенными учреждениями”).
- Также в тексте говорится о **грантах в форме субсидий**:  
  “юридическим лицам (за исключением государственных (муниципальных) учреждений), индивидуальным предпринимателям, физическим лицам грантов в форме субсидий, в том числе предоставляемых на конкурсной основе” — однако **налоговый режим/освобождение конкретно для них в данном фрагменте раскрыт не полностью**.

Итого по фрагменту: **освобождение от налогообложения связано с грантами (в форме субсидий), в частности — для некоммерческих организаций, не являющихся казенными учреждениями**, при условиях, регулируемых бюджетным законодательством.

Если нужно, пришлите, пожалуйста, точный номер статьи/пункта (или больше текста вокруг фразы про “освобождаются”), и я смогу указать виды грантов максимально точно “как в законе”.","Бюджетный кодекс Российской Федерации.pdf:page_335, Бюджетный кодекс Российской Федерации.pdf:page_83, Бюджетный кодекс Российской Федерации.pdf:page_86, Бюджетный кодекс Российской Федерации.pdf:page_90, Налоговый кодекс Российской Федерации.pdf:page_1009, Налоговый кодекс Российской Федерации.pdf:page_1579, Налоговый кодекс Российской Федерации.pdf:page_806, Налоговый кодекс Российской Федерации.pdf:page_809, Налоговый кодекс Российской Федерации.pdf:page_811, Налоговый кодекс Российской Федерации.pdf:page_915"
Является ли ассоциация (союз) собственником своего имущества?,"Да. В тексте указано: **«Ассоциация (союз) является собственником своего имущества»** (статья 123.8, п. 3 ГК РФ).","Гражданский кодекс Российской Федерации.pdf:page_127, Гражданский кодекс Российской Федерации.pdf:page_21, Гражданский кодекс Российской Федерации.pdf:page_38, Гражданский кодекс Российской Федерации.pdf:page_42, Гражданский кодекс Российской Федерации.pdf:page_479, Гражданский кодекс Российской Федерации.pdf:page_66, Гражданский кодекс Российской Федерации.pdf:page_67, Гражданский кодекс Российской Федерации.pdf:page_69, Гражданский кодекс Российской Федерации.pdf:page_70, Гражданский кодекс Российской Федерации.pdf:page_86"
Какие единицы измерения рекомендуются для разработки УПБС согласно ГОСТу?,"В предоставленных фрагментах **прямого ответа “согласно ГОСТу” нет**.

Однако в документе (в разделе, где приведена таблица Приложения 9 “УПБС видов работ по зданию”) указано, какие **единицы измерения используются при разработке УПБС** для разных конструктивных элементов/видов работ, например:
- **м2 площади застройки** (земляные работы);
- **м2 в проектных осях** (каркас);
- **м2 горизонтальной проекции** (лестницы, козырьки входов, балконы, крыльца);
- **м2** (стены наружные/внутренние, оконные проемы, дверные проемы и ворота, кровли и т.п.);
- **100 м2** (подвесные потолки, внутренняя отделка);
- **м2 общей площади** (особостроительные работы).

Если вам нужен именно “ГОСТ” — пришлите, пожалуйста, фрагмент/страницу, где это указано явно.","Data1_11_11295_index.pdf:page_42, Data1_2_2080_index.pdf:page_1, Data1_2_2080_index.pdf:page_17, Data1_2_2080_index.pdf:page_2, Data1_2_2080_index.pdf:page_7, Data1_2_2081_index.pdf:page_1, Data1_2_2081_index.pdf:page_2, Data1_2_2081_index.pdf:page_21, Data1_2_2081_index.pdf:page_23, Data1_2_2117_index.pdf:page_1"
Что такое постоянное местонахождение иностранной организации?,"Постоянное местонахождение иностранной организации в приведённом фрагменте раскрывается через формулировку: **это иностранное государство, с которым имеется международный договор Российской Федерации по вопросам налогообложения**, при выполнении условий, указанных в тексте.

Часть фрагмента:
- «**постоянным местонахождением этой контролируемой иностранной компании является иностранное государство, с которым имеется международный договор Российской Федерации по вопросам налогообложения**…»

Других определений в предоставленном тексте нет.","Налоговый кодекс Российской Федерации.pdf:page_1089, Налоговый кодекс Российской Федерации.pdf:page_1171, Налоговый кодекс Российской Федерации.pdf:page_1173, Налоговый кодекс Российской Федерации.pdf:page_1179, Налоговый кодекс Российской Федерации.pdf:page_1199, Налоговый кодекс Российской Федерации.pdf:page_1530, Налоговый кодекс Российской Федерации.pdf:page_1582, Налоговый кодекс Российской Федерации.pdf:page_69, Налоговый кодекс Российской Федерации.pdf:page_902, Налоговый кодекс Российской Федерации.pdf:page_915"
"Что влечет наложение административного штрафа на должностных лиц за нарушение правил эксплуатации, неиспользование сооружений, оборудования или аппаратуры для очистки газов и контроля выбросов вредных веществ в атмосферный воздух?","В предоставленном тексте **нет соответствующей статьи/части**, где указано, что именно влечет наложение административного штрафа на должностных лиц за **нарушение правил эксплуатации, неиспользование сооружений, оборудования или аппаратуры для очистки газов и контроля выбросов вредных веществ в атмосферный воздух**.

**Ответ: нет в документах.**","Административный кодекс Российской Федерации.pdf:page_106, Административный кодекс Российской Федерации.pdf:page_108, Административный кодекс Российской Федерации.pdf:page_109, Административный кодекс Российской Федерации.pdf:page_111, Административный кодекс Российской Федерации.pdf:page_114, Административный кодекс Российской Федерации.pdf:page_121, Административный кодекс Российской Федерации.pdf:page_137, Административный кодекс Российской Федерации.pdf:page_139, Административный кодекс Российской Федерации.pdf:page_143, Административный кодекс Российской Федерации.pdf:page_150"
"Что такое мониторинг, основанный на добровольном участии контролируемых лиц?","В представленном фрагменте сказано следующее:

**«В рамках федерального контроля осуществляются мониторинг, основанный на добровольном участии контролируемых лиц…»**

То есть это **мониторинг в рамках федерального контроля**, который проводится **на основе добровольного участия контролируемых лиц**.","Бюджетный кодекс Российской Федерации.pdf:page_257, Водный кодекс Российской Федерации.pdf:page_19, Кодекс внутреннего водного транспорта Российской Федерации.pdf:page_5, Налоговый кодекс Российской Федерации.pdf:page_1185, Налоговый кодекс Российской Федерации.pdf:page_244, Налоговый кодекс Российской Федерации.pdf:page_323, Налоговый кодекс Российской Федерации.pdf:page_339, Налоговый кодекс Российской Федерации.pdf:page_345, Налоговый кодекс Российской Федерации.pdf:page_37, Налоговый кодекс Российской Федерации.pdf:page_851"
При каких условиях выгодоприобретатель принимает обязательства по договору морского страхования?,"В представленных фрагментах указано следующее:

- **Страхователь (и выгодоприобретатель) по договору морского страхования в пользу выгодоприобретателя**: при страховании в пользу выгодоприобретателя **страхователь пользуется всеми правами по договору без доверенности** (ст. 255).  
- **В случае требования о выплате**: страховщик вправе **требовать от выгодоприобретателя** выполнения обязанностей по договору страхования (включая обязанности, которые лежат на страхователе), **при предъявлении выгодоприобретателем требования о выплате страхового возмещения/страховой суммы** (указанный фрагмент комментариев/нормы: риск последствий невыполнения обязанностей несет выгодоприобретатель).

**Ответ на вопрос “при каких условиях выгодоприобретатель принимает обязательства” (по тексту):**  
Выгодоприобретатель принимает/на него могут быть возложены обязанности **когда он предъявляет страховщику требование о выплате страхового возмещения (или страховой суммы)** — тогда страховщик вправе потребовать от него выполнения обязанностей по договору страхования (ст. в приведенном фрагменте рядом с комментариями; точный номер статьи в предоставленном тексте не указан).","Гражданский кодекс Российской Федерации.pdf:page_388, Гражданский кодекс Российской Федерации.pdf:page_389, Гражданский кодекс Российской Федерации.pdf:page_390, Гражданский кодекс Российской Федерации.pdf:page_397, Кодекс внутреннего водного транспорта Российской Федерации.pdf:page_67, Кодекс внутреннего водного транспорта Российской Федерации.pdf:page_69, Кодекс торгового мореплавания Российской Федерации.pdf:page_82, Кодекс торгового мореплавания Российской Федерации.pdf:page_83, Кодекс торгового мореплавания Российской Федерации.pdf:page_84, Кодекс торгового мореплавания Российской Федерации.pdf:page_87"
Какое наименование должно быть присвоено выпуску проектной документации?,"В тексте есть фраза: **«Наименование выпуска»** (в блоке **«СОСТАВ ПРОЕКТНОЙ ДОКУМЕНТАЦИИ»** и в других местах), но конкретного значения/готового наименования выпуска не указано.

**Ответ:** в документах не указано конкретное наименование; требуется заполнить поле **«Наименование выпуска»**.","Data1_10_10849_index.pdf:page_10, Data1_10_10849_index.pdf:page_11, Data1_10_10849_index.pdf:page_14, Data1_10_10849_index.pdf:page_15, Data1_10_10849_index.pdf:page_16, Data1_10_10849_index.pdf:page_17, Data1_10_10849_index.pdf:page_18, Data1_10_10849_index.pdf:page_7, Data1_10_10849_index.pdf:page_8, Data1_10_10859_index.pdf:page_6"
Как определяется геометрический КЕО в расчетной точке по ГОСТ МДС 31-8.2002?,"Геометрический КЕО в расчетной точке определяется **по методу подсчета лучей** (геометрического КЕО) по ГОСТ МДС 31-8.2002, изложенному в предоставленном фрагменте как последовательность для расчета:

1) **График I** накладывают на **поперечный разрез** помещения:  
   - центр графика «0» совмещают с **расчетной точкой**;  
   - нижнюю линию графика — со **следом условной рабочей поверхности (у.р.п.)**.  
2) Подсчитывают число **лучей n1**, проходящих от небосвода в расчетную точку через световые проемы.  
3) Отмечают **номер полуокружности** графика I, проходящей через **середину светопроема**.  
4) **График II** накладывают на **продольный разрез** помещения так, чтобы:  
   - вертикальная ось графика и  
   - горизонталь с номером, соответствующим отмеченному номеру полуокружности графика I,  
   проходили через **середину светопроема**.  
5) Подсчитывают число **лучей n2** по графику II, проходящих через световые проемы.  
6) Далее определяется **eв по формуле (1)**.  

Также указано правило выбора расчетных точек: **первая и последняя расчетные точки принимаются на расстоянии 1 м от стен (перегородок) или осей колонн**.

Часть про конкретную формулу для `eв` (и как именно из `n1`, `n2` она получается) в приведенном тексте **обрывается**: формулировка **“определяется eв по формуле (1)”** есть, но сама формула (1) в документе в вашем фрагменте **отсутствует**.","Data1_10_10846_index.pdf:page_12, Data1_10_10846_index.pdf:page_13, Data1_10_10846_index.pdf:page_14, Data1_10_10846_index.pdf:page_15, Data1_10_10846_index.pdf:page_34, Data1_10_10846_index.pdf:page_41, Data1_10_10846_index.pdf:page_42, Data1_11_11285_index.pdf:page_21, Data1_11_11285_index.pdf:page_43, Data1_11_11285_index.pdf:page_62"
Препятствует ли прекращение производства обращению других лиц?,"В предоставленных фрагментах прямо сказано, что **в случае прекращения производства по делу повторное обращение в арбитражный суд по спору между теми же лицами, о том же предмете и по тем же основаниям не допускается** (ст. 151 АПК РФ).

Также указано исключение: **кроме случая прекращения производства по делу о защите прав и законных интересов группы лиц** (ч. 7 ст. 225.15 АПК РФ).

Про то, **препятствует ли прекращение производства обращению “других лиц”** (не тех же, не “тех же лиц” в смысле тождества сторон), в приведённом тексте **нет прямого ответа**.","Административный кодекс Российской Федерации.pdf:page_508, Арбитражный процессуальный кодекс Российской Федерации.pdf:page_74, Арбитражный процессуальный кодекс Российской Федерации.pdf:page_76, Арбитражный процессуальный кодекс Российской Федерации.pdf:page_77, Гражданский процессуальный кодекс Российской Федерации.pdf:page_19, Гражданский процессуальный кодекс Российской Федерации.pdf:page_87, Гражданский процессуальный кодекс Российской Федерации.pdf:page_88, Кодекс административного судопроизводства Российской Федерации.pdf:page_100, Кодекс административного судопроизводства Российской Федерации.pdf:page_175, Уголовно-процессуальный кодекс Российской Федерации.pdf:page_14"
"В каких случаях судебные расходы, понесенные судом, взыскиваются с административного ответчика?","В предоставленном фрагменте **нет положений, где прямо указано**, что судебные расходы, понесенные судом, взыскиваются с **административного ответчика**.

Есть лишь общие/смежные правила, например:
- при **отказе в иске** судебные расходы взыскиваются с **административного истца** (и в доход федерального бюджета);
- в случае, если **обе стороны освобождены**, расходы возмещаются за счет бюджета.

👉 Поэтому по вопросу: **«в каких случаях судебные расходы… взыскиваются с административного ответчика?»** — в тексте **нет в документах**.","Гражданский процессуальный кодекс Российской Федерации.pdf:page_36, Гражданский процессуальный кодекс Российской Федерации.pdf:page_40, Кодекс административного судопроизводства Российской Федерации.pdf:page_147, Кодекс административного судопроизводства Российской Федерации.pdf:page_186, Кодекс административного судопроизводства Российской Федерации.pdf:page_187, Кодекс административного судопроизводства Российской Федерации.pdf:page_57, Кодекс административного судопроизводства Российской Федерации.pdf:page_60, Кодекс административного судопроизводства Российской Федерации.pdf:page_61, Кодекс административного судопроизводства Российской Федерации.pdf:page_63, Уголовно-процессуальный кодекс Российской Федерации.pdf:page_94"
Какова цель документа МДС 41-3.2000?,"Цель документа **МДС 41-3.2000** — оказание **методической помощи энергоснабжающим (теплоснабжающим) организациям** и **абонентам** при организации надежного функционирования и экономичной работы систем коммунального теплоснабжения, а также помощь **органам управления жилищно-коммунальным хозяйством субъектов РФ и органам местного самоуправления** при разработке организационно-распорядительных и нормативно-технических документов, направленных на **энергосбережение** при производстве, передаче, распределении и потреблении тепловой энергии.","Data1_10_10846_index.pdf:page_1, Data1_10_10846_index.pdf:page_3, Data1_10_10852_index.pdf:page_1, Data1_10_10859_index.pdf:page_1, Data1_10_10866_index.pdf:page_1, Data1_10_10869_index.pdf:page_1, Data1_10_10871_index.pdf:page_1, Data1_10_10872_index.pdf:page_1, Data1_1_1879_index.pdf:page_1, Data1_2_2069_index.pdf:page_1"
"Как определяется рыночная стоимость земельного участка, если разрешенное использование изменено для строительства объектов федерального значения?","В тексте указано следующее:

- **Рыночная стоимость земельного участка определяется исходя из разрешенного использования на день, предшествующий дню принятия решения об изъятии земельного участка** (п. 5).
- **Если до этого дня разрешенное использование изменено для строительства, реконструкции объектов федерального значения**, то **рыночная стоимость земельного участка определяется с учетом этой измененной ситуации** (в тексте начинается продолжение этой нормы, но оно обрывается: “рыночная стоимость земельного участка или рыночная стоимость прекращ…”).

Иными словами, прямо сказано, что при изменении разрешенного использования **под строительство объектов федерального значения** применяется оценка, связанная с таким изменением (на условиях продолжения нормы, которое в предоставленном фрагменте не раскрыто полностью).","Градостроительный кодекс Российской Федерации.pdf:page_82, Градостроительный кодекс Российской Федерации.pdf:page_89, Градостроительный кодекс Российской Федерации.pdf:page_91, Гражданский кодекс Российской Федерации.pdf:page_147, Земельный кодекс Российской Федерации.pdf:page_144, Земельный кодекс Российской Федерации.pdf:page_156, Земельный кодекс Российской Федерации.pdf:page_157, Земельный кодекс Российской Федерации.pdf:page_162, Земельный кодекс Российской Федерации.pdf:page_195, Земельный кодекс Российской Федерации.pdf:page_72"
На каком сайте можно найти комментарии к статьям Налогового кодекса РФ?,Комментарии к статьям Налогового кодекса РФ можно найти на сайте: **https://nkodeksrf.ru/**.,"Налоговый кодекс Российской Федерации.pdf:page_0, Налоговый кодекс Российской Федерации.pdf:page_15, Налоговый кодекс Российской Федерации.pdf:page_2, Налоговый кодекс Российской Федерации.pdf:page_251, Налоговый кодекс Российской Федерации.pdf:page_26, Налоговый кодекс Российской Федерации.pdf:page_263, Налоговый кодекс Российской Федерации.pdf:page_350, Налоговый кодекс Российской Федерации.pdf:page_353, Налоговый кодекс Российской Федерации.pdf:page_385, Налоговый кодекс Российской Федерации.pdf:page_93"
"Как можно снизить вязкость растворов силиката при радиусах закрепления 0,7 м и более (ГОСТ 3.02.01-83)?","В приведённом тексте есть частичный ответ: указано, что **стабильные растворы обладают высокой динамической вязкостью**, что ограничивает их применение в грунтах с относительно тонкой трещиноватостью, и что растворы с суглинком и глиной с большим содержанием крупных фракций особенно неудобны.  

Также прямо сказано, что **для уменьшения вязкости/ухудшения стабильности** в ряде случаев применяют **разжижающиеся решения** (например, что стабильные растворы в крупных трещинах могут разжижаться при турбулентном перемешивании с грунтовой водой и терять способность к схватыванию).  

Однако конкретно про **снижение вязкости растворов силиката при радиусах закрепления 0,7 м и более (ГОСТ 3.02.01-83)** в предоставленном фрагменте **нет**.

**Ответ:** нет в документах (по требуемому параметру и именно для растворов силиката при радиусе 0,7 м и более).","Data1_10_10846_index.pdf:page_3, Data1_10_10852_index.pdf:page_15, Data1_11_11295_index.pdf:page_16, Data1_11_11295_index.pdf:page_20, Data1_11_11295_index.pdf:page_28, Data1_11_11295_index.pdf:page_38, Data1_11_11295_index.pdf:page_47, Data1_11_11295_index.pdf:page_5, Data1_11_11295_index.pdf:page_7, Data1_2_2079_index.pdf:page_17"
Какие дополнительные выплаты стимулирующего характера учитываются в расчетах согласно ГОСТ МДС 81-7.2000?,"В представленном фрагменте прямо указано, что в расчетах учитываются **«дополнительные выплаты стимулирующего характера»** (в пункте **1.2**) — но **перечня конкретных видов стимулирующих выплат в этом тексте нет**.

Иных деталей, раскрывающих, *какие именно* стимулирующие выплаты входят (какие премии/надбавки и т.п.), в данном отрывке также не приведено.","Data1_10_10754_index.pdf:page_3, Data1_10_10848_index.pdf:page_10, Data1_10_10848_index.pdf:page_4, Data1_10_10848_index.pdf:page_7, Data1_10_10848_index.pdf:page_9, Data1_10_10864_index.pdf:page_10, Data1_10_10864_index.pdf:page_12, Data1_10_10864_index.pdf:page_34, Data1_2_2116_index.pdf:page_10, Налоговый кодекс Российской Федерации.pdf:page_940"
Какие данные о гранулометрическом составе грунтов необходимы для проектирования инъекционного химзакрепления согласно СНиП 3.02.01-83?,"В приведённом фрагменте текста **нет указаний**, какие именно данные **о гранулометрическом составе** грунтов требуются для проектирования инъекционного химзакрепления по СНиП 3.02.01-83.

Упоминаются другие исходные данные/испытания (например, **pH грунтов**, **емкость поглощения**, **коэффициент фильтрации**, характеристики грунтов, группы грунтов, область применения реагентов по типам грунта и т.п.), но **гранулометрический состав** прямо не назван и требований к нему **в этом фрагменте нет**.

**Ответ: нет в документах.**","Data1_11_11295_index.pdf:page_10, Data1_11_11295_index.pdf:page_13, Data1_11_11295_index.pdf:page_14, Data1_11_11295_index.pdf:page_16, Data1_11_11295_index.pdf:page_25, Data1_11_11295_index.pdf:page_29, Data1_11_11295_index.pdf:page_42, Data1_11_11295_index.pdf:page_47, Data1_11_11295_index.pdf:page_5, Data1_2_2079_index.pdf:page_17"
Какая средняя температура за июль в Печоре согласно ГОСТ МДС 31-8.2002?,"В приведённом фрагменте ГОСТ МДС 31-8.2002 указано, что **для Печоры среднемесячная температура за июль составляет 21,7 °С**.","Data1_10_10846_index.pdf:page_21, Data1_10_10846_index.pdf:page_23, Data1_10_10846_index.pdf:page_24, Data1_10_10846_index.pdf:page_25, Data1_10_10846_index.pdf:page_26, Data1_10_10846_index.pdf:page_27, Data1_10_10846_index.pdf:page_28, Data1_10_10846_index.pdf:page_40, Data1_10_10871_index.pdf:page_6, Налоговый кодекс Российской Федерации.pdf:page_596"
Какая специальная информационная дорожка должна предусматриваться в зале для специальной физической подготовки инвалидов согласно ГОСТ МДС 35-7.2000?,В тексте указано: **в зале предусмотрена специальная информационная дорожка для инвалидов с ДЗ**.,"Data1_10_10846_index.pdf:page_32, Data1_10_10847_index.pdf:page_15, Data1_10_10847_index.pdf:page_25, Data1_10_10847_index.pdf:page_26, Data1_10_10847_index.pdf:page_27, Data1_10_10847_index.pdf:page_32, Data1_10_10847_index.pdf:page_37, Data1_10_10847_index.pdf:page_4, Data1_10_10847_index.pdf:page_5, Data1_10_10847_index.pdf:page_6"
"Какова важность правильного реагирования на запросы заказчиков, согласно ГОСТ МДС 11-11.2000?","В предоставленном фрагменте **ГОСТ (МДС) 11-11.2000** прямого формулирования про «важность правильного реагирования на запросы заказчиков» **нет в документах**.

В тексте выше встречаются лишь общие положения про маркетинг, работу управляющего проектом и методы взаимодействия с заказчиками/инвесторами (в т.ч. прямой и косвенный маркетинг, исследования рынка, реклама и т.п.), но **конкретной нормы именно о реагировании на запросы заказчиков** в показанном фрагменте я не вижу.","Data1_10_10858_index.pdf:page_1, Data1_10_10858_index.pdf:page_19, Data1_10_10858_index.pdf:page_24, Data1_10_10858_index.pdf:page_25, Data1_10_10858_index.pdf:page_5, Data1_10_10859_index.pdf:page_6, Data1_10_10863_index.pdf:page_1, Data1_10_10872_index.pdf:page_1, Data1_1_1804_index.pdf:page_2, Гражданский кодекс Российской Федерации.pdf:page_312"
Какова роль канатного моста (элемент 3) в проекте площадки с зоной водных игр согласно ГОСТ МДС 35-7.2000?,"В предоставленном тексте **нет в документах** ответа на вопрос о роли канатного моста (элемент **3**) именно **согласно ГОСТ МДС 35-7.2000**.  

Также в тексте встречается лишь перечисление элементов площадки и их условные номера, но **не раскрывается их назначение/функция** в смысле требований ГОСТ (в частности, для канатного моста).","Data1_10_10847_index.pdf:page_13, Data1_10_10847_index.pdf:page_14, Data1_10_10847_index.pdf:page_15, Data1_10_10847_index.pdf:page_17, Data1_10_10847_index.pdf:page_19, Data1_10_10847_index.pdf:page_4, Data1_10_10847_index.pdf:page_7, Data1_10_10865_index.pdf:page_32, Data1_11_11835_index.pdf:page_5, Data1_1_1879_index.pdf:page_25"
"Какова ответственность за нарушение правил использования на территории Российской Федерации спутниковых сетей связи, находящихся под юрисдикцией иностранных государств, для должностных лиц?","В приведённом фрагменте **нет информации** об ответственности за нарушение правил использования на территории РФ **спутниковых сетей связи, находящихся под юрисдикцией иностранных государств** для должностных лиц.","Административный кодекс Российской Федерации.pdf:page_200, Административный кодекс Российской Федерации.pdf:page_201, Административный кодекс Российской Федерации.pdf:page_203, Административный кодекс Российской Федерации.pdf:page_233, Административный кодекс Российской Федерации.pdf:page_234, Административный кодекс Российской Федерации.pdf:page_235, Административный кодекс Российской Федерации.pdf:page_236, Административный кодекс Российской Федерации.pdf:page_405, Административный кодекс Российской Федерации.pdf:page_406, Уголовный кодекс Российской Федерации.pdf:page_215"
Как определяется базовая цена проектирования объединенных или сблокированных зданий научно-исследовательских учреждений согласно СНиП?,нет в документах,"Data1_10_10859_index.pdf:page_7, Data1_11_11835_index.pdf:page_14, Data1_11_11835_index.pdf:page_15, Data1_11_11835_index.pdf:page_3, Data1_11_11835_index.pdf:page_4, Data1_11_11835_index.pdf:page_5, Data1_11_11835_index.pdf:page_8, Data1_11_11835_index.pdf:page_9, Data1_2_2076_index.pdf:page_1, Data1_2_2081_index.pdf:page_23"
"Какие статьи КоАП рассматривают судьи, если дело возбуждено инспектором Счетной палаты Российской Федерации, согласно пункту 1.1 статьи 23.1?",нет в документах,"Административный кодекс Российской Федерации.pdf:page_0, Административный кодекс Российской Федерации.pdf:page_453, Административный кодекс Российской Федерации.pdf:page_456, Административный кодекс Российской Федерации.pdf:page_457, Административный кодекс Российской Федерации.pdf:page_458, Административный кодекс Российской Федерации.pdf:page_459, Административный кодекс Российской Федерации.pdf:page_481, Административный кодекс Российской Федерации.pdf:page_499, Административный кодекс Российской Федерации.pdf:page_505, Административный кодекс Российской Федерации.pdf:page_575"
Кто должен подписывать диагностическую карту крана согласно ТИПОВЫМ НОРМАМ?,"Диагностическая карта подписывается **инженерно‑техническим работником, выполнившим диагностические работы**.","Data1_10_10855_index.pdf:page_3, Data1_10_10855_index.pdf:page_4, Data1_10_10855_index.pdf:page_5, Data1_10_10855_index.pdf:page_6, Data1_10_10855_index.pdf:page_7, Data1_10_10855_index.pdf:page_8, Data1_10_10862_index.pdf:page_9, Data1_11_11285_index.pdf:page_78, Data1_2_2073_index.pdf:page_10, Data1_2_2073_index.pdf:page_9"
Какие полномочия имеют законные представители?,"В представленных фрагментах есть нормы о полномочиях/защите законных представителей, в частности:

- **ГК РФ (ст. 52)**: права, свободы и законные интересы **недееспособных или не обладающих полной дееспособностью** граждан защищают в суде **родители, усыновители, опекуны, попечители или иные лица, которым это право предоставлено федеральным законом**. Также по делу гражданина, признанного **безвестно отсутствующим**, представителем выступает **лицо, которому передано в доверительное управление имущество** безвестно отсутствующего (ч. 1 и 2 ст. 52).

Других конкретных перечней полномочий законных представителей (помимо указания, что они защищают интересы соответствующих лиц) в предоставленном тексте **нет**.","Арбитражный процессуальный кодекс Российской Федерации.pdf:page_30, Гражданский кодекс Российской Федерации.pdf:page_117, Гражданский процессуальный кодекс Российской Федерации.pdf:page_16, Гражданский процессуальный кодекс Российской Федерации.pdf:page_21, Гражданский процессуальный кодекс Российской Федерации.pdf:page_22, Гражданский процессуальный кодекс Российской Федерации.pdf:page_23, Кодекс административного судопроизводства Российской Федерации.pdf:page_37, Кодекс административного судопроизводства Российской Федерации.pdf:page_4, Налоговый кодекс Российской Федерации.pdf:page_89, Уголовно-процессуальный кодекс Российской Федерации.pdf:page_34"
Когда считается дата подачи заявки на товарный знак?,"Дата подачи заявки на товарный знак считается день поступления в федеральный орган исполнительной власти по интеллектуальной собственности документов, предусмотренных подпунктами 1–3 пункта 3 статьи 1512, а если указанные документы представлены не одновременно — день поступления последнего документа.","Гражданский кодекс Российской Федерации.pdf:page_511, Гражданский кодекс Российской Федерации.pdf:page_569, Гражданский кодекс Российской Федерации.pdf:page_577, Гражданский кодекс Российской Федерации.pdf:page_578, Гражданский кодекс Российской Федерации.pdf:page_579, Гражданский кодекс Российской Федерации.pdf:page_596, Гражданский кодекс Российской Федерации.pdf:page_610, Гражданский кодекс Российской Федерации.pdf:page_634, Гражданский кодекс Российской Федерации.pdf:page_651, Таможенный кодекс Евразийского экономического союза.pdf:page_443"
"Какие действия следует предпринять при обнаружении осадочных трещин согласно ТП-70 С., СНиП II-22-81, СНиП 2.03.01-84*?",нет в документах,"Data1_10_10852_index.pdf:page_15, Data1_10_10861_index.pdf:page_14, Data1_10_10861_index.pdf:page_19, Data1_10_10861_index.pdf:page_26, Data1_10_10861_index.pdf:page_42, Data1_10_10861_index.pdf:page_7, Data1_11_11285_index.pdf:page_70, Data1_11_11295_index.pdf:page_25, Data1_1_1879_index.pdf:page_22, Data1_1_1879_index.pdf:page_4"
Какое заключение должен дать эксперт?,"Эксперт должен дать **заключение** в письменной форме (от своего имени либо комиссией экспертов) **на основании проведенных исследований и с учетом их результатов** (см. фрагменты о том, что эксперт дает заключение в письменной форме и подписывает его).","Data1_10_10859_index.pdf:page_2, Data1_10_10863_index.pdf:page_3, Административный кодекс Российской Федерации.pdf:page_519, Арбитражный процессуальный кодекс Российской Федерации.pdf:page_41, Кодекс административного судопроизводства Российской Федерации.pdf:page_31, Кодекс административного судопроизводства Российской Федерации.pdf:page_47, Кодекс административного судопроизводства Российской Федерации.pdf:page_48, Кодекс административного судопроизводства Российской Федерации.pdf:page_93, Уголовно-процессуальный кодекс Российской Федерации.pdf:page_141, Уголовно-процессуальный кодекс Российской Федерации.pdf:page_48"
Какой СНиП документа указан в методических рекомендациях по разработке сборников ресурсных сметных норм на монтаж оборудования?,"В предоставленном фрагменте указано, что при разработке РСН следует учитывать:

**главы 3-й части СНиП “Организация производства и приемки работ”**.","Data1_10_10062_index.pdf:page_3, Data1_10_10848_index.pdf:page_6, Data1_10_10864_index.pdf:page_14, Data1_2_2073_index.pdf:page_1, Data1_2_2073_index.pdf:page_11, Data1_2_2073_index.pdf:page_2, Data1_2_2073_index.pdf:page_7, Data1_2_2076_index.pdf:page_2, Data1_2_2076_index.pdf:page_3, Data1_2_2117_index.pdf:page_1"
Какие требования к увеличению пропускной способности существующей сети и производительности подогревательной и насосной установок должны быть указаны в технических условиях согласно СНиП?,"В приведённом фрагменте указано, что в **технических условиях** следует указывать требования по:

**«требования (при необходимости) об увеличении пропускной способности существующей сети и производительности подогревательной и насосной установок…»**  

Больше конкретных численных/детальных требований в данном тексте **нет**.","Data1_10_10852_index.pdf:page_14, Data1_10_10852_index.pdf:page_21, Data1_10_10852_index.pdf:page_27, Data1_10_10852_index.pdf:page_28, Data1_10_10859_index.pdf:page_6, Data1_10_10871_index.pdf:page_16, Data1_10_10871_index.pdf:page_7, Data1_10_10871_index.pdf:page_8, Data1_2_2096_index.pdf:page_3, Data1_2_2096_index.pdf:page_4"
Какие требования предъявляются к технической документации на узел учета?,"В тексте указано требование к составу и содержанию **технической документации на узел учета**:

- «**Техническая документация на узел учета** (принципиальная схема теплового пункта с указанием мест размещения средств измерений; монтажная схема узла учета; пояснительная записка с обосн…) должна соответствовать действующим Правилам учета тепловой энергии и теплоносителя.»

То есть в документацию должны входить:
1) **принципиальная схема теплового пункта** с указанием мест размещения средств измерений;  
2) **монтажная схема узла учета**;  
3) **пояснительная записка** (в тексте обрезан конец фразы, но указано что она должна содержать обоснование).

Дополнительно в другом месте текста упоминается, что узел учета должен иметь документы по допуску к эксплуатации: «Комиссией с��ставляется **акт приемки узла учета в эксплуатацию**».","Data1_10_10861_index.pdf:page_32, Data1_10_10870_index.pdf:page_10, Data1_10_10870_index.pdf:page_3, Data1_10_10870_index.pdf:page_4, Data1_10_10870_index.pdf:page_7, Data1_10_10870_index.pdf:page_8, Data1_10_10871_index.pdf:page_3, Data1_10_10871_index.pdf:page_6, Data1_10_10871_index.pdf:page_8, Data1_1_1904_index.pdf:page_27"
Какой ГОСТ или СНиП определяет методику расчета сметной прибыли?,"В приведённом тексте методика определения сметной прибыли установлена ссылкой на:

- **Методические рекомендации по определению величины сметной прибыли при формировании свободных цен на строительную продукцию** (письмо Минстроя России от **30.10.92 № БФ-906/12**).  

Также в тексте прямо указано, что **величину сметной прибыли рекомендуется определять** по **рекомендуемому общеотраслевому нормативу** (50% к средствам на оплату труда рабочих и рабочих, обслуживающих строительные машины, или 12% к сметной себестоимости работ) либо по **индивидуальной норме** для конкретной организации.","Data1_10_10846_index.pdf:page_3, Data1_10_10848_index.pdf:page_3, Data1_10_10859_index.pdf:page_8, Data1_2_2069_index.pdf:page_7, Data1_2_2075_index.pdf:page_6, Data1_2_2079_index.pdf:page_7, Data1_2_2080_index.pdf:page_15, Data1_2_2082_index.pdf:page_5, Data1_2_2096_index.pdf:page_2, Data1_2_2117_index.pdf:page_4"
Какие организации могут разрабатывать и применять собственные РСН на монтируемое ими оборудование согласно МДС 81-13.2000?,"Согласно **п. 1.2 МДС 81-13.2000**: заинтересованные организации **вправе разрабатывать и применять собственные РСН** на монтируемое ими оборудование и выполнение работы.  

В тексте также указано, что РСН предназначены для применения организациями, предприятиями и физическими лицами (инвесторами и подрядчиками) независимо от ведомственной принадлежности и форм собственности, но конкретно право разрабатывать/применять собственные РСН сформулировано как **«заинтересованные организации»**.","Data1_10_10754_index.pdf:page_2, Data1_10_10754_index.pdf:page_3, Data1_10_10846_index.pdf:page_3, Data1_10_10859_index.pdf:page_1, Data1_10_10862_index.pdf:page_1, Data1_10_10864_index.pdf:page_1, Data1_10_10871_index.pdf:page_1, Data1_2_2073_index.pdf:page_1, Data1_2_2073_index.pdf:page_7, Data1_2_2076_index.pdf:page_1"
"Каков максимальный срок наказания по совокупности приговоров, если оно менее строгое, чем лишение свободы?","В представленных фрагментах нет нормы о **максимальном сроке наказания по совокупности приговоров**, когда оно **менее строгое, чем лишение свободы**.

Поскольку нужное правило в тексте не приведено (упоминаются только общие отсылки к статьям 69 и 70, но их соответствующие положения в документе отсутствуют), корректный ответ: **нет в документах**.","Уголовный кодекс Российской Федерации.pdf:page_13, Уголовный кодекс Российской Федерации.pdf:page_18, Уголовный кодекс Российской Федерации.pdf:page_20, Уголовный кодекс Российской Федерации.pdf:page_24, Уголовный кодекс Российской Федерации.pdf:page_25, Уголовный кодекс Российской Федерации.pdf:page_28, Уголовный кодекс Российской Федерации.pdf:page_3, Уголовный кодекс Российской Федерации.pdf:page_33, Уголовный кодекс Российской Федерации.pdf:page_4, Уголовный кодекс Российской Федерации.pdf:page_41"
Какие лицензии должны иметь инженерно-консультационные организации?,"В тексте сказано, что **инженерно-консультационная организация должна иметь лицензии на те виды работ, по которым она привлекается тендерным комитетом, организатором торгов или претендентом**.","Data1_10_10851_index.pdf:page_3, Data1_10_10858_index.pdf:page_13, Data1_10_10858_index.pdf:page_9, Data1_10_10866_index.pdf:page_2, Data1_10_10866_index.pdf:page_6, Градостроительный кодекс Российской Федерации.pdf:page_114, Градостроительный кодекс Российской Федерации.pdf:page_136, Жилищный кодекс Российской Федерации.pdf:page_134, Налоговый кодекс Российской Федерации.pdf:page_1293, Налоговый кодекс Российской Федерации.pdf:page_547"
Что влечет наложение административного штрафа по статье 16.8?,"По **статье 16.8** за **причаливание к находящимся под таможенным контролем водному судну или другим плавучим средствам** (за исключением случаев, когда такое причаливание допускается) влечет:

- **предупреждение** или **административный штраф**:
  - для **граждан** — **от 500 до 1 000 рублей**;
  - для **должностных лиц** — **от 1 000 до 2 000 рублей**;
  - для **юридических лиц** — **от 10 000 до 20 000 рублей**.","Административный кодекс Российской Федерации.pdf:page_118, Административный кодекс Российской Федерации.pdf:page_301, Административный кодекс Российской Федерации.pdf:page_353, Административный кодекс Российской Федерации.pdf:page_354, Административный кодекс Российской Федерации.pdf:page_356, Административный кодекс Российской Федерации.pdf:page_358, Административный кодекс Российской Федерации.pdf:page_360, Административный кодекс Российской Федерации.pdf:page_362, Административный кодекс Российской Федерации.pdf:page_364, Административный кодекс Российской Федерации.pdf:page_365"
Какой минимальный уровень расчетных налоговых доходов должен быть установлен?,"В предоставленном фрагменте указано, что **уровень расчетных налоговых доходов** устанавливается **законом субъекта РФ**:

> «…расчетные налоговые доходы местных бюджетов … **превышали уровень, установленный законом субъекта Российской Федерации**».

При этом **конкретного числа или минимального уровня в тексте нет** — только формулировка “уровень, установленный законом субъекта Российской Федерации”.

**Ответ:** нет в документах.","Бюджетный кодекс Российской Федерации.pdf:page_231, Налоговый кодекс Российской Федерации.pdf:page_1206, Налоговый кодекс Российской Федерации.pdf:page_1373, Налоговый кодекс Российской Федерации.pdf:page_1499, Налоговый кодекс Российской Федерации.pdf:page_1510, Налоговый кодекс Российской Федерации.pdf:page_1512, Налоговый кодекс Российской Федерации.pdf:page_802, Налоговый кодекс Российской Федерации.pdf:page_829, Налоговый кодекс Российской Федерации.pdf:page_869, Трудовой кодекс Российской Федерации.pdf:page_81"
Какие формулы используются для вычисления центральных координат точек базисной фигуры согласно СНиП 3.01.03-84?,"В приведенном фрагменте СНиП указаны формулы для **центральных координат** точек базисной фигуры:

- центральные координаты по формулам:
\[
x_0=\frac{\sum x_{iи}}{n}, \qquad y_0=\frac{\sum y_{iи}}{n}
\]

- с их применением для координат сдвига (редукционных составляющих):
\[
x_{0i}=x_{iм}-x_0,\qquad y_{0i}=y_{iи}-y_0
\]

(где \(n\) — число точек базисной фигуры; индекс \(и\) — на исходном горизонте, \(м\) — на монтажном).","Data1_10_10846_index.pdf:page_34, Data1_11_11285_index.pdf:page_13, Data1_11_11285_index.pdf:page_14, Data1_11_11285_index.pdf:page_15, Data1_11_11285_index.pdf:page_18, Data1_11_11285_index.pdf:page_19, Data1_11_11285_index.pdf:page_20, Data1_11_11285_index.pdf:page_21, Data1_11_11285_index.pdf:page_42, Data1_11_11285_index.pdf:page_74"
Какая дата указывается в постановлении о досрочном прекращении исполнения административного наказания?,нет в документах,"Административный кодекс Российской Федерации.pdf:page_31, Административный кодекс Российской Федерации.pdf:page_542, Административный кодекс Российской Федерации.pdf:page_571, Административный кодекс Российской Федерации.pdf:page_587, Административный кодекс Российской Федерации.pdf:page_607, Уголовно-исполнительный кодекс Российской Федерации.pdf:page_24, Уголовно-исполнительный кодекс Российской Федерации.pdf:page_90, Уголовно-исполнительный кодекс Российской Федерации.pdf:page_94, Уголовно-процессуальный кодекс Российской Федерации.pdf:page_278, Уголовный кодекс Российской Федерации.pdf:page_32"
Какие работы по усилению стропильных ног предусмотрены в соответствии с ГОСТ МДС 14-13.2000?,"В приведённом фрагменте ГОСТ/МДС **МДС 14-13.2000** (раздел IV «Крыши и покрытия») указана работа по усилению стропильных ног:

1) **«Усиление стропильных ног нашивкой обрезков досок или других дополнительных креплений.»**","Data1_10_10855_index.pdf:page_1, Data1_10_10855_index.pdf:page_6, Data1_10_10855_index.pdf:page_7, Data1_10_10862_index.pdf:page_1, Data1_11_11285_index.pdf:page_30, Data1_11_11285_index.pdf:page_56, Data1_11_11295_index.pdf:page_2, Data1_1_1879_index.pdf:page_18, Data1_1_1879_index.pdf:page_26, Data1_1_1879_index.pdf:page_27"
Какие отходы приобретают статус иностранных товаров?,"В тексте указано:

**Отходы, образовавшиеся в результате уничтожения товаров (за исключением отходов, указанных в пункте 5 статьи), приобретают статус иностранных товаров.**  
(фрагмент: “Отходы, образовавшиеся в результате уничтожения товаров, за исключением отходов, указанных в пункте 5 настоящей статьи, приобретают статус иностранных товаров.”)

Также в предоставленном фрагменте есть часть про отходы при переработке и их режим, но прямой ответ про статус иностранных товаров в вашем вопросе дан именно для **отходов от уничтожения**.","Налоговый кодекс Российской Федерации.pdf:page_425, Таможенный кодекс Евразийского экономического союза.pdf:page_142, Таможенный кодекс Евразийского экономического союза.pdf:page_192, Таможенный кодекс Евразийского экономического союза.pdf:page_206, Таможенный кодекс Евразийского экономического союза.pdf:page_218, Таможенный кодекс Евразийского экономического союза.pdf:page_227, Таможенный кодекс Евразийского экономического союза.pdf:page_239, Таможенный кодекс Евразийского экономического союза.pdf:page_240, Таможенный кодекс Евразийского экономического союза.pdf:page_289, Таможенный кодекс Евразийского экономического союза.pdf:page_507"
Какие действия может совершать представитель в арбитражном суде?,"В представленных фрагментах есть частичный ответ: указано, что **лица, участвующие в деле, имеют право** (а значит и их представители действуют в интересах этих лиц) **знакомиться с материалами дела, делать выписки и снимать копии; заявлять отводы; представлять доказательства и знакомиться с доказательствами, представленными другими лицами** — **до начала судебного разбирательства**.

Также в тексте говорится об ограничениях по полномочиям представителя: **представители должны подтверждать свои полномочия доверенностью**, и полномочия представителя должны быть **специально оговорены** в доверенности для ряда действий.

Конкретно перечислены полномочия представителя (в доверенности), такие как:
- **заключение соглашения о примирении сторон** или соглашения по фактическим обстоятельствам;
- **полный или частичный отказ от административного иска** либо **признание административного иска**;
- **изменение предмета или основания административного иска**;
- **передоверие** (передача полномочий другому лицу);
- **подписание заявления о пересмотре судебных актов** по новым/вновь открывшимся обстоятельствам;
- **обжалование судебного акта**;
- **предъявление исполнительного документа к исполнению**;
- **получение присужденных денежных средств или иного имущества**.

И отдельно указано, что **в случае участия адвоката в качестве представителя по назначению суда** он вправе совершать от имени представляемого действия, предусмотренные пунктами 1, 2, 3, 6, 8, 9 части 2 статьи (перечень этих пунктов в фрагменте не показан целиком).

Итого: в документах перечислены **как минимум** права по ознакомлению/доказательствам/отводам и приведен **перечень специальных полномочий**, которые должны быть оговорены в доверенности.","Арбитражный процессуальный кодекс Российской Федерации.pdf:page_10, Арбитражный процессуальный кодекс Российской Федерации.pdf:page_166, Арбитражный процессуальный кодекс Российской Федерации.pdf:page_20, Арбитражный процессуальный кодекс Российской Федерации.pdf:page_27, Арбитражный процессуальный кодекс Российской Федерации.pdf:page_30, Арбитражный процессуальный кодекс Российской Федерации.pdf:page_9, Гражданский процессуальный кодекс Российской Федерации.pdf:page_21, Гражданский процессуальный кодекс Российской Федерации.pdf:page_23, Гражданский процессуальный кодекс Российской Федерации.pdf:page_59, Кодекс административного судопроизводства Российской Федерации.pdf:page_37"
Какие сроки давности привлечения к административной ответственности должны быть учтены?,"В предоставленном фрагменте есть **упоминание сроков давности привлечения к административной ответственности**:

- **1 год со дня совершения административного правонарушения** — для отдельных категорий, указанных в тексте (в частности, в контексте перечисления правонарушений, ответственность за которые предусмотрена, например, **статьями 7.3, 7.5 КоАП РФ**, а также для ряда нарушений в области таможенного, бюджетного, валютного законодательства и др.).

Также в тексте начинается статья, посвящённая давности привлечения:
- **Статья 4.5. “Давность привлечения к административной ответственности”** — но в приведённом фрагменте **полностью не раскрыта** (остается лишь начало: «Постановление по делу об административном правонарушении не…»).

Итого, что можно учесть по тексту: **минимум прямо указан срок “один год” по указанным категориям правонарушений**; **остальные сроки статьи 4.5 в документах не показаны**.","Административный кодекс Российской Федерации.pdf:page_28, Административный кодекс Российской Федерации.pdf:page_30, Административный кодекс Российской Федерации.pdf:page_330, Административный кодекс Российской Федерации.pdf:page_5, Административный кодекс Российской Федерации.pdf:page_575, Административный кодекс Российской Федерации.pdf:page_599, Гражданский кодекс Российской Федерации.pdf:page_123, Налоговый кодекс Российской Федерации.pdf:page_353, Уголовный кодекс Российской Федерации.pdf:page_31, Уголовный кодекс Российской Федерации.pdf:page_36"
Какие документы регулируют порядок исчисления налогов на пользователей автомобильных дорог согласно ГОСТ МДС 81-23.2000?,"В приведённом фрагменте **ГОСТ МДС 81-23.2000** (и в сопутствующем тексте) прямо указано, что порядок отнесения налога на пользователей автомобильных дорог к затратам и включение его в сметные расчёты/стоимость работ определяется налоговым законодательством, но **конкретного перечня документов (каких именно нормативных актов по исчислению налога)** в тексте не приведено.

Частичный ответ из текста:
- «**Средства на возмещение затрат по отчислениям в дорожные фонды, в том числе налог на пользователей автомобильных дорог, определяются в порядке, установленном налоговым законодательством.**»

Ответ по вопросу (какие документы регулируют порядок исчисления налогов):
- **нет в документах** (в предоставленном фрагменте не указаны конкретные документы/нормативные акты по исчислению налога на пользователей автомобильных дорог).","Data1_10_10848_index.pdf:page_2, Data1_10_10848_index.pdf:page_3, Data1_10_10848_index.pdf:page_9, Data1_1_1904_index.pdf:page_1, Data1_2_2070_index.pdf:page_14, Административный кодекс Российской Федерации.pdf:page_172, Административный кодекс Российской Федерации.pdf:page_190, ПДД Российской Федерации.pdf:page_1, ПДД Российской Федерации.pdf:page_44, ПДД Российской Федерации.pdf:page_59"
Как проводится предварительное судебное заседание?,"Предварительное судебное заседание проводится **единолично судьей** (предварительное судебное заседание в административном процессе — в целях подготовки дела, в т.ч. выяснения возможности урегулирования спора до разбирательства, и оно проводится единолично судьей, осуществляющим подготовку дела к судебному разбирательству).

В гражданском процессе (по ГПК) предварительное судебное заседание имеет целью **процессуальное закрепление распорядительных действий сторон**, определение обстоятельств, имеющих значение для правильного разрешения дела, определение достаточности доказательств, исследование фактов пропуска сроков обращения в суд и сроков исковой давности.

В арбитражном процессе (по АПК) подготовка дела к судебному разбирательству проводится судом **единолично по каждому делу**, а суд указывает сторонам на возможность урегулирования спора, в т.ч. с участием посредника (медиатора/судебного примирителя), и принимает меры для примирения сторон.","Арбитражный процессуальный кодекс Российской Федерации.pdf:page_67, Арбитражный процессуальный кодекс Российской Федерации.pdf:page_77, Гражданский процессуальный кодекс Российской Федерации.pdf:page_173, Гражданский процессуальный кодекс Российской Федерации.pdf:page_59, Гражданский процессуальный кодекс Российской Федерации.pdf:page_61, Кодекс административного судопроизводства Российской Федерации.pdf:page_81, Уголовно-процессуальный кодекс Российской Федерации.pdf:page_163, Уголовно-процессуальный кодекс Российской Федерации.pdf:page_164, Уголовно-процессуальный кодекс Российской Федерации.pdf:page_166, Уголовно-процессуальный кодекс Российской Федерации.pdf:page_210"
"Какие данные используются для определения средств на обеспечение периода гарантийной эксплуатации, согласно ГОСТ МДС 81-21.2000?","В предоставленных фрагментах **нет информации** о том, какие именно данные используются для определения средств на обеспечение периода гарантийной эксплуатации по **ГОСТ/МДС 81-21.2000**.","Data1_10_10754_index.pdf:page_17, Data1_10_10754_index.pdf:page_3, Data1_10_10848_index.pdf:page_2, Data1_10_10848_index.pdf:page_3, Data1_10_10848_index.pdf:page_7, Data1_11_11295_index.pdf:page_25, Data1_1_1879_index.pdf:page_5, Data1_2_2069_index.pdf:page_8, Data1_2_2073_index.pdf:page_4, Data1_2_2117_index.pdf:page_1"
Как определяется коэффициент теплоотдачи ограждения согласно ГОСТ МДС 31-8.2002?,"В предоставленном фрагменте **нет информации**, где бы по ГОСТ МДС 31-8.2002 определялся **коэффициент теплоотдачи ограждения**.  

Следовательно: **нет в документах**.","Data1_10_10754_index.pdf:page_22, Data1_10_10754_index.pdf:page_28, Data1_10_10846_index.pdf:page_11, Data1_10_10846_index.pdf:page_15, Data1_10_10846_index.pdf:page_16, Data1_10_10846_index.pdf:page_39, Data1_10_10846_index.pdf:page_43, Data1_10_10846_index.pdf:page_5, Data1_11_11285_index.pdf:page_18, Data1_11_11295_index.pdf:page_13"
Какой СНиП определяет стоимость строительства в уровне цен I кв. 1993 г.?,"В приведённом фрагменте **нет указания на СНиП**, который определяет стоимость строительства в уровне цен **I квартала 1993 г.**  

Упоминается **СНиП 1.02.01-85** (про резерв на непредвиденные работы и затраты), но он не относится к установлению стоимости именно в уровне цен I кв. 1993 г.","Data1_2_2069_index.pdf:page_6, Data1_2_2069_index.pdf:page_7, Data1_2_2075_index.pdf:page_2, Data1_2_2075_index.pdf:page_6, Data1_2_2076_index.pdf:page_1, Data1_2_2079_index.pdf:page_19, Data1_2_2080_index.pdf:page_17, Data1_2_2080_index.pdf:page_18, Data1_2_2080_index.pdf:page_19, Data1_2_2082_index.pdf:page_2"
Как определяется подрядные торги в ГОСТ МДС-80-8.2000?,"В предоставленных фрагментах текста **нет определения подрядных торгов именно в ГОСТ/МДС 80-8.2000**.

Есть **определение термина “Подрядные торги”** в разделе **«2. ИСПОЛЬЗУЕМЫЕ ТЕРМИНЫ И ОПРЕДЕЛЕНИЯ»** вашего документа:

> **«Подрядные торги — форма размещения заказов на строительство, предусматривающая выбор подрядчика для выполнения работ и оказания услуг на основе конкурса.»**","Data1_10_10754_index.pdf:page_3, Data1_10_10865_index.pdf:page_24, Data1_10_10865_index.pdf:page_3, Data1_10_10865_index.pdf:page_41, Data1_10_10865_index.pdf:page_44, Data1_10_10866_index.pdf:page_1, Data1_10_10866_index.pdf:page_3, Data1_10_10866_index.pdf:page_5, Data1_10_10869_index.pdf:page_2, Data1_10_10869_index.pdf:page_8"
Как подсудимый может быть удален из зала заседания?,"Подсудимый может быть удален из зала судебного заседания **до окончания прений сторон**. При этом ему должно быть предоставлено право на **последнее слово**, а **приговор** должен **провозглашаться в его присутствии** либо **объявляться ему под расписку немедленно после провозглашения**.","Гражданский процессуальный кодекс Российской Федерации.pdf:page_79, Кодекс административного судопроизводства Российской Федерации.pdf:page_62, Кодекс административного судопроизводства Российской Федерации.pdf:page_86, Уголовно-процессуальный кодекс Российской Федерации.pdf:page_165, Уголовно-процессуальный кодекс Российской Федерации.pdf:page_179, Уголовно-процессуальный кодекс Российской Федерации.pdf:page_185, Уголовно-процессуальный кодекс Российской Федерации.pdf:page_191, Уголовно-процессуальный кодекс Российской Федерации.pdf:page_219, Уголовно-процессуальный кодекс Российской Федерации.pdf:page_220, Уголовно-процессуальный кодекс Российской Федерации.pdf:page_270"
Какие коэффициенты применяются для изготовления макетов в разных масштабах? (СНиП),"В представленном фрагменте документа **нет сведений** о коэффициентах, применяемых **для изготовления макетов в разных масштабах** (СНиП).  

Присутствуют другие коэффициенты (например, коэффициенты условий производства работ для монтажных работ; коэффициенты для расчета стекла/нагрузок; коэффициенты при расчете несущих элементов фонарей и т.п.), но **ничего про масштабирование макетов** не указано.

**Ответ: нет в документах.**","Data1_10_10062_index.pdf:page_7, Data1_10_10754_index.pdf:page_21, Data1_10_10754_index.pdf:page_22, Data1_10_10754_index.pdf:page_4, Data1_10_10846_index.pdf:page_16, Data1_10_10846_index.pdf:page_17, Data1_10_10846_index.pdf:page_3, Data1_10_10865_index.pdf:page_38, Data1_10_10865_index.pdf:page_39, Data1_11_11285_index.pdf:page_19"
Каков индекс текущего уровня цен для прочих работ и затрат в II квартале 1993 года?,"Индекс текущего уровня цен для **прочих работ и затрат** в **II квартале 1993 года** в таблице дан как отношение:

**Спз2 : Ипз2 : (1 - а) = 571**.

Следовательно, искомый индекс равен **571**.","Data1_2_2075_index.pdf:page_15, Data1_2_2075_index.pdf:page_6, Data1_2_2075_index.pdf:page_9, Data1_2_2080_index.pdf:page_17, Data1_2_2080_index.pdf:page_19, Data1_2_2080_index.pdf:page_25, Data1_2_2080_index.pdf:page_27, Data1_2_2080_index.pdf:page_28, Data1_2_2080_index.pdf:page_30, Data1_2_2117_index.pdf:page_6"
"Какова основная задача генеральной схемы расселения, природопользования и территориальной организации производительных сил Российской Федерации, согласно ГОСТ МДС 11-7.2000?","Основной задачей генеральной схемы расселения является **определение основных направлений совершенствования расселения на территории России и увязке с комплексным прогнозом развития и размещения производительных сил Российской Федерации**, с учетом экологического состояния, инженерно‑транспортных инфраструктур, сложившихся взаимосвязей поселений и территорий, а также в целях обеспечения **условий целостного градостроительного развития страны**, формирования **безопасной и здоровой среды обитания**, выработки предложений по **устойчивому развитию систем поселений** и **сохранению природного и историко‑культурного наследия**.","Data1_1_1904_index.pdf:page_1, Data1_1_1904_index.pdf:page_10, Data1_1_1904_index.pdf:page_27, Data1_1_1904_index.pdf:page_3, Data1_1_1904_index.pdf:page_5, Data1_1_1904_index.pdf:page_6, Data1_1_1904_index.pdf:page_7, Data1_1_1904_index.pdf:page_8, Data1_1_1904_index.pdf:page_9, Градостроительный кодекс Российской Федерации.pdf:page_293"
Какие нормы ГОСТ или СНиП применяются к теплоснабжению при проектировании троллейбусного депо?,"В предоставленном фрагменте документа **нет информации** о том, какие **ГОСТ или СНиП применяются именно к теплоснабжению при проектировании троллейбусного депо**.

Из текста есть лишь общий фрагмент про договор теплоснабжения (п. 8, 9), а также перечисления ссылок на другие СНиП/ГОСТ, но **связи с теплоснабжением троллейбусного депо именно в этом фрагменте нет**.","Data1_10_10846_index.pdf:page_3, Data1_10_10846_index.pdf:page_5, Data1_10_10859_index.pdf:page_8, Data1_10_10865_index.pdf:page_13, Data1_10_10865_index.pdf:page_24, Data1_10_10865_index.pdf:page_40, Data1_10_10871_index.pdf:page_4, Data1_11_11835_index.pdf:page_35, Data1_2_2096_index.pdf:page_2, ПДД Российской Федерации.pdf:page_59"
Как определяется прогнозный индекс к сметной стоимости в Форме № 3-в согласно ГОСТ?,"В предоставленных фрагментах есть общее правило приведения сметной стоимости в текущий/прогнозный уровень цен через **соответствующий текущий (прогнозный) индекс**: сметную стоимость в составе проекта (в базисных ценах) приводят, **перемножая ее по каждой строке и по элементам технологической структуры** (строительные работы, монтажные работы, оборудование, прочие затраты) на **соответствующий индекс**, после чего суммируют итоги по графам.

Однако в тексте **нет прямого описания**, именно **как определяется “прогнозный индекс к сметной стоимости” в Форме № 3-в**, и нет указаний, где/каким образом берется значение этого индекса (какой расчет/формула именно для графы “Прогнозный индекс …” Формы № 3-в).

**Ответ:** нет в документах.","Data1_10_10864_index.pdf:page_4, Data1_2_2075_index.pdf:page_1, Data1_2_2075_index.pdf:page_17, Data1_2_2075_index.pdf:page_2, Data1_2_2075_index.pdf:page_6, Data1_2_2075_index.pdf:page_7, Data1_2_2079_index.pdf:page_19, Data1_2_2082_index.pdf:page_13, Data1_2_2082_index.pdf:page_5, Data1_2_2117_index.pdf:page_6"
Какой индекс изменения стоимости СМР был в Читинской области в I кв. 1993 г. по сравнению с базисным уровнем на 01.01.91 согласно МДС 81-9.2000?,"В предоставленных фрагментах есть строка по **Читинской области** в таблице:

- **Индекс цен по сравнению с базисным уровнем на 01.01.91**
  - IV кв. 1992 г.: **77,2**
  - **I кв. 1993 г.: 91,9**
- **Изменение стоимости СМР (гр. 3 к гр. 2)**: **1,19**

Следовательно, индекс изменения стоимости СМР в **Читинской области в I кв. 1993 г.** по сравнению с базисным уровнем **01.01.91** составляет **91,9** (или коэффициент изменения **1,19**).","Data1_2_2075_index.pdf:page_12, Data1_2_2075_index.pdf:page_15, Data1_2_2080_index.pdf:page_15, Data1_2_2080_index.pdf:page_19, Data1_2_2080_index.pdf:page_25, Data1_2_2080_index.pdf:page_26, Data1_2_2080_index.pdf:page_27, Data1_2_2080_index.pdf:page_28, Data1_2_2080_index.pdf:page_29, Data1_2_2080_index.pdf:page_30"
Как перечисляется плата за нормативные и сверхнормативные выбросы и сбросы согласно ГОСТ МДС 81-23.2000?,"В предоставленном фрагменте **нет информации** о том, как именно перечисляется плата за **нормативные и сверхнормативные выбросы и сбросы** согласно **ГОСТ МДС 81-23.2000**.  

Есть только общие выдержки по сметным расчетам (накладные расходы/сметная прибыль, ресурсный метод и т.п.) и фрагмент про санитарные нормативы (ОБУВ/ПДК) и проектное решение по очистке сточных вод, но **формулировки про “плату за нормативные и сверхнормативные” в виде механизма/порядка перечисления в тексте нет**.","Data1_10_10754_index.pdf:page_17, Data1_10_10848_index.pdf:page_10, Data1_10_10848_index.pdf:page_3, Data1_10_10848_index.pdf:page_7, Data1_10_10848_index.pdf:page_8, Data1_10_10861_index.pdf:page_38, Data1_10_10865_index.pdf:page_34, Административный кодекс Российской Федерации.pdf:page_121, Административный кодекс Российской Федерации.pdf:page_136, Налоговый кодекс Российской Федерации.pdf:page_117"
"Как изменяются максимальные суммы банковских гарантий для банков, у которых утвержден план по предупреждению банкротства?","В приведенном фрагменте есть лишь общий отрывок, что при предоставлении банковской гарантии (гос. корпорацией развития «ВЭБ.РФ») «максимальная сумма одной банковской гарантии и максимальная сумма всех одновременно действующ…» устанавливаются, но **конкретные значения/изменение максимальных сумм в зависимости от утвержденного плана по предупреждению банкротства — не раскрыты** (текст обрезан).

**Ответ: нет в документах.**","Бюджетный кодекс Российской Федерации.pdf:page_163, Бюджетный кодекс Российской Федерации.pdf:page_166, Бюджетный кодекс Российской Федерации.pdf:page_175, Гражданский кодекс Российской Федерации.pdf:page_36, Налоговый кодекс Российской Федерации.pdf:page_171, Налоговый кодекс Российской Федерации.pdf:page_173, Налоговый кодекс Российской Федерации.pdf:page_538, Налоговый кодекс Российской Федерации.pdf:page_720, Налоговый кодекс Российской Федерации.pdf:page_920, Трудовой кодекс Российской Федерации.pdf:page_215"
"Какое напряжение считается высоким напряжением, согласно СНиП?",Согласно примечанию к таблице в тексте: **«Под высоким напряжением следует считать напряжение свыше 36 В.»**,"Data1_10_10754_index.pdf:page_22, Data1_10_10846_index.pdf:page_21, Data1_10_10865_index.pdf:page_25, Data1_10_10865_index.pdf:page_38, Data1_10_10865_index.pdf:page_39, Data1_10_10865_index.pdf:page_40, Data1_11_11285_index.pdf:page_25, Data1_11_11835_index.pdf:page_16, Data1_2_2079_index.pdf:page_15, Градостроительный кодекс Российской Федерации.pdf:page_171"
"Что означает ""посягательство на жизнь сотрудника правоохранительного органа""?","В предоставленных документах есть фраза:

**«Посягательство на жизнь сотрудника правоохранительного органа, военнослужащего, а равно их близких … — наказывается …»**

То есть в тексте **нет отдельного определения понятия**, но по формулировке речь идет **о деянии, направленном на жизнь**:
- **сотрудника правоохранительного органа**,
- **военнослужащего**,
- а также **их близких**,

причем в тексте указаны цели такого посягательства:  
**«в целях воспрепятствования законной деятельности указанных лиц… либо из мести за такую деятельность»**.","Уголовно-процессуальный кодекс Российской Федерации.pdf:page_106, Уголовный кодекс Российской Федерации.pdf:page_10, Уголовный кодекс Российской Федерации.pdf:page_12, Уголовный кодекс Российской Федерации.pdf:page_149, Уголовный кодекс Российской Федерации.pdf:page_22, Уголовный кодекс Российской Федерации.pdf:page_245, Уголовный кодекс Российской Федерации.pdf:page_252, Уголовный кодекс Российской Федерации.pdf:page_253, Уголовный кодекс Российской Федерации.pdf:page_3, Уголовный кодекс Российской Федерации.pdf:page_51"
Какие решения должны быть заранее продуманы для эффективного использования строительных механизмов согласно ГОСТ МДС 14-13.2000?,"В предоставленном фрагменте сказано следующее (п. 7.4):

**должны быть заранее продуманы решения, обеспечивающие эффективное использование строительных механизмов; при этом следует максимально использовать средства малой механизации.**","Data1_10_10754_index.pdf:page_3, Data1_10_10848_index.pdf:page_9, Data1_10_10859_index.pdf:page_3, Data1_10_10865_index.pdf:page_35, Data1_11_11285_index.pdf:page_46, Data1_11_11295_index.pdf:page_27, Data1_1_1879_index.pdf:page_1, Data1_1_1879_index.pdf:page_12, Data1_1_1879_index.pdf:page_4, Data1_1_1904_index.pdf:page_1"
Кто назначает и освобождает начальника управления (отдела) капитального строительства предприятия? (СНиП),"В приведённом фрагменте есть только указание, что **создание службы единого заказчика в лице управления (отдела) капитального строительства или другого подразделения оформляется приказом по предприятию** (раздел 4.1.1), но **прямого ответа, кто назначает и освобождает именно начальника управления (отдела) капитального строительства**, в тексте **нет**.

**Ответ:** нет в документах.","Data1_10_10872_index.pdf:page_10, Data1_10_10872_index.pdf:page_7, Data1_1_1804_index.pdf:page_6, Data1_1_1804_index.pdf:page_7, Data1_1_1804_index.pdf:page_8, Data1_1_1879_index.pdf:page_13, Data1_1_1879_index.pdf:page_2, Data1_1_1879_index.pdf:page_32, Административный кодекс Российской Федерации.pdf:page_480, Градостроительный кодекс Российской Федерации.pdf:page_22"
Как определяется точность выноса в натуру линий при использовании способа прямоугольных координат согласно СНиП 3.01.03-84?,"В тексте приведены требования для **способа прямоугольных координат** (рис. 3б) — пункт **3.101(б)**. Точность выноса в натуру линий определяется как:

- для линии \(d_1\):
\[
m_{d1} \le \eta_2 \, m_{\rho}
\]
- для линии \(d_2\):
\[
m_{d2} \le \eta'_2 \, m_{\rho}
\]

(в том же подпункте указано, что \(k' = d_1/d_2 = m_{d1}/m_{d2}\), а значения коэффициентов \(\eta_2\) и \(\eta'_2\) берутся из **табл. 11**).","Data1_11_11285_index.pdf:page_18, Data1_11_11285_index.pdf:page_19, Data1_11_11285_index.pdf:page_20, Data1_11_11285_index.pdf:page_21, Data1_11_11285_index.pdf:page_22, Data1_11_11285_index.pdf:page_4, Data1_11_11285_index.pdf:page_6, Data1_11_11285_index.pdf:page_63, Data1_11_11285_index.pdf:page_9, Data1_2_2079_index.pdf:page_17"
Какая сумма государственной пошлины установлена за выдачу удостоверения эксперта по культурным ценностям?,нет в документах,"Административный кодекс Российской Федерации.pdf:page_83, Налоговый кодекс Российской Федерации.pdf:page_1260, Налоговый кодекс Российской Федерации.pdf:page_1273, Налоговый кодекс Российской Федерации.pdf:page_1274, Налоговый кодекс Российской Федерации.pdf:page_1280, Налоговый кодекс Российской Федерации.pdf:page_1281, Налоговый кодекс Российской Федерации.pdf:page_1285, Налоговый кодекс Российской Федерации.pdf:page_1300, Налоговый кодекс Российской Федерации.pdf:page_1302, Уголовный кодекс Российской Федерации.pdf:page_193"
"Что происходит, если соответствующей статьей Особенной части УК РФ предусмотрены смертная казнь или пожизненное лишение свободы, согласно статье 65 УК РФ?","В предоставленных фрагментах **нет текста статьи 65 УК РФ** и нет описания того, что происходит в случае, когда в статье Особенной части предусмотрены **смертная казнь или пожизненное лишение свободы**.

**Частичного ответа в документах тоже нет.**

Ответ: **нет в документах**.","Уголовно-исполнительный кодекс Российской Федерации.pdf:page_45, Уголовный кодекс Российской Федерации.pdf:page_0, Уголовный кодекс Российской Федерации.pdf:page_12, Уголовный кодекс Российской Федерации.pdf:page_13, Уголовный кодекс Российской Федерации.pdf:page_154, Уголовный кодекс Российской Федерации.pdf:page_24, Уголовный кодекс Российской Федерации.pdf:page_253, Уголовный кодекс Российской Федерации.pdf:page_274, Уголовный кодекс Российской Федерации.pdf:page_64, Уголовный кодекс Российской Федерации.pdf:page_66"
Какие требования к протяженности улично-дорожной сети установлены в ГОСТ МДС 11-7.2000?,"В приведённом фрагменте **ГОСТ/МДС 11-7.2000** (инструкция о составе, порядке разработки, согласования и утверждения градостроительной документации) **требования к протяженности улично-дорожной сети отсутствуют**.

В тексте упоминается, что в исходных данных должны быть, в частности, элементы уличной сети (тип покрытия и т.п.), но **про “протяженность”** (какие-либо нормы/минимумы/значения) — **нет**.

**Ответ: нет в документах**.","Data1_10_10846_index.pdf:page_5, Data1_10_10848_index.pdf:page_2, Data1_10_10855_index.pdf:page_1, Data1_10_10865_index.pdf:page_40, Data1_11_11285_index.pdf:page_25, Data1_1_1904_index.pdf:page_1, Data1_1_1904_index.pdf:page_19, Data1_2_2080_index.pdf:page_3, ПДД Российской Федерации.pdf:page_60, ПДД Российской Федерации.pdf:page_62"
"Что происходит, если выручка за реализуемые товары поступает на счета нескольких организаций?","В приведенном фрагменте указано, что при взыскании недоимки **в целях взыскания недоимки, числящейся более трех месяцев**, взыскание может производиться:

- **за дочерними обществами** — с соответствующих основных (преобладающих, участвующих) обществ, **когда на их счета в банках поступает выручка за реализуемые товары (работы, услуги) дочерних обществ**;
- **за зависимыми (дочерними) обществами** — с зависимых (дочерних) обществ, **когда на их счета в банках поступает выручка** основных (преобладающих, участвующих) обществ.

Про то, **что именно происходит, если выручка поступает на счета нескольких организаций**, в данном тексте **явно не сказано**.","Бюджетный кодекс Российской Федерации.pdf:page_31, Налоговый кодекс Российской Федерации.pdf:page_1026, Налоговый кодекс Российской Федерации.pdf:page_1052, Налоговый кодекс Российской Федерации.pdf:page_108, Налоговый кодекс Российской Федерации.pdf:page_1207, Налоговый кодекс Российской Федерации.pdf:page_1505, Налоговый кодекс Российской Федерации.pdf:page_1529, Налоговый кодекс Российской Федерации.pdf:page_438, Налоговый кодекс Российской Федерации.pdf:page_498, Налоговый кодекс Российской Федерации.pdf:page_509"
Что понимается под работой для целей налогообложения?,"В представленных документах **работа** для целей налогообложения определяется как:

- **«объемы выполненных … ремонтных, научно-исследовательских, опытно-конструкторских, технологических, проектно-изыскательских и других работ»** (при реализации работ объектом налогообложения являются именно эти объемы).

Иных отдельных определений термина «работа» в приведённом фрагменте **нет в документах**.","Data1_2_2070_index.pdf:page_3, Налоговый кодекс Российской Федерации.pdf:page_101, Налоговый кодекс Российской Федерации.pdf:page_105, Налоговый кодекс Российской Федерации.pdf:page_1209, Налоговый кодекс Российской Федерации.pdf:page_1518, Налоговый кодекс Российской Федерации.pdf:page_1551, Налоговый кодекс Российской Федерации.pdf:page_433, Налоговый кодекс Российской Федерации.pdf:page_448, Налоговый кодекс Российской Федерации.pdf:page_744, Налоговый кодекс Российской Федерации.pdf:page_938"
"Каков размер штрафа за представление заведомо недостоверных сведений, предусмотренных законодательством об иностранных инвестициях на территории Российской Федерации?","В предоставленном фрагменте **есть только начало статьи 19.8.2 КоАП РФ** (“Непредставление ходатайств, уведомлений (информации), сведений (информации) …”), но **конкретный размер штрафа за “представление заведомо недостоверных сведений” в ней в тексте не приведён** (он обрывается до указания санкции).

**Ответ: нет в документах.**","Административный кодекс Российской Федерации.pdf:page_328, Административный кодекс Российской Федерации.pdf:page_401, Административный кодекс Российской Федерации.pdf:page_408, Административный кодекс Российской Федерации.pdf:page_410, Административный кодекс Российской Федерации.pdf:page_412, Налоговый кодекс Российской Федерации.pdf:page_359, Налоговый кодекс Российской Федерации.pdf:page_360, Налоговый кодекс Российской Федерации.pdf:page_362, Уголовный кодекс Российской Федерации.pdf:page_115, Уголовный кодекс Российской Федерации.pdf:page_231"
Какие требования предъявляются к проверке узла учета комиссией?,"К проверке (приемке) узла учета комиссией предъявляются следующие требования (по тексту):

- Комиссия оценивает **соответствие условий использования средств измерений** в составе узла учета **условиям эксплуатации, указанным в техническом паспорте**.
- Комиссия проверяет **правильность монтажа средств измерений и устройств**.
- Комиссия проверяет **наличие подготовленного эксплуатационного персонала**.
- По результатам комиссия составляет **акт приемки узла учета в эксплуатацию**.
- Если выявлены **недостатки, препятствующие нормальному функционированию узла учета**, узел учета **считается непригодным** для ведения учета, о чем составляется **акт с перечнем и сроками устранения** недостатков.
- При **разногласиях** в приемочной комиссии решение о допуске узла учета принимается **органами государственного энергетического надзора и государственной метрологической службы**.
- Узел учета считается **допущенным к эксплуатации после подписания акта приемки**.

Дополнительно в тексте указаны требования к средствам измерений (хотя это не прямо “про проверку комиссией”, но относится к допуску/эксплуатации узла):
- средства измерений должны быть **защищены от несанкционированного вмешательства**;
- должны **сохранять информацию при отключении электропитания** в срок, указанный в паспортах (но не менее длительности расчетного периода).","Data1_10_10852_index.pdf:page_35, Data1_10_10852_index.pdf:page_37, Data1_10_10852_index.pdf:page_39, Data1_10_10862_index.pdf:page_9, Data1_10_10863_index.pdf:page_2, Data1_10_10870_index.pdf:page_10, Data1_10_10870_index.pdf:page_7, Data1_10_10870_index.pdf:page_8, Data1_1_1879_index.pdf:page_3, Таможенный кодекс Евразийского экономического союза.pdf:page_414"
По истечении какого срока действие соглашения о сохранении занятости прекращается?,Действие соглашения о сохранении занятости прекращается **по истечении срока действия** — **с 1 января 2031 года** (подпункт 1 пункта 9: “по истечении срока действия … с 1 января 2031 года”).,"Data1_10_10872_index.pdf:page_8, Data1_10_10872_index.pdf:page_9, Налоговый кодекс Российской Федерации.pdf:page_1438, Налоговый кодекс Российской Федерации.pdf:page_1440, Трудовой кодекс Российской Федерации.pdf:page_113, Трудовой кодекс Российской Федерации.pdf:page_33, Трудовой кодекс Российской Федерации.pdf:page_40, Трудовой кодекс Российской Федерации.pdf:page_55, Трудовой кодекс Российской Федерации.pdf:page_59, Трудовой кодекс Российской Федерации.pdf:page_60"
"Какие статьи КоАП рассматривают органы, осуществляющие государственный надзор в области охраны и использования особо охраняемых природных территорий, в части нарушения водоохранного режима на водосборах подземных водных объектов?","В предоставленных фрагментах **нет информации** о том, **какие статьи КоАП** рассматривают органы госнадзора в области охраны и использования **особо охраняемых природных территорий** применительно к **нарушению водоохранного режима на водосборах подземных водных объектов**.

Отдельно в тексте встречаются лишь статьи **Водного кодекса РФ** (например, про охрану подземных водных объектов) и фрагменты статей **КоАП РФ** общего характера, но **прямой связки “особо охраняемые природные территории + водоохранный режим на водосборах подземных вод + статьи КоАП для госнадзора” в документах нет**.","Административный кодекс Российской Федерации.pdf:page_116, Административный кодекс Российской Федерации.pdf:page_117, Административный кодекс Российской Федерации.pdf:page_118, Водный кодекс Российской Федерации.pdf:page_0, Водный кодекс Российской Федерации.pdf:page_27, Водный кодекс Российской Федерации.pdf:page_32, Водный кодекс Российской Федерации.pdf:page_34, Водный кодекс Российской Федерации.pdf:page_35, Земельный кодекс Российской Федерации.pdf:page_180, Уголовный кодекс Российской Федерации.pdf:page_201"
Какой срок отсрочки или рассрочки уплаты ввозных таможенных пошлин может быть предоставлен?,"В тексте указано, что отсрочка или рассрочка уплаты **ввозных таможенных пошлин** может быть предоставлена **на срок не более 6 месяцев** со дня, следующего за днем выпуска товаров в соответствии с таможенной процедурой выпуска для внутреннего потребления.","Налоговый кодекс Российской Федерации.pdf:page_151, Налоговый кодекс Российской Федерации.pdf:page_154, Налоговый кодекс Российской Федерации.pdf:page_155, Налоговый кодекс Российской Федерации.pdf:page_156, Налоговый кодекс Российской Федерации.pdf:page_159, Таможенный кодекс Евразийского экономического союза.pdf:page_267, Таможенный кодекс Евразийского экономического союза.pdf:page_493, Таможенный кодекс Евразийского экономического союза.pdf:page_59, Таможенный кодекс Евразийского экономического союза.pdf:page_60, Таможенный кодекс Евразийского экономического союза.pdf:page_61"
"Какие условия должны быть соблюдены для участников региональных инвестиционных проектов, для которых не требуется включение в реестр участников региональных инвестиционных проектов?","В представленных фрагментах есть только **частичные** условия для участников региональных инвестиционных проектов, **для которых не требуется включение в реестр**, и они относятся к моменту начала применения коэффициента по НДПИ и к общему порядку применения налоговых льгот.

### Частично указанные условия (из текста)
1) **Для НДПИ (коэффициент территории добычи)**
Коэффициент применяется, начиная с налогового периода, в котором **впервые одновременно** соблюдены условия:
- появились основания для определения налоговой базы по НДПИ в отношении соответствующих полезных ископаемых;
- выполнено требование к **минимальному объему капитальных вложений**, установленное подп. 4.1 п. 1 ст. 25.8 НК РФ;
- налогоплательщик **обратился в налоговый орган** (текст обрывается, поэтому остальные детали обращения/документов в фрагменте отсутствуют).

(Это следует из фрагмента **ст. 342.3-1**, п. 1.)

2) **Для применения налоговых льгот (общая логика базы)**
В части применения льгот указано, что налоговая база определяется так, чтобы выполнялось требование: доля доходов от деятельности в рамках регионального инвестиционного проекта должна составлять **не менее 90%** всех доходов, учитываемых при формировании налоговой базы (с перечисленными исключениями). Также требуется:
- вести **раздельный учет** доходов/расходов по деятельности в рамках проекта и иной деятельности;
- выбранный способ определения налоговой базы должен быть закреплен в **учетной политике** и **не изменяться** в течение срока статуса.

(Это следует из фрагмента **ст. 25.12-1**, п. 1.)

### По остальным условиям
Для полного перечня условий именно “всех условий, чтобы быть участником РИП без включения в реестр” в предоставленных фрагментах **недостаточно данных** — текст обрывается и не содержит полного списка требований.

**Ответ по условиям полностью в предоставленных документах отсутствует.**","Налоговый кодекс Российской Федерации.pdf:page_1102, Налоговый кодекс Российской Федерации.pdf:page_1139, Налоговый кодекс Российской Федерации.pdf:page_1407, Налоговый кодекс Российской Федерации.pdf:page_239, Налоговый кодекс Российской Федерации.pdf:page_57, Налоговый кодекс Российской Федерации.pdf:page_58, Налоговый кодекс Российской Федерации.pdf:page_61, Налоговый кодекс Российской Федерации.pdf:page_63, Налоговый кодекс Российской Федерации.pdf:page_64, Налоговый кодекс Российской Федерации.pdf:page_906"
В каких случаях допускается предусматривать совмещенное освещение согласно ГОСТ МДС 31-8.2002?,"В предоставленном фрагменте документа **МДС 31-8.2002** нет положений, прямо отвечающих на вопрос о **совмещённом освещении** (его допускаемости и условиях по ГОСТ/МДС).  

**нет в документах**","Data1_10_10846_index.pdf:page_1, Data1_10_10846_index.pdf:page_10, Data1_10_10846_index.pdf:page_12, Data1_10_10846_index.pdf:page_2, Data1_10_10846_index.pdf:page_4, Data1_10_10846_index.pdf:page_40, Data1_10_10846_index.pdf:page_9, Data1_10_10861_index.pdf:page_34, Data1_10_10865_index.pdf:page_20, Data1_2_2096_index.pdf:page_4"
"Когда уплачиваются акцизы для налогоплательщиков, имеющих свидетельство о регистрации для операций с прямогонным бензином?","Акциз уплачивается **не позднее 25-го числа третьего месяца, следующего за истекшим налоговым периодом** — **налогоплательщиками, имеющими свидетельство о регистрации лица, совершающего операции с прямогонным бензином**, при совершении операций с прямогонным бензином (ст. 204, п. 3.1).","Налоговый кодекс Российской Федерации.pdf:page_544, Налоговый кодекс Российской Федерации.pdf:page_550, Налоговый кодекс Российской Федерации.pdf:page_553, Налоговый кодекс Российской Федерации.pdf:page_558, Налоговый кодекс Российской Федерации.pdf:page_651, Налоговый кодекс Российской Федерации.pdf:page_653, Налоговый кодекс Российской Федерации.pdf:page_683, Налоговый кодекс Российской Федерации.pdf:page_691, Налоговый кодекс Российской Федерации.pdf:page_708, Налоговый кодекс Российской Федерации.pdf:page_715"
Как определяется стоимость проектирования свайных фундаментов? (СНиП),"В приведённом фрагменте **нет информации**, как именно по СНиП определяется стоимость проектирования **свайных фундаментов**.  

Упоминания стоимости проектных работ и категорий сложности встречаются, но **конкретно про свайные фундаменты** в тексте нет.","Data1_11_11835_index.pdf:page_18, Data1_2_2069_index.pdf:page_2, Data1_2_2069_index.pdf:page_4, Data1_2_2069_index.pdf:page_5, Data1_2_2069_index.pdf:page_6, Data1_2_2069_index.pdf:page_7, Data1_2_2079_index.pdf:page_17, Data1_2_2081_index.pdf:page_12, Data1_2_2082_index.pdf:page_5, Data1_2_2116_index.pdf:page_3"
Какие права управляющего проектом предусмотрены в МДС 11-11.2000?,"В предоставленном фрагменте **МДС 11-11.2000** перечислены следующие права управляющего проектом:

- **Представлять проектную организацию** в учреждениях, организациях и на предприятиях по вопросам разработки, согласования и рассмотрения проектной и другой документации для строительства, изготовления и поставок оборудования и материалов, осуществления строительства и освоения проектных мощностей. (4.1.1)  
- **Принимать решения и вести переписку за своей подписью** по вопросам технико-экономических оценок и расчетов инвестиций, проведения торгов (тендера), заключения договора (контракта) с заказчиком, проектирования, строительства, ввода в действие объекта и освоения проектных мощностей. (4.1.2)  
- **Вести переговоры и заключать предварительные соглашения** с заказчиком при получении заказа на проектирование и строительство объекта, в т.ч. о договорной цене и других условиях выполнения работ. (4.1.3)  
- **Формировать состав участников разработки проекта**, в том числе из специалистов, не входящих в штат проектной организации; определять их полномочия, формы организации и оплаты труда, меры поощрения и взысканий. (4.1.4)  
- **Проверять состояние разработки проекта** (в т.ч. с привлечением экспертов и консультантов) соблюдение установленных сроков проектирования и качество проектных решений в процессе разработки проектной документации. (4.1.5)  
- **Назначать своих представителей** из числа участников разработки проекта, о полномочиях которых ставить в известность заказчика и подрядчика по строительству. (4.2.9)  
- **Приостанавливать выполнение контрактных обязательств** в случаях согласования заказчиком осуществления или приемки строительно-монтажных работ с отступлениями от проекта. (4.2.10)

Остальные пункты 4.1 (например, 4.1.6) в вашем фрагменте обрываются, поэтому их содержание полностью подтвердить нельзя.","Data1_10_10858_index.pdf:page_1, Data1_10_10858_index.pdf:page_11, Data1_10_10858_index.pdf:page_24, Data1_10_10858_index.pdf:page_6, Data1_10_10858_index.pdf:page_7, Data1_10_10859_index.pdf:page_6, Data1_10_10862_index.pdf:page_1, Data1_10_10865_index.pdf:page_32, Data1_10_10871_index.pdf:page_1, Data1_10_10872_index.pdf:page_5"
Какие дополнительные сведения должны быть указаны в судебном приказе о взыскании алиментов?,"В предоставленных фрагментах дан **частичный** ответ. В тексте приведено, что в судебном приказе **указываются**, в частности, сведения о должнике и параметры взыскания:

- **номер дела и дата вынесения судебного приказа**;  
- **наименование суда и ФИО судьи**;  
- **наименование и адрес взыскателя**;  
- **ФИО должника, место жительства (или пребывания), один из идентификаторов**, а также **дата и место рождения, место работы (если известно)**;  
- **законы и иные НПА**, которыми руководствовался суд;  
- **размер денежных сумм, подлежащих взысканию**;  
- **сумма госпошлины**;  
- **реквизиты банковского счета взыскателя**;  
- **период, за который образовалась взыскиваемая** (далее в документе обрезано).

Иных “дополнительных сведений” сверх перечисленного в доступном фрагменте **нет в документах**.","Арбитражный процессуальный кодекс Российской Федерации.pdf:page_138, Бюджетный кодекс Российской Федерации.pdf:page_340, Гражданский процессуальный кодекс Российской Федерации.pdf:page_188, Гражданский процессуальный кодекс Российской Федерации.pdf:page_28, Гражданский процессуальный кодекс Российской Федерации.pdf:page_48, Гражданский процессуальный кодекс Российской Федерации.pdf:page_49, Кодекс административного судопроизводства Российской Федерации.pdf:page_226, Кодекс административного судопроизводства Российской Федерации.pdf:page_66, Семейный кодекс Российской Федерации.pdf:page_26, Семейный кодекс Российской Федерации.pdf:page_31"
Как утепляются канализационные стояки согласно ГОСТ МДС 13-18.2000?,"В приведённом фрагменте **нет информации** о том, **как утепляются канализационные стояки** по **ГОСТ/МДС 13-18.2000**.","Data1_10_10846_index.pdf:page_10, Data1_10_10846_index.pdf:page_20, Data1_10_10852_index.pdf:page_11, Data1_10_10852_index.pdf:page_12, Data1_10_10852_index.pdf:page_15, Data1_10_10852_index.pdf:page_19, Data1_10_10852_index.pdf:page_31, Data1_10_10861_index.pdf:page_12, Data1_10_10865_index.pdf:page_32, Data1_1_1879_index.pdf:page_19"
В какие сроки должно быть уведомление об одностороннем отказе от договора аренды земельного участка?,нет в документах,"Градостроительный кодекс Российской Федерации.pdf:page_308, Гражданский кодекс Российской Федерации.pdf:page_284, Гражданский кодекс Российской Федерации.pdf:page_290, Гражданский кодекс Российской Федерации.pdf:page_303, Земельный кодекс Российской Федерации.pdf:page_122, Земельный кодекс Российской Федерации.pdf:page_69, Земельный кодекс Российской Федерации.pdf:page_73, Земельный кодекс Российской Федерации.pdf:page_74, Земельный кодекс Российской Федерации.pdf:page_80, Лесной кодекс Российской Федерации.pdf:page_60"
Как может осуществляться разработка проектно-сметной документации на капитальный ремонт сложных объектов согласно ГОСТ МДС 14-13.2000?,"В предоставленном фрагменте по **МДС 13-14.2000** (в разделе 6) сказано следующее:

- **6.4.** «Для обеспечения высокого качества проектов и сокращения сроков проектирования разработка проектно-сметной документации на капитальный ремонт сложных объектов может осуществляться на договорных началах проектными организациями.»

То есть разработка проектно-сметной документации для **капитального ремонта сложных объектов** может вестись **проектными организациями по договору (на договорных началах)**.","Data1_10_10859_index.pdf:page_1, Data1_1_1879_index.pdf:page_1, Data1_1_1879_index.pdf:page_10, Data1_1_1879_index.pdf:page_12, Data1_1_1879_index.pdf:page_9, Data1_1_1904_index.pdf:page_26, Data1_2_2075_index.pdf:page_1, Data1_2_2081_index.pdf:page_3, Data1_2_2117_index.pdf:page_1, Градостроительный кодекс Российской Федерации.pdf:page_118"
"Что означает ""запреты и ограничения"" в статье 143?","В приведённых фрагментах **нет разъяснения**, что именно означает выражение **«запреты или ограничения»** в контексте **статьи 143**.

Единственное близкое упоминание встречается в другом фрагменте (про недвижимые вещи): там говорится, что **«Законом могут быть установлены запреты или ограничения…»** (без расшифровки смысла термина применительно к статье 143).  

Для вопроса “что означает «запреты и ограничения» в статье 143” — **нет в документах**.","Административный кодекс Российской Федерации.pdf:page_22, Арбитражный процессуальный кодекс Российской Федерации.pdf:page_75, Бюджетный кодекс Российской Федерации.pdf:page_372, Гражданский кодекс Российской Федерации.pdf:page_342, Гражданский кодекс Российской Федерации.pdf:page_92, Гражданский процессуальный кодекс Российской Федерации.pdf:page_56, Кодекс административного судопроизводства Российской Федерации.pdf:page_150, Налоговый кодекс Российской Федерации.pdf:page_40, Таможенный кодекс Евразийского экономического союза.pdf:page_198, Уголовно-исполнительный кодекс Российской Федерации.pdf:page_82"
"Какой размер штрафа предусмотрен для лиц, осуществляющих предпринимательскую деятельность без образования юридического лица, за невыполнение правил поведения при чрезвычайной ситуации или угрозе ее возникновения?","За **невыполнение правил поведения при введении режима повышенной готовности** (при угрозе возникновения чрезвычайной ситуации или в зоне ЧС) штраф для **лиц, осуществляющих предпринимательскую деятельность без образования юридического лица** составляет:

- **от 30 000 до 50 000 рублей** (часть 1 статьи 20.6.1 КоАП РФ).","Административный кодекс Российской Федерации.pdf:page_106, Административный кодекс Российской Федерации.pdf:page_108, Административный кодекс Российской Федерации.pdf:page_110, Административный кодекс Российской Федерации.pdf:page_134, Административный кодекс Российской Федерации.pdf:page_137, Административный кодекс Российской Федерации.pdf:page_286, Административный кодекс Российской Федерации.pdf:page_328, Административный кодекс Российской Федерации.pdf:page_43, Административный кодекс Российской Федерации.pdf:page_438, Административный кодекс Российской Федерации.pdf:page_59"
Какие ключевые термины и определения приведены в разделе 'Общие положения' ГОСТ МДС 81-13.2000?,"В предоставленном фрагменте **ГОСТ МДС 81-13.2000** раздел **«Общие положения»** (и вообще сам раздел с перечислением терминов именно к МДС 81-13.2000) **отсутствует**.  

Единственное, что есть в вашем тексте — фрагменты **отдельных терминов/определений** (например, про *«баланс теплоносителей системы теплоснабжения (водный баланс)»*, *«допуск узла учета в эксплуатацию»*, *«регистрация»*, *«система коммунального теплоснабжения»*, *«счетчик тепловой энергии и теплоносителей (теплосчетчик)»*), но они **не привязаны к разделу «Общие положения» именно ГОСТ МДС 81-13.2000** и могут относиться к другому документу (или к другому разделу).

Поэтому по вашему вопросу — **нет в документах** (в указанном вами разделе ГОСТ МДС 81-13.2000).","Data1_10_10754_index.pdf:page_31, Data1_10_10863_index.pdf:page_1, Data1_10_10865_index.pdf:page_44, Data1_10_10866_index.pdf:page_1, Data1_10_10870_index.pdf:page_3, Data1_10_10871_index.pdf:page_1, Data1_1_1904_index.pdf:page_1, Data1_2_2073_index.pdf:page_1, Data1_2_2076_index.pdf:page_1, Data1_2_2079_index.pdf:page_1"
Как заказчик-застройщик проверяет цены и предъявленные к оплате документы подрядных организаций в соответствии с СНиП?,"В приведённом фрагменте **прямого ответа нет**.

Есть только общий принцип: заказчик/технадзор вправе осущ��ствлять **контроль качества и хода работ**, а также **при необходимости — контроль за правильностью использования материалов** (ст. 748 ГК РФ фрагментом: “Заказчик вправе осуществлять контроль и надзор… соблюдением сроков… качеством… а также правильностью использования подрядчиком материалов заказчика…”).  

Но в тексте **не указано**, как именно заказчик-застройщик **проверяет цены** и **предъявленные к оплате документы подрядчиков в соответствии с СНиП** (нет упоминаний проверки смет, расценок, актов, процедуры подтверждения стоимости “по СНиП”).

**Ответ:** нет в документах.","Data1_10_10858_index.pdf:page_6, Data1_10_10866_index.pdf:page_6, Data1_1_1804_index.pdf:page_3, Data1_1_1804_index.pdf:page_8, Data1_1_1804_index.pdf:page_9, Data1_1_1879_index.pdf:page_10, Градостроительный кодекс Российской Федерации.pdf:page_174, Гражданский кодекс Российской Федерации.pdf:page_311, Гражданский кодекс Российской Федерации.pdf:page_320, Гражданский кодекс Российской Федерации.pdf:page_321"
Какие требования к сокращенному объему проектной документации предъявляет ГОСТ?,"В приведённом тексте прямо говорится только следующее (в разделе **«3. Задание на проектирование»**, пункт **22**):

- **«Дополнительные указания по разработке проектно-сметной документации (… выпуск документации в сокращенном объеме и другие требования)»**

При этом **конкретные требования ГОСТ к “сокращенному объему”** (какие именно разделы/документы сокращаются, минимальный состав, правила оформления/объема и т.п.) **в предоставленном фрагменте не указаны**.  

**Ответ:** нет в документах.","Data1_10_10849_index.pdf:page_14, Data1_10_10849_index.pdf:page_4, Data1_10_10859_index.pdf:page_3, Data1_10_10859_index.pdf:page_6, Data1_10_10859_index.pdf:page_7, Data1_10_10865_index.pdf:page_21, Data1_10_10865_index.pdf:page_32, Data1_10_10865_index.pdf:page_35, Data1_10_10865_index.pdf:page_40, Data1_1_1904_index.pdf:page_27"
"Какие исключения предусмотрены ГОСТ МДС 81-8.2000 для финансирования пусконаладочных работ в детских учреждениях, школах и домах-интернатах?","В приведённом фрагменте указано, что **в порядке исключения** затраты на пусконаладочные работы **допускается включать в сводный сметный расчет (сводные сметы)** на строительство **детских учреждений, школ и домов-интернатов**.

Основание: **письмо Управления ценообразования Минстроя России от 01.11.96 г. № 12-355**, где делается ссылка на согласующее письмо **Минфина России от 27.06.95 г. № 7-02-05/218**.

(Обычный порядок в тексте описан как финансирование за счет **средств основной деятельности заказчика (инвестора)**, с включением затрат в себестоимость будущей продукции.)","Data1_10_10848_index.pdf:page_7, Data1_10_10864_index.pdf:page_14, Data1_10_10864_index.pdf:page_15, Data1_10_10864_index.pdf:page_20, Data1_10_10864_index.pdf:page_25, Data1_10_10864_index.pdf:page_3, Data1_10_10864_index.pdf:page_32, Data1_10_10864_index.pdf:page_6, Data1_10_10865_index.pdf:page_20, Data1_11_11835_index.pdf:page_1"
Какой разряд зрительной работы установлен для лестничных клеток согласно ГОСТ МДС 31-8.2002?,"В предоставленных фрагментах указаны разряды зрительной работы для лестниц:

- **лестничные клетки (главные лестничные клетки)** — разряд **В**  
- **остальные лестничные клетки, главные коридоры и проходы** — разряд **Ж**

Источник в тексте: раздел, где перечислены помещения и напротив стоят разряды (строки с «Лестницы: а) главные… б) остальные…»).","Data1_10_10754_index.pdf:page_25, Data1_10_10846_index.pdf:page_14, Data1_10_10846_index.pdf:page_21, Data1_10_10846_index.pdf:page_32, Data1_10_10846_index.pdf:page_42, Data1_10_10846_index.pdf:page_5, Data1_10_10865_index.pdf:page_38, Data1_10_10865_index.pdf:page_39, Data1_1_1879_index.pdf:page_25, Data1_2_2079_index.pdf:page_10"
Что такое субсидии на оплату жилого помещения и коммунальных услуг?,"Субсидии на оплату жилого помещения и коммунальных услуг — это выплаты, предоставляемые гражданам (по их заявлениям) органом исполнительной власти субъекта РФ или уполномоченным им учреждением, с учетом постоянно проживающих совместно с ними членов семьи, и перечисляемые до срока внесения платы за жилое помещение и коммунальные услуги.  

Также в тексте указано, что субсидии **не предоставляются** гражданам при наличии подтвержденной вступившим в силу судебным актом непогашенной задолженности по оплате жилых помещений и коммунальных услуг, образовавшейся за период не более чем три последних года.","Бюджетный кодекс Российской Федерации.pdf:page_98, Жилищный кодекс Российской Федерации.pdf:page_113, Жилищный кодекс Российской Федерации.pdf:page_114, Жилищный кодекс Российской Федерации.pdf:page_115, Жилищный кодекс Российской Федерации.pdf:page_118, Жилищный кодекс Российской Федерации.pdf:page_120, Жилищный кодекс Российской Федерации.pdf:page_131, Жилищный кодекс Российской Федерации.pdf:page_132, Жилищный кодекс Российской Федерации.pdf:page_133, Жилищный кодекс Российской Федерации.pdf:page_80"
Какая высота борта ванны зависит от волн согласно ГОСТ МДС 35-7.2000?,"В приведённом тексте указано: **«высота борта (зависит от волн)»** (фраза рядом с элементами: *1 - пандус; 2 - обходная дорожка; 3 - камера волнообразующей машины; 4 - высота борта (зависит от волн); 5 - нормальный уровень воды*).

**Конкретное числовое значение высоты б��рта “в зависимости от волн” в тексте не приведено.** Поэтому по ГОСТ МДС 35-7.2000 из данного фрагмента можно ответить только так: **высота борта зависит от волн**.","Data1_10_10754_index.pdf:page_22, Data1_10_10846_index.pdf:page_39, Data1_10_10846_index.pdf:page_5, Data1_10_10847_index.pdf:page_28, Data1_10_10847_index.pdf:page_29, Data1_10_10847_index.pdf:page_32, Data1_10_10847_index.pdf:page_4, Data1_10_10865_index.pdf:page_21, Data1_11_11295_index.pdf:page_35, Data1_11_11295_index.pdf:page_46"
Может ли законодательство государств-членов устанавливать иные основания для исключения таможенного перевозчика из реестра?,"Да, может.

Это следует из **пункта 2 статьи 408**:  
**«Законодательством государств-членов могут устанавливаться иные основания для исключения таможенного перевозчика из реестра таможенных перевозчиков.»**","Таможенный кодекс Евразийского экономического союза.pdf:page_453, Таможенный кодекс Евразийского экономического союза.pdf:page_456, Таможенный кодекс Евразийского экономического союза.pdf:page_458, Таможенный кодекс Евразийского экономического союза.pdf:page_460, Таможенный кодекс Евразийского экономического союза.pdf:page_461, Таможенный кодекс Евразийского экономического союза.pdf:page_463, Таможенный кодекс Евразийского экономического союза.pdf:page_465, Таможенный кодекс Евразийского экономического союза.pdf:page_478, Таможенный кодекс Евразийского экономического союза.pdf:page_479, Таможенный кодекс Евразийского экономического союза.pdf:page_88"
"Какие документы необходимы для подтверждения права на имущественный налоговый вычет при приобретении прав на квартиру, комнату или долю в строящемся доме?","Для подтверждения права на имущественный налоговый вычет при приобретении прав на квартиру, комнату или долю (доли) в них в строящемся доме в представленных фрагментах указаны такие документы:

1) **Документы, подтверждающие произведенные налогоплательщиком расходы**  
- квитанции к приходным ордерам;  
- банковские выписки о перечислении денежных средств со счета покупателя на счет продавца;  
- товарные и кассовые чеки;  
- акты о закупке материалов у физических лиц с указанием в них адресных и паспортных данных продавца;  
- иные документы, подтверждающие расходы.

2) **Заявление налогоплательщика (супругов) о распределении расходов** — при строительстве или приобретении супругами в период брака в совместную собственность (в случаях, указанных в тексте).

Также в тексте содержится условие, что **принятие к вычету расходов на достройку и отделку возможно, если договор предусматривает приобретение не завершенных строительством** квартиры/комнаты (прав на них). Но перечня документов именно для договора приобретения прав (например, ДДУ) в приведенном фрагменте нет.

**Ответ по вопросу (из предоставленных документов):** перечисленные выше подтверждающие расходы документы и (при необходимости) заявление супругов о распределении расходов.","Градостроительный кодекс Российской Федерации.pdf:page_182, Налоговый кодекс Российской Федерации.pdf:page_1487, Налоговый кодекс Российской Федерации.pdf:page_1604, Налоговый кодекс Российской Федерации.pdf:page_460, Налоговый кодекс Российской Федерации.pdf:page_792, Налоговый кодекс Российской Федерации.pdf:page_828, Налоговый кодекс Российской Федерации.pdf:page_845, Налоговый кодекс Российской Федерации.pdf:page_854, Налоговый кодекс Российской Федерации.pdf:page_855, Налоговый кодекс Российской Федерации.pdf:page_856"
Как определяются правомочия доверительного управляющего по распоряжению ценными бумагами?,Правомочия доверительного управляющего по распоряжению ценными бумагами определяются **договором доверительного управления** (статья 1025).,"Бюджетный кодекс Российской Федерации.pdf:page_182, Гражданский кодекс Российской Федерации.pdf:page_190, Гражданский кодекс Российской Федерации.pdf:page_198, Гражданский кодекс Российской Федерации.pdf:page_409, Гражданский кодекс Российской Федерации.pdf:page_411, Гражданский кодекс Российской Федерации.pdf:page_413, Гражданский кодекс Российской Федерации.pdf:page_414, Гражданский кодекс Российской Федерации.pdf:page_92, Гражданский кодекс Российской Федерации.pdf:page_97, Налоговый кодекс Российской Федерации.pdf:page_1037"
Какие данные о совместном применении указываются в указаниях по применению?,"В **«УКАЗАНИЯХ ПО ПРИМЕНЕНИЮ»** указано, что сведения включают в том числе:  
- **«совместному их применению»** (упоминание о том, что конструкцию/изделие применяют совместно с другими).

Другие конкретные данные про «совместное применение» в приведённом тексте не раскрыты.","Data1_10_10849_index.pdf:page_15, Data1_10_10849_index.pdf:page_16, Data1_10_10859_index.pdf:page_3, Data1_11_11295_index.pdf:page_5, Административный кодекс Российской Федерации.pdf:page_75, Гражданский кодекс Российской Федерации.pdf:page_144, Гражданский кодекс Российской Федерации.pdf:page_353, Кодекс административного судопроизводства Российской Федерации.pdf:page_50, Семейный кодекс Российской Федерации.pdf:page_13, Семейный кодекс Российской Федерации.pdf:page_9"
Какая основная заработная плата указана в таблице 1 согласно ГОСТ?,"В предоставленных материалах **нет информации о “таблице 1” в смысле ГОСТ**, где была бы указана конкретная величина **основной заработной платы**.

Есть фрагмент, где показано, что в документе встречается показатель **«Основная заработная плата»** (например, в разделах сметы и в расчете затрат), но **точного значения “в таблице 1 согласно ГОСТ” в тексте не указано**.

**Ответ: нет в документах.**","Data1_10_10754_index.pdf:page_22, Data1_10_10754_index.pdf:page_3, Data1_10_10848_index.pdf:page_4, Data1_2_2080_index.pdf:page_11, Data1_2_2080_index.pdf:page_15, Data1_2_2080_index.pdf:page_30, Data1_2_2082_index.pdf:page_23, Data1_2_2116_index.pdf:page_10, Data1_2_2116_index.pdf:page_12, Data1_2_2117_index.pdf:page_6"
Какие машины могут учитываться в расчете затрат на эксплуатацию?,"В тексте указано, что при определении затрат на эксплуатацию строительных машин и автотранспортных средств учитываются **строительные машины и автотранспортные средства**, а также оговорено, что:

- **не включается** в графу 6 оплата труда водителей автотранспортных средств (например, **автомобилей бортовых, самосвалов, тягачей**), используемых для доставки материалов от приобъектного склада до места работ — эти затраты учтены в стоимости эксплуатации машин по графе 5 «всего»;
- **не учитывается** автотранспорт при расчете **аренды и содержания грузового и специального автотранспорта**, если он используется для транспортирования оборудования и материалов.

Иными словами, машины, которые упоминаются как учитываемые/рассматриваемые в контексте затрат на эксплуатацию: **строительные машины и автотранспортные средства** (в том числе указанные типы грузового автотранспорта для доставки материалов), но с указанными выше исключениями.","Data1_10_10754_index.pdf:page_3, Data1_10_10754_index.pdf:page_5, Data1_10_10848_index.pdf:page_5, Data1_2_2116_index.pdf:page_13, Data1_2_2116_index.pdf:page_8, Налоговый кодекс Российской Федерации.pdf:page_1026, Налоговый кодекс Российской Федерации.pdf:page_1482, Налоговый кодекс Российской Федерации.pdf:page_1554, Налоговый кодекс Российской Федерации.pdf:page_936, ПДД Российской Федерации.pdf:page_59"
Какие данные необходимы для расчета коэффициента пересчета сметной стоимости работ по монтажу оборудования согласно Форме № 4?,"Для расчета коэффициента пересчета сметной стоимости работ по монтажу оборудования **по Форме № 4** необходимы данные, которые берутся по следующим составляющим сметной стоимости (строки формы):

- **Стоимость в ценах базового района на 01.01.2000 г.** и  
- **Стоимость в территориальных ценах на 01.01.2000 г.**  

По показателям:
1) **Оплата труда рабочих-монтажников**  
2) **Эксплуатация машин**  
3) **в т.ч. оплата труда машинистов** (в составе эксплуатации машин)  
4) **Материалы**  

И далее по форме рассчитываются итоги:
- **Всего прямые затраты (п. 1 + п. 2 + п. 4)**  
- **Накладные расходы** (по МДС 81-4.99, МДС 81-5.99)  
- **Сметная прибыль** (по МДС 81-25.2001)  
- **Итого (п. 5 + п. 6 + п. 7)**

Также в документах указано, что коэффициенты рассчитываются как:
- **Коэффициент пересчета = (гр. 3 : гр. 2)** (т.е. делением стоимости в территориальных ценах на стоимость в базовом районе).

Дополнительно в тексте приведено, что накладные расходы и сметная прибыль считаются **по нормам по видам работ** на основании соответствующих методических указаний (МДС 81-4.99 / МДС 81-5.99 и МДС 81-25.2001).","Data1_10_10754_index.pdf:page_10, Data1_10_10754_index.pdf:page_18, Data1_10_10754_index.pdf:page_24, Data1_10_10754_index.pdf:page_27, Data1_10_10754_index.pdf:page_28, Data1_10_10864_index.pdf:page_19, Data1_10_10864_index.pdf:page_33, Data1_2_2076_index.pdf:page_14, Data1_2_2079_index.pdf:page_18, Data1_2_2082_index.pdf:page_16"
В какие сроки должны быть выданы или направлены решения о предоставлении жилых помещений по договорам социального найма?,Решения о предоставлении жилых помещений по договорам социального найма должны быть выданы или направлены гражданам **не позднее чем через три рабочих дня со дня принятия этих решений**.,"Градостроительный кодекс Российской Федерации.pdf:page_237, Гражданский кодекс Российской Федерации.pdf:page_303, Гражданский кодекс Российской Федерации.pdf:page_304, Жилищный кодекс Российской Федерации.pdf:page_55, Жилищный кодекс Российской Федерации.pdf:page_56, Жилищный кодекс Российской Федерации.pdf:page_62, Жилищный кодекс Российской Федерации.pdf:page_65, Жилищный кодекс Российской Федерации.pdf:page_72, Жилищный кодекс Российской Федерации.pdf:page_73, Жилищный кодекс Российской Федерации.pdf:page_88"
Какие виды профессиональной тайны упоминаются в тексте?,"В тексте упоминаются следующие виды профессиональной/охраняемой законом тайны:

- **государственная тайна**
- **коммерческая тайна**
- **банковская тайна**
- **налоговая тайна**","Data1_10_10851_index.pdf:page_5, Data1_10_10858_index.pdf:page_23, Градостроительный кодекс Российской Федерации.pdf:page_200, Гражданский кодекс Российской Федерации.pdf:page_21, Гражданский кодекс Российской Федерации.pdf:page_445, Гражданский кодекс Российской Федерации.pdf:page_521, Гражданский кодекс Российской Федерации.pdf:page_596, Гражданский кодекс Российской Федерации.pdf:page_597, Таможенный кодекс Евразийского экономического союза.pdf:page_416, Уголовно-процессуальный кодекс Российской Федерации.pdf:page_128"
Какие меры предписаны ГОСТ МДС 17-13.2000 при протекании канализационной сети?,"В приведённом фрагменте ГОСТ/МДС МДС 17-13.2000 указаны меры при **протечках на сети канализации (водостоках)**, в частности:

- **“То же” (ПН-5-74):** при **утечке воды из сливного бачка, переливе воды через край** — *“Отрегулировать работу смывного бачка в течение 1 суток”*.
- **(ПН-74):** при **превышении предельных сроков устранения неисправностей сетей системы канализации и внутренних водостоков, нарушающих нормальный режим** — *“Устранить неисправности внутренних водостоков в течение 5 суток, неисправности трубопроводов, утечку из унитаза немедленно по обнаружении”*.

Других конкретных мер именно **при протекании канализационной сети (трубопроводов канализации/канализационных сетей)** в вашем фрагменте больше нет.","Data1_10_10852_index.pdf:page_15, Data1_10_10852_index.pdf:page_17, Data1_10_10852_index.pdf:page_24, Data1_10_10852_index.pdf:page_27, Data1_10_10852_index.pdf:page_32, Data1_10_10861_index.pdf:page_31, Data1_10_10861_index.pdf:page_34, Data1_10_10865_index.pdf:page_32, Data1_10_10871_index.pdf:page_12, Data1_10_10871_index.pdf:page_15"
Какие типы оборудования перечислены в Приложении 19 к ГОСТ (к СНиП 3.02.01-83) для силикатизации и смолизации грунтов?,"В приведённом фрагменте текста (в контексте **Приложения 21–22**, и таблиц с характеристиками) перечислены следующие типы оборудования для производства работ по **силикатизации и смолизации грунтов**:

- **Станки ударно-канатного бурения** (например, марки Б2-20-2М, УКС-22М, УКС-30М, БС-1М)
- **Насосы** (С-317А, 11Гр, НГр-250/50, Гр-16/40, 9М-Гр, НБ-179)
- **Бетоноломы**
- **Перфораторы**
- **Инъекторы** (ИПС-2, ИТГ-58, ИТГ-124, ИТП-58, ИТП-124)
- **Компрессорные станции**
- Кроме того, в тексте отдельно отмечено применение:
  - **пневматических буровых станков / буровых станков ударно-вращательного действия** (для погружения инъекторов),
  - **буровых станков колонкового/вращательного/шнекового/ударно-вращательного действия** (для бурения инъекционных скважин),
  - **гидравлических домкратов и автопогрузчиков** (для извлечения инъекторов),
  - **плунжерных/шестеренных/центробежных насосов и насосов-дозаторов серии НД** (для нагнетания реагентов),
  - **передвижной компрессорной станции** (для обеспечения работ сжатым воздухом).

Прямого упоминания именно **«Приложение 19 к ГОСТ (к СНиП 3.02.01-83)»** в данном фрагменте нет, но перечисление оборудования для этих работ содержится в самом представленном тексте.","Data1_10_10846_index.pdf:page_3, Data1_11_11295_index.pdf:page_11, Data1_11_11295_index.pdf:page_20, Data1_11_11295_index.pdf:page_43, Data1_11_11295_index.pdf:page_44, Data1_11_11295_index.pdf:page_46, Data1_11_11295_index.pdf:page_47, Data1_11_11295_index.pdf:page_48, Data1_2_2079_index.pdf:page_11, Data1_2_2079_index.pdf:page_17"
Какие требования предъявляются к разработке альтернативного варианта оферты согласно ГОСТ МДС-80-8.2000?,"В приведённом фрагменте ГОСТ/МДС **МДС-80-8.2000** есть только общая ссылка на раздел про альтернативный вариант:  

- **«4.5. ПРИ РАЗРАБОТКЕ АЛЬТЕРНАТИВНОГО ВАРИАНТА ОФЕРТЫ»**  
и далее цитируется:  
- **«В соответствии с п. 6.3 Положения о подрядных торгах в Российской Федерации оферент имеет право наряду с офертой, составленной в соответствии с условия…»**  

Однако **требования к разработке альтернативного варианта оферты (конкретные условия/состав/как оформлять/границы альтернативы и т.п.) в данном фрагменте не раскрыты**, текст обрывается на середине фразы.

Ответ: **нет в документах** (в предоставленном фрагменте нет перечисленных требований к альтернативному варианту оферты).","Data1_10_10859_index.pdf:page_6, Data1_10_10865_index.pdf:page_1, Data1_10_10865_index.pdf:page_36, Data1_10_10865_index.pdf:page_37, Data1_10_10865_index.pdf:page_44, Data1_10_10866_index.pdf:page_6, Data1_10_10866_index.pdf:page_7, Data1_10_10869_index.pdf:page_2, Data1_10_10869_index.pdf:page_6, Data1_10_10869_index.pdf:page_7"
В каких случаях срок пребывания руководителя научной организации в должности может быть продлен?,"Срок пребывания руководителя научной организации в должности **может быть продлен**, если руководитель **достиг возраста, установленного частью второй статьи 336.2 ТК РФ**, — в этом случае **продление возможно по его согласию** (“...может быть продлен”).","Административный кодекс Российской Федерации.pdf:page_570, Трудовой кодекс Российской Федерации.pdf:page_193, Трудовой кодекс Российской Федерации.pdf:page_194, Трудовой кодекс Российской Федерации.pdf:page_195, Трудовой кодекс Российской Федерации.pdf:page_196, Трудовой кодекс Российской Федерации.pdf:page_197, Трудовой кодекс Российской Федерации.pdf:page_218, Трудовой кодекс Российской Федерации.pdf:page_237, Уголовно-исполнительный кодекс Российской Федерации.pdf:page_15, Уголовный кодекс Российской Федерации.pdf:page_154"
Кто такие экспертные организации?,"В предоставленном фрагменте есть определение **«экспертное учреждение»**, которое частично раскрывает смысл понятия «экспертные организации»:

**Экспертное учреждение — государственное судебно-экспертное или иное учреждение, которому поручено производство судебной экспертизы** в порядке, установленном настоящим Кодексом.","Data1_10_10863_index.pdf:page_2, Градостроительный кодекс Российской Федерации.pdf:page_136, Градостроительный кодекс Российской Федерации.pdf:page_196, Гражданский кодекс Российской Федерации.pdf:page_508, Гражданский процессуальный кодекс Российской Федерации.pdf:page_33, Кодекс административного судопроизводства Российской Федерации.pdf:page_30, Кодекс административного судопроизводства Российской Федерации.pdf:page_47, Уголовно-процессуальный кодекс Российской Федерации.pdf:page_137, Уголовно-процессуальный кодекс Российской Федерации.pdf:page_48, Уголовно-процессуальный кодекс Российской Федерации.pdf:page_6"
Как федеральный орган исполнительной власти уведомляет организацию о результате взаимосогласительной процедуры?,нет в документах,"Градостроительный кодекс Российской Федерации.pdf:page_157, Гражданский процессуальный кодекс Российской Федерации.pdf:page_62, Кодекс административного судопроизводства Российской Федерации.pdf:page_79, Налоговый кодекс Российской Федерации.pdf:page_213, Налоговый кодекс Российской Федерации.pdf:page_331, Налоговый кодекс Российской Федерации.pdf:page_349, Налоговый кодекс Российской Федерации.pdf:page_385, Трудовой кодекс Российской Федерации.pdf:page_138, Трудовой кодекс Российской Федерации.pdf:page_245, Трудовой кодекс Российской Федерации.pdf:page_249"
"Как учреждение или орган, на которые возложено исполнение наказания, извещает суд о месте отбывания наказания осужденным?","В предоставленном фрагменте указано лишь, что суд направляет копию приговора (определения, постановления) в учреждение/орган, на которые возложено исполнение наказания, но **нет сведений о том, как именно учреждение или орган извещает суд о месте отбывания наказания осужденным**.

**Ответ:** нет в документах.","Уголовно-исполнительный кодекс Российской Федерации.pdf:page_102, Уголовно-исполнительный кодекс Российской Федерации.pdf:page_13, Уголовно-исполнительный кодекс Российской Федерации.pdf:page_14, Уголовно-исполнительный кодекс Российской Федерации.pdf:page_17, Уголовно-исполнительный кодекс Российской Федерации.pdf:page_20, Уголовно-исполнительный кодекс Российской Федерации.pdf:page_26, Уголовно-исполнительный кодекс Российской Федерации.pdf:page_90, Уголовно-исполнительный кодекс Российской Федерации.pdf:page_94, Уголовно-исполнительный кодекс Российской Федерации.pdf:page_96, Уголовно-процессуальный кодекс Российской Федерации.pdf:page_241"
В каких случаях налогоплательщик - участник соглашения о защите и поощрении капиталовложений может уменьшать подлежащие уплате суммы налогов?,"Налогоплательщик — участник соглашения о защите и поощрении капиталовложений может **уменьшать подлежащие уплате суммы налогов** в случаях, когда он:

1) **Приобрел статус участника соглашения** (статус возникает со дня включения сведений о соглашении в реестр; см. п. 1–2).  
2) **У него применяются предусмотренные соглашением механизмы уменьшения налоговых платежей** — однако в предоставленных фрагментах конкретные случаи и условия такого уменьшения **не раскрыты**.

В тексте, который вы прислали, **прямого перечня “когда именно” участник может уменьшать налоги (какие налоги и по каким основаниям)** нет. Поэтому по имеющимся данным корректный ответ:

**нет в документах** (в части конкретных случаев уменьшения сумм налогов).","Налоговый кодекс Российской Федерации.pdf:page_1077, Налоговый кодекс Российской Федерации.pdf:page_1105, Налоговый кодекс Российской Федерации.pdf:page_1120, Налоговый кодекс Российской Федерации.pdf:page_1458, Налоговый кодекс Российской Федерации.pdf:page_1528, Налоговый кодекс Российской Федерации.pdf:page_1529, Налоговый кодекс Российской Федерации.pdf:page_1549, Налоговый кодекс Российской Федерации.pdf:page_161, Налоговый кодекс Российской Федерации.pdf:page_87, Налоговый кодекс Российской Федерации.pdf:page_896"
Какие санкции могут быть применены к нарушителям положений Примерного профессионального кодекса инженеров-строителей согласно ГОСТу и СНиП?,"В предоставленном фрагменте текста указаны санкции, которые могут применяться к нарушителям положений **(указанного “Кодекса”/Примерного профессионального кодекса)** со стороны коллег:

- **предупреждение**;
- **общественное порицание**;
- **ходатайство перед …** (дальше в фрагменте предложение обрывается, поэтому остальная часть не указана в документах полностью);
  
Также в фрагменте есть фраза:  
- **“ходатайство перед соответ …”** — но точного продолжения (и перечня/органа, перед кем именно) в тексте не хватает, поэтому эту часть подтвердить полностью нельзя.

Иных санкций (по ГОСТ/СНиП) в присланном фрагменте **нет в документах**.","Data1_10_10851_index.pdf:page_6, Административный кодекс Российской Федерации.pdf:page_10, Административный кодекс Российской Федерации.pdf:page_141, Административный кодекс Российской Федерации.pdf:page_25, Административный кодекс Российской Федерации.pdf:page_302, Градостроительный кодекс Российской Федерации.pdf:page_195, Градостроительный кодекс Российской Федерации.pdf:page_230, Градостроительный кодекс Российской Федерации.pdf:page_282, Градостроительный кодекс Российской Федерации.pdf:page_284, Градостроительный кодекс Российской Федерации.pdf:page_287"
Какое сечение проводов должно быть рассчитано при проектировании воздушной линии электропередачи на напряжение 35 кВ согласно ГОСТ МДС-80-8.2000?,"В приведённых документах **нет информации** о требуемом сечении проводов для воздушной линии электропередачи 35 кВ и о том, что именно требует **ГОСТ МДС-80-8.2000**.  

Упоминается лишь пример тендерной формулировки (“Проектирование и строительство воздушной линии электропередачи на напряжение 35 кВ…”), но **значение/правило расчёта сечения проводов в тексте отсутствует**.","Data1_10_10754_index.pdf:page_22, Data1_10_10754_index.pdf:page_25, Data1_10_10846_index.pdf:page_3, Data1_10_10865_index.pdf:page_23, Data1_10_10865_index.pdf:page_40, Data1_11_11285_index.pdf:page_25, Data1_11_11285_index.pdf:page_66, Data1_11_11295_index.pdf:page_47, Data1_11_11835_index.pdf:page_35, Data1_2_2079_index.pdf:page_15"
Кто обязан представлять уведомления об участии в международной группе компаний?,"В соответствии со **статьей 105.16-2 НК РФ**, уведомления об участии в международной группе компаний обязаны представлять:

- **налогоплательщики**, которые **являются участниками международной группы компаний**;
- **за исключением иностранных организаций**, которые получают **только доходы, указанные в статье 309 НК РФ**.","Налоговый кодекс Российской Федерации.pdf:page_213, Налоговый кодекс Российской Федерации.pdf:page_310, Налоговый кодекс Российской Федерации.pdf:page_312, Налоговый кодекс Российской Федерации.pdf:page_313, Налоговый кодекс Российской Федерации.pdf:page_315, Налоговый кодекс Российской Федерации.pdf:page_364, Налоговый кодекс Российской Федерации.pdf:page_37, Налоговый кодекс Российской Федерации.pdf:page_38, Налоговый кодекс Российской Федерации.pdf:page_78, Налоговый кодекс Российской Федерации.pdf:page_81"
"Какой закон РФ вносит изменения и дополнения в Закон РСФСР ""О медицинском страховании граждан в РСФСР""?","В тексте указано, что изменения и дополнения в Закон РСФСР «О медицинском страховании граждан в РСФСР» вносит **Закон РФ от 02.04.93 № 4741-1** «О внесении изменений и дополнений в Закон РСФСР ""О медицинском страховании граждан в РСФСР""».","Data1_2_2070_index.pdf:page_33, Data1_2_2116_index.pdf:page_6, Бюджетный кодекс Российской Федерации.pdf:page_239, Воздушный кодекс Российской Федерации.pdf:page_72, Гражданский кодекс Российской Федерации.pdf:page_388, Гражданский кодекс Российской Федерации.pdf:page_398, Налоговый кодекс Российской Федерации.pdf:page_1629, Налоговый кодекс Российской Федерации.pdf:page_1651, Налоговый кодекс Российской Федерации.pdf:page_2, Трудовой кодекс Российской Федерации.pdf:page_185"
"Какое углеводородное сырье, добытое на морском месторождении углеводородного сырья, освобождается от налогообложения?","В предоставленном фрагменте документов **нет информации** об освобождении от налогообложения какого-либо углеводородного сырья, добытого на новом морском месторождении углеводородного сырья.","Налоговый кодекс Российской Федерации.pdf:page_1034, Налоговый кодекс Российской Федерации.pdf:page_1035, Налоговый кодекс Российской Федерации.pdf:page_1358, Налоговый кодекс Российской Федерации.pdf:page_1368, Налоговый кодекс Российской Федерации.pdf:page_1379, Налоговый кодекс Российской Федерации.pdf:page_1380, Налоговый кодекс Российской Федерации.pdf:page_1387, Налоговый кодекс Российской Федерации.pdf:page_1397, Налоговый кодекс Российской Федерации.pdf:page_1447, Налоговый кодекс Российской Федерации.pdf:page_963"
"Какой год издания у рекомендаций по проектированию, устройству и эксплуатации светопрозрачных конструкций промышленных зданий, выпущенных ЦНИИпромзданий Госстроя СССР?","В тексте указано: **«Рекомендации по проектированию, устройству и эксплуатации светопрозрачных конструкций промышленных зданий / ЦНИИпромзданий Госстроя СССР. - М., 1985.»**  
Значит, год издания — **1985**.","Data1_10_10062_index.pdf:page_1, Data1_10_10846_index.pdf:page_2, Data1_10_10846_index.pdf:page_3, Data1_10_10846_index.pdf:page_54, Data1_11_11285_index.pdf:page_1, Data1_1_1804_index.pdf:page_1, Data1_1_1879_index.pdf:page_1, Data1_2_2076_index.pdf:page_1, Data1_2_2080_index.pdf:page_1, Data1_2_2081_index.pdf:page_1"
Может ли принципал ссылаться на отсутствие у агента надлежащих полномочий в отношениях с третьими лицами?,"Да, **может**, но **только при определенных условиях**.

Из приведённого текста следует: в агентском договоре, заключенном в письменной форме, если агент имеет общие полномочия на совершение сделок от имени принципала, то **принципал не вправе ссылаться на отсутствие у агента надлежащих полномочий в отношениях с третьими лицами**, **если не докажет**, что **третье лицо знало или должно было знать об ограничении полномочий агента**.","Бюджетный кодекс Российской Федерации.pdf:page_170, Бюджетный кодекс Российской Федерации.pdf:page_174, Гражданский кодекс Российской Федерации.pdf:page_25, Гражданский кодекс Российской Федерации.pdf:page_400, Гражданский кодекс Российской Федерации.pdf:page_401, Гражданский кодекс Российской Федерации.pdf:page_407, Гражданский кодекс Российской Федерации.pdf:page_408, Гражданский кодекс Российской Федерации.pdf:page_409, Гражданский кодекс Российской Федерации.pdf:page_421, Кодекс торгового мореплавания Российской Федерации.pdf:page_80"
Какой телефон можно использовать для получения бесплатной юридической консультации в регионах России?,Для получения бесплатной юридической консультации в регионах России можно использовать телефон: **8 (800) 301-92-12**.,"Гражданский кодекс Российской Федерации.pdf:page_662, Налоговый кодекс Российской Федерации.pdf:page_1344, Налоговый кодекс Российской Федерации.pdf:page_1345, Налоговый кодекс Российской Федерации.pdf:page_1347, Налоговый кодекс Российской Федерации.pdf:page_1348, Налоговый кодекс Российской Федерации.pdf:page_1349, Налоговый кодекс Российской Федерации.pdf:page_1352, Налоговый кодекс Российской Федерации.pdf:page_1353, Налоговый кодекс Российской Федерации.pdf:page_1354, Уголовный кодекс Российской Федерации.pdf:page_276"
"Какой штраф предусмотрен за представление странового отчета, содержащего недостоверные сведения?","За представление **странового отчета, содержащего недостоверные сведения**, предусмотрен штраф **100 000 рублей** (статья **129.10**).","Административный кодекс Российской Федерации.pdf:page_318, Административный кодекс Российской Федерации.pdf:page_328, Административный кодекс Российской Федерации.pdf:page_38, Административный кодекс Российской Федерации.pdf:page_401, Административный кодекс Российской Федерации.pdf:page_408, Налоговый кодекс Российской Федерации.pdf:page_358, Налоговый кодекс Российской Федерации.pdf:page_362, Налоговый кодекс Российской Федерации.pdf:page_364, Уголовный кодекс Российской Федерации.pdf:page_115, Уголовный кодекс Российской Федерации.pdf:page_231"
Какие требования к отчетности об исполнении государственного (муниципального) задания должны быть указаны?,"В тексте указано, что в государственном (муниципальном) задании должны быть **«требования к отчетности об исполнении государственного (муниципального) задания»** (статья 69.2, п. 1).

Конкретного перечня (какая именно отчетность, сроки, формы и т.п.) в предоставленном фрагменте **нет**.","Data1_10_10859_index.pdf:page_6, Административный кодекс Российской Федерации.pdf:page_314, Бюджетный кодекс Российской Федерации.pdf:page_183, Бюджетный кодекс Российской Федерации.pdf:page_184, Бюджетный кодекс Российской Федерации.pdf:page_379, Бюджетный кодекс Российской Федерации.pdf:page_389, Бюджетный кодекс Российской Федерации.pdf:page_395, Бюджетный кодекс Российской Федерации.pdf:page_75, Бюджетный кодекс Российской Федерации.pdf:page_77, Гражданский кодекс Российской Федерации.pdf:page_326"
Как уполномоченный орган выдает заключение об исчезновении характерных условий?,"Уполномоченный орган осуществляет контроль за сохранением особых свойств товара и **«в том числе выдает заключение об исчезновении характерных для данного географического объекта условий и о невозможности производить товар…»**.

Также указано, что **заключение выдается “в устанавливаемом им порядке” при предоставлении заявителем документов, предусмотренных таким порядком**.","Data1_10_10859_index.pdf:page_2, Административный кодекс Российской Федерации.pdf:page_604, Воздушный кодекс Российской Федерации.pdf:page_52, Гражданский кодекс Российской Федерации.pdf:page_652, Гражданский кодекс Российской Федерации.pdf:page_659, Гражданский процессуальный кодекс Российской Федерации.pdf:page_112, Земельный кодекс Российской Федерации.pdf:page_140, Земельный кодекс Российской Федерации.pdf:page_88, Налоговый кодекс Российской Федерации.pdf:page_335, Семейный кодекс Российской Федерации.pdf:page_5"
Кто проводит экспертизу?,"Экспертизу проводят **эксперты**:  

- **работники государственного судебно-экспертного учреждения** — по поручению руководителя этого учреждения;  
- **иные эксперты**, которым экспертиза поручена **судом**.","Data1_10_10863_index.pdf:page_2, Data1_10_10863_index.pdf:page_3, Арбитражный процессуальный кодекс Российской Федерации.pdf:page_40, Градостроительный кодекс Российской Федерации.pdf:page_124, Градостроительный кодекс Российской Федерации.pdf:page_22, Гражданский процессуальный кодекс Российской Федерации.pdf:page_33, Кодекс административного судопроизводства Российской Федерации.pdf:page_47, Налоговый кодекс Российской Федерации.pdf:page_249, Уголовно-процессуальный кодекс Российской Федерации.pdf:page_137, Уголовно-процессуальный кодекс Российской Федерации.pdf:page_48"
"Проводится ли предварительное судебное заседание в делах, рассматриваемых в порядке упрощенного производства?",Нет в документах.,"Арбитражный процессуальный кодекс Российской Федерации.pdf:page_67, Арбитражный процессуальный кодекс Российской Федерации.pdf:page_68, Гражданский процессуальный кодекс Российской Федерации.pdf:page_60, Гражданский процессуальный кодекс Российской Федерации.pdf:page_61, Гражданский процессуальный кодекс Российской Федерации.pdf:page_94, Кодекс административного судопроизводства Российской Федерации.pdf:page_82, Уголовно-процессуальный кодекс Российской Федерации.pdf:page_163, Уголовно-процессуальный кодекс Российской Федерации.pdf:page_165, Уголовно-процессуальный кодекс Российской Федерации.pdf:page_183, Уголовно-процессуальный кодекс Российской Федерации.pdf:page_200"
"Какие организации могут принимать от граждан в залог движимые вещи, предназначенные для личного потребления?",нет в документах,"Бюджетный кодекс Российской Федерации.pdf:page_119, Гражданский кодекс Российской Федерации.pdf:page_173, Гражданский кодекс Российской Федерации.pdf:page_174, Гражданский кодекс Российской Федерации.pdf:page_175, Гражданский кодекс Российской Федерации.pdf:page_176, Гражданский кодекс Российской Федерации.pdf:page_183, Гражданский кодекс Российской Федерации.pdf:page_184, Гражданский кодекс Российской Федерации.pdf:page_185, Гражданский кодекс Российской Федерации.pdf:page_189, Гражданский кодекс Российской Федерации.pdf:page_192"
В каком случае арбитражный суд может поручить другому арбитражному суду произвести определенные процессуальные действия?,"В тексте есть фрагмент **про судебное поручение**: арбитражный суд может поручить другому арбитражному суду выполнить определённые процессуальные действия, **если это необходимо и поручение направляется в порядке, предусмотренном законом** (в выдержке указано, что по выполнению судебного поручения выносится определение и материалы пересылаются в суд, направивший поручение).

Однако в предоставленном фрагменте **нет формулировки условий**, *в каком именно случае* суд вправе дать такое поручение.  

**Ответ:** частичный — *упомянуто “судебное поручение”*, но **конкретные случаи в документах не указаны**.","Арбитражный процессуальный кодекс Российской Федерации.pdf:page_1, Арбитражный процессуальный кодекс Российской Федерации.pdf:page_166, Арбитражный процессуальный кодекс Российской Федерации.pdf:page_28, Арбитражный процессуальный кодекс Российской Федерации.pdf:page_29, Арбитражный процессуальный кодекс Российской Федерации.pdf:page_35, Арбитражный процессуальный кодекс Российской Федерации.pdf:page_36, Арбитражный процессуальный кодекс Российской Федерации.pdf:page_4, Арбитражный процессуальный кодекс Российской Федерации.pdf:page_54, Арбитражный процессуальный кодекс Российской Федерации.pdf:page_67, Арбитражный процессуальный кодекс Российской Федерации.pdf:page_9"
Какие виды инспекционных проверок выполняются Государственной жилищной инспекцией согласно МДС 17-13.2000?,"В приведённом фрагменте МДС 13-17.2000 сказано, что при инспекционных обследованиях Государственная жилищная инспекция выполняет:

1) **Проведение инспекционных обследований технического состояния**:
- жилищного фонда,
- его инженерного оборудования,
- придомовой территории,
- объектов коммунального назначения (независимо от ведомственной принадлежности и формы собственности).

2) **Контроль за использованием и содержанием**:
- за использованием и сохранностью жилищного фонда и придомовых территорий,
- соблюдением своевременного выполнения работ по содержанию и ремонту,
- подготовкой жилищного фонда к сезонной эксплуатации,
- санитарным состоянием помещений,
- выполнением в срок выданных предписаний,
- соблюдением нормативного уровня и режима обеспечения коммунальными услугами.

3) **Специальные инспекционные обследования** (упомянуты как отдельный вид) — по вопросам:
- рационального использования топливно-энергетических ресурсов и воды,
- соблюдения нормативного уровня и режима обеспечения населения коммунальными услугами.

Отдельно в тексте приведена **рекомендуемая последовательность инспекционного контроля**, т.е. *какие разделы/объекты осматриваются по ходу проверки*, но это не оформлено как “виды проверок” в смысле категорий, а как этапы осмотра (например: территория, крыши, наружные стены, входы, подвалы, помещения в квартирах, системы водоснабжения/отопления/канализации/электроснабжения, лифты и т.д.).","Data1_10_10852_index.pdf:page_35, Data1_10_10852_index.pdf:page_37, Data1_10_10852_index.pdf:page_40, Data1_10_10861_index.pdf:page_1, Data1_10_10861_index.pdf:page_2, Data1_10_10861_index.pdf:page_21, Data1_10_10861_index.pdf:page_3, Data1_10_10861_index.pdf:page_34, Административный кодекс Российской Федерации.pdf:page_495, Жилищный кодекс Российской Федерации.pdf:page_1"
"Кто осуществляет контроль за межбюджетными субсидиями, субвенциями, трансфертами и кредитами?","В представленных фрагментах прямо указано следующее:

- **Контроль за государственными (внешними и внутренними) финансовыми операциями** осуществляют **Счетная палата РФ, контрольно‑счетные органы субъектов РФ и муниципальные образования (внешний контроль)**, а также **органы, осуществляющие внутренний государственный (муниципальный) финансовый контроль** (внутренний контроль — в тексте начинается, но дальше об органах в предоставленном фрагменте не раскрыто).

- **Государственный финансовый контроль за соблюдением целей, порядка и условий предоставления из бюджетов межбюджетных субсидий, субвенций и иных межбюджетных трансфертов** (а также бюджетных кредитов и условий договоров/контрактов) — проводится **в порядке, предусмотренном положениями о контроле**, при этом в фрагменте упоминается:
  - Федеральное казначейство — в указанных случаях/в связи с поручениями о контрольных мероприятиях;
  - Счетная палата РФ — в случаях поручений/обращений, указанных в фрагменте.

Иных конкретных органов для контроля именно за **межбюджетными субсидиями/субвенциями/трансфертами/кредитами** в предоставленном тексте больше не раскрыто.","Бюджетный кодекс Российской Федерации.pdf:page_126, Бюджетный кодекс Российской Федерации.pdf:page_193, Бюджетный кодекс Российской Федерации.pdf:page_196, Бюджетный кодекс Российской Федерации.pdf:page_206, Бюджетный кодекс Российской Федерации.pdf:page_218, Бюджетный кодекс Российской Федерации.pdf:page_27, Бюджетный кодекс Российской Федерации.pdf:page_321, Бюджетный кодекс Российской Федерации.pdf:page_337, Бюджетный кодекс Российской Федерации.pdf:page_389, Бюджетный кодекс Российской Федерации.pdf:page_391"
Что такое «договорное потребление теплоносителя» в документе МДС 41-3.2000?,нет в документах,"Data1_10_10870_index.pdf:page_10, Data1_10_10870_index.pdf:page_3, Data1_10_10871_index.pdf:page_1, Data1_10_10871_index.pdf:page_2, Data1_10_10871_index.pdf:page_3, Data1_10_10871_index.pdf:page_4, Data1_10_10871_index.pdf:page_5, Data1_10_10871_index.pdf:page_7, Гражданский кодекс Российской Федерации.pdf:page_266, Гражданский кодекс Российской Федерации.pdf:page_267"
На какие расходы не распространяется данное положение?,"В предоставленном фрагменте **нет информации**, на какие именно расходы *не распространяется данное положение*.

Если вы уточните, **какое именно “положение”** имеется в виду (например, номер статьи/пункт из документа), я смогу найти точный ответ в тексте.","Налоговый кодекс Российской Федерации.pdf:page_1026, Налоговый кодекс Российской Федерации.pdf:page_1482, Налоговый кодекс Российской Федерации.pdf:page_1484, Налоговый кодекс Российской Федерации.pdf:page_1485, Налоговый кодекс Российской Федерации.pdf:page_1500, Налоговый кодекс Российской Федерации.pdf:page_1503, Налоговый кодекс Российской Федерации.pdf:page_402, Налоговый кодекс Российской Федерации.pdf:page_800, Налоговый кодекс Российской Федерации.pdf:page_911, Налоговый кодекс Российской Федерации.pdf:page_936"
Какие документы должны быть представлены для допуска тепловых сетей и систем теплопотребления в эксплуатацию согласно ГОСТ?,"Согласно приведенному фрагменту, для допуска в эксплуатацию тепловых сетей и систем теплопотребления после проведения приемосдаточных испытаний **должны быть представлены**:

1) **Надлежащим образом оформленная разрешительная документация**;  
2) **Проектная документация**;  
3) **Исполнительная документация**, включая **акты на скрытые работы**, составленные **при их производстве с участием представителей теплоснабжающей организации**.","Data1_10_10852_index.pdf:page_15, Data1_10_10852_index.pdf:page_35, Data1_10_10870_index.pdf:page_10, Data1_10_10870_index.pdf:page_3, Data1_10_10871_index.pdf:page_2, Data1_10_10871_index.pdf:page_8, Data1_10_10871_index.pdf:page_9, Data1_2_2096_index.pdf:page_1, Data1_2_2096_index.pdf:page_2, Градостроительный кодекс Российской Федерации.pdf:page_181"
Как специалист должен действовать в качестве представителя заказчика согласно СНиП?,"В предоставленном фрагменте **нет сведений**, как именно специалист должен действовать в качестве представителя **заказчика** согласно **СНиП**.

При этом встречается лишь общий фрагмент про права (например, **«назначать своих представителей…»**), но он относится к **управляющему проектом**, а не к представителю заказчика по СНиП, и требований/порядка действий “представителя заказчика” в тексте нет.","Data1_10_10858_index.pdf:page_2, Data1_10_10858_index.pdf:page_6, Data1_10_10858_index.pdf:page_7, Data1_10_10858_index.pdf:page_9, Data1_10_10872_index.pdf:page_10, Data1_1_1804_index.pdf:page_8, Градостроительный кодекс Российской Федерации.pdf:page_117, Градостроительный кодекс Российской Федерации.pdf:page_165, Градостроительный кодекс Российской Федерации.pdf:page_199, Гражданский кодекс Российской Федерации.pdf:page_312"
Какова сметная стоимость труб асбестоцементных по ГОСТ МДС 81-10.2000?,"В предоставленных фрагментах **нет данных о сметной стоимости труб асбестоцементных по ГОСТ МДС 81-10.2000** (в тексте встречается только перечень кодов/ресурсов, в т.ч. “Трубы асбестоцементные”, но **без значений стоимости**).  

**Ответ: нет в документах.**","Data1_10_10754_index.pdf:page_28, Data1_2_2076_index.pdf:page_13, Data1_2_2079_index.pdf:page_17, Data1_2_2080_index.pdf:page_13, Data1_2_2080_index.pdf:page_14, Data1_2_2080_index.pdf:page_25, Data1_2_2080_index.pdf:page_26, Data1_2_2080_index.pdf:page_28, Data1_2_2080_index.pdf:page_29, Data1_2_2081_index.pdf:page_18"
"Что грозит индивидуальным предпринимателям за нарушение обязательных требований при обращении драгоценных металлов, драгоценных камней и продукции из них?","В документах указано, что **нарушение установленных законодательством обязательных требований при перевозке драгоценных металлов, драгоценных камней и продукции из них** влечет для **индивидуальных предпринимателей** административный штраф в размере **от 50 000 до 70 000 рублей**.","Административный кодекс Российской Федерации.pdf:page_269, Административный кодекс Российской Федерации.pdf:page_303, Административный кодекс Российской Федерации.pdf:page_350, Административный кодекс Российской Федерации.pdf:page_351, Административный кодекс Российской Федерации.pdf:page_352, Административный кодекс Российской Федерации.pdf:page_75, Административный кодекс Российской Федерации.pdf:page_80, Уголовный кодекс Российской Федерации.pdf:page_118, Уголовный кодекс Российской Федерации.pdf:page_120, Уголовный кодекс Российской Федерации.pdf:page_185"
"Какие ставки таможенных пошлин действовали согласно Указу Президента Российской Федерации ""О Временном импортном таможенном тарифе Российской Федерации""?","В предоставленных фрагментах **нет информации** о том, какие именно ставки таможенных пошлин действовали согласно Указу Президента РФ «О Временном импортном таможенном тарифе Российской Федерации».  

Ответ: **нет в документах**.","Data1_2_2082_index.pdf:page_19, Data1_2_2082_index.pdf:page_27, Налоговый кодекс Российской Федерации.pdf:page_430, Налоговый кодекс Российской Федерации.pdf:page_448, Таможенный кодекс Евразийского экономического союза.pdf:page_110, Таможенный кодекс Евразийского экономического союза.pdf:page_159, Таможенный кодекс Евразийского экономического союза.pdf:page_255, Таможенный кодекс Евразийского экономического союза.pdf:page_492, Таможенный кодекс Евразийского экономического союза.pdf:page_57, Таможенный кодекс Евразийского экономического союза.pdf:page_98"
Какие требования к строительной климатологии и геофизике установлены СНиП 2.01.01-82?,"В приведённом фрагменте текста **нет сведений о конкретных требованиях СНиП 2.01.01-82 «Строительная климатология и геофизика»** (ни формулировок требований, ни перечисления норм).

Единственное, что встречается — указание, что **распределение договорного количества тепловой энергии по кварталам и месяцам должно производиться с учетом температур наружного воздуха, приведенных в СНиП 2.01.01-82**, но **сам перечень климатологических/геофизических требований из СНиП 2.01.01-82 в тексте не приведён**.

**Ответ:** нет в документах.","Data1_10_10849_index.pdf:page_11, Data1_10_10849_index.pdf:page_6, Data1_10_10861_index.pdf:page_21, Data1_10_10861_index.pdf:page_24, Data1_10_10861_index.pdf:page_27, Data1_10_10861_index.pdf:page_32, Data1_10_10865_index.pdf:page_32, Data1_10_10865_index.pdf:page_38, Data1_10_10865_index.pdf:page_39, Data1_10_10871_index.pdf:page_4"
Какие границы эксплуатационной ответственности между теплоснабжающей организацией и заказчиком должны быть указаны в технических условиях согласно СНиП?,"В представленных фрагментах **нет прямого указания**, какие именно **границы эксплуатационной ответственности** нужно указывать в технических условиях (какого вида/как определяется линия раздела и т.п.) — сказано лишь, что в техусловиях должны быть указаны:

- **«границы эксплуатационной ответственности теплоснабжающей организации и заказчика»** (пункт л)).

Также в тексте встречается определение **«границы балансовой принадлежности»**, но **это не то же самое**, что границы эксплуатационной ответственности, и прямых инструкций по ним в приведённом фрагменте нет.

**Ответ:** в технических условиях должны быть указаны **границы эксплуатационной ответственности теплоснабжающей организации и заказчика** (п. л) — *нет в документах* уточнения, *какие именно линии/границы* по СНиП должны обозначаться.","Data1_10_10870_index.pdf:page_10, Data1_10_10870_index.pdf:page_4, Data1_10_10871_index.pdf:page_11, Data1_10_10871_index.pdf:page_16, Data1_10_10871_index.pdf:page_18, Data1_10_10871_index.pdf:page_2, Data1_10_10871_index.pdf:page_4, Data1_10_10871_index.pdf:page_5, Data1_10_10871_index.pdf:page_7, Data1_10_10871_index.pdf:page_8"
Какую роль играет управляющий проектом в выборе и согласовании места размещения объекта по ГОСТ МДС 11-11.2000?,"В предоставленных фрагментах **нет информации** о том, какую роль управляющий проектом играет в **выборе и согласовании места размещения объекта** (по ГОСТ/МДС **11-11.2000**).  

Есть только общие положения о правах/обязанностях управляющего проектом (например, представление проектной организации, участие в торгах, ведение переговоров, проверка разработки проектной документации, ответственность за уровень решений и качество/сроки разработки документации), но конкретно про размещение объекта (место строительства) — **не указано**.","Data1_10_10858_index.pdf:page_1, Data1_10_10858_index.pdf:page_12, Data1_10_10858_index.pdf:page_25, Data1_10_10858_index.pdf:page_26, Data1_10_10858_index.pdf:page_4, Data1_10_10858_index.pdf:page_6, Data1_10_10858_index.pdf:page_7, Data1_10_10859_index.pdf:page_6, Data1_10_10872_index.pdf:page_10, Data1_1_1804_index.pdf:page_2"
Какие требования предъявляются к эксплуатации теплопотребляющих установок и тепловых сетей абонентом согласно ГОСТ?,"В предоставленном фрагменте **нет сведений о требованиях к эксплуатации теплопотребляющих установок и тепловых сетей абонентом “согласно ГОСТ”**.

Есть только общие фрагменты про:
- порядок приёмки теплового пункта к зиме (акт, проверки),
- порядок действий персонала в аварийной ситуации (закрытие/открытие арматуры, опорожнение системы),
- вопросы учета тепловой энергии/теплоносителей (узел учета, выход из строя приборов),
- определения (балансы, “бронь аварийная/технологическая” и т.п.).

Но **конкретных “требований к эксплуатации” абонентом теплопотребляющих установок и тепловых сетей, оформленных как нормы ГОСТ**, в тексте не приведено. Поэтому: **нет в документах**.","Data1_10_10852_index.pdf:page_27, Data1_10_10852_index.pdf:page_32, Data1_10_10852_index.pdf:page_35, Data1_10_10870_index.pdf:page_10, Data1_10_10871_index.pdf:page_1, Data1_10_10871_index.pdf:page_2, Data1_10_10871_index.pdf:page_5, Data1_10_10871_index.pdf:page_8, Data1_2_2096_index.pdf:page_3, Data1_2_2096_index.pdf:page_4"
Какие финансовые показатели должны быть указаны в форме 'Опыт работы претендента по самому крупному построенному объекту сопоставимого вида и объем работы в России или за рубежом' согласно ГОСТ МДС 80-5.2000?,"В предоставленных фрагментах **нет перечисления финансовых показателей**, которые должны быть указаны в форме **«Опыт работы претендента по самому крупному построенному объекту сопоставимого вида и объем работы в России или за рубежом»**.

В тексте документа, который вы привели, форма **«Опыт работы…»** показана только заголовком и полями (наименование претендента, наименование объекта, расположение, заказчик), но **дальнейшие строки с требуемыми показателями/параметрами (в т.ч. финансовыми) отсутствуют**.

Итого: **нет в документах** (в вашем фрагменте).","Data1_10_10754_index.pdf:page_24, Data1_10_10754_index.pdf:page_3, Data1_10_10848_index.pdf:page_10, Data1_10_10864_index.pdf:page_33, Data1_10_10867_index.pdf:page_5, Data1_10_10867_index.pdf:page_6, Data1_10_10869_index.pdf:page_1, Data1_10_10869_index.pdf:page_2, Data1_10_10869_index.pdf:page_7, Data1_2_2082_index.pdf:page_2"
"Какие действия необходимо предпринять при обнаружении неисправности расположенных на крыше карнизов, водоотводящих устройств, ограждений, гильз, анкеров, устройств молниезащиты согласно ГОСТ МДС 17-13.2000?","В приведённом фрагменте текста **нет прямого описания действий** при обнаружении неисправностей расположенных на крыше:

- карнизов,
- водоотводящих устройств,
- ограждений,
- гильз,
- анкеров,
- устройств молниезащиты,

**по ГОСТ/МДС 17-13.2000 (упоминается МДС 13-17.2000)**.

Есть общие требования по эксплуатации крыши (например, очистка от мусора/грязи, запрет металлических предметов для очистки, запрет пробивать отверстия в безрулонных крышах и т.п.), а также требования при значительных дефектах — **тщательное обследование комиссией** с привлечением проектных организаций. Но конкретных указаний именно для перечисленных элементов (карнизы, водоотвод, ограждения, гильзы, анкеры, молниезащита) в предоставленном тексте **не содержится**.

**Ответ:** нет в документах.","Data1_10_10846_index.pdf:page_20, Data1_10_10852_index.pdf:page_10, Data1_10_10852_index.pdf:page_15, Data1_10_10852_index.pdf:page_24, Data1_10_10852_index.pdf:page_3, Data1_10_10861_index.pdf:page_1, Data1_10_10861_index.pdf:page_18, Data1_10_10861_index.pdf:page_4, Data1_10_10861_index.pdf:page_9, Data1_1_1879_index.pdf:page_22"
Как уведомляется подозреваемый или обвиняемый о принятых мерах?,"В представленных фрагментах есть указание про уведомление **при приостановлении предварительного следствия**:

- **Статья 209 (часть 1)**: при приостановлении предварительного следствия следователь **уведомляет** потерпевшего, его представителя, гражданского истца, гражданского ответчика или их представителей и разъясняет порядок обжалования.  
  Также **в случаях**, предусмотренных пунктами 3 и 4 части первой статьи 208 УПК РФ, **об этом уведомляются подозреваемый, обвиняемый и его защитник**.

Также в **статье 209 (часть 3)** указано:
- о **возобновлении предварительного следствия** сообщается подозреваемому, обвиняемому, его защитнику, потерпевшему и др., а также прокурору.

По уведомлению **о других мерах** (кроме приостановления/возобновления предварительного следствия) в данных фрагментах **нет**.","Уголовно-процессуальный кодекс Российской Федерации.pdf:page_124, Уголовно-процессуальный кодекс Российской Федерации.pdf:page_143, Уголовно-процессуальный кодекс Российской Федерации.pdf:page_144, Уголовно-процессуальный кодекс Российской Федерации.pdf:page_153, Уголовно-процессуальный кодекс Российской Федерации.pdf:page_2, Уголовно-процессуальный кодекс Российской Федерации.pdf:page_38, Уголовно-процессуальный кодекс Российской Федерации.pdf:page_39, Уголовно-процессуальный кодекс Российской Федерации.pdf:page_40, Уголовно-процессуальный кодекс Российской Федерации.pdf:page_66, Уголовно-процессуальный кодекс Российской Федерации.pdf:page_67"
Какие источники информации используются для определения текущих цен на материальные ресурсы в МДС 81-14.2000?,"В тексте МДС 81-14.2000 (в приведенном фрагменте) сказано, что **цена на вид материального ресурса** определяется методом калькулирования, при этом сметные цены на материалы, изделия и конструкции принимаются по виду цены «франко-приобъектный склад» и цена производителя (Цм) определяется на основе:

- **каталогов**
- **прейскурантов**
- **другой информации предприятий-поставщиков**
- **ежемесячных информационных выпусков региональных центров по ценообразованию в строительстве (РЦЦС)**","Data1_10_10754_index.pdf:page_24, Data1_10_10754_index.pdf:page_5, Data1_10_10848_index.pdf:page_2, Data1_10_10848_index.pdf:page_6, Data1_2_2075_index.pdf:page_1, Data1_2_2075_index.pdf:page_3, Data1_2_2080_index.pdf:page_26, Data1_2_2080_index.pdf:page_28, Data1_2_2080_index.pdf:page_29, Data1_2_2117_index.pdf:page_1"
Какие работы по утеплению зданий должны быть выполнены согласно ГОСТ МДС 13-18.2000?,"Согласно тексту ГОСТ/МДС 13-18.2000 (в представленном фрагменте) работы по **утеплению зданий** должны быть выполнены, в частности:

- **Утепление стен лучше производить с наружной стороны здания** с облицовкой термоизолирующими плитами (указаны варианты: пенополистирол, асбоминватные/минераловатные плиты, фибролит, пенобетон и др.) **или** оштукатуривания легким теплым раствором.  
- **Допускается утепление наружных ограждающих конструкций изнутри** (например, **напылением пенополиуретана по согласованию с органами Госпожнадзора**; также допускается напыление асбоминваты или иных легких теплоизоляционных материалов) — но только по согласованию/в допустимом порядке.  
- **Утепление, как правило, производят по разработанному проекту** силами специализированных организаций или по типовым техническим решениям, приведенным в указанном источнике (в тексте упоминается «Альбом технических решений…»).

Также в другом фрагменте указано, что при подготовке системы отопления были выполнены работы **по утеплению зданий** (примерный перечень):
- **входные двери в подъезды отремонтированы**, **установлены доводчики**;
- **оконные переплеты и остекление на лестничной клетке исправны**;
- **продухи в цоколях имеют регулировочные решетки**.

Если нужен ответ строго “что именно требуется выполнить” (без примеров из акта), скажите — выделю только нормы из раздела про утепление.","Data1_10_10852_index.pdf:page_1, Data1_10_10852_index.pdf:page_15, Data1_10_10852_index.pdf:page_36, Data1_10_10852_index.pdf:page_37, Data1_10_10852_index.pdf:page_38, Data1_10_10852_index.pdf:page_40, Data1_10_10852_index.pdf:page_5, Data1_10_10861_index.pdf:page_5, Data1_1_1879_index.pdf:page_12, Data1_1_1879_index.pdf:page_18"
"Когда не допускается раздел, перераспределение или выдел земельных участков, если сохраняемые обременения не позволяют использовать земельные участки в соответствии с разрешенным использованием?","В приведённых фрагментах **нет информации** о том, что раздел, перераспределение или выдел земельных участков **не допускается** в случаях, когда сохраняемые обременения не позволяют использовать участки в соответствии с разрешённым использованием.","Градостроительный кодекс Российской Федерации.pdf:page_89, Гражданский кодекс Российской Федерации.pdf:page_146, Гражданский кодекс Российской Федерации.pdf:page_147, Земельный кодекс Российской Федерации.pdf:page_11, Земельный кодекс Российской Федерации.pdf:page_119, Земельный кодекс Российской Федерации.pdf:page_12, Земельный кодекс Российской Федерации.pdf:page_173, Земельный кодекс Российской Федерации.pdf:page_7, Земельный кодекс Российской Федерации.pdf:page_83, Земельный кодекс Российской Федерации.pdf:page_86"
Какова периодичность капитального ремонта металлической кровли согласно ГОСТ МДС 14-13.2000?,"В предоставленном фрагменте **нет информации о периодичности капитального ремонта металлической кровли** по ГОСТ МДС 14-13.2000.

Ответ: **нет в документах**.","Data1_10_10852_index.pdf:page_8, Data1_10_10855_index.pdf:page_5, Data1_10_10855_index.pdf:page_6, Data1_10_10855_index.pdf:page_7, Data1_10_10861_index.pdf:page_12, Data1_10_10861_index.pdf:page_9, Data1_1_1879_index.pdf:page_14, Data1_1_1879_index.pdf:page_24, Data1_1_1879_index.pdf:page_26, Data1_1_1879_index.pdf:page_28"
Какие телефоны доступны для бесплатной юридической консультации в регионах России?,В тексте указаны телефоны бесплатной юридической консультации для **Регионы РФ (8 (800))**: **8 (800) 301-92-12**.,"Административный кодекс Российской Федерации.pdf:page_585, Административный кодекс Российской Федерации.pdf:page_613, Арбитражный процессуальный кодекс Российской Федерации.pdf:page_114, Гражданский кодекс Российской Федерации.pdf:page_662, Земельный кодекс Российской Федерации.pdf:page_87, Налоговый кодекс Российской Федерации.pdf:page_1260, Налоговый кодекс Российской Федерации.pdf:page_1345, Налоговый кодекс Российской Федерации.pdf:page_1347, Трудовой кодекс Российской Федерации.pdf:page_226, Уголовный кодекс Российской Федерации.pdf:page_276"
"Какая информация должна быть указана в журнале учета проверки знаний норм, правил, инструкций согласно ГОСТ МДС 15-13.2000?","В предоставленном фрагменте **приведена только форма титульного листа и общая структура журнала** и не раскрыто, какие именно поля (графы) должны содержаться в самом **журнале учета проверки знаний норм, правил, инструкций** согласно ГОСТ/МДС **(в вашем тексте указан МДС 13-17.2000, а вопрос — ГОСТ МДС 15-13.2000)**.

Из того, что прямо есть в тексте про журналы:
- указано, что журнал должен быть оформлен (пронумерован, прошнурован, скреплен печатью) — **это относится к “Журналу регистрации вводного инструктажа по охране труда”, а не к нужному журналу учета проверки знаний**.

По журналу учета проверки знаний норм, правил, инструкций — **конкретных сведений (какие графы/какая информация должна быть заполнена) в предоставленных документах нет**.

**Ответ: нет в документах**.","Data1_10_10852_index.pdf:page_33, Data1_10_10861_index.pdf:page_1, Data1_10_10861_index.pdf:page_3, Data1_10_10862_index.pdf:page_7, Data1_10_10862_index.pdf:page_9, Data1_10_10865_index.pdf:page_21, Data1_10_10870_index.pdf:page_9, Data1_11_11295_index.pdf:page_25, Data1_1_1879_index.pdf:page_5, Data1_2_2073_index.pdf:page_4"
По каким основаниям заявитель не допускается к участию в аукционе?,"В представленных фрагментах указаны основания для **отказа в допуске к участию в конкурсе** (статья о конкурсе в лесном законодательстве), но **основания для недопуска именно к аукциону** в тексте не приведены.

**Частичный ответ (есть только для конкурса):** основания отказа в допуске к участию в конкурсе перечислены в п. 21, в частности:
1) несоответствие заявки требованиям настоящей статьи;  
2) если заявка подана лицом, которому по закону лесной участок не может быть предоставлен в аренду;  
3) если заявитель не соответствует требованиям к лицам, которые вправе подать заявление об организации и проведении конкурса;  
4) если в отношении заявителя проводятся процедуры банкротства;  
5) нахождение заявителя-юридического лица в процессе ликвидации либо прекращение деятельности ИП;  
6) непоступление задатка на счет до окончания срока подачи заявок (пункт 6 обрывается в фрагменте).

**Ответ по аукциону:** **нет в документах** (в предоставленном тексте нет перечня оснований недопуска именно к аукциону).","Data1_10_10866_index.pdf:page_7, Data1_10_10866_index.pdf:page_8, Data1_10_10867_index.pdf:page_3, Data1_10_10867_index.pdf:page_4, Градостроительный кодекс Российской Федерации.pdf:page_243, Градостроительный кодекс Российской Федерации.pdf:page_247, Гражданский кодекс Российской Федерации.pdf:page_232, Земельный кодекс Российской Федерации.pdf:page_30, Лесной кодекс Российской Федерации.pdf:page_66, Лесной кодекс Российской Федерации.pdf:page_72"
В каких случаях осужденные могут содержаться в одиночных камерах?,"В приведённых фрагментах указано лишь, что **осужденные могут быть переведены (водворены) в одиночные камеры**:

- **в порядке взыскания**: «Осужденные, переведенные в помещения камерного типа, единые помещения камерного типа или одиночные камеры **в порядке взыскания**…» (ст. 118).
- Также отдельно говорится о содержании по режимам/условиям (штрафной изолятор, помещения камерного типа, единые помещения камерного типа), но **конкретных самостоятельных оснований для одиночных камер в тексте фрагментов больше не раскрыто**.

Итого по тексту: **когда их помещают туда как меру дисциплинарного взыскания**.

(Больше случаев “в каких ещё” — в предоставленных выдержках не указано.)","Уголовно-исполнительный кодекс Российской Федерации.pdf:page_22, Уголовно-исполнительный кодекс Российской Федерации.pdf:page_46, Уголовно-исполнительный кодекс Российской Федерации.pdf:page_54, Уголовно-исполнительный кодекс Российской Федерации.pdf:page_55, Уголовно-исполнительный кодекс Российской Федерации.pdf:page_6, Уголовно-исполнительный кодекс Российской Федерации.pdf:page_66, Уголовно-исполнительный кодекс Российской Федерации.pdf:page_68, Уголовно-исполнительный кодекс Российской Федерации.pdf:page_73, Уголовно-исполнительный кодекс Российской Федерации.pdf:page_74, Уголовно-исполнительный кодекс Российской Федерации.pdf:page_76"
Как проводятся повторные измерения времени падения уровня воды?,"Повторные измерения времени падения уровня воды проводят **аналогичным образом** после первого опыта: делают **несколько повторных измерений времени падения уровня** до **полной стабилизации отсчетов времени**, после чего опыт считают законченным.","Data1_10_10852_index.pdf:page_17, Data1_10_10852_index.pdf:page_20, Data1_10_10871_index.pdf:page_11, Data1_11_11295_index.pdf:page_28, Data1_11_11295_index.pdf:page_30, Data1_11_11295_index.pdf:page_31, Data1_11_11295_index.pdf:page_32, Data1_11_11295_index.pdf:page_40, Водный кодекс Российской Федерации.pdf:page_27, Водный кодекс Российской Федерации.pdf:page_28"
"Какое название имеет документ, регламентирующий использование текущих и прогнозных индексов стоимости при составлении сметной документации? (ГОСТ МДС 81-9.2000)",В тексте указано: **«ГОСУДАРСТВО С С Т Р О Й РОССИИ. МЕТОДИЧЕСКИЕ РЕКОМЕНДАЦИИ ПО ИСПОЛЬЗОВАНИЮ ТЕКУЩИХ И ПРОГНОЗНЫХ ИНДЕКСОВ СТОИМОСТИ ПРИ СОСТАВЛЕНИИ СМЕТНОЙ ДОКУМЕНТАЦИИ…»** ( **МДС 81-9.2000** ).,"Data1_10_10848_index.pdf:page_3, Data1_10_10864_index.pdf:page_4, Data1_2_2075_index.pdf:page_1, Data1_2_2075_index.pdf:page_17, Data1_2_2075_index.pdf:page_7, Data1_2_2076_index.pdf:page_1, Data1_2_2079_index.pdf:page_1, Data1_2_2079_index.pdf:page_19, Data1_2_2082_index.pdf:page_2, Data1_2_2117_index.pdf:page_1"
"Какие основные разделы содержит документ, регламентированный ГОСТом МДС 81-21.2000?","В приведённых фрагментах документа **МДС 81-21.2000** содержится только общая информация (цель/порядок разработки) и **нет перечня разделов** (оглавления) с “основными разделами”.  

**Ответ:** нет в документах.","Data1_10_10847_index.pdf:page_1, Data1_10_10859_index.pdf:page_8, Data1_10_10861_index.pdf:page_1, Data1_10_10864_index.pdf:page_15, Data1_10_10865_index.pdf:page_24, Data1_10_10871_index.pdf:page_1, Data1_1_1879_index.pdf:page_1, Data1_1_1904_index.pdf:page_1, Data1_2_2069_index.pdf:page_1, Data1_2_2079_index.pdf:page_1"
Какие специальные знания могут потребоваться при составлении диспаши?,"В тексте указано, что при составлении диспаши могут возникнуть вопросы, требующие **специальных знаний**, в частности:

- в области **судовождения**,
- **судостроения**,
- **ремонта судов**,
- **оценки судов и грузов**,
- а также **других специальных областей**.

Также сказано, что диспашер вправе поручить подготовить соответствующее заключение назначенному им эксперту.","Data1_10_10858_index.pdf:page_7, Data1_10_10862_index.pdf:page_6, Data1_10_10862_index.pdf:page_8, Data1_10_10864_index.pdf:page_19, Data1_10_10865_index.pdf:page_21, Data1_10_10865_index.pdf:page_3, Data1_1_1904_index.pdf:page_29, Градостроительный кодекс Российской Федерации.pdf:page_118, Кодекс внутреннего водного транспорта Российской Федерации.pdf:page_80, Уголовно-процессуальный кодекс Российской Федерации.pdf:page_49"
Как должны быть закрыты проемы и отверстия при работе геодезиста на монтажном горизонте в СНиП 3.01.03-84?,Проемы и отверстия при работе геодезиста на монтажном горизонте должны быть **закрыты**. (п. 10.10),"Data1_10_10861_index.pdf:page_11, Data1_11_11285_index.pdf:page_17, Data1_11_11285_index.pdf:page_35, Data1_11_11285_index.pdf:page_4, Data1_11_11285_index.pdf:page_50, Data1_11_11285_index.pdf:page_51, Data1_11_11285_index.pdf:page_52, Data1_11_11285_index.pdf:page_59, Data1_11_11285_index.pdf:page_77, Data1_11_11293_index.pdf:page_1"
Как переносятся затраты труда рабочих-монтажников в таблицу ресурсных сметных норм согласно ГОСТ МДС 81-13.2000?,"В предоставленном тексте есть указание, **как итоговые показатели затрат труда рабочих-монтажников переносятся/записываются в ресурсную сметную норму (РСН)**, но **нет прямого описания процедуры “переноса” именно затрат труда из расценок/таблиц в РСН**.

Из текста следует:

- **“Затраты труда рабочих-монтажников … - чел.-ч”** как итоговый показатель должны определяться **в конце ведомости расчета ресурсных сметных норм**:
  > “Итоговые показатели затрат по каждому виду ресурса определяются в конце ведомости расчета ресурсных сметных норм путем суммирования показателей одноименных ресурсов, приведенных в графах, начиная с 12 и т.д.”

- Затем итоговые показатели **рекомендуется записывать в следующей последовательности**, где первым идет показатель по трудозатратам рабочих-монтажников:
  > “Записывать итоговые показатели рекомендуется в следующей последовательности:  
  > затраты труда рабочих-монтажников - чел.-ч”

**Ответ (частичный, т.к. указана запись/формирование итога, но не весь механизм переноса):**  
Затраты труда рабочих-монтажников в РСН определяются по ведомости путем **суммирования одноименных показателей** (в графах начиная с 12) и в итоговых строках **записываются первыми** в графу “затраты труда рабочих-монтажников, чел.-ч”.

Полная пошаговая методика именно “переноса” из конкретных таблиц/расценок — **в документах не раскрыта**.","Data1_10_10754_index.pdf:page_12, Data1_10_10754_index.pdf:page_21, Data1_10_10754_index.pdf:page_22, Data1_10_10754_index.pdf:page_25, Data1_10_10754_index.pdf:page_3, Data1_10_10864_index.pdf:page_33, Data1_2_2073_index.pdf:page_10, Data1_2_2073_index.pdf:page_3, Data1_2_2073_index.pdf:page_4, Data1_2_2081_index.pdf:page_8"
"Кто может рассматривать дела об административных правонарушениях от имени органов, осуществляющих контроль в сфере естественных монополий?","В предоставленных фрагментах **нет информации** о том, кто может рассматривать дела об административных правонарушениях от имени органов, осуществляющих контроль в сфере естественных монополий.","Административный кодекс Российской Федерации.pdf:page_454, Административный кодекс Российской Федерации.pdf:page_489, Административный кодекс Российской Федерации.pdf:page_490, Административный кодекс Российской Федерации.pdf:page_491, Административный кодекс Российской Федерации.pdf:page_493, Административный кодекс Российской Федерации.pdf:page_494, Административный кодекс Российской Федерации.pdf:page_496, Административный кодекс Российской Федерации.pdf:page_500, Административный кодекс Российской Федерации.pdf:page_506, Административный кодекс Российской Федерации.pdf:page_575"
Какие виды технического обслуживания и ремонта предусмотрены для кранов башенных с грузовым моментом до 25 тм согласно ТИПОВЫМ НОРМАМ?,"Согласно приведённым в тексте **ТИПОВЫМ НОРМАМ** для **кранов башенных с грузовым моментом до 25 тм** предусмотрены следующие виды технического обслуживания и ремонта:

- **ТО-1**
- **ТО-2**
- **СО** (указано как **2 раза в год**)
- **Т** (техническое обслуживание/ремонт типа **Т**)

Других видов в этом фрагменте для указанной категории не указано.","Data1_10_10855_index.pdf:page_1, Data1_10_10855_index.pdf:page_4, Data1_10_10855_index.pdf:page_5, Data1_10_10855_index.pdf:page_6, Data1_10_10855_index.pdf:page_7, Data1_10_10855_index.pdf:page_8, Data1_1_1879_index.pdf:page_21, Data1_1_1879_index.pdf:page_22, Data1_1_1879_index.pdf:page_26, Data1_1_1879_index.pdf:page_31"
"Какие работы необходимо выполнить для подготовки систем горячего водоснабжения, согласно ГОСТ МДС 13-18.2000?","Для подготовки систем горячего водоснабжения в документе предусмотрены следующие работы (раздел «Ремонт инженерного оборудования… 3) горячего водоснабжения» и далее по тексту):

- **Промывка и опрессовка** системы горячего водоснабжения.  
- **Ремонт трубопроводов** горячего водоснабжения.  
- **Ремонт/замена запорной арматуры** горячего водоснабжения (в т.ч. в составе: «запорная арматура», «промывка и опрессовка»).

Также в тексте указаны требования к наладочным работам на системе горячего водоснабжения:
- наладку проводить **при полностью открытой запорной арматуре** (вентили и задвижки) на всех распределительных трубопроводах;
- проверить **соответствие установленного оборудования** проекту (насосы, водонагреватели и т.п.);
- определить **отклонения** фактического напора на вводе и температуры теплоносителя от расчетных в периоды наибольшего водопотребления.

Если при пробном пуске **не соблюдается требование поз. «д»** (фиксируется в акте), систему горячего водоснабжения допускается ввести в эксплуатацию **с уведомлением** эксплуатирующей организации о разработке мер по поглощению шума до нормируемых пределов.

(Иных детализированных перечней работ именно “для подготовки” горячего водоснабжения в приведённом фрагменте больше нет.)","Data1_10_10852_index.pdf:page_1, Data1_10_10852_index.pdf:page_14, Data1_10_10852_index.pdf:page_15, Data1_10_10852_index.pdf:page_18, Data1_10_10852_index.pdf:page_19, Data1_10_10852_index.pdf:page_20, Data1_10_10852_index.pdf:page_21, Data1_10_10852_index.pdf:page_23, Data1_10_10852_index.pdf:page_39, Data1_10_10865_index.pdf:page_10"
"Что происходит, если обеспеченное обязательство было изменено без согласия поручителя?","В предоставленных фрагментах ГК РФ **нет нормы**, которая прямо отвечает на вопрос: *что происходит, если обеспеченное обязательство изменено без согласия поручителя*.

Ближайшие по теме фрагменты в тексте относятся к:
- **ст. 382, 385, 386** (уступка требования и уведомление/возражения должника);
- нормам о **залоге** (ст. 339, 342, 344 и др.);
- нормам о **вине кредитора/ответственности** и исполнении обязательств;
- **ст. 361** (основания поручительства), но в данном фрагменте упор на сроки прекращения поручительства при непредъявлении и не раскрыт вопрос изменения обязательства без согласия поручителя.

✅ **Ответ по вашему вопросу:** **нет в документах**.","Гражданский кодекс Российской Федерации.pdf:page_165, Гражданский кодекс Российской Федерации.pdf:page_166, Гражданский кодекс Российской Федерации.pdf:page_171, Гражданский кодекс Российской Федерации.pdf:page_179, Гражданский кодекс Российской Федерации.pdf:page_181, Гражданский кодекс Российской Федерации.pdf:page_200, Гражданский кодекс Российской Федерации.pdf:page_203, Гражданский кодекс Российской Федерации.pdf:page_208, Гражданский кодекс Российской Федерации.pdf:page_209, Гражданский кодекс Российской Федерации.pdf:page_217"
Какие методы могут использоваться для построения геодезических сетей сгущения согласно СНиП 3.01.03-84?,"Согласно приведённому фрагменту СНиП 3.01.03-84, **для построения геодезических сетей сгущения** допускаются следующие методы:

- **прокладывают дополнительные ходы** вдоль площадочных коммуникаций (точность основных ходов между пунктами триангуляции и полигонометрии первого порядка);
- **метод геодезических засечек**;
- **метод геодезических четырехугольников**.

Других методов именно “для построения сетей сгущения” в предоставленном тексте **нет**.","Data1_11_11285_index.pdf:page_11, Data1_11_11285_index.pdf:page_12, Data1_11_11285_index.pdf:page_20, Data1_11_11285_index.pdf:page_4, Data1_11_11285_index.pdf:page_50, Data1_11_11285_index.pdf:page_6, Data1_11_11285_index.pdf:page_63, Data1_11_11285_index.pdf:page_65, Data1_11_11285_index.pdf:page_7, Data1_11_11285_index.pdf:page_9"
"При каких обстоятельствах прекращается обязанность по уплате ввозных таможенных пошлин, налогов, специальных, антидемпинговых, компенсационных пошлин в отношении иностранных товаров, перемещаемых трубопроводным транспортом, согласно статье 295?","В предоставленном фрагменте **нет текста статьи 295** (есть только упоминание в перечне статей в статье 72: “...284 и **295** настоящего Кодекса...”, но само содержание **статьи 295** не приведено).

Следовательно, по вашим данным: **нет в документах**.","Таможенный кодекс Евразийского экономического союза.pdf:page_104, Таможенный кодекс Евразийского экономического союза.pdf:page_109, Таможенный кодекс Евразийского экономического союза.pdf:page_110, Таможенный кодекс Евразийского экономического союза.pdf:page_211, Таможенный кодекс Евразийского экономического союза.pdf:page_232, Таможенный кодекс Евразийского экономического союза.pdf:page_249, Таможенный кодекс Евразийского экономического союза.pdf:page_263, Таможенный кодекс Евразийского экономического союза.pdf:page_280, Таможенный кодекс Евразийского экономического союза.pdf:page_73, Таможенный кодекс Евразийского экономического союза.pdf:page_97"
Какие методы используются для проверки прямолинейности оси труб в горизонтальной плоскости согласно СНиП 3.01.03-84?,"В представленном тексте указано, что **прямолинейность оси труб в горизонтальной плоскости проверяется** с применением одного или нескольких методов:

- **по шнуру**
- **теодолитом**
- **по лазерному пучку**
- **по световому пучку**

(фрагмент: “Прямолинейность оси труб в горизонтальной плоскости проверяется по шнуру, теодолитом, по лазерному или световому пучку”)","Data1_10_10852_index.pdf:page_19, Data1_11_11285_index.pdf:page_23, Data1_11_11285_index.pdf:page_24, Data1_11_11285_index.pdf:page_26, Data1_11_11285_index.pdf:page_39, Data1_11_11285_index.pdf:page_4, Data1_11_11285_index.pdf:page_48, Data1_11_11285_index.pdf:page_52, Data1_11_11285_index.pdf:page_63, Data1_11_11285_index.pdf:page_75"
Как и когда уплачиваются авансовые платежи и налог?,"В предоставленных фрагментах есть ответ только по **транспортному налогу** (ст. 363 НК РФ).

**Авансовые платежи по транспортному налогу:**
- уплачиваются **не позднее 25-го числа первого месяца**, следующего за истекшим **отчетным периодом** (п. 7 ст. 363).

**Налог по итогам налогового периода:**
- для организаций налог подлежит уплате **не позднее 1 марта года**, следующего за истекшим налоговым периодом (п. 1 ст. 363).

(Также в тексте встречается общий принцип: уплата налога и авансов производится **в бюджет по месту нахождения транспортных средств** — п. 1 ст. 363.)

По другим налогам в вашем фрагменте сведений о сроках/порядке уплаты авансов и налога **нет**.","Налоговый кодекс Российской Федерации.pdf:page_1116, Налоговый кодекс Российской Федерации.pdf:page_1119, Налоговый кодекс Российской Федерации.pdf:page_1130, Налоговый кодекс Российской Федерации.pdf:page_1131, Налоговый кодекс Российской Федерации.pdf:page_144, Налоговый кодекс Российской Федерации.pdf:page_1493, Налоговый кодекс Российской Федерации.pdf:page_1515, Налоговый кодекс Российской Федерации.pdf:page_1562, Налоговый кодекс Российской Федерации.pdf:page_1602, Налоговый кодекс Российской Федерации.pdf:page_884"
Какие данные должны быть указаны в определении судебной коллегии Верховного Суда Российской Федерации?,"В предоставленных фрагментах **нет сведений** о том, какие данные должны быть указаны именно в *определении Судебной коллегии Верховного Суда Российской Федерации*. 

Указана информация про:
- **определение кассационного суда общей юрисдикции** (ст. 390.1), и
- **определение судьи Верховного Суда РФ о передаче надзорных жалобы/представления** (ст. 308.7),
но **про определение Судебной коллегии ВС РФ** в приведённом тексте данных нет.

**Ответ: нет в документах.**","Арбитражный процессуальный кодекс Российской Федерации.pdf:page_202, Арбитражный процессуальный кодекс Российской Федерации.pdf:page_203, Арбитражный процессуальный кодекс Российской Федерации.pdf:page_205, Арбитражный процессуальный кодекс Российской Федерации.pdf:page_208, Гражданский процессуальный кодекс Российской Федерации.pdf:page_136, Гражданский процессуальный кодекс Российской Федерации.pdf:page_143, Гражданский процессуальный кодекс Российской Федерации.pdf:page_150, Гражданский процессуальный кодекс Российской Федерации.pdf:page_81, Кодекс административного судопроизводства Российской Федерации.pdf:page_219, Уголовно-процессуальный кодекс Российской Федерации.pdf:page_257"
Какие действия предпринимаются при выявлении дефектов в ходе технического осмотра согласно ГОСТ МДС 14-13.2000?,"При выявлении дефектов в ходе технического осмотра **результаты оформляются актами**, в которых **отмечаются обнаруженные дефекты**, а также **необходимые меры для их устранения с указанием сроков выполнения работ**.

Также после инспекционного контроля **следует оформить предписание** с указанием **выявленных нарушений и сроков**.","Data1_10_10846_index.pdf:page_20, Data1_10_10852_index.pdf:page_15, Data1_10_10852_index.pdf:page_24, Data1_10_10861_index.pdf:page_3, Data1_10_10861_index.pdf:page_32, Data1_10_10861_index.pdf:page_34, Data1_10_10861_index.pdf:page_35, Data1_11_11295_index.pdf:page_25, Data1_1_1879_index.pdf:page_3, Data1_1_1879_index.pdf:page_4"
Какие расходы по уплате налога на содержание жилищного фонда и объектов социально-культурной сферы относятся на финансовые результаты деятельности предприятий согласно ГОСТ МДС 81-23.2000?,"В приведённом фрагменте **МДС 81-23.2000** прямо указано лишь общее правило по налогу на содержание жилищного фонда и объектов социально‑культурной сферы:

- **расходы предприятий и организаций по уплате этого налога относятся на финансовые результаты деятельности предприятий** (ссылка на норму: **п. 5 ст. 21 Закона**).

Других конкретизированных видов “расходов” именно по уплате этого налога **в предоставленном тексте МДС 81-23.2000 нет**.","Data1_10_10848_index.pdf:page_10, Data1_2_2070_index.pdf:page_1, Data1_2_2070_index.pdf:page_20, Data1_2_2070_index.pdf:page_30, Data1_2_2116_index.pdf:page_6, Data1_2_2116_index.pdf:page_7, Налоговый кодекс Российской Федерации.pdf:page_1034, Налоговый кодекс Российской Федерации.pdf:page_1483, Налоговый кодекс Российской Федерации.pdf:page_1484, Налоговый кодекс Российской Федерации.pdf:page_1500"
Что предусмотрено частью 2 статьи 20.2 КоАП РФ?,В предоставленных фрагментах **нет сведений о содержании части 2 статьи 20.2 КоАП РФ**. Поэтому: **нет в документах**.,"Административный кодекс Российской Федерации.pdf:page_0, Административный кодекс Российской Федерации.pdf:page_27, Административный кодекс Российской Федерации.pdf:page_429, Административный кодекс Российской Федерации.pdf:page_432, Административный кодекс Российской Федерации.pdf:page_444, Административный кодекс Российской Федерации.pdf:page_446, Административный кодекс Российской Федерации.pdf:page_447, Административный кодекс Российской Федерации.pdf:page_451, Административный кодекс Российской Федерации.pdf:page_575, Административный кодекс Российской Федерации.pdf:page_62"
Как можно обжаловать решение арбитражного суда первой инстанции в апелляционную инстанцию?,"Обжалование решения арбитражного суда первой инстанции в апелляционную инстанцию в документах описано частично.

Из приведённого текста следует:
- **Подача апелляционной жалобы**: определения суда первой инстанции обжалуются в апелляционный суд по правилам подачи и рассмотрения апелляционных жалоб на решения (с учётом особенностей). (ст. 272 АПК РФ)
- **Проверка в апелляции**: суд апелляционной инстанции проверяет законность и обоснованность решения **только в обжалуемой части**, если лица, участвующие в деле, не заявят возражений; также он независимо от доводов апелляционной жалобы проверяет, не нарушены ли нормы процессуального права, являющиеся основанием для отмены (ст. 270 АПК РФ, фрагменты в тексте).
- **Постановление апелляционной инстанции** вступает в силу со дня его принятия; может быть обжаловано в кассацию (ст. 271 АПК РФ, фрагменты в тексте).

Конкретные правила **срока** и **порядка подачи именно апелляционной жалобы на решение** в предоставленных фрагментах не приведены.

**Ответ:** нет в документах.","Арбитражный процессуальный кодекс Российской Федерации.pdf:page_107, Арбитражный процессуальный кодекс Российской Федерации.pdf:page_178, Арбитражный процессуальный кодекс Российской Федерации.pdf:page_179, Арбитражный процессуальный кодекс Российской Федерации.pdf:page_180, Арбитражный процессуальный кодекс Российской Федерации.pdf:page_189, Арбитражный процессуальный кодекс Российской Федерации.pdf:page_91, Гражданский процессуальный кодекс Российской Федерации.pdf:page_125, Гражданский процессуальный кодекс Российской Федерации.pdf:page_131, Гражданский процессуальный кодекс Российской Федерации.pdf:page_132, Уголовно-процессуальный кодекс Российской Федерации.pdf:page_236"
Кто уполномочен проводить расследование аварий и инцидентов на море?,"В предоставленном фрагменте **нет информации**, кто уполномочен проводить расследование **аварий и инцидентов на море**.","Воздушный кодекс Российской Федерации.pdf:page_49, Воздушный кодекс Российской Федерации.pdf:page_53, Кодекс внутреннего водного транспорта Российской Федерации.pdf:page_26, Кодекс внутреннего водного транспорта Российской Федерации.pdf:page_27, Кодекс внутреннего водного транспорта Российской Федерации.pdf:page_75, Кодекс торгового мореплавания Российской Федерации.pdf:page_111, Кодекс торгового мореплавания Российской Федерации.pdf:page_2, Кодекс торгового мореплавания Российской Федерации.pdf:page_29, Кодекс торгового мореплавания Российской Федерации.pdf:page_3, Трудовой кодекс Российской Федерации.pdf:page_145"
Какие требования предъявляются к допросу обвиняемого?,"В документах указано следующее о допросе обвиняемого:

- **Следователь допрашивает обвиняемого немедленно после предъявления ему обвинения** (с соблюдением требований п. 9 ч. 4 ст. 47 и ч. 3 ст. 50 УПК РФ).
- **В начале допроса следователь выясняет у обвиняемого**:
  1) признает ли он себя виновным;
  2) желает ли дать показания по существу предъявленного обвинения;
  3) на каком языке.
- **Если обвиняемый отказывается от дачи показаний**, следователь **делает соответствующую запись в протоколе допроса**.
- **Порядок проведения допроса** — по правилам **ст. 189 УПК РФ**, но **с изъятиями**, установленными ст. 173 (указана как применяемая к процедуре допроса).
- **Повторный допрос по тому же обвинению** при отказе обвиняемого от показаний на первом допросе **может проводиться только по просьбе самого обвиняемого**.

Также в документах начинается статья о протоколе допроса обвиняемого:
- **При каждом допросе** следователь составляет **протокол** с соблюдением требований **ст. 190 УПК РФ**.
- В **протоколе первого допроса** указываются данные о личности обвиняемого (перечень начинается в тексте: ФИО, дата и место рождения, гражданство и т.д.).","Уголовно-исполнительный кодекс Российской Федерации.pdf:page_43, Уголовно-процессуальный кодекс Российской Федерации.pdf:page_124, Уголовно-процессуальный кодекс Российской Федерации.pdf:page_131, Уголовно-процессуальный кодекс Российской Федерации.pdf:page_132, Уголовно-процессуальный кодекс Российской Федерации.pdf:page_157, Уголовно-процессуальный кодекс Российской Федерации.pdf:page_33, Уголовно-процессуальный кодекс Российской Федерации.pdf:page_38, Уголовно-процессуальный кодекс Российской Федерации.pdf:page_40, Уголовно-процессуальный кодекс Российской Федерации.pdf:page_47, Уголовно-процессуальный кодекс Российской Федерации.pdf:page_83"
"Что такое ""лабиринт"" в контексте ГОСТ МДС 35-7.2000?","В приведённом тексте есть упоминание примеров элементов специального оборудования «тропы здоровья»: **«лабиринт»** стоит как один из элементов (п. 4 списка: *«лабиринт»*), однако **определения, что именно является “лабиринтом” по ГОСТ МДС 35-7.2000 (в смысле термина/функции/конструкции в нормативе), в данном фрагменте нет**.

**Ответ:** *«лабиринт» в контексте приведённого текста указан как элемент специального оборудования «тропы здоровья», но его нормативного определения в предоставленных документах нет.*","Data1_10_10062_index.pdf:page_7, Data1_10_10754_index.pdf:page_3, Data1_10_10754_index.pdf:page_31, Data1_10_10846_index.pdf:page_5, Data1_10_10847_index.pdf:page_13, Data1_10_10847_index.pdf:page_6, Data1_10_10865_index.pdf:page_21, Data1_10_10865_index.pdf:page_40, Data1_11_11295_index.pdf:page_42, Data1_11_11295_index.pdf:page_46"
Что такое оборудование негабаритное (крупногабаритное) согласно Указаниям по применению федеральных единичных расценок на монтаж оборудования (ФЕРм-2001)?,"В приведённом фрагменте **нет определения понятия “оборудование негабаритное (крупногабаритное)”** именно как термина.

Есть лишь частичное упоминание “оборудование негабаритное (крупногабаритное)” в виде фрагмента текста, но **само определение в документе обрезано и не представлено полностью** (видно только начало: “Оборудование негабаритное (крупногабаритное) - оборудование, размеры или … больше норм, установленных МПС России, …”), поэтому подтвердить точную формулировку по ФЕРм-2001 по этому фрагменту нельзя.

Ответ: **нет в документах (в данном фрагменте определение приведено только частично, полностью формулировки нет).**","Data1_10_10754_index.pdf:page_1, Data1_10_10754_index.pdf:page_10, Data1_10_10754_index.pdf:page_2, Data1_10_10754_index.pdf:page_21, Data1_10_10754_index.pdf:page_28, Data1_10_10754_index.pdf:page_30, Data1_10_10754_index.pdf:page_31, Data1_10_10754_index.pdf:page_6, Data1_10_10754_index.pdf:page_8, Data1_10_10754_index.pdf:page_9"
Какая схема нормативно-правового регулирования строительства (услуг) приведена в Приложении 3 согласно ГОСТ МДС-80-8.2000?,"В предоставленных фрагментах **нет содержания “Приложения 3”** к ГОСТ/МДС **МДС 80-6.2000** (в тексте указан МДС 80-6.2000, но “Приложение 3” отсутствует).  

Поэтому в имеющихся документах **невозможно определить**, какая именно **схема нормативно‑правового регулирования строительства (услуг)** приведена в Приложении 3.  

**Ответ: нет в документах.**","Data1_10_10754_index.pdf:page_1, Data1_10_10846_index.pdf:page_3, Data1_10_10859_index.pdf:page_8, Data1_10_10865_index.pdf:page_44, Data1_10_10866_index.pdf:page_1, Data1_1_1904_index.pdf:page_27, Data1_2_2069_index.pdf:page_1, Data1_2_2079_index.pdf:page_1, Data1_2_2082_index.pdf:page_30, Градостроительный кодекс Российской Федерации.pdf:page_18"
Что считается контрафактными товарами?,"В представленных фрагментах **нет определения**, что именно считается **контрафактными товарами**.","Гражданский кодекс Российской Федерации.pdf:page_542, Гражданский кодекс Российской Федерации.pdf:page_645, Налоговый кодекс Российской Федерации.pdf:page_101, Таможенный кодекс Евразийского экономического союза.pdf:page_118, Таможенный кодекс Евразийского экономического союза.pdf:page_141, Таможенный кодекс Евразийского экономического союза.pdf:page_142, Таможенный кодекс Евразийского экономического союза.pdf:page_406, Уголовный кодекс Российской Федерации.pdf:page_131, Уголовный кодекс Российской Федерации.pdf:page_97, Уголовный кодекс Российской Федерации.pdf:page_98"
Что включает в себя общий технический осмотр согласно ГОСТ МДС 14-13.2000?,"В предоставленном фрагменте **ГОСТ/МДС 14-13.2000** (у вас в тексте приводится **МДС 13-14.2000**) **прямого определения**, что именно включает **«общий технический осмотр»** по МДС 14-13.2000, **нет**.

Однако в тексте есть **общие сведения об очередных общих осмотрах зданий**:  
- «Как правило, очередные **общие технические осмотры зданий проводятся два раза в год — весной и осенью**.»  
- Далее описаны цели и требования **весеннего** и **осеннего** осмотров (например, проверка несущих/ограждающих конструкций, водостоков, отмосток и т.п. для весеннего; цель подготовки к зиме для осеннего).

**Ответ:** в документах частично указано только, что очередной **общий** осмотр проводится **дважды в год (весной и осенью)**, а также приведены цели и необходимые проверки для **весеннего осмотра**; перечисления “что именно включает общий технический осмотр” **целиком** для ГОСТ МДС 14-13.2000 в тексте **нет**.","Data1_10_10754_index.pdf:page_24, Data1_10_10754_index.pdf:page_28, Data1_10_10754_index.pdf:page_8, Data1_10_10855_index.pdf:page_5, Data1_10_10855_index.pdf:page_6, Data1_10_10855_index.pdf:page_7, Data1_10_10861_index.pdf:page_3, Data1_1_1879_index.pdf:page_1, Data1_1_1879_index.pdf:page_2, Data1_1_1879_index.pdf:page_3"
Какой документ регулирует порядок определения плательщиков специального налога?,"В представленном фрагменте указано, что **определение плательщиков специального налога** и других элементов налогообложения, а также порядок и сроки уплаты регулируются:  

**Указом Президента Российской Федерации от 22.12.93 № 2270** «О некоторых изменениях в налогообложении и во взаимоотношениях бюджетов различных уровней».","Data1_2_2070_index.pdf:page_18, Налоговый кодекс Российской Федерации.pdf:page_117, Налоговый кодекс Российской Федерации.pdf:page_118, Налоговый кодекс Российской Федерации.pdf:page_1520, Налоговый кодекс Российской Федерации.pdf:page_1619, Налоговый кодекс Российской Федерации.pdf:page_174, Налоговый кодекс Российской Федерации.pdf:page_193, Налоговый кодекс Российской Федерации.pdf:page_2, Налоговый кодекс Российской Федерации.pdf:page_24, Налоговый кодекс Российской Федерации.pdf:page_27"
Какие требования к размерам самонесущих элементов зенитных фонарей согласно ГОСТ МДС 31-8.2002?,"В предоставленном фрагменте **ГОСТ/МДС 31-8.2002** (Рекомендации по проектированию и устройству фонарей…) **есть требование по размерам (геометрии) зенитных фонарей, но не прямое указание именно “размеров самонесущих элементов”**.

Из текста следует следующее требование к **зенитным фонарям (опорным контурам и наклону)**:

- **Опорные контуры зенитных фонарей должны возвышаться над кровлей не менее чем на 300 мм.**  
- **Угол наклона к горизонту светопропускающего заполнения зенитных фонарей должен составлять не менее 12°.**  
- **Грани опорных контуров фонарей могут выполняться наклонными; угол наклона граней к вертикали не должен превышать 30°.**

Прямой нормы вида “какие требования к размерам самонесущих элементов зенитных фонарей” в данном фрагменте **нет**.","Data1_10_10846_index.pdf:page_1, Data1_10_10846_index.pdf:page_10, Data1_10_10846_index.pdf:page_14, Data1_10_10846_index.pdf:page_17, Data1_10_10846_index.pdf:page_3, Data1_10_10846_index.pdf:page_43, Data1_10_10846_index.pdf:page_5, Data1_10_10846_index.pdf:page_50, Data1_10_10846_index.pdf:page_6, ПДД Российской Федерации.pdf:page_60"
Какие проценты предусмотрены для разработки вариантов проектных решений отдельных элементов зданий? (СНиП),"В тексте приведена **Таблица 44** “Разработка вариантов проектных решений отдельных элементов жилых и гражданских зданий для типовых проектов”. В ней указаны проценты для двух этапов разработки:

- **Стадия “проект”** — проценты (колонка “Проценты на стадии ‘проект’”).
- **Стадии “рабочий проект” и “рабочая документация”** — проценты (колонка “на стадиях ‘рабочий проект’ и ‘рабочая документация’”).

Конкретные проценты по элементам (примеры из таблицы):
- **Фасады без переработки проекта отопления:** 15% (проект), 10% (раб. проект/раб. документация)
- **Нулевой цикл с подвалом:** 10%, 15%
- **Стены с изменением материала/толщины/конструкции:** 5%, 3%
- **Перекрытия с изменением конструкции/типа/раскладки:** 5%, 5%
- **Крыша с изменением конструкции:** 5%, 5%
- **Лестнично-лифтовый узел (лифт/шахта/планировка):** 3%, 5,5%
- **Санитарно-кухонные узлы с сантехкабинами или без:** 0%, 10%
- **Внутренняя отделка помещений:** 0%, 1,2%

То есть **проценты предусмотрены в зависимости от конкретного элемента и стадии проектирования**, и в таблице их значения даны как раздельно для стадии “проект” и для стадий “рабочий проект”/“рабочая документация”.","Data1_10_10846_index.pdf:page_16, Data1_10_10846_index.pdf:page_3, Data1_10_10859_index.pdf:page_6, Data1_10_10865_index.pdf:page_15, Data1_10_10865_index.pdf:page_38, Data1_10_10865_index.pdf:page_39, Data1_11_11835_index.pdf:page_19, Data1_2_2069_index.pdf:page_7, Data1_2_2082_index.pdf:page_2, Data1_2_2082_index.pdf:page_5"
Какие данные должны быть занесены в удостоверение о проверке знаний на первой странице согласно ГОСТ МДС 15-13.2000?,"В приведённом фрагменте документа **МДС 13-15.2000** содержится форма удостоверения, и для **первой страницы** указано следующее, что должно быть занесено:

- **УДОСТОВЕРЕНИЕ №___**  
- **О ПРОВЕРКЕ ЗНАНИЙ НОРМ И ПРАВИЛ**  
- **РАБОТНИКА ЭНЕРГЕТИЧЕСКОЙ ОРГАНИЗАЦИИ**  
- **Служба, район, участок** __________________________  
- **Организация** ___________________________________  
- **Фамилия, имя, отчество** __________________________  
- **М.П.** (место для печати)  
- **Фотография** (указано: «удостоверение без фотографии недействительно»)  
- Также внизу страницы указано поле/графа, что фотография размещается на странице: **«Фотография»** (как часть заполнения первой страницы)

Иных реквизитов “про первую страницу” в предоставленном тексте больше не видно.","Data1_10_10846_index.pdf:page_20, Data1_10_10846_index.pdf:page_3, Data1_10_10859_index.pdf:page_6, Data1_10_10862_index.pdf:page_1, Data1_10_10862_index.pdf:page_10, Data1_10_10862_index.pdf:page_6, Data1_11_11295_index.pdf:page_25, Data1_11_11295_index.pdf:page_27, Data1_1_1879_index.pdf:page_16, ПДД Российской Федерации.pdf:page_59"
Как определяется стоимость оборудования при отсутствии укрупненных нормативов или объектов-аналогов?,"В представленном фрагменте **нет ответа** на вопрос о том, **как определяется стоимость оборудования при отсутствии укрупненных нормативов или объектов-аналогов**.

Единственное, что есть по оборудованию, — общие положения, что расчеты могут выполняться на основе объектов-аналогов (и с поправками), а в смешанных ценах стоимость основного оборудования определяется **на основании спецификаций**, разработанных в составе ТЭО (ТЭП) — но это не привязано прямо к ситуации “при отсутствии укрупненных нормативов или объектов-аналогов”.

**Ответ: нет в документах**.","Data1_10_10754_index.pdf:page_6, Data1_10_10848_index.pdf:page_6, Data1_10_10864_index.pdf:page_3, Data1_10_10864_index.pdf:page_4, Data1_2_2069_index.pdf:page_10, Data1_2_2069_index.pdf:page_4, Data1_2_2069_index.pdf:page_5, Data1_2_2069_index.pdf:page_7, Data1_2_2075_index.pdf:page_6, Data1_2_2082_index.pdf:page_3"
Какой СНиП устанавливает требования для строительной теплотехники?,Требования для строительной теплотехники устанавливает **СНиП II-3-79\*** «Строительная теплотехника».,"Data1_10_10846_index.pdf:page_3, Data1_10_10849_index.pdf:page_11, Data1_10_10849_index.pdf:page_6, Data1_10_10849_index.pdf:page_8, Data1_10_10859_index.pdf:page_6, Data1_10_10865_index.pdf:page_10, Data1_10_10865_index.pdf:page_15, Data1_10_10865_index.pdf:page_39, Data1_11_11835_index.pdf:page_31, Data1_2_2096_index.pdf:page_4"
Какие объекты включены в Главу 4 Справочника? (Объекты образования и дошкольных учреждений),"В предоставленном фрагменте Справочника в **Главе 4 “Объекты образования и дошкольных учреждений”** указаны:

- **Таблица 12 “Здания дошкольных учреждений и учебных заведений”**.

Больше перечня конкретных объектов (наименование строк таблицы) в приведённом тексте **нет** — в вашем фрагменте она не отображена.","Data1_10_10846_index.pdf:page_30, Data1_10_10847_index.pdf:page_20, Data1_10_10847_index.pdf:page_37, Data1_11_11835_index.pdf:page_1, Data1_11_11835_index.pdf:page_22, Data1_1_1904_index.pdf:page_37, Data1_1_1904_index.pdf:page_42, Data1_2_2080_index.pdf:page_10, Бюджетный кодекс Российской Федерации.pdf:page_20, Налоговый кодекс Российской Федерации.pdf:page_458"
"Какие требования предъявляются к пределу огнестойкости ограждающих стен и конструкций пристройки, согласно ГОСТ или СНиП?","В тексте прямо указано требование к ограждающим стенам и конструкциям пристройки (при суммарной тепловой мощности до 350 кВт):

- **«ограждающие стены и конструкции пристройки должны иметь предел огнестойкости 0,75 ч»**,  
- **«а предел распространения огня по конструкции равен нулю»**.

Основание в документе дано в разделе **5.4** (условия размещения тепловых агрегатов в пристройке к жилым зданиям). ГОСТ/СНиП в данном месте не назван, но требование формально приведено как нормативное требование документа.","Data1_10_10859_index.pdf:page_6, Data1_10_10861_index.pdf:page_40, Data1_10_10861_index.pdf:page_41, Data1_10_10861_index.pdf:page_42, Data1_10_10865_index.pdf:page_15, Data1_10_10865_index.pdf:page_19, Data1_10_10865_index.pdf:page_38, Data1_10_10865_index.pdf:page_39, Data1_2_2096_index.pdf:page_3, Data1_2_2096_index.pdf:page_4"
Какое состояние должна иметь водопроводно-канализационная система согласно ГОСТ МДС 13-18.2000?,"В предоставленном фрагменте **ГОСТ/МДС 13-18.2000** нет формулировки о том, **какое именно состояние должна иметь водопроводно-канализационная система** (в смысле требований к состоянию/техническому уровню всей системы).

Есть лишь отдельные указания по работам и содержанию отдельных элементов, например:

- **«Трубопроводы холодного водопровода и канализации, проложенные в холодных кухнях и уборных, необходимо утеплять…»**  
- **«Все временные подводки холодного водопровода… должны быть на зиму отключены…»**

Но общего требования “водопроводно-канализационная система должна иметь состояние …” в показанном тексте **нет**.

**Ответ: нет в документах** (в указанной части текста не сформулировано общее требование к состоянию системы).","Data1_10_10852_index.pdf:page_1, Data1_10_10852_index.pdf:page_23, Data1_10_10852_index.pdf:page_35, Data1_10_10861_index.pdf:page_34, Data1_10_10861_index.pdf:page_4, Data1_10_10863_index.pdf:page_1, Data1_10_10865_index.pdf:page_10, Data1_1_1879_index.pdf:page_19, Data1_1_1879_index.pdf:page_25, Data1_1_1879_index.pdf:page_28"
"Как определяется стоимость блок-секций, разрабатываемых на основе базовой блок-секции? (с коэффициентом до 0,7)","В приведенном фрагменте прямо сказано следующее:

- «**При проектировании объектов, состоящих из многократно (более 3-х раз) повторяющихся секций или корпусов, базовая цена устанавливается с применением поправочных коэффициентов к стоимости работ по повторяющимся секциям (корпусам) …**»
- «**При этом стоимость разработки базовой секции (корпуса) определяется аналогично расчету стоимости для отдельного здания.**»

Других условий именно про «коэффициент **до 0,7**» и точный порядок/формулу применения коэффициента (величину до 0,7) в предоставленном тексте не видно.

**Ответ:** стоимость блок-секций, разрабатываемых на основе базовой, определяется **с применением поправочных коэффициентов к стоимости работ по повторяющимся секциям (корпусам)**; при этом **стоимость разработки базовой секции** считается **как для отдельного здания**.","Data1_10_10864_index.pdf:page_19, Data1_10_10864_index.pdf:page_33, Data1_10_10864_index.pdf:page_34, Data1_10_10869_index.pdf:page_5, Data1_11_11285_index.pdf:page_19, Data1_11_11835_index.pdf:page_3, Data1_11_11835_index.pdf:page_5, Data1_2_2075_index.pdf:page_6, Data1_2_2076_index.pdf:page_13, Data1_2_2079_index.pdf:page_17"
Какие требования к определению модуля силиката натрия указаны в СНиП 3.02.01-83?,"В приведённом фрагменте текста **нет требований из СНиП 3.02.01-83** к определению модуля силиката натрия. 

Вместе с тем в тексте есть **формула расчёта модуля раствора силиката натрия** и пояснение, откуда берутся коэффициенты (через эквиваленты SiO₂ и Na₂O и коэффициент соотношения молекулярных масс), но **это не является указанием именно из СНиП 3.02.01-83**.

Если вы пришлёте раздел СНиП 3.02.01-83 (или весь документ/страницу с требованиями), я смогу точно извлечь нужные пункты.","Data1_10_10864_index.pdf:page_14, Data1_10_10865_index.pdf:page_38, Data1_10_10865_index.pdf:page_39, Data1_11_11295_index.pdf:page_30, Data1_11_11295_index.pdf:page_6, Data1_2_2079_index.pdf:page_17, Data1_2_2080_index.pdf:page_25, Data1_2_2080_index.pdf:page_26, Data1_2_2080_index.pdf:page_28, Data1_2_2080_index.pdf:page_29"
При каких условиях может быть назначено принудительное лечение в стационарных условиях общего типа?,"Принудительное лечение в стационарных условиях общего типа может быть назначено судом в случаях, предусмотренных **ст. 99 УК РФ**, когда лицо:

- совершило деяния в состоянии **невменяемости** (п. «а» ч. 1 ст. 97);
- либо после совершения преступления наступило **психическое расстройство**, из‑за которого невозможно назначение или исполнение наказания (п. «б» ч. 1 ст. 97);
- либо совершило преступление и **страдает психическими расстройствами, не исключающими вменяемости** (п. «в» ч. 1 ст. 97);
- либо (отдельно) если лицо страдает расстройством сексуального предпочтения (педофилией), не исключающим вменяемости, и совершило преступление против половой неприкосновенности несовершеннолетнего до 14 лет в возрасте старше 18 лет (п. «д» ч. 1 ст. 97).

При этом **вид меры** (в том числе «в стационарных условиях общего типа») определяется судом как один из вариантов из **ст. 99 УК РФ (п. «б» ч. 1)**.","Уголовно-исполнительный кодекс Российской Федерации.pdf:page_31, Уголовно-исполнительный кодекс Российской Федерации.pdf:page_45, Уголовно-исполнительный кодекс Российской Федерации.pdf:page_60, Уголовно-исполнительный кодекс Российской Федерации.pdf:page_94, Уголовно-процессуальный кодекс Российской Федерации.pdf:page_273, Уголовный кодекс Российской Федерации.pdf:page_42, Уголовный кодекс Российской Федерации.pdf:page_43, Уголовный кодекс Российской Федерации.pdf:page_44, Уголовный кодекс Российской Федерации.pdf:page_58, Уголовный кодекс Российской Федерации.pdf:page_61"
Какие документы должны быть приложены к административному исковому заявлению?,"В предоставленном фрагменте указано, что **к административному исковому заявлению должны быть приложены**:

- **медицинская документация гражданина**, в защиту интересов которого подается административное исковое заявление;  
- **заключение врачебной комиссии медицинской организации** с указанием диагноза, тяжести заболевания, описанием состояния, требующего спасения жизни пациента, а также **иные материалы, подтверждающие необходимость** проведения медицинского вмешательства;  
- **документы, подтверждающие направление другим лицам, участвующим в деле**, копий административного искового заявления и приложенных к нему документов;  
- **документы, указанные в пункте 5 части 1 статьи 126 настоящего Кодекса**;  
- также могут быть приложены **иные доказательства, имеющие значение для правильного рассмотрения и разрешения административного дела**.

Кроме того, для административного иска о **медицинском освидетельствовании несовершеннолетнего** в недобровольном порядке указано, что должны прилагаться:
- **материалы прекращенного уголовного дела или материалы об отказе в возбуждении уголовного дела** в отношении несовершеннолетнего либо заверенные копии таких материалов;  
- **постановление комиссии** (далее в тексте фрагмент обрывается).","Гражданский процессуальный кодекс Российской Федерации.pdf:page_51, Гражданский процессуальный кодекс Российской Федерации.pdf:page_52, Кодекс административного судопроизводства Российской Федерации.pdf:page_110, Кодекс административного судопроизводства Российской Федерации.pdf:page_139, Кодекс административного судопроизводства Российской Федерации.pdf:page_145, Кодекс административного судопроизводства Российской Федерации.pdf:page_163, Кодекс административного судопроизводства Российской Федерации.pdf:page_174, Кодекс административного судопроизводства Российской Федерации.pdf:page_182, Кодекс административного судопроизводства Российской Федерации.pdf:page_50, Кодекс административного судопроизводства Российской Федерации.pdf:page_69"
Какой СНиП документа регулирует учет налогов в сметной документации на строительство?,"В приведённом тексте указано пособие **МДС 81-23.2000** (“Пособие по учету налогов в сметной документации на строительство”), но **СНиП**, который бы регулировал учет налогов в сметной документации на строительство, **в данном фрагменте не назван**.

**Ответ: нет в документах**","Data1_10_10848_index.pdf:page_3, Data1_10_10864_index.pdf:page_33, Data1_10_10864_index.pdf:page_4, Data1_1_1904_index.pdf:page_26, Data1_2_2069_index.pdf:page_7, Data1_2_2070_index.pdf:page_1, Data1_2_2082_index.pdf:page_30, Data1_2_2082_index.pdf:page_5, Градостроительный кодекс Российской Федерации.pdf:page_29, Гражданский кодекс Российской Федерации.pdf:page_319"
Кто обязан возмещать убытки согласно пункту 8 статьи 57.1?,"Согласно пункту 8 статьи 57.1, обязанность предоставить возмещение за прекращение прав на земельный участок возлагается на:

- правообладателей зданий и сооружений, в связи с которыми принято решение об установлении или изменении зоны с особыми условиями использования территории;
- застройщиков;
- органы государственной власти;
- органы местного самоуправления.","Гражданский кодекс Российской Федерации.pdf:page_217, Гражданский кодекс Российской Федерации.pdf:page_427, Гражданский кодекс Российской Федерации.pdf:page_430, Гражданский кодекс Российской Федерации.pdf:page_431, Гражданский кодекс Российской Федерации.pdf:page_440, Земельный кодекс Российской Федерации.pdf:page_155, Земельный кодекс Российской Федерации.pdf:page_156, Земельный кодекс Российской Федерации.pdf:page_161, Земельный кодекс Российской Федерации.pdf:page_195, Кодекс внутреннего водного транспорта Российской Федерации.pdf:page_34"
Какие данные используются для определения стоимости строительства общественных зданий согласно ГОСТ?,"В предоставленных фрагментах **прямого указания “согласно ГОСТ”** нет, однако в тексте документа указано, что для определения стоимости строительства используется следующая исходная информационная база:

- **УПБС на отдельные объекты** (укрупненные показатели базисной стоимости), разработанные по указанным методическим рекомендациям.  
- **УПС ГСК** (укрупненные показатели стоимости на градостроительные комплексы) из соответствующих “Рекомендаций на градостроительные комплексы”.  
- Для перехода к текущим/прогнозным ценам: **применяются индексы цен текущего или прогнозируемого периода** (в т.ч. **интегральные индексы** либо **отдельные индексы** по элементам затрат).

Других конкретных “данных для общественных зданий” именно в части ГОСТ в присланном фрагменте **не приведено**.","Data1_10_10859_index.pdf:page_6, Data1_10_10859_index.pdf:page_7, Data1_2_2075_index.pdf:page_2, Data1_2_2075_index.pdf:page_6, Data1_2_2080_index.pdf:page_1, Data1_2_2080_index.pdf:page_10, Data1_2_2080_index.pdf:page_7, Data1_2_2080_index.pdf:page_8, Data1_2_2081_index.pdf:page_23, Data1_2_2082_index.pdf:page_5"
Какие действия может совершать председатель правления без одобрения правления или общего собрания?,"Согласно **ст. 149 ЖК РФ** председатель правления ТСЖ **действует без доверенности** от имени товарищества и **подписывает платежные документы и совершает сделки**, которые **в соответствии с законодательством и уставом ТСЖ не требуют обязательного одобрения правлением ТСЖ или общим собранием членов ТСЖ**. Также он **разрабатывает и выносит на утверждение общего собрания** правила внутреннего распорядка (и иные внутренние документы), но **это выносится на утверждение общего собрания**.

Иных действий, прямо указанных в предоставленных фрагментах как выполняемых **без одобрения правления или общего собрания**, в документах больше нет.","Административный кодекс Российской Федерации.pdf:page_323, Гражданский кодекс Российской Федерации.pdf:page_115, Гражданский кодекс Российской Федерации.pdf:page_116, Гражданский кодекс Российской Федерации.pdf:page_117, Гражданский кодекс Российской Федерации.pdf:page_46, Гражданский кодекс Российской Федерации.pdf:page_68, Жилищный кодекс Российской Федерации.pdf:page_112, Жилищный кодекс Российской Федерации.pdf:page_40, Жилищный кодекс Российской Федерации.pdf:page_93, Уголовный кодекс Российской Федерации.pdf:page_115"
Какие обязанности возлагаются на теплоснабжающую организацию в случае запроса абонента на результаты расчетов? (п. 44),"В приведённом фрагменте **нет информации о пункте 44** и о том, какие именно обязанности возлагаются на теплоснабжающую организацию **в случае запроса абонента на результаты расчетов**.

Ответ: **нет в документах**.","Data1_10_10870_index.pdf:page_10, Data1_10_10870_index.pdf:page_9, Data1_10_10871_index.pdf:page_11, Data1_10_10871_index.pdf:page_16, Data1_10_10871_index.pdf:page_2, Data1_10_10871_index.pdf:page_3, Data1_10_10871_index.pdf:page_5, Data1_10_10871_index.pdf:page_8, Гражданский кодекс Российской Федерации.pdf:page_265, Гражданский кодекс Российской Федерации.pdf:page_266"
Что представляют собой платежи по договорам добровольного личного страхования?,нет в документах,"Бюджетный кодекс Российской Федерации.pdf:page_239, Гражданский кодекс Российской Федерации.pdf:page_388, Гражданский кодекс Российской Федерации.pdf:page_397, Налоговый кодекс Российской Федерации.pdf:page_117, Налоговый кодекс Российской Федерации.pdf:page_1230, Налоговый кодекс Российской Федерации.pdf:page_1625, Налоговый кодекс Российской Федерации.pdf:page_1653, Налоговый кодекс Российской Федерации.pdf:page_1655, Налоговый кодекс Российской Федерации.pdf:page_802, Уголовно-процессуальный кодекс Российской Федерации.pdf:page_101"
Какие ГОСТы или СНиПы регламентируют сметные нормы и расценки на строительные работы (СНиР-91)?,"В приведённом тексте **прямо указано**, что СНиР-91 (сметные нормы и расценки на строительные работы) применяются/используются в системе сметного нормирования, но **конкретных ГОСТов или СНиПов, которые бы напрямую регламентировали именно “СНиР-91”**, в предоставленных фрагментах **нет**.

Что есть из нормативных ссылок по сметному нормированию (в целом, не именно на СНиР-91):
- **СНиП 10-01-94** «Система документов в строительстве. Основные положения»
- **СП 81-01-94** (указан как «Свода правил по определению стоимости строительства…»)
- **СНиП 1.02.01-85** (инструкция о составе/порядке разработки и т.п. проектно-сметной документации)
- **постановление Госстроя России от 24.04.98 №18-40** (о порядке разработки ГЭСН)
- упоминается **3-я часть СНиП “Организация, производство и приемка работ”** (как базовые требования)

**Ответ по вопросу “Какие ГОСТы или СНиПы реглам��нтируют сметные нормы и расценки на строительные работы (СНиР-91)?”**:  
**нет в документах** (в предоставленном фрагменте не приведены ГОСТ/СНиП, которые прямо регламентируют СНиР-91).","Data1_10_10062_index.pdf:page_2, Data1_10_10062_index.pdf:page_3, Data1_10_10062_index.pdf:page_5, Data1_10_10848_index.pdf:page_3, Data1_10_10864_index.pdf:page_17, Data1_10_10864_index.pdf:page_4, Data1_2_2069_index.pdf:page_4, Data1_2_2076_index.pdf:page_1, Data1_2_2076_index.pdf:page_2, Data1_2_2082_index.pdf:page_5"
Какие неисправности котлов и оборудования должны быть устранены согласно ГОСТ МДС 13-18.2000?,"Согласно приведенному фрагменту (требования к наружному осмотру котлов и оборудования котельной) должны быть устранены неисправности:

- **котлов**;
- **обмуровки**;
- **дымоходов**;
- **боровов**;
- **арматуры**;
- **автоматических регуляторов**;
- **контрольно-измерительных приборов**.

В тексте также указано, что **должны быть устранены неисправности** (далее по перечислению) после выявления при осмотре перечисленных дефектов, включая проблемы с поверхностью нагрева, креплением оборудования и исправностью арматуры/приборов.","Data1_10_10846_index.pdf:page_20, Data1_10_10852_index.pdf:page_14, Data1_10_10852_index.pdf:page_15, Data1_10_10852_index.pdf:page_28, Data1_10_10852_index.pdf:page_29, Data1_10_10852_index.pdf:page_30, Data1_10_10852_index.pdf:page_31, Data1_10_10852_index.pdf:page_33, Data1_10_10852_index.pdf:page_35, Data1_10_10864_index.pdf:page_27"
Какой код материала-представителя используется для устройства компенсаторных ниш согласно ГОСТ?,Для **устройства компенсаторных ниш** (шифр **401004**) в тексте указан код материала-представителя: **39**.,"Data1_10_10846_index.pdf:page_3, Data1_10_10846_index.pdf:page_5, Data1_2_2076_index.pdf:page_14, Data1_2_2081_index.pdf:page_13, Data1_2_2081_index.pdf:page_14, Data1_2_2081_index.pdf:page_15, Data1_2_2081_index.pdf:page_16, Data1_2_2081_index.pdf:page_17, Data1_2_2081_index.pdf:page_18, Data1_2_2081_index.pdf:page_19"
Кто имеет право на полное освобождение от уплаты налога на приобретение автотранспортных средств согласно ГОСТ МДС 81-23.2000?,"В предоставленном фрагменте есть только общий намёк, что «полное освобождение … от уплаты налога или понижение его размера … осуществляется Верховным Советом… / Советом народных депутатов… (п. 65 Инструкции от 30.03.93)», но **конкретный перечень категорий лиц, имеющих право на полное освобождение от уплаты налога на приобретение автотранспортных средств, в тексте не приведён**.

**Ответ: нет в документах.**","Data1_2_2070_index.pdf:page_14, Data1_2_2070_index.pdf:page_15, Налоговый кодекс Российской Федерации.pdf:page_1553, Налоговый кодекс Российской Федерации.pdf:page_1554, Налоговый кодекс Российской Федерации.pdf:page_1557, Налоговый кодекс Российской Федерации.pdf:page_1608, Налоговый кодекс Российской Федерации.pdf:page_386, Налоговый кодекс Российской Федерации.pdf:page_389, Налоговый кодекс Российской Федерации.pdf:page_494, Таможенный кодекс Евразийского экономического союза.pdf:page_310"
Какую шкалу ареометра следует использовать при навернутом объемном грузе согласно ГОСТ (к СНиП 3.02.01-83)?,"При **навернутом объемном грузе** следует использовать шкалу ареометра с диапазоном **0,9–1,7 г/см³** (отсчет по левой шкале с цифровкой 0,9–1,7 г/см³).","Data1_10_10865_index.pdf:page_38, Data1_11_11285_index.pdf:page_52, Data1_11_11295_index.pdf:page_35, Data1_11_11295_index.pdf:page_36, Data1_11_11295_index.pdf:page_37, Data1_2_2079_index.pdf:page_12, Data1_2_2079_index.pdf:page_13, Data1_2_2079_index.pdf:page_17, Data1_2_2080_index.pdf:page_26, Data1_2_2081_index.pdf:page_10"
Какие документы и соглашения могут влиять на установление размера платы за наем жилого помещения?,"В тексте прямо указано, что **порядок, условия и сроки внесения платы (арендной/наймной)** определяются **договором**.

Конкретно, для платы за наем жилого помещения (по договорам социального найма и найма жилых помещений гос. или муниципального жилищного фонда) размер определяется:
- **органами местного самоуправления** (а для городов федерального значения — **органом государственной власти** соответствующего субъекта РФ).

Также из приведенного фрагмента об аренде следует, что если **договором** не определено иное, применяются обычные условия при сравнимых обстоятельствах; значит, **договор** может влиять на размер/условия платежа.

**Итого, документы/соглашения, которые влияют (по тексту):**
1) **Договор найма жилого помещения** (в части условий/порядка и сроков внесения платы, а также как основание для применения определенного регулирования).  
2) **Соглашения с органами власти/акт об установлении платы**: решение/установление **органов местного самоуправления** (или органа госвласти в Москве, Санкт-Петербурге, Севастополе) о размере платы за наем.","Гражданский кодекс Российской Федерации.pdf:page_286, Гражданский кодекс Российской Федерации.pdf:page_299, Гражданский кодекс Российской Федерации.pdf:page_300, Гражданский кодекс Российской Федерации.pdf:page_302, Жилищный кодекс Российской Федерации.pdf:page_115, Жилищный кодекс Российской Федерации.pdf:page_120, Жилищный кодекс Российской Федерации.pdf:page_27, Жилищный кодекс Российской Федерации.pdf:page_30, Жилищный кодекс Российской Федерации.pdf:page_87, Жилищный кодекс Российской Федерации.pdf:page_99"
Какой ГОСТ или СНиП регулирует расчет стоимости строительства в базисном уровне цен?,"В приведённых фрагментах прямо указано, что:

- **определение стоимости в базисных ценах** используется для дальнейшего перерасчета в текущие/прогнозные цены при применении **базисно-индексного** или **базисно-компенсационного** метода (раздел 1.3, фрагмент текста про “по уровню цен - в базисных ценах…”).
- При этом **конкретный ГОСТ или СНиП, который бы прямо регулировал “расчет стоимости строительства в базисном уровне цен”**, в данном фрагменте **не назван**.

Из перечисленных документов в тексте есть упоминания методических документов (например, **МДС 81-1.99**, **МДС 81-14.2000**, **МДС 81-9.2000**), но **не указано**, что именно они являются нормативным основанием для “базисного уровня цен” в формулировке вопроса.

**Ответ: нет в документах.**","Data1_10_10848_index.pdf:page_3, Data1_10_10865_index.pdf:page_30, Data1_2_2069_index.pdf:page_7, Data1_2_2075_index.pdf:page_1, Data1_2_2075_index.pdf:page_6, Data1_2_2080_index.pdf:page_15, Data1_2_2080_index.pdf:page_18, Data1_2_2082_index.pdf:page_1, Data1_2_2082_index.pdf:page_2, Data1_2_2117_index.pdf:page_1"
"Что грозит за непредставление оператором связи, собственником или иным владельцем технологической сети связи, имеющими уникальный идентификатор совокупности средств связи и иных технических средств в информационно-телекоммуникационной сети ""Интернет"", информации, представление которой предусмотрено Федеральным законом от 7 июля 2003 года N 126-ФЗ ""О связи""?","За непредставление (или нарушение требований к срокам, порядку, составу либо формату представления) оператором связи/собственником/иным владельцем технологической сети связи предусмотрен административный штраф:  
- **на граждан** — **от 30 000 до 50 000 рублей**;  
- **на юридических лиц** — **от 300 000 до 500 000 рублей** **или административное приостановление деятельности на срок до 30 суток**.","Административный кодекс Российской Федерации.pdf:page_206, Административный кодекс Российской Федерации.pdf:page_216, Административный кодекс Российской Федерации.pdf:page_222, Административный кодекс Российской Федерации.pdf:page_233, Административный кодекс Российской Федерации.pdf:page_235, Административный кодекс Российской Федерации.pdf:page_236, Административный кодекс Российской Федерации.pdf:page_396, Административный кодекс Российской Федерации.pdf:page_405, Административный кодекс Российской Федерации.pdf:page_406, Уголовный кодекс Российской Федерации.pdf:page_216"
Что такое обезжиривание согласно Указаниям по применению федеральных единичных расценок на монтаж оборудования (ФЕРм-2001)?,"Согласно **ПРИЛОЖЕНИЮ 6 “Термины и их определения”** Указаний по применению ФЕРм-2001, **обезжиривание** — это:

**«очистка от масла специальными составами кислородного и другого оборудования (аппараты, емкости, кислородопроводы, компрессоры, насосы и др.) в целях предупреждения взрывов от соединения кислорода с маслом, аварий при работах по химической защите оборудования и т.п.»**","Data1_10_10754_index.pdf:page_1, Data1_10_10754_index.pdf:page_10, Data1_10_10754_index.pdf:page_2, Data1_10_10754_index.pdf:page_21, Data1_10_10754_index.pdf:page_28, Data1_10_10754_index.pdf:page_3, Data1_10_10754_index.pdf:page_30, Data1_10_10754_index.pdf:page_8, Data1_10_10754_index.pdf:page_9, Data1_1_1879_index.pdf:page_27"
Как формируются ресурсно-технологические модели (РТМ)?,"В тексте сказано, что **унифицированная ресурсно-технологическая модель (РТМ)** строительно‑монтажных работ представляет собой:

- **неизменяемый в течение длительного периода времени** специально обработанный (агрегированный) набор **материальных и трудовых ресурсов**;
- этот набор **сформирован на основе данных по объектам‑представителям**.

Также указано, что **РТМ состоит из двух блоков**:  
а) **ресурсного блока**, содержащего специально обработа…

(дальше в приведённом фрагменте текст обрывается, поэтому содержание второго блока и детальная технология формирования в этом фрагменте не раскрыты).","Data1_10_10864_index.pdf:page_6, Data1_10_10864_index.pdf:page_8, Data1_2_2073_index.pdf:page_1, Data1_2_2073_index.pdf:page_11, Data1_2_2080_index.pdf:page_21, Data1_2_2080_index.pdf:page_33, Data1_2_2080_index.pdf:page_4, Data1_2_2080_index.pdf:page_7, Data1_2_2117_index.pdf:page_1, Data1_2_2117_index.pdf:page_10"
Какова периодичность капитального ремонта металлических ферм согласно ГОСТ МДС 14-13.2000?,"В приведенном фрагменте указана **периодичность капитального ремонта ферм**:

- **Фермы металлические — 25–30 лет**. 

(Это указано в разделе **«ПРИЛОЖЕНИЕ 7 ПРИМЕРНАЯ ПЕРИОДИЧНОСТЬ КАПИТАЛЬНОГО РЕМОНТА СОООРУЖЕНИЙ ПРОИЗВОДСТВЕННОГО НАЗНАЧЕНИЯ»**, строка **«Фермы: металлические»**.)","Data1_10_10754_index.pdf:page_17, Data1_10_10754_index.pdf:page_24, Data1_10_10754_index.pdf:page_28, Data1_10_10855_index.pdf:page_5, Data1_10_10855_index.pdf:page_6, Data1_10_10855_index.pdf:page_7, Data1_1_1879_index.pdf:page_24, Data1_1_1879_index.pdf:page_26, Data1_1_1879_index.pdf:page_27, Data1_1_1879_index.pdf:page_28"
Кто может входить в группу ОГП по СНиП 3.01.03-84?,"В представленном фрагменте **нет информации** о том, **кто может входить в группу ОГП по СНиП 3.01.03-84**.","Data1_11_11285_index.pdf:page_4, Data1_11_11285_index.pdf:page_67, Data1_11_11285_index.pdf:page_76, Data1_1_1879_index.pdf:page_34, Data1_2_2069_index.pdf:page_2, Data1_2_2079_index.pdf:page_12, Data1_2_2079_index.pdf:page_16, Data1_2_2081_index.pdf:page_11, Арбитражный процессуальный кодекс Российской Федерации.pdf:page_129, Градостроительный кодекс Российской Федерации.pdf:page_199"
Как действует гексаметафосфат натрия на глинистый раствор и цементные растворы согласно ГОСТ (к СНиП 3.02.01-83)?,нет в документах,"Data1_11_11295_index.pdf:page_16, Data1_11_11295_index.pdf:page_17, Data1_11_11295_index.pdf:page_23, Data1_11_11295_index.pdf:page_25, Data1_11_11295_index.pdf:page_26, Data1_11_11295_index.pdf:page_27, Data1_11_11295_index.pdf:page_33, Data1_11_11295_index.pdf:page_6, Data1_11_11295_index.pdf:page_7, Data1_11_11295_index.pdf:page_8"
"Кто утверждает формы бланков исполнительных листов и порядок их изготовления, учета, хранения и уничтожения?","Формы бланков исполнительных листов, порядок их изготовления, учета, хранения и уничтожения, требования к форматам исполнительных листов утверждаются **Правительством Российской Федерации**.","Административный кодекс Российской Федерации.pdf:page_531, Административный кодекс Российской Федерации.pdf:page_549, Арбитражный процессуальный кодекс Российской Федерации.pdf:page_213, Бюджетный кодекс Российской Федерации.pdf:page_182, Гражданский процессуальный кодекс Российской Федерации.pdf:page_189, Кодекс административного судопроизводства Российской Федерации.pdf:page_225, Налоговый кодекс Российской Федерации.pdf:page_242, Трудовой кодекс Российской Федерации.pdf:page_46, Уголовно-процессуальный кодекс Российской Федерации.pdf:page_128, Уголовно-процессуальный кодекс Российской Федерации.pdf:page_303"
"Какое наказание предусмотрено за регистрацию заведомо незаконных сделок с недвижимым имуществом, умышленное искажение сведений государственного кадастра недвижимости и (или) Единого государственного реестра прав на недвижимое имущество и сделок с ним, а равно занижение кадастровой стоимости объектов недвижимости?","В приведённом тексте **нет информации** о наказании именно за:

- регистрацию заведомо незаконных сделок с недвижимым имуществом,
- умышленное искажение сведений государственного кадастра недвижимости и/или ЕГРП (ЕГРН),
- а также занижение кадастровой стоимости.

**нет в документах**","Административный кодекс Российской Федерации.pdf:page_279, Уголовный кодекс Российской Федерации.pdf:page_106, Уголовный кодекс Российской Федерации.pdf:page_108, Уголовный кодекс Российской Федерации.pdf:page_116, Уголовный кодекс Российской Федерации.pdf:page_12, Уголовный кодекс Российской Федерации.pdf:page_231, Уголовный кодекс Российской Федерации.pdf:page_250, Уголовный кодекс Российской Федерации.pdf:page_255, Уголовный кодекс Российской Федерации.pdf:page_95, Уголовный кодекс Российской Федерации.pdf:page_96"
Какие телефоны доступны для бесплатной юридической консультации в Санкт-Петербурге и Ленинградской области?,Для бесплатной юридической консультации в **Санкт-Петербурге и Ленинградской области** доступен телефон: **8 (812) 467-95-28**.,"Налоговый кодекс Российской Федерации.pdf:page_1260, Налоговый кодекс Российской Федерации.pdf:page_1344, Налоговый кодекс Российской Федерации.pdf:page_1345, Налоговый кодекс Российской Федерации.pdf:page_1347, Налоговый кодекс Российской Федерации.pdf:page_1348, Налоговый кодекс Российской Федерации.pdf:page_1349, Налоговый кодекс Российской Федерации.pdf:page_1352, Налоговый кодекс Российской Федерации.pdf:page_1353, Налоговый кодекс Российской Федерации.pdf:page_1354, Уголовный кодекс Российской Федерации.pdf:page_276"
Какие элементы должны быть показаны на плане благоустройства согласно ГОСТ МДС 11-7.2000?,"В приведённом фрагменте **нет сведений**, что именно (какие элементы) должно содержать **план благоустройства** согласно **ГОСТ/нормативу МДС 11-7.2000**.

Есть лишь общие фрагменты про требования к территории и благоустройству (например, про избегание перепадов уровней, удаление границ площадок от препятствий, ветро- и пылезащитные полосы, озеленение и т.п.), но **прямого перечня “элементов плана благоустройства” из МДС 11-7.2000 в тексте нет**.

**Ответ:** нет в документах.","Data1_10_10846_index.pdf:page_3, Data1_10_10847_index.pdf:page_4, Data1_10_10865_index.pdf:page_32, Data1_10_10865_index.pdf:page_35, Data1_11_11285_index.pdf:page_64, Data1_1_1879_index.pdf:page_14, Data1_1_1904_index.pdf:page_11, Data1_1_1904_index.pdf:page_14, Data1_1_1904_index.pdf:page_19, Градостроительный кодекс Российской Федерации.pdf:page_6"
"Как устанавливается порядок мониторинга разработки и утверждения программ комплексного развития систем коммунальной, транспортной и социальной инфраструктуры?","В предоставленном фрагменте ГрК РФ указано только, что к полномочиям относится:

- **“установление порядка осуществления мониторинга разработки и утверждения программ комплексного развития систем коммунальной инфраструктуры… программ комплексного развития транспортной инфраструктуры… программ комплексного развития социальной инфраструктуры…”** (указанная норма в перечислении полномочий).

При этом **конкретный порядок** (как именно проводится мониторинг, кто выполняет, сроки, состав отчетности и т.п.) **в приведенных документах не раскрыт**.

**Ответ: нет в документах** (содержится лишь указание на полномочие установить порядок, но сам порядок не приведен).","Data1_1_1904_index.pdf:page_1, Data1_1_1904_index.pdf:page_12, Data1_1_1904_index.pdf:page_23, Data1_1_1904_index.pdf:page_30, Data1_1_1904_index.pdf:page_8, Data1_1_1904_index.pdf:page_9, Градостроительный кодекс Российской Федерации.pdf:page_21, Градостроительный кодекс Российской Федерации.pdf:page_25, Градостроительный кодекс Российской Федерации.pdf:page_297, Градостроительный кодекс Российской Федерации.pdf:page_32"
В какой очередности переносятся убытки на будущие налоговые периоды?,"В тексте указано, что если налогоплательщик понес убытки более чем в одном налоговом периоде, то их перенос на будущие периоды производится **в той очередности, в которой они понесены**.","Налоговый кодекс Российской Федерации.pdf:page_1076, Налоговый кодекс Российской Федерации.pdf:page_1077, Налоговый кодекс Российской Федерации.pdf:page_1184, Налоговый кодекс Российской Федерации.pdf:page_1369, Налоговый кодекс Российской Федерации.pdf:page_1372, Налоговый кодекс Российской Федерации.pdf:page_1490, Налоговый кодекс Российской Федерации.pdf:page_1509, Налоговый кодекс Российской Федерации.pdf:page_783, Налоговый кодекс Российской Федерации.pdf:page_858, Налоговый кодекс Российской Федерации.pdf:page_859"
"Какие ГОСТы или СНиПы регулируют проектирование комплексных приемных пунктов, включая парикмахерские и другие виды бытовых услуг?","В приведённом тексте прямо указаны общие нормативы по проектированию (в т.ч. для зданий/предприятий бытового обслуживания), но **конкретно “комплексные приемные пункты, включая парикмахерские и другие виды бытовых услуг” не выделены отдельным ГОСТ или СНиП**.

Из текста можно сослаться на следующие нормативы, которые регулируют проектирование зданий/объектов в целом (и, следовательно, применимы к таким объектам):

- **СНиП 2.08.01-89\*** — *Жилые здания*  
- **СНиП 2.08.02-89\*** — *Общественные здания и сооружения*  
- **СНиП 2.01.07-85\*** — *Нагрузки и воздействия*  
- **СНиП 2.03.11-85** — *Защита строительных конструкций от коррозии*  
- **СНиП II-3-79\*** (изд. 1998 г.) — *Строительная теплотехника*  
- **СНиП II-4-79\*** — *Естественное и искусственное освещение*  
- **СНиП 21-01-97\*** — *Пожарная безопасность зданий и сооружений*  

Также в документе есть перечень нормативов по инженерным системам, которые обычно входят в проектирование зданий:
- **СНиП 2.04.05-91\*** — *Отопление, вентиляция и кондиционирование*  
- **СНиП 2.04.09-84** — *Пожарная автоматика зданий и сооружений*  
- **СНиП 2.04.14-88** — *Тепловая изоляция оборудования и трубопроводов*  

**Ответ по вопросу:** по тексту **нет в документах** указания на отдельные ГОСТ/СНиП, которые именно “комплексные приемные пункты (включая парикмахерские и др. бытовые услуги)” регулируют как отдельный вид.","Data1_10_10846_index.pdf:page_3, Data1_10_10859_index.pdf:page_8, Data1_10_10865_index.pdf:page_30, Data1_11_11835_index.pdf:page_13, Data1_11_11835_index.pdf:page_21, Data1_11_11835_index.pdf:page_31, Data1_1_1904_index.pdf:page_29, Data1_1_1904_index.pdf:page_30, Data1_2_2096_index.pdf:page_2, Data1_2_2096_index.pdf:page_4"
Какой предел огнестойкости должен быть у кровельного покрытия согласно ГОСТ МДС-80-8.2000?,"В предоставленном тексте указано требование для **«Кровельного покрытия»**:

- **Предел огнестойкости покрытия — 0,25 ч.**","Data1_10_10861_index.pdf:page_18, Data1_10_10861_index.pdf:page_41, Data1_10_10861_index.pdf:page_42, Data1_10_10865_index.pdf:page_19, Data1_10_10865_index.pdf:page_38, Data1_10_10865_index.pdf:page_39, Data1_2_2075_index.pdf:page_16, Data1_2_2079_index.pdf:page_10, Data1_2_2079_index.pdf:page_12, Data1_2_2096_index.pdf:page_4"
"Какие каналы массовой рекламы непригодны для маркетинга проектной продукции, согласно ГОСТ МДС 11-11.2000?",нет в документах,"Data1_10_10858_index.pdf:page_1, Data1_10_10858_index.pdf:page_17, Data1_10_10858_index.pdf:page_19, Data1_10_10858_index.pdf:page_20, Data1_10_10858_index.pdf:page_22, Data1_10_10858_index.pdf:page_25, Data1_10_10865_index.pdf:page_35, Data1_1_1904_index.pdf:page_18, Data1_2_2079_index.pdf:page_1, Административный кодекс Российской Федерации.pdf:page_243"
Какие нормативные документы и методические указания перечислены в ГОСТ МДС 81-30.2002 для расчета стоимости дорожных работ?,"В приведённом фрагменте **МДС 81-30.2002** перечислены следующие нормативные документы/методические указания, которые применяются (или упоминаются) для расчёта стоимости дорожных работ:

- **МДС 81-1.99** — указано, что результаты расчётов оформляются по формам приложения 3 Методических указаний по определению стоимости строительной продукции на территории Российской Федерации (**МДС 81-1.99**).  
- **ГЭСН (Государственные элементные сметные нормы)** — указано, что при определении стоимости (в текущем/прогнозном уровне) должны, как правило, применяться утверждённые в установленном порядке **Государственные элементные сметные нормы** (ГЭСН).  
- **МДС 81-18.2000 (УПБС ВР)** — в тексте перечислены методические рекомендации по формированию укрупнённых показателей базовой стоимости (**УПБС ВР**) для составления инвесторских смет.  
- **МДС 81-7.2000** — методическое пособие по расчёту затрат на службу заказчика-застройщика (**МДС 81-7.2000**).  
- **МДС 81-28.2001** — Указания по применению ГЭСН на строительные и специальные строительные работы (**ГЭСН-2001**, **МДС 81-28.2001**).  
- **МДС 81-9.2000** — методические рекомендации по использованию текущих и прогнозных индексов стоимости и определению свободных (договорных) цен, а также расчётам за выполненные работы (**МДС 81-9.2000**).  
- **МДС 81-14.2000** — методические рекомендации по расчёту индексов цен на строительную продукцию для подрядных строительно-монтажных организаций (**МДС 81-14.2000**).

Если нужно, могу отдельно выписать только те документы, которые прямо упомянуты в **статье 1–3** фрагмента (где говорится про составление смет, уровень цен, ресурсный метод и базу норм).","Data1_10_10062_index.pdf:page_1, Data1_10_10754_index.pdf:page_3, Data1_10_10848_index.pdf:page_1, Data1_10_10848_index.pdf:page_2, Data1_10_10848_index.pdf:page_3, Data1_10_10848_index.pdf:page_6, Data1_2_2075_index.pdf:page_1, Data1_2_2079_index.pdf:page_1, Data1_2_2116_index.pdf:page_1, Data1_2_2117_index.pdf:page_1"
"Какие коэффициенты применяются к затратам на демонтаж легковесного и габаритного оборудования, не подлежащего дальнейшему использованию, с разборкой и резкой на части согласно Указаниям по применению ФЕРм-2001?","В предоставленном фрагменте указаны **коэффициенты для оборудования, не подлежащего дальнейшему использованию** (демонтаж для лома):

- **с разборкой и резкой на части** — **0,5**  
- **то же, без разборки и резки** — **0,3**

Также отдельно сказано:  
- **для оборудования сложного, крупногабаритного и тяжеловесного**, монтируемого из отдельных блоков и узлов с применением сварочных операций — затраты на демонтаж следует определять **по индивидуальным единичным расценкам** (коэффициентом не задаётся).

Итого по вопросу (“легковесного и габаритного оборудования, не подлежащего дальнейшему использованию, с разборкой и резкой на части”) из текста напрямую следует: **коэффициент 0,5**.","Data1_10_10062_index.pdf:page_5, Data1_10_10754_index.pdf:page_10, Data1_10_10754_index.pdf:page_12, Data1_10_10754_index.pdf:page_13, Data1_10_10754_index.pdf:page_21, Data1_10_10754_index.pdf:page_22, Data1_10_10754_index.pdf:page_23, Data1_10_10754_index.pdf:page_28, Data1_10_10754_index.pdf:page_4, Data1_10_10864_index.pdf:page_34"
Какие виды экспертизы могут быть проведены и что они включают?,"В представленном тексте упоминаются следующие виды экспертизы и что они включают:

1) **Независимая вневедомственная экспертиза (в сфере тарифов)**  
- **Проводится** на основ��нии **договора возмездного оказания услуг**.  
- **Заказчик**: организация, по инициативе которой она проводится.  
- **Методы проведения** устанавливаются экспертными организациями **самостоятельно**, при этом они должны гарантировать **качество и достоверность** представленной в заключении информации.  
- **Результат**: **заключение экспертной организации** (имеет юридическое значение и должно быть принято регулирующим органом как основание для формирования тарифа).  

2) **Комплексная экспертиза (в судебном производстве)**  
- **Назначается судом**, если требуется **одновременное проведение исследований** с использованием **различных областей знания** или **различных научных направлений**.  
- **Поручается нескольким экспертам**.  
- **Заключение**: эксперты формулируют **общий вывод**, который излагается в **заключении, подписанном всеми экспертами**.

3) **Комиссионная экспертиза (в судебном производстве)**  
- **Проводится не менее чем двумя экспертами**, обладающими **специальными познаниями в одной и той же области знания**.  
- **Характер комиссионности** определяется судом.  
- **Если мнения совпадают** — составляется **единое заключение**.

Иного перечня видов экспертиз в приведённом фрагменте **нет в документах**.","Data1_10_10863_index.pdf:page_2, Data1_10_10863_index.pdf:page_3, Административный кодекс Российской Федерации.pdf:page_519, Арбитражный процессуальный кодекс Российской Федерации.pdf:page_40, Гражданский процессуальный кодекс Российской Федерации.pdf:page_33, Кодекс административного судопроизводства Российской Федерации.pdf:page_47, Кодекс административного судопроизводства Российской Федерации.pdf:page_93, Трудовой кодекс Российской Федерации.pdf:page_142, Уголовно-процессуальный кодекс Российской Федерации.pdf:page_137, Уголовно-процессуальный кодекс Российской Федерации.pdf:page_48"
Какие требования должны быть отражены в инструкциях по охране труда согласно ГОСТ?,нет в документах,"Data1_10_10846_index.pdf:page_2, Data1_10_10862_index.pdf:page_7, Data1_10_10862_index.pdf:page_8, Data1_10_10864_index.pdf:page_15, Data1_10_10864_index.pdf:page_33, Data1_10_10865_index.pdf:page_21, Data1_11_11295_index.pdf:page_25, Data1_2_2096_index.pdf:page_1, Трудовой кодекс Российской Федерации.pdf:page_114, Трудовой кодекс Российской Федерации.pdf:page_125"
Какие права имеет осужденный к смертной казни?,"В предоставленном тексте **нет информации** о правах осужденного к смертной казни.

(Единственное упоминание смертной казни встречается как возможная мера наказания, например: «…либо пожизненным лишением свободы, либо смертной казнью», но перечисления прав осужденного к смертной казни в документах не приведено.)","Уголовно-исполнительный кодекс Российской Федерации.pdf:page_2, Уголовно-исполнительный кодекс Российской Федерации.pdf:page_3, Уголовно-процессуальный кодекс Российской Федерации.pdf:page_193, Уголовно-процессуальный кодекс Российской Федерации.pdf:page_240, Уголовно-процессуальный кодекс Российской Федерации.pdf:page_247, Уголовный кодекс Российской Федерации.pdf:page_23, Уголовный кодекс Российской Федерации.pdf:page_24, Уголовный кодекс Российской Федерации.pdf:page_26, Уголовный кодекс Российской Федерации.pdf:page_36, Уголовный кодекс Российской Федерации.pdf:page_48"
Какие меры предупреждают отклонения инъекторов и скважин от проектного направления согласно ГОСТ (к СНиП 3.02.01-83)?,нет в документах,"Data1_10_10861_index.pdf:page_21, Data1_10_10861_index.pdf:page_25, Data1_10_10865_index.pdf:page_32, Data1_10_10865_index.pdf:page_35, Data1_11_11285_index.pdf:page_50, Data1_11_11285_index.pdf:page_52, Data1_11_11295_index.pdf:page_14, Data1_11_11295_index.pdf:page_16, Data1_11_11295_index.pdf:page_27, Data1_11_11295_index.pdf:page_47"
Какие примеры заполнения ведомости объемов грунта приведены в СНиПе?,"В приведённом фрагменте СНиП (тексте из запроса) **нет конкретного указания про примеры заполнения “ведомости объемов грунта”**. 

Есть лишь общее упоминание раздела **«Ведомости объемов работ»** (например, в перечислении состава документации по категориям обследования), но **не приведены примеры заполнения ведомости именно объемов грунта**.

**Ответ: нет в докумен��ах.**","Data1_10_10859_index.pdf:page_8, Data1_10_10865_index.pdf:page_44, Data1_11_11285_index.pdf:page_56, Data1_11_11285_index.pdf:page_81, Data1_11_11295_index.pdf:page_13, Data1_11_11295_index.pdf:page_25, Data1_11_11295_index.pdf:page_31, Data1_11_11295_index.pdf:page_33, Data1_11_11295_index.pdf:page_5, Data1_2_2073_index.pdf:page_11"
"Как исчисляется и уплачивается налог на доходы, полученные в виде дивидендов по акциям российских организаций?","В приведённом тексте прямо указано следующее:

- **Исчисление суммы и уплата налога в отношении доходов в виде дивидендов по акциям российских организаций** осуществляются **в соответствии со статьёй 275** с учетом положений **статьи 226.1**:
  > «Исчисление суммы и уплата налога в отношении доходов, полученных в виде дивидендов по акциям российских организаций, осуществляются в соответствии с настоящей статьей с учетом положений статьи 226.1 настоящего Кодекса.»

- Также приведён **общий порядок удержания/перечисления налога налоговым агентом при выплате дивидендов**:
  > «…обязанность по определению суммы налога, удержанию этой суммы из доходов налогоплательщика и перечислению налога в бюджет возлагается на российскую организацию… либо на индивидуального предпринимателя (налоговых агентов), выплачивающих указанный доход…»

  > «Налоговый агент определяет сумму налога по каждой выплате…»

  > «Российские организации, выплачивающие … дивиденды … определяют сумму налога отдельно по каждому такому налогоплательщику применительно к каждой выплате…»

  > «Налоговый агент обязан уплатить сумму исчисленного налога в бюджет на тридцатый день с даты его исчисления.»

Если вам нужно именно **какая ставка применяется** и **какие правила зачёта/исключений**, в присланном фрагменте этого нет (есть только ссылка на нормы и отдельные процедурные правила).","Налоговый кодекс Российской Федерации.pdf:page_1097, Налоговый кодекс Российской Федерации.pdf:page_1116, Налоговый кодекс Российской Федерации.pdf:page_1119, Налоговый кодекс Российской Федерации.pdf:page_1176, Налоговый кодекс Российской Федерации.pdf:page_1197, Налоговый кодекс Российской Федерации.pdf:page_734, Налоговый кодекс Российской Федерации.pdf:page_753, Налоговый кодекс Российской Федерации.pdf:page_754, Налоговый кодекс Российской Федерации.pdf:page_787, Налоговый кодекс Российской Федерации.pdf:page_885"
Какой стандарт (ГОСТ) регламентирует площадь мозаичных полов?,нет в документах,"Data1_10_10846_index.pdf:page_3, Data1_10_10859_index.pdf:page_8, Data1_10_10865_index.pdf:page_17, Data1_10_10865_index.pdf:page_24, Data1_2_2075_index.pdf:page_16, Data1_2_2076_index.pdf:page_9, Data1_2_2079_index.pdf:page_13, Data1_2_2081_index.pdf:page_10, Data1_2_2081_index.pdf:page_15, Data1_2_2096_index.pdf:page_2"
Какие телефоны доступны для бесплатной юридической консультации в Москве и Московской области?,Для бесплатной юридической консультации в **Москве и Московской области** доступен телефон: **8 (499) 938-53-71**.,"Бюджетный кодекс Российской Федерации.pdf:page_20, Бюджетный кодекс Российской Федерации.pdf:page_21, Гражданский кодекс Российской Федерации.pdf:page_662, Налоговый кодекс Российской Федерации.pdf:page_1260, Налоговый кодекс Российской Федерации.pdf:page_1344, Налоговый кодекс Российской Федерации.pdf:page_1345, Налоговый кодекс Российской Федерации.pdf:page_1347, Налоговый кодекс Российской Федерации.pdf:page_1352, Налоговый кодекс Российской Федерации.pdf:page_1354, Уголовный кодекс Российской Федерации.pdf:page_276"
Как вручаются судебные извещения через дипломатические каналы?,"Судебные извещения через дипломатические каналы вручаются так:

- **Дипломатическая нота**: заверенная копия дипломатической ноты, которая препровождает направление судебного извещения иностранному государству, **с указанием даты ее получения компетентным органом иностранного государства** (ведающим вопросами иностранных дел), **направляется в суд, направивший судебное извещение**.  
- **Момент вручения**: **дата получения** этой дипломатической ноты компетентным органом иностранного государства считается **датой вручения судебного извещения**.","Арбитражный процессуальный кодекс Российской Федерации.pdf:page_166, Арбитражный процессуальный кодекс Российской Федерации.pdf:page_169, Гражданский процессуальный кодекс Российской Федерации.pdf:page_166, Гражданский процессуальный кодекс Российской Федерации.pdf:page_173, Гражданский процессуальный кодекс Российской Федерации.pdf:page_45, Кодекс административного судопроизводства Российской Федерации.pdf:page_54, Налоговый кодекс Российской Федерации.pdf:page_257, Таможенный кодекс Евразийского экономического союза.pdf:page_372, Уголовно-процессуальный кодекс Российской Федерации.pdf:page_288, Уголовно-процессуальный кодекс Российской Федерации.pdf:page_290"
Что должно содержать решение о порядке следования осужденного к месту отбывания наказания в случае назначения ему отбывания лишения свободы в колонии-поселении в резолютивной части обвинительного приговора?,"В представленных фрагментах **есть** указание на содержание предписания (решения) о порядке следования осужденного в колонию‑поселение, но **не в резолютивной части приговора**.

Согласно **ст. 75.1 УИК РФ**:

- территориальный орган УИС **вручает осужденному предписание о направлении к месту отбывания наказания**;
- в этом предписании **устанавливается срок, в течение которого осужденный должен прибыть к месту отбывания наказания** (с учетом времени на проезд);
- при этом осужденный следует **за счет государства самостоятельно** (оплата проезда и обеспечение на время проезда — за счет государства).

**Частичный ответ:** решение/предписание должно содержать **срок прибытия осужденного к месту отбывания наказания** и указывать **направление к месту отбывания наказания в колонию‑поселение**.","Уголовно-исполнительный кодекс Российской Федерации.pdf:page_24, Уголовно-исполнительный кодекс Российской Федерации.pdf:page_41, Уголовно-исполнительный кодекс Российской Федерации.pdf:page_55, Уголовно-исполнительный кодекс Российской Федерации.pdf:page_65, Уголовно-исполнительный кодекс Российской Федерации.pdf:page_73, Уголовно-исполнительный кодекс Российской Федерации.pdf:page_74, Уголовно-исполнительный кодекс Российской Федерации.pdf:page_79, Уголовно-процессуальный кодекс Российской Федерации.pdf:page_196, Уголовно-процессуальный кодекс Российской Федерации.pdf:page_197, Уголовно-процессуальный кодекс Российской Федерации.pdf:page_198"
"Кто определяет места отбывания исправительных работ для осужденных, не имеющих основного места работы?","В приведённых фрагментах есть только общие положения об **условиях отбывания наказания в виде обязательных работ**, но **про “исправительные работы” и про осужденных, не имеющих основного места работы** в тексте ответа нет.

**Ответ: нет в документах.**","Уголовно-исполнительный кодекс Российской Федерации.pdf:page_13, Уголовно-исполнительный кодекс Российской Федерации.pdf:page_17, Уголовно-исполнительный кодекс Российской Федерации.pdf:page_18, Уголовно-исполнительный кодекс Российской Федерации.pdf:page_2, Уголовно-исполнительный кодекс Российской Федерации.pdf:page_26, Уголовно-исполнительный кодекс Российской Федерации.pdf:page_29, Уголовно-исполнительный кодекс Российской Федерации.pdf:page_30, Уголовно-исполнительный кодекс Российской Федерации.pdf:page_31, Уголовно-исполнительный кодекс Российской Федерации.pdf:page_41, Уголовный кодекс Российской Федерации.pdf:page_15"
Как регулируется оборот земельных участков?,"В предоставленных фрагментах прямо указано лишь об **основаниях возникновения прав на земельные участки**, а также о **госрегистрации прав и сделок**:

- **Статья 25 ЗК РФ “Основания возникновения прав на землю”**: права на земельные участки возникают по основаниям, установленным **гражданским законодательством и федеральными законами**, и подлежат **государственной регистрации** (в соответствии с законом о госрегистрации недвижимости). Также указано, что **госрегистрация сделок обязательна** в случаях, указанных в федеральных законах.  
- **Статья 26 ЗК РФ “Документы о правах на земельные участки”**: права удостоверяются документами в порядке госрегистрации; при этом **договоры аренды/субаренды/безвозмездного пользования на срок менее 1 года не подлежат госрегистрации**, кроме случаев, предусмотренных федеральными законами.

Иных норм именно про “оборот” (например, купля-продажа, ограничения, порядок обращения) в данных фрагментах **нет**.","Гражданский кодекс Российской Федерации.pdf:page_146, Гражданский кодекс Российской Федерации.pdf:page_147, Гражданский кодекс Российской Федерации.pdf:page_91, Земельный кодекс Российской Федерации.pdf:page_0, Земельный кодекс Российской Федерации.pdf:page_1, Земельный кодекс Российской Федерации.pdf:page_162, Земельный кодекс Российской Федерации.pdf:page_2, Земельный кодекс Российской Федерации.pdf:page_25, Земельный кодекс Российской Федерации.pdf:page_3, Земельный кодекс Российской Федерации.pdf:page_35"
"Как можно предотвратить самовольное использование товарного знака, фирменного наименования или марки проектной продукции конкурента согласно ГОСТ МДС 80-2.2000?",нет в документах,"Data1_10_10849_index.pdf:page_4, Data1_10_10858_index.pdf:page_25, Data1_10_10872_index.pdf:page_5, Гражданский кодекс Российской Федерации.pdf:page_515, Гражданский кодекс Российской Федерации.pdf:page_624, Гражданский кодекс Российской Федерации.pdf:page_625, Гражданский кодекс Российской Федерации.pdf:page_626, Гражданский кодекс Российской Федерации.pdf:page_645, Гражданский кодекс Российской Федерации.pdf:page_660, Гражданский кодекс Российской Федерации.pdf:page_661"
Какая ставка сбора установлена за прочие объекты водных биологических ресурсов?,За **прочие объекты водных биологических ресурсов** ставка сбора установлена в размере **20** (в приведённом перечне — «Прочие объекты водных биологических ресурсов 20»).,"Административный кодекс Российской Федерации.pdf:page_118, Административный кодекс Российской Федерации.pdf:page_130, Административный кодекс Российской Федерации.pdf:page_134, Бюджетный кодекс Российской Федерации.pdf:page_48, Налоговый кодекс Российской Федерации.pdf:page_1240, Налоговый кодекс Российской Федерации.pdf:page_1247, Налоговый кодекс Российской Федерации.pdf:page_1248, Налоговый кодекс Российской Федерации.pdf:page_1249, Налоговый кодекс Российской Федерации.pdf:page_1250, Налоговый кодекс Российской Федерации.pdf:page_1252"
Какие задачи входит в область обеспечения проектно-сметной документацией согласно СНиП?,"В предоставленном фрагменте перечислены следующие задачи **в области обеспечения проектно‑сметной документацией**:

- **Выдает исходные данные** для разработки проектно‑сметной документации.  
- **Обеспечивает полноту и качество** выдаваемых проектной организации исходных данных для проектирования.  
- **Подготавливает задания** на разработку проектно‑сметной документации совместно с проектно‑изыскательскими организациями и **проводит их согласование** в установленном порядке.  
- **Заключает договоры** с соответствующими организациями на выполнение проектно‑изыскательских, конструкторских и при необходимости научно‑исследовательских работ.  
- **Согласовывает календарный график** разработки и выдачи проектно‑сметной документации с проектной организацией и **осуществляет контроль за его выполнением**.  
- **Организует согласование, утверждение и переутверждение** проектно‑сметной документации (с определением договорной цены), а также **внесение исправлений** по замечаниям и заключениям подрядных организаций и органов экспертизы.","Data1_10_10858_index.pdf:page_4, Data1_10_10859_index.pdf:page_7, Data1_11_11295_index.pdf:page_10, Data1_1_1804_index.pdf:page_3, Data1_1_1804_index.pdf:page_8, Data1_1_1879_index.pdf:page_9, Data1_1_1904_index.pdf:page_26, Data1_1_1904_index.pdf:page_27, Градостроительный кодекс Российской Федерации.pdf:page_118, Градостроительный кодекс Российской Федерации.pdf:page_16"
С какого момента считается исполненным договор розничной купли-продажи товара по образцам?,"Договор розничной купли-продажи, заключенный **по образцам**, считается исполненным **с момента передачи (доставки) товара в место, указанное в договоре**, а если место передачи договором не определено — **с момента доставки товара по месту жительства покупателя-гражданина или месту нахождения покупателя — юридического лица** (статья 497 ГК РФ, в приведённом фрагменте п. 3).","Гражданский кодекс Российской Федерации.pdf:page_228, Гражданский кодекс Российской Федерации.pdf:page_232, Гражданский кодекс Российской Федерации.pdf:page_239, Гражданский кодекс Российской Федерации.pdf:page_252, Гражданский кодекс Российской Федерации.pdf:page_257, Гражданский кодекс Российской Федерации.pdf:page_263, Гражданский кодекс Российской Федерации.pdf:page_271, Налоговый кодекс Российской Федерации.pdf:page_1011, Налоговый кодекс Российской Федерации.pdf:page_1505, Налоговый кодекс Российской Федерации.pdf:page_522"
Какие нормативы затрат установлены для создания произведений скульптуры и монументально-декоративной живописи?,"В предоставленном фрагменте документов **нет нормативов затрат, установленных именно для создания произведений скульптуры и монументально-декоративной живописи**.  

**Частичный ответ:** в тексте встречается только общий перечень/группы статей затрат (например, **командировочные расходы**, **аренда и содержание транспорта**, **аренда и содержание зданий и сооружений**, и т.п.), но **конкретные нормативы для скульптуры и монументально-декоративной живописи не указаны**.

Ответ: **нет в документах**.","Data1_10_10848_index.pdf:page_8, Data1_2_2116_index.pdf:page_7, Data1_2_2116_index.pdf:page_8, Бюджетный кодекс Российской Федерации.pdf:page_76, Гражданский кодекс Российской Федерации.pdf:page_537, Гражданский кодекс Российской Федерации.pdf:page_538, Гражданский кодекс Российской Федерации.pdf:page_539, Гражданский кодекс Российской Федерации.pdf:page_540, Гражданский кодекс Российской Федерации.pdf:page_558, Налоговый кодекс Российской Федерации.pdf:page_1485"
Какие телефоны можно использовать для бесплатной юридической консультации в Санкт-Петербурге и Ленинградской области?,"Для бесплатной юридической консультации в **Санкт-Петербурге и Ленинградской области** в тексте указаны телефоны:

- **8 (812) 467-95-33**
- **8 (812) 467-95-28**","Бюджетный кодекс Российской Федерации.pdf:page_76, Налоговый кодекс Российской Федерации.pdf:page_1260, Налоговый кодекс Российской Федерации.pdf:page_1344, Налоговый кодекс Российской Федерации.pdf:page_1345, Налоговый кодекс Российской Федерации.pdf:page_1347, Налоговый кодекс Российской Федерации.pdf:page_1348, Налоговый кодекс Российской Федерации.pdf:page_1349, Налоговый кодекс Российской Федерации.pdf:page_1352, Налоговый кодекс Российской Федерации.pdf:page_1353, Уголовный кодекс Российской Федерации.pdf:page_276"
Какие элементы входят в стоимостной блок РТМ согласно СНиП?,"В предоставленном тексте **прямого перечня “элементов, входящих в стоимостной блок РТМ согласно СНиП” нет**.

Из встречающихся фрагментов можно лишь частично извлечь, что в РТМ/смежных таблицах используется группировка по:
- **Материалы** (например, “1. Материалы”, “1.1 Материалы основной номенклатуры …”),
- **Затраты труда** (в “УПБС …” указаны **затраты труда, чел.-ч**, в т.ч. **заработная плата рабочих-строителей и машинистов**),
- **Эксплуатация машин** (в “УПБС …” отдельными строками: **эксплуатация машин**, включая **заработную плату машинистов**),
- **Материалы** с разделением на **транспортные расходы** (см. графы “всего / в т.ч. транспортные расходы”).

Но формулировки именно **“стoимостной блок РТМ согласно СНиП”** в тексте **нет** (нет перечисления “элементы стоимостного блока” именно по СНиП).

**Ответ:** нет в документах (в точной постановке “элементы стоимостного блока РТМ согласно СНиП”); частично в тексте встречается структура стоимостных составляющих по материалам, заработной плате, эксплуатации машин и транспортным расходам (в таблице УПБС).","Data1_2_2076_index.pdf:page_8, Data1_2_2079_index.pdf:page_13, Data1_2_2080_index.pdf:page_12, Data1_2_2080_index.pdf:page_13, Data1_2_2080_index.pdf:page_21, Data1_2_2080_index.pdf:page_25, Data1_2_2080_index.pdf:page_28, Data1_2_2080_index.pdf:page_29, Data1_2_2081_index.pdf:page_12, Data1_2_2081_index.pdf:page_13"
"Что происходит, если участники не явились в заседание после перерыва?","В предоставленных фрагментах **нет в документах** ответа на вопрос о том, **что происходит, если участники не явились в заседание после перерыва**.","Арбитражный процессуальный кодекс Российской Федерации.pdf:page_76, Арбитражный процессуальный кодекс Российской Федерации.pdf:page_78, Арбитражный процессуальный кодекс Российской Федерации.pdf:page_84, Арбитражный процессуальный кодекс Российской Федерации.pdf:page_85, Гражданский процессуальный кодекс Российской Федерации.pdf:page_70, Гражданский процессуальный кодекс Российской Федерации.pdf:page_79, Кодекс административного судопроизводства Российской Федерации.pdf:page_62, Кодекс административного судопроизводства Российской Федерации.pdf:page_87, Кодекс административного судопроизводства Российской Федерации.pdf:page_88, Уголовно-процессуальный кодекс Российской Федерации.pdf:page_147"
Какие элементы включаются в комплексы упражнений подготовительных занятий для инвалидов по ГОСТ МДС 35-7.2000?,"В тексте указано, что **в комплексы упражнений подготовительных занятий включаются специальные элементы для развития определенных групп мышц**, как **с использованием различных тренажеров и снарядов**, так и **без них**.

**Ответ (элементы):**
- специальные элементы для развити�� определенных групп мышц;
- эти элементы применяются **с тренажерами и снарядами**;
- либо **без тренажеров и снарядов**.","Data1_10_10847_index.pdf:page_11, Data1_10_10847_index.pdf:page_2, Data1_10_10847_index.pdf:page_22, Data1_10_10847_index.pdf:page_27, Data1_10_10847_index.pdf:page_3, Data1_10_10847_index.pdf:page_31, Data1_10_10847_index.pdf:page_32, Data1_10_10847_index.pdf:page_4, Data1_10_10847_index.pdf:page_5, Data1_10_10847_index.pdf:page_6"
Какие данные из технического журнала используются для составления дефектных ведомостей по МДС 14-13.2000?,"В предоставленном фрагменте указано, что **«часть этих сведений служит исходными данными при составлении дефектных ведомостей на ремонтные работы»**, но **какие именно сведения/данные из технического журнала** используются для составления дефектных ведомостей, **в тексте не перечислены**.

Ответ: **нет в документах** (конкретный перечень данных из технического журнала для дефектных ведомостей не приведён).","Data1_10_10754_index.pdf:page_28, Data1_10_10754_index.pdf:page_3, Data1_10_10855_index.pdf:page_6, Data1_10_10859_index.pdf:page_8, Data1_10_10861_index.pdf:page_3, Data1_10_10865_index.pdf:page_21, Data1_1_1879_index.pdf:page_1, Data1_1_1879_index.pdf:page_32, Data1_1_1879_index.pdf:page_6, Data1_2_2117_index.pdf:page_1"
Какой телефон указан для бесплатной юридической консультации в регионах РФ?,Для бесплатной юридической консультации в регионах РФ указан телефон **8 (800) 301-92-12**.,"Административный кодекс Российской Федерации.pdf:page_613, Бюджетный кодекс Российской Федерации.pdf:page_49, Бюджетный кодекс Российской Федерации.pdf:page_75, Градостроительный кодекс Российской Федерации.pdf:page_28, Гражданский кодекс Российской Федерации.pdf:page_662, Земельный кодекс Российской Федерации.pdf:page_87, Кодекс административного судопроизводства Российской Федерации.pdf:page_3, Налоговый кодекс Российской Федерации.pdf:page_1260, Налоговый кодекс Российской Федерации.pdf:page_1269, Уголовный кодекс Российской Федерации.pdf:page_276"
"Как учитываются доходы, связанные с операциями РЕПО по ценным бумагам, являющимся объектом операций займа?","Доходы, связанные с операциями РЕПО по ценным бумагам, являющимся объектом операций займа, учитываются **в порядке, установленном статьей 214.3 НК РФ** (указано в пункте 10: «…учитываются в порядке, установленном статьей 214.3 настоящего Кодекса»).","Налоговый кодекс Российской Федерации.pdf:page_1066, Налоговый кодекс Российской Федерации.pdf:page_1069, Налоговый кодекс Российской Федерации.pdf:page_1073, Налоговый кодекс Российской Федерации.pdf:page_769, Налоговый кодекс Российской Федерации.pdf:page_771, Налоговый кодекс Российской Федерации.pdf:page_772, Налоговый кодекс Российской Федерации.pdf:page_773, Налоговый кодекс Российской Федерации.pdf:page_774, Налоговый кодекс Российской Федерации.pdf:page_775, Налоговый кодекс Российской Федерации.pdf:page_781"
Какие цели преследуются при технических осмотрах согласно МДС 14-13.2000?,"В приведённом фрагменте **МДС 14-13.2000** прямо указано следующее:

- **Общая цель технических осмотров**: *освидетельствование состояния здания или сооружения* (или уточнение объемов работ по ремонту).
- **Весенний осмотр**: *после таяния снега* — **освидетельствовать состояние здания/сооружения после зимних воздействий** (после таяния снега или зимних дождей).
- Также отмечено, что при весеннем осмотре уточняются:
  - объемы **текущего ремонта** на летний период;
  - объемы **капитального ремонта** для включения в план следующего года.

Иных целей (помимо весеннего осмотра и общего назначения) в предоставленном фрагменте **нет в явном виде**.","Data1_10_10852_index.pdf:page_35, Data1_10_10861_index.pdf:page_3, Data1_10_10861_index.pdf:page_32, Data1_10_10861_index.pdf:page_34, Data1_10_10861_index.pdf:page_35, Data1_10_10861_index.pdf:page_4, Data1_10_10862_index.pdf:page_1, Data1_1_1879_index.pdf:page_1, Data1_1_1879_index.pdf:page_3, Data1_1_1879_index.pdf:page_4"
Какие индексы указаны в таблице 1 для накладных расходов в строительстве?,"В тексте **Таблицы 1** указаны индексы для структуры капитальных вложений по видам работ, включая **накладные расходы через “прочие затраты”**. Конкретно в строке:

- **Капитальное строительство в целом**:  
  - **Ипз** (индекс “прочие затраты”) — **есть**.

Однако в предоставленном фрагменте **нет отдельного индекса именно для “накладных расходов”** (в смысле “накладные расходы” как отдельная статья), а встречается формулировка про накладные в другом месте текста (например, в примере: “Накладные расходы (18,6%...)”), но **без индекса из Таблицы 1 именно для накладных**.

**Ответ:** в Таблице 1 указан индекс **Ипз** для категории **“прочие затраты”**; отдельного индекса “накладные расходы” в Таблице 1 в тексте **нет в документах**.","Data1_10_10864_index.pdf:page_33, Data1_10_10864_index.pdf:page_34, Data1_2_2075_index.pdf:page_17, Data1_2_2075_index.pdf:page_2, Data1_2_2075_index.pdf:page_6, Data1_2_2080_index.pdf:page_15, Data1_2_2080_index.pdf:page_18, Data1_2_2117_index.pdf:page_10, Data1_2_2117_index.pdf:page_6, Data1_2_2117_index.pdf:page_9"
Кто представляет казначейскую отчетность в Министерство финансов Российской Федерации?,"В предоставленном фрагменте **нет информации** о том, **кто именно представляет казначейскую отчетность в Министерство финансов Российской Федерации**.","Административный кодекс Российской Федерации.pdf:page_315, Бюджетный кодекс Российской Федерации.pdf:page_251, Бюджетный кодекс Российской Федерации.pdf:page_252, Бюджетный кодекс Российской Федерации.pdf:page_256, Бюджетный кодекс Российской Федерации.pdf:page_257, Бюджетный кодекс Российской Федерации.pdf:page_260, Бюджетный кодекс Российской Федерации.pdf:page_265, Бюджетный кодекс Российской Федерации.pdf:page_325, Бюджетный кодекс Российской Федерации.pdf:page_396, Налоговый кодекс Российской Федерации.pdf:page_96"
Какие основные положения описаны в разделе 1.1 ГОСТ МДС 80-3.2000?,"В приведённом фрагменте **нет текста раздела 1.1 ГОСТ МДС 80-3.2000**, поэтому в документах **не указаны** его основные положения.

**Ответ: нет в документах.**","Data1_10_10754_index.pdf:page_3, Data1_10_10863_index.pdf:page_1, Data1_10_10864_index.pdf:page_15, Data1_10_10865_index.pdf:page_15, Data1_10_10865_index.pdf:page_21, Data1_10_10865_index.pdf:page_32, Data1_10_10865_index.pdf:page_44, Data1_10_10866_index.pdf:page_1, Data1_10_10870_index.pdf:page_1, Data1_10_10871_index.pdf:page_1"
Какие данные используются при определении затрат на приобретение основного и вспомогательного оборудования?,"В тексте указано, что **оценка сырья и материально-энергетических ресурсов** (в том числе **покупные изделия, образующие основу изготовляемой продукции или являющиеся необходимыми компонентами**, а также топливо, электроэнергия, пар, вода и др.) при пусконаладочных работах производится **в виде ресурсного расчета по форме № 3 приложения 3** с учетом:

- **транспортных, заготовительно-складских расходов** и **услуг посреднических организаций**;
- **цен на материальные ресурсы и сырье по данным поставщиков** на доставку **до приобъектных складов**;
- при отсутствии информации о текущих ценах — **индексов (коэффициентов изменения уровня цен)** к базовой сметной стоимости;
- **расхода ресурсов по данным технико-экономической части проекта**, с учетом **продолжительности пусконаладочных работ** и **программы выпуска продукции** в период комплексного опробования.

Про **затраты на приобретение именно основного и вспомогательного оборудования** в предоставленном фрагменте прямо сказано только частично (через ресурсный подход и “покупные изделия” для ресурсного расчета), а **конкретный перечень данных именно для основного/вспомогательного оборудования** в тексте не раскрыт.

**Ответ (что использовано по имеющемуся тексту):** цены поставщиков на доставку до приобъектных складов (или индексы к базовой стоимости), транспортные/заготовительно-складские/посреднические расходы, а также объемы (расходы) по технико-экономической части проекта с учетом сроков пусконаладки.","Data1_10_10754_index.pdf:page_10, Data1_10_10754_index.pdf:page_5, Data1_10_10848_index.pdf:page_7, Data1_10_10863_index.pdf:page_4, Data1_10_10864_index.pdf:page_12, Data1_10_10864_index.pdf:page_31, Data1_2_2069_index.pdf:page_15, Data1_2_2081_index.pdf:page_7, Data1_2_2116_index.pdf:page_8, Налоговый кодекс Российской Федерации.pdf:page_1464"
Какие особенности определения налоговой базы могут быть установлены?,"В предоставленных фрагментах указаны следующие **особенности определения налоговой базы**:

1) **При уступке денежного требования / переходе требования по закону** (в контексте операций реализации товаров/работ/услуг): налоговая база определяется как **сумма превышения**:
- дохода, полученного первоначальным кредитором при уступке,  
над
- размером денежного требования, права по которому уступлены.  

2) **При уступке новым кредитором** (получившим денежное требование): налоговая база определяется как **сумма превышения**:
- доходов, полученных новым кредитором при последующей уступке или при прекращении обязательства,  
над
- расходами на приобретение указанного требования.

3) **При передаче имущественных прав** (в т.ч. участниками долевого строительства) на жилые дома/помещения, доли, гаражи/машино-места: налоговая база определяется как **разница** между стоимостью передаваемых имущественных прав (фрагмент обрывается, но сам принцип “разница между …” указан).

4) **По таможенной процедуре переработки вне таможенной территории**: налоговая база определяется как **стоимость такой переработки**.

5) **По операциям УСН при переходе с/на иные режимы** (статья 346.25): для организаций с методом начислений на дату перехода предусмотрены правила включения/невключения денежных средств и признания расходов (в тексте явно указано несколько таких правил).

6) **При налогообложении НДФЛ в натуральной форме** (статья 211): налоговая база — **стоимость** полученных товаров/работ/услуг/имущества, исчисленная по ценам, с особенностями включения НДС/акцизов и исключения частичной оплаты.

7) **По налогу на имущество организаций** (статья 376): налоговая база определяется **отдельно по каждому объекту** недвижимого имущества (и по имуществу Единой системы газоснабжения). Если объект расположен на территориях разных субъектов/федеральной территории — база определяется отдельно в соответствующих субъектах **пропорционально доле балансовой стоимости**.

8) **По операциям с ценными бумагами/производными** (фрагмент про налоговую базу по окончании налогового периода; а также упоминаются особенности по операциям РЕПО и займа, а также ИИС — но подробностей в приведённом тексте меньше).

9) **По УСН (глава про ЕСХН/УСН в фрагменте: статья 346.6)**: налоговая база — **доходы минус расходы**; валюта пересчитывается по курсу ЦБ; доходы в натуральной форме учитываются по цене договора с учетом рыночных цен; учет нарастающим итогом; возможность уменьшать на убыток прошлых периодов.

Если нужен ответ строго “какие особенности” в одном виде (например, только про один конкретный налог/статью) — уточните, пожалуйста, какой налог и ситуацию вы рассматриваете.","Налоговый кодекс Российской Федерации.pdf:page_1490, Налоговый кодекс Российской Федерации.pdf:page_1516, Налоговый кодекс Российской Федерации.pdf:page_1572, Налоговый кодекс Российской Федерации.pdf:page_436, Налоговый кодекс Российской Федерации.pdf:page_439, Налоговый кодекс Российской Федерации.pdf:page_744, Налоговый кодекс Российской Федерации.pdf:page_748, Налоговый кодекс Российской Федерации.pdf:page_769, Налоговый кодекс Российской Федерации.pdf:page_777, Налоговый кодекс Российской Федерации.pdf:page_790"
Какие сведения могут запрашивать представители работников у работодателя по вопросам введения технологических изменений?,"В тексте указано, что **представители работников имеют право получать от работодателя информацию** по вопросам, в том числе:

- **«введения технологических изменений, влекущих за собой изменение условий труда работников»**.","Трудовой кодекс Российской Федерации.pdf:page_126, Трудовой кодекс Российской Федерации.pdf:page_14, Трудовой кодекс Российской Федерации.pdf:page_18, Трудовой кодекс Российской Федерации.pdf:page_36, Трудовой кодекс Российской Федерации.pdf:page_47, Трудовой кодекс Российской Федерации.pdf:page_48, Трудовой кодекс Российской Федерации.pdf:page_50, Трудовой кодекс Российской Федерации.pdf:page_61, Трудовой кодекс Российской Федерации.pdf:page_64, Трудовой кодекс Российской Федерации.pdf:page_95"
Что означает пункт 11 в перечне операций с подакцизными товарами?,"В предоставленном фрагменте **нет сведений о том, что именно означает “пункт 11” в перечне операций с подакцизными товарами**.

Единственное упоминание — в формулировке про **“извещение об освобождении от уплаты авансового платежа акциза”**: говорится о пункте 11 статьи 204 НК РФ (“…извещения об освобождении от уплаты авансового платежа акциза при представлении … банковской гарантии” — далее по тексту).  

Но **сам смысл “пункта 11” из перечня операций** в ваших выдержках **не раскрыт**.

**Ответ: нет в документах**.","Налоговый кодекс Российской Федерации.pdf:page_593, Налоговый кодекс Российской Федерации.pdf:page_594, Налоговый кодекс Российской Федерации.pdf:page_599, Налоговый кодекс Российской Федерации.pdf:page_600, Налоговый кодекс Российской Федерации.pdf:page_618, Налоговый кодекс Российской Федерации.pdf:page_635, Налоговый кодекс Российской Федерации.pdf:page_646, Налоговый кодекс Российской Федерации.pdf:page_648, Налоговый кодекс Российской Федерации.pdf:page_665, Таможенный кодекс Евразийского экономического союза.pdf:page_244"
Как проводятся общественные обсуждения или публичные слушания по проекту решения о предоставлении разрешения на условно разрешенный вид использования земельного участка?,"Общественные обсуждения или публичные слушания по проекту решения о предоставлении разрешения на условно разрешенный вид использования проводятся в порядке, установленном **статьей 5.1 ГрК РФ**, **с учетом положений статьи 39**.

Из предоставленного фрагмента также следует, что процедура включает (в части ст. 5.1):
- **оповещение о начале** общественных обсуждений;
- **размещение проекта и информационных материалов** на официальном сайте уполномоченного органа местного самоуправления в информационно-телекоммуникационной сети;
- рассмотрение предложений и замечаний участников (они подлежат **регистрации** и **обязательному рассмотрению** организатором, кроме случаев, прямо предусмотренных нормой);
- участники представляют **сведения о себе** (и для идентификации — подтверждающие документы; для юрлиц — предусмотренные данные).

Также в фрагменте указано, что **срок** проведения общественных обсуждений/публичных слушаний со дня оповещения жителей до опубликования заключения определяется уставом муниципального образования и (или) нормативным актом представительного органа, и **не может быть менее одного месяца и более трех месяцев**.","Градостроительный кодекс Российской Федерации.pdf:page_10, Градостроительный кодекс Российской Федерации.pdf:page_108, Градостроительный кодекс Российской Федерации.pdf:page_11, Градостроительный кодекс Российской Федерации.pdf:page_111, Градостроительный кодекс Российской Федерации.pdf:page_12, Градостроительный кодекс Российской Федерации.pdf:page_16, Градостроительный кодекс Российской Федерации.pdf:page_70, Градостроительный кодекс Российской Федерации.pdf:page_9, Градостроительный кодекс Российской Федерации.pdf:page_91, Градостроительный кодекс Российской Федерации.pdf:page_93"
"Какой документ определяет, что отчисления включаются в себестоимость продукции (работ, услуг)?","В тексте указано, что отчисления включаются в себестоимость продукции (работ, услуг) со ссылкой на:

**«Положения о составе затрат по производству продукции (работ, услуг), включаемых в себестоимость продукции (работ, услуг), и о порядке формирования финансовых результатов, учитываемых при налогообложении прибыли», утвержденного постановлением Правительства Российской Федерации от 05.08.92 № 552.**","Data1_2_2070_index.pdf:page_23, Data1_2_2070_index.pdf:page_31, Data1_2_2070_index.pdf:page_32, Data1_2_2070_index.pdf:page_33, Data1_2_2070_index.pdf:page_36, Data1_2_2070_index.pdf:page_6, Data1_2_2070_index.pdf:page_7, Налоговый кодекс Российской Федерации.pdf:page_433, Налоговый кодекс Российской Федерации.pdf:page_438, Налоговый кодекс Российской Федерации.pdf:page_936"
Что происходит с сроком действия трудового договора при переводе на должность научного работника в результате избрания по конкурсу?,"В тексте указано следующее:  

- «При избрании работника по конкурсу на замещение ранее занимаемой им по срочному трудовому договору должности научного работника новый трудовой договор может не заключаться. В этом случае действие срочного трудового договора … продлевается … на определенный срок не более пяти лет или на неопределенный срок».  
- «При переводе на должность научного работника в результате избрания по конкурсу на соответствующую должность срок действия трудового договора с работником может быть изменен по соглашению сторон, заключаемому в письменной форме, в соответствии с условиями проведения конкурса на определенный срок не более пяти лет или на неопределенный…» (дальше в фрагменте обрывается).

Итого: срок может **продлеваться без заключения нового договора** либо **изменяться по письменному соглашению сторон** — **на срок до 5 лет** или **на неопределенный срок** (в зависимости от условий конкурса).","Data1_10_10872_index.pdf:page_8, Data1_10_10872_index.pdf:page_9, Трудовой кодекс Российской Федерации.pdf:page_100, Трудовой кодекс Российской Федерации.pdf:page_195, Трудовой кодекс Российской Федерации.pdf:page_196, Трудовой кодекс Российской Федерации.pdf:page_30, Трудовой кодекс Российской Федерации.pdf:page_49, Трудовой кодекс Российской Федерации.pdf:page_50, Трудовой кодекс Российской Федерации.pdf:page_51, Трудовой кодекс Российской Федерации.pdf:page_9"
"Какие условия содержания предусмотрены для осужденных к смертной казни, в отношении которых приговор суда вступил в законную силу, но вопрос о помиловании не решен?","В предоставленном фрагменте сказано:

- **Основанием для исполнения наказания в виде смертной казни** являются вступивший в законную силу приговор суда **и** решение Президента РФ об отклонении ходатайства о помиловании либо решение о неприменении помилования к осужденному, отказавшемуся обращаться с ходатайством (см. фрагмент после “3. … до принятия решения Президентом Российской Федерации.”).
- Также указано, что **после вступления приговора в законную силу** осужденный к смертной казни имеет право обратиться с ходатайством о помиловании.

Однако **конкретных условий содержания на период, пока приговор вступил в силу, но вопрос о помиловании не решен** (например, режим/условия в этот промежуток) в приведенном тексте **нет**.

**Ответ: нет в документах.**","Уголовно-исполнительный кодекс Российской Федерации.pdf:page_101, Уголовно-исполнительный кодекс Российской Федерации.pdf:page_2, Уголовно-исполнительный кодекс Российской Федерации.pdf:page_46, Уголовно-исполнительный кодекс Российской Федерации.pdf:page_55, Уголовно-исполнительный кодекс Российской Федерации.pdf:page_73, Уголовно-исполнительный кодекс Российской Федерации.pdf:page_89, Уголовный кодекс Российской Федерации.pdf:page_18, Уголовный кодекс Российской Федерации.pdf:page_23, Уголовный кодекс Российской Федерации.pdf:page_26, Уголовный кодекс Российской Федерации.pdf:page_37"
Какова средняя площадь квартир в 24-квартирном индивидуальном проекте повторного применения?,В предоставленных документах **нет сведений** о «24-квартирном индивидуальном проекте повторного применения» и **нет его средней площади квартир**.,"Data1_10_10849_index.pdf:page_6, Data1_10_10861_index.pdf:page_39, Data1_1_1879_index.pdf:page_14, Data1_1_1879_index.pdf:page_15, Data1_2_2080_index.pdf:page_10, Data1_2_2080_index.pdf:page_11, Data1_2_2080_index.pdf:page_15, Data1_2_2080_index.pdf:page_17, Data1_2_2080_index.pdf:page_18, Data1_2_2080_index.pdf:page_27"
"Какие административные правонарушения может рассматривать федеральный орган исполнительной власти, осуществляющий функции по контролю и надзору в финансово-бюджетной сфере, согласно статье 23.7?","Согласно **статье 23.7 КоАП РФ**, федеральный орган исполнительной власти, осуществляющий функции по контролю и надзору в финансово-бюджетной сфере, рассматривает дела об административных правонарушениях, предусмотренных:

- **ст. 7.29.3**;
- **ч. 8–10 ст. 7.32**;
- **ст. 7.32.6**;
- **ст. 15.1**;
- **ст. 15.14 – 15.15.16**;
- **ч. 20 ст. 19.5**;
- **ч. 1 ст. 19.7.2** —  
**в пределах своих полномочий.**","Административный кодекс Российской Федерации.pdf:page_453, Административный кодекс Российской Федерации.pdf:page_463, Административный кодекс Российской Федерации.pdf:page_470, Административный кодекс Российской Федерации.pdf:page_494, Административный кодекс Российской Федерации.pdf:page_500, Административный кодекс Российской Федерации.pdf:page_501, Административный кодекс Российской Федерации.pdf:page_506, Административный кодекс Российской Федерации.pdf:page_551, Административный кодекс Российской Федерации.pdf:page_557, Административный кодекс Российской Федерации.pdf:page_558"
"Какие требования предъявляет ГОСТ МДС 17-13.2000 к утеплению трубопроводов, наличию или неисправности освещения продухов?","В приведённом тексте указано:

- **Отсутствие утепления трубопроводов** относится к выявляемым нарушениям.  
  Также прямо сказано: **«Провеcти утепление трубопроводов инженерных коммуникаций на расчетную наружную температуру»** (в перечне условий/требований для предотвращения промерзаний и нарушений режима).

- По **освещению продухов** указано как признак нарушения:  
  **«Отсутствие или неисправность освещение продухов»**.

Иных формулировок именно в терминах *«требования ГОСТ/МДС к утеплению»* и *«к освещению продухов»* в предоставленном фрагменте нет.  
**Ответ по ГОСТ МДС 17-13.2000 в документе: частично содержится только вышеуказанное.**","Data1_10_10852_index.pdf:page_30, Data1_10_10852_index.pdf:page_31, Data1_10_10852_index.pdf:page_35, Data1_10_10852_index.pdf:page_37, Data1_10_10852_index.pdf:page_38, Data1_10_10852_index.pdf:page_39, Data1_10_10861_index.pdf:page_10, Data1_10_10861_index.pdf:page_24, Data1_10_10861_index.pdf:page_41, Data1_10_10861_index.pdf:page_5"
Что такое совокупность преступлений согласно статье 17 Уголовного кодекса РФ?,"В предоставленных документах **нет ответа именно про “совокупность преступлений” по статье 17 УК РФ**.

Зато в тексте есть **полный фрагмент “Статья 17. Совокупность преступлений”**, где указано, что:

- **совокупностью преступлений признается совершение двух или более преступлений**, ни за одно из которых лицо **не было осуждено**, *если* совершение нескольких преступлений **не предусмотрено** статьями Особенной части УК РФ как обстоятельство, влекущее более строгое наказание;  
- при совокупности лицо несет ответственность **за каждое преступление по соответствующей статье или части**;
- совокупностью также признается **одно действие (бездействие)**, содержащее признаки **преступлений, предусмотренных двумя или более статьями**;
- далее в тексте фрагмент начинается на “Если прест…”, но он **обрывается**, поэтому продолжение положения прочитать нельзя.","Уголовно-процессуальный кодекс Российской Федерации.pdf:page_106, Уголовно-процессуальный кодекс Российской Федерации.pdf:page_11, Уголовно-процессуальный кодекс Российской Федерации.pdf:page_2, Уголовно-процессуальный кодекс Российской Федерации.pdf:page_21, Уголовно-процессуальный кодекс Российской Федерации.pdf:page_3, Уголовно-процессуальный кодекс Российской Федерации.pdf:page_5, Уголовный кодекс Российской Федерации.pdf:page_25, Уголовный кодекс Российской Федерации.pdf:page_3, Уголовный кодекс Российской Федерации.pdf:page_4, Уголовный кодекс Российской Федерации.pdf:page_8"
Какое значение коэффициента принимается до начала применения налоговой ставки налога на прибыль организаций?,"В предоставленных фрагментах **нет информации**, какое значение коэффициента принимается **до начала применения налоговой ставки налога на прибыль организаций**.","Налоговый кодекс Российской Федерации.pdf:page_1078, Налоговый кодекс Российской Федерации.pdf:page_1373, Налоговый кодекс Российской Федерации.pdf:page_1405, Налоговый кодекс Российской Федерации.pdf:page_1407, Налоговый кодекс Российской Федерации.pdf:page_1435, Налоговый кодекс Российской Федерации.pdf:page_1442, Налоговый кодекс Российской Федерации.pdf:page_1524, Налоговый кодекс Российской Федерации.pdf:page_438, Налоговый кодекс Российской Федерации.pdf:page_670, Налоговый кодекс Российской Федерации.pdf:page_71"
Какие коэффициенты разрабатываются для учета изменений условий производства работ согласно ГОСТ МДС 81-10.2000?,"В приведенном фрагменте указано, что **коэффициенты разрабатываются для учета изменений условий производства монтажных работ по сравнению с предусмотренными в единичных расценках** (содержатся в технических частях/вводных указаниях сборников ФЕРм):

- в тексте сказано: **«…коэффициенты к единичным расценкам, учитывающие изменения условий производства монтажных работ по сравнению с предусмотренными в единичных расценках сборников ФЕРм»**.

При этом **конкретно по ГОСТ/МДС 81-10.2000 в фрагменте перечисление самих коэффициентов отсутствует**, но приведены примеры коэффициентов из таблиц (например, условия стесненности, температура >40°С и т.д.).

Итого по вашему вопросу (согласно тексту): разрабатываются **коэффициенты к единичным расценкам**, учитывающие **изменения условий производства работ** по сравнению с предусмотренными нормами. Конкретный список коэффициентов именно «согласно ГОСТ МДС 81-10.2000» в данном фрагменте не дан.","Data1_10_10062_index.pdf:page_5, Data1_10_10062_index.pdf:page_7, Data1_10_10754_index.pdf:page_21, Data1_10_10754_index.pdf:page_22, Data1_10_10754_index.pdf:page_3, Data1_10_10754_index.pdf:page_4, Data1_10_10864_index.pdf:page_19, Data1_10_10864_index.pdf:page_20, Data1_10_10864_index.pdf:page_33, Data1_10_10864_index.pdf:page_34"
Как рассчитываются индексы цен на строительно-монтажные работы согласно ГОСТу?,"В предоставленном фрагменте **нет сведений о том, что “по ГОСТу” рассчитываются индексы цен на строительно‑монтажные работы**.

Из текста МДС 81-14.2000 следует, что индексы изменения стоимости (цен, затрат) в строительстве **рассчитываются как отношение текущих (прогнозных) стоимостных показателей к базисным стоимостным показателям** на сопоставимые ресурсы/наборы ресурсов/ресурсно‑технологические модели (или их калькуляционные составляющие). Формулировка:

- **Индексы выражаются в безразмерных величинах**, как правило, **не более чем с двумя значащими цифрами после запятой**.
- В методических рекомендациях указаны **три основных варианта расчета индексов** (в фрагменте видны только начала пункта 1 и 2):
  1) по объектам‑представителям или по конкретным объектам в целом;  
  2) по (в тексте обрывается начало пункта 2);  
  также упоминается система текущих и прогнозных индексов, дифференцированная по элементам технологической структуры капитальных вложений и по уровням укрупнения строительной продукции.

Также сказано, что индексы могут использоваться для определения стоимости строительства на разных стадиях и при расчетах между заказчиком и подрядчиком.

**Ответ на вопрос “согласно ГОСТу”**: в документах, которые вы дали, **нет в явном виде** норм “согласно ГОСТу” (и нет текста про ГОСТ как основание методики расчета).  

➡️ **В документах: нет в документах.**","Data1_10_10754_index.pdf:page_3, Data1_10_10864_index.pdf:page_12, Data1_10_10864_index.pdf:page_4, Data1_2_2075_index.pdf:page_17, Data1_2_2075_index.pdf:page_2, Data1_2_2081_index.pdf:page_8, Data1_2_2117_index.pdf:page_1, Data1_2_2117_index.pdf:page_10, Data1_2_2117_index.pdf:page_6, Data1_2_2117_index.pdf:page_7"
Какая стоимостная оценка в базисном уровне (на 01.01.91) указана для электроконструкций в ГОСТ?,"В тексте указана стоимостная оценка для **электроконструкций** в базисном уровне (на 01.01.91):

- **15.03.02 «Электроконструкции»**: **на единицу объема — 4,420 руб.**, **на объем — 2155 тыс. руб.** (и в другом фрагменте также приведено: **на единицу — 14,2 руб.**, **на объем — 4571 тыс. руб.** для Ленинградской обл.).","Data1_2_2079_index.pdf:page_16, Data1_2_2079_index.pdf:page_17, Data1_2_2080_index.pdf:page_14, Data1_2_2080_index.pdf:page_15, Data1_2_2080_index.pdf:page_19, Data1_2_2080_index.pdf:page_25, Data1_2_2080_index.pdf:page_27, Data1_2_2080_index.pdf:page_28, Data1_2_2080_index.pdf:page_29, Data1_2_2080_index.pdf:page_30"
Какие доказательства могут быть исследованы при рассмотрении материалов налоговой проверки?,"При рассмотрении материалов налоговой проверки могут быть исследованы **письменные и вещественные доказательства**, а также **заключение эксперта** и **пояснения специалиста в письменной форме** (а также, при необходимости, вызываются **свидетель, эксперт, специалист**).","Административный кодекс Российской Федерации.pdf:page_518, Гражданский процессуальный кодекс Российской Федерации.pdf:page_25, Гражданский процессуальный кодекс Российской Федерации.pdf:page_30, Кодекс административного судопроизводства Российской Федерации.pdf:page_44, Кодекс административного судопроизводства Российской Федерации.pdf:page_45, Налоговый кодекс Российской Федерации.pdf:page_242, Налоговый кодекс Российской Федерации.pdf:page_249, Налоговый кодекс Российской Федерации.pdf:page_264, Налоговый кодекс Российской Федерации.pdf:page_265, Уголовно-процессуальный кодекс Российской Федерации.pdf:page_63"
Какое решение о разработке проектной документации в сокращенном объеме должно быть включено в задание?,"В предоставленных фрагментах **прямого текста о “решении о разработке проектной документации в сокращенном объеме”** нет.  

Есть только упоминание в общем виде:  
- **«необходимость разработки вариантов проекта в целом или отдельных разделов»** (в перечне требований, которые должны быть отражены в задании).  

Но формулировки именно про **сокращенный объем** разработки проектной документации — **нет**.

**Ответ: нет в документах.**","Data1_10_10858_index.pdf:page_12, Data1_10_10858_index.pdf:page_3, Data1_10_10858_index.pdf:page_6, Data1_10_10858_index.pdf:page_9, Data1_10_10859_index.pdf:page_6, Data1_10_10865_index.pdf:page_40, Data1_11_11285_index.pdf:page_78, Data1_1_1904_index.pdf:page_29, Data1_1_1904_index.pdf:page_3, Data1_1_1904_index.pdf:page_30"
Какие меры предпринимаются в случае повреждения каналов связи?,В приведённом фрагменте **нет информации** о мерах при повреждении каналов связи.,"Data1_10_10852_index.pdf:page_15, Data1_10_10852_index.pdf:page_27, Data1_10_10861_index.pdf:page_29, Data1_10_10861_index.pdf:page_32, Data1_10_10861_index.pdf:page_34, Data1_10_10871_index.pdf:page_14, Data1_10_10871_index.pdf:page_15, Data1_1_1879_index.pdf:page_20, Data1_1_1879_index.pdf:page_29, Административный кодекс Российской Федерации.pdf:page_233"
Какой индекс изменения стоимости СМР был в Брянской области в IV кв. 1992 г. по сравнению с базисным уровнем на 01.01.91 согласно МДС 81-9.2000?,"В приведённых фрагментах есть строка для **Брянской области** в таблице:

- **Изменение стоимости СМР (гр. 3 к гр. 2), IV кв. 1992 г.**  
  Для **Брянской области** индекс = **1,51**.

Ответ: **1,51**.","Data1_2_2075_index.pdf:page_12, Data1_2_2075_index.pdf:page_15, Data1_2_2080_index.pdf:page_15, Data1_2_2080_index.pdf:page_19, Data1_2_2080_index.pdf:page_25, Data1_2_2080_index.pdf:page_26, Data1_2_2080_index.pdf:page_27, Data1_2_2080_index.pdf:page_28, Data1_2_2080_index.pdf:page_29, Data1_2_2080_index.pdf:page_30"
Какова стоимость строительных работ в II квартале 1993 года в текущем уровне цен?,"В тексте указано для **II квартала 1993 г.**:

- **Строительные работы**: в базисном уровне **Сср2 = 90000**, индекс **Иср2 = 130**, и отношение **Сср2 : Иср2 = 692**.  
- Следовательно, **стоимость строительных работ в текущем уровне цен** в таблице соответствует величине **Сср2 : Иср2 = 692** (в тех же единицах, что и в графе “Стоимость в сопоставимом уровне цен”).  

Иных явных значений именно в “текущем уровне цен” для строительных работ II квартала в приведённом фрагменте нет.","Data1_2_2075_index.pdf:page_12, Data1_2_2075_index.pdf:page_15, Data1_2_2075_index.pdf:page_6, Data1_2_2075_index.pdf:page_9, Data1_2_2076_index.pdf:page_14, Data1_2_2080_index.pdf:page_17, Data1_2_2080_index.pdf:page_18, Data1_2_2080_index.pdf:page_19, Data1_2_2117_index.pdf:page_10, Data1_2_2117_index.pdf:page_6"
Какие ГОСТы или СНиПы регулируют проектирование площадок для волейбола?,"В приведённых документах прямо про **проектирование площадок для волейбола** отдельных норм **не указано**.

Из общего перечня нормативных документов, которые могут относиться к проектированию спортивных площадок и их требованиям (по смыслу раздела про здания/сооружения и условия эксплуатации), в тексте перечислены:

- **СНиП 2.08.02-89\*** «Общественные здания и сооружения»
- **СНиП 23-05-95** «Естественное и искусственное освещение»
- **СНиП 21-01-97\*** «Пожарная безопасность зданий и сооружений»
- **СНиП 23-01-99** «Строительная климатология»
- **СНиП II-3-79\*** (изд. 1998 г.) «Строительная теплотехника»
- **ГОСТ 25621-83** (материалы/герметизирующие и уплотняющие, общие требования)
- Также перечислены нормы по конструкциям/материалам (для конкретных элементов), но они не привязаны к площадкам волейбола.

**Вывод по вопросу:** в тексте **нет документов, которые прямо регулируют проектирование именно площадок для волейбола**.","Data1_10_10846_index.pdf:page_21, Data1_10_10846_index.pdf:page_3, Data1_10_10846_index.pdf:page_5, Data1_10_10847_index.pdf:page_12, Data1_10_10847_index.pdf:page_17, Data1_10_10847_index.pdf:page_7, Data1_10_10847_index.pdf:page_8, Data1_10_10859_index.pdf:page_8, Data1_11_11835_index.pdf:page_5, Data1_2_2073_index.pdf:page_1"
Каким образом крепятся элементы светопропускающего заполнения к опорным конструкциям согласно ГОСТ МДС 31-8.2002?,"Элементы светопропускающего заполнения (стеклопакеты, панели из поликарбоната) **крепятся с помощью нащельников**, которые **закрепляются к опорным конструкциям шурупами или самонарезающими винтами**.  

(Это следует из фрагмента: «Крепление элементов светопропускающего заполнения… производится с помощью нащельников, закрепляемых к опорным конструкциям шурупами или самонарезающими винтами.»)","Data1_10_10846_index.pdf:page_10, Data1_10_10846_index.pdf:page_14, Data1_10_10846_index.pdf:page_17, Data1_10_10846_index.pdf:page_18, Data1_10_10846_index.pdf:page_6, Data1_10_10846_index.pdf:page_8, Data1_10_10846_index.pdf:page_9, Data1_10_10865_index.pdf:page_38, Data1_10_10865_index.pdf:page_39, Data1_11_11285_index.pdf:page_50"
"Какой период просрочки исполнения обязательства, обеспеченного залогом, считается допустимым?","В документах указано, что **период просрочки исполнения обязательства, обеспеченного залогом, составляет “менее чем три месяца”** (это прямо указано в фрагменте: «период просрочки… составляет менее чем три месяца»).","Гражданский кодекс Российской Федерации.pdf:page_124, Гражданский кодекс Российской Федерации.pdf:page_126, Гражданский кодекс Российской Федерации.pdf:page_167, Гражданский кодекс Российской Федерации.pdf:page_176, Гражданский кодекс Российской Федерации.pdf:page_184, Гражданский кодекс Российской Федерации.pdf:page_186, Гражданский кодекс Российской Федерации.pdf:page_187, Гражданский кодекс Российской Федерации.pdf:page_193, Налоговый кодекс Российской Федерации.pdf:page_169, Уголовно-процессуальный кодекс Российской Федерации.pdf:page_73"
"Что происходит с затонувшим имуществом, если владелец отказывается от своих прав?","В приведённых фрагментах прямо указано следующее:  

- **Отношения с затонувшим имуществом зависят от закона государства, где оно затонуло** (ст. 417 КТМ РФ: для внутренних вод/территориального моря — закон государства места затопления; для открытого моря — закон государства флага судна).  
- **Про “отказ владельца от своих прав” именно для затонувшего имущества в тексте не раскрыто.** В документах есть общая норма об отказе от права собственности на имущество (ст. 236 ГК РФ), но **конкретно, что происходит с затонувшим имуществом при отказе владельца**, в данных фрагментах не указано.

**Ответ:** нет в документах.","Гражданский кодекс Российской Федерации.pdf:page_134, Гражданский кодекс Российской Федерации.pdf:page_137, Гражданский кодекс Российской Федерации.pdf:page_138, Гражданский кодекс Российской Федерации.pdf:page_139, Гражданский кодекс Российской Федерации.pdf:page_149, Гражданский кодекс Российской Федерации.pdf:page_99, Кодекс внутреннего водного транспорта Российской Федерации.pdf:page_34, Кодекс внутреннего водного транспорта Российской Федерации.pdf:page_36, Кодекс торгового мореплавания Российской Федерации.pdf:page_141, Кодекс торгового мореплавания Российской Федерации.pdf:page_39"
Что такое земли сельскохозяйственного назначения?,"В предоставленном фрагменте указано, что **земли сельскохозяйственного назначения** включают, в частности, виды земель: **пашня, многолетние насаждения, залежь, сенокосы, пастбища**, а также **земли крестьянских (фермерских) хозяйств**.

Другого определения (полного перечня и смысла термина) в данных документах в явном виде нет.","Data1_1_1904_index.pdf:page_33, Гражданский кодекс Российской Федерации.pdf:page_146, Гражданский кодекс Российской Федерации.pdf:page_147, Земельный кодекс Российской Федерации.pdf:page_0, Земельный кодекс Российской Федерации.pdf:page_164, Земельный кодекс Российской Федерации.pdf:page_169, Земельный кодекс Российской Федерации.pdf:page_170, Земельный кодекс Российской Федерации.pdf:page_3, Лесной кодекс Российской Федерации.pdf:page_19, Налоговый кодекс Российской Федерации.pdf:page_1475"
Какой способ выполнения работ по капитальному ремонту рекомендует ГОСТ МДС 14-13.2000?,"В приведённом фрагменте **нет информации** о том, какой именно способ выполнения работ по капитальному ремонту рекомендует **ГОСТ МДС 14-13.2000** (в тексте отсутствуют разделы/указания по способу выполнения работ для капитального ремонта).","Data1_10_10846_index.pdf:page_20, Data1_10_10852_index.pdf:page_1, Data1_10_10852_index.pdf:page_15, Data1_1_1879_index.pdf:page_12, Data1_1_1879_index.pdf:page_22, Data1_1_1879_index.pdf:page_26, Data1_1_1879_index.pdf:page_27, Data1_1_1879_index.pdf:page_32, Data1_1_1879_index.pdf:page_34, Data1_1_1879_index.pdf:page_7"
Какие законы Российской Федерации устанавливают состав земель поселений?,"В предоставленных фрагментах нет прямого указания, **какими законами РФ устанавливается состав земель поселений**.  

Есть лишь общий фрагмент: **«С введением в действие законов Российской Федерации, устанавливающих состав земель поселений, они приводятся в соответствие…»**, но сами эти законы в тексте не перечислены. Поэтому:

**Ответ: нет в документах.**","Data1_1_1904_index.pdf:page_15, Градостроительный кодекс Российской Федерации.pdf:page_60, Гражданский кодекс Российской Федерации.pdf:page_147, Земельный кодекс Российской Федерации.pdf:page_0, Земельный кодекс Российской Федерации.pdf:page_170, Земельный кодекс Российской Федерации.pdf:page_172, Земельный кодекс Российской Федерации.pdf:page_174, Земельный кодекс Российской Федерации.pdf:page_26, Земельный кодекс Российской Федерации.pdf:page_3, Земельный кодекс Российской Федерации.pdf:page_97"
"Какие правила применяются к правам на исполнение, созданное в пределах установленных для работника (исполнителя) трудовых обязанностей?","В предоставленных фрагментах **нет правил** о том, какие нормы применяются к правам на исполнение, созданное **в пределах трудовых обязанностей работника (исполнителя)**.  

Ответ: **нет в документах**.","Data1_10_10858_index.pdf:page_9, Гражданский кодекс Российской Федерации.pdf:page_543, Гражданский кодекс Российской Федерации.pdf:page_546, Гражданский кодекс Российской Федерации.pdf:page_547, Гражданский кодекс Российской Федерации.pdf:page_548, Гражданский кодекс Российской Федерации.pdf:page_549, Трудовой кодекс Российской Федерации.pdf:page_108, Трудовой кодекс Российской Федерации.pdf:page_148, Трудовой кодекс Российской Федерации.pdf:page_42, Трудовой кодекс Российской Федерации.pdf:page_9"
Какие элементы должны быть показаны на схеме транспорта для городов с расчетной численностью населения 500 тысяч человек и более согласно ГОСТ МДС 11-7.2000?,"В предоставленном фрагменте текста **нет информации** о том, какие именно элементы должны быть показаны **на схеме транспорта** для городов с расчетной численностью населения **500 тысяч человек и более** согласно **ГОСТ МДС 11-7.2000**.  

Есть только общее перечисление требований к **материалам генерального плана/планам территории** (например, про масштабы и элементы опорного плана/генерального плана), но это **не про “схему транспорта”** и не содержит нужного перечня.","Data1_1_1904_index.pdf:page_13, Data1_1_1904_index.pdf:page_19, ПДД Российской Федерации.pdf:page_25, ПДД Российской Федерации.pdf:page_29, ПДД Российской Федерации.pdf:page_39, ПДД Российской Федерации.pdf:page_52, ПДД Российской Федерации.pdf:page_54, ПДД Российской Федерации.pdf:page_56, ПДД Российской Федерации.pdf:page_60, ПДД Российской Федерации.pdf:page_61"
Какие коэффициенты применяются при демонтаже сборных деревянных конструкций?,"При демонтаже сборных деревянных конструкций применяется понижающий коэффициент **0,8** к нормам затрат труда рабочих-строителей, машинистов и нормам времени эксплуатации машин (материальные ресурсы не учитываются).","Data1_10_10062_index.pdf:page_5, Data1_10_10062_index.pdf:page_7, Data1_10_10754_index.pdf:page_11, Data1_10_10754_index.pdf:page_21, Data1_10_10754_index.pdf:page_22, Data1_10_10754_index.pdf:page_4, Data1_10_10864_index.pdf:page_34, Data1_11_11285_index.pdf:page_18, Data1_1_1879_index.pdf:page_26, Data1_1_1879_index.pdf:page_27"
Какие технические характеристики и допуски для метода створных наблюдений приведены в СНиП 3.01.03-84?,"В приведённом фрагменте **нет** прямого указания, что именно в **СНиП 3.01.03-84** сказано про **метод створных наблюдений** (а также нет таблиц/норм именно по этому методу, привязанных к названию СНиП 3.01.03-84).

Частичный релевантный материал в тексте есть, но он не идентифицирован как требования именно СНиП 3.01.03-84 и относится к общим измерительным допускам при наблюдениях деформаций/отклонений от створа (например, по пунктам про отсчёты микрометром и про измерение отклонения марки от створа), включая фрагмент таблицы по малым углам:

- **Расхождения результатов отдельных приемов**: не более **1 мм**.  
- **Отсчет положения подвижной визирной цели по микрометру теодолита**: не менее **трёх раз**, расхождения в отсчетах не более **0,3 мм**.  
- Для определения отклонения деформационной марки от створа требуется измерять расстояния от пункта стояния инструмента до марки.  
- **Допускаемая средняя квадратическая погрешность измерения угла (с)** и **число приемов** для теодолита с микрометром/окулярным микрометром (фрагмент таблицы):
  - **100 м и менее**: погрешность **2 с**, число приемов **3** (для микрометра) и **2** (для окулярного) — как в показанной строке.
  - **200 м**: погрешность **1 с**, число приемов **6** и **4**.
  - **600–1000 м**: погрешность **0,5 с**, число приемов **12** и **6**.

Но поскольку в вашем фрагменте **нет текста СНиП 3.01.03-84 именно по “методу створных наблюдений”**, корректно ответить в требуемом виде (что именно приведено в СНиП 3.01.03-84) **невозможно**.

**Ответ: нет в документах (в предоставленном тексте).**  
*(Есть частичные численные допуски по измерению отклонений “от створа”, но они не подтверждены как нормы именно СНиП 3.01.03-84 из-за отсутствия нужного фрагмента.)*","Data1_10_10846_index.pdf:page_13, Data1_10_10849_index.pdf:page_11, Data1_10_10864_index.pdf:page_14, Data1_10_10865_index.pdf:page_39, Data1_11_11285_index.pdf:page_4, Data1_11_11285_index.pdf:page_50, Data1_11_11285_index.pdf:page_73, Data1_11_11285_index.pdf:page_74, Data1_11_11293_index.pdf:page_1, Data1_2_2079_index.pdf:page_12"
"Что означает, что решение суда первой инстанции может быть изменено или отменено, если нарушение привело или могло привести к принятию неправильного решения?","В тексте указано, что **нарушение или неправильное применение норм процессуального права является основанием для изменения или отмены решения суда первой инстанции**, **если это нарушение**:

- **привело** к принятию неправильного решения, **или**
- **могло привести** к принятию неправильного решения.

То есть важно не только фактически ошибочное решение, но и то, что нарушение могло повлиять на исход дела.","Арбитражный процессуальный кодекс Российской Федерации.pdf:page_179, Арбитражный процессуальный кодекс Российской Федерации.pdf:page_188, Гражданский процессуальный кодекс Российской Федерации.pdf:page_132, Гражданский процессуальный кодекс Российской Федерации.pdf:page_141, Гражданский процессуальный кодекс Российской Федерации.pdf:page_85, Кодекс административного судопроизводства Российской Федерации.pdf:page_199, Кодекс административного судопроизводства Российской Федерации.pdf:page_200, Уголовно-процессуальный кодекс Российской Федерации.pdf:page_232, Уголовно-процессуальный кодекс Российской Федерации.pdf:page_235, Уголовно-процессуальный кодекс Российской Федерации.pdf:page_255"
"Допускается ли укрупнение номенклатуры при составлении сводного расчета затрат российских организаций в смешанных ценах, согласно ГОСТ МДС 81-21.2000?","Да, допускается.

В тексте прямо указано: **«Допускается укрупнение указанной номенклатуры.»** (перед разделом 3.2).","Data1_2_2069_index.pdf:page_10, Data1_2_2069_index.pdf:page_13, Data1_2_2069_index.pdf:page_7, Data1_2_2079_index.pdf:page_1, Data1_2_2082_index.pdf:page_13, Data1_2_2082_index.pdf:page_15, Data1_2_2082_index.pdf:page_16, Data1_2_2082_index.pdf:page_2, Data1_2_2082_index.pdf:page_22, Data1_2_2117_index.pdf:page_1"
Могут ли органы государственной власти субъектов РФ устанавливать более высокие размеры районных коэффициентов?,"В предоставленных фрагментах прямо указано лишь следующее: **при пусконаладочных работах районные или льготные коэффициенты применяются в размерах, установленных действующим законодательством** (п. 2.1).  

Отдельного положения о том, что **органы государственной власти субъектов РФ могут устанавливать более высокие размеры районных коэффициентов**, в приведённых фрагментах **нет**.  

**Ответ: нет в документах.**","Data1_10_10864_index.pdf:page_33, Бюджетный кодекс Российской Федерации.pdf:page_58, Бюджетный кодекс Российской Федерации.pdf:page_88, Градостроительный кодекс Российской Федерации.pdf:page_29, Градостроительный кодекс Российской Федерации.pdf:page_41, Жилищный кодекс Российской Федерации.pdf:page_126, Налоговый кодекс Российской Федерации.pdf:page_1446, Налоговый кодекс Российской Федерации.pdf:page_2, Трудовой кодекс Российской Федерации.pdf:page_216, Трудовой кодекс Российской Федерации.pdf:page_4"
"Когда не признается реализацией товаров, работ или услуг?","В тексте указано, что **не признаются реализацией товаров, работ или услуг** случаи, перечисленные в **п. 3 ст. 39 НК РФ**. В приведённом фрагменте названы:

- **операции, связанные с обращением российской или иностранной валюты** (кроме целей нумизматики);
- **передача основных средств, нематериальных активов и (или) иного имущества** организации её правопреемнику(ам) при реорганизации;
- **приобретения (ввоза) товаров (работ, услуг)** (в т.ч. основных средств и НМА) **для операций**, местом реализации которых **не признается территория РФ**;
- **приобретения (ввоза) товаров (работ, услуг)** для операций, предусмотренных ст. 149 НК РФ, если **местом реализации не признается территория РФ** (с оговорками про рекламные и маркетинговые услуги);
- **приобретения (ввоза) товаров (работ, услуг)** лицами, **не являющимися налогоплательщиками НДС** либо освобождёнными от обязанностей по исчислению и уплате НДС;
- в фрагменте далее есть начало пункта про приобретения для производства и (или) реализации товаров (работ, услуг), но он обрывается.

Другие подпункты из п. 3 ст. 39 в предоставленном фрагменте не показаны полностью.","Налоговый кодекс Российской Федерации.pdf:page_101, Налоговый кодекс Российской Федерации.pdf:page_1011, Налоговый кодекс Российской Федерации.pdf:page_102, Налоговый кодекс Российской Федерации.pdf:page_104, Налоговый кодекс Российской Федерации.pdf:page_397, Налоговый кодекс Российской Федерации.pdf:page_400, Налоговый кодекс Российской Федерации.pdf:page_431, Налоговый кодекс Российской Федерации.pdf:page_444, Налоговый кодекс Российской Федерации.pdf:page_481, Налоговый кодекс Российской Федерации.pdf:page_503"
Какие требования предъявляются к точности разбивки длин сторон опорного контура и измерению углов и линий согласно СНиП 3.01.03-84?,"Согласно СНиП 3.01.03-84:

- **Точности разбивки длин сторон опорного контура** и **точности измерения углов и линий при выносе его в натуру** должны быть **обусловлены**:
  1) **подъемностью оболочек**;  
  2) **допустимыми отклонениями в плане и по высоте монтажа сборных элементов оболочки**.

Это указано в пункте **3.94**.

- **Разбивка длины стороны опорного контура** (вдоль **направляющих** и **образующих дуг** оболочек) должна выполняться **со средней квадратической погрешностью**, определяемой формулой **(17)** (п. **3.95**), где учитываются допустимые отклонения установки сборных элементов и числа сборных элементов вдоль направляющих и образующих.","Data1_11_11285_index.pdf:page_12, Data1_11_11285_index.pdf:page_16, Data1_11_11285_index.pdf:page_17, Data1_11_11285_index.pdf:page_18, Data1_11_11285_index.pdf:page_19, Data1_11_11285_index.pdf:page_20, Data1_11_11285_index.pdf:page_21, Data1_11_11285_index.pdf:page_23, Data1_11_11285_index.pdf:page_4, Data1_11_11285_index.pdf:page_51"
Какие задачи ставит перед собой руководство проектной организации при формировании антимонопольных воздействий согласно ГОСТ МДС 80-2.2000?,"Согласно разделу **2.3.1** ГОСТ МДС 80-2.2000, основная задача руководства проектной организации при формировании антимонопольных воздействий заключается в том, чтобы **предупреждать, о��раничивать и пресекать действия подразделений (специалистов), занимающих доминирующее положение в проектной организации, которые могут иметь результатом существенное ограничение конкуренции**.","Data1_10_10858_index.pdf:page_23, Data1_10_10858_index.pdf:page_24, Data1_10_10858_index.pdf:page_25, Data1_10_10858_index.pdf:page_4, Data1_10_10858_index.pdf:page_5, Data1_10_10858_index.pdf:page_6, Data1_10_10865_index.pdf:page_32, Data1_10_10865_index.pdf:page_44, Data1_10_10872_index.pdf:page_11, Data1_10_10872_index.pdf:page_5"
Какие лица могут участвовать в судебном заседании через веб-конференцию?,"В тексте указано, что **«лица, участвующие в деле, и другие участники судебного процесса»** могут участвовать в судебном заседании **через систему веб-конференции** (при наличии ходатайства или по инициативе суда и при технической возможности).  

Также отдельно сказано, что участие возможно для **гражданина, его представителя или представителя юридического лица**, участвующих в судебном заседании путем веб-конференции.","Арбитражный процессуальный кодекс Российской Федерации.pdf:page_68, Арбитражный процессуальный кодекс Российской Федерации.pdf:page_79, Гражданский процессуальный кодекс Российской Федерации.pdf:page_28, Гражданский процессуальный кодекс Российской Федерации.pdf:page_68, Гражданский процессуальный кодекс Российской Федерации.pdf:page_69, Кодекс административного судопроизводства Российской Федерации.pdf:page_81, Кодекс административного судопроизводства Российской Федерации.pdf:page_84, Кодекс административного судопроизводства Российской Федерации.pdf:page_86, Кодекс административного судопроизводства Российской Федерации.pdf:page_91, Уголовно-процессуальный кодекс Российской Федерации.pdf:page_230"
В какой форме выдается судебный приказ?,"В тексте указано, что **заявление о выдаче судебного приказа** (и прилагаемые документы) может быть подано **на бумажном носителе или в электронном виде, в том числе в форме электронного документа** (статья 229.3 ГПК РФ).  

Про **форму самого судебного приказа (как документа)** в предоставленном фрагменте **нет в документах**.","Арбитражный процессуальный кодекс Российской Федерации.pdf:page_138, Арбитражный процессуальный кодекс Российской Федерации.pdf:page_213, Гражданский процессуальный кодекс Российской Федерации.pdf:page_46, Гражданский процессуальный кодекс Российской Федерации.pdf:page_47, Гражданский процессуальный кодекс Российской Федерации.pdf:page_49, Гражданский процессуальный кодекс Российской Федерации.pdf:page_85, Кодекс административного судопроизводства Российской Федерации.pdf:page_227, Кодекс административного судопроизводства Российской Федерации.pdf:page_64, Кодекс административного судопроизводства Российской Федерации.pdf:page_66, Уголовно-процессуальный кодекс Российской Федерации.pdf:page_303"
Какие товары приобретают статус товаров Союза после помещения под таможенную процедуру реимпорта?,"Товары, помещенные под таможенную процедуру **реимпорта**, приобретают статус **товаров Союза**.  

Исключение: ранее вывезенные с таможенной территории Союза товары, в отношении которых применялась таможенная процедура **временного положений абзаца второго пункта 3 статьи 235** (в приведённом фрагменте текст обрезан), **сохраняют статус товаров Союза** и **утрачивают этот статус после фактического вывоза** с таможенной территории Союза.  

Также указано, что такие товары рассматриваются как товары Союза при условии представления таможенному органу в месте прибытия декларации, по которой товары были помещены под таможенную процедуру экспорта, с указанием таможенного органа места убытия.","Таможенный кодекс Евразийского экономического союза.pdf:page_146, Таможенный кодекс Евразийского экономического союза.pdf:page_148, Таможенный кодекс Евразийского экономического союза.pdf:page_160, Таможенный кодекс Евразийского экономического союза.pdf:page_163, Таможенный кодекс Евразийского экономического союза.pdf:page_242, Таможенный кодекс Евразийского экономического союза.pdf:page_275, Таможенный кодекс Евразийского экономического союза.pdf:page_279, Таможенный кодекс Евразийского экономического союза.pdf:page_347, Таможенный кодекс Евразийского экономического союза.pdf:page_377, Таможенный кодекс Евразийского экономического союза.pdf:page_387"
Какие действия должен выполнять заказчик-застройщик в части передачи оборудования и материалов в монтаж?,"В предоставленных фрагментах **прямого описания обязанностей заказчика-застройщика именно по передаче оборудования и материалов в монтаж** (в смысле сроков/порядка/условий передачи) **нет**.

Из текста можно лишь выделить частичный общий фрагмент про то, что заказчик-застройщик:
- **своевременно осуществляет платежи за материалы и оборудование**, 
- **принимает меры к сокращению сроков строительства**,
что косвенно связано с обеспечением строительства, но **не раскрывает порядок передачи оборудования и материалов в монтаж**.

**Ответ:** нет в документах.","Data1_10_10858_index.pdf:page_6, Data1_10_10865_index.pdf:page_44, Data1_10_10865_index.pdf:page_8, Data1_1_1804_index.pdf:page_2, Data1_1_1804_index.pdf:page_8, Data1_1_1804_index.pdf:page_9, Data1_2_2116_index.pdf:page_3, Гражданский кодекс Российской Федерации.pdf:page_311, Гражданский кодекс Российской Федерации.pdf:page_312, Гражданский кодекс Российской Федерации.pdf:page_322"
Какие требования предъявляются к монтажу зенитных фонарей со светопропускающими элементами из листового стекла или стеклопакетов без установленных в световом проеме защитных металлических сеток согласно ГОСТ МДС 31-8.2002?,"В представленном фрагменте **ГОСТ МДС 31-8.2002** прямо указано требование к обеспечению безопасности эксплуатации зенитных фонарей со светопропускающими элементами из **листового стекла или стеклопакетов**:

- **под ними должны быть установлены предохранительные сварные сетки** с размерами ячеек **50×50 мм**, изготовленные **по ГОСТ 2715-75\*** из оцинкованной проволоки диаметром **2 мм** (упоминается также, что сетки выполняются отдельными полотнами с обрамлением из гнутых уголков или аналогично).

Следовательно, по этому фрагменту можно сделать вывод, что **монтаж зенитных фонарей при отсутствии защитных металлических сеток в световом проеме (под светопропускающими элементами) не соответствует требованию** документа.

Других требований именно “к монтажу” в ситуации “без установленных сеток” в приведенном тексте **нет**.","Data1_10_10846_index.pdf:page_1, Data1_10_10846_index.pdf:page_10, Data1_10_10846_index.pdf:page_17, Data1_10_10846_index.pdf:page_18, Data1_10_10846_index.pdf:page_2, Data1_10_10846_index.pdf:page_3, Data1_10_10846_index.pdf:page_6, Data1_10_10846_index.pdf:page_7, Data1_10_10846_index.pdf:page_8, Data1_10_10846_index.pdf:page_9"
Что грозит за установку на передней части транспортного средства световых приборов с огнями красного цвета?,За установку на передней части транспортного средства световых приборов с огнями красного цвета предусмотрено **предупреждение или наложение административного штрафа в размере пятисот рублей** (соответствует тексту из фрагмента про нарушение требований к цвету/расположению световых приборов).,"Административный кодекс Российской Федерации.pdf:page_169, Административный кодекс Российской Федерации.pdf:page_176, Административный кодекс Российской Федерации.pdf:page_178, Административный кодекс Российской Федерации.pdf:page_179, Административный кодекс Российской Федерации.pdf:page_195, Административный кодекс Российской Федерации.pdf:page_201, ПДД Российской Федерации.pdf:page_60, Уголовный кодекс Российской Федерации.pdf:page_206, Уголовный кодекс Российской Федерации.pdf:page_210, Уголовный кодекс Российской Федерации.pdf:page_211"
"Какую дополнительную информацию о претенденте следует указывать в форме 'Наименование организации, фирмы, консорциума' согласно ГОСТ МДС 80-5.2000?","В форме **«Наименование организации, фирмы, консорциума»** (указанной в тексте как **Приложение 4** к опроснику) в ГОСТ/МДС МДС 80-5.2000 прямо предусмотрены реквизиты, которые нужно указать о претенденте, а именно:

- **Адрес**
- **Телефон**
- **Телекс**
- **Телефакс**
- **Ответственное лицо**
- **Форма общества**
- **Уставной капитал**
- **Годовой оборот при выполнении строительно-монтажных работ** (в млн. руб.; для инофирм — в валюте) за 1991, 1992, 1993 гг.
- **Обменный курс к рублю на конец года**
- (для головной фирмы и для филиалов/дочерних предприятий — отдельными строками)

Если речь о «дополнительной информации» сверх этих пунктов **именно для этой формы** — в приведенном тексте это не указано.","Data1_10_10859_index.pdf:page_6, Data1_10_10865_index.pdf:page_36, Data1_10_10867_index.pdf:page_1, Data1_10_10867_index.pdf:page_2, Data1_10_10867_index.pdf:page_4, Data1_10_10867_index.pdf:page_5, Data1_10_10867_index.pdf:page_6, Data1_10_10872_index.pdf:page_1, Data1_10_10872_index.pdf:page_8, Data1_10_10872_index.pdf:page_9"
Какие действия предпринимают финансовые органы для установления порядка составления бюджетной отчетности?,"В предоставленных фрагментах есть только общий ответ о том, что **финансовые органы устанавливают порядок составления и ведения сводной бюджетной росписи** (ст. 217), а также порядок бюджетных росписей (ст. 219.1), но **прямой информации о действиях финансовых органов по установлению порядка составления именно бюджетной отчетности — нет**.

**Ответ: нет в документах.**","Административный кодекс Российской Федерации.pdf:page_315, Бюджетный кодекс Российской Федерации.pdf:page_14, Бюджетный кодекс Российской Федерации.pdf:page_251, Бюджетный кодекс Российской Федерации.pdf:page_26, Бюджетный кодекс Российской Федерации.pdf:page_260, Бюджетный кодекс Российской Федерации.pdf:page_311, Бюджетный кодекс Российской Федерации.pdf:page_323, Бюджетный кодекс Российской Федерации.pdf:page_326, Бюджетный кодекс Российской Федерации.pdf:page_378, Бюджетный кодекс Российской Федерации.pdf:page_389"
Какой телефон можно использовать для бесплатной юридической консультации в регионах РФ?,Для бесплатной юридической консультации в регионах РФ можно использовать телефон **8 (800) 301-92-12**.,"Административный кодекс Российской Федерации.pdf:page_583, Административный кодекс Российской Федерации.pdf:page_585, Административный кодекс Российской Федерации.pdf:page_613, Арбитражный процессуальный кодекс Российской Федерации.pdf:page_114, Гражданский кодекс Российской Федерации.pdf:page_662, Кодекс административного судопроизводства Российской Федерации.pdf:page_110, Кодекс административного судопроизводства Российской Федерации.pdf:page_3, Кодекс административного судопроизводства Российской Федерации.pdf:page_47, Трудовой кодекс Российской Федерации.pdf:page_226, Уголовный кодекс Российской Федерации.pdf:page_276"
В каком виде выдается судебный приказ?,"Судебный приказ выдается **в виде судебного акта** (судебный приказ — судебный акт, вынесенный судьей единолично).","Арбитражный процессуальный кодекс Российской Федерации.pdf:page_139, Арбитражный процессуальный кодекс Российской Федерации.pdf:page_213, Гражданский процессуальный кодекс Российской Федерации.pdf:page_46, Гражданский процессуальный кодекс Российской Федерации.pdf:page_47, Гражданский процессуальный кодекс Российской Федерации.pdf:page_49, Гражданский процессуальный кодекс Российской Федерации.pdf:page_5, Кодекс административного судопроизводства Российской Федерации.pdf:page_42, Кодекс административного судопроизводства Российской Федерации.pdf:page_64, Кодекс административного судопроизводства Российской Федерации.pdf:page_66, Уголовно-процессуальный кодекс Российской Федерации.pdf:page_303"
Какие требования к фрагментам бортов ванн согласно ГОСТ МДС 35-7.2000?,"В предоставленном фрагменте текста **есть требование**, относящееся к фрагментам (конструкции) бортов ванн:

- **Борта ванн бассейнов должны позволять инвалиду** самостоятельно **спуститься в воду или выйти на обходную дорожку**.  
  Для этого в мелком конце досуговой ванны может предусматриваться **пологий спуск**.  
- Также указано, что **конструкция бортов должна соответствовать функциональному назначению бассейна**.

Других детальных требований именно к «фрагментам бортов ванн» (кроме этого фрагмента и ссылок на примеры) в тексте **нет**.","Data1_10_10846_index.pdf:page_20, Data1_10_10846_index.pdf:page_5, Data1_10_10847_index.pdf:page_23, Data1_10_10847_index.pdf:page_28, Data1_10_10847_index.pdf:page_29, Data1_10_10847_index.pdf:page_31, Data1_10_10847_index.pdf:page_32, Data1_10_10865_index.pdf:page_16, Data1_2_2079_index.pdf:page_15, Data1_2_2081_index.pdf:page_11"
Что должен делать правообладатель в случае изменения сведений о себе?,"В представленном фрагменте есть норма о том, что при изменении сведений, относящихся к государственной регистрации результата интеллектуальной деятельности или средства индивидуализации, правообладатель несет **риск неблагоприятных последствий**, если **уведомление соответствующего федерального органа исполнительной власти не сделано или представлены недостоверные сведения**.  

Однако в приведенном тексте **не указано**, какие именно действия должен совершить правообладатель (сроки, как именно подать сведения, какой перечень сведений обновлять) — об этом требуется смотреть полный текст статьи/пункт целиком.

**Ответ (частично из текста):** правообладатель должен **уведомить соответствующий федеральный орган исполнительной власти** об изменении сведений о себе и подавать **достоверные** сведения; в противном случае он несет риск неблагоприятных последствий.","Градостроительный кодекс Российской Федерации.pdf:page_155, Градостроительный кодекс Российской Федерации.pdf:page_222, Гражданский кодекс Российской Федерации.pdf:page_395, Гражданский кодекс Российской Федерации.pdf:page_493, Гражданский кодекс Российской Федерации.pdf:page_494, Гражданский кодекс Российской Федерации.pdf:page_506, Гражданский кодекс Российской Федерации.pdf:page_525, Налоговый кодекс Российской Федерации.pdf:page_1307, Таможенный кодекс Евразийского экономического союза.pdf:page_444, Таможенный кодекс Евразийского экономического союза.pdf:page_445"
Какие стадии проектирования указаны для крытых тиров для пуевой стрельбы согласно СНиП?,"Для **крытых тиров для пулевой стрельбы** в приведённом фрагменте **указаны стадии проектирования: П, Р, РП**.

Это следует из строки таблицы, где для соответствующего объекта (в списке “Наименование объекта проектирования”) указаны значения стадий **П / Р / РП**.","Data1_10_10846_index.pdf:page_10, Data1_10_10859_index.pdf:page_6, Data1_11_11295_index.pdf:page_10, Data1_11_11835_index.pdf:page_22, Data1_11_11835_index.pdf:page_23, Data1_11_11835_index.pdf:page_24, Data1_11_11835_index.pdf:page_26, Data1_11_11835_index.pdf:page_30, Data1_11_11835_index.pdf:page_31, Data1_11_11835_index.pdf:page_34"
Как заключаются соглашения для социально-экономического развития поселений?,нет в документах,"Градостроительный кодекс Российской Федерации.pdf:page_104, Градостроительный кодекс Российской Федерации.pdf:page_14, Градостроительный кодекс Российской Федерации.pdf:page_297, Градостроительный кодекс Российской Федерации.pdf:page_298, Градостроительный кодекс Российской Федерации.pdf:page_300, Градостроительный кодекс Российской Федерации.pdf:page_302, Градостроительный кодекс Российской Федерации.pdf:page_305, Градостроительный кодекс Российской Федерации.pdf:page_32, Градостроительный кодекс Российской Федерации.pdf:page_82, Земельный кодекс Российской Федерации.pdf:page_35"
Какие расходы не учитываются при определении налоговой базы клиринговых организаций?,"В предоставленном фрагменте дан ответ по **доходам**, а не по **расходам**: в тексте приведён перечень **доходов клиринговых организаций, которые не учитываются при определении налоговой базы** (например, денежные средства и имущество, полученные в качестве обеспечения обязательств; средства для осуществления расчетов участников клиринга и т.п.).

По вопросу **«какие расходы не учитываются при определении налоговой базы клиринговых организаций»** в показанных документах информации нет.

**Ответ: нет в документах.**","Налоговый кодекс Российской Федерации.pdf:page_1003, Налоговый кодекс Российской Федерации.pdf:page_1028, Налоговый кодекс Российской Федерации.pdf:page_1156, Налоговый кодекс Российской Федерации.pdf:page_1178, Налоговый кодекс Российской Федерации.pdf:page_1500, Налоговый кодекс Российской Федерации.pdf:page_1508, Налоговый кодекс Российской Федерации.pdf:page_511, Налоговый кодекс Российской Федерации.pdf:page_513, Налоговый кодекс Российской Федерации.pdf:page_751, Налоговый кодекс Российской Федерации.pdf:page_913"
"Какие действия должен предпринять перевозчик, если груз был принят для перевозки после наступления срока прекращения обязательного приема груза?","Если груз был принят для перевозки **после наступления срока прекращения обязательного приема груза** и при этом груз **задержан в пути** из‑за длительного препятствия продолжению рейса, то при отсутствии распоряжения от грузоотправителя/грузополучателя **в течение четырех суток** перевозчик имеет право по своему усмотрению:

- **оставить груз на хранение** за счет грузоотправителя/грузополучателя **до появления возможности продолжения рейса**, в том числе **на судне в зимнее время**, либо
- **реализовать груз** в порядке, предусмотренном **статьей 85**.","Гражданский кодекс Российской Федерации.pdf:page_332, Гражданский кодекс Российской Федерации.pdf:page_333, Кодекс внутреннего водного транспорта Российской Федерации.pdf:page_47, Кодекс внутреннего водного транспорта Российской Федерации.pdf:page_49, Кодекс внутреннего водного транспорта Российской Федерации.pdf:page_50, Кодекс внутреннего водного транспорта Российской Федерации.pdf:page_64, Кодекс торгового мореплавания Российской Федерации.pdf:page_55, Кодекс торгового мореплавания Российской Федерации.pdf:page_66, Кодекс торгового мореплавания Российской Федерации.pdf:page_67, Таможенный кодекс Евразийского экономического союза.pdf:page_173"
Какие виды геодезического контроля проводятся согласно СНиП 3.01.03-84?,"В приведённом фрагменте СНиП 3.01.03-84 указано, что геодезический контроль включает:

- **определение действительного планового, высотного и относительно вертикали положения конструкций**:
  - **на стадии временного закрепления** конструкций (**операционный контроль**),
  - **после окончательного закрепления** конструкций (**приемочный контроль**).

Также отдельно говорится, что проверяется по видам:
- **плановый геодезический контроль**,
- **высотный геодезический контроль** (относительно вертикали — в общем перечислении выше).","Data1_11_11285_index.pdf:page_35, Data1_11_11285_index.pdf:page_45, Data1_11_11285_index.pdf:page_50, Data1_11_11285_index.pdf:page_51, Data1_11_11285_index.pdf:page_54, Data1_11_11285_index.pdf:page_63, Data1_11_11285_index.pdf:page_69, Data1_11_11285_index.pdf:page_75, Data1_11_11285_index.pdf:page_81, Data1_11_11295_index.pdf:page_25"
"Что происходит, если банк несвоевременно зачисляет или списывает средства?","Если банк несвоевременно зачисляет на счет клиента поступившие клиенту денежные средства либо их необоснованно списывает со счета, а также если банк не выполняет или выполняет с опозданием указания клиента о перечислении средств со счета либо об их выдаче, то банк обязан уплатить проценты на эту сумму в порядке и размере, предусмотренных **статьей 395** (независимо от уплаты процентов по **п. 1 ст. 852**).  
(Это следует из **статьи 856 ГК РФ**.)","Административный кодекс Российской Федерации.pdf:page_305, Гражданский кодекс Российской Федерации.pdf:page_352, Гражданский кодекс Российской Федерации.pdf:page_353, Гражданский кодекс Российской Федерации.pdf:page_368, Жилищный кодекс Российской Федерации.pdf:page_167, Налоговый кодекс Российской Федерации.pdf:page_1143, Налоговый кодекс Российской Федерации.pdf:page_121, Налоговый кодекс Российской Федерации.pdf:page_150, Налоговый кодекс Российской Федерации.pdf:page_366, Налоговый кодекс Российской Федерации.pdf:page_368"
Могут ли клиринговые организации быть участниками консолидированной группы налогоплательщиков?,Нет в документах.,"Налоговый кодекс Российской Федерации.pdf:page_1077, Налоговый кодекс Российской Федерации.pdf:page_1133, Налоговый кодекс Российской Федерации.pdf:page_245, Налоговый кодекс Российской Федерации.pdf:page_310, Налоговый кодекс Российской Федерации.pdf:page_42, Налоговый кодекс Российской Федерации.pdf:page_43, Налоговый кодекс Российской Федерации.pdf:page_44, Налоговый кодекс Российской Федерации.pdf:page_513, Налоговый кодекс Российской Федерации.pdf:page_53, Налоговый кодекс Российской Федерации.pdf:page_60"
"Какое наказание предусмотрено за незаконное получение сведений, составляющих государственную тайну?","За **незаконное получение сведений, составляющих государственную тайну** (статья **283.1 УК РФ**, часть 1) наказание предусмотрено в виде **штрафа в размере от …** — в предоставленном фрагменте **сумма штрафа обрезана**, поэтому точный размер штрафа в тексте не указан.

Дополнительно в той же статье в предоставленном фрагменте упоминаются и иные квалифицирующие части (с более суровыми наказаниями), но **их полный текст в присланном фрагменте также не дан**.","Административный кодекс Российской Федерации.pdf:page_207, Административный кодекс Российской Федерации.pdf:page_209, Уголовный кодекс Российской Федерации.pdf:page_106, Уголовный кодекс Российской Федерации.pdf:page_117, Уголовный кодекс Российской Федерации.pdf:page_160, Уголовный кодекс Российской Федерации.pdf:page_218, Уголовный кодекс Российской Федерации.pdf:page_226, Уголовный кодекс Российской Федерации.pdf:page_227, Уголовный кодекс Российской Федерации.pdf:page_68, Уголовный кодекс Российской Федерации.pdf:page_69"
Какая фирма представлена в списке основных характеристик изделий?,В списке основных характеристик изделий представлена фирма **«CAODURO S.P.A.»** (указана как фирма-производитель в тексте).,"Data1_10_10846_index.pdf:page_5, Data1_10_10846_index.pdf:page_50, Data1_10_10846_index.pdf:page_54, Data1_10_10849_index.pdf:page_11, Data1_10_10849_index.pdf:page_13, Data1_10_10849_index.pdf:page_14, Data1_10_10849_index.pdf:page_15, Data1_10_10849_index.pdf:page_8, Data1_10_10865_index.pdf:page_24, Таможенный кодекс Евразийского экономического союза.pdf:page_24"
Какие требования к травмобезопасности комплексных игровых площадок указаны в ГОСТ МДС 35-7.2000?,"В представленном фрагменте **нет прямых требований к травмобезопасности** комплексных игровых площадок (в смысле, например: ограждения, безопасные покрытия/подпятники, высоты/закругления, требования к падению и т.п.) из ГОСТ (МДС) **МДС 35-7.2000**.

Есть **косвенные элементы**, связанные с безопасностью/безопасными зонами, например:
- указано, что **игровое пространство для слепых и ограниченно зрячих (ОЗ) необходимо ограничивать загородкой высотой 600–900 мм** (раздел “Основные требования к организации площадок для слепых и ограниченно зрячих (ОЗ)”);
- в иллюстративных подпунктах упоминается “**зона безопасности**” (в составе схемы игровых площадок для ОЗ/слепых), но **конкретных травмобезопасных параметров в тексте фрагмента не приведено**.

**Ответ:** в данном фрагменте документа **нет в документах** (требования к травмобезопасности комплексных игровых площадок в явном виде не указаны).","Data1_10_10847_index.pdf:page_1, Data1_10_10847_index.pdf:page_17, Data1_10_10847_index.pdf:page_19, Data1_10_10847_index.pdf:page_23, Data1_10_10847_index.pdf:page_25, Data1_10_10847_index.pdf:page_26, Data1_10_10847_index.pdf:page_36, Data1_10_10847_index.pdf:page_38, Data1_10_10847_index.pdf:page_4, Data1_10_10847_index.pdf:page_5"
"Какое название имеет документ, регламентирующий проектирование и устройство фонарей для естественного освещения помещений согласно ГОСТ МДС 31-8.2002?",Документ называется **«Рекомендации по проектированию и устройству фонарей для естественно��о освещения помещений»** ( **МДС 31-8.2002** ).,"Data1_10_10846_index.pdf:page_1, Data1_10_10846_index.pdf:page_10, Data1_10_10846_index.pdf:page_14, Data1_10_10846_index.pdf:page_2, Data1_10_10846_index.pdf:page_3, Data1_10_10846_index.pdf:page_4, Data1_10_10846_index.pdf:page_5, Data1_10_10846_index.pdf:page_6, Data1_10_10859_index.pdf:page_6, Data1_10_10865_index.pdf:page_13"
Какие требования предъявляет ГОСТ МДС 35-7.2000 к проектированию висячего моста?,"В предоставленном тексте **нет сведений о ГОСТ/МДС 35-7.2000** и требованиях именно к проектированию **висячего моста**.  

**Ответ: нет в документах.**","Data1_10_10859_index.pdf:page_1, Data1_10_10865_index.pdf:page_32, Data1_10_10865_index.pdf:page_40, Data1_10_10869_index.pdf:page_1, Data1_11_11285_index.pdf:page_25, Data1_1_1879_index.pdf:page_30, Data1_1_1879_index.pdf:page_31, Data1_1_1904_index.pdf:page_1, Data1_1_1904_index.pdf:page_27, Data1_2_2069_index.pdf:page_1"
"Какие действия следует предпринять при обнаружении сквозных и волосных трещин согласно ТП-70 С., СНиП II-22-81, СНиП 2.03.01-84*?","Согласно приведенному фрагменту (в разделе про наружные стены), **при наличии “сквозных трещин, деформаций, отклонений стен от вертикали”** относится к дефектам, которые требуют устранения причин и принятия мер безопасности, но **конкретные действия именно для сквозных и волосных трещин в тексте не расписаны**.

В тексте лишь указаны нормативные требования и требование **“вызвать специалистов и восстановить гидроизоляцию”** — это относится к случаю **влажных стен из-за капиллярного увлажнения/гидроизоляции** (не к трещинам).

Ответ по вопросу (действия именно при сквозных/волосных трещинах) **в предоставленном фрагменте отсутствует**.

**Итог: нет в документах.**","Data1_10_10852_index.pdf:page_15, Data1_10_10861_index.pdf:page_14, Data1_10_10861_index.pdf:page_19, Data1_10_10861_index.pdf:page_25, Data1_10_10861_index.pdf:page_42, Data1_10_10861_index.pdf:page_7, Data1_10_10861_index.pdf:page_9, Data1_1_1879_index.pdf:page_22, Data1_1_1879_index.pdf:page_26, Data1_1_1879_index.pdf:page_4"
Какие инвестиции не учитываются при расчете численности аппарата заказчика-застройщика согласно ГОСТ МДС 81-7.2000?,"В приведённом фрагменте **МДС 81-7.2000** сказано следующее (в части условий расчёта численности и затрат):

- **Не подлежат учету затраты на численность аппарата, содержащегося за счет бюджета и других источников финансирования, кроме средств федерального бюджета** (примечание к п. 4.4: «Аренда и содержание зданий и сооружений...»).

Иных видов/категорий инвестиций, прямо перечисленных как «не учитываемые при расчёте численности аппарата», в предоставленном фрагменте **нет**.","Data1_10_10754_index.pdf:page_3, Data1_10_10848_index.pdf:page_7, Data1_10_10848_index.pdf:page_9, Data1_1_1804_index.pdf:page_10, Data1_2_2075_index.pdf:page_6, Data1_2_2116_index.pdf:page_1, Data1_2_2116_index.pdf:page_10, Data1_2_2116_index.pdf:page_11, Data1_2_2116_index.pdf:page_8, Градостроительный кодекс Российской Федерации.pdf:page_2"
Как закладывают контрольные знаки перед началом бетонирования и подъема опалубки? (СНиП 3.01.03-84),"В приведенном фрагменте **нет информации** о том, **как закладывают контрольные знаки перед началом бетонирования и подъема опалубки** (по СНиП 3.01.03-84).","Data1_10_10846_index.pdf:page_3, Data1_10_10861_index.pdf:page_21, Data1_10_10865_index.pdf:page_38, Data1_11_11285_index.pdf:page_5, Data1_11_11285_index.pdf:page_51, Data1_11_11285_index.pdf:page_81, Data1_11_11293_index.pdf:page_1, Data1_2_2079_index.pdf:page_17, Data1_2_2080_index.pdf:page_28, Data1_2_2081_index.pdf:page_11"
Какие данные должны быть указаны в графе 'УТВЕРЖДЕНИЕ'?,"В тексте указано, что в графе **«УТВЕРЖДЕНИЕ»** нужно указывать:

- **наименование организации (инстанции), утвердившей проектную документацию (ПД)**;
- **наименование, дата и номер документа** (об утверждении).","Data1_10_10849_index.pdf:page_14, Data1_10_10849_index.pdf:page_15, Data1_10_10849_index.pdf:page_17, Data1_10_10849_index.pdf:page_7, Data1_10_10859_index.pdf:page_6, Data1_10_10862_index.pdf:page_8, Data1_1_1879_index.pdf:page_16, Налоговый кодекс Российской Федерации.pdf:page_496, Уголовно-процессуальный кодекс Российской Федерации.pdf:page_155, Уголовно-процессуальный кодекс Российской Федерации.pdf:page_195"
Кто имеет право на вознаграждение в соответствии с абзацем третьим пункта 2 статьи 1295?,"В представленном фрагменте **нет указания**, кто именно имеет право на вознаграждение **в соответствии с абзацем третьим пункта 2 статьи 1295**.

Ответ: **нет в документах**.","Гражданский кодекс Российской Федерации.pdf:page_0, Гражданский кодекс Российской Федерации.pdf:page_163, Гражданский кодекс Российской Федерации.pdf:page_383, Гражданский кодекс Российской Федерации.pdf:page_424, Гражданский кодекс Российской Федерации.pdf:page_511, Гражданский кодекс Российской Федерации.pdf:page_533, Гражданский кодекс Российской Федерации.pdf:page_538, Гражданский кодекс Российской Федерации.pdf:page_539, Гражданский кодекс Российской Федерации.pdf:page_540, Гражданский кодекс Российской Федерации.pdf:page_541"
Какой ГОСТ или СНиП определяет методику расчета трудоемкости АУП?,нет в документах,"Data1_10_10846_index.pdf:page_3, Data1_10_10859_index.pdf:page_8, Data1_10_10864_index.pdf:page_17, Data1_10_10864_index.pdf:page_27, Data1_10_10864_index.pdf:page_33, Data1_10_10864_index.pdf:page_34, Data1_10_10865_index.pdf:page_21, Data1_10_10865_index.pdf:page_24, Data1_10_10865_index.pdf:page_31, Data1_2_2079_index.pdf:page_7"
Какой индекс изоляции воздушного шума (JB) должен быть согласно ГОСТ МДС-80-8.2000?,"В предоставленном фрагменте ГОСТ МДС-80-8.2000 прямо **не указан** требуемый индекс изоляции воздушного шума **JB**.

В тексте встречается только общая формулировка, что **JB заполняется соискателем** (в таблицах для конструкций), без конкретного числового значения:  
- «**Индекс изоляции воздушного шума JB — дБ\***» и дальше: «\* Принимается соискателем…»

Поэтому ответ: **нет в документах**.","Data1_10_10754_index.pdf:page_22, Data1_10_10846_index.pdf:page_11, Data1_10_10846_index.pdf:page_32, Data1_10_10865_index.pdf:page_21, Data1_10_10865_index.pdf:page_35, Data1_10_10865_index.pdf:page_38, Data1_10_10865_index.pdf:page_39, Data1_2_2075_index.pdf:page_17, Data1_2_2080_index.pdf:page_27, Data1_2_2080_index.pdf:page_28"
Какие требования к цветовым решениям для предотвращения чрезмерной яркости зон отдыха указаны в ГОСТ МДС 35-7.2000?,"В тексте **МДС 35-7.2000** указано следующее по цветовому решению для предотвращения чрезмерной яркости (блеска):

- Для залов рекомендуется обеспечивать состояние успокоенности и концентрации; **эмоционально возбуждающие красный и оранжевый цвета следует применять лишь в зонах кратковременного (до 10 мин) пребывания занимающихся**, например, **у отдельного тренажера** (в зонах отдыха/основного пребывания такие цвета не рекомендуются).  
- Также указано, что при цветовом решении следует применять **чистые, независящие от качества освещения контрастные цвета** (пример: **пол — голубой (желтый), стены — желтые (голубые)**; для тренажерных залов возможен вариант **пол зеленый (красно-коричневый), стены красно-коричневый (зеленый)**), а цветовые сочетания подбираются с учетом **фонового контраста**.  

В приведенном фрагменте **прямой формулировки “предотвращать чрезмерную яркость зон отдыха” как отдельного требования по цвету нет**, но есть требования по ограничению “возбуждающих” цветов (красного/оранжевого) для зон длительного пребывания и рекомендации по контрастным, не зависящим от освещения цветам.","Data1_10_10846_index.pdf:page_1, Data1_10_10846_index.pdf:page_11, Data1_10_10846_index.pdf:page_12, Data1_10_10846_index.pdf:page_14, Data1_10_10847_index.pdf:page_1, Data1_10_10847_index.pdf:page_12, Data1_10_10847_index.pdf:page_17, Data1_10_10847_index.pdf:page_36, Data1_10_10847_index.pdf:page_37, Data1_10_10847_index.pdf:page_4"
Как определяется прибыль (убыток) от реализации или выбытия амортизируемого имущества?,Прибыль (убыток) от реализации или выбытия амортизируемого имущества определяется **на основании аналитического учета по каждому объекту** на дату признания дохода (расхода).,"Налоговый кодекс Российской Федерации.pdf:page_1181, Налоговый кодекс Российской Федерации.pdf:page_1207, Налоговый кодекс Российской Федерации.pdf:page_1208, Налоговый кодекс Российской Федерации.pdf:page_1214, Налоговый кодекс Российской Федерации.pdf:page_1215, Налоговый кодекс Российской Федерации.pdf:page_1229, Налоговый кодекс Российской Федерации.pdf:page_1364, Налоговый кодекс Российской Федерации.pdf:page_960, Налоговый кодекс Российской Федерации.pdf:page_981, Налоговый кодекс Российской Федерации.pdf:page_996"
Как контролируется перенесение разбивочных осей в натуру согласно СНиП 3.01.03-84?,"В приведённом фрагменте текста **есть частичный ответ**: сказано, что **точность передачи точек плановой основы контролируют сравнением расстояний** на исходном и монтажном горизонтах.

Конкретно:  
- **Контроль проводят сравнением** измеренного расстояния между полученными точками на монтажном горизонте \(S_{м}\) с расстоянием между этими же точками на исходном горизонте \(S_{и}\).  
- **Контрольные измерения выполняют с той же точностью, что и разбивку плановой основы на исходном горизонте.**  
- **Допустимое расхождение** \(\Delta\varepsilon\) определяется по формуле (28).  
- При недопустимом расхождении **перенесение повторяют**.

Однако **прямого описания именно “перенесения разбивочных осей в натуру” согласно СНиП 3.01.03-84** в предоставленном тексте **нет** (есть общий контроль точности передачи/переноса).","Data1_11_11285_index.pdf:page_17, Data1_11_11285_index.pdf:page_22, Data1_11_11285_index.pdf:page_23, Data1_11_11285_index.pdf:page_26, Data1_11_11285_index.pdf:page_37, Data1_11_11285_index.pdf:page_39, Data1_11_11285_index.pdf:page_4, Data1_11_11285_index.pdf:page_46, Data1_11_11285_index.pdf:page_6, Data1_11_11285_index.pdf:page_63"
Какие основные данные должны быть включены в годовой план капитального ремонта согласно ГОСТ МДС 14-13.2000?,"Согласно тексту (раздел про годовые планы капитального ремонта), в годовой план капитального ремонта должны быть включены:

- **наименование и количество основных работ по каждому объекту**;
- **сметная стоимость годового объема работ**;
- **календарные сроки ремонтов**;
- **потребность в основных материалах, строительных изделиях, транспорте, средствах механизации и рабочих**.

Часть про **«источники финансирования»** тоже присутствует: годовые планы капитального ремонта **и источники его финансирования** утверждаются соответствующими организациями (но перечень именно данных плана выше — как сформулировано).","Data1_10_10846_index.pdf:page_20, Data1_10_10852_index.pdf:page_15, Data1_1_1879_index.pdf:page_10, Data1_1_1879_index.pdf:page_26, Data1_1_1879_index.pdf:page_27, Data1_1_1879_index.pdf:page_28, Data1_1_1879_index.pdf:page_32, Data1_1_1879_index.pdf:page_34, Data1_1_1879_index.pdf:page_6, Data1_1_1879_index.pdf:page_9"
"Какие изменения внесены в Закон ""Об акцизах"" в статье 3, пункте 2?","В предоставленном тексте **нет** сведений о Законе «Об акцизах», его **статье 3, пункте 2**, а также **описания внесённых изменений** в этих реквизитах.  

**Ответ: нет в документах.**","Data1_2_2082_index.pdf:page_25, Бюджетный кодекс Российской Федерации.pdf:page_58, Налоговый кодекс Российской Федерации.pdf:page_544, Налоговый кодекс Российской Федерации.pdf:page_618, Налоговый кодекс Российской Федерации.pdf:page_629, Налоговый кодекс Российской Федерации.pdf:page_635, Налоговый кодекс Российской Федерации.pdf:page_651, Налоговый кодекс Российской Федерации.pdf:page_659, Налоговый кодекс Российской Федерации.pdf:page_663, Налоговый кодекс Российской Федерации.pdf:page_715"
Какие индексы указаны в таблице 1 для отчислений на социальные нужды?,"В предоставленных фрагментах **нет информации**, какие именно **индексы** указаны **в Таблице 1 для отчислений на социальные нужды**.

Текст содержит общие сведения о системе индексов (капитальные вложения, строительные/монтажные работы и т.п.), а также коэффициенты для условий производства работ, но **конкретного раздела/строки про “отчисления на социальные нужды” и соответствующих индексов в “Таблице 1” в фрагменте нет**.","Data1_10_10754_index.pdf:page_22, Data1_10_10864_index.pdf:page_19, Data1_10_10864_index.pdf:page_33, Data1_10_10864_index.pdf:page_34, Data1_11_11835_index.pdf:page_2, Data1_2_2075_index.pdf:page_2, Data1_2_2080_index.pdf:page_10, Data1_2_2080_index.pdf:page_18, Data1_2_2117_index.pdf:page_6, Налоговый кодекс Российской Федерации.pdf:page_804"
Какие категории земель городов и других поселений указаны в ГОСТ МДС 11-7.2000?,"В приведённом фрагменте **МДС 11-7.2000** указаны следующие категории земель **городов, других поселений**:

- **земли городов, других поселений** — *(в тексте: “земли городов, других поселений:”)*  
- **из них: городских поселений**  
- **из них: сельских поселений**  

Также перечислены подпункты категорий, входящие в структуру земель (в отрывке):

- **земли промышленности, транспорта, связи, радиовещания, телевидения, информатики и космического обеспечения, энергетики**  
- **земли специального назначения**  
- **земли природно-заповедного, лечебно-оздоровительного, рекреационного и историко-культурного назначения**  
- **земли лесного фонда**  
- **в том числе леса первой группы**  
- **земли водного фонда**  
- **земли запаса**  

И отдельно в тексте есть:
- **благоприятные по экологическим, санитарно-гигиеническим требованиям и условиям безопасности** (как выделяемая характеристика/подраздел).","Data1_10_10849_index.pdf:page_1, Data1_1_1879_index.pdf:page_1, Data1_1_1904_index.pdf:page_1, Data1_1_1904_index.pdf:page_11, Data1_1_1904_index.pdf:page_33, Градостроительный кодекс Российской Федерации.pdf:page_86, Земельный кодекс Российской Федерации.pdf:page_173, Земельный кодекс Российской Федерации.pdf:page_174, Земельный кодекс Российской Федерации.pdf:page_26, Земельный кодекс Российской Федерации.pdf:page_3"
Какое согласие требуется для избрания меры пресечения в виде заключения под стражу в отношении судьи Конституционного Суда Российской Федерации?,"Для избрания меры пресечения в виде **заключения под стражу** в отношении **судьи Конституционного Суда Российской Федерации** требуется **согласие Конституционного Суда Российской Федерации**. (Это указано в ст. 450, ч. 2: “...исполняется с согласия соответственно Конституционного Суда Российской Федерации...”)","Кодекс административного судопроизводства Российской Федерации.pdf:page_126, Уголовно-процессуальный кодекс Российской Федерации.pdf:page_154, Уголовно-процессуальный кодекс Российской Федерации.pdf:page_286, Уголовно-процессуальный кодекс Российской Федерации.pdf:page_38, Уголовно-процессуальный кодекс Российской Федерации.pdf:page_39, Уголовно-процессуальный кодекс Российской Федерации.pdf:page_68, Уголовно-процессуальный кодекс Российской Федерации.pdf:page_69, Уголовно-процессуальный кодекс Российской Федерации.pdf:page_77, Уголовно-процессуальный кодекс Российской Федерации.pdf:page_84, Уголовно-процессуальный кодекс Российской Федерации.pdf:page_9"
Какие картографические и справочные материалы результатов инженерных изысканий и исследований должны содержаться в исходной информации согласно ГОСТ МДС 11-7.2000?,"В предоставленном тексте указано, что в исходной информации должны содержаться:

- **картографические и справочные материалы результатов инженерных изысканий и исследований**, а также  
  - для **курортов** — **материалы по оценке бальнеологических и курортных ресурсов и медицинскому зонированию**.

Других вариантов из ГОСТ МДС 11-7.2000 в вашем фрагменте не приведено.","Data1_10_10859_index.pdf:page_8, Data1_10_10865_index.pdf:page_24, Data1_10_10865_index.pdf:page_30, Data1_11_11285_index.pdf:page_66, Data1_11_11295_index.pdf:page_10, Data1_11_11295_index.pdf:page_5, Data1_1_1904_index.pdf:page_27, Data1_1_1904_index.pdf:page_30, Data1_1_1904_index.pdf:page_31, Data1_1_1904_index.pdf:page_32"
Какая единица измерения используется для разработки норм согласно ГОСТ МДС 81-13.2000?,нет в документах,"Data1_10_10754_index.pdf:page_4, Data1_10_10848_index.pdf:page_3, Data1_10_10848_index.pdf:page_6, Data1_10_10855_index.pdf:page_1, Data1_11_11835_index.pdf:page_14, Data1_2_2073_index.pdf:page_11, Data1_2_2073_index.pdf:page_3, Data1_2_2075_index.pdf:page_1, Data1_2_2076_index.pdf:page_14, Data1_2_2117_index.pdf:page_1"
"Какие работы по заделке выбоин в цементных, бетонных и асфальтовых полах предусмотрены в ГОСТ МДС 14-13.2000?","В приведённом фрагменте текста ГОСТ/МДС 14-13.2000 прямо предусмотрена только **заделка выбоин в бетонных и каменных ступенях, на лестничных площадках и в пандусах**:

- **«Заделка выбоин в бетонных и каменных ступенях, на лестничных площадках и в пандусах.»**

Про **цементные и асфальтовые полы** (именно «заделка выбоин в цементных/бетонных/асфальтовых полах») в данном фрагменте **нет**.","Data1_10_10852_index.pdf:page_9, Data1_11_11295_index.pdf:page_25, Data1_1_1879_index.pdf:page_18, Data1_1_1879_index.pdf:page_19, Data1_1_1879_index.pdf:page_21, Data1_1_1879_index.pdf:page_22, Data1_1_1879_index.pdf:page_26, Data1_1_1879_index.pdf:page_27, Data1_1_1879_index.pdf:page_30, Data1_1_1879_index.pdf:page_31"
"Используется ли сметная стоимость по объемам работ, выполняемым иностранными firmами, при определении сметной стоимости строительства в смешанных ценах?","Да, используется, но **не как “сметная стоимость во внутренних ценах”, а как контрактная стоимость**.

Из текста:
- В п. **4.1** указано, что в сводном расчете в смешанных ценах:
  - **объемы работ (затрат), выполняемые российскими организациями, принимаются по сводному расчету во внутренних ценах РФ** с поправками;
  - **объемы работ (затрат), выполняемые иностранными фирмами, принимаются по контрактным ценам**, предусмотренным в проектах контрактов или предложениях иностранных фирм.

То есть для иностранной части используются предусмотренные в документах **контрактные цены**, а не сметная стоимость по внутренним ценам.","Data1_2_2082_index.pdf:page_13, Data1_2_2082_index.pdf:page_14, Data1_2_2082_index.pdf:page_15, Data1_2_2082_index.pdf:page_16, Data1_2_2082_index.pdf:page_2, Data1_2_2082_index.pdf:page_30, Data1_2_2082_index.pdf:page_4, Data1_2_2082_index.pdf:page_5, Data1_2_2082_index.pdf:page_6, Data1_2_2082_index.pdf:page_7"
Какие иные документы и материалы могут быть представлены?,"В представленном тексте прямо перечислено следующее про «иные документы и материалы»:

- В **статье 70 ГПК? / (в вашем фрагменте — о письменных доказательствах)**: «**иные документы и материалы**» указаны как вид письменных доказательств.
- В **фрагменте про документы для соглашения о ценообразовании (НК РФ)**: «**иные документы, содержащие информацию, имеющую значение при заключении соглашения о ценообразовании**».
- В других фрагментах (про письменные доказательства в целом) также встречается формулировка «иные документы», но без конкретизации.

Итого, в тексте **конкретно** указано, что могут быть представлены:
- **иные документы и материалы**, позволяющие установить достоверность документа (в составе письменных доказательств);
- **иные документы, содержащие информацию, имеющую значение при заключении соглашения о ценообразовании**.","Арбитражный процессуальный кодекс Российской Федерации.pdf:page_31, Арбитражный процессуальный кодекс Российской Федерации.pdf:page_33, Арбитражный процессуальный кодекс Российской Федерации.pdf:page_37, Арбитражный процессуальный кодекс Российской Федерации.pdf:page_42, Гражданский процессуальный кодекс Российской Федерации.pdf:page_30, Кодекс административного судопроизводства Российской Федерации.pdf:page_139, Кодекс административного судопроизводства Российской Федерации.pdf:page_43, Кодекс административного судопроизводства Российской Федерации.pdf:page_45, Налоговый кодекс Российской Федерации.pdf:page_334, Таможенный кодекс Евразийского экономического союза.pdf:page_397"
"Какой штраф предусмотрен для юридических лиц за непредставление или несвоевременное представление данных, позволяющих идентифицировать владельца программно-аппаратных средств доступа к информационным ресурсам, информационно-телекоммуникационным сетям, доступ к которым ограничен?",Для юридических лиц штраф предусмотрен в размере **от 50 000 до 300 000 рублей**.,"Административный кодекс Российской Федерации.pdf:page_222, Административный кодекс Российской Федерации.pdf:page_325, Административный кодекс Российской Федерации.pdf:page_333, Административный кодекс Российской Федерации.pdf:page_345, Административный кодекс Российской Федерации.pdf:page_401, Административный кодекс Российской Федерации.pdf:page_404, Административный кодекс Российской Федерации.pdf:page_405, Административный кодекс Российской Федерации.pdf:page_406, Административный кодекс Российской Федерации.pdf:page_409, Административный кодекс Российской Федерации.pdf:page_411"
Как проверяется внешний облик построенного или реконструированного объекта?,"В предоставленных фрагментах нет информации о том, как проверяется **внешний облик** построенного или реконструированного объекта.  

**Ответ: нет в документах.**","Data1_11_11285_index.pdf:page_45, Data1_1_1804_index.pdf:page_8, Data1_1_1879_index.pdf:page_13, Градостроительный кодекс Российской Федерации.pdf:page_146, Градостроительный кодекс Российской Федерации.pdf:page_167, Градостроительный кодекс Российской Федерации.pdf:page_174, Градостроительный кодекс Российской Федерации.pdf:page_175, Градостроительный кодекс Российской Федерации.pdf:page_176, Градостроительный кодекс Российской Федерации.pdf:page_232, Градостроительный кодекс Российской Федерации.pdf:page_263"
Как часто следует проверять горизонтальность рядов кладки согласно СНиП 3.01.03-84?,"В приведенном фрагменте текста сказано: **«Горизонтальность рядов кладки контролируют порядовками…»**, но **частота** (как часто) проверки в этом тексте **не указана**.

**Ответ:** нет в документах.","Data1_10_10861_index.pdf:page_26, Data1_10_10861_index.pdf:page_42, Data1_11_11285_index.pdf:page_35, Data1_11_11285_index.pdf:page_49, Data1_11_11285_index.pdf:page_50, Data1_11_11285_index.pdf:page_52, Data1_11_11285_index.pdf:page_54, Data1_2_2079_index.pdf:page_12, Data1_2_2079_index.pdf:page_17, Data1_2_2080_index.pdf:page_29"
Когда автор считается согласившимся на обнародование произведения?,"Автор считается согласившимся на обнародование произведения **если он передал другому лицу произведение по договору для использования** (ст. 1268, п. 2).","Гражданский кодекс Российской Федерации.pdf:page_230, Гражданский кодекс Российской Федерации.pdf:page_425, Гражданский кодекс Российской Федерации.pdf:page_518, Гражданский кодекс Российской Федерации.pdf:page_521, Гражданский кодекс Российской Федерации.pdf:page_525, Гражданский кодекс Российской Федерации.pdf:page_533, Гражданский кодекс Российской Федерации.pdf:page_557, Гражданский кодекс Российской Федерации.pdf:page_558, Гражданский кодекс Российской Федерации.pdf:page_603, Гражданский кодекс Российской Федерации.pdf:page_614"
Какие документы должны быть представлены для вычета акциза при использовании стали жидкой для производства продуктов металлургического производства?,"В представленном фрагменте указано, что **налоговые вычеты при использовании стали жидкой** для целей получения продуктов металлургического производства путем литья производятся при представлении в налоговые органы:

1) **документов, подтверждающих производство и оприходование продуктов (полупродуктов) металлургического производства**, которые налогоплательщик **направил на переплавку для производства стали жидкой** с целью получения **продуктов (полупродуктов) металлургического производства путем литья**;

2) **регистров аналитического учета**, подтверждающих **направление продуктов (полупродуктов) металлургического производства на переплавку для производства стали жидкой** в целях получения соответствующих продуктов (полупродуктов) металлургического производства.

Других документов в данном фрагменте не перечислено.","Налоговый кодекс Российской Федерации.pdf:page_463, Налоговый кодекс Российской Федерации.pdf:page_589, Налоговый кодекс Российской Федерации.pdf:page_654, Налоговый кодекс Российской Федерации.pdf:page_683, Налоговый кодекс Российской Федерации.pdf:page_690, Налоговый кодекс Российской Федерации.pdf:page_697, Налоговый кодекс Российской Федерации.pdf:page_700, Налоговый кодекс Российской Федерации.pdf:page_703, Налоговый кодекс Российской Федерации.pdf:page_704, Налоговый кодекс Российской Федерации.pdf:page_717"
"Что влечет наложение административного штрафа в размере от одной тысячи пятисот до двух тысяч пятисот рублей с конфискацией форменной одежды, знаков различия, символики государственных военизированных организаций, правоохранительных или контролирующих органов согласно части 2 статьи 17.12?","Согласно **части 2 статьи 17.12**: такие действия влекут **наложение административного штрафа в размере от одной тысячи пятисот до двух тысяч пятисот рублей с конфискацией** форменной одежды, знаков различия, символики государственных военизированных организаций, правоохранительных или контролирующих органов.","Административный кодекс Российской Федерации.pdf:page_184, Административный кодекс Российской Федерации.pdf:page_358, Административный кодекс Российской Федерации.pdf:page_362, Административный кодекс Российской Федерации.pdf:page_364, Административный кодекс Российской Федерации.pdf:page_367, Административный кодекс Российской Федерации.pdf:page_368, Административный кодекс Российской Федерации.pdf:page_421, Административный кодекс Российской Федерации.pdf:page_429, Административный кодекс Российской Федерации.pdf:page_434, Административный кодекс Российской Федерации.pdf:page_447"
Какие условия позволяют уполномоченным экономическим операторам выпускать товары до подачи декларации?,"В документах указано, что выпуск товаров до подачи декларации возможен **при соблюдении условий таможенным органом** (ст. 120, п. 13), в частности:

1) **Соблюдены положения пп. 1 и 2 соответствующей статьи (или п. 1 ст. 441 Кодекса)** — если заявление о выпуске подано **уполномоченным экономическим оператором**.

2) **Соблюдены условия помещения товаров под заявленную таможенную процедуру**, **кроме** условия уплаты таможенных платежей (пошлин/налогов/спец., антидемпинговых, компенсационных пошлин) — и также оговорены случаи, когда не применяется это условие (далее текст в фрагменте обрывается, поэтому полный перечень исключений не приведён).

Также в документах сказано, что:
- **декларация должна быть подана** уполномоченным экономическим оператором **не позднее 15-го числа месяца, следующего за месяцем выпуска** (ст. 120, п. 4).

Прямых дополнительных условий именно для “первого выпуска” сверх перечисленных в п. 13 в предоставленных фрагментах больше не раскрыто.","Таможенный кодекс Евразийского экономического союза.pdf:page_136, Таможенный кодекс Евразийского экономического союза.pdf:page_137, Таможенный кодекс Евразийского экономического союза.pdf:page_156, Таможенный кодекс Евразийского экономического союза.pdf:page_19, Таможенный кодекс Евразийского экономического союза.pdf:page_215, Таможенный кодекс Евразийского экономического союза.pdf:page_472, Таможенный кодекс Евразийского экономического союза.pdf:page_474, Таможенный кодекс Евразийского экономического союза.pdf:page_483, Таможенный кодекс Евразийского экономического союза.pdf:page_486, Таможенный кодекс Евразийского экономического союза.pdf:page_488"
Какие требования к модульной конструкции зенитных фонарей согласно ГОСТ МДС 31-8.2002?,"В приведённом фрагменте **ГОСТ/МДС 31-8.2002** (навыки: про требования к зенитным фонарям) **нет положений, прямо посвящённых “модульной конструкции” зенитных фонарей**.

Из доступного текста по зенитным фонарям можно процитировать только общие конструктивные требования, например:
- **Опорные контуры** зенитных фонарей должны возвышаться над кровлей **не менее чем на 300 мм** (п. 3.2.7).
- **Угол наклона** светопропускающего заполнения зенитных фонарей должен составлять **не менее 12°** (п. 3.2.7).
- **Грани опорных контуров**: угол наклона граней к вертикали **не должен превышать 30°** (п. 3.2.7).

Но именно **требования к модульной конструкции** в данном фрагменте **не указаны**.

**Ответ:** нет в документах.","Data1_10_10846_index.pdf:page_1, Data1_10_10846_index.pdf:page_10, Data1_10_10846_index.pdf:page_17, Data1_10_10846_index.pdf:page_18, Data1_10_10846_index.pdf:page_2, Data1_10_10846_index.pdf:page_20, Data1_10_10846_index.pdf:page_6, Data1_10_10846_index.pdf:page_7, Data1_10_10846_index.pdf:page_9, Data1_10_10865_index.pdf:page_39"
Какие нормативы отчислений установлены для налога на имущество физических лиц в бюджетах городских округов с внутригородским делением?,Для **налога на имущество физических лиц** в бюджеты **городских округов с внутригородским делением** установлен норматив **100%** (зачисление по нормативу 100 процентов).,"Бюджетный кодекс Российской Федерации.pdf:page_211, Бюджетный кодекс Российской Федерации.pdf:page_212, Бюджетный кодекс Российской Федерации.pdf:page_214, Бюджетный кодекс Российской Федерации.pdf:page_216, Бюджетный кодекс Российской Федерации.pdf:page_217, Бюджетный кодекс Российской Федерации.pdf:page_58, Бюджетный кодекс Российской Федерации.pdf:page_59, Бюджетный кодекс Российской Федерации.pdf:page_63, Бюджетный кодекс Российской Федерации.pdf:page_64, Бюджетный кодекс Российской Федерации.pdf:page_73"
В каких случаях может быть вынесено ходатайство об ограничении профессиональной деятельности специалиста согласно СНиП?,нет в документах,"Data1_10_10851_index.pdf:page_4, Data1_10_10851_index.pdf:page_5, Data1_10_10861_index.pdf:page_26, Data1_10_10872_index.pdf:page_5, Административный кодекс Российской Федерации.pdf:page_20, Градостроительный кодекс Российской Федерации.pdf:page_199, Градостроительный кодекс Российской Федерации.pdf:page_203, Трудовой кодекс Российской Федерации.pdf:page_110, Уголовно-исполнительный кодекс Российской Федерации.pdf:page_16, Уголовно-процессуальный кодекс Российской Федерации.pdf:page_49"
Как исчисляется срок обязательных работ?,"Срок **обязательных работ** исчисляется **в часах**.

(См. фрагмент: «… а обязательных работ — в часах».)","Трудовой кодекс Российской Федерации.pdf:page_168, Трудовой кодекс Российской Федерации.pdf:page_42, Трудовой кодекс Российской Федерации.pdf:page_65, Трудовой кодекс Российской Федерации.pdf:page_68, Трудовой кодекс Российской Федерации.pdf:page_70, Трудовой кодекс Российской Федерации.pdf:page_71, Трудовой кодекс Российской Федерации.pdf:page_9, Уголовно-исполнительный кодекс Российской Федерации.pdf:page_17, Уголовно-исполнительный кодекс Российской Федерации.pdf:page_18, Уголовный кодекс Российской Федерации.pdf:page_26"
"Как заполняется раздел 1 сводного сметного расчета при строительстве, осуществляемом в полном объеме силами и средствами иностранной firmы?","В предоставленном фрагменте **нет сведений**, как заполняется **раздел 1** сводного сметного расчета именно в случае, когда строительство осуществляется **в полном объеме силами и средствами иностранной фирмы**.

Указано лишь общее правило для заполнения/учета объемов:
- **в смешанных ценах** объемы работ российских организаций принимаются по сводному расчету во внутренних ценах с поправками, а объемы работ, выполняемые иностранными фирмами — **по контрактным ценам** из проектов контрактов или предложений фирмы (раздел 4, п. 4.1).
Но это **не является** инструкцией по заполнению **раздела 1**.

**Ответ: нет в документах.**","Data1_10_10864_index.pdf:page_15, Data1_2_2069_index.pdf:page_13, Data1_2_2069_index.pdf:page_18, Data1_2_2076_index.pdf:page_15, Data1_2_2082_index.pdf:page_13, Data1_2_2082_index.pdf:page_15, Data1_2_2082_index.pdf:page_16, Data1_2_2082_index.pdf:page_17, Data1_2_2082_index.pdf:page_2, Data1_2_2082_index.pdf:page_6"
В каких случаях комиссионер может отступить от указаний комитента?,"Комиссионер может отступить от указаний комитента в случаях, когда договором комиссии (или предусмотрено иное) ему предоставлено право действовать без предварительного запроса.  

Также прямо предусмотрено, что комиссионер обязан **в разумный срок уведомить комитента о допущенных отступлениях**, если иное не предусмотрено договором.","Гражданский кодекс Российской Федерации.pdf:page_117, Гражданский кодекс Российской Федерации.pdf:page_171, Гражданский кодекс Российской Федерации.pdf:page_311, Гражданский кодекс Российской Федерации.pdf:page_324, Гражданский кодекс Российской Федерации.pdf:page_403, Гражданский кодекс Российской Федерации.pdf:page_404, Гражданский кодекс Российской Федерации.pdf:page_405, Гражданский кодекс Российской Федерации.pdf:page_406, Гражданский кодекс Российской Федерации.pdf:page_407, Жилищный кодекс Российской Федерации.pdf:page_192"
Какие действия запрещены в процессе эксплуатации согласно ГОСТ МДС 17-13.2000?,"В предоставленном фрагменте **нет информации** о **ГОСТ/МДС 17-13.2000** и о том, какие именно действия запрещены согласно этому документу.

В тексте приведён только фрагмент **«Перечня неисправностей и условий, при которых запрещается эксплуатация транспортных средств»** (Приложение к Основным положениям…), а также отдельные требования/запреты по другим разделам (например, по ремонту фонарей, вентиляции, технике безопасности и т.п.). Но **связки с ГОСТ МДС 17-13.2000** в вашем фрагменте **нет**.

**Ответ:** нет в документах","Data1_10_10846_index.pdf:page_20, Data1_10_10861_index.pdf:page_28, Data1_10_10865_index.pdf:page_21, Data1_10_10865_index.pdf:page_32, Data1_11_11285_index.pdf:page_77, Data1_11_11295_index.pdf:page_27, ПДД Российской Федерации.pdf:page_23, ПДД Российской Федерации.pdf:page_26, ПДД Российской Федерации.pdf:page_59, Таможенный кодекс Евразийского экономического союза.pdf:page_244"
"Какие тарифы страховых взносов применяются для плательщиков, указанных в подпунктах 5-9 пункта 1 статьи?","В представленном фрагменте указано следующее:

**Для плательщиков, указанных в подпунктах 5–9 пункта 1 статьи, в течение 2017–2018 годов** применяются тарифы страховых взносов:
- **на обязательное пенсионное страхование — 20,0%**;
- **на обязательное социальное страхование на случай временной нетрудоспособности и в связи с материнством — 0%**;
- **на обязательное медицинское страхование — 0%**.

Также указано, что **в части плательщиков на УСН** эти тарифы распространяются при условии, что **доходы за налоговый период не превышают 79 млн рублей**.","Гражданский кодекс Российской Федерации.pdf:page_393, Налоговый кодекс Российской Федерации.pdf:page_1147, Налоговый кодекс Российской Федерации.pdf:page_1230, Налоговый кодекс Российской Федерации.pdf:page_1629, Налоговый кодекс Российской Федерации.pdf:page_1634, Налоговый кодекс Российской Федерации.pdf:page_1635, Налоговый кодекс Российской Федерации.pdf:page_1636, Налоговый кодекс Российской Федерации.pdf:page_1645, Налоговый кодекс Российской Федерации.pdf:page_1649, Налоговый кодекс Российской Федерации.pdf:page_1650"
Какие данные о относительной просадочности просадочных лессовых грунтов необходимы для проектирования инъекционного химзакрепления согласно СНиП 3.02.01-83?,"В приведённом фрагменте текста **нет информации**, какие именно *данные о относительной просадочности* просадочных лессовых грунтов требуются для проектирования инъекционного химзакрепления **по СНиП 3.02.01-83**.

Из того, что есть в документах, указано только, что оценивают **емкость поглощения** и что она используется для ориентировочного прогнозирования эффективности однорастворной силикатизации (раздел “Определение емкости поглощения… просадочных лессовых грунтов”), но про *относительную просадочность* в тексте — **нет**.","Data1_11_11295_index.pdf:page_10, Data1_11_11295_index.pdf:page_13, Data1_11_11295_index.pdf:page_24, Data1_11_11295_index.pdf:page_25, Data1_11_11295_index.pdf:page_29, Data1_11_11295_index.pdf:page_31, Data1_11_11295_index.pdf:page_42, Data1_11_11295_index.pdf:page_47, Data1_11_11295_index.pdf:page_8, Data1_2_2079_index.pdf:page_17"
Какие данные представлены в столбце 'Генплан и транспорт' для санитарно-защитных зон в таблице 28 согласно СНиП?,"В предоставленном фрагменте для таблицы 28 указано:

- **К таблице 28, пп. 8–12**: *«Санитарно-защитные зоны»* (стадия П, Р, РП).
- В строке по этим пунктам в столбце **«Генплан и транспорт»** приведены числовые значения: **20** (для П), **20** (для Р), и **«—29»** (для РП) — в тексте это отображено как **«-29»**.

Иных данных (кроме этих чисел) в вашем фрагменте именно про «Генплан и транспорт» для санитарно‑защитных зон не указано.","Data1_10_10849_index.pdf:page_14, Data1_10_10865_index.pdf:page_32, Data1_10_10865_index.pdf:page_39, Data1_11_11295_index.pdf:page_10, Data1_11_11835_index.pdf:page_22, Data1_11_11835_index.pdf:page_32, Data1_11_11835_index.pdf:page_33, Data1_1_1904_index.pdf:page_19, Data1_1_1904_index.pdf:page_9, Градостроительный кодекс Российской Федерации.pdf:page_56"
"Какие субсидии могут предоставляться юридическим лицам, являющимся стороной концессионных соглашений?","В предоставленном фрагменте документа говорится, что **в законе (решении) о бюджете** могут предусматриваться бюджетные ассигнования на предоставление **грантов в форме субсидий** юридическим лицам (за исключением государственных (муниципальных) учреждений), в том числе **на конкурсной основе** (это относится к условиям предоставления субсидий из бюджета).

Прямого указания, что **юридические лица — сторона концессионных соглашений** могут получать субсидии, в приведённом тексте **нет**.","Бюджетный кодекс Российской Федерации.pdf:page_101, Бюджетный кодекс Российской Федерации.pdf:page_107, Бюджетный кодекс Российской Федерации.pdf:page_198, Бюджетный кодекс Российской Федерации.pdf:page_285, Бюджетный кодекс Российской Федерации.pdf:page_80, Бюджетный кодекс Российской Федерации.pdf:page_82, Бюджетный кодекс Российской Федерации.pdf:page_83, Бюджетный кодекс Российской Федерации.pdf:page_91, Бюджетный кодекс Российской Федерации.pdf:page_94, Налоговый кодекс Российской Федерации.pdf:page_1015"
Какие ограничения могут препятствовать завершению строительства объектов незавершенного строительства?,"В предоставленном фрагменте прямо указано, что завершению строительства могут препятствовать **ограничения, являющиеся основанием для отказа во вводе объекта в эксплуатацию**, например:

- **Ограничения, установленные земельным и иным законодательством РФ**, которые возникли, если **строительство/реконструкция не завершены** (фрагмент соответствует основанию для отказа в выдаче разрешения на ввод — пункт 4 из списка).
- Также препятствием может быть **несоответствие объекта капитального строительства разрешенному использованию земельного участка и (или) ограничениям**, установленным в соответствии с земельным и иным законодательством РФ на дату выдачи разрешения на ввод (пункт 5 из списка).

Если объект незавершенного строительства не введён в эксплуатацию по таким причинам, это фактически будет препятствовать его завершению/оформлению ввода.","Градостроительный кодекс Российской Федерации.pdf:page_1, Градостроительный кодекс Российской Федерации.pdf:page_151, Градостроительный кодекс Российской Федерации.pdf:page_152, Градостроительный кодекс Российской Федерации.pdf:page_186, Градостроительный кодекс Российской Федерации.pdf:page_260, Градостроительный кодекс Российской Федерации.pdf:page_264, Градостроительный кодекс Российской Федерации.pdf:page_94, Гражданский кодекс Российской Федерации.pdf:page_154, Земельный кодекс Российской Федерации.pdf:page_193, Лесной кодекс Российской Федерации.pdf:page_8"
В каких случаях доказательство может быть признано недопустимым?,"Доказательство может быть признано **недопустимым**, если оно **получено с нарушением требований закона**.

Это прямо указано в тексте:

- **Статья 75. Недопустимые доказательства (ч. 1–2):**  
  - доказательства, **полученные с нарушением требований УПК РФ**, являются **недопустимыми**;  
  - они **не имеют юридической силы** и **не могут быть положены в основу обвинения**, а также использоваться для доказывания обстоятельств, предусмотренных ст. 73 УПК РФ;  
  - перечислены случаи, когда доказательства относятся к недопустимым, например:  
    1) **показания подозреваемого/обвиняемого**, данные в ходе досудебного производства **в отсутствие защитника (включая отказ от защитника)** и **не подтвержденные в суде**;  
    2) **показания потерпевшего/свидетеля**, основанные на **догадке, предположении, слухе**, а также показания свидетеля, который **не может указать источник осведомленности**.

Также в тексте есть норма о необходимости исключения недопустимого доказательства:

- **Статья 235. Ходатайство об исключении доказательства:**  
  судья рассматривает ходатайство об исключении доказательства; при этом вопрос о недопустимости связан с тем, что доказательство было получено **с нарушением требований УПК РФ** (упоминается бремя доказывания для прокурора/стороны).","Арбитражный процессуальный кодекс Российской Федерации.pdf:page_31, Кодекс административного судопроизводства Российской Федерации.pdf:page_39, Уголовно-процессуальный кодекс Российской Федерации.pdf:page_120, Уголовно-процессуальный кодекс Российской Федерации.pdf:page_167, Уголовно-процессуальный кодекс Российской Федерации.pdf:page_192, Уголовно-процессуальный кодекс Российской Федерации.pdf:page_55, Уголовно-процессуальный кодекс Российской Федерации.pdf:page_56, Уголовно-процессуальный кодекс Российской Федерации.pdf:page_58, Уголовно-процессуальный кодекс Российской Федерации.pdf:page_64, Уголовно-процессуальный кодекс Российской Федерации.pdf:page_8"
Как долго может длиться экспертиза оферт?,"В тексте указано, что:

- **оценка тендерных предложений проводится в течение определенного срока, установленного регламентом работы тендерного комитета**;
- также сказано, что **срок экспертизы оферт объявляется на первом заседании тендерного комитета**.

Итог: **точная длительность не указана**, она определяется **регламентом**, а **срок объявляется на первом заседании тендерного комитета**.","Data1_10_10866_index.pdf:page_10, Data1_10_10866_index.pdf:page_6, Data1_10_10866_index.pdf:page_8, Data1_10_10866_index.pdf:page_9, Data1_10_10867_index.pdf:page_4, Градостроительный кодекс Российской Федерации.pdf:page_132, Гражданский кодекс Российской Федерации.pdf:page_583, Гражданский кодекс Российской Федерации.pdf:page_584, Гражданский кодекс Российской Федерации.pdf:page_636, Таможенный кодекс Евразийского экономического союза.pdf:page_451"
"Какое право применяется, если между сторонами обязательства не заключено соглашение о праве, подлежащем применению?","Если между сторонами обязательства **не заключено соглашение о праве**, подлежащее применению право определяется по общему правилу из соответствующей категории обязательства: в частности, для договоров — по нормам раздела о договорных обязательствах (например, для договоров с привязкой к недвижимому имуществу и т.п.), а для некоторых внедоговорных обязательств — по нормам о внедоговорных обязательствах.

Однако в предоставленном фрагменте текста **прямого общего ответа “если нет соглашения — применяется право X” для всех обязательств** нет.

**Имеется частичный ответ для договоров в торговом мореплавании (ст. 418 ГК РФ):** при отсутствии соглашения сторон о применимом праве отношения регулируются законом государства, где учреждена/имеет основное место деятельности/место жительства сторона, являющаяся:
- перевозчиком — в договоре морской перевозки;
- судовладельцем — в договоре морского агентирования, тайм-чартере и бербоут-чартере.

Для остального (в общем виде для “обязательств” в целом) **нет в документах**.","Гражданский кодекс Российской Федерации.pdf:page_105, Гражданский кодекс Российской Федерации.pdf:page_163, Гражданский кодекс Российской Федерации.pdf:page_172, Гражданский кодекс Российской Федерации.pdf:page_193, Гражданский кодекс Российской Федерации.pdf:page_221, Гражданский кодекс Российской Федерации.pdf:page_229, Гражданский кодекс Российской Федерации.pdf:page_238, Гражданский кодекс Российской Федерации.pdf:page_484, Гражданский кодекс Российской Федерации.pdf:page_488, Кодекс торгового мореплавания Российской Федерации.pdf:page_141"
"Какие дела об административных правонарушениях рассматривает федеральный орган исполнительной власти, осуществляющий функции в сфере деятельности войск национальной гвардии Российской Федерации?","Федеральный орган исполнительной власти, осуществляющий функции в сфере деятельности войск национальной гвардии Российской Федерации, рассматривает дела об административных правонарушениях, предусмотренных **статьями, указанных в тексте для этого органа**.

Однако в предоставленном фрагменте текст **обрывается на “Статья 23.85. … 1. Федеральный орган … осуществляющий функции в сфер”**, поэтому **перечень конкретных статей/составов правонарушений полностью не приведён**.

**Ответ по документам:** нет в документах (в данном фрагменте не указан полный перечень правонарушений).","Административный кодекс Российской Федерации.pdf:page_18, Административный кодекс Российской Федерации.pdf:page_453, Административный кодекс Российской Федерации.pdf:page_457, Административный кодекс Российской Федерации.pdf:page_486, Административный кодекс Российской Федерации.pdf:page_487, Административный кодекс Российской Федерации.pdf:page_500, Административный кодекс Российской Федерации.pdf:page_501, Административный кодекс Российской Федерации.pdf:page_502, Административный кодекс Российской Федерации.pdf:page_555, Административный кодекс Российской Федерации.pdf:page_604"
Какие меры предусмотрены для обеспечения температурно-влажностного режима подвальных помещений согласно ГОСТ МДС 13-18.2000?,"В тексте предусмотрены следующие меры для обеспечения температурно-влажностного режима подвальных помещений (температура воздуха не ниже +5 °С и влажность не более 60 %):

- **Плотность притворов** оконных и дверных проемов.  
- **Плотность закрывания** загрузочных люков, дверей, мусоросборных камер.  
- **Утепление трубопроводов**.  
- **Утепление входных дверей** (в т.ч. постановка пружин/амортизаторов на входных дверях).  
- **Частичное закрывание на осенне-зимний период продухов** в цоколях (для предотвращения переохлаждения конструкций при сохранении проветривания).  
- **Устранение всех повреждений конструкций подвалов** (полов, стен, потолков, перегородок и др.) и **исправность конструкций**, чтобы не допускать увлажнения.

Дополнительно в тексте указано, что подвальные помещения должны быть **сухими, чистыми, иметь освещение и вентиляцию**; меры по проветриванию и сушке также предусматриваются при нарушении режима (сквозное проветривание через продухи, люки и дверные/оконные проемы).","Data1_10_10852_index.pdf:page_12, Data1_10_10852_index.pdf:page_3, Data1_10_10852_index.pdf:page_37, Data1_10_10861_index.pdf:page_23, Data1_10_10861_index.pdf:page_24, Data1_10_10861_index.pdf:page_39, Data1_10_10861_index.pdf:page_5, Data1_10_10861_index.pdf:page_6, Data1_1_1879_index.pdf:page_5, Data1_2_2096_index.pdf:page_3"
"Что происходит, если сторона анализируемой сделки не отвечает требованиям для сопоставления?","В приведённом фрагменте текста ответ отсутствует: указано, как **сопоставляется рентабельность** и что сопоставляемая сторона должна отвечать перечисленным требованиям (например, по вкладу в прибыль — п. 6), но **что именно происходит, если сторона этим требованиям не соответствует**, в предоставленных материалах не сказано.

**Ответ: нет в документах.**","Гражданский кодекс Российской Федерации.pdf:page_107, Гражданский кодекс Российской Федерации.pdf:page_108, Гражданский кодекс Российской Федерации.pdf:page_109, Гражданский кодекс Российской Федерации.pdf:page_113, Гражданский кодекс Российской Федерации.pdf:page_114, Гражданский кодекс Российской Федерации.pdf:page_227, Гражданский кодекс Российской Федерации.pdf:page_260, Гражданский кодекс Российской Федерации.pdf:page_403, Налоговый кодекс Российской Федерации.pdf:page_285, Налоговый кодекс Российской Федерации.pdf:page_298"
Какова максимальная влажность древесины должна быть согласно ГОСТ МДС 17-13.2000?,"В предоставленных фрагментах документа **нет сведений** о максимальной влажности древесины по **ГОСТ МДС 17-13.2000**.  

Ответ: **нет в документах**.","Data1_10_10754_index.pdf:page_2, Data1_10_10846_index.pdf:page_11, Data1_10_10846_index.pdf:page_2, Data1_10_10846_index.pdf:page_29, Data1_10_10846_index.pdf:page_40, Data1_10_10861_index.pdf:page_11, Data1_10_10865_index.pdf:page_16, Data1_11_11295_index.pdf:page_29, Data1_11_11295_index.pdf:page_38, Data1_11_11295_index.pdf:page_6"
Какие сведения должны быть указаны в исковом заявлении?,"В исковом заявлении должны быть указаны следующие сведения (по приведенному фрагменту):

1) наименование суда, в который подается заявление;  
2) сведения об истце (для гражданина и организации — по перечню, указанному в статье);  
3) сведения об ответчике (для гражданина и организации — по перечню, указанному в статье);  
4) требования истца к ответчику со ссылкой на законы и иные нормативные правовые акты (при нескольких ответчиках — требования к каждому);  
5) обстоятельства, на которых основаны исковые требования, и подтверждающие эти обстоятельства доказательства;  
6) цена иска, если иск подлежит оценке;  
7) расчет взыскиваемой или оспариваемой денежной суммы;  
8) сведения о соблюдении истцом претензионного или иного досудебного порядка;  
8.1) сведения о предпринятых сторонами действиях, направленных на примирение (если такие действия предпринимались);  
9) сведения о мерах, принятых арбитражным судом по обеспечению имущественных интересов до предъявления иска;  
10) перечень прилагаемых документов.  

Также сказано, что в заявлении должны быть указаны и иные сведения, если они необходимы для правильного и своевременного рассмотрения дела, и могут содержаться ходатайства (в том числе об истребовании доказательств).","Арбитражный процессуальный кодекс Российской Федерации.pdf:page_60, Арбитражный процессуальный кодекс Российской Федерации.pdf:page_61, Гражданский процессуальный кодекс Российской Федерации.pdf:page_28, Гражданский процессуальный кодекс Российской Федерации.pdf:page_51, Гражданский процессуальный кодекс Российской Федерации.pdf:page_52, Кодекс административного судопроизводства Российской Федерации.pdf:page_108, Кодекс административного судопроизводства Российской Федерации.pdf:page_110, Кодекс административного судопроизводства Российской Федерации.pdf:page_118, Кодекс административного судопроизводства Российской Федерации.pdf:page_163, Кодекс административного судопроизводства Российской Федерации.pdf:page_186"
Какие нарушения относятся к категории «В» согласно ГОСТ МДС 17-13.2000?,"В предоставленном фрагменте ГОСТ/МДС МДС 17-13.2000 не указан полностью, но из текста рядом с меткой **«В»** перечислены следующие нарушения (категория «В»):

1) **Отсутствие или закрытие продухов, вытяжных каналов или вентиляционных отверстий в окнах или цоколях**.  

2) **Нарушение пола подвала, открытые входные двери, захламленность, наличие грызунов, насекомых** (указано для 100 м²).  

3) **Нарушение правил пользования жилыми и нежилыми помещениями** (применяется к собственнику/балансодержателю; к физическим лицам — меры административного воздействия).  

4) **(Для помещений в квартирах) Нарушение температурно-влажностного режима помещений и конструкций не по вине проживающих** — в том числе протечки и промерзания, негерметичность окон/балконных дверей, нарушения работы вентиляции и дымоходов, неисправности элементов кровли/водостоков/стыков/швов, утечки и неисправность сантехустройств, электропроводки.  

5) **Неисправность полов, перегородок, окон, дверей** (указано как “В”).  

6) **Наличие провалов грунта, осадки крылец или конструкций входов, разрушений крылец, неисправных входных дверей** (для входов в здание и лестничных клеток, “Б” — но по тексту это отдельная строка; категория «В» для этой части не показана).

Если нужно, могу выписать все строки строго “В” построчно в том виде, как они встречаются в вашем фрагменте.","Data1_10_10846_index.pdf:page_20, Data1_10_10852_index.pdf:page_37, Data1_10_10853_index.pdf:page_3, Data1_10_10861_index.pdf:page_39, Административный кодекс Российской Федерации.pdf:page_554, Административный кодекс Российской Федерации.pdf:page_555, Административный кодекс Российской Федерации.pdf:page_556, ПДД Российской Федерации.pdf:page_59, ПДД Российской Федерации.pdf:page_60, ПДД Российской Федерации.pdf:page_62"
"Что означает знак 3.33 ""Движение транспортных средств с взрывчатыми и легковоспламеняющимися грузами запрещено""?","В предоставленных фрагментах **нет информации** о дорожном знаке **3.33** и его значении.  

Ответ: **нет в документах**.","Административный кодекс Российской Федерации.pdf:page_187, Административный кодекс Российской Федерации.pdf:page_196, ПДД Российской Федерации.pdf:page_10, ПДД Российской Федерации.pdf:page_14, ПДД Российской Федерации.pdf:page_17, ПДД Российской Федерации.pdf:page_19, ПДД Российской Федерации.pdf:page_36, ПДД Российской Федерации.pdf:page_53, ПДД Российской Федерации.pdf:page_54, ПДД Российской Федерации.pdf:page_8"
"Какие документы должны быть приложены к информации, предоставляемой налогоплательщиком?","В предоставленном фрагменте есть указание, какие документы могут прилагаться к **информации/сообщению**, но не сформулировано в одном месте общий перечень “документы, которые должны быть приложены к информации, предоставляемой налогоплательщиком”.

По тексту встречается следующее (частичный ответ):

- **Сообщение о наличии объекта налогообложения** направляется с **приложением копий правоустанавливающих (правоудостоверяющих) документов на объекты недвижимого имущества и (или) документов, подтверждающих государственную регистрацию транспортных средств**.","Налоговый кодекс Российской Федерации.pdf:page_1197, Налоговый кодекс Российской Федерации.pdf:page_1203, Налоговый кодекс Российской Федерации.pdf:page_1557, Налоговый кодекс Российской Федерации.pdf:page_192, Налоговый кодекс Российской Федерации.pdf:page_193, Налоговый кодекс Российской Федерации.pdf:page_196, Налоговый кодекс Российской Федерации.pdf:page_244, Налоговый кодекс Российской Федерации.pdf:page_30, Налоговый кодекс Российской Федерации.pdf:page_345, Налоговый кодекс Российской Федерации.pdf:page_463"
"Какие статьи КоАП рассматривают судьи районных судов, согласно пункту 4 статьи 23.1?","В предоставленном тексте прямо указано, какие дела (по каким составам КоАП РФ) рассматривают **судьи районных судов**. Это:

- дела, указанные в **частях 1–2 статьи 23.1** (при производстве в форме административного расследования),  
- дела об административных правонарушениях, совершенных сотрудниками **Следственного комитета РФ**,  
- дела, влекущие **административное выдворение**, **административное приостановление деятельности** или **дисквалификацию** лиц, замещающих должности федеральной/региональной/муниципальной госслужбы;

а также дела, предусмотренные следующими статьями/частями:
- **статья 5.38**  
- **части 2 и 3 статьи 6.3**  
- **статьи 7.13–7.16**  
- **части 2.1–2.4 статьи 13.15**  
- **статья 13.47**  
- **части 1 и 4 статьи 14.57**  
- **статьи 15.27.3, 19.3**  
- **части 18 и 19 статьи 19.5**  
- **статьи 19.7.5-2 – 19.7.5-4**  
- **статья 19.28** (в части правонарушений, совершенных за пределами РФ)  
- **статьи 19.34, 19.34.1**  
- **статьи 20.1–20.3.4**  
- **статья 20.6.1**  
- **статья 20.18**  
- **часть 2 статьи 20.28**  
- **статьи 20.29, 20.31, 20.33, 20.34**  

Иных статей в процитированном фрагменте **помимо перечисленных** нет.","Административный кодекс Российской Федерации.pdf:page_0, Административный кодекс Российской Федерации.pdf:page_453, Административный кодекс Российской Федерации.pdf:page_456, Административный кодекс Российской Федерации.pdf:page_459, Административный кодекс Российской Федерации.pdf:page_460, Административный кодекс Российской Федерации.pdf:page_573, Административный кодекс Российской Федерации.pdf:page_575, Гражданский процессуальный кодекс Российской Федерации.pdf:page_11, Кодекс административного судопроизводства Российской Федерации.pdf:page_19, Уголовно-процессуальный кодекс Российской Федерации.pdf:page_21"
Какие действия рекомендуется проводить для сопоставления расценок на эксплуатацию строительных машин и тарифов на транспортные услуги согласно ГОСТ МДС 81-9.2000?,"В предоставленных фрагментах **ГОСТ/МДС 81-9.2000** прямых указаний про то, *какие действия проводить для сопоставления расценок на эксплуатацию строительных машин и тарифов на транспортные услуги*, — **нет в документах**.","Data1_10_10754_index.pdf:page_3, Data1_10_10848_index.pdf:page_10, Data1_10_10848_index.pdf:page_2, Data1_10_10848_index.pdf:page_3, Data1_1_1879_index.pdf:page_10, Data1_2_2069_index.pdf:page_15, Data1_2_2075_index.pdf:page_1, Data1_2_2075_index.pdf:page_3, Data1_2_2076_index.pdf:page_5, Data1_2_2079_index.pdf:page_7"
Какова стоимость комментариев к статьям на сайте https://nkodeksrf.ru/ для организаций?,В приведённом фрагменте указано: **для организаций — 2 000 рублей** (стоимость комментариев к статьям на сайте https://nkodeksrf.ru/).,"Налоговый кодекс Российской Федерации.pdf:page_1256, Налоговый кодекс Российской Федерации.pdf:page_1260, Налоговый кодекс Российской Федерации.pdf:page_1280, Налоговый кодекс Российской Федерации.pdf:page_1284, Налоговый кодекс Российской Федерации.pdf:page_1285, Налоговый кодекс Российской Федерации.pdf:page_1293, Налоговый кодекс Российской Федерации.pdf:page_1297, Налоговый кодекс Российской Федерации.pdf:page_1300, Налоговый кодекс Российской Федерации.pdf:page_1302, Налоговый кодекс Российской Федерации.pdf:page_949"
"Какие действия предпринимаются при невыполнении обязанностей по сносу самовольной постройки или ее приведению в соответствие с требованиями на земельном участке, не приобретенном иным лицом на публичных торгах?","В представленных фрагментах указано следующее:

- Если в установленный срок лицами, указанными в части 6 статьи, **не выполнены обязанности по сносу самовольной постройки или приведению ее в соответствие с установленными требованиями**, то при переходе прав на земельный участок **обязательство по сносу/приведению в соответствие переходит новому правообладателю** (в сроки, установленные Земельным кодексом РФ).  
- Также в тексте упоминается, что в случае решения о сносе/приведении в соответствие **лица, указанные в части 6**, (а в предусмотренных случаях — новый правообладатель) **выполняют обязанности** (дальнейшие детали в приведенном фрагменте обрываются).

Про условие “земельный участок не приобретен иным лицом на публичных торгах” в предоставленных документах **явного ответа нет** (нет в документах).","Градостроительный кодекс Российской Федерации.pdf:page_254, Градостроительный кодекс Российской Федерации.pdf:page_255, Градостроительный кодекс Российской Федерации.pdf:page_256, Градостроительный кодекс Российской Федерации.pdf:page_257, Градостроительный кодекс Российской Федерации.pdf:page_94, Гражданский кодекс Российской Федерации.pdf:page_130, Гражданский кодекс Российской Федерации.pdf:page_131, Земельный кодекс Российской Федерации.pdf:page_120, Земельный кодекс Российской Федерации.pdf:page_129, Земельный кодекс Российской Федерации.pdf:page_166"
