question,answer,sources
Какие требования устанавливаются к составу и содержанию документации по удалению затонувшего имущества?," Документация для удаления затонувшего имущества должна содержать описание способа и средств удаления, последовательность действий, требования к безопасности их проведения, а также критерии оценки составу и содержанию.","Кодекс торгового мореплавания Российской Федерации.pdf:page_40, Кодекс торгового мореплавания Российской Федерации.pdf:page_42, Кодекс торгового мореплавания Российской Федерации.pdf:page_43, Кодекс торгового мореплавания Российской Федерации.pdf:page_44, Кодекс торгового мореплавания Российской Федерации.pdf:page_45"
Какие основные показатели оценки офертов на строительство производственных объектов указаны в ГОСТ МДС 80-3.2000?," В ГОСТ МДС 80-3.2000 основные показатели оценки офертов на строительство производственных объектов указываются в следующих разделах:
1. Уровень организации управления процессами подготовки и реализации проектирования, строительства или выполнения комплекса работ.
2. Уровень квалификации рабочих и административно-управленческого персонала.
3. Характеризующие технический уровень средств производства, используемых оферентом.
4. Индексы стоимости (цен, затрат) на строительную продукцию, входящую в объект строительства.
5. Затраты на эксплуатацию машин и зарбаточную плату.
6. Применение вычислительной техники при составлении сметной документации.","Data1_10_10869_index.pdf:page_1, Data1_10_10869_index.pdf:page_2, Data1_2_2076_index.pdf:page_1, Data1_2_2079_index.pdf:page_1, Data1_2_2117_index.pdf:page_1"
Какая сумма привлеченных денежных средств считается особо крупным размером?," Сумма, превышающая за период в пределах трех финансовых лет подряд сорок пять миллионов рублей, признается особо крупным размером.","Уголовный кодекс Российской Федерации.pdf:page_122, Уголовный кодекс Российской Федерации.pdf:page_128, Уголовный кодекс Российской Федерации.pdf:page_129, Уголовный кодекс Российской Федерации.pdf:page_130, Уголовный кодекс Российской Федерации.pdf:page_132"
Какие трассы и сооружения должны быть показаны на схемах инженерных сетей и слаботочных линий согласно ГОСТ МДС 11-7.2000?," На схемах инженерных сетей должны быть показаны трассы для канализации, водостока, дренажа, газопровода, водопровода, теплосети, телефонных сетей и силовых кабельных сетей.","Data1_10_10865_index.pdf:page_13, Data1_11_11285_index.pdf:page_64, Data1_1_1904_index.pdf:page_19, Data1_1_1904_index.pdf:page_21, Data1_1_1904_index.pdf:page_9"
Что влечет наложение административного штрафа на должностных лиц за нарушение порядка предоставления обеспечения исполнения обязательств по оплате энергоресурсов?, Наложение административного штрафа на должностных лиц в размере от 20 тысяч до 30 тысяч рублей за нарушение установленного порядка предоставления обеспечения исполнения обязательств по оплате электрической энергии (мощности) - статья 14.61 Кодекса РФ об административных правонарушениях.,"Административный кодекс Российской Федерации.pdf:page_103, Административный кодекс Российской Федерации.pdf:page_104, Административный кодекс Российской Федерации.pdf:page_222, Административный кодекс Российской Федерации.pdf:page_301, Административный кодекс Российской Федерации.pdf:page_317"
Какие требования предъявляются к прочности закрепленных грунтов при однорастворной двухкомпонентной силикатизации на основе раствора силиката натрия и ортофосфорной кислоты согласно ГОСТ (к СНиП 3.02.01-83)?," Модуль для закрепленных грунтов при однорастворной двухкомпонентной силикатизации на основе раствора силиката натрия и ортофосфорной кислоты должен находиться в пределах 2,7 - 3 г/см². Плотность должна быть в пределах 1,2 - 1,45 г/см³ при закреплении песчаных грунтов и 1,13 - 1,2 г/см³ при закреплении просадочных грунтов согласно ГОСТ (к СНиП 3.02.01-83).","Data1_11_11295_index.pdf:page_12, Data1_11_11295_index.pdf:page_25, Data1_11_11295_index.pdf:page_26, Data1_11_11295_index.pdf:page_6, Data1_11_11295_index.pdf:page_8"
"Какова цель технического обслуживания и текущего ремонта зданий и сооружений, согласно статье 55.24, раздел 8?"," Целью технического обслуживания и текущего ремонта зданий и сооружений, согласно статье 55.24 раздел 8, является поддержание или восстановление первоначальных эксплуатационных качеств как здания и сооружения в целом, так и их отдельных конструкций.","Data1_1_1879_index.pdf:page_13, Data1_1_1879_index.pdf:page_2, Data1_1_1879_index.pdf:page_6, Градостроительный кодекс Российской Федерации.pdf:page_232, Градостроительный кодекс Российской Федерации.pdf:page_235"
Что происходит с потерями бюджета в связи с получением средств ниже расчетного объема дотации?," В случае поступления дотаций меньше расчетного объема, возникают бюджетные дефициты в получающих их муниципальных образованиях. Это может приводить к недостаточной финансовой поддержке определенных программ или проектов, затраты на которые предусмотрены в бюджетах. Требуется отслеживание и корректировка расчета дотаций для их увеличения или решения других финансовых вопросов.","Data1_10_10870_index.pdf:page_6, Бюджетный кодекс Российской Федерации.pdf:page_207, Бюджетный кодекс Российской Федерации.pdf:page_208, Бюджетный кодекс Российской Федерации.pdf:page_211, Бюджетный кодекс Российской Федерации.pdf:page_212"
Какое решение выносится по результатам рассмотрения материалов камеральной налоговой проверки?," Решение выносится в соответствии с пунктом 7 статьи, предусмотренных настоящей статьи (статья 231 Кодекса РФ о налогах и сборах).","Налоговый кодекс Российской Федерации.pdf:page_255, Налоговый кодекс Российской Федерации.pdf:page_256, Налоговый кодекс Российской Федерации.pdf:page_706, Налоговый кодекс Российской Федерации.pdf:page_712, Налоговый кодекс Российской Федерации.pdf:page_863"
"Подлежат ли вычету суммы акциза, исчисленные по истечении 180 календарных дней с даты выпуска товаров в Калининградской области?"," Да, суммы акциза в Калининградской области подлежат вычету при истечении 180 календарных дней с даты выпуска товаров.","Налоговый кодекс Российской Федерации.pdf:page_479, Налоговый кодекс Российской Федерации.pdf:page_480, Налоговый кодекс Российской Федерации.pdf:page_514, Налоговый кодекс Российской Федерации.pdf:page_525, Налоговый кодекс Российской Федерации.pdf:page_672"
"Что означает ""особыми условиями"" в контексте сдачи в аренду земельных участков и других обособленных природных объектов?"," В контексте сдачи в аренду земельных участков и других обособленных природных объектов, особыми условиями могут быть установлены дополнительные ограничения или требования к использованию или защите объекта. Например, это может включать ограничения на разрешенные виды деятельности, охранные зоны или специальные заповедные территории.","Гражданский кодекс Российской Федерации.pdf:page_284, Земельный кодекс Российской Федерации.pdf:page_185, Земельный кодекс Российской Федерации.pdf:page_186, Земельный кодекс Российской Федерации.pdf:page_189, Земельный кодекс Российской Федерации.pdf:page_195"
Какие основные положения генеральной схемы расселения учитываются на последующих стадиях градостроительного проектирования? (ГОСТ МДС 11-7.2000), Основные положения генеральной схемы расселения учитываются на последующих стадиях градостроительного проектирования всеми участниками градостроительной деятельности в границах проектируемого региона.,"Data1_1_1904_index.pdf:page_1, Data1_1_1904_index.pdf:page_5, Data1_1_1904_index.pdf:page_6, Data1_1_1904_index.pdf:page_7, Data1_1_1904_index.pdf:page_9"
Какие меры наказания за нарушение соглашения о недопущении конкуренции указаны в ГОСТ МДС 80-2.2000?," В ГОСТ МДС 80-2.2000 не указываются меры наказания за нарушение соглашения о недопущении конкуренции. Это документ предоставляет общие положения по организации внутренней конкуренции в проектной организации и рассматривает методы содействия развитию конкуренции, но не регламентирует наказания за их нарушение.","Data1_10_10872_index.pdf:page_1, Data1_10_10872_index.pdf:page_5, Data1_10_10872_index.pdf:page_8, Data1_10_10872_index.pdf:page_9, Административный кодекс Российской Федерации.pdf:page_255"
"Какие органы имеют право рассматривать дела об административных правонарушениях, предусмотренных статьей 15.12.1 КоАП РФ?"," Для рассмотрения дел об административных правонарушений, предусмотренных статьёй 15.12.1 КоАП РФ, право имеют органы исполнительной власти субъектов Российской Федерации, указанные в пунктах 1 - 9 и 13 части 2 статьи 23.79.2 КоАП РФ.","Административный кодекс Российской Федерации.pdf:page_464, Административный кодекс Российской Федерации.pdf:page_466, Административный кодекс Российской Федерации.pdf:page_494, Административный кодекс Российской Федерации.pdf:page_500, Административный кодекс Российской Федерации.pdf:page_504"
"Какие требования к стальным конструкциям установлены СНиП II-23-81*, изд. 1990 г.?"," Стальные конструкции должны соответствовать требованиям СНиП II-23-81, изд. 1990 г. с коэффициентом условий работы при расчете на прочность равным 1,1 (разд. 4) и при определении величины расчетной нагрузки от снега по формуле (12), где коэффициент μ0 для зенитных фонарей зданий в районах с v ≥ 4 м/с равен 0,85. При этом, коэффициент не распространяется на фонари, защищенные от прямого воздействия ветра соседними зданиями и сооружениями, удаленными менее чем на 10 Н.","Data1_10_10846_index.pdf:page_16, Data1_10_10846_index.pdf:page_3, Data1_10_10861_index.pdf:page_15, Data1_10_10861_index.pdf:page_17, Data1_10_10861_index.pdf:page_25"
Какое максимальное число баллов по показателю 'цена' рекомендуется устанавливать согласно ГОСТ МДС 80-3.2000?," По данным ГОСТа МДС 80-3.2000, максимальное число баллов по показателю «цена» рекомендуется установить в размере до 800 баллов.","Data1_10_10754_index.pdf:page_3, Data1_10_10869_index.pdf:page_1, Data1_10_10869_index.pdf:page_4, Data1_10_10869_index.pdf:page_5, Data1_2_2117_index.pdf:page_1"
"Как производится усыновление ребенка иностранными гражданами или лицами без гражданства, состоящими в браке с гражданами Российской Федерации?"," Усыновление иностранных граждан или лиц без гражданства, состоящих в браке с гражданами РФ, определяется Правительством Российской Федерации. Для этого необходимо:
1. Согласие усыновляющих родителей ребенка (иностранного гражданина или лица без гражданства).
2. Разрешение на усыновление, получено в государстве, где проживает ребенок.
3. Соответствующие документы для подтверждения факта личного общения усыновителей с ребенком и условий жизни и воспитания детей в семьях усыновителей на территории РФ.
4. Решение суда об усыновлении, после чего права и обязанности усыновителя и усыновленного ребенка возникают со дня вступления в законную силу.","Гражданский процессуальный кодекс Российской Федерации.pdf:page_112, Гражданский процессуальный кодекс Российской Федерации.pdf:page_113, Семейный кодекс Российской Федерации.pdf:page_37, Семейный кодекс Российской Федерации.pdf:page_52, Семейный кодекс Российской Федерации.pdf:page_53"
Что такое коллективный трудовой спор?," Коллективный трудовой спор - это разногласия, возникающие между работодателем и организацией (например, профсоюзом), которые представляют интересы нескольких либо всех работников данной организации.","Трудовой кодекс Российской Федерации.pdf:page_239, Трудовой кодекс Российской Федерации.pdf:page_244, Трудовой кодекс Российской Федерации.pdf:page_247, Трудовой кодекс Российской Федерации.pdf:page_249, Трудовой кодекс Российской Федерации.pdf:page_250"
Какие процедуры могут предшествовать заключению трудового договора с руководителем организации?," Процедуры, которые могут предшествовать заключению трудового договора с руководителем организации:

1. Утверждение кандидатуры руководителя в соответствии с уставами образовательной или научной организации.
2. Достижение согласия сторон о сроке трудового договора (определенный или неопределенный).
3. Оформление документов, необходимых для заключения трудового договора, таких как контракт, устав организации и другие нормативные акты.
4. Предупреждение работодателя об намерении руководителя заключить трудовой договор в письменной форме не позднее чем за один месяц, согласно статье 280 Кодекса РФ об ответственности перед государством и муниципалитетом.
5. Утверждение руководителем организации кандидатуры на должность заведующего кафедрой или декана факультета, в случае если эти должности являются выборными.","Трудовой кодекс Российской Федерации.pdf:page_160, Трудовой кодекс Российской Федерации.pdf:page_162, Трудовой кодекс Российской Федерации.pdf:page_193, Трудовой кодекс Российской Федерации.pdf:page_194, Трудовой кодекс Российской Федерации.pdf:page_197"
"Как исчисляются ввозные таможенные пошлины, налоги, специальные, антидемпинговые, компенсационные пошлины при помещении продуктов переработки под таможенную процедуру выпуска для внутреннего потребления?"," Ввозные таможенные пошлины, налоги, специальные, антидемпинговые, компенсационные пошлины при помещении продуктов переработки под таможенную процедуру выпуска для внутреннего потребления исчисляются исходя из стоимости операций по переработке.","Таможенный кодекс Евразийского экономического союза.pdf:page_155, Таможенный кодекс Евразийского экономического союза.pdf:page_196, Таможенный кодекс Евразийского экономического союза.pdf:page_197, Таможенный кодекс Евразийского экономического союза.pdf:page_204, Таможенный кодекс Евразийского экономического союза.pdf:page_269"
Что такое государственная собственность в Российской Федерации?," Государственная собственность в Российской Федерации - это форма собственности, которая принадлежит Российской Федерации.","Бюджетный кодекс Российской Федерации.pdf:page_69, Гражданский кодекс Российской Федерации.pdf:page_127, Жилищный кодекс Российской Федерации.pdf:page_80, Земельный кодекс Российской Федерации.pdf:page_19, Земельный кодекс Российской Федерации.pdf:page_91"
"Какие требования предъявляются к материалам утепления опорных контуров согласно ГОСТ 9573-82, ГОСТ 20916-87, ГОСТ 15588-86?"," Согласно указанным ГОСТам, материалы для утепления опорных контуров должны быть разрешены Государственным санитарным надзором (ГОСТ 20916-87) и иметь необходимые свойства, такие как высокая плотность и низкая теплопроводность (ГОСТ 9573-82 и ГОСТ 15588-86).","Data1_10_10846_index.pdf:page_2, Data1_10_10846_index.pdf:page_8, Data1_10_10846_index.pdf:page_9, Data1_10_10852_index.pdf:page_16, Data1_11_11295_index.pdf:page_26"
Кто одобрил Методические рекомендации по разработке технической части тендерной документации и оферты претендента?, Методические рекомендации были одобрены Межведомственной комиссией по подрядным торгам при Госстрое России.,"Data1_10_10865_index.pdf:page_1, Data1_10_10865_index.pdf:page_36, Data1_10_10866_index.pdf:page_7, Data1_10_10867_index.pdf:page_1, Data1_10_10869_index.pdf:page_1"
"Что грозит за непредставление или несвоевременное представление сведений, предусмотренных антимонопольным законодательством Российской Федерации?", За нарушение антимонопольного законодательства может быть наложен административный штраф в размере от двух тысяч до десяти тысяч рублей (для должностных лиц) и от двадцати тысяч до двухсот тысяч рублей (для юридических лиц).,"Административный кодекс Российской Федерации.pdf:page_268, Административный кодекс Российской Федерации.pdf:page_408, Административный кодекс Российской Федерации.pdf:page_409, Административный кодекс Российской Федерации.pdf:page_410, Административный кодекс Российской Федерации.pdf:page_411"
"Какие участки трубопроводов подлежат замене, согласно ГОСТ МДС 13-18.2000?"," Участки трубопроводов подлежат замене, если коррозионный износ превышает 60%, или более 0,7 свища на 1 метр длины трубопровода. Гидрохимическая промывка может служить альтернативой замене в некоторых случаях.","Data1_10_10852_index.pdf:page_20, Data1_1_1879_index.pdf:page_20, Data1_1_1879_index.pdf:page_29, Data1_1_1879_index.pdf:page_30, Data1_1_1879_index.pdf:page_32"
Какие правила и инструкции издает федеральный орган исполнительной власти в области рыболовства?," Федеральный орган исполнительной власти издает правила и инструкции в области рыболовства, такие как:
1) Правила о размещении знаков на водных объектах (на сайте koapkodeksrf.ru);
2) Правила о судах, используемых для отдельной деятельности в сфере рыболовства (на сайте ktmrf.ru);
3) Положение о дипломировании членов экипажей судов (на сайте ktmrf.ru).
4) Правила использования лесов для осуществления рыболовства (на сайте leskod.ru).","Административный кодекс Российской Федерации.pdf:page_476, Кодекс торгового мореплавания Российской Федерации.pdf:page_26, Кодекс торгового мореплавания Российской Федерации.pdf:page_3, Лесной кодекс Российской Федерации.pdf:page_20, Лесной кодекс Российской Федерации.pdf:page_51"
Какие примеры нематериальных активов приведены в тексте?," 1) Исключительное право на изобретение, промышленный образец, полезную модель;
2) Программа для ЭВМ, база данных;
3) Топология интегральных микросхем;
4) Товарный знак, знак.
5) Нематериальные активы приобретенные в ходе сельхоз налогоплательщика.
6) Основные средства (приобретенные или созданные самостоятельно) нематериальных активов.","Гражданский кодекс Российской Федерации.pdf:page_101, Налоговый кодекс Российской Федерации.pdf:page_1486, Налоговый кодекс Российской Федерации.pdf:page_285, Налоговый кодекс Российской Федерации.pdf:page_949, Налоговый кодекс Российской Федерации.pdf:page_968"
Как компенсируется ущерб Исполнителю в случае несвоевременной оплаты или необоснованного отказа от оплаты выполненных работ в ГОСТ МДС 11-11.2000?," В соответствии с ГОСТ МДС 11-11.2000, в случае несвоевременной оплаты или необоснованного отказа от оплаты выполненных работ Исполнителю, Работодатель обязан возместить ущерб, причиненный Исполнителю.","Data1_10_10858_index.pdf:page_10, Data1_10_10863_index.pdf:page_1, Гражданский кодекс Российской Федерации.pdf:page_310, Гражданский кодекс Российской Федерации.pdf:page_316, Трудовой кодекс Российской Федерации.pdf:page_148"
Какие способы уплаты государственной пошлины предусмотрены согласно ГОСТ МДС 81-23.2000?," Способы уплаты государственной пошлины на основании документа МДС 81-23.2000 не определены. Описан процесс учета в сметной документации разнообразных налогов, отчислений и плат, но конкретные способы уплаты пошлины не перечислены.","Data1_10_10754_index.pdf:page_1, Data1_10_10864_index.pdf:page_1, Data1_10_10870_index.pdf:page_1, Data1_2_2069_index.pdf:page_1, Data1_2_2070_index.pdf:page_1"
Какие данные об инвентарном номере и каталожном листе должны быть указаны в форме 5?," Данные о инвентарном номере должны быть указаны в виде серии, шифра и номера альбо каталожного листа.","Data1_10_10849_index.pdf:page_1, Data1_10_10849_index.pdf:page_3, Data1_10_10849_index.pdf:page_4, Арбитражный процессуальный кодекс Российской Федерации.pdf:page_215, Уголовно-процессуальный кодекс Российской Федерации.pdf:page_150"
Что такое заключение под стражу?," Заключение под стражу - это мера пресечения, которая может быть применена к подозреваемому или обвиняемому несовершеннолетнему в случае совершения тяжкого или особо тяжкого преступления, а также исключительных случаев с преступлением средней тяжести. Эта мера пресечения означает содержание лица под стражей до суда.","Уголовно-процессуальный кодекс Российской Федерации.pdf:page_267, Уголовно-процессуальный кодекс Российской Федерации.pdf:page_286, Уголовно-процессуальный кодекс Российской Федерации.pdf:page_76, Уголовно-процессуальный кодекс Российской Федерации.pdf:page_77, Уголовно-процессуальный кодекс Российской Федерации.pdf:page_81"
"Как долго может длиться процедура отбора лучшего предложения, согласно ГОСТ МДС 11-11.2000?"," Согласно указанному документу, процедура отбора лучшего предложения не ограничена сроком, но может длиться не более трех рабочих дней со дня вскрытия конвертов.","Data1_10_10866_index.pdf:page_9, Data1_10_10869_index.pdf:page_1, Data1_1_1904_index.pdf:page_1, Data1_2_2079_index.pdf:page_1, Лесной кодекс Российской Федерации.pdf:page_73"
Что происходит с патентной пошлиной после отзыва заявления об открытой лицензии?," Если до отзыва открытой лицензии был оплачен период поддержания патента, то патентообладатель должен уплатить пошлину за полный прошедший период после публикации сведений о открытой лицензии. В дальнейшем патентные пошлины уплачиваются в полном размере, как и ранее. Если до отзыва открытой лицензии были заключены соответствующие лицензионные договоры на условиях открытой лицензии, то лицензиаты сохраняют свои права до окончания срока действия этих договоров. В этом случае патентообладатель должен уплатить пошлину за поддержание патента в силе.","Гражданский кодекс Российской Федерации.pdf:page_572, Гражданский кодекс Российской Федерации.pdf:page_596, Гражданский кодекс Российской Федерации.pdf:page_606, Гражданский кодекс Российской Федерации.pdf:page_607, Гражданский кодекс Российской Федерации.pdf:page_608"
Какие объекты могут быть оценены с помощью УПБС согласно СНиПу?," Объекты, которые могут быть оценены с помощью УПБС - это объекты жилищно-гражданского назначения.","Data1_2_2080_index.pdf:page_1, Data1_2_2080_index.pdf:page_7, Data1_2_2080_index.pdf:page_8, Data1_2_2081_index.pdf:page_3, Data1_2_2081_index.pdf:page_6"
Какая площадь бетоносмесителей должна быть предусмотрена согласно ГОСТ МДС-80-8.2000?," Согласно ГОСТу МДС-80-8.2000, площадь бетоносмесителей не указана явно. Площадь должна быть определена в соответствии с требованиями конкретного проекта и объемами работ, выполняемых подрядчиком.","Data1_10_10754_index.pdf:page_1, Data1_10_10865_index.pdf:page_1, Data1_10_10865_index.pdf:page_20, Data1_10_10866_index.pdf:page_1, Data1_11_11295_index.pdf:page_6"
Как определяются затраты на получение исходных данных и согласования по проектным решениям согласно МДС 81-30.2002?, Затраты на получение исходных данных и согласования по проектным решениям определяются на основании договоров между заказчиком и проектной организацией.,"Data1_10_10754_index.pdf:page_1, Data1_10_10848_index.pdf:page_1, Data1_10_10848_index.pdf:page_8, Data1_2_2075_index.pdf:page_1, Data1_2_2079_index.pdf:page_1"
Какие административные правонарушения относятся к категории нарушений законодательства об охране здоровья граждан?," 1. Нарушение установленного федеральным законом запрета курения табака, потребления никотинсодержащей продукции или использования кальянов на отдельных территориях, в помещениях и на объектах.
2. Нарушение установленного федеральным законом запрета курения табака, потребления никотинсодержащей продукции или использования кальянов на детских площадках.
3. Обстоятельства, представляющие угрозу жизни и безопасности граждан.
4. Распространение в средствах массовой информации заведомо недостоверной общественной информации.
5. Несоблюдение субъектами обращения донорской крови и (или) ее компонентов правил заготовки, хранения, транспортировки и клинического использования донорской крови и ее компонентов.
6. Несообщение или сокрытие информации о реакциях на лекарственные средства.
7. Нарушение изготовителем, исполнителем (лицом, выполняющим функции иностранного изготовителя), продавцом требований технических регламентов или подлежащих применению до дня вступления в силу соответствующих технических регламентов обязательных требований к продукции либо к продукции и связанным с требованиями к продукции процессам проектирования.","Административный кодекс Российской Федерации.pdf:page_213, Административный кодекс Российской Федерации.pdf:page_286, Административный кодекс Российской Федерации.pdf:page_450, Административный кодекс Российской Федерации.pdf:page_71, Административный кодекс Российской Федерации.pdf:page_74"
Как согласно СНиП 3.01.03-84 устанавливаются анкерные блоки и закладные детали?," Анкерные блоки и закладные детали должны быть установлены с помощью деревянных реек, которые крепят к арматуре. Рейки изготовляют из брусьев сечением 30 × 30 мм и длиной 3 м. На рейки нивелиром наносят одну и ту же отметку, от которой рейки размечаются на метры и сантиметры в соответствии с проектными отметками. Рейки систематически наращивают по мере движения опалубки, в результате на монтажном горизонте рейки будут располагаться в углах карнизов.","Data1_10_10861_index.pdf:page_16, Data1_10_10861_index.pdf:page_17, Data1_10_10865_index.pdf:page_30, Data1_11_11285_index.pdf:page_35, Data1_2_2073_index.pdf:page_6"
Какой телефон указан для бесплатной юридическая консультации в регионах России?, Телефоном для бесплатной юридической консультации в регионах России является: 8 (800) 301-92-12.,"Административный кодекс Российской Федерации.pdf:page_347, Административный кодекс Российской Федерации.pdf:page_400, Административный кодекс Российской Федерации.pdf:page_425, Гражданский процессуальный кодекс Российской Федерации.pdf:page_110, Гражданский процессуальный кодекс Российской Федерации.pdf:page_123"
В каких условиях содержатся осужденные к аресту?," Осужденные к аресту отбывают наказание в арестных домах. Если есть болезнь, то перевод из одного арестного дома в другой допускается.","Уголовно-исполнительный кодекс Российской Федерации.pdf:page_37, Уголовно-исполнительный кодекс Российской Федерации.pdf:page_46, Уголовно-исполнительный кодекс Российской Федерации.pdf:page_6, Уголовно-исполнительный кодекс Российской Федерации.pdf:page_76, Уголовно-исполнительный кодекс Российской Федерации.pdf:page_83"
В каких случаях таможенный орган отказывает в выпуске товаров при предварительном декларировании?," Таможенный орган может отказывать в выпуске товаров по следующим основаниям:
1) Невыполнение условий, при которых таможенный орган производит выпуск товаров;
2) Невыполнение требований таможенного органа об изменении (дополнении) сведений, заявленных в таможенной декларации.","Таможенный кодекс Евразийского экономического союза.pdf:page_125, Таможенный кодекс Евразийского экономического союза.pdf:page_126, Таможенный кодекс Евразийского экономического союза.pdf:page_141, Таможенный кодекс Евразийского экономического союза.pdf:page_25, Таможенный кодекс Евразийского экономического союза.pdf:page_31"
Что такое процессуальное решение по определению статьи 33?," Процессуальное решение по статье 33 - это деловое постановление суда, в котором определяется вопрос о признании иска допустимым к рассмотрению или отказе в приеме его на рассмотрение.","Арбитражный процессуальный кодекс Российской Федерации.pdf:page_126, Арбитражный процессуальный кодекс Российской Федерации.pdf:page_84, Гражданский процессуальный кодекс Российской Федерации.pdf:page_123, Гражданский процессуальный кодекс Российской Федерации.pdf:page_61, Кодекс административного судопроизводства Российской Федерации.pdf:page_141"
Что означает знак 5.22?," Знак 5.22 означает ""Препятствие в полосе движения"". Этот знак используется для обозначения препятствия или работы, которая вынуждена занимать полосу автомобильной дороги, и указывает на необходимость следовать другой траектории в этой части дороги.","ПДД Российской Федерации.pdf:page_27, ПДД Российской Федерации.pdf:page_41, ПДД Российской Федерации.pdf:page_44, ПДД Российской Федерации.pdf:page_47, ПДД Российской Федерации.pdf:page_50"
"Какие требования ГОСТ или СНиП регулируют проектирование кладбища площадью до 0,5 га?"," Требования к проектированию кладбища площадью до 0,5 га регулируются ГОСТ 52687-2013 ""Кладбища. Общие требования"" и СНиП 2.04.049-85 ""Технические условия по проектированию и строительству кладбищ"".","Data1_10_10865_index.pdf:page_24, Data1_11_11285_index.pdf:page_25, Data1_11_11835_index.pdf:page_14, Data1_11_11835_index.pdf:page_15, Data1_2_2096_index.pdf:page_4"
Какие ГОСТы или СНиПы регламентируют расчет затрат на эксплуатацию строительных машин?, Сметные нормы и расценки для строительства (СНиР-91) регламентируют расчет затрат на эксплуатацию строительных машин.,"Data1_10_10848_index.pdf:page_5, Data1_2_2076_index.pdf:page_4, Data1_2_2076_index.pdf:page_6, Data1_2_2079_index.pdf:page_6, Data1_2_2117_index.pdf:page_2"
Какие требования МДС 14-13.2000 предъявляет к площади прочих помещений?," Требования МДС 14-13.2000 не указывают на определенные требования к площади прочих помещений. Однако в документе имеется раздел, посвященный освещению и светящимся поверхностям (3.3.4 Требования к освещению), который применим ко всем помещениям.","Data1_10_10847_index.pdf:page_1, Data1_10_10861_index.pdf:page_1, Data1_10_10863_index.pdf:page_1, Data1_10_10865_index.pdf:page_20, Data1_1_1879_index.pdf:page_1"
Какие преступления относятся к уголовным делам частного обвинения?," Преступления, относящиеся к уголовным делам частного обвинения, это:
1. Убийство с применением орудия помешательства (статья 115 части 1 УК РФ);
2. Непредумышленное убийство (статья 116.1 части 1 УК РФ);
3. Совершение жестокого причинения травмы в отношении несовершеннолетнего, повлёкшая за собой смерть (статья 128.1 части 1 УК РФ).","Уголовно-процессуальный кодекс Российской Федерации.pdf:page_103, Уголовно-процессуальный кодекс Российской Федерации.pdf:page_12, Уголовно-процессуальный кодекс Российской Федерации.pdf:page_13, Уголовно-процессуальный кодекс Российской Федерации.pdf:page_207, Уголовно-процессуальный кодекс Российской Федерации.pdf:page_23"
Что должно содержать пояснительная записка к схеме районной планировки? (ГОСТ МДС 11-7.2000)," Пояснительная записка к схеме районной планировке должна содержать следующие сведения:

* Сведения о зонах охраны курортов, источников водоснабжения, памятниках природы, недвижимых памятниках истории и культуры;
* Границы основных землепользований вне городских поселений;
* Функциональное использование территории с выделением производственных и селитебных территорий в городских поселениях, мелиорируемых и орошаемых сельскохозяйственных земель, лесов первой группы в землях лесного фонда;
* Сведения о сельских поселениях, садово-огородных и дачных хозяйствах;
* Отдельно расположенные крупные объекты и сооружения производственного назначения, энергетики, связи, внешнего транспорта, инженерного оборудования;
* Защитные сооружения от опасных природных и техногенных процессов и явлений, мероприятия по рекультивации территории;
* Территориальные резервы для различных видов строительства;
* Сведения об эколого-градостроительной ситуации и природно-климатических условиях, существующем использовании территории, состоянии фонда жилых и общественных зданий, памятников истории и культуры, инженерных и транспортных систем, благоустройства территории;
* Обоснования предлагаемых проектом архитектурно-планировочных решений;
* Городские гидротехнические сооружения;
* Участки русел рек и других водоемов, подлежащие регулированию, очистке, дноуглублению, заключению в трубы;
* Мероприятия по рекультивации нарушенных территорий.","Data1_1_1904_index.pdf:page_1, Data1_1_1904_index.pdf:page_11, Data1_1_1904_index.pdf:page_14, Data1_1_1904_index.pdf:page_20, Data1_1_1904_index.pdf:page_9"
Какие министерства и ведомства утверждают ценники на медицинское оборудование согласно ГОСТ МДС 81-8.2000?, Министерство здравоохранения СССР (Минздрав СССР) утверждает ценники на медицинское оборудование согласно ГОСТ МДС 81-8.2000.,"Data1_10_10754_index.pdf:page_1, Data1_10_10864_index.pdf:page_1, Data1_10_10864_index.pdf:page_16, Data1_10_10864_index.pdf:page_21, Data1_2_2073_index.pdf:page_1"
Какие разделы включены в проектные работы для трибун с подтрибунными помещениями согласно СНиП?," Включены следующие разделы проектных работ для трибун с подтрибунными помещениями:
1. Архитектурно-строительная часть (отопление, вентиляция, водопровод и канализация)
2. Организация и условия труда работников
3. Технико-экономические показатели
4. Организация строительства","Data1_10_10846_index.pdf:page_30, Data1_11_11835_index.pdf:page_24, Data1_11_11835_index.pdf:page_7, Data1_11_11835_index.pdf:page_9, Data1_2_2082_index.pdf:page_5"
Какой метод следует использовать для измерения крена зданий и сооружений сложной геометрической формы в СНиП 3.01.03-84?, Фотограмметрия или стереофотограмметрия.,"Data1_11_11285_index.pdf:page_17, Data1_11_11285_index.pdf:page_4, Data1_11_11285_index.pdf:page_71, Data1_11_11285_index.pdf:page_73, Data1_11_11285_index.pdf:page_75"
Какие операции включаются в управление остатками средств на едином счете бюджета территориального внебюджетного фонда?," Управление остатками средств на едином счету бюджета территориального внебюджетного фонда включает операции, осуществляемые в порядке, установленном Правительством Российской Федерации:

1. Операции по управлению остатками средств на едином счете федерального бюджета;
2. Другие операции по управлению остатками средств на едином счете федерального бюджета, установленные Правительством Российской Федерации.","Бюджетный кодекс Российской Федерации.pdf:page_326, Бюджетный кодекс Российской Федерации.pdf:page_330, Бюджетный кодекс Российской Федерации.pdf:page_331, Бюджетный кодекс Российской Федерации.pdf:page_368, Бюджетный кодекс Российской Федерации.pdf:page_381"
Что включается в состав обосновывающих материалов к сводному расчету затрат российских организаций в смешанных ценах?," Копии сводных смет в смешанных ценах, сводных сметных расчетов во внутренних (базисных) ценах Российской Федерации по объекту-аналогу, расчеты поправок и другие расчеты включаются в состав обосновывающих материалов к сводному расчету затрат российских организаций в смешанных ценах.","Data1_2_2069_index.pdf:page_11, Data1_2_2069_index.pdf:page_13, Data1_2_2069_index.pdf:page_23, Data1_2_2069_index.pdf:page_7, Data1_2_2069_index.pdf:page_9"
Какое определение выносит суд о замене ненадлежащего административного ответчика?, Суд выносит определение о замене ненадлежащего административного ответчика надлежащим. (По данным из статьи 44),"Арбитражный процессуальный кодекс Российской Федерации.pdf:page_22, Гражданский процессуальный кодекс Российской Федерации.pdf:page_18, Кодекс административного судопроизводства Российской Федерации.pdf:page_26, Кодекс административного судопроизводства Российской Федерации.pdf:page_76, Кодекс административного судопроизводства Российской Федерации.pdf:page_90"
"Что происходит, если представляемый одобряет сделку, заключенную неуполномоченным лицом?"," Если представляемый одобряет сделку, заключенную неуполномоченным лицом, то для него гражданские права и обязанности по данной сделке создаются, изменяются или прекращаются с момента ее совершения, однако он вправо отказаться от нее в одностороннем порядке при наличии факта о превышения полномочий либо их отсутствия у совершающего сделку лица.","Административный кодекс Российской Федерации.pdf:page_222, Гражданский кодекс Российской Федерации.pdf:page_111, Гражданский кодекс Российской Федерации.pdf:page_118, Гражданский кодекс Российской Федерации.pdf:page_402, Гражданский кодекс Российской Федерации.pdf:page_485"
Как устанавливаются порядок и формы внесения авансовых платежей?," Порядок и формы внесения авансовых платежей по налогу регламентируются федеральным законодательством, которое устанавливает сроки и методы их оплаты, а также предусматривает права для отдельных категорий налогоплательщиков не исчислять и не уплачивать авансовые платежи в течение налогового периода.","Налоговый кодекс Российской Федерации.pdf:page_1493, Налоговый кодекс Российской Федерации.pdf:page_1562, Налоговый кодекс Российской Федерации.pdf:page_1577, Налоговый кодекс Российской Федерации.pdf:page_1584, Налоговый кодекс Российской Федерации.pdf:page_1599"
"Что происходит с правом применения тарифов страховых взносов, если организация не выполняет условия, установленные пунктом 12?"," В случае невыполнения условий, установленных пунктом 12, такая организация лишается права применять пониженные тарифы страховых взносов с начала расчетного периода, в котором допущено несоответствие условиям, указанным в этом пункте.","Налоговый кодекс Российской Федерации.pdf:page_1640, Налоговый кодекс Российской Федерации.pdf:page_1642, Налоговый кодекс Российской Федерации.pdf:page_1647, Налоговый кодекс Российской Федерации.pdf:page_1648, Налоговый кодекс Российской Федерации.pdf:page_1649"
"Какие административные правонарушения рассматривает федеральный орган исполнительной власти, осуществляющий федеральный государственный карантинный фитосанитарный надзор, государственный надзор в области безопасного обращения с пестицидами и агрохимикатами и государственный земельный надзор (в отношении использования и охраны земель сельскохозяйственного назначения)?"," Федеральный орган исполнительной власти, осуществляющий федеральный государственный карантинный фитосанитарный надзор, рассматривает дела об административных правонарушениях, предусмотренных частью 2 статьи 7.2 настоящего Кодекса (в отношении уничтожения или повреждения знаков, установленных для осуществления государственного контроля в области обращения лекарственных средств для ветеринарного применения), а также статьями 9.1 и 11.20.1 настоящего Кодекса (в отношении безопасного обращения с пестицидами и агрохимикатами). В области государственного земельного надзора, федеральный орган исполнительной власти не указан.","Административный кодекс Российской Федерации.pdf:page_469, Административный кодекс Российской Федерации.pdf:page_473, Административный кодекс Российской Федерации.pdf:page_476, Административный кодекс Российской Федерации.pdf:page_480, Административный кодекс Российской Федерации.pdf:page_493"
Какой телефон доступен для бесплатной юридической консультации в регионах России?, 8 (800) 301-92-12 (Регионы РФ). Этот номер доступен для бесплатной юридической консультации в регионах России.,"Административный кодекс Российской Федерации.pdf:page_347, Административный кодекс Российской Федерации.pdf:page_400, Административный кодекс Российской Федерации.pdf:page_425, Водный кодекс Российской Федерации.pdf:page_21, Гражданский кодекс Российской Федерации.pdf:page_550"
Какие сведения должен содержать опросник согласно ГОСТ МДС 80-5.2000?," Согласно ГОСТу МДС 80-5.2000, опросник должен содержать сведения о претенденте на участие в подрядных торгах, такие как: имя, адрес и наименование организации; качество и количество специалистов; техническая база и оборудование; опыт выполнения аналогичных проектов; финансовая отчётность; статус юридического лица.","Data1_10_10849_index.pdf:page_1, Data1_10_10862_index.pdf:page_1, Data1_10_10865_index.pdf:page_1, Data1_10_10866_index.pdf:page_1, Data1_10_10867_index.pdf:page_1"
Кто утверждает форму заявления о включении в перечень организаций розничной торговли?," Форма заявления о включении в перечень организаций розничной торговли утверждается федеральным органом исполнительной власти, осуществляющим функции по выработке государственной политики и нормативно-правовому регулированию в области развития внешней и внутренней торговли.","Налоговый кодекс Российской Федерации.pdf:page_452, Налоговый кодекс Российской Федерации.pdf:page_500, Налоговый кодекс Российской Федерации.pdf:page_501, Налоговый кодекс Российской Федерации.pdf:page_502, Таможенный кодекс Евразийского экономического союза.pdf:page_469"
Какой порядок уведомления лица о проведении проверки таможенных документов и сведений после выпуска товаров?," После выпуска товаров, в случае проверки таможенных документов и сведений, решения принимает таможенный орган в соответствии с настоящим Кодексом. Информации о том, что происходит проверка, лицу не предоставляется.","Таможенный кодекс Евразийского экономического союза.pdf:page_123, Таможенный кодекс Евразийского экономического союза.pdf:page_396, Таможенный кодекс Евразийского экономического союза.pdf:page_397, Таможенный кодекс Евразийского экономического союза.pdf:page_399, Таможенный кодекс Евразийского экономического союза.pdf:page_401"
"Какая стоимость содержания рабочих, занятых на выполнении строительно-монтажных работ, включая механизаторов, указана в смете № 4.1 согласно ГОСТ МДС 81-21.2000?"," Стоимость содержания рабочих, занятых на выполнении строительно-монтажных работ, включая механизаторов, не указана в смете № 4.1 согласно ГОСТ МДС 81-21.2000. Эта смета относится к затратам на оплату труда основных рабочих и механизаторов, но не к их содержанию в полном объеме. Для определения стоимости содержания рабочих требуется обратиться к другим сметам, таким как 4.1, 4.2 и 4.3.","Data1_10_10754_index.pdf:page_3, Data1_10_10848_index.pdf:page_5, Data1_10_10848_index.pdf:page_7, Data1_2_2069_index.pdf:page_16, Data1_2_2080_index.pdf:page_6"
В какие сроки должны быть устранены нарушения и сообщено об этом в суд?," По статье 200 Кодекса судебной практики, при выявлении случаев нарушения законности суд выносит частное определение не позднее следующего рабочего дня после дня вынесения частичного определения. При этом суд обязан немедленно сообщить оправданные допущенные нарушения в соответствующие органы, организации или соответствующих лиц. В случае с договором найма жилого помещения, при расторжении которого наниматель виновен в разрушении или порче помещения, суду может быть предоставлен срок не более года для устранения им нарушений. В случае отказа в удовлетворении административного иска при пропуске срока обращения в суд без уважительной причины, восстановление пропущенного срока невозможно, поэтому в мотивировочной части решения суда об отказе следует указать на пропуск срока.","Гражданский кодекс Российской Федерации.pdf:page_304, Гражданский процессуальный кодекс Российской Федерации.pdf:page_54, Кодекс административного судопроизводства Российской Федерации.pdf:page_105, Кодекс административного судопроизводства Российской Федерации.pdf:page_125, Кодекс административного судопроизводства Российской Федерации.pdf:page_97"
"В каких случаях трудовой договор прекращается, если невозможно перевести работника с его письменного согласия на другую имеющуюся у работодателя работу?"," Трудовой договор может быть прекращён в тех случаях, когда невозможно перевести работника с его письменного согласия на другую имеющуюся у работодателя работу (как вакантную должность или работу, соответствующую квалификации работника, так и вакантную нижестоящую должность или нижеоплачиваемую работу), которую работник может выполнять с учетом его состояния здоровья.","Трудовой кодекс Российской Федерации.pdf:page_50, Трудовой кодекс Российской Федерации.pdf:page_51, Трудовой кодекс Российской Федерации.pdf:page_52, Трудовой кодекс Российской Федерации.pdf:page_58, Трудовой кодекс Российской Федерации.pdf:page_60"
Кто должен направлять информацию о региональных и местных налогах в территориальные органы федерального органа исполнительной власти?, Локальные администрации или исполнительные органы федеральных территорий должны направлять информацию о региональных и местных налогах в территориальные органы федерального органа исполнительной власти.,"Налоговый кодекс Российской Федерации.pdf:page_146, Налоговый кодекс Российской Федерации.pdf:page_1619, Налоговый кодекс Российской Федерации.pdf:page_20, Налоговый кодекс Российской Федерации.pdf:page_23, Налоговый кодекс Российской Федерации.pdf:page_61"
Какие требования к неравномерности естественного освещения приведены в ГОСТ МДС 31-8.2002?," Степень неравномерности естественного освещения должна определяться по значениям КЕО в расчетных точках, расположенных на пересечении вертикальной плоскости разрезов помещения с наименьшей и наибольшей освещенностью и условной рабочей поверхности или пола. Критерии неравномерности определяются в приложении 9 рекомендаций ГОСТ МДС 31-8.2002.","Data1_10_10754_index.pdf:page_1, Data1_10_10846_index.pdf:page_1, Data1_10_10846_index.pdf:page_15, Data1_10_10861_index.pdf:page_1, Data1_10_10865_index.pdf:page_20"
Какое Положение о применении финансовых санкций Государственной жилищной инспекцией содержится в МДС 17-13.2000?," Положение о применении финансовых санкций Государственной жилищной инспекции не содержится в МДС 17-13.2000, на которое ссылается данный вопрос.","Data1_10_10861_index.pdf:page_1, Data1_10_10861_index.pdf:page_2, Data1_10_10861_index.pdf:page_36, Data1_10_10863_index.pdf:page_1, Data1_1_1879_index.pdf:page_1"
Какие объекты не могут быть построены в границах зон затопления и подтопления?," Объекты капитального строительства, не обеспеченные сооружениями или методами инженерной защиты территорий и объектов от негативного воздействия вод не могут быть построены в границах зон затопления и подтопления.","Data1_1_1904_index.pdf:page_12, Административный кодекс Российской Федерации.pdf:page_133, Водный кодекс Российской Федерации.pdf:page_41, Земельный кодекс Российской Федерации.pdf:page_186, Земельный кодекс Российской Федерации.pdf:page_189"
Что такое транспортное средство и какие виды транспортных средств существуют?," Транспортное средство - это любое устройство, которое используется для передвижения людей или грузов между разными местами. К транспортным средствам могут относиться автомобили, корабли, самолеты, велосипеды и другие виды транспорта.","Административный кодекс Российской Федерации.pdf:page_535, Гражданский кодекс Российской Федерации.pdf:page_293, Таможенный кодекс Евразийского экономического союза.pdf:page_172, Таможенный кодекс Евразийского экономического союза.pdf:page_309, Таможенный кодекс Евразийского экономического союза.pdf:page_311"
Какие особенности содержания дирекции при сооружении объектов за счет государственных централизованных капитальных вложений? (ГОСТ не указан), Содержание дирекции при сооружении объектов за счет государственных централизованных капитальных вложений регламентируется в соответствии с нормами продолжительности проекта и предусматривается в сводном сметном расчете стоимости строительства на весь период. Они могут расходоваться в этих пределах. Дирекция ликвидируется после утверждения акта государственной приемочной комиссии о приемке объекта в эксплуатацию.,"Data1_1_1804_index.pdf:page_10, Data1_1_1804_index.pdf:page_6, Data1_1_1804_index.pdf:page_7, Data1_2_2116_index.pdf:page_4, Бюджетный кодекс Российской Федерации.pdf:page_107"
Какие исключения существуют для применения ГЭСН?," Исключения для применения ГЭСН могут произойти в следующих случаях:
1. При производстве работ в особых условиях, например, стесненности, загазованности, вблизи действующего оборудования, в районах со специфическими факторами и других сложных производственных условиях по сравнению с предусмотренными в сборниках ГЭСН. В этих случаях необходимо руководствоваться правилами, изложенными в разделе 3 настоящих указаний.
2. В тех регионах страны, где отсутствуют нормы расхода неоднократно используемых материалов и деталей (например, опалубка, крепления и др.).
3. В районах Крайнего Севера и местностях, приравненных к районам Крайнего Севера.","Data1_10_10062_index.pdf:page_1, Data1_10_10062_index.pdf:page_4, Data1_10_10062_index.pdf:page_5, Data1_10_10062_index.pdf:page_6, Data1_10_10754_index.pdf:page_16"
"Какие условные однотипные обозначения и краски должны применяться для изображения элементов, повторяющихся на различных чертежах, согласно ГОСТ МДС 11-7.2000?"," Условные однотипные обозначения и прозрачные краски должны применяться для изображения элементов, повторяющихся на различных чертежах, согласно ГОСТ МДС 11-7.2000.","Data1_10_10865_index.pdf:page_24, Data1_1_1904_index.pdf:page_13, Data1_1_1904_index.pdf:page_27, Гражданский кодекс Российской Федерации.pdf:page_628, ПДД Российской Федерации.pdf:page_38"
Какие сроки давности привлечения к административной ответственности предусмотрены за нарушение законодательства о государственном регулировании деятельности по организации и проведению азартных игр?," Срок давности привлечения к административной ответственности за нарушение законодательства о государственном регулировании деятельности по организации и проведению азартных игр не указан в предоставленном контексте. Однако следует отметить, что срок давности привлечения к административной ответственности для других административных правонарушений составляет 6 месяцев со дня их совершения.","Административный кодекс Российской Федерации.pdf:page_240, Административный кодекс Российской Федерации.pdf:page_241, Административный кодекс Российской Федерации.pdf:page_30, Административный кодекс Российской Федерации.pdf:page_31, Административный кодекс Российской Федерации.pdf:page_570"
Как формируется перечень внутренних водных путей?," Перечень внутренних водных путей формируется в соответствии с законодательством Российской Федерации, по согласованию с администрациями бассейнов внутренних водных путей.","Кодекс внутреннего водного транспорта Российской Федерации.pdf:page_0, Кодекс внутреннего водного транспорта Российской Федерации.pdf:page_20, Кодекс внутреннего водного транспорта Российской Федерации.pdf:page_26, Кодекс внутреннего водного транспорта Российской Федерации.pdf:page_7, Кодекс внутреннего водного транспорта Российской Федерации.pdf:page_9"
Какие объекты органов государственной власти и управления исключаются из графиков временного отключения электрической энергии согласно ГОСТ МДС 13-19.2001?," Потребители объектов органов государственной власти и управления, исключаются из графиков временного отключения электрической энергии согласно ГОСТ МДС 13-19.2001 не включены в перечнете. Эти объекты определены как: органы государственной власти и управления, медицинские учреждения и учреждения социального обеспечения, организации связи, воинские части Минобороны России, МВД России, ФПС России, МЧС России, ФАПСИ, ФСЖВ России, исправительно-трудовые учреждения, следственные изоляторы, тюрьмы, объекты ФСО России, ГУСП.","Data1_10_10853_index.pdf:page_1, Data1_10_10853_index.pdf:page_2, Data1_10_10853_index.pdf:page_3, Data1_10_10853_index.pdf:page_4, Data1_10_10863_index.pdf:page_1"
Что входит в правовое регулирование трудовых отношений по подготовке и дополнительному профессиональному образованию работников?," Правовое регулирование трудовых отношений по подготовке и дополнительному профессиональному образованию работников включает:
- возможность заключения трудового договора на замещение должности педагогического работника, который может быть как на неопределенный срок, так и на определенный;
- отсутствие дискриминации в подготовке к профессии или роду деятельности.","Трудовой кодекс Российской Федерации.pdf:page_0, Трудовой кодекс Российской Федерации.pdf:page_1, Трудовой кодекс Российской Федерации.pdf:page_110, Трудовой кодекс Российской Федерации.pdf:page_111, Трудовой кодекс Российской Федерации.pdf:page_193"
Какие работы следует провести для влажной уборки помещения чердака согласно ГОСТ МДС 13-18.2000?," Для влажной уборки помещения чердака следует:
1. Заменить разрушенные плиты покрытия и стенок вентиляционных коробов с применением гипса, хранящегося не более 2-3 месяцев.
2. Армировать новые плиты полосовой или кровельной сталью, предварительно очищенной от ржавчины.
3. Проверить герметичность двойных дверей, ведущих в вентиляционные камеры, и снабдить их врезными замками.
4. Прикрепить плохо заделанную решетку шурупами к раме или изготовить ее из деревянных планок сечением 20×40 мм и установить на место.
5. Утепление вентиляционных шахт производиться путем оштукатуривания снаружи по войлоку и дранке и обивкой из упругих материалов.
6. Вести постоянный надзор за состоянием теплоизоляции чердачного перекрытия, вентиляционных каналов камер, шахт, исправным содержанием печных труб, боровов, теплоизоляцией трубопроводов центрального отопления и горячего водоснабжения.
7. Устранять различного рода течи в трубопроводах и провисание труб.
8. Сохранять слуховые окна в открытом состоянии, оборудовать жалюзий.","Data1_10_10852_index.pdf:page_1, Data1_10_10852_index.pdf:page_11, Data1_10_10852_index.pdf:page_12, Data1_10_10852_index.pdf:page_25, Data1_10_10861_index.pdf:page_6"
"Что означает возможность таможенного декларирования товаров, незаконно перемещенных через таможенную границу Союза?"," Таможенное декларирование товаров, незаконно перемещённых через таможенную границу Союза, означает установленная законодательством возможность оплаты таможенных пошлин, налогов и других сборов в отношении контрабандных товаров. Это может быть выполнено, если перемещение контрабандных товаров было предусмотрено Комиссией или не урегулировано Комиссией.","Таможенный кодекс Евразийского экономического союза.pdf:page_295, Таможенный кодекс Евразийского экономического союза.pdf:page_296, Таможенный кодекс Евразийского экономического союза.pdf:page_297, Таможенный кодекс Евразийского экономического союза.pdf:page_306, Таможенный кодекс Евразийского экономического союза.pdf:page_90"
Какие услуги включены в пункт 4 перечня продукции и услуг проектного института согласно ГОСТ МДС 11-11.2000?," Перечень продукции и услуг проектного института включает:
1. Разработка нормативно-инструктивной документации по организации проектирования и строительства.
2. Регистрация, рассмотрение, оформление рацпредложений и изобретений в процессе строительства.
3. Методическая помощь авторам рацпредложений и изобретений.
4. Составление лицензионных паспортов на материалы.
5. Консультационная помощь при выходе на внешний рынок.","Data1_10_10858_index.pdf:page_1, Data1_10_10858_index.pdf:page_14, Data1_10_10858_index.pdf:page_4, Data1_10_10859_index.pdf:page_1, Data1_10_10863_index.pdf:page_1"
"Какие действия должен предпринять специалист, если ему известно, что коллега недостаточно профессионально образован, ответственен и не имеет достаточных навыков и практического опыта для выполнения соответствующих функций, работ или услуг согласно ГОСТ?"," Специалист должен отказаться в ходатайстве или выдаче положительной характеристики заинтересованному коллеге, если тот недостаточно профессионально образован, ответственен и не имеет достаточных навыков и практического опыта для выполнения соответствующих функций, работ или услуг.","Data1_10_10851_index.pdf:page_2, Data1_10_10851_index.pdf:page_3, Data1_10_10851_index.pdf:page_4, Data1_10_10851_index.pdf:page_6, Data1_10_10872_index.pdf:page_7"
Что допускается без согласия автора или иного правообладателя и без выплаты вознаграждения в целях создания пародий и карикатур?," Без согласия автора или иного правообладателя и без выплаты вознаграждения допускается создание пародий и карикатур в информационных, научных, учебных или культурных целях, при условии указания имени автора произведения, которого используется.","Гражданский кодекс Российской Федерации.pdf:page_504, Гражданский кодекс Российской Федерации.pdf:page_527, Гражданский кодекс Российской Федерации.pdf:page_528, Гражданский кодекс Российской Федерации.pdf:page_529, Гражданский кодекс Российской Федерации.pdf:page_531"
Какие материалы используются для гидроизоляции полов рубероидом согласно СНиП?, Рубероид используется в качестве материала для гидроизоляции полов по СНипу.,"Data1_10_10861_index.pdf:page_18, Data1_10_10861_index.pdf:page_19, Data1_10_10861_index.pdf:page_25, Data1_11_11285_index.pdf:page_52, Data1_2_2081_index.pdf:page_15"
Какой вид исправительного учреждения и режим должны быть определены подсудимому при назначении ему наказания в виде лишения свободы?," Определение вида исправительного учреждения и режима должны быть определены подсудимому при назначении ему наказания в виде лишения свободы в соответствии с видом и размером наказания, назначенного подсудимому, а также законодательством Российской Федерации.","Уголовно-исполнительный кодекс Российской Федерации.pdf:page_44, Уголовно-исполнительный кодекс Российской Федерации.pdf:page_51, Уголовно-исполнительный кодекс Российской Федерации.pdf:page_69, Уголовно-процессуальный кодекс Российской Федерации.pdf:page_192, Уголовно-процессуальный кодекс Российской Федерации.pdf:page_197"
"Какие расходы по услугам, оказываемым Торгпредством Российской Федерации в стране пребывания, учитываются в период пребывания за границей?", В периоде пребывания за границей учитываются расходы на информационные материалы Торгпредства Российской Федерации в стране строительства.,"Data1_2_2069_index.pdf:page_11, Data1_2_2082_index.pdf:page_23, Административный кодекс Российской Федерации.pdf:page_375, Налоговый кодекс Российской Федерации.pdf:page_943, Трудовой кодекс Российской Федерации.pdf:page_198"
Какие работы по смене ветхих венцов бревенчатых или брусчатых стен (до 20% общей поверхности стен) описаны в ГОСТ МДС 14-13.2000?, Смена ветхих венцов бревенчатых или брусчатых стен (до 20% общей поверхности стен) описана в пункте 8 ГОСТа МДС 14-13.2000.,"Data1_1_1879_index.pdf:page_19, Data1_1_1879_index.pdf:page_20, Data1_1_1879_index.pdf:page_21, Data1_1_1879_index.pdf:page_27, Data1_1_1879_index.pdf:page_32"
Какие действия может дознаватель обжаловать?," Дознаватель может обжаловать указания начальника органа дознания или прокурора, подаваемые ему в письменном виде. Обжалование указаний не приостанавливает их исполнения.","Уголовно-процессуальный кодекс Российской Федерации.pdf:page_158, Уголовно-процессуальный кодекс Российской Федерации.pdf:page_31, Уголовно-процессуальный кодекс Российской Федерации.pdf:page_32, Уголовно-процессуальный кодекс Российской Федерации.pdf:page_89, Уголовно-процессуальный кодекс Российской Федерации.pdf:page_90"
На какие территории разрабатывается региональная схема расселения? (ГОСТ МДС 11-7.2000)," Экономическим и крупным географическим районам, природно-климатическим зонам, лечебно-оздоровительным и рекреационным территориям, национально-государственным и административно-территориальным образованиям.","Data1_1_1904_index.pdf:page_1, Data1_1_1904_index.pdf:page_3, Data1_1_1904_index.pdf:page_6, Data1_1_1904_index.pdf:page_7, Data1_1_1904_index.pdf:page_8"
Какие расходы на питание работников учитывается при определении объекта налогообложения?," В тексте, предоставленном в качестве контекста, не указывается о расходах на питание работников при определении объекта налогообложения. Таким образом, содержание вопроса не разъясняется по данным документа.","Налоговый кодекс Российской Федерации.pdf:page_1126, Налоговый кодекс Российской Федерации.pdf:page_1469, Налоговый кодекс Российской Федерации.pdf:page_1481, Налоговый кодекс Российской Федерации.pdf:page_1500, Налоговый кодекс Российской Федерации.pdf:page_943"
Какие виды технического обслуживания и ремонта предусмотрены для железнодорожных кранов?," Для железнодорожных кранов предусматриваются следующие виды технического обслуживания и ремонта: ТО-1, ТО-2, СО, текущий (Т) и капитальный (К).","Data1_10_10855_index.pdf:page_1, Data1_10_10855_index.pdf:page_2, Data1_10_10855_index.pdf:page_3, Data1_10_10855_index.pdf:page_6, Data1_10_10855_index.pdf:page_7"
"Какая ответственность возлагается на лицо, выпустившее бездокументарную ценную бумагу, и лицо, осуществляющее учет прав на такие ценные бумаги, за убытки, причиненные в результате нарушения порядка учета прав?"," Ответственность за убытки, причинённые в результате нарушения порядка учета прав на бездокументарную ценную бумагу возлагается на лицо, выпустившее бездокументарную ценную бумагу (штраф в размере от трехсот тысяч до пятисот тысяч рублей или в размере заработной платы или иного дохода осужденного за период от двух до трех лет, либо принудительные работы на срок до двух лет, либо лишение свободы на срок до двух лет со штрафом в размере до ста тысяч рублей), а также на лицо, осуществляющее учет прав на такие ценные бумаги (наказывается штрафом).","Гражданский кодекс Российской Федерации.pdf:page_199, Гражданский кодекс Российской Федерации.pdf:page_97, Гражданский кодекс Российской Федерации.pdf:page_98, Уголовный кодекс Российской Федерации.pdf:page_112, Уголовный кодекс Российской Федерации.pdf:page_113"
Какой индекс изменения стоимости СМР был в Кировской области в IV кв. 1992 г. по сравнению с базисным уровнем на 01.01.91 согласно МДС 81-9.2000?," Индекс изменения стоимости СМР в Кировской области в IV кв. 1992 г. составляет 1,99 (по справочнику 81-9.2000).","Data1_2_2075_index.pdf:page_12, Data1_2_2080_index.pdf:page_30, Data1_2_2080_index.pdf:page_5, Data1_2_2081_index.pdf:page_8, Data1_2_2081_index.pdf:page_9"
Какой разряд зрительной работы установлен для помещений для работы с видеоматериалами согласно ГОСТ МДС 31-8.2002?," Для помещений, где работают с видеоматериалами, разряд зрительной работы установлен не регламентируется (З).","Data1_10_10846_index.pdf:page_1, Data1_10_10846_index.pdf:page_12, Data1_10_10846_index.pdf:page_13, Data1_10_10846_index.pdf:page_30, Data1_10_10846_index.pdf:page_42"
Какие показатели включены в информацию о канализации согласно ГОСТ МДС 11-7.2000?," Согласно ГОСТу МДС 11-7.2000, в информацию о канализации включены такие показатели, как: объем канализационных сетей, наименование материалов и оборудования, установленные нормы и требования к качеству конструкций, сроки эксплуатации и обслуживания.","Data1_10_10849_index.pdf:page_1, Data1_10_10859_index.pdf:page_1, Data1_10_10863_index.pdf:page_1, Data1_1_1904_index.pdf:page_1, Data1_2_2117_index.pdf:page_1"
Как расширяется набор основных и вспомогательных помещений в физкультурно-оздоровительных сооружениях согласно МДС 35-7.2000?," Расширение набора основных и вспомогательных помещений в физкультурно-оздоровительных сооружениях происходит за счет наращивания количества залов и (или) ванн бассейна с соответствующим дроблением функций для разных видов занятий, а также включения в комплекс помещений досугового, реабилитационного или другого назначения.","Data1_10_10847_index.pdf:page_1, Data1_10_10847_index.pdf:page_2, Data1_10_10847_index.pdf:page_22, Data1_10_10847_index.pdf:page_23, Data1_10_10847_index.pdf:page_4"
Какие меры принимаются для обеспечения контроля за использованием и сохранностью жилищного фонда?," Для обеспечения контроля за использованием и сохранностью жилищного фонда осуществляется государственный жилищный надзор, муниципальный жилищный контроль и общественный жилищный контроль. Они осуществляют инспекционный контроль технического состояния дома в следующей последовательности:
1. Технические рекомендации по инспектированию жилищного фонда, его инженерного оборудования, придомовой территории;
2. Контроль за использованием и сохранностью жилищного фонда, придомовых территорий, объектов коммунального назначения независимо от их принадлежности и форм собственности;
3. Установление порядка ведения сводных реестров и доставки результатов проверки лицам ответственным за использование, содержание и ремонт жилищного фонда придомовой территории, объектов коммунального назначения независимо от его принадлежности и форм собственности.

Для обеспечения контроля в многоквартирных домах также осуществляется мониторинг выбора и реализации собственниками помещений в многоквартирном доме способа формирования фонда капитального ремонта, а также установление порядка ведения сводного федерального реестра лицензий на осуществление предпринимательской деятельности по управлению многоквартирными домами.","Data1_10_10861_index.pdf:page_2, Data1_10_10861_index.pdf:page_3, Жилищный кодекс Российской Федерации.pdf:page_1, Жилищный кодекс Российской Федерации.pdf:page_13, Жилищный кодекс Российской Федерации.pdf:page_7"
Какие меры поощрения могут применять начальники отрядов?," 1) Благодарность;
2) Разрешение дополнительно расходовать деньги на покупку продуктов питания и предметов первой необходимости;
3) Досрочное снятие взыскания, ранее наложенного начальником отряда.","Уголовно-исполнительный кодекс Российской Федерации.pdf:page_24, Уголовно-исполнительный кодекс Российской Федерации.pdf:page_33, Уголовно-исполнительный кодекс Российской Федерации.pdf:page_69, Уголовно-исполнительный кодекс Российской Федерации.pdf:page_80, Уголовно-исполнительный кодекс Российской Федерации.pdf:page_88"
"Когда подлежит исполнению обязанность по уплате ввозных таможенных пошлин, налогов при единовременной уплате?"," Когда товары помещаются под таможенную процедуру временного ввоза (допуска) с частичной уплатой ввозных таможенных пошлин, налогов.","Таможенный кодекс Евразийского экономического союза.pdf:page_104, Таможенный кодекс Евразийского экономического союза.pdf:page_157, Таможенный кодекс Евразийского экономического союза.pdf:page_265, Таможенный кодекс Евразийского экономического союза.pdf:page_281, Таможенный кодекс Евразийского экономического союза.pdf:page_97"
"Какая номенклатура используется для составления сводного расчета затрат российских организаций в смешанных ценах, согласно ГОСТ МДС 81-21.2000?"," Номенклатура указывается в пункте 3.1 документа ГОСТ МДС 81-21.2000, но не определена там же, следовательно, для составления сводного расчета затрат российских организаций в смешанных ценах используется номенклатура потребности в ресурсах (затратах труда, строительных машинах и материальных ресурсах), необходимых для выполнения работ по монтажу оборудования.","Data1_2_2069_index.pdf:page_7, Data1_2_2069_index.pdf:page_9, Data1_2_2073_index.pdf:page_1, Data1_2_2082_index.pdf:page_6, Data1_2_2117_index.pdf:page_1"
Какие знаки предназначены для заложения в капитальные сооружения в Приложении 5 к СНиП 3.01.03-84?, Г - для заложения в капитальные сооружения (в Приложении 5 к СНиП 3.01.03-84),"Data1_11_11285_index.pdf:page_11, Data1_11_11285_index.pdf:page_17, Data1_11_11285_index.pdf:page_4, Data1_11_11285_index.pdf:page_81, Data1_2_2073_index.pdf:page_5"
Какие затраты учитываются при использовании метода оценки на основе сложения стоимости согласно статье 23?," Затраты, которые учитываются при использовании метода оценки на основе сложения стоимости согласно статье 23:

1. Затраты труда (рабочая сила) - заработная плата работников.
2. Затраты материалов и материальные ресурсы, необходимые для производства товара или оказания услуг.
3. Накладные расходы (например, транспортные, коммунальные, страховые и прочие).","Data1_10_10864_index.pdf:page_5, Data1_2_2080_index.pdf:page_7, Data1_2_2082_index.pdf:page_21, Налоговый кодекс Российской Федерации.pdf:page_935, Таможенный кодекс Евразийского экономического союза.pdf:page_45"
На каких условиях товарищество собственников жилья может получить кредиты от банков?," Товарищество собственников жилья может получать кредиты от банков в порядке и на условиях, которые предусмотрены законодательством.","Жилищный кодекс Российской Федерации.pdf:page_105, Жилищный кодекс Российской Федерации.pdf:page_109, Жилищный кодекс Российской Федерации.pdf:page_113, Жилищный кодекс Российской Федерации.pdf:page_119, Налоговый кодекс Российской Федерации.pdf:page_918"
"Как должна соответствовать номенклатура оборудования и видов работ, включаемая в сборники РСН, номенклатуре сборников расценок на монтаж оборудования (СНиП 4.06-91)?"," Согласно документу Метродические рекомендации Госстроя России, номенклатура оборудования и видов работ, включаемых в сборники РСН, должна соответствовать номенклатуре сборников расценок на монтаж оборудования (СНиП 4.06-91), но должны приводиться по форме приложения 2 с указанием конкретных параметров, влияющих на величину РСН.","Data1_2_2073_index.pdf:page_1, Data1_2_2073_index.pdf:page_2, Data1_2_2073_index.pdf:page_3, Data1_2_2073_index.pdf:page_5, Data1_2_2076_index.pdf:page_4"
Какие действия могут быть совершены бесплатно при государственной регистрации актов гражданского состояния для физических лиц?," Физические лица могут получить бесплатную юридическую консультацию при государственной регистрации актов гражданского состояния в случае, если:
1. Сделки по отчуждению недвижимого имущества, расположенного в аварийном доме подлежащем сносу, подлежат обязательному нотариальному удостоверению (статья 16);
2. Впоследствии не была произведена государственная регистрация соответствующего акта гражданского состояния или не были внесены исправления и изменения в записи актов гражданского состояния (статья 333.39).

Также плательщик государственной пошлины может подавать заявление о возврате излишне уплаченной суммы государственной пошлины в случае, если была произведена ошибка или нарушение процедуры.","Гражданский кодекс Российской Федерации.pdf:page_19, Гражданский процессуальный кодекс Российской Федерации.pdf:page_123, Налоговый кодекс Российской Федерации.pdf:page_1267, Налоговый кодекс Российской Федерации.pdf:page_1319, Налоговый кодекс Российской Федерации.pdf:page_1321"
Какие услуги включены в пункт 1 перечня продукции и услуг проектного института согласно ГОСТ МДС 11-11.2000?," Настоящая инструкция рассматривает вопросы организации работы управляющего проектом, включая участие в формировании портфеля заказов проектной организации при размещении заказа на проектирование и строительство объектов. В списке продукции и услуг проектного института, рассматриваемых в соответствии с ГОСТ МДС 11-11.2000, не приведен конкретный перечень.","Data1_10_10849_index.pdf:page_1, Data1_10_10858_index.pdf:page_1, Data1_10_10858_index.pdf:page_4, Data1_10_10859_index.pdf:page_1, Data1_2_2117_index.pdf:page_1"
"Какие документы необходимы для возмещения суммы акциза, уплаченной при вывозе подакцизных товаров за пределы территории Российской Федерации?"," Для возмещения суммы акциза, уплаченной при вывозе подакцизных товаров за пределы территории Российской Федерации, необходимо представить следующие документы:
1) таможенную декларацию;
2) документ, подтверждающий освобождение от уплаты акциза в соответствии с пунктами 2, 2.1, 2.2 и 4 статьи 184 настоящего Кодекса;
3) документы, подтверждающие банковскую гарантию или договор поручительства (в случае их отсутствия).","Налоговый кодекс Российской Федерации.pdf:page_652, Налоговый кодекс Российской Федерации.pdf:page_654, Налоговый кодекс Российской Федерации.pdf:page_686, Налоговый кодекс Российской Федерации.pdf:page_707, Налоговый кодекс Российской Федерации.pdf:page_722"
Что должно быть предусмотрено на площадке для детей от 2 до 4-5 лет согласно МДС 35-7.2000?," На площадке для детей от 2 до 4-5 лет должно быть предусмотрено:
1 - фонтанчик с отводными коробами;
2 - песочница со скамьями по периметру;
3 - теневой навес;
4 - горка-лабиринт;
5 - горка-манеж с пологой лестницей;
6 - столики-барьеры;
7 - деревянная стилизованная «лошадь»;
8 - качели;
9 - качалки;
10 - бревна для упражнений на равновесие;
11 - стенки для рисования;
12 - корзина для забрасывания мяча;
13 - шест для набрасывания колец;
14 - паровоз;
15 - двойная горка;
16 - «рыба-кит» - горка для скатывания.
Кроме того, должны быть устройства ограничительных и направляющих поручней для детей высотой 500-700 мм, а также табло и указатели направления движения к различным видам игрового оборудования. Также должна быть цветовая маркировка габаритов помещений, площадок, пешеходных путей и предусмотрено удаление границ площадок от всякого рода препятствий не менее чем на 3 м.","Data1_10_10847_index.pdf:page_13, Data1_10_10847_index.pdf:page_4, Data1_10_10852_index.pdf:page_1, Data1_2_2073_index.pdf:page_1, Data1_2_2079_index.pdf:page_1"
Что включает в себя лицензионный договор о предоставлении права использования произведения?," Лицензионный договор включает условия, по которым правообладатель (либо автор) предоставляет лицензиату простое (неисключительное) право использования произведения науки, литературы или искусства. В договоре может быть указано, какие конкретно права предоставляются лицензиату (например, право копирования, исполнения, публичного распространения), а также могут быть определены другие условия, связанные с использованием произведения.","Гражданский кодекс Российской Федерации.pdf:page_496, Гражданский кодекс Российской Федерации.pdf:page_499, Гражданский кодекс Российской Федерации.pdf:page_534, Гражданский кодекс Российской Федерации.pdf:page_535, Гражданский кодекс Российской Федерации.pdf:page_632"
Какова максимальная из средних скоростей ветра по румбам за январь в г. Дружина согласно документу МДС 31-8.2002?, В документе МДС 31-8.2002 данные о скоростях ветра для города Дружина не приведены.,"Data1_10_10846_index.pdf:page_12, Data1_10_10846_index.pdf:page_16, Data1_10_10846_index.pdf:page_26, Data1_10_10846_index.pdf:page_28, Data1_10_10846_index.pdf:page_40"
С какого момента начинаются сроки выпуска товаров при предварительном таможенном декларировании?," Сроки выпуска товаров при предварительном таможенном декларировании начинаются с момента наступления одного из следующих обстоятельств: 1) изменение (дополнение) сведений, заявленных в таможенной декларации; 2) размещения товаров в зоне таможенного контроля или получения разрешения на их выгрузку водными судами; 3) об упаковках товаров (количество, вид, маркировка и порядковые номера).","Таможенный кодекс Евразийского экономического союза.pdf:page_126, Таможенный кодекс Евразийского экономического союза.pdf:page_127, Таможенный кодекс Евразийского экономического союза.pdf:page_128, Таможенный кодекс Евразийского экономического союза.pdf:page_132, Таможенный кодекс Евразийского экономического союза.pdf:page_29"
Какие коэффициенты применяются при демонтаже сборных железобетонных и бетонных конструкций?," При демонтаже сборных железобетонных и бетонных конструкций коэффициент применяется в 0,5, по указанному в пункте 3 из предоставленного контекста.","Data1_10_10062_index.pdf:page_5, Data1_10_10754_index.pdf:page_10, Data1_1_1879_index.pdf:page_27, Data1_1_1879_index.pdf:page_29, Data1_2_2081_index.pdf:page_18"
Какие технические задания предусмотрены в Методических рекомендациях по определению сметной стоимости строительства на базе показателей на отдельные виды работ (ПВР) согласно ГОСТ МДС 81-10.2000?," Технические задания должны содержать: наименования сборников ПВР, разрабатываемых данной организацией; примерный перечень видов работ, на которые будут разрабатываться сборники ПВР, состав информационной базы и используемые для разработки и применения программные средства.","Data1_2_2073_index.pdf:page_1, Data1_2_2076_index.pdf:page_1, Data1_2_2076_index.pdf:page_3, Data1_2_2079_index.pdf:page_1, Data1_2_2117_index.pdf:page_1"
"Как устраняются неплотности в резьбовых соединениях, согласно ГОСТ МДС 13-18.2000?"," Устраняются неплотности в резьбовых соединениях, закрепляя их специальными клейками или уходящими натуральным (растительным) маслом. После этого должна происходить подрезка и уплотнение по приведенной инструкции.","Data1_10_10852_index.pdf:page_14, Data1_10_10852_index.pdf:page_19, Data1_10_10852_index.pdf:page_22, Data1_10_10852_index.pdf:page_31, Data1_10_10861_index.pdf:page_1"
Какие меры следует принять для предотвращения увлажнения и промерзания цоколя согласно ГОСТ МДС 13-18.2000?," Для предотвращения увлажнения и промерзания цоколя необходимо:
1. Выполнить вертикальную гидроизоляцию цоколя, если отмостка находится выше горизонтальной отметки гидроизоляции стен.
2. Заделать все выбоины, трещины и просадки грунта после укладки или ремонта инженерных сетей (водопровода, канализации, отопления, газопроводов и т.д.).
3. Устроить водоотводные лотки на отмостке против водосточных труб и содержать их в полной исправности.
4. Обеспечить защиту стен от увлажнения путем устранения причин их появления, ликвидирования всех течей из трубопроводов и проветривания подвальных помещений.","Data1_10_10852_index.pdf:page_1, Data1_10_10852_index.pdf:page_2, Data1_10_10852_index.pdf:page_3, Data1_10_10861_index.pdf:page_5, Data1_10_10861_index.pdf:page_9"
Какие размеры шкафчиков для хранения одежды должны быть в пределах досягаемости инвалидами согласно ГОСТ МДС 35-7.2000?, Шкафчики для хранения одежды должны быть в пределах досягаемости инвалидов разного возраста (от 300 до 1100 мм от пола).,"Data1_10_10847_index.pdf:page_1, Data1_10_10847_index.pdf:page_23, Data1_10_10847_index.pdf:page_24, Data1_10_10847_index.pdf:page_33, Data1_10_10865_index.pdf:page_20"
"Какие требования предъявляются к местным источникам отопления (печи, АГВ, ВНИИСТО и др.) согласно ГОСТ МДС 13-18.2000?"," Требования к местным источникам отопления (печи, АГВ, ВНИИСТО и др.) не установлены в ГОСТ МДС 13-18.2000. Эта документация касается прежде всего вопросов подготовки жилищного фонда к зиме и его эксплуатации, а также других объектов жилищно-коммунального хозяйства, но не регулирует технические требования к самим источникам отопления.","Data1_10_10852_index.pdf:page_1, Data1_10_10861_index.pdf:page_1, Data1_10_10863_index.pdf:page_1, Data1_10_10871_index.pdf:page_1, Data1_2_2116_index.pdf:page_1"
"Какие требования предъявляет ГОСТ к качеству железобетонных изделий, используемых в строительстве?"," ГОСТ 25621-83, называемый ""Материалы и изделия полимерные строительные герметизирующие и уплотняющие. Классификация и общие технические требования"", включает в себя требования к железобетонным материалам, используемым в строительстве, в частности к их прочности, водонепроницаемости и другим характеристикам.","Data1_10_10846_index.pdf:page_18, Data1_10_10846_index.pdf:page_3, Data1_10_10855_index.pdf:page_1, Data1_11_11295_index.pdf:page_26, Гражданский кодекс Российской Федерации.pdf:page_319"
Какие действия предполагаются при устранении отдельных свищей в стенах проходных каналах и заделке отдельных выпадающих кирпичей согласно ГОСТ МДС 14-13.2000?," Устранение свищей в стенах проходных каналов и заделка отдельных выпадающих кирпичей согласно ГОСТ МДС 14-13.2000 предполагает:
1. Отбивку штукатурки в области свищей.
2. Устранение свищей (заделать выпадающие кирпичи).
3. Окончательное заполнение отбойной ямы бетонным раствором.
4. Подгонку новой штукатурки к существующей.","Data1_10_10852_index.pdf:page_13, Data1_10_10852_index.pdf:page_15, Data1_10_10852_index.pdf:page_2, Data1_1_1879_index.pdf:page_19, Data1_1_1879_index.pdf:page_21"
"Что означает передача товаров подрядчику (субподрядчику) или иному лицу, которые будут осуществлять строительные и (или) монтажные подрядные работы на территории свободного склада?"," Передача товаров подрядчику или иному лицу означает предоставление им владения и (или) пользования товарами, которые будут использоваться для осуществления строительных и (или) монтажных работ на территории свободного склада.","Налоговый кодекс Российской Федерации.pdf:page_1175, Таможенный кодекс Евразийского экономического союза.pdf:page_134, Таможенный кодекс Евразийского экономического союза.pdf:page_225, Таможенный кодекс Евразийского экономического союза.pdf:page_246, Таможенный кодекс Евразийского экономического союза.pdf:page_247"
Какие методы уравнивания геодезических сетей существуют согласно СНиП 3.01.03-84?," По СНиП 3.01.03-84, уравнивание геодезических сетей может производиться следующими методами: микротриангуляцией, микротрилатерацией, полигонометрией, засечками, параллактическим способом. При отсутствии ЭВМ для уравнивания сетей рекомендуется использовать параметрический метод.","Data1_11_11285_index.pdf:page_13, Data1_11_11285_index.pdf:page_16, Data1_11_11285_index.pdf:page_17, Data1_11_11285_index.pdf:page_4, Data1_11_11285_index.pdf:page_7"
Что такое код главного администратора доходов бюджета?," Код главного администратора доходов бюджета - это система, состоящая из кода главного распорядителя бюджетных средств, кода раздела, подраздела, целевой статьи и вида доходов бюджета, определяемая законодательством Российской Федерации. Она используется для классификации доходов бюджетов.","Бюджетный кодекс Российской Федерации.pdf:page_19, Бюджетный кодекс Российской Федерации.pdf:page_252, Бюджетный кодекс Российской Федерации.pdf:page_253, Бюджетный кодекс Российской Федерации.pdf:page_254, Бюджетный кодекс Российской Федерации.pdf:page_255"
Как сравнивается сумма резерва по сомнительным долгам с суммой остатка резерва?, Сумма резерва по сомнительным долгам сравнивается с суммой остатка резерва путем вычета первой из второй.,"Налоговый кодекс Российской Федерации.pdf:page_1047, Налоговый кодекс Российской Федерации.pdf:page_1146, Налоговый кодекс Российской Федерации.pdf:page_1154, Налоговый кодекс Российской Федерации.pdf:page_989, Налоговый кодекс Российской Федерации.pdf:page_990"
"Что происходит с юридическими лицами, созданными в результате реорганизации, если они недобросовестно способствовали принятию решения о реорганизации?"," Согласно указанному контексту, лица, созданные в результате реорганизации, недобросовестно способствовавшие принятию решения о реорганизации, могут нести солидарную ответственность перед кредиторами. Это касается лиц с фактической возможностью определять действия реорганизованных юридических лиц, членов их коллегиальных органов и лица, уполномоченного выступать от имени реорганизованного юридического лица.","Гражданский кодекс Российской Федерации.pdf:page_29, Гражданский кодекс Российской Федерации.pdf:page_30, Гражданский кодекс Российской Федерации.pdf:page_31, Гражданский кодекс Российской Федерации.pdf:page_32, Налоговый кодекс Российской Федерации.pdf:page_1044"
Какую ответственность несет саморегулируемая организация по обязательствам своих членов в рамках компенсационного фонда обеспечения договорных обязательств?," Саморегулируемая организация несёт субсидиарную ответственность в пределах одной четверти доли средств компенсационного фонда обеспечения договорных обязательств, размер которого рассчитан в порядке, установленном внутренними документами саморегулируемой организации.","Градостроительный кодекс Российской Федерации.pdf:page_208, Градостроительный кодекс Российской Федерации.pdf:page_217, Градостроительный кодекс Российской Федерации.pdf:page_218, Градостроительный кодекс Российской Федерации.pdf:page_285, Градостроительный кодекс Российской Федерации.pdf:page_286"
Какие значения указаны в столбце 'Остановочные пункты и павильоны' для обычных трамвайных линий в таблице 37 согласно СНиП?," В столбце ""Остановочные пункты и павильоны"" для обычных трамвайных линий в таблице 37 согласно СНиП не указаны явных значений. Данная таблица относится к эксплуатационным базам газового хозяйства и не связана с расчетом сетей трамвая или троллейбуса, поэтому здесь отсутствуют данные об инфраструктуре трамвая.","Data1_11_11285_index.pdf:page_25, Data1_11_11835_index.pdf:page_16, Data1_11_11835_index.pdf:page_17, Data1_11_11835_index.pdf:page_35, ПДД Российской Федерации.pdf:page_36"
Что определяет порядок укомплектования буксируемого объекта экипажем?, Порядок укомплектования буксируемого объекта экипажем не определяется напрямую в указанных статьях. Это устанавливается в договоре буксировки или соглашении между владельцем и уполномоченным им лицом (отправителем) и экипажем буксируемого объекта.,"Кодекс внутреннего водного транспорта Российской Федерации.pdf:page_52, Кодекс внутреннего водного транспорта Российской Федерации.pdf:page_53, Кодекс внутреннего водного транспорта Российской Федерации.pdf:page_66, Кодекс торгового мореплавания Российской Федерации.pdf:page_75, Кодекс торгового мореплавания Российской Федерации.pdf:page_79"
Что такое ответственные хранители и заемщики материальных ценностей?," Ответственные хранители и заемщики - это лица или организации, которые управляют государственным материальным резервом, а также получают материальные ценности из него для их освежения, замены или по заимствованию.","Гражданский кодекс Российской Федерации.pdf:page_375, Гражданский кодекс Российской Федерации.pdf:page_514, Налоговый кодекс Российской Федерации.pdf:page_128, Налоговый кодекс Российской Федерации.pdf:page_412, Налоговый кодекс Российской Федерации.pdf:page_460"
Какое основание для проектирования должно быть указано в задании согласно ГОСТ МДС 11-7.2000?," В задании на проектирование должны быть приведены данные о существующем земельном фонде города, другого поселения, направлении его перспективного территориального развития в соответствии с генеральным планом и других градостроительной документации.","Data1_10_10847_index.pdf:page_1, Data1_10_10858_index.pdf:page_1, Data1_10_10859_index.pdf:page_1, Data1_1_1904_index.pdf:page_1, Data1_1_1904_index.pdf:page_29"
"Какие сведения о местоположении, площади и границах территории комплексного развития должны быть включены в договор?"," В договоре о комплексном развитии территории должны быть включены сведения об местоположении, площади и границах территории, затронутой решением о её комплексном развитии.","Градостроительный кодекс Российской Федерации.pdf:page_295, Градостроительный кодекс Российской Федерации.pdf:page_300, Градостроительный кодекс Российской Федерации.pdf:page_301, Градостроительный кодекс Российской Федерации.pdf:page_302, Земельный кодекс Российской Федерации.pdf:page_153"
Что вправе совершать представитель иностранного государства от имени представляемого им иностранного государства?," Представитель иностранного государства может совершать все процессуальные действия, за исключением тех, которые явно указаны в части 4 статьи, если иное не предусмотрено в доверенности или соответствующем документе. Особое право на подписание отзыва может быть специально оговорено в этих документах.","Арбитражный процессуальный кодекс Российской Федерации.pdf:page_168, Гражданский процессуальный кодекс Российской Федерации.pdf:page_172, Кодекс административного судопроизводства Российской Федерации.pdf:page_37, Таможенный кодекс Евразийского экономического союза.pdf:page_46, Таможенный кодекс Евразийского экономического союза.pdf:page_87"
"Какой документ должен быть утвержден при согласовании затрат российских организаций в смешанных ценах, согласно ГОСТ МДС 81-21.2000?"," При согласовании затрат российских организаций в смешанных ценах, следует утвердить ""Предельные размеры резерва средств на непредвиденные работы и затраты, включаемого в сводные сметные расчеты"", указанный в ГОСТе МДС 81-21.2000.","Data1_2_2069_index.pdf:page_1, Data1_2_2069_index.pdf:page_7, Data1_2_2073_index.pdf:page_1, Data1_2_2116_index.pdf:page_1, Data1_2_2117_index.pdf:page_1"
Можно ли применять территориальные единичные расценки других регионов на территории субъекта Российской Федерации?," Да, применяться могут ТЕРм (Территориальные Единичные Расценки) других регионов на территории субъекта Российской Федерации, но только в случаях, если такие ТЕРм не разработаны и утверждены в соответствующем порядке для конкретного региона.","Data1_10_10754_index.pdf:page_1, Data1_10_10754_index.pdf:page_14, Data1_10_10754_index.pdf:page_15, Data1_10_10754_index.pdf:page_16, Data1_10_10754_index.pdf:page_31"
Какие права переходят к страховщику при страховании имущества в полной стоимости?," Права, переходящие к страховщику при страховании имущества в полной стоимости, определяются договором страхования. Если договором не предусмотрено иное, к страховщику переходит право на суброгацию - то есть право требовать возмещения ущерба от того, кому обязан был страхователь (страхователь заменяется страховщиком).","Гражданский кодекс Российской Федерации.pdf:page_392, Гражданский кодекс Российской Федерации.pdf:page_395, Гражданский кодекс Российской Федерации.pdf:page_397, Кодекс торгового мореплавания Российской Федерации.pdf:page_84, Кодекс торгового мореплавания Российской Федерации.pdf:page_89"
Какова пеня за несвоевременное внесение платы за пользование водным объектом?," Пеня за несвоевременное внесение платы за пользование водным объектом определяется в соответствии с гражданским законодательством, но данные статьи не указывают конкретную сумму.","Административный кодекс Российской Федерации.pdf:page_117, Административный кодекс Российской Федерации.pdf:page_134, Бюджетный кодекс Российской Федерации.pdf:page_46, Водный кодекс Российской Федерации.pdf:page_10, Кодекс внутреннего водного транспорта Российской Федерации.pdf:page_66"
Какова минимальная высота гидроизоляции на фундаменте относительно уровня отмостки согласно СНиП 2.04.02-84?," Минимальная высота гидроизоляции на фундаменте относительно уровня отмостки не определена в приводимом СНиП 2.04.02-84, возможно следует ссылаться на СНиП II-22-81 и СНиП 2.02.01-83 для получения ответа.","Data1_10_10852_index.pdf:page_2, Data1_10_10861_index.pdf:page_13, Data1_10_10861_index.pdf:page_15, Data1_10_10861_index.pdf:page_17, Data1_10_10861_index.pdf:page_25"
Как определяются расходы на изготовление или приобретение материалов и расходы на производство?," Расходы на изготовление или приобретение материалов определяются по данным первичных учетных документов (например, счетам-фактурам, чекам и т.п.). Расходы на производство могут включать прямые расходы (на сырье, электроэнергию, воду и другие ресурсы) и рабочие затраты (заработная плата сотрудников и др.).","Data1_2_2082_index.pdf:page_4, Налоговый кодекс Российской Федерации.pdf:page_1210, Налоговый кодекс Российской Федерации.pdf:page_1487, Налоговый кодекс Российской Федерации.pdf:page_935, Таможенный кодекс Евразийского экономического союза.pdf:page_45"
Какие технологии геодезических выверок и контроля строительно-монтажных работ разрабатываются согласно СНиП 3.01.03-84?," Геодезические выборки и контроль при производстве земляных и строительно-монтажных работ разрабатываются согласно СНиП 3.01.03-84 в следующих технологиях: микротриангуляция, микротрилатерация, полигонометрия, засечки и параллактический метод. При этом требуемая точность разбивочных работ, размеры строительной площадки, условия работы на ней и форма сооружения влияют на выбор метода определения координат точек сети.","Data1_11_11285_index.pdf:page_1, Data1_11_11285_index.pdf:page_17, Data1_11_11285_index.pdf:page_4, Data1_11_11285_index.pdf:page_46, Data1_11_11285_index.pdf:page_5"
Как определяется количество исходного раствора закрепляющего реагента для приготовления раствора рабочей концентрации согласно ГОСТ (к СНиП 3.02.01-83)?," Количество исходного раствора закрепляющего реагента определяется путем разбавления его водой до плотности, указанной в документах (например, 1:0,5 для М-3 или 1:2 для МФ-17). Затем производится смешивание с отвердителем и контроль качества готового раствора.","Data1_11_11295_index.pdf:page_17, Data1_11_11295_index.pdf:page_24, Data1_11_11295_index.pdf:page_27, Data1_11_11295_index.pdf:page_5, Data1_11_11295_index.pdf:page_8"
Какие меры следует предпринять при недогреве или непрогреве отдельных отопительных приборов согласно СНиП 2.08.01-85?," Промыть трубопроводы, если засор в трубопроводе или арматуре при общей промывке системы устранить не удалось, то соответствующую часть трубопровода и арматуры следует разобрать и прочистить.","Data1_10_10852_index.pdf:page_31, Data1_10_10861_index.pdf:page_28, Data1_10_10861_index.pdf:page_30, Data1_10_10861_index.pdf:page_32, Data1_10_10861_index.pdf:page_33"
"Какой штраф налагается на должностных лиц за непредставление информации для ведения реестра владельцев ценных бумаг хозяйственным обществом, имеющим стратегическое значение для оборонно-промышленного комплекса и безопасности Российской Федерации?", Штраф налагается на должностных лиц хозяйственного общества в размере от ста тысяч до одного миллиона рублей.,"Административный кодекс Российской Федерации.pdf:page_345, Административный кодекс Российской Федерации.pdf:page_346, Административный кодекс Российской Федерации.pdf:page_348, Административный кодекс Российской Федерации.pdf:page_399, Административный кодекс Российской Федерации.pdf:page_97"
"Какие доходы по договорам займа, привлеченным для финансирования добычи углеводородного сырья, включаются в налоговую базу?"," Доходы в виде процентов, полученные по договорам займа, когда соответствующие заемные средства были предоставлены налогоплательщику, указанному в пункте 1 статьи 275.2 настоящего Кодекса, включаются в налоговую базу.","Налоговый кодекс Российской Федерации.pdf:page_1035, Налоговый кодекс Российской Федерации.pdf:page_1157, Налоговый кодекс Российской Федерации.pdf:page_1158, Налоговый кодекс Российской Федерации.pdf:page_1159, Налоговый кодекс Российской Федерации.pdf:page_1160"
Что происходит с неправильно удержанными суммами за причиненный материальный ущерб?," В случае неправильного удержания суммы за причиненный материальный ущерб, ответственность определяется судом независимо от подлежащего возмещению имущественного ущерба (согласно статьям 234 и 238 из кодекса труда РФ на сайте https://tkodeksrf.ru/). Это значит, что суд может присудить вернуть неправильно удержанные суммы по делу об ущербе.","Кодекс торгового мореплавания Российской Федерации.pdf:page_86, Трудовой кодекс Российской Федерации.pdf:page_148, Трудовой кодекс Российской Федерации.pdf:page_149, Уголовно-исполнительный кодекс Российской Федерации.pdf:page_36, Уголовно-исполнительный кодекс Российской Федерации.pdf:page_61"
Какие работы по земляному полотну подъездных и внутризаводских железнодорожных путей предусмотрены в ГОСТ МДС 14-13.2000?," В ГОСТ МДС 14-13.2000 предусмотрены работы по земляному полотну подъездных и внутризаводских железнодорожных путей, такие как:

1. Уширение земляного полотна в местах недостаточной ширины до нормальных размеров.
2. Лечение земляного полотна в местах оползней, размывов, обвалов, пучин.
3. Восстановление всех водоотводных и дренажных устройств.
4. Восстановление всех защитных сооружений земляного полотна.
5. Смена отдельных конструкций искусственных сооружений или замена их на другие конструкции, а также полная смена труб и малых мостов (если они не являются самостоятельными инвентарными объектами, а входят в состав земляного полотна или дороги как единого инвентарного объекта).","Data1_10_10863_index.pdf:page_1, Data1_1_1879_index.pdf:page_1, Data1_1_1879_index.pdf:page_25, Data1_1_1879_index.pdf:page_30, Data1_1_1879_index.pdf:page_31"
Какие условия освобождают от уголовной ответственности за участие в подготовке террористического акта?," Лицо, совершившее преступление, предусмотренное настоящей статьей (терроризм), освобождается от уголовной ответственности, если оно сообщило органам власти об обучении в целях осуществления террористической деятельности или преступлений, которые являются составными частями статьи 205.1, 206, 208, 211, 277, 278, 279, 360 и 361 Кодекса РФ, способствовало раскрытию совершенного преступления или выявлению других лиц, прошедших такое обучение. Это не относится к случаям, когда в действиях нет иного состава преступлений.","Уголовный кодекс Российской Федерации.pdf:page_145, Уголовный кодекс Российской Федерации.pdf:page_148, Уголовный кодекс Российской Федерации.pdf:page_149, Уголовный кодекс Российской Федерации.pdf:page_223, Уголовный кодекс Российской Федерации.pdf:page_224"
По состоянию на какую дату включены законодательные акты по налогообложению в пособие по учету налогов в сметной документации на строительство?," Законодательные акты, упоминаемые в пособии, представлены по состоянию на 30 сентября 1995 года.","Data1_10_10848_index.pdf:page_2, Data1_2_2070_index.pdf:page_1, Data1_2_2070_index.pdf:page_2, Data1_2_2116_index.pdf:page_1, Data1_2_2116_index.pdf:page_2"
В какие сроки должно быть составлено мотивированное решение суда по делу о публичном мероприятии?," Мотивированное решение суда по делу о публичном мероприятии должно быть составлено в течение пяти дней со дня подписания резолютивной части решения суда по делу, рассмотренному в порядке упрощенного производства.","Арбитражный процессуальный кодекс Российской Федерации.pdf:page_137, Гражданский процессуальный кодекс Российской Федерации.pdf:page_82, Гражданский процессуальный кодекс Российской Федерации.pdf:page_96, Кодекс административного судопроизводства Российской Федерации.pdf:page_124, Кодекс административного судопроизводства Российской Федерации.pdf:page_125"
"Какие основные нормативные требования по использованию, содержанию и ремонту жилищного фонда приведены в МДС 17-13.2000?"," Основные нормативные требования по использованию, содержанию и ремонту жилищного фонда приведены в МДС 13-17.2000, включая нормы Строительных Норм И Правил Российской Федерации (ГОСТРОЙ РОССИИ) и государственные элементные сметные нормы на строительные работы ГЭСН-2001. Эти документы устанавливают требования к проектированию, строительству, содержанию и ремонту жилых зданий и других объектов жилищно-коммунального хозяйства.","Data1_10_10062_index.pdf:page_1, Data1_10_10852_index.pdf:page_1, Data1_10_10861_index.pdf:page_1, Data1_10_10862_index.pdf:page_1, Жилищный кодекс Российской Федерации.pdf:page_13"
"Какая сумма налогового вычета применяется, если организация реализует проекты по созданию новых производственных мощностей по переработке этана и сжиженных углеводородных газов?"," Для организации, реализующей проекты по созданию новых производственных мощностей по переработке этана и сжиженных углеводородных газов, налоговый вычет не определен прямо. Требуется конкретное исследование законов и специфики проекта для точного определения налогового вычета. Бесплатная юридическая консультация по телефонам: 8 (499) 938-53-71 (Москва и МО), 8 (812) 467-95-28 (Санкт-Петербург и ЛО), 8 (800) 301-92-12 (Регионы РФ).","Налоговый кодекс Российской Федерации.pdf:page_1457, Налоговый кодекс Российской Федерации.pdf:page_583, Налоговый кодекс Российской Федерации.pdf:page_587, Налоговый кодекс Российской Федерации.pdf:page_591, Налоговый кодекс Российской Федерации.pdf:page_642"
В каких случаях разрабатываются ФЕРм на монтажные работы с применением импортных машин и материалов?," ФЕРм разрабатываются в случаях, когда используются импортные машины и материалы для выполнения монтажных работ. Если применяемые импортные машины не имеют аналогов отечественного производства и их использование предусмотрено проектом, то ФЕРм учитывают эту ситуацию.","Data1_10_10754_index.pdf:page_1, Data1_10_10754_index.pdf:page_10, Data1_10_10754_index.pdf:page_12, Data1_10_10754_index.pdf:page_2, Data1_10_10754_index.pdf:page_4"
"Что означает, что семена и племенной материал не явно отличаются от охраняемых сортов или пород?"," Семены и племенной материал не являются охраняемыми сортами или породами, если они не отличаются явно от существующих общеизвестных сортов или пород, у которых точное описание находится в официальных каталогах, справочном фонде или публикациях.","Гражданский кодекс Российской Федерации.pdf:page_601, Гражданский кодекс Российской Федерации.pdf:page_602, Гражданский кодекс Российской Федерации.pdf:page_604, Гражданский кодекс Российской Федерации.pdf:page_605, Гражданский кодекс Российской Федерации.pdf:page_615"
"Какие гарантии предоставляются работнику, усыновившему ребенка, в отношении отпусков?"," Работник, усыновивший ребенка, имеет право на ежегодный оплачиваемый отпуск в досуге для себя по желанию в соответствии с статьей 262.1 Кодекса труда Российской Федерации. Кроме того, при наличии трех и более детей в возрасте до восемнадцати лет работнику предоставляется ежегодный оплачиваемый отпуск раньше по сравнению с коллегами (статья 262.2).","Налоговый кодекс Российской Федерации.pdf:page_943, Трудовой кодекс Российской Федерации.pdf:page_155, Трудовой кодекс Российской Федерации.pdf:page_157, Трудовой кодекс Российской Федерации.pdf:page_181, Трудовой кодекс Российской Федерации.pdf:page_182"
Какие требования к диспетчерской связи с теплоснабжающей организацией должны быть указаны в технических условиях согласно СНиП?, В технических условиях следует предусмотреть требования к ежемесячному представлению теплоснабжающей организации данных о расходе тепловой энергии и теплоносителей по установленной форме на первый рабочий день месяца (письменно) и оперативное сообщение ей обо всех нарушениях и неисправностях в работе расчетных (коммерческих) приборов учета тепловой энергии и теплоносителей.,"Data1_10_10871_index.pdf:page_15, Data1_10_10871_index.pdf:page_4, Data1_10_10871_index.pdf:page_7, Data1_10_10871_index.pdf:page_8, Data1_10_10871_index.pdf:page_9"
Какой штраф предусмотрен за нарушение порядка рассмотрения жалоб на нарушение порядка предоставления государственной или муниципальной услуги?, Штраф за нарушение порядка рассмотрения жалоб на нарушение порядка предоставления государственной или муниципальной услуги не указан в предоставленном тексте.,"Административный кодекс Российской Федерации.pdf:page_103, Административный кодекс Российской Федерации.pdf:page_222, Административный кодекс Российской Федерации.pdf:page_311, Административный кодекс Российской Федерации.pdf:page_54, Административный кодекс Российской Федерации.pdf:page_55"
Какие работы по герметизации швов предусмотрены в соответствии с ГОСТ МДС 13-18.2000?," В соответствии с ГОСТ МДС 13-18.2000, работы по герметизации швов включают:

1. Прессовка листов из полимерных материалов и каучук по швам.
2. Нанесение герметических составов на швы внутри и снаружи.
3. Использование специального оборудования для заливки швов из полимерных или пластичких материалов.","Data1_10_10862_index.pdf:page_1, Data1_10_10863_index.pdf:page_1, Data1_10_10867_index.pdf:page_1, Data1_2_2070_index.pdf:page_1, Data1_2_2073_index.pdf:page_1"
Что регулирует Глава 24.1?, Глава 24.1 регулирует имущественную ответственность гражданина (состояние в праве собственности на все принадлежащие ему имущество).,"Гражданский кодекс Российской Федерации.pdf:page_10, Кодекс внутреннего водного транспорта Российской Федерации.pdf:page_0, Лесной кодекс Российской Федерации.pdf:page_0, Налоговый кодекс Российской Федерации.pdf:page_89, Таможенный кодекс Евразийского экономического союза.pdf:page_453"
"В каких случаях таможенный орган не направляет уведомление о неуплаченных суммах таможенных пошлин, налогов?"," Таможенный орган не направляет уведомление о неуплаченных суммах таможенных пошлин, налогов в следующих случаях:
- Если законодательством государства-члена установлена возможность исполнения обязанности по уплате специальных, антидемпинговых, компенсационных пошлин путем возмещения причиненного ущерба.
- Если законодательством государства-члена зачет сумм таможенных пошлин, налогов, авансовых платежей, денежных средств (денег), внесенных в качестве обеспечения исполнения обязанности по уплате таможенных пошлин, налогов, а также иных денежных средств (денег) не производится при наличии у плательщика не исполненной (полностью или частично) в установленный срок обязанности по уплате таможенных пошлин.
- В случае, если мерам по взысканию таможенных пошлин, налогов в отношении товаров для личного использования не соответствует пункт 2 статьи 68 настоящего Кодекса.","Таможенный кодекс Евразийского экономического союза.pdf:page_326, Таможенный кодекс Евразийского экономического союза.pdf:page_327, Таможенный кодекс Евразийского экономического союза.pdf:page_55, Таможенный кодекс Евразийского экономического союза.pdf:page_70, Таможенный кодекс Евразийского экономического союза.pdf:page_76"
Какие положения Кодекса применяются при приватизации государственного и муниципального имущества?," Приватизация государственного и муниципального имущества регулируется Статьей 217 Кодекса Российской Федерации о приватизации, а также законами и другими правовыми актами по вопросам его конкретной приватизации. Кроме того, особенности правового положения акционерных обществ созданных путем приватизации государственных и муниципальных предприятий определяются этими же законами и другими правовыми актами по вопросам конкретной приватизации.","Гражданский кодекс Российской Федерации.pdf:page_129, Гражданский кодекс Российской Федерации.pdf:page_138, Гражданский кодекс Российской Федерации.pdf:page_59, Налоговый кодекс Российской Федерации.pdf:page_1040, Трудовой кодекс Российской Федерации.pdf:page_30"
Что происходит при неисполнении обязанности по уплате налога?," При неисполнении обязанности по уплате налога, налоговый орган вводит меры по взысканию с поручителя сумм, которые обеспечены поручительством, и направляет плательщику требование об уплате денежной суммы. Если не уплачено или не полностью уплачено авансовое платежа акциза, то налоговый орган в течение восьми дней после истечения срока направляет требование об уплате соответствующей суммы. В случае неисполнения или ненадлежащего исполнения обязанности по уплате таможенных пошлин, таможенный орган вводит меры по взысканию с плательщика и лиц, которые солидарно или субсидиарно несут с ним обязанность.","Налоговый кодекс Российской Федерации.pdf:page_133, Налоговый кодекс Российской Федерации.pdf:page_134, Налоговый кодекс Российской Федерации.pdf:page_170, Налоговый кодекс Российской Федерации.pdf:page_615, Таможенный кодекс Евразийского экономического союза.pdf:page_326"
"Какие дополнительные требования предъявляются к некоммерческой организации, если члены подают заявления о намерении принимать участие в заключении договоров подряда на подготовку проектной документации?"," Чтобы некоммерческая организация могла принять участие в заключении договоров подряда на подготовку проектной документации, требуется соблюдение следующих условий:

1) Формирование компенсационного фонда обеспечения договорных обязательств в соответствии с частями 2 и 4 статьи 55.16 настоящего Кодекса (если не предусмотрено иначе частью 7 той же статьи).

2) Согласование внутренних документов с законодательством Российской Федерации и уставом некоммерческой организации.

3) Несовершение членом саморегулируемой организацией двух и более аналогичных административных правонарушений в течение одного года при выполнении инженерных изысканий, подготовке проектной документации или осуществлении строительства, реконструкции, капитального ремонта или сноса одного объекта капитального строительства (по условиям внутренних документов саморегулируемой организации).","Градостроительный кодекс Российской Федерации.pdf:page_194, Градостроительный кодекс Российской Федерации.pdf:page_196, Градостроительный кодекс Российской Федерации.pdf:page_197, Градостроительный кодекс Российской Федерации.pdf:page_204, Градостроительный кодекс Российской Федерации.pdf:page_208"
Какие образовательные программы могут быть реализованы без налогообложения?," Ни в одном из предоставленных контекстов не указывается, что какие-либо образовательные программы могут реализовываться без налогообложения. Корректно сказать, что для реализации любых образовательных программ, включая военные, необходимо соблюдать установленные законами требования к ведению образовательной деятельности и подготовке специалистов.","Административный кодекс Российской Федерации.pdf:page_424, Воздушный кодекс Российской Федерации.pdf:page_29, Кодекс административного судопроизводства Российской Федерации.pdf:page_184, Налоговый кодекс Российской Федерации.pdf:page_979, Трудовой кодекс Российской Федерации.pdf:page_193"
В каких сферах коллективного управления может быть получена государственная аккредитация?," В сфере коллективного управления могут быть получены государственные аккредитации на осуществление деятельности, упомянутые в статьях 1326 (права изготовителей фонограмм), 1244 и следующих (правила не определены).","Градостроительный кодекс Российской Федерации.pdf:page_136, Гражданский кодекс Российской Федерации.pdf:page_505, Гражданский кодекс Российской Федерации.pdf:page_506, Гражданский кодекс Российской Федерации.pdf:page_507, Гражданский кодекс Российской Федерации.pdf:page_552"
Какая площадь монтажа элементов (сборных) с/без зимней защиты должна быть предусмотрена согласно ГОСТ МДС-80-8.2000?," По ГОСТу МДС-80-8.2000, площадь монтажа элементов с зимней защитой должна быть предусмотрена в зависимости от условий производства работ и конструктивных особенностей оборудования. Если производство ведется на открытом воздухе, то для элементов без зимней защиты должна предусматриваться площадь монтажа не более 50% общей площади монтажных работ по данному оборудованию. Для элементов с зимней защитой нет ограничений на площадь монтажа.","Data1_10_10754_index.pdf:page_1, Data1_10_10754_index.pdf:page_2, Data1_10_10865_index.pdf:page_11, Data1_10_10865_index.pdf:page_15, Data1_10_10865_index.pdf:page_29"
Какой разряд зрительной работы установлен для кабинетов обслуживающих видов труда согласно ГОСТ МДС 31-8.2002?, Разряд зрительной работы для кабинетов обслуживающих видов труда установлен как Б-1 согласно ГОСТ МДС 31-8.2002.,"Data1_10_10754_index.pdf:page_3, Data1_10_10846_index.pdf:page_1, Data1_10_10846_index.pdf:page_13, Data1_10_10846_index.pdf:page_30, Data1_10_10846_index.pdf:page_31"
"Какое наказание предусмотрено за незаконные действия по усыновлению (удочерению) детей, передаче их под опеку (попечительство), на воспитание в приемные семьи, совершенные неоднократно или из корыстных побуждений?"," Наказание за незаконные действия по усыновлению (удочерению) детей, передаче их под опеку (попечительство), на воспитание в приемные семьи, совершенные неоднократно или из корыстных побуждений, может составлять административный арест на срок до шести месяцев либо штраф в размере до сорока тысяч рублей.","Административный кодекс Российской Федерации.pdf:page_47, Гражданский процессуальный кодекс Российской Федерации.pdf:page_113, Семейный кодекс Российской Федерации.pdf:page_36, Семейный кодекс Российской Федерации.pdf:page_46, Уголовный кодекс Российской Федерации.pdf:page_81"
Какие действия должны быть предприняты после установки реперов согласно СНиП 3.01.03-84?, После установки реперов должны производиться геодезические выверки при установке строительных конструкций и элементов в проектное положение.,"Data1_10_10861_index.pdf:page_16, Data1_11_11285_index.pdf:page_35, Data1_11_11285_index.pdf:page_4, Data1_11_11285_index.pdf:page_70, Data1_2_2073_index.pdf:page_6"
Какие работы необходимо провести в тепловых сетях согласно ГОСТ МДС 13-18.2000?," Необходимо проверить работу оборудования при пробных пусках, устранить обнаруженные неполадки, снабдить эксплуатационными организациями необходимым оборудованием, материалами и инструкциями для оперативной ликвидации аварий, оснастить котельные, центральные тепловые пункты, диспетчерские пункты, жилищно-эксплуатационные организации памятками о действиях эксплуатационного персонала при авариях и провести учебу персонала по ликвидации аварии.","Data1_10_10852_index.pdf:page_1, Data1_10_10852_index.pdf:page_27, Data1_10_10862_index.pdf:page_1, Data1_10_10863_index.pdf:page_1, Data1_10_10871_index.pdf:page_1"
"Можно ли изменить выбранный метод начисления амортизации? Если да, то с какой периодичностью?"," Да, можно изменить выбранный метод начисления амортизации, но только в соответствии с законодательством и определенным процедурам. На практике это делается при необходимости или пожелании организатора, либо во время перехода на новую учетную политику. Персонально рекомендовать срок изменения метода иногда сложно, но чаще всего это происходит со следующим отчетным (налоговым) периодом. Подробнее могут рассказать специалисты в юридической консультации на указанных телефонах: 8 (499) 938-53-71, 8 (812) 467-95-28 и 8 (800) 301-92-12.","Налоговый кодекс Российской Федерации.pdf:page_1213, Налоговый кодекс Российской Федерации.pdf:page_953, Налоговый кодекс Российской Федерации.pdf:page_955, Налоговый кодекс Российской Федерации.pdf:page_956, Налоговый кодекс Российской Федерации.pdf:page_960"
"Что грозит за производство, хранение, перевозку или сбыт товаров и продукции, не отвечающих требованиям безопасности?"," Сбыт товаров и продукции, не соответствующих требованиям безопасности, наказывается штрафом в размере до 300 тысяч рублей или обязательными работами на срок до четырехсот восемьдесят часов.","Административный кодекс Российской Федерации.pdf:page_66, Уголовный кодекс Российской Федерации.pdf:page_183, Уголовный кодекс Российской Федерации.pdf:page_185, Уголовный кодекс Российской Федерации.pdf:page_97, Уголовный кодекс Российской Федерации.pdf:page_98"
Какова цель настоящего Положения?," Целью Положения, описанного в статье 7 сайта nkodeksrf.ru, является учёт дополнительных обстоятельств при определении доли участия лица в организации в судебном порядке.","Бюджетный кодекс Российской Федерации.pdf:page_97, Налоговый кодекс Российской Федерации.pdf:page_1027, Налоговый кодекс Российской Федерации.pdf:page_277, Налоговый кодекс Российской Федерации.pdf:page_40, Уголовно-процессуальный кодекс Российской Федерации.pdf:page_212"
Какая площадь жилого городка (Подрядчик) и сколько персонала должно быть предусмотрено согласно ГОСТ МДС-80-8.2000?," Информация из документа GOSSTRОY MDS-80-8.2000 не содержит данных о численности персонала или площади жилого городка, так как он относится к разработке технической части тендерной документации и повышению квалификации руководителей и специалистов в энергетических организациях.","Data1_10_10862_index.pdf:page_1, Data1_10_10865_index.pdf:page_1, Data1_10_10865_index.pdf:page_20, Data1_10_10865_index.pdf:page_24, Data1_2_2116_index.pdf:page_1"
Кто осуществляет снос самовольной постройки?," Орган местного самоуправления, в случае нахождения самовольной постройки на земельном участке, который не является владетельством того лица, которое создало или возвело её. Исполнительный орган государственной власти или орган местного самоуправления уполномоченные на предоставление земельных участков в собственность и могут осуществлять снос самовольной постройки, если она находится на земельном участке, который находится в государственной или муниципальной собственности.","Градостроительный кодекс Российской Федерации.pdf:page_256, Градостроительный кодекс Российской Федерации.pdf:page_257, Градостроительный кодекс Российской Федерации.pdf:page_258, Гражданский кодекс Российской Федерации.pdf:page_131, Земельный кодекс Российской Федерации.pdf:page_128"
Что признаются однородными требованиями?," Однородными требованиями признаются требования, которые имеют одинаковый объем прав ценных бумаг одного эмитента, одного вида, одной категории или одного паевого инвестиционного фонда.","Data1_2_2082_index.pdf:page_21, Налоговый кодекс Российской Федерации.pdf:page_104, Налоговый кодекс Российской Федерации.pdf:page_1163, Налоговый кодекс Российской Федерации.pdf:page_756, Таможенный кодекс Евразийского экономического союза.pdf:page_34"
На каких условиях создается комиссия по совместной подготовке проектов?," Комиссия создается в соответствии с настоящей статьей (13) по инициативе федеральных органов исполнительной власти, органов исполнительной власти субъектов Российской Федерации, органов местного самоуправления или иных главных распорядителей средств соответствующих бюджетов. Она осуществляется на федеральном, межрегиональном, региональном, территориальном уровнях социального партнерства для совместной подготовки проектов документов территориального планирования.","Градостроительный кодекс Российской Федерации.pdf:page_68, Градостроительный кодекс Российской Федерации.pdf:page_69, Градостроительный кодекс Российской Федерации.pdf:page_70, Градостроительный кодекс Российской Федерации.pdf:page_77, Трудовой кодекс Российской Федерации.pdf:page_26"
"Какое наказание предусмотрено за нарушение требований пожарной безопасности, если это повлекло по неосторожности причинение тяжкого вреда здоровью человека?"," Нарушение требований пожарной безопасности, повлекшее возникновение пожара и причинение тяжкого вреда здоровью человека, влечет наложение административного штрафа на юридических лиц в размере от одного миллиона до двух миллионов рублей или административное приостановление деятельности на срок до девяноста суток. (По сайту https://ukodeksrf.ru/)","Административный кодекс Российской Федерации.pdf:page_437, Уголовный кодекс Российской Федерации.pdf:page_161, Уголовный кодекс Российской Федерации.pdf:page_197, Уголовный кодекс Российской Федерации.pdf:page_211, Уголовный кодекс Российской Федерации.pdf:page_212"
Как определить стоимость единицы измерения материала в соответствии с Формой № 5?," Стоимость единицы измерения материала определяется путем суммирования произведений норм расхода ресурсов, приведенных в соответствующей графе таблицы СНиР-91, на базисные цены ресурсов, содержащиеся в сборниках сметных норм и расценок.","Data1_10_10864_index.pdf:page_8, Data1_2_2076_index.pdf:page_15, Data1_2_2076_index.pdf:page_4, Data1_2_2079_index.pdf:page_18, Data1_2_2082_index.pdf:page_17"
Какие этапы разработки градостроительной документации предусмотрены ГОСТ МДС 11-7.2000?," Согласно ГОСТу МДС 11-7.2000, этапы разработки градостроительной документации включают в себя следующие этапы:
1. Схема расселения, природопользования и территориальной организации производственных сил
2. Региональная схема расселения, природопользования и территориальной организации производственных сил
3. Территориальная комплексная схема охраны природы и природопользования
4. Схема районной планировки
5. Проект районной планировки
6. Генеральный план города или другого поселения
7. Проект городской, посёлковой черты
8. Генеральный план территории сельского населённого пункта","Data1_10_10849_index.pdf:page_1, Data1_10_10859_index.pdf:page_1, Data1_10_10865_index.pdf:page_1, Data1_1_1904_index.pdf:page_1, Data1_2_2079_index.pdf:page_1"
"Какова эффективность рекламы, согласно ГОСТ МДС 11-11.2000?", Настоящая инструкция не определяет эффективность рекламы.,"Data1_10_10849_index.pdf:page_1, Data1_10_10858_index.pdf:page_1, Data1_10_10863_index.pdf:page_1, Data1_10_10870_index.pdf:page_1, Data1_1_1904_index.pdf:page_1"
Какая расчетная температура воздуха в помещениях для взрослых больных в больницах согласно ГОСТ МДС 31-8.2002?," Согласно ГОСТ МДС 31-8.2002, для помещений больниц расчетная температура воздуха должна быть не менее +21 °C.","Data1_10_10846_index.pdf:page_1, Data1_10_10846_index.pdf:page_11, Data1_10_10846_index.pdf:page_21, Data1_10_10861_index.pdf:page_30, Data1_10_10865_index.pdf:page_21"
"Что такое ""индикатор риска""?"," Индикатор риска - это какой-либо признак или показатель, который используется таможенными органами для определения области риска.","Земельный кодекс Российской Федерации.pdf:page_167, Кодекс торгового мореплавания Российской Федерации.pdf:page_87, Таможенный кодекс Евразийского экономического союза.pdf:page_438, Таможенный кодекс Евразийского экономического союза.pdf:page_439, Трудовой кодекс Российской Федерации.pdf:page_130"
Что такое счет неустановленных лиц и для каких организаций он предназначен?," Счет неустановленных лиц предназначен для организации, в отношении которой установлено право на получение такого дохода.","Жилищный кодекс Российской Федерации.pdf:page_84, Налоговый кодекс Российской Федерации.pdf:page_1032, Налоговый кодекс Российской Федерации.pdf:page_128, Налоговый кодекс Российской Федерации.pdf:page_182, Налоговый кодекс Российской Федерации.pdf:page_876"
Что такое инвестиционный налоговый вычет и как он влияет на уменьшение доходов от реализации объекта основных средств?," Инвестиционный налоговый вычет - это уменьшение суммы налога, которое может быть получено предприятием при реализации или выбытии объекта основных средств (включая нематериальные активы), созданного в результате произведенных расходов на научные исследования и опытно-конструкторские разработки. Это право предусмотрено статьей 249.1 Налогового кодекса РФ. Применение инвестиционного налогового вычета позволяет уменьшить доходы от реализации объекта основных средств, снижая сумму налога (авансового платежа), подлежащую зачислению в федеральный бюджет.","Налоговый кодекс Российской Федерации.pdf:page_1122, Налоговый кодекс Российской Федерации.pdf:page_1123, Налоговый кодекс Российской Федерации.pdf:page_1125, Налоговый кодекс Российской Федерации.pdf:page_1129, Налоговый кодекс Российской Федерации.pdf:page_996"
"Какой штраф грозит председателю или члену избирательной комиссии, комиссии референдума за нарушение установленного законом порядка подсчета голосов?"," Гражданин, являющийся председателем или членом избирательной комиссии или комиссии референдума, нарушивший установленный законом порядок подсчета голосов либо обработки итогов голосования, определения результатов выборов, референдума, общероссийского голосования, будет наложен административный штраф в размере до 1500 рублей.","Административный кодекс Российской Федерации.pdf:page_33, Административный кодекс Российской Федерации.pdf:page_34, Административный кодекс Российской Федерации.pdf:page_35, Административный кодекс Российской Федерации.pdf:page_37, Административный кодекс Российской Федерации.pdf:page_41"
"Какие гарантии и льготы предоставляются лицам, воспитывающим детей без матери?"," Лицам, воспитывающим детей без матери, не указаны специфические гарантии или льготы в указанном контексте Семейного кодекса Российской Федерации. Однако, такие лица могут пользоваться общими правами и льготами для воспитания детей, а также иметь возможность приобрести опекунство или приёмное родство в случае несовершеннолетия ребенка. Кроме того, для работниц, воспитывающих детей без матери в возрасте до полутора лет, предоставляются дополнительные перерывы для кормления ребенка (детей) не реже чем через каждые три часа продолжительностью не менее 30 минут каждый.","Семейный кодекс Российской Федерации.pdf:page_17, Семейный кодекс Российской Федерации.pdf:page_27, Трудовой кодекс Российской Федерации.pdf:page_155, Трудовой кодекс Российской Федерации.pdf:page_157, Трудовой кодекс Российской Федерации.pdf:page_181"
"Какое состояние должны иметь водосточные трубы и окрытия оголовков, парапетов и т.п. согласно ГОСТ МДС 13-18.2000?"," Согласно ГОСТ МДС 13-18.2000, водосточные трубы и окрытия оголовков, парапетов и т.п. должны быть в исправном состоянии.","Data1_10_10852_index.pdf:page_1, Data1_10_10852_index.pdf:page_13, Data1_10_10852_index.pdf:page_37, Data1_10_10861_index.pdf:page_15, Data1_10_10861_index.pdf:page_16"
Каковы лимиты на учетный период для суммированного учета рабочего времени?," Для обычных работников - один год, для работников с вредными или опасными условиями труда - три месяца.","Трудовой кодекс Российской Федерации.pdf:page_163, Трудовой кодекс Российской Федерации.pdf:page_166, Трудовой кодекс Российской Федерации.pdf:page_65, Трудовой кодекс Российской Федерации.pdf:page_71, Уголовно-исполнительный кодекс Российской Федерации.pdf:page_62"
По какому документу (СНиП 3.01.03-84) указываются места установки рабочих реперов?, Места установки рабочих реперов указываются в геодезическом разделе ППР или ППГР (СНиП 3.01.03-84).,"Data1_10_10865_index.pdf:page_30, Data1_11_11285_index.pdf:page_1, Data1_11_11285_index.pdf:page_30, Data1_11_11285_index.pdf:page_35, Data1_11_11285_index.pdf:page_70"
Какое административное наказание предусмотрено за нарушение сроков обслуживания и погашения государственного (муниципального) долга?, Административный штраф на должностных лиц в размере от двадцати тысяч до пятидесяти тысяч рублей.,"Административный кодекс Российской Федерации.pdf:page_23, Административный кодекс Российской Федерации.pdf:page_316, Бюджетный кодекс Российской Федерации.pdf:page_147, Бюджетный кодекс Российской Федерации.pdf:page_156, Бюджетный кодекс Российской Федерации.pdf:page_162"
Могут ли собственники установить взнос на капитальный ремонт выше минимального?," Да, собственники могут устанавливать взнос на капитальный ремонт выше минимального. Нормативный правовой акт субъекта Российской Федерации определяет предельную стоимость услуг и работ по капитальному ремонту, но эта величина может превышаться, если это установлено в документах товарищества собственников жилья или другого специализированного кооператива.","Жилищный кодекс Российской Федерации.pdf:page_121, Жилищный кодекс Российской Федерации.pdf:page_154, Жилищный кодекс Российской Федерации.pdf:page_155, Жилищный кодекс Российской Федерации.pdf:page_156, Жилищный кодекс Российской Федерации.pdf:page_182"
"Какие действия должен предпринять налоговый орган после принятия решения об отказе, приостановлении, возобновлении или аннулировании свидетельства?"," После принятия решения о отказе, приостановлении, возобновлении или аннулировании свидетельства налоговый орган должен в течение соответствующего срока:
1) уведомить организацию об этом решении;
2) в случае приостановления - установить срок устранения нарушений и уведомить о нём организацию;
3) в течение десяти рабочих дней после получения уведомления от организации об устранении нарушений - принять решение о возобновлении действия свидетельства или о неполном устранении нарушений;
4) в случае аннулирования - принимать меры по этому делу.","Налоговый кодекс Российской Федерации.pdf:page_559, Налоговый кодекс Российской Федерации.pdf:page_571, Налоговый кодекс Российской Федерации.pdf:page_575, Налоговый кодекс Российской Федерации.pdf:page_582, Налоговый кодекс Российской Федерации.pdf:page_590"
Какие телефоны доступны для бесплатной юридической консультации в Москве и Московской области?, Для получения бесплатной юридической консультации в Москве и Московской области доступны следующие телефоны: 8 (499) 938-53-71.,"Административный кодекс Российской Федерации.pdf:page_374, Административный кодекс Российской Федерации.pdf:page_415, Административный кодекс Российской Федерации.pdf:page_417, Административный кодекс Российской Федерации.pdf:page_67, Градостроительный кодекс Российской Федерации.pdf:page_291"
"Какие решения принимаются о подготовке и реализации бюджетных инвестиций в объекты государственной собственности Российской Федерации, находящиеся в оперативном управлении или хозяйственном ведении федеральных государственных учреждений стоимостью менее 3 миллиардов рублей?"," Решения о подготовке и реализации бюджетных инвестиций в объекты государственной собственности, находящиеся в оперативном управлении или хозяйственном ведении федеральных государственных учреждений стоимостью менее 3 миллиардов рублей принимаются:
1. В форме правового акта Правительства Российской Федерации;
2. В случаях и порядке, которые установлены Правительством Российской Федерации, в форме правового акта федерального органа.","Административный кодекс Российской Федерации.pdf:page_311, Бюджетный кодекс Российской Федерации.pdf:page_103, Бюджетный кодекс Российской Федерации.pdf:page_104, Бюджетный кодекс Российской Федерации.pdf:page_106, Бюджетный кодекс Российской Федерации.pdf:page_91"
Что происходит с пунктами 3.1 и 4 статьи 183?," Пункты 3.1 и 4 статьи 183 настоящего Кодекса относятся к операциям, для которых предусмотрено освобождение от уплаты акциза. Сумма банковской гарантии должна обеспечивать исполнение обязательства по уплате акциза в полном объеме, и срок действия банковской гарантии должен составлять не менее 10 месяцев со дня истечения установленного срока.","Гражданский процессуальный кодекс Российской Федерации.pdf:page_77, Лесной кодекс Российской Федерации.pdf:page_41, Лесной кодекс Российской Федерации.pdf:page_47, Налоговый кодекс Российской Федерации.pdf:page_608, Уголовно-процессуальный кодекс Российской Федерации.pdf:page_122"
Какие примеры расчета приведенных затрат приведены в разделе «Экономическая оценка» согласно ГОСТ МДС 80-3.2000?," В разделе ""Экономическая оценка"" в документе ГОСТ МДС 80-3.2000 приведены примеры расчета предложенных затрат для каждого предложения (№ 1 - № 4) показателем DTi (ускорение ввода объекта в эксплуатацию).","Data1_10_10754_index.pdf:page_18, Data1_10_10869_index.pdf:page_1, Data1_10_10869_index.pdf:page_7, Data1_10_10869_index.pdf:page_8, Data1_2_2117_index.pdf:page_1"
Какой ГОСТ определяет стоимость 1 м² общей площади для культурно-бытового строительства?," В контексте предоставленном, не указан конкретный ГОСТ, но приводится рекомендация использовать РТМ для культурно-бытового строительства, разработанные ЦНИИЭУСом. Эти РТМ представляются в приложении 10.","Data1_11_11835_index.pdf:page_4, Data1_2_2080_index.pdf:page_18, Data1_2_2080_index.pdf:page_2, Data1_2_2080_index.pdf:page_7, Data1_2_2080_index.pdf:page_9"
Какие сведения подлежат указанию в декларации на товары в отношении сделки с товарами и ее условий?," Сведения, которые необходимы для декларации на товары и условий сделки:
1) Название товаров;
2) Количество товаров;
3) Марка товаров;
4) Упаковки товаров (количество, вид, маркировка и порядковые номера);
5) Стоимость сделки с идентичными товарами.","Таможенный кодекс Евразийского экономического союза.pdf:page_115, Таможенный кодекс Евразийского экономического союза.pdf:page_118, Таможенный кодекс Евразийского экономического союза.pdf:page_127, Таможенный кодекс Евразийского экономического союза.pdf:page_191, Таможенный кодекс Евразийского экономического союза.pdf:page_42"
Как определяется сметная стоимость ремонта основных средств?," Сметная стоимость ремонта основных средств определяется в соответствии с установившимися единичными расценками, принятыми в капитальном строительстве, либо в размерах, установленных министерствами и ведомствами.","Data1_1_1879_index.pdf:page_11, Data1_1_1879_index.pdf:page_12, Data1_1_1879_index.pdf:page_9, Градостроительный кодекс Российской Федерации.pdf:page_30, Налоговый кодекс Российской Федерации.pdf:page_1216"
Каков расход химически очищенной воды при испытании паровых котлов ДЕ-16-14ГМ по ГОСТ МДС 81-8.2000?, Расход химически очищенной воды при испытании паровых котлов ДЕ-16-14ГМ составляет 300 + 600 = 900 т.,"Data1_10_10864_index.pdf:page_26, Data1_10_10864_index.pdf:page_27, Data1_10_10864_index.pdf:page_29, Data1_10_10864_index.pdf:page_30, Data1_10_10864_index.pdf:page_8"
Какие права и ответственности разъясняются специалисту?," Специалисту разъясняются права и ответственность, предусмотренные статьей 57 (Председательствующий разъясняет эксперту его прав) и статьей 58 (Председательствующий разъясняет специалисту его права и ответственность) настоящего Кодекса.","Data1_10_10851_index.pdf:page_4, Data1_10_10851_index.pdf:page_6, Административный кодекс Российской Федерации.pdf:page_576, Уголовно-процессуальный кодекс Российской Федерации.pdf:page_183, Уголовно-процессуальный кодекс Российской Федерации.pdf:page_49"
Какие ставки используются для определения платежей по процентам за кредиты банков?," Платежи по процентам за кредиты банков определяются по учетным ставкам, установленным Центробанком Российской Федерации.","Data1_2_2070_index.pdf:page_34, Data1_2_2082_index.pdf:page_27, Гражданский кодекс Российской Федерации.pdf:page_340, Налоговый кодекс Российской Федерации.pdf:page_759, Налоговый кодекс Российской Федерации.pdf:page_769"
"Что делать водителю, если документы о ДТП не могут быть оформлены без участия сотрудников полиции?", Водитель должен обратиться в местное отделение полиции для получения указаний сотрудника полиции о месте оформления дорожно-транспортного происшествия. Бесплатная юридическая консультация доступна по телефонам: 8 (499) 938-53-84 (Москва и МО); 8 (812) 467-95-33 (Санкт-Петербург и ЛО); 8 (800) 301-79-07 (Регионы РФ).,"Административный кодекс Российской Федерации.pdf:page_194, ПДД Российской Федерации.pdf:page_10, ПДД Российской Федерации.pdf:page_6, ПДД Российской Федерации.pdf:page_7, ПДД Российской Федерации.pdf:page_9"
Какие данные должны содержаться в сводке объемов и стоимости подрядных работ согласно ГОСТ МДС 81-10.2000?," В соответствии с ГОСТом МДС 81-10.2000, сводка объемов и стоимости подрядных работ должна содержать следующие данные:
1. Виды работ и их номенклатура
2. Объемы работ (объём по номенклатуре)
3. Базовая сметная стоимость на вид работ (УПБС ВР)
4. Текущая сметная стоимость на вид работ (предложимая подрядником)
5. Итоговая текущая сметная стоимость объема работ
6. Изменение текущей сметной стоимости по сравнению с базовой сметной стоимостью (индекс стоимости)","Data1_2_2069_index.pdf:page_1, Data1_2_2076_index.pdf:page_1, Data1_2_2079_index.pdf:page_1, Data1_2_2079_index.pdf:page_5, Data1_2_2117_index.pdf:page_1"
Какие меры наказания управляющего проекта за неудачное управление конкурентностью работников указаны в ГОСТ МДС 80-2.2000?," В соответствии с документом, не указывается ничего о меры наказания для управляющего проектом в случае неудачного управления конкуренцией работников. Наоборот, целью является активизация естественного стремления к состязательности при их деятельности и защита от недобросовестной конкуренции.","Data1_10_10858_index.pdf:page_1, Data1_10_10865_index.pdf:page_1, Data1_10_10872_index.pdf:page_1, Data1_10_10872_index.pdf:page_10, Data1_10_10872_index.pdf:page_7"
Какие показатели включены в информацию о жилых кварталах и микрорайонах согласно ГОСТ МДС 11-7.2000?," В информации о жилых кварталах и микрорайонах включены следующие показатели:
1. Все проектируемые, сохраняемые и реконструируемые здания и сооружения;
2. Секционность жилых домов;
3. Сквозные проезды и проходы в зданиях;
4. Участки общественных зданий, площадки для отдыха, спорта и другого назначения;
5. Проезды и пешеходные проходы;
6. Зеленые насаждения;
7. Размещение проектируемой застройки в районе.","Data1_10_10849_index.pdf:page_1, Data1_10_10863_index.pdf:page_1, Data1_1_1904_index.pdf:page_20, Data1_1_1904_index.pdf:page_21, Data1_2_2080_index.pdf:page_8"
В какие сроки должен быть направлен запрос о подтверждении выполнения соглашения?," Для ответа необходимо уточнить, к какому соглашению ответ относится - в сфере топливно-энергетического комплекса или таможенного регулирования. В первом случае срок для направления запроса не определен и может составлять более 60 календарных дней со дня регистрации в федеральном орган исполнительной власти. Во втором случае для таможенного регулирования установлен менее продолжительный срок, который может зависеть от законодательства государств-членов о таможенном регулировании.","Гражданский процессуальный кодекс Российской Федерации.pdf:page_27, Налоговый кодекс Российской Федерации.pdf:page_348, Налоговый кодекс Российской Федерации.pdf:page_567, Налоговый кодекс Российской Федерации.pdf:page_568, Таможенный кодекс Евразийского экономического союза.pdf:page_31"
Какие размеры площадки для мини-волейбола указаны для детей 9 - 12 лет согласно ГОСТ МДС 35-7.2000?," Для детей в возрасте от 9 до 12 лет мини-волейбольная площадка должна иметь размеры: а = 12 м, l = 9 м, высота сетки 200 см согласно ГОСТ МДС 35-7.2000.","Data1_10_10847_index.pdf:page_1, Data1_10_10847_index.pdf:page_10, Data1_10_10847_index.pdf:page_15, Data1_10_10847_index.pdf:page_16, Data1_10_10847_index.pdf:page_24"
Какие регионы освобождаются от уплаты налога на прибыль?," Ни одно из определенных регионов не освобождается от уплаты налога на прибыль. Однако, в соответствии с законодательством, инвестор может быть освобожден от уплаты региональных и местных налогов и сборов, однако это решение принимается соответствующим законодательным органом государственной власти или представительным органа местного самоуправления.","Налоговый кодекс Российской Федерации.pdf:page_1522, Налоговый кодекс Российской Федерации.pdf:page_357, Налоговый кодекс Российской Федерации.pdf:page_68, Налоговый кодекс Российской Федерации.pdf:page_887, Налоговый кодекс Российской Федерации.pdf:page_888"
Какие основания существуют для отказа в открытии лицевого счета участнику казначейского сопровождения?," Отказ в открытии лицевого счета участнику казначейского сопровождения может быть основан на следующих основаниях:
1) применении мер по замораживанию (блокированию) денежных средств или иного имущества в отношении юридического лица, индивидуального предпринимателя, физического лица - производителя товаров, работ, услуг решением межведомственного координационного органа, осуществляющего функции по противодействию финансированию терроризма;
2) нахождение юридического лица под контролем юридической системы казначейских платежей в целях недопущения финансовых нарушений участниками казначейского сопровождения и применении мер реагирования;
3) существовании для юридического лица, индивидуального предпринимателя, физического лица - производителя товаров, работ, услуг, получающих денежные средства от участника казначейского сопровождения решения межведомственного координационного органа о применении мер по замораживанию (блокированию) денежных средств или иного имущества;
4) регистрации юридического лица на территории государства, включенного в утверждаемый Министерством финансов Российской Федерации перечень государств и территорий, предоставляющих льготный налоговый режим налогообложения и (или) не предусматривающих раскрытия и предоставления информации при проведении финансовых операций (офшорные зоны).","Бюджетный кодекс Российской Федерации.pdf:page_325, Бюджетный кодекс Российской Федерации.pdf:page_359, Бюджетный кодекс Российской Федерации.pdf:page_364, Бюджетный кодекс Российской Федерации.pdf:page_365, Бюджетный кодекс Российской Федерации.pdf:page_366"
Какие нормы СНиП регулируют использование товарного раствора?," Товарный раствор регулируется нормами СНиП, в частности SNIП 2.5. Для приготовления цементных растворов должен использоваться портландцемент марки не ниже 300. Допускается также использование сульфатостойкого цемента и шлакопортландцемента, а также тампонажного портландцемента. Использование смесей различных видов цемента допускается только после проведения лабораторных испытаний с определением сроков схватывания и твердения. Физико-механические свойства цемента, предназначенного для приготовления цементционных растворов, должны быть проверены для каждой партии цемента, поступающей на строительство независимо от паспортных данных.","Data1_10_10861_index.pdf:page_14, Data1_11_11295_index.pdf:page_27, Data1_11_11295_index.pdf:page_6, Data1_2_2073_index.pdf:page_1, Data1_2_2073_index.pdf:page_2"
Какие сроки и процедуры заключения соглашений о недопущении конкуренции описаны в ГОСТ МДС 80-2.2000?," В документе ГОСТ МДС 80-2.2000 не указаны сроки или процедуры заключения соглашений о недопущении конкуренции. Этот вопрос касается практических вопросов организации внутренней конкуренции и является предметом договорённостей между работниками и руководством проектной организации, а не регулируется собственно ГОСТом.","Data1_10_10865_index.pdf:page_1, Data1_10_10866_index.pdf:page_1, Data1_10_10867_index.pdf:page_1, Data1_10_10872_index.pdf:page_1, Data1_10_10872_index.pdf:page_5"
Какие меры рекомендованы для предотвращения попадания конденсата на перекрытия через стыки канализационных стояков согласно ГОСТ МДС 17-13.2000?," Согласно ГОСТ МДС 17-13.2000, канализационные стояки при прохождении через чердак должны быть соединены раструбами вверх, чтобы конденсат, образующийся в трубах, не попадал через стыки на перекрытия.","Data1_10_10852_index.pdf:page_2, Data1_10_10861_index.pdf:page_28, Data1_10_10861_index.pdf:page_34, Data1_10_10861_index.pdf:page_6, Data1_11_11285_index.pdf:page_77"
Что может требовать правообладатель в случае незаконного использования товарного знака?," Правообладатель может требовать изъятия из оборота и уничтожения товаров, на которых размещено незаконное использование его товарного знака, а также возместить причинённые убытки.","Административный кодекс Российской Федерации.pdf:page_256, Гражданский кодекс Российской Федерации.pdf:page_515, Гражданский кодекс Российской Федерации.pdf:page_645, Гражданский кодекс Российской Федерации.pdf:page_660, Гражданский кодекс Российской Федерации.pdf:page_661"
Какие значения коэффициентов ψa и ψb приведены в таблице 8 согласно СНиП 3.01.03-84?," Значения коэффициентов ψa и ψb приведены в таблице 9, согласно СНиП 3.01.03-84, для разных значений n1n' в зависимости от типа оболочки (а для круговой, б для цилиндрической).","Data1_10_10754_index.pdf:page_3, Data1_10_10846_index.pdf:page_16, Data1_10_10865_index.pdf:page_38, Data1_11_11285_index.pdf:page_18, Data1_11_11285_index.pdf:page_19"
Какие телефонные номера доступны для бесплатной юридической консультации в регионах России?," Бесплатная юридическая консультация доступна по следующим телефонным номерам:
• 8 (499) 938-53-84 - Москва и МО;
• 8 (812) 467-95-33 - Санкт-Петербург и ЛО;
• 8 (800) 301-79-07 - Регионы РФ.","Водный кодекс Российской Федерации.pdf:page_21, Воздушный кодекс Российской Федерации.pdf:page_51, Кодекс административного судопроизводства Российской Федерации.pdf:page_226, Лесной кодекс Российской Федерации.pdf:page_32, Уголовно-исполнительный кодекс Российской Федерации.pdf:page_54"
Какие меры предусмотрены для ликвидации волосяных трещин в стенах согласно ГОСТ МДС 13-18.2000?," Для ликвидации волосяных трещин в стенах не предусмотрено конкретное решение в ГОСТ МДС 13-18.2000, который касается подготовки жилого фонда к зиме и методических рекомендаций по ликвидации нарушений в его содержании и использовании.","Data1_10_10852_index.pdf:page_1, Data1_10_10852_index.pdf:page_4, Data1_10_10861_index.pdf:page_1, Data1_10_10861_index.pdf:page_16, Data1_10_10861_index.pdf:page_25"
Какие рекомендации по расчету материальных затрат и прочих расходов даны в ГОСТ МДС 81-7.2000?, ГОСТ МДС 81-7.2000 рекомендует использование для расчета материальных затрат в практических расчетах при составлении смет расходов на содержание службы заказчика-застройщика и определения численности персонала на календарный год в зависимости от выделенных инвестиций.,"Data1_2_2073_index.pdf:page_1, Data1_2_2075_index.pdf:page_1, Data1_2_2079_index.pdf:page_1, Data1_2_2116_index.pdf:page_1, Data1_2_2117_index.pdf:page_1"
Какие лица не требуют членства в саморегулируемых организациях при выполнении работ по договорам строительного подряда с федеральными органами исполнительной власти?, Индивидуальные предприниматели и юридические лица не являющиеся членами саморегулируемых организаций в области строительства могут выполнять работы по договорам строительного подряда с федеральными органами исполнительной власти.,"Градостроительный кодекс Российской Федерации.pdf:page_112, Градостроительный кодекс Российской Федерации.pdf:page_116, Градостроительный кодекс Российской Федерации.pdf:page_164, Градостроительный кодекс Российской Федерации.pdf:page_165, Градостроительный кодекс Российской Федерации.pdf:page_251"
Как переводится годовой объем капитальных вложений в цены 1984 г. согласно ГОСТ МДС 81-7.2000?, Переводится по формуле: объем инвестиций (в рублях) / индекс удорожания капитальных вложений (с 1984 г.) = стоимость в ценях 1984 г.,"Data1_10_10754_index.pdf:page_18, Data1_2_2079_index.pdf:page_1, Data1_2_2116_index.pdf:page_12, Data1_2_2116_index.pdf:page_3, Data1_2_2117_index.pdf:page_1"
"Какой штраф может быть наложен на граждан за незаконное перемещение физическими лицами табачной продукции, не маркированной специальными (акцизными) марками?"," Граждан за незаконное перемещение физическими лицами табачной продукции, не маркированной специальными (акцизными) марками, накладывают штраф в размере от тридцати тысяч до пятидесяти тысяч рублей с конфискацией предметов административного правонарушения, согласно статье 15.12.1 кодекса о административных правонарушениях РФ.","Административный кодекс Российской Федерации.pdf:page_246, Административный кодекс Российской Федерации.pdf:page_297, Административный кодекс Российской Федерации.pdf:page_308, Административный кодекс Российской Федерации.pdf:page_71, Уголовный кодекс Российской Федерации.pdf:page_259"
Какие телефоны доступны для бесплатной юридической консультации в Москве и Московской области?, Телефоны для бесплатной юридической консультации в Москве и Московской области доступны по следующим номерам: 8 (499) 938-53-71.,"Административный кодекс Российской Федерации.pdf:page_374, Административный кодекс Российской Федерации.pdf:page_415, Административный кодекс Российской Федерации.pdf:page_417, Административный кодекс Российской Федерации.pdf:page_67, Градостроительный кодекс Российской Федерации.pdf:page_291"
Какой ГОСТ регламентирует стоимость 1 м² общей площади?," ГОСТ регламентирует стоимость 1 м² общей площади не указан, но используются данные из таблицы 5 (строительная стоимость СМР) с уровня базисного цен в 1993 году.","Data1_11_11835_index.pdf:page_4, Data1_2_2080_index.pdf:page_10, Data1_2_2080_index.pdf:page_15, Data1_2_2080_index.pdf:page_17, Data1_2_2080_index.pdf:page_18"
"Что происходит с решениями иностранных судов, которые не требуют принудительного исполнения?"," Решения иностранных судов, которые не требуют принудительного исполнения, признаются в Российской Федерации если их признание предусмотрено международным договором Российской Федерации и федеральным законом.","Арбитражный процессуальный кодекс Российской Федерации.pdf:page_157, Арбитражный процессуальный кодекс Российской Федерации.pdf:page_158, Арбитражный процессуальный кодекс Российской Федерации.pdf:page_159, Гражданский процессуальный кодекс Российской Федерации.pdf:page_168, Гражданский процессуальный кодекс Российской Федерации.pdf:page_169"
"В каких случаях законные представители могут передать земельные участки, наследуемые несовершеннолетними, в аренду?"," Законные представители могут передать земельные участки, наследуемые несовершеннолетними, в аренду до достижения наследниками совершеннолетия.","Земельный кодекс Российской Федерации.pdf:page_195, Земельный кодекс Российской Федерации.pdf:page_21, Земельный кодекс Российской Федерации.pdf:page_22, Земельный кодекс Российской Федерации.pdf:page_38, Земельный кодекс Российской Федерации.pdf:page_53"
В какие сроки должна быть представлена транзитная декларация при перевозке товаров автомобильным транспортом?," Транзитная декларация должна быть представлена в течение 3 месяцев после того, как товары будут перевозены автомобильным транспортом.","Таможенный кодекс Евразийского экономического союза.pdf:page_124, Таможенный кодекс Евразийского экономического союза.pdf:page_127, Таможенный кодекс Евразийского экономического союза.pdf:page_174, Таможенный кодекс Евразийского экономического союза.pdf:page_177, Таможенный кодекс Евразийского экономического союза.pdf:page_91"
На каком сайте можно найти комментарии к статьям?, На сайтах https://gkodeksrf.ru/ и https://upkodeksrf.ru/ можно найти комментарии к статьям.,"Гражданский кодекс Российской Федерации.pdf:page_520, Гражданский кодекс Российской Федерации.pdf:page_563, Гражданский кодекс Российской Федерации.pdf:page_591, Уголовно-процессуальный кодекс Российской Федерации.pdf:page_124, Уголовно-процессуальный кодекс Российской Федерации.pdf:page_222"
Как устанавливаются порядок и сроки внесения платы за подключение объектов капитального строительства?," Ответ: Технические требования и условия, а также технические условия подключения (технологического присоединения) объектов капитального строительства к сетям инженерно-технического обеспечения устанавливаются Правительством Российской Федерации. Срок и порядок внесения платы за подключение объектов капиталного строительства не упоминается в контексте предоставленном, поэтому невозможно дать точный ответ. Для получения полной информации рекомендуется обратиться к соответствующим правилам подключения (технологического присоединения) или юридической консультации. Бесплатная юридическая консультация по телефонам: 8 (499) 938-53-71 (Москва и МО); 8 (812) 467-95-28 (Санкт-Петербург и ЛО); 8 (800) 301-92-12 (Регионы РФ).","Градостроительный кодекс Российской Федерации.pdf:page_168, Градостроительный кодекс Российской Федерации.pdf:page_170, Градостроительный кодекс Российской Федерации.pdf:page_172, Градостроительный кодекс Российской Федерации.pdf:page_261, Земельный кодекс Российской Федерации.pdf:page_111"
Как определяется количество циркулирующего теплоносителя в случае самовольного присоединения по ГОСТ МДС 41-3.2000?," В случае самовольного присоединения, количество циркулирующего теплоносителя не определяется с помощью указанного в ГОСТ МДС 41-3.2000 метода. Появившийся объект должен пройти аттестацию, после чего будет произведен расчет расхода теплоносителя, учитывая технические характеристики нового объекта и условия работы системы коммунального теплоснабжения.","Data1_10_10852_index.pdf:page_21, Data1_10_10870_index.pdf:page_4, Data1_10_10871_index.pdf:page_1, Data1_10_10871_index.pdf:page_11, Data1_10_10871_index.pdf:page_6"
Как привязываются затраты на эксплуатацию строительных машин и определяются затраты на заработную плату машинистов согласно ГОСТ МДС 81-10.2000?," Затраты на эксплуатацию строительных машин привязываются к сборнику ПВР (Правила вычисления расходов) согласно ГОСТ МДС 81-10.2000. Средства на оплату труда рабочих, управляющих машинами, рассчитаны по производительности машин и часовой оплате машинистов. Затраты на заработную плату машинистов определяются как 0,3-кратная стоимость эксплуатации машин.","Data1_10_10754_index.pdf:page_3, Data1_10_10848_index.pdf:page_5, Data1_2_2076_index.pdf:page_4, Data1_2_2076_index.pdf:page_6, Data1_2_2080_index.pdf:page_16"
Какие требования предъявляются к столику штатива согласно СНиП 3.01.03-84?," Столик штатива для сооружений должен соответствовать требованиям СНиП 3.01.03-84, указанным в пп. 2.5 и 2.6:

* Твердый и прочный материал;
* Состояние поверхности недолговечных материалов - гладкий и ровный;
* Размеры столика должны соответствовать параметрам штатива, на который он устанавливается;
* Устойчивость к воздействию ветра.","Data1_10_10861_index.pdf:page_16, Data1_10_10861_index.pdf:page_24, Data1_10_10865_index.pdf:page_30, Data1_11_11285_index.pdf:page_4, Data1_2_2073_index.pdf:page_6"
На что не имеют права участники судебных прений?," В судебных прениях участники не вправе касаться обстоятельств, которые рассматриваются после вынесения вердикта без участия присяжных заседателей.","Арбитражный процессуальный кодекс Российской Федерации.pdf:page_86, Гражданский процессуальный кодекс Российской Федерации.pdf:page_79, Кодекс административного судопроизводства Российской Федерации.pdf:page_94, Уголовно-процессуальный кодекс Российской Федерации.pdf:page_190, Уголовно-процессуальный кодекс Российской Федерации.pdf:page_218"
Какой максимальный срок лишения свободы может быть назначен за нарушение требований по защите государственной тайны?," Максимальный срок лишения свободы, который может быть назначен за нарушение требований по защите государственной тайны, составляет 8 лет.","Уголовный кодекс Российской Федерации.pdf:page_160, Уголовный кодекс Российской Федерации.pdf:page_226, Уголовный кодекс Российской Федерации.pdf:page_227, Уголовный кодекс Российской Федерации.pdf:page_24, Уголовный кодекс Российской Федерации.pdf:page_33"
Что такое совместная собственность?," В данном контексте ""совместная собственность"" - это собственность, принадлежащая нескольким лицам одновременно и наравне, как в случае с крестьянско-фермерским хозяйством (земельный участок, постройки, техника, скот и т.п.), а также совместная собственность супругов после раздела их общих имуществ в случае расторжения брака.","Гражданский кодекс Российской Федерации.pdf:page_144, Гражданский кодекс Российской Федерации.pdf:page_146, Семейный кодекс Российской Федерации.pdf:page_10, Семейный кодекс Российской Федерации.pdf:page_8, Семейный кодекс Российской Федерации.pdf:page_9"
Как определяются подлежащие оплате количества потребленной тепловой энергии и использованного теплоносителя при неполном укомплектовании узла учета согласно ГОСТ?," При неполном укомплектовании узла учета тепловой энергии и теплоносителей, количество подлежащее оплате тепловой энергии и использованного теплоносителя определяется по следующим методам:
- Для абонентов без приборов учета, тепловая энергия и объем теплоносителей определяются расчетным путем или согласно водному балансу системы.
- Тепловые потери через изоляцию трубопроводов определяются согласно СНиП 2.04.14-88 и Методических указаниям ""Работы в непосредственной близости от тепловых сетей"".
- При временном отсутствии средств измерений, используется расчетный метод.
- Для открытой системы теплоснабжения без приборов учета, водопотребление аabloнентa определяется пропорционально его договорной среднечасовой величине водоразбора.

Все эти методы должны быть в соответствии с действующими Правилами учета тепловой энергии и теплоносителя.","Data1_10_10870_index.pdf:page_4, Data1_10_10870_index.pdf:page_6, Data1_10_10871_index.pdf:page_10, Data1_10_10871_index.pdf:page_11, Data1_10_10871_index.pdf:page_12"
На каком сайте можно найти комментарии к статьям Кодекса?," Комментарии к статьям Кодекса можно найти на следующих сайтах: <https://gkodeksrf.ru/>, <https://apkodrf.ru/> и <https://ktmrf.ru/>","Арбитражный процессуальный кодекс Российской Федерации.pdf:page_130, Гражданский кодекс Российской Федерации.pdf:page_463, Гражданский кодекс Российской Федерации.pdf:page_562, Гражданский кодекс Российской Федерации.pdf:page_563, Кодекс торгового мореплавания Российской Федерации.pdf:page_122"
Можно ли применять разные налоговые ставки в зависимости от покупателя?," Да, в зависимости от вида ценных бумаг могут применяться разные налоговые ставки (согласно пункту 2 статьи 284 Кодекса Российской Федерации о налоге на доход физических лиц), а также при реализации определенных товаров, в соответствии с разными статьями и условиями (см. пункты 1, 5.1, 6, 11 статьи 154 Кодекса Российской Федерации и другие), акцизные ставки могут отличаться по виду товара.","Налоговый кодекс Российской Федерации.pdf:page_1066, Налоговый кодекс Российской Федерации.pdf:page_1510, Налоговый кодекс Российской Федерации.pdf:page_460, Налоговый кодекс Российской Федерации.pdf:page_635, Налоговый кодекс Российской Федерации.pdf:page_646"
Кто может заключить договор безвозмездного пользования лесным участком?," Договор безвозмездного пользования лесным участком могут заключать лица, использующие леса в соответствии с случаями, предусмотренными настоящим Кодексом (то есть юридические лица и индивидуальные предприниматели).","Лесной кодекс Российской Федерации.pdf:page_31, Лесной кодекс Российской Федерации.pdf:page_56, Лесной кодекс Российской Федерации.pdf:page_59, Лесной кодекс Российской Федерации.pdf:page_60, Лесной кодекс Российской Федерации.pdf:page_61"
Какие методы установки шпунтовых ограждений описаны в СНиП 3.02.01-83?," В СНиП 3.02.01-83 нет упоминания методов установки шпунтовых ограждений. Однако, в этом документе указываются требования к креплению подоконников, а также говорится о применении герметиков для заделки направляющих бортиков.","Data1_10_10861_index.pdf:page_15, Data1_10_10861_index.pdf:page_25, Data1_10_10865_index.pdf:page_30, Data1_10_10865_index.pdf:page_33, Data1_11_11285_index.pdf:page_35"
Какие меры следует предпринять при невыполнении мероприятий по качественной регулировке систем отопления и экономии расхода теплоты согласно ПН-5-17?," При невыполнении мероприятий по качественной регулировке систем отопления и экономии расхода теплоты согласно ПН-5-17 следует: устранить течки из трубопроводов, обеспечить разработку (восстановление) необходимого для циркуляционных насосов, поддерживать давление в подающем и обратном трубопроводах системы отопления не более 0,5 МПа и предельно допустимом для отопительных приборов, восстановить производительность или заменить циркуляционные насосы.","Data1_10_10852_index.pdf:page_21, Data1_10_10861_index.pdf:page_29, Data1_10_10861_index.pdf:page_30, Data1_10_10861_index.pdf:page_31, Data1_10_10871_index.pdf:page_15"
На основании каких сведений осуществляется постановка на учет иностранной организации через отделения некоммерческих неправительственных организаций?," Постановка на учет иностранной организации осуществляется на основании сведений, содержащихся в реестре представительств иностранных некоммерческих неправительственных организаций, указанном в пункте 9 статьи 85 настоящего Кодекса.","Налоговый кодекс Российской Федерации.pdf:page_202, Налоговый кодекс Российской Федерации.pdf:page_207, Налоговый кодекс Российской Федерации.pdf:page_209, Налоговый кодекс Российской Федерации.pdf:page_210, Налоговый кодекс Российской Федерации.pdf:page_212"
"Какие условия должны соблюдаться при вселении граждан, постоянно проживающих с нанимателем?"," При вселении граждан, постоянно проживающих с нанимателем, должно быть достигнуто согласие между всеми сторонами и предварительное уведомление наймодателя. В случае социального аренды, этот процесс также должен осуществляться в рамках закона об отчуждении права собственности на занимаемое по договору найма жилое помещение не ведёт к расторжению или изменению договора найма. Наниматель должен уведомить наймодателя о всех новых членах его семьи и соблюдать нормы предоставления жилых помещений в случае расширения семьи.","Гражданский кодекс Российской Федерации.pdf:page_301, Гражданский кодекс Российской Федерации.pdf:page_302, Гражданский кодекс Российской Федерации.pdf:page_303, Жилищный кодекс Российской Федерации.pdf:page_65, Жилищный кодекс Российской Федерации.pdf:page_69"
Какова максимальная величина смещения теодолита с оси ряда колонн согласно СНиП 3.01.03-84?, Максимальная величина смещения теодолита с оси ряда колонн - 1000 мм (согласно СНиП 3.01.03-84).,"Data1_11_11285_index.pdf:page_17, Data1_11_11285_index.pdf:page_47, Data1_11_11285_index.pdf:page_48, Data1_11_11285_index.pdf:page_59, Data1_11_11285_index.pdf:page_60"
Какие данные должны быть указаны в тендерной документации?," В тендерной документации должны быть указаны сведения об объекте и предмете торгов, проектная документация, требования к составу документации оферты, инструкция оферентам, условия и порядок проведения торгов, проект контракта, форма заявки об участии в торгах. Кроме того, должен быть представлен каталог оборудования с указанием изготовителей, а также технические данные о предмете торгов (в том числе характеристики строительства и инженерного обеспечения).","Data1_10_10865_index.pdf:page_2, Data1_10_10865_index.pdf:page_36, Data1_10_10865_index.pdf:page_37, Data1_10_10865_index.pdf:page_4, Data1_10_10865_index.pdf:page_41"
Кто разработал Пособие по производству геодезических работ в строительстве?," Пособие было разработано ЦНИИОМТП (Центральным научно-исследовательским и проектно-экспериментальным институтом организации, механизации и технической помощи строительства Госстроя СССР).","Data1_10_10864_index.pdf:page_1, Data1_11_11285_index.pdf:page_1, Data1_11_11285_index.pdf:page_2, Data1_11_11285_index.pdf:page_78, Data1_11_11295_index.pdf:page_1"
Какие телефоны доступны для бесплатной юридической консультации в Санкт-Петербурге и Ленинградской области?, Для бесплатной юридической консультации в Санкт-Петербурге и Ленинградской области доступны следующие телефоны: 8 (812) 467-95-28.,"Административный кодекс Российской Федерации.pdf:page_374, Административный кодекс Российской Федерации.pdf:page_415, Административный кодекс Российской Федерации.pdf:page_417, Административный кодекс Российской Федерации.pdf:page_67, Градостроительный кодекс Российской Федерации.pdf:page_291"
"Что происходит, если налогоплательщик не уплатил или не полностью уплатил суммы, указанные в требовании об уплате налога и процентов?"," Если налогоплательщик не уплатил или не полностью уплатил суммы, указанные в требовании об уплате налога и процентов, то налоговый орган в течение восьми дней по истечению установленного срока направляет налогоплательщику требование об уплате в течение восьми дней соответствующей суммы авансового платежа акциза, пеней и штрафа.","Налоговый кодекс Российской Федерации.pdf:page_1550, Налоговый кодекс Российской Федерации.pdf:page_166, Налоговый кодекс Российской Федерации.pdf:page_536, Налоговый кодекс Российской Федерации.pdf:page_615, Налоговый кодекс Российской Федерации.pdf:page_714"
"Какие переходные положения существуют для свободных складов, владельцы которых включены в реестр владельцев свободных складов до 1 мая 2010 г.?"," Для владельцев свободных складов, включенных в реестр до 1 мая 2010 г., Комиссия может определить ограничения по количеству товаров, изготовленных (полученных) из иностранных товаров, помещенных под таможенную процедуру свободного склада, которые могут быть признаны товарами Союза. Это содержится в статье 218 настоящего Таможенного кодекса Таможенного союза.","Таможенный кодекс Евразийского экономического союза.pdf:page_463, Таможенный кодекс Евразийского экономического союза.pdf:page_465, Таможенный кодекс Евразийского экономического союза.pdf:page_467, Таможенный кодекс Евразийского экономического союза.pdf:page_495, Таможенный кодекс Евразийского экономического союза.pdf:page_508"
Что такое зоны с особыми условиями использования земель?," Зоны с особыми условиями использования территории - это специальные региональные области или участки, на которых допускаются определенные типы деятельности или существуют ограничения для обеспечения сохранности объектов культурного наследия, природы, охраны здоровья населения, и так далее.","Земельный кодекс Российской Федерации.pdf:page_185, Земельный кодекс Российской Федерации.pdf:page_187, Земельный кодекс Российской Федерации.pdf:page_189, Земельный кодекс Российской Федерации.pdf:page_190, Земельный кодекс Российской Федерации.pdf:page_193"
Какие законодательные акты лежат в основе Рекомендаций? (ГОСТ)," Законодательные акты, на которые основаны данные Методические рекомендации:
1. ""Об основах налоговой системы Российской Федерации"" (с изменениями и дополнениями введёнными законами РФ от 16.07.92 № 3317-1, 22.12.92 № 4178-1, 21.05.93 № 5006-1);
2. Письмо Комиссии Совета Республики ВС РФ по бюджету, планам, налогам и ценам, Минфина России и Госналогслужбы России от 31.05.93 № 5-1/756;
3. ""Об общей части градостроительного законодательства в Российской Федерации"" (Федеральный закон от 23.12.95 N 84-ФЗ);
4. ""Об основах государственной регистрации недвижимости"" (Федеральный закон от 07.10.1995 N 130-ФЗ);
5. ""Об основах оценки недвижимости в Российской Федерации"" (Федеральный закон от 28.08.2002 N 115-ФЗ);
6. ""Об общей характеристике государственного регулирования в сфере строительства и архитектуры в Российской Федерации"" (Федеральный закон от 14.07.95 N 123-ФЗ);
7. ""Об административных процедурах в области градостроительной деятельности и землепользования"" (Федеральный закон от 06.10.2004 N 189-ФЗ).","Data1_2_2070_index.pdf:page_2, Data1_2_2070_index.pdf:page_24, Data1_2_2116_index.pdf:page_2, Data1_2_2117_index.pdf:page_1, Бюджетный кодекс Российской Федерации.pdf:page_245"
Какие операции по управлению остатками средств на едином счете местного бюджета включают привлечение средств?," Привлекаются средства на единый счет местного бюджета для осуществления операций по управлению остатками средств, привлечения средств для обеспечения остатка средств на едином счете местного бюджета и привлечения средств получателей средств из бюджета.","Бюджетный кодекс Российской Федерации.pdf:page_255, Бюджетный кодекс Российской Федерации.pdf:page_326, Бюджетный кодекс Российской Федерации.pdf:page_330, Бюджетный кодекс Российской Федерации.pdf:page_331, Бюджетный кодекс Российской Федерации.pdf:page_368"
Как определяется разряд и подразряд зрительных работ для помещений торговых залов магазинов согласно ГОСТ МДС 31-8.2002?, Для помещений торговых залов магазинов разряд и подразряд зрительных работ определяются как Б-1 согласно Приложению 7 ГОСТа МДС 31-8.2002.,"Data1_10_10846_index.pdf:page_1, Data1_10_10846_index.pdf:page_13, Data1_10_10846_index.pdf:page_30, Data1_10_10846_index.pdf:page_31, Data1_10_10846_index.pdf:page_41"
Какие товары Союза могут быть использованы при переработке иностранных товаров?," Товары Союза могут быть использованы при переработке иностранных товаров, если условиями помещения товаров под таможенную процедуру переработки на таможенной территории являются:
1) наличие документа об условиях переработки товаров;
2) иностранные товары рассматриваются как товары Союза.","Таможенный кодекс Евразийского экономического союза.pdf:page_188, Таможенный кодекс Евразийского экономического союза.pdf:page_189, Таможенный кодекс Евразийского экономического союза.pdf:page_190, Таможенный кодекс Евразийского экономического союза.pdf:page_192, Таможенный кодекс Евразийского экономического союза.pdf:page_380"
"Какие данные могут быть использованы для определения коэффициентов для пусконаладочных работ, если отсутствуют сметы во внутренних (базисных) ценах Российской Федерации, согласно ГОСТ МДС 81-21.2000?"," Если отсутствуют сметы во внутренних ценах Российской Федерации, согласно ГОСТ МДС 81-21.2000, то коэффициенты для пусконаладочных работ могут определяться на основе индивидуальных калькуляций, утверждаемых заказчиком.","Data1_10_10864_index.pdf:page_16, Data1_10_10864_index.pdf:page_34, Data1_10_10864_index.pdf:page_5, Data1_10_10864_index.pdf:page_6, Data1_2_2069_index.pdf:page_8"
Какая средняя температура за июль в Вендинге согласно ГОСТ МДС 31-8.2002?, Данные по Вендингу отсутствуют в документе ГОСТ МДС 31-8.2002.,"Data1_10_10846_index.pdf:page_1, Data1_10_10846_index.pdf:page_24, Data1_10_10846_index.pdf:page_25, Data1_10_10846_index.pdf:page_26, Data1_10_10846_index.pdf:page_29"
Какие требования к оценке результатов конкурентности работников указаны в ГОСТ МДС 80-2.2000?," В документе ГОСТ МДС 80-2.2000 нет прямых требований к оценке результатов конкурентности работников. Требуется активизация естественного стремления проектировщиков к состязательности в процессе их деятельности, обеспечение необходимой защиты от недобросовестной конкуренции во время действия трудового договора.","Data1_10_10862_index.pdf:page_1, Data1_10_10865_index.pdf:page_1, Data1_10_10866_index.pdf:page_1, Data1_10_10869_index.pdf:page_1, Data1_10_10872_index.pdf:page_1"
Какие административные правонарушения имеют срок давности привлечения к ответственности два месяца?," Срок давности привлечения к административной ответственности для двухмесячных периода относится только к административным правонарушениям, предусмотренным статьей 6.18 настоящего Кодекса о использовании запрещенной субстанции и (или) запрещенного метода.","Административный кодекс Российской Федерации.pdf:page_259, Административный кодекс Российской Федерации.pdf:page_28, Административный кодекс Российской Федерации.pdf:page_31, Административный кодекс Российской Федерации.pdf:page_575, Арбитражный процессуальный кодекс Российской Федерации.pdf:page_106"
Какие проверки должны проводиться в процессе строительства сооружений кабельной канализации согласно СНиП 3.01.03-84?," В процессе строительства сооружений кабельной канализации должны проводиться следующие проверки, согласно СНиП 3.01.03-84:

1. Проверка соответствия отметок геодезических работ проектной документации (секция 4.23).
2. Проверка прямолинейности оси труб в горизонтальной плоскости (секция 4.31).
3. Установление минимальных расстояний между кабельными проводами, если их укладка производится в одной траншее (секция 4.24).
4. Проверка заглубления тепловых сетей от поверхности земли или дорожного покрытия (секция 4.34).
5. Проверка расстояния в свету от поверхности земли до низа тепловой изоляции трубопроводов при надземной прокладке (секция 4.34).","Data1_10_10865_index.pdf:page_14, Data1_10_10865_index.pdf:page_30, Data1_11_11285_index.pdf:page_24, Data1_11_11285_index.pdf:page_25, Data1_11_11285_index.pdf:page_4"
Какие законы регулируют установление транспортного налога?," Налог устанавливается в соответствии с НКОРФ и законами субъектов РФ о налоге. (Глава 28, Статья 356)","Data1_10_10863_index.pdf:page_2, Налоговый кодекс Российской Федерации.pdf:page_1552, Налоговый кодекс Российской Федерации.pdf:page_1555, Налоговый кодекс Российской Федерации.pdf:page_1562, Налоговый кодекс Российской Федерации.pdf:page_280"
"Как долго должен работодатель ждать перед тем, как принять окончательное решение об увольнении?"," Работодатель не должен ждать, перед принятием окончательного решения о увольнении, если соответствующий вышестоящий выборный профсоюзный орган не предоставил мотивированное мнение в установленный срок. Если представлено такое мнение, то стороны должны провести дополнительные консультации в течение трех рабочих дней и результаты их оформляются протоколом. При недостижении общего согласия в результате дополнительных консультаций, работодатель имеет право принять решение об увольнении по истечении десяти рабочих дней после окончания консультаций.","Трудовой кодекс Российской Федерации.pdf:page_234, Трудовой кодекс Российской Федерации.pdf:page_235, Трудовой кодекс Российской Федерации.pdf:page_236, Трудовой кодекс Российской Федерации.pdf:page_242, Трудовой кодекс Российской Федерации.pdf:page_62"
По каким основаниям судья оставляет без движения административное искове заявление о признании нормативного правового акта недействующим?," Судья может оставить без движения административное исковое заявление о признании нормативного правового акта недействующим на основании пункта 5 статьи 129 (среди прочего):

* Имеется возбужденное ранее дело по спору между теми же сторонами, о том же предмете и по тем же основаниям;
* До вынесения определения суда о принятии административного искового заявления к производству суда от лица, обратившегося в суд, поступило заявление о возвращении административного искового заявления;
* Не исправлены недостатки данного административного искового заявления и документов, приложенных к нему, в срок, установленный в определении об оставлении административного искового заявления без движения.","Гражданский процессуальный кодекс Российской Федерации.pdf:page_54, Кодекс административного судопроизводства Российской Федерации.pdf:page_109, Кодекс административного судопроизводства Российской Федерации.pdf:page_111, Кодекс административного судопроизводства Российской Федерации.pdf:page_71, Кодекс административного судопроизводства Российской Федерации.pdf:page_72"
Какой законодательный акт регулирует порядок уплаты налога на добавленную стоимость (НДС) согласно ГОСТ МДС 81-23.2000?," Законодательный акт, регулирующий порядок уплаты налога на добавленную стоимость (НДС) согласно ГОСТ МДС 81-23.2000, не указан в данном тексте. Для получения подробной информации по этому вопросу требуется проведение глубокого анализа законодательства России или соответствующего официального источника.","Data1_10_10754_index.pdf:page_1, Data1_10_10848_index.pdf:page_11, Data1_2_2069_index.pdf:page_1, Data1_2_2070_index.pdf:page_1, Data1_2_2117_index.pdf:page_1"
Какие нормы накладных расходов учитываются? (ГОСТ МДС 81-8.2000)," Накладные расходы учитываются в соответствии с нормами, приведенными в Методических указаниях по определению величины накладных расходов в строительстве (МДС 81-4.99) и МДС 81-5.99.","Data1_10_10754_index.pdf:page_18, Data1_10_10848_index.pdf:page_7, Data1_2_2070_index.pdf:page_1, Data1_2_2076_index.pdf:page_1, Data1_2_2079_index.pdf:page_1"
Какая информация должна быть включена в единую государственную автоматизированную информационную систему учета древесины и сделок с ней?," Информация, обязательна к включению в единую государственную автоматизированную информационную систему учета древесины и сделок с ней, должна содержать следующие данные:
1. Информацию о заготовке древесины (её тип, объём, местоположение);
2. Информацию об операциях по продаже или покупке древесины (стороны договора, дата и номер договора, срок действия);
3. Информацию о маркировке древесины;
4. Сведения о местоположении лесного участка или лесоперерабатывающей инфраструктуры;
5. Данные о машинах для рубки леса и автотранспортных средствах для транспортировки древесины;
6. Информацию, относящуюся к адресам мест (пунктам) складирования древесины, объектов лесоперерабатывающей инфраструктуры и производственных мощностей объектов лесоперерабатывающей инфраструктуры.","Градостроительный кодекс Российской Федерации.pdf:page_266, Лесной кодекс Российской Федерации.pdf:page_27, Лесной кодекс Российской Федерации.pdf:page_30, Лесной кодекс Российской Федерации.pdf:page_31, Лесной кодекс Российской Федерации.pdf:page_33"
Какие координаты центра тяжести фигуры используются в примере согласно СНиП 3.01.03-84?," Координаты центра тяжести фигуры определяются по формулам x0 = Σxiи/n и y0 = Σyiи/n, где xiи и yiи - координаты точек базисной фигуры на исходном горизонте. В примере это x0 = 9,000 м и y0 = 24,000 м.","Data1_11_11285_index.pdf:page_17, Data1_11_11285_index.pdf:page_42, Data1_11_11285_index.pdf:page_43, Data1_11_11285_index.pdf:page_52, Data1_2_2073_index.pdf:page_6"
"Кто составляет акт о морском протесте, и какие данные используются для его составления?"," Акт о морском протесте составляется лицом или организацией, на которые возложено право заключать такое решение в соответствии с местным законодательством. Данные используемые для его составления включают:
1) Наименование судна или капитана судна, относящегося к протесту;
2) Происшедшие события и обстоятельства, приводящие к необходимости подачи морского протеста;
3) Наименование лица или организации, на которую возложено право принятия решения о морском протесте.","Административный кодекс Российской Федерации.pdf:page_593, Административный кодекс Российской Федерации.pdf:page_595, Кодекс торгового мореплавания Российской Федерации.pdf:page_135, Кодекс торгового мореплавания Российской Федерации.pdf:page_136, Уголовно-процессуальный кодекс Российской Федерации.pdf:page_155"
"Какой метод учета изменений уровня цен может предлагаться оферентом, согласно ГОСТ МДС 80-3.2000?", Согласно ГОСТу МДС 80-3.2000 предлагается использовать базисno-индексный метод учета изменений уровня цен.,"Data1_10_10864_index.pdf:page_1, Data1_10_10869_index.pdf:page_1, Data1_10_10869_index.pdf:page_2, Data1_2_2079_index.pdf:page_1, Data1_2_2117_index.pdf:page_1"
Какой ГОСТ или СНиП определяет методы разработки УПБС на основе ресурсной технологической модели?," Методические рекомендации, приведенные в письме Минстроя России от 10.11.92 № БФ-926/12.","Data1_2_2080_index.pdf:page_2, Data1_2_2080_index.pdf:page_34, Data1_2_2080_index.pdf:page_7, Data1_2_2080_index.pdf:page_9, Data1_2_2117_index.pdf:page_3"
Какие подотраслевые индексы существуют?," По документу МДС 81-14.2000, в отдельных случаях могут быть разработаны и применяться подотраслевые методические рекомендации, учитывающие специфические особенности строительства в той или иной отрасли. Таким образом, существуют отраслевые подотраслевые индексы для определения размера текущих (прогнозных) индексов стоимости, цен, затрат на строительные работы.","Data1_2_2075_index.pdf:page_4, Data1_2_2080_index.pdf:page_9, Data1_2_2081_index.pdf:page_3, Data1_2_2117_index.pdf:page_1, Жилищный кодекс Российской Федерации.pdf:page_126"
Какова цель дублирования при подготовке оперативных руководителей и персонала? (МДС 15-13.2000)," Дублирование при подготовке оперативных руководителей и персонала осуществляется с целью обеспечения возможности немедленного замены работника в случае его отсутствия или инвалидизации, а также для совершенствования навыков и увеличения эффективности труда.","Data1_10_10858_index.pdf:page_1, Data1_10_10862_index.pdf:page_1, Data1_10_10862_index.pdf:page_2, Data1_10_10862_index.pdf:page_3, Data1_2_2116_index.pdf:page_1"
Что не допускается при нарушении отделочного слоя согласно СНиП III-21-73* 1981?," При нарушении отделочного слоя согласно СНиП III-21-73* 1981, не допускается попадание влаги под покрытие ""П и Н"".","Data1_10_10861_index.pdf:page_14, Data1_10_10861_index.pdf:page_16, Data1_10_10861_index.pdf:page_17, Data1_10_10861_index.pdf:page_18, Data1_10_10861_index.pdf:page_25"
"Какие изменения внесены в Закон ""Об акцизах"" в статье 1?"," Внесены изменения в ставки акцизов на отдельные виды товаров (статья 1, утверждена 26.12.91 № 74).","Data1_2_2082_index.pdf:page_24, Data1_2_2082_index.pdf:page_25, Data1_2_2082_index.pdf:page_27, Налоговый кодекс Российской Федерации.pdf:page_593, Налоговый кодекс Российской Федерации.pdf:page_732"
Какой штраф грозит должностным лицам за воспрепятствование осуществлению права на свободу совести и свободу вероисповедания?, Должностные лица наказываются штрафом в размере от пятидесяти тысяч до ста тысяч рублей за воспрепятствование осуществлению права на свободу совести и свободу вероисповедания.,"Административный кодекс Российской Федерации.pdf:page_384, Административный кодекс Российской Федерации.pdf:page_42, Административный кодекс Российской Федерации.pdf:page_52, Уголовный кодекс Российской Федерации.pdf:page_70, Уголовный кодекс Российской Федерации.pdf:page_78"
"Какие затраты, связанные с командированием работников подрядных организаций на стройки при обязанности российской организации относятся на объемы работ, выполняемые российскими организациями (ГОСТ)?"," Затраты на командирование специалистов российских организаций за границу относятся на объемы работ, выполняемые российскими организациями (ГОСТ).","Data1_10_10848_index.pdf:page_9, Data1_2_2082_index.pdf:page_13, Data1_2_2082_index.pdf:page_4, Data1_2_2082_index.pdf:page_5, Data1_2_2082_index.pdf:page_7"
Какие обосновывающие документы требуются для расчета затрат на приобретение малоценного и хозяйственного инвентаря согласно ГОСТ МДС 81-7.2000?," Для расчета затрат на приобретение малоценного и хозяйственного инвентаря согласно ГОСТ МДС 81-7.2000 нет явно указанных обосновывающих документов. Данное пособие ориентировано на расчет затрат на содержание службы заказчика-застройщика и численности персонала в зависимости от выделенных инвестиций, не требуя указания оборудования или иного инвентаря.","Data1_2_2070_index.pdf:page_1, Data1_2_2073_index.pdf:page_1, Data1_2_2075_index.pdf:page_1, Data1_2_2116_index.pdf:page_1, Data1_2_2117_index.pdf:page_1"
Когда вступает в силу решение об аннулировании свидетельства?," Решение об аннулировании свидетельства вступает в силу с даты его принятия налоговым органом, выдавшим свидетельство.","Налоговый кодекс Российской Федерации.pdf:page_549, Налоговый кодекс Российской Федерации.pdf:page_550, Налоговый кодекс Российской Федерации.pdf:page_559, Налоговый кодекс Российской Федерации.pdf:page_575, Налоговый кодекс Российской Федерации.pdf:page_591"
"Какие исключения существуют для домов и дворцов культуры, расположенных в городах, районных центрах, поселках городского типа?"," Исключение для домов и дворцов культуры, расположенных в городах, районных центрах (кроме административных центров муниципальных районов, являющихся единственным населенным пунктом муниципального района), поселках городского типа, состоит в том, что для них не допускается применение налоговой ставки 0 процентов.","Data1_1_1904_index.pdf:page_11, Data1_1_1904_index.pdf:page_12, Data1_1_1904_index.pdf:page_24, Data1_2_2080_index.pdf:page_32, Налоговый кодекс Российской Федерации.pdf:page_1111"
Какой индекс в прогнозном уровне указан для монтажных работ в 1994 году для объектов производственного назначения?," В 1994 году для объектов производственного назначения индекс монтажных работ в прогнозном уровне равен 20 (по справочнику УПБС строительства зданий и сооружений производственного назначения, разработанному ЦНИИЭУС Минстроя России).","Data1_2_2075_index.pdf:page_9, Data1_2_2080_index.pdf:page_34, Data1_2_2080_index.pdf:page_5, Data1_2_2081_index.pdf:page_1, Data1_2_2081_index.pdf:page_23"
Какие разделы могут входить в техническую часть тендерной документации согласно ГОСТ МДС-80-8.2000?," В технической части тендерной документации могут входить следующие разделы:

* Пояснительная записка
* Генеральный план, опорные и ситуационные планы, схемы инженерных сетей
* Основные положения, характеризующие архитектурно-строительные, принципиальные конструктивные и технологические решения зданий и сооружений
* Ведомости физических объемов работ
* Особые технические условия на объект торгов
* Показатели (объемные и по площадям) по зданиям и сооружениям
* Оборудование и материалы
* Основные положения по организации строительства, сроки и графики строительства объектов торгов и видов работ
* Информация о системах измерения, стандартов, испытаний и сертификации
* Материалы инженерных изысканий
* Экологические требования.","Data1_10_10865_index.pdf:page_1, Data1_10_10865_index.pdf:page_2, Data1_10_10865_index.pdf:page_44, Data1_10_10867_index.pdf:page_1, Data1_10_10869_index.pdf:page_1"
Как выполняются приконьковые продухи согласно ГОСТ МДС 13-18.2000?," Прикольниковые продухи должны осуществляться в рамках методических рекомендаций Госстроя России ""Ликвидации нарушений в содержании и использовании жилищного фонда и придомовых территорий"" (МДС 13-17.2000). Указаны в этом документе нет конкретных показателей для прикольникового продуха, но предполагается, что это часть общего процесса инспекционного обследования зданий и территорий.","Data1_10_10852_index.pdf:page_1, Data1_10_10859_index.pdf:page_1, Data1_10_10861_index.pdf:page_1, Data1_10_10866_index.pdf:page_1, Data1_2_2073_index.pdf:page_1"
Как назначаются контрольные и дополнительные рабочие скважины в ходе работ (ГОСТ 3.02.01-83)?," Контрольные и дополнительные рабочие скважины назначаются в соответствии с проектными данными, производятся при необходимости во время работ (ГОСТ 3.02.01-83).","Data1_11_11295_index.pdf:page_11, Data1_11_11295_index.pdf:page_15, Data1_11_11295_index.pdf:page_21, Data1_11_11295_index.pdf:page_25, Data1_11_11295_index.pdf:page_26"
Какая дата считается датой осуществления внереализационных и прочих расходов для расходов на содержание служебного транспорта?," Датой осуществления внереализационных и прочих расходов для расходов на содержание служебного транспорта является дата исполнения (прекращения) обязательств участников по второй части РЕПО, с учетом особенностей, установленных в статье 273 Кодекса налогообложения Российской Федерации.","Налоговый кодекс Российской Федерации.pdf:page_1015, Налоговый кодекс Российской Федерации.pdf:page_1022, Налоговый кодекс Российской Федерации.pdf:page_1025, Налоговый кодекс Российской Федерации.pdf:page_1067, Налоговый кодекс Российской Федерации.pdf:page_1218"
Какие объекты налогообложения исключаются из налогооблагаемой базы для налога на пользователей автомобильных дорог согласно ГОСТ МДС 81-23.2000?," Налогооблагаемой базой для налога на пользователей автомобильных дорог согласно ГОСТ МДС 81-23.2000 изъято: акцизы, налог на реализацию горюче-смазочных материалов.","Data1_10_10848_index.pdf:page_1, Data1_2_2070_index.pdf:page_1, Data1_2_2070_index.pdf:page_13, Data1_2_2070_index.pdf:page_14, Data1_2_2117_index.pdf:page_1"
"При каких условиях суд устанавливает факты, имеющие юридическое значение?"," Суд устанавливает факты, имеющие юридическое значение: 1) при невозможности получения заявителем в ином порядке; 2) в случаях, когда федеральным законом или иным нормативным правовым актом не предусмотрен иной внесудебный порядок установления соответствующих фактов.","Арбитражный процессуальный кодекс Российской Федерации.pdf:page_113, Арбитражный процессуальный кодекс Российской Федерации.pdf:page_114, Арбитражный процессуальный кодекс Российской Федерации.pdf:page_115, Арбитражный процессуальный кодекс Российской Федерации.pdf:page_15, Гражданский процессуальный кодекс Российской Федерации.pdf:page_110"
Какие земли муниципальной собственности упоминаются в ГОСТ МДС 11-7.2000?," В документе ГОСТ МДС 11-7.2000 не упоминается какие-либо определенные земли муниципальной собственности. Однако в статье 3 указывается, что земельный участок, от права собственности на который собственник отказался, становится собственностью соответствующего субъекта Российской Федерации - города федерального значения в случаях с Москвой, Санкт-Петербургом и Севастополем. Это означает, что в этих городах земли могут находиться в муниципальной собственности при условии, что собственник откажется от прав на них.","Data1_10_10861_index.pdf:page_1, Data1_10_10871_index.pdf:page_1, Data1_1_1904_index.pdf:page_1, Земельный кодекс Российской Федерации.pdf:page_18, Земельный кодекс Российской Федерации.pdf:page_19"
Сколько опорных точек должно быть передано на монтажные горизонты согласно СНиП 3.01.03-84?, Минимум три опорных точки должны быть переданы на монтажные горизонты согласно СНиП 3.01.03-84.,"Data1_11_11285_index.pdf:page_36, Data1_11_11285_index.pdf:page_38, Data1_11_11285_index.pdf:page_39, Data1_11_11285_index.pdf:page_4, Data1_11_11285_index.pdf:page_44"
Что такое перенос убытков на будущее?," Перенос убытков на будущее - это процесс перемещения убытков из предыдущих налоговых периодов в более поздние периоды, чтобы снизить налоговую базу и налог, которые обязаны быть плачены в текущий период. Это имеет место для различных операций, таких как операции с ценными бумагами, операции с производными финансовыми инструментами, участие в инвестиционном товариществе и др., по условиям законодательства РФ.","Налоговый кодекс Российской Федерации.pdf:page_1077, Налоговый кодекс Российской Федерации.pdf:page_1369, Налоговый кодекс Российской Федерации.pdf:page_783, Налоговый кодекс Российской Федерации.pdf:page_858, Налоговый кодекс Российской Федерации.pdf:page_859"
Может ли правообладатель распоряжаться исключительным правом на произведение?," Да, правообладатель может распоряжаться исключительным правом на товарный знак (статья 1484 Кодекса РФ) и произведение (статья 1338 Кодекса РФ).","Гражданский кодекс Российской Федерации.pdf:page_492, Гражданский кодекс Российской Федерации.pdf:page_555, Гражданский кодекс Российской Федерации.pdf:page_557, Гражданский кодекс Российской Федерации.pdf:page_618, Гражданский кодекс Российской Федерации.pdf:page_630"
Какие элементы должны быть показаны на схемах современного использования территории и схемах комплексной оценки территории для городов с расчетной численностью населения 250 - 500 тысяч человек согласно ГОСТ МДС 11-7.2000?," На схемах современного использования территории и схемах комплексной оценки территории для городов с расчетной численностью населения 250 - 500 тысяч человек должны быть показаны следующие элементы:

1. Землепользования (включая сельскохозяйственные, промышленные, жилые и др.)
2. Образовательные, культурные, спортивные, медицинские объекты
3. Транспортные сооружения и коммуникации
4. Источники водоснабжения и опасные природные и техногенные зоны
5. Памятники природы, недвижимые памятники истории и культуры
6. Санитарно-защитные зоны
7. Исключаемые из застройки территории и другие особенности, определяющие условия использования и развития территории.","Data1_1_1904_index.pdf:page_12, Data1_1_1904_index.pdf:page_13, Data1_1_1904_index.pdf:page_15, Data1_1_1904_index.pdf:page_25, Data1_1_1904_index.pdf:page_9"
Какие отраслевые положения применяются при эксплуатации железнодорожных путей общего пользования согласно ГОСТ МДС 14-13.2000?," Соответствующие отраслевые положения при эксплуатации железнодорожных путей общего пользования должны руководствоваться Положением об организации работ по ремонту железнодорожного транспорта, утвержденным Госкомжелдорсоюзом.","Data1_10_10862_index.pdf:page_1, Data1_10_10863_index.pdf:page_1, Data1_10_10864_index.pdf:page_1, Data1_1_1879_index.pdf:page_1, Data1_1_1879_index.pdf:page_2"
"Какое наказание предусмотрено за сокрытие информации, совершенное лицом, занимающим государственную должность?"," Лишение свободы на срок до пяти лет с лишением права занимать определенные должности или заниматься определенной деятельностью на срок до трех лет, как указано в статье 276 Кодекса Российской Федерации об административных правонарушениях.","Уголовный кодекс Российской Федерации.pdf:page_152, Уголовный кодекс Российской Федерации.pdf:page_227, Уголовный кодекс Российской Федерации.pdf:page_235, Уголовный кодекс Российской Федерации.pdf:page_237, Уголовный кодекс Российской Федерации.pdf:page_272"
"Что происходит, если вред причинен в период действия концессионного соглашения?"," Если вред причинен в период действия концессионного соглашения, то лица, указанные в части 5 статьи 1220, ответственны перед концессионером за причинённый вред и должны возместить его в соответствии с гражданским законодательством. Бесплатная юридическая консультация доступна по следующим телефонам: Москва и МО - 8 (499) 938-53-71, Санкт-Петербург и ЛО - 8 (812) 467-95-28, Регионы РФ - 8 (800) 301-92-12.","Градостроительный кодекс Российской Федерации.pdf:page_281, Градостроительный кодекс Российской Федерации.pdf:page_283, Гражданский кодекс Российской Федерации.pdf:page_431, Гражданский кодекс Российской Федерации.pdf:page_438, Гражданский кодекс Российской Федерации.pdf:page_487"
Какие копии лицензий должны быть представлены при необходимости?," При необходимости должны быть представлены те лицензии, которые указаны в соответствующих требованиях законодательства или на основании судебных решений.","Гражданский кодекс Российской Федерации.pdf:page_205, Гражданский кодекс Российской Федерации.pdf:page_569, Гражданский кодекс Российской Федерации.pdf:page_584, Кодекс административного судопроизводства Российской Федерации.pdf:page_44, Налоговый кодекс Российской Федерации.pdf:page_547"
Какие действия необходимо предпринять при выпадении отдельных камней или кирпичей из кладки цоколя согласно ГОСТ МДС 13-18.2000?," При выпадении отдельных камней или кирпичей из кладки цоколя необходимо их заменять красным кирпичом на известковом или сложном растворе, восстанавливать разрушившиеся оголовки труб, а верх оголовка закрывать цементным раствором с железнением. Колпак крепят к кладке оцинкованной проволокой и гвоздями, которые забивают не выше третьего - четвертого ряда кладки от верха оголовка.","Data1_10_10852_index.pdf:page_1, Data1_10_10852_index.pdf:page_13, Data1_10_10852_index.pdf:page_2, Data1_10_10866_index.pdf:page_1, Data1_1_1879_index.pdf:page_27"
В какие сроки уполномоченный орган должен направить проект договора аренды иным правообладателям?," По контексту из статей, сведений и коментариев на сайте <https://zkodeksrf.ru/>, уполномоченный орган не указывает точных сроков для направления проекта договора аренды другим правообладателям. Однако из статьи 39.17 Кодекса о земле говорится, что в случае, если земельный участок передается в постоянное (бессрочное) пользование бесплатно или с платой, уполномоченный орган должен в течение 30 дней со дня получения заявления направить проект договора аренды иному правообладателю. Если же предоставление земельного участка предполагает образование или уточнение его границ, то срок не указан. В таком случае рекомендуется обратиться за консультацией к одной из указанных в вопросе телефонных линий для получения подробного юридического ответа.","Земельный кодекс Российской Федерации.pdf:page_114, Земельный кодекс Российской Федерации.pdf:page_60, Земельный кодекс Российской Федерации.pdf:page_61, Земельный кодекс Российской Федерации.pdf:page_74, Земельный кодекс Российской Федерации.pdf:page_76"
В каких случаях защитник участвует в уголовном деле с момента начала процессуальных действий?," Защитник участвует в уголовном деле с момента возбуждения уголовного дела в отношении конкретного лица, применения к нему меры пресечения в виде заключения под стражу, или с момента вынесения постановления о привлечении лица в качестве обвиняемого (кроме случаев, предусмотренных пунктами 2-5 настоящей части).","Уголовно-процессуальный кодекс Российской Федерации.pdf:page_176, Уголовно-процессуальный кодекс Российской Федерации.pdf:page_276, Уголовно-процессуальный кодекс Российской Федерации.pdf:page_41, Уголовно-процессуальный кодекс Российской Федерации.pdf:page_42, Уголовно-процессуальный кодекс Российской Федерации.pdf:page_43"
"Почему важно не обещать больше, чем можно сделать, согласно ГОСТ МДС 11-11.2000?"," Небезопасно перебьять ожидания заказчика, так как невозможно выполнить обещанные результаты, что может привести к потере репутации проектного института и утрате доверия от заказчиков.","Data1_10_10858_index.pdf:page_1, Data1_10_10858_index.pdf:page_15, Data1_10_10861_index.pdf:page_1, Data1_10_10870_index.pdf:page_1, Data1_11_11295_index.pdf:page_26"
Какие общесоюзные ценники на пусконаладочные работы перечислены в Приложении 1 к МДС 81-8.2000?," В приложении 1 к МДС 81-8.2000 перечислены ""Указаниями по применению ценников на пусконаладочные работы"", утвержденными постановлением Госстроя СССР от 6.05.85 г. № 62.","Data1_10_10754_index.pdf:page_18, Data1_10_10864_index.pdf:page_1, Data1_10_10864_index.pdf:page_16, Data1_10_10864_index.pdf:page_17, Data1_10_10864_index.pdf:page_6"
Какое максимальное количество баллов можно получить за показатель «Использование местных материалов» согласно ГОСТ МДС 80-3.2000?," Согласно ГОСТ МДС 80-3.2000, максимальное количество баллов за показатель «Использование местных материалов» составляет 25 баллов.","Data1_10_10869_index.pdf:page_1, Data1_10_10869_index.pdf:page_3, Data1_10_10869_index.pdf:page_4, Data1_10_10869_index.pdf:page_5, Data1_10_10869_index.pdf:page_6"
Какие сведения должны содержаться в определении по делу о выдаче исполнительного листа на принудительное исполнение решения третейского суда?," В определении по делу о выдаче исполнительного листа на принудительное исполнение решения третейского суда должны содержаться:
1) наименование арбитражного суда, в который подается заявление;
2) состав третейского суда, принявшего решение, его место нахождения, наименование постоянно действующего арбитражного учреждения, администрировавшего соответствующий процесс.","Арбитражный процессуальный кодекс Российской Федерации.pdf:page_145, Арбитражный процессуальный кодекс Российской Федерации.pdf:page_147, Арбитражный процессуальный кодекс Российской Федерации.pdf:page_150, Гражданский процессуальный кодекс Российской Федерации.pdf:page_181, Гражданский процессуальный кодекс Российской Федерации.pdf:page_184"
При каких условиях объявляются торги несостоявшимися?," Торги объявляются несостоявшимися при следующих условиях:

1. Если победитель второго задатка не выполняет в срок обязательства о подписании контракта на условиях, содержащихся в тендерной документации и оферте победителя (статья 516 Настоящего Кодекса).

2. В случае невыполнения условий по организации публичных торгов на реализацию заложенного имущества, связанных с предупреждением правообладателя (собственника) об этом извещением в письменной форме (статья 448 Настоящего Кодекса).

3. Если участники публичных торгов не соответствуют установленным требованиям, или в случае того, если они не могут принять участие в торгах (статья 452 Настоящего Кодекса).","Data1_10_10866_index.pdf:page_8, Градостроительный кодекс Российской Федерации.pdf:page_306, Гражданский кодекс Российской Федерации.pdf:page_187, Гражданский кодекс Российской Федерации.pdf:page_235, Земельный кодекс Российской Федерации.pdf:page_130"
Кому направляются копии постановления судьи?," Копия решения по жалобе на постановление судьи может быть вручена или направлена потерпевшему, гражданскому истцу, гражданскому ответчику и их представителям при наличии ходатайства указанных лиц.
Копия обвинительного приговора направляется судьей или председателем суда в то учреждение или в том орган, на которые возложено исполнение наказания. Копия постановления об отказе в возбуждении уголовного дела в течение 24 часов с момента его вынесения направляется заявителю.","Административный кодекс Российской Федерации.pdf:page_587, Административный кодекс Российской Федерации.pdf:page_590, Уголовно-процессуальный кодекс Российской Федерации.pdf:page_104, Уголовно-процессуальный кодекс Российской Федерации.pdf:page_147, Уголовно-процессуальный кодекс Российской Федерации.pdf:page_241"
Каковы требования к коагулянту (кремнефтористо-водородная кислота) при однорастворной двухкомпонентной силикатизации по СНиП 3.02.01-83?," Коагулянтом (кремнефтористо-водородная кислота) при однорастворной двухкомпонентной силикатизации в СНиП 3.02.01-83 должна быть кислая и иметь плотность до 1,7 г/см³.","Data1_11_11295_index.pdf:page_24, Data1_11_11295_index.pdf:page_5, Data1_11_11295_index.pdf:page_6, Data1_11_11295_index.pdf:page_7, Data1_11_11295_index.pdf:page_8"
"В каких случаях доходы, полученные физическими лицами за оказание услуг для личных, домашних и (или) иных подобных нужд, освобождаются от налогообложения?"," Доходы, полученные физическими лицами за оказание услуг для личных, домашних и (или) иных подобных нужд, освобождаются от налогообложения в следующих случаях:
1. В соответствии с таможенным законодательством Таможенного союза и законодательством Российской Федерации о таможенном деле при вывозе товаров из Российской Федерации, если иное не предусмотрено.
2. В случае полного или частичного освобождения от налогообложения в соответствии с международным договором Российской Федерации по вопросам налогообложения.","Налоговый кодекс Российской Федерации.pdf:page_206, Налоговый кодекс Российской Федерации.pdf:page_431, Налоговый кодекс Российской Федерации.pdf:page_735, Налоговый кодекс Российской Федерации.pdf:page_806, Налоговый кодекс Российской Федерации.pdf:page_897"
"Что происходит с средствами финансовой поддержки, если условия их получения нарушены?"," Если условия получения средств финансовой поддержки нарушены, они в полном объеме отражаются в составе доходов того налогового периода, в котором нарушение было допущено. Если по окончании третьего налогового периода сумма полученных средств финансовой поддержки превышает расходы учтенные соответственно, оставшиеся неучтенные суммы в полном объеме отражаются в составе доходов этого налогового периода.","Административный кодекс Российской Федерации.pdf:page_39, Налоговый кодекс Российской Федерации.pdf:page_1488, Налоговый кодекс Российской Федерации.pdf:page_1506, Налоговый кодекс Российской Федерации.pdf:page_866, Налоговый кодекс Российской Федерации.pdf:page_867"
Какие требования к устойчивости фонарей к температурным перепадам установлены ГОСТ МДС 31-8.2002?, По требованию ГОСТ МДС 31-8.2002 способы крепления и герметизации элементов светопропускающего заполнения фонарей должны обеспечивать независимость их температурных деформаций от несущих элементов (3.2.18).,"Data1_10_10846_index.pdf:page_1, Data1_10_10846_index.pdf:page_19, Data1_10_10846_index.pdf:page_2, Data1_10_10846_index.pdf:page_9, Data1_10_10861_index.pdf:page_1"
Какие права имеет прокурор в пределах своих полномочий?," Прокурор может обращаться в суд с административными исковыми заявлениями о признании незаконных решений, действий (бездействия) органов, организаций, лиц, наделенных государственными или другими публичными полномочиями, в защиту прав граждан; рассматривать дела об административных правонарушениях от имени указанных в части 1 статьи органов; обращаться с требованием об устранении нарушений федерального законодательства, допущенных в ходе предварительного следствия к руководителю вышестоящего следственного органа в случае несогласия либо следователя; обращаться с указаниями по уголовному делу руководителю следственного органа, которые обязательны для исполнения следователем и могут быть обжалованы им руководителю вышестоящего следователя.","Административный кодекс Российской Федерации.pdf:page_473, Кодекс административного судопроизводства Российской Федерации.pdf:page_117, Уголовно-исполнительный кодекс Российской Федерации.pdf:page_12, Уголовно-процессуальный кодекс Российской Федерации.pdf:page_27, Уголовно-процессуальный кодекс Российской Федерации.pdf:page_29"
Должны ли быть едиными индексы пересчета от цен 2000 г. в текущие цены для ТЕРм и ФЕРм?," По контексту, не указано ни о единых индексах пересчета от цен 2000 г. в текущие цены для ТЕРм, ни о том, что они должны быть едиными для ТЕРм и ФЕРм.","Data1_10_10754_index.pdf:page_1, Data1_10_10754_index.pdf:page_16, Data1_10_10754_index.pdf:page_18, Data1_10_10754_index.pdf:page_4, Data1_2_2080_index.pdf:page_7"
Что является основанием для проведения предварительного слушания согласно части второй статьи 229?," Предварительное слушание может быть проведено в соответствии с частью второй статьи 229 настоящего Кодекса, если имеется основания для избрания меры пресечения в виде запрета определенных действий, залога, домашнего ареста или заключения под стражу.","Градостроительный кодекс Российской Федерации.pdf:page_70, Гражданский процессуальный кодекс Российской Федерации.pdf:page_62, Уголовно-процессуальный кодекс Российской Федерации.pdf:page_149, Уголовно-процессуальный кодекс Российской Федерации.pdf:page_164, Уголовно-процессуальный кодекс Российской Федерации.pdf:page_165"
Какие единые нормативы отчислений в бюджеты муниципальных районов могут быть установлены законом субъекта РФ?," По настоящему Кодексу, единые нормативы отчислений в бюджеты муниципальных районов могут быть установлены законом субъекта РФ для следующих налогов:

1. Налог на доходы физических лиц, по подлежащему зачислению в соответствии с настоящим Кодексом;
2. Налога на производство (эксплуатацию) объектов недвижимости, предметов хозяйственного оборудования и транспортных средств (подлежащего зачислению в соответствии с настоящим Кодексом);
3. Налога на разрешение деятельности по производству (эксплуатации) объектов недвижимости, предметов хозяйственного оборудования и транспортных средств (подлежащего зачислению в соответствии с настоящим Кодексом);
4. Налога на разрешение деятельности по производству объектов недвижимости, предметов хозяйственного оборудования и транспортных средств (подлежащего зачислению в соответствии с настоящим Кодексом);
5. Налога по особому оценочному методу для субъекта РФ, устанавливающегося на основании федерального закона (подлежащего зачислению в соответствии с настоящим Кодексом);
6. Налога на розничную продажу алкогольной продукции, выданной органами местного самоуправления (за 100%).","Бюджетный кодекс Российской Федерации.pdf:page_231, Бюджетный кодекс Российской Федерации.pdf:page_58, Бюджетный кодекс Российской Федерации.pdf:page_59, Бюджетный кодекс Российской Федерации.pdf:page_62, Бюджетный кодекс Российской Федерации.pdf:page_72"
"Когда был принят Указ Президиума Верховного Совета СССР ""О внесении дополнений в Кодекс торгового мореплавания Союза ССР""?"," В 1968 году, 17 сентября был принят Указ Президиума Верховного Совета СССР ""О внесении дополнений в Кодекс торгового мореплавания Союза ССР"" (Ведомости Верховного Совета СССР, 1968, N 39, ст. 351).","Кодекс внутреннего водного транспорта Российской Федерации.pdf:page_0, Кодекс торгового мореплавания Российской Федерации.pdf:page_0, Кодекс торгового мореплавания Российской Федерации.pdf:page_144, Трудовой кодекс Российской Федерации.pdf:page_257, Трудовой кодекс Российской Федерации.pdf:page_258"
Какие требования к разработке чертежей архитектурно-строительной части зданий и сооружений указаны в ГОСТ МДС-80-8.2000?," В ГОСТе МДС-80-8.2000, отмечается необходимость указания о возможности корректировки рабочей документации, исходя из конструктивных и технологических особенностей производства работ претендентом, в разделе ""Архитектурно-строительная часть"". Кроме того, при наличии в технической части тендерной документации перечня оборудования и спецификации на поставку производственного оборудования, машин и механизмов, необходимо включить эти данные в составе материалов оферты.","Data1_10_10847_index.pdf:page_1, Data1_10_10859_index.pdf:page_1, Data1_10_10865_index.pdf:page_1, Data1_10_10865_index.pdf:page_37, Data1_1_1879_index.pdf:page_1"
Какие цены могут быть приняты за базисный уровень стоимости согласно СНиПу?," Базисная цена может приниматься как сметная цена ресурсов, введенных в действие с 01.01.91, для объектов-аналогов, а также пересчитанная сметная стоимость пусконаладочных работ и прочих затрат, составленная в указанном порядке, принимается за базисную цену.","Data1_10_10864_index.pdf:page_24, Data1_2_2069_index.pdf:page_5, Data1_2_2069_index.pdf:page_7, Data1_2_2080_index.pdf:page_5, Data1_2_2117_index.pdf:page_8"
Какие действия должен предпринять исполнитель для приобретения прав на результат интеллектуальной деятельности?," Для получения прав на результат интеллектуальной деятельности, если это связано с выполнением государственного или муниципального контракта, исполнитель должен обратиться к правообладателю и получить соответствующее разрешение. Если право на получение патента и исключительное право на результат интеллектуальной деятельности принадлежат Российской Федерации, то правообладатель может предоставить исполнителю право использования этого результата на условиях безвозмездной простой (безо всяких платежей).","Гражданский кодекс Российской Федерации.pdf:page_327, Гражданский кодекс Российской Федерации.pdf:page_499, Гражданский кодекс Российской Федерации.pdf:page_501, Гражданский кодекс Российской Федерации.pdf:page_502, Гражданский кодекс Российской Федерации.pdf:page_503"
Какие элементы должны быть показаны на схеме современного использования и комплексной оценки территории в концепции генерального плана согласно ГОСТ МДС 11-7.2000?," На схеме современного использования и комплексной оценки территории должны быть показаны:
- Землепользования;
- Территории транспортных и инженерных сооружений и коммуникаций;
- Охранные зоны курортов, источников водоснабжения, зоны охраны памятников природы, недвижимых памятников истории и культуры;
- Санитарно-защитные зоны источников загрязнения среды;
- Исключаемые из застройки территории, а также территории, неблагоприятные для застройки по природным и техногенным условиям.

При наличии опасных природных и техногенных процессов должны быть дополнительно показаны карты сейсмического микрорайонирования, радиационного загрязнения, радиационно-теплового и ветрового режима, подтопления территории и другие.

Если схема сильно насыщена графической информацией, разработка раздельных схем современного использования территории и схемы комплексной оценки территории может быть допускается.","Data1_1_1904_index.pdf:page_1, Data1_1_1904_index.pdf:page_12, Data1_1_1904_index.pdf:page_13, Data1_1_1904_index.pdf:page_15, Data1_1_1904_index.pdf:page_9"
Что влечет наложение административного штрафа на граждан за нарушение правил найма жилого помещения жилищного фонда социального использования?," Нарушение правил найма жилого помещения жилищного фонда социального использования влечет наложение административного штрафа на граждан в размере пяти тысяч рублей, для должностных лиц - пятидесяти тысяч рублей, для лиц, осуществляющих предпринимательскую деятельность без образования юридического лица - ста тысяч рублей, для юридических лиц - двухсот тысяч рублей.","Административный кодекс Российской Федерации.pdf:page_101, Административный кодекс Российской Федерации.pdf:page_420, Жилищный кодекс Российской Федерации.pdf:page_123, Жилищный кодекс Российской Федерации.pdf:page_125, Жилищный кодекс Российской Федерации.pdf:page_76"
"Какие ограничения могут быть установлены в границах зон с особыми условиями использования территории, если они не предусмотрены федеральным законом?"," Ограничения могут быть установлены в границах зон с особыми условиями использования территории, если они не предусмотрены федеральным законом, при этом это должна быть информация о возможности или невозможности установления отдельных ограничений и их включение в перечень ограничений, предписанный для данной зоны.","Земельный кодекс Российской Федерации.pdf:page_186, Земельный кодекс Российской Федерации.pdf:page_188, Земельный кодекс Российской Федерации.pdf:page_189, Земельный кодекс Российской Федерации.pdf:page_190, Земельный кодекс Российской Федерации.pdf:page_193"
Может ли банк использовать имеющиеся на счете денежные средства?," Да, банк может использовать имеющиеся на счете деньги в следующих случаях:
1) Если права на деньги принадлежат бенефициару до даты возникновения оснований для передачи денежных средств бенефициару (по договору счета эскроу). После указанной даты - права на деньги принадлежат бенефициару.
2) В случае, если общей сумма денежных средств налогоплательщика-организации, находящихся на счетах, операции по которым приостановлены на основании решения налогового органа, не превышает указанную в этом решении сумму.
3) При использовании денежных средств, находящихся на публичном депозитном счете, банк уплачивает проценты, сумма которых зачисляется на счет (статья 860.13).","Гражданский кодекс Российской Федерации.pdf:page_349, Гражданский кодекс Российской Федерации.pdf:page_358, Гражданский кодекс Российской Федерации.pdf:page_359, Гражданский кодекс Российской Федерации.pdf:page_360, Налоговый кодекс Российской Федерации.pdf:page_180"
Какие данные о материалах-представителях содержатся в форме № 4 согласно ГОСТ Р 54501-2011?," Форма № 4 согласно ГОСТ Р 54501-2011 содержит наименование материала, его приводятся подписи руководителя и ответственных инженеров.","Data1_10_10849_index.pdf:page_3, Data1_10_10866_index.pdf:page_9, Data1_11_11295_index.pdf:page_26, Data1_2_2073_index.pdf:page_6, Уголовно-процессуальный кодекс Российской Федерации.pdf:page_148"
"Как определяется право собственности и иные вещные права на судно, подлежащее государственной регистрации?"," Право собственности и другие вещные права на судно определяются по праву страны, где судно находилось в момент возникновения или прекращения права собственности или иных вещных прав (статья 1206 Закона Российской Федерации ""О гражданском кодексе РФ""). При этом государственная регистрация судна является единственным доказательством существования зарегистрированного права на судно (статья 1207).","Гражданский кодекс Российской Федерации.pdf:page_480, Кодекс внутреннего водного транспорта Российской Федерации.pdf:page_14, Кодекс внутреннего водного транспорта Российской Федерации.pdf:page_15, Кодекс торгового мореплавания Российской Федерации.pdf:page_140, Кодекс торгового мореплавания Российской Федерации.pdf:page_17"
Как назначается и освобождается от должности главный государственный инспектор труда Российской Федерации?, Главный государственный инспектор труда Российской Федерации назначается Правительством РФ и освобождается от должности Указом Президента РФ.,"Data1_1_1804_index.pdf:page_7, Жилищный кодекс Российской Федерации.pdf:page_14, Жилищный кодекс Российской Федерации.pdf:page_7, Трудовой кодекс Российской Федерации.pdf:page_225, Трудовой кодекс Российской Федерации.pdf:page_229"
На каком сайте можно найти комментарии к статьям?, Ответ: Комментарии к статьям находятся на сайтах gkodeksrf.ru и upkodeksrf.ru.,"Гражданский кодекс Российской Федерации.pdf:page_520, Гражданский кодекс Российской Федерации.pdf:page_563, Гражданский кодекс Российской Федерации.pdf:page_591, Уголовно-процессуальный кодекс Российской Федерации.pdf:page_124, Уголовно-процессуальный кодекс Российской Федерации.pdf:page_222"
"Для каких целей применяются реагенты, описанные в Приложении 16 к ГОСТ (к СНиП 3.02.01-83)?"," Реагенты, описываемые в Приложении 16 к СНиП 3.02.01-83, применяются для химического закрепления грунтов при устройстве оснований и фундаментов зданий и сооружений, а также других заглубленных конструкций из скрепленных грунтов в промышленном и гражданском строительстве.","Data1_10_10861_index.pdf:page_15, Data1_10_10865_index.pdf:page_30, Data1_11_11295_index.pdf:page_1, Data1_11_11295_index.pdf:page_25, Data1_2_2069_index.pdf:page_11"
Какое определение дается аэропорту федерального значения?," Аэропорт федерального значения - аэропорт, необходимый для организации воздушного сообщения между городами федерального значения Москвой, Санкт-Петербургом, Севастополем и административными центрами (столицами) субъектов Российской Федерации, а также международные аэропорты. Перечень аэропортов федерального значения утверждается...","Воздушный кодекс Российской Федерации.pdf:page_1, Воздушный кодекс Российской Федерации.pdf:page_19, Воздушный кодекс Российской Федерации.pdf:page_20, Воздушный кодекс Российской Федерации.pdf:page_21, Воздушный кодекс Российской Федерации.pdf:page_47"
Какие основные критерии используются для рассмотрения заявок претендентов в ГОСТ МДС 80-5.2000?," В соответствии с ГОСТ МДС 80-5.2000, основными критериями для рассмотрения заявок претендентов являются: техническая компетентность и опыт организации, финансовая устойчивость организации, достоверность данных в представленной документации и отсутствие судебных дел по неисполнению обязательств.","Data1_10_10865_index.pdf:page_1, Data1_10_10866_index.pdf:page_1, Data1_10_10867_index.pdf:page_1, Data1_10_10867_index.pdf:page_3, Data1_2_2070_index.pdf:page_1"
Можно ли начать строительство или реконструкцию объекта капитального строительства без выполнения инженерных изысканий?," Да, это можно сделать, но нарушив законодательство и рискуя получить административный штраф или приостановление деятельности.","Административный кодекс Российской Федерации.pdf:page_141, Административный кодекс Российской Федерации.pdf:page_302, Градостроительный кодекс Российской Федерации.pdf:page_112, Градостроительный кодекс Российской Федерации.pdf:page_175, Градостроительный кодекс Российской Федерации.pdf:page_207"
Какие требования предъявляются к поставщикам промышленной продукции согласно ГОСТ МДС 81-9.2000?," Согласно ГОСТу МДС 81-9.2000, требования предъявляются к поставщикам промышленной продукции при определении свободных (договорных) цен на строительную продукцию и расчетах за выполненные работы между участниками инвестиционного процесса, осуществляющими строительство на территории Российской Федерации. Эти требования учтены в методических рекомендациях и включают использование текущих и прогнозных индексов стоимости при составлении расчетов и смет, а также учет разнообразных налогов, отчислений и плат в сметной документации.","Data1_10_10864_index.pdf:page_1, Data1_10_10869_index.pdf:page_1, Data1_2_2070_index.pdf:page_1, Data1_2_2075_index.pdf:page_1, Data1_2_2117_index.pdf:page_1"
Когда был принят Семейный кодекс Российской Федерации?, 8 декабря 1995 года,"Семейный кодекс Российской Федерации.pdf:page_0, Семейный кодекс Российской Федерации.pdf:page_1, Семейный кодекс Российской Федерации.pdf:page_49, Семейный кодекс Российской Федерации.pdf:page_54, Семейный кодекс Российской Федерации.pdf:page_55"
"Какие требования предъявляются к проектированию, строительству, реконструкции, вводу в эксплуатацию и эксплуатации зданий, строений, сооружений для рекреационных целей?"," Для проектирования, строительства, реконструкции, ввода в эксплуатацию и эксплуатации зданий, строений, сооружений для рекреационных целей следует:
1. Осуществлять проектирование и строительство в соответствии с их разрешенным использованием (назначением) (Глава 6.2, Статья 55.24, п. 1).
2. Получить разрешение на ввод объекта в эксплуатацию от застройщика (за исключением случаев, указанных в части 3 той же статьи) (Глава 6.2, Статья 55.24, п. 2).
3. Соблюдать нормы охраны подземных водных объектов и негативное воздействие на состояние подземных водных объектов (Статья 59, п. 1).
4. Принимать меры по предотвращению загрязнения, засорения подземных водных объектов и истощения вод (Статья 59, п. 1).
5. Обеспечивать соответствующую документацию, проводить строительный контроль (Глава 6.2, Статья 55.24, часть не указана).
6. Принимать участие в содержании прилегающих территорий в случаях и порядке, определяемым правилами благоустройства территории муниципального образования (Глава 6.2, Статья 55.24, п. 9).","Водный кодекс Российской Федерации.pdf:page_34, Градостроительный кодекс Российской Федерации.pdf:page_167, Градостроительный кодекс Российской Федерации.pdf:page_232, Градостроительный кодекс Российской Федерации.pdf:page_235, Лесной кодекс Российской Федерации.pdf:page_8"
Что такое площадь стоянки для транспортных средств согласно определению в тексте?," Площадь стоянки для транспортных средств - это пространство, предназначенное для временного размещения транспортных средств. Это может быть специально оборудованный участок дороги или территории, например, парковка или гараж.","Кодекс внутреннего водного транспорта Российской Федерации.pdf:page_43, Налоговый кодекс Российской Федерации.pdf:page_1537, Налоговый кодекс Российской Федерации.pdf:page_1539, ПДД Российской Федерации.pdf:page_23, ПДД Российской Федерации.pdf:page_40"
"Что происходит, если организация не представит повторное уведомление об освобождении от исполнения обязанностей налогоплательщика?"," Если организация не представит повторное уведомление об освобождении от исполнения обязанностей налогоплательщика в срок, то продолжаются его обязанности по налогу на участок недр.","Налоговый кодекс Российской Федерации.pdf:page_1327, Налоговый кодекс Российской Федерации.pdf:page_1328, Налоговый кодекс Российской Федерации.pdf:page_77, Налоговый кодекс Российской Федерации.pdf:page_80, Налоговый кодекс Российской Федерации.pdf:page_906"
Какие единицы измерения могут использоваться в Форме № 3-св согласно ГОСТ?," В Форме № 3-св согласно ГОСТ используются единицы измерения: га (гектар) для площадей, тысячи рублей (тыс. руб.) для стоимости материалов и расходов, а также различные единицы измерения по конкретным материалам (например, метры, литры, килограммы).","Data1_11_11295_index.pdf:page_26, Data1_11_11835_index.pdf:page_14, Data1_2_2076_index.pdf:page_15, Data1_2_2079_index.pdf:page_18, Data1_2_2082_index.pdf:page_17"
Какова продолжительность периода со среднесуточной температурой воздуха < 8 °C в г. Джарджан согласно документу МДС 31-8.2002?," Для города Джарджан данные отсутствуют в документе МДС 31-8.2002, поэтому невозможно установить продолжительность периода со среднесуточной температурой воздуха ниже или равной 8 °C.","Data1_10_10846_index.pdf:page_11, Data1_10_10846_index.pdf:page_27, Data1_10_10846_index.pdf:page_28, Data1_10_10846_index.pdf:page_29, Data1_10_10871_index.pdf:page_6"
Какие критерии оценки эффективности деятельности органов государственной власти субъектов Российской Федерации по осуществлению переданных полномочий устанавливаются?, Критерии оценки эффективности деятельности органов государственной власти субъектов Российской Федерации при осуществлении переданных полномочий устанавливаются Уполномоченным федеральным органом исполнительной власти.,"Водный кодекс Российской Федерации.pdf:page_16, Градостроительный кодекс Российской Федерации.pdf:page_23, Лесной кодекс Российской Федерации.pdf:page_78, Лесной кодекс Российской Федерации.pdf:page_79, Лесной кодекс Российской Федерации.pdf:page_80"
Что такое конкурентность в контексте ГОСТ МДС 80-2.2000?," В контексте ГОСТ МДС 80-2.2000, конкуренция означает естественное стремление проектировщиков к состязательности во время их работы и способ, который позволяет активизировать это стремление, а также защищает от недобросовестной конкуренции в период действия трудового договора.","Data1_10_10866_index.pdf:page_1, Data1_10_10867_index.pdf:page_1, Data1_10_10869_index.pdf:page_1, Data1_10_10871_index.pdf:page_1, Data1_10_10872_index.pdf:page_1"
Какие исходные данные необходимы для разработки годового плана технического обслуживания и ремонта кранов?," Нужны следующие исходные данные для разработки годового плана технического обслуживания и ремонта кранов:
1. Материалы инженерных изысканий, характеризующие возможные опасные воздействия геологических, гидрогеологических, гидрологических процессов на данной территории.
2. Инвентаризационные данные по кранам (их типы, количество и конкретный состав).
3. Сметная стоимость годового объема работ, расходы на основные материалы, строительные изделия, транспорт, средства механизации и рабочих.
4. Календарные сроки ремонтов для каждого крана.","Data1_10_10855_index.pdf:page_1, Data1_10_10855_index.pdf:page_2, Data1_10_10855_index.pdf:page_3, Data1_1_1879_index.pdf:page_9, Data1_1_1904_index.pdf:page_32"
Какие данные должны быть указаны в договоре теплоснабжения при установке узла учета не на границе эксплуатационной ответственности?, Величину потерь тепловой энергии и теплоносителей на участке тепловой сети между местом установки узла учета и указанной границей должны быть указаны в договоре теплоснабжения.,"Data1_10_10870_index.pdf:page_10, Data1_10_10870_index.pdf:page_4, Data1_10_10870_index.pdf:page_9, Data1_10_10871_index.pdf:page_11, Data1_10_10871_index.pdf:page_5"
"Что делать, если сведения, подлежащие представлению, не содержатся в представленных перевозчиком документах?"," В случае отсутствия необходимых сведений, подлежащих представлению в соответствии с текстом, следует обратиться за бесплатной юридической консультацией по телефону 8 (499) 938-53-84.","Налоговый кодекс Российской Федерации.pdf:page_359, Таможенный кодекс Евразийского экономического союза.pdf:page_100, Таможенный кодекс Евразийского экономического союза.pdf:page_339, Таможенный кодекс Евразийского экономического союза.pdf:page_399, Таможенный кодекс Евразийского экономического союза.pdf:page_96"
Кто имеет право вводить режим особых условий?," Право введения режима особых условий имеют органы, компетентные на это в соответствии с законодательством (статья 85 настоящего Кодекса).","Водный кодекс Российской Федерации.pdf:page_39, Градостроительный кодекс Российской Федерации.pdf:page_258, Земельный кодекс Российской Федерации.pdf:page_187, Уголовно-исполнительный кодекс Российской Федерации.pdf:page_50, Уголовно-исполнительный кодекс Российской Федерации.pdf:page_72"
Какие лазерные приборы используются для определения прямолинейности и высотного положения рельсов согласно СНиП 3.01.03-84?," Лазерные приборы ЛВ-5М, ЛВ-78 и ПЛ-1 используются для определения прямолинейности и высотного положения рельсов согласно СНиП 3.01.03-84.","Data1_11_11285_index.pdf:page_17, Data1_11_11285_index.pdf:page_24, Data1_11_11285_index.pdf:page_26, Data1_11_11285_index.pdf:page_35, Data1_11_11285_index.pdf:page_63"
Какие сведения должен предоставить страхователь при заключении договора страхования?," При заключении договора страхования страхователь обязан сообщить страховщику сведения о следующих обстоятельствах:
1) те, которые имеют существенное значение для определения степени риска и которые известны или должны быть известны страхователю (статья 250);
2) значительных изменениях в обстоятельствах, сообщенных при заключении договора, если эти изменения могут существенно повлиять на увеличение страхового риска (https://gkodeksrf.ru/).

Обязательность предоставления общеизвестных сведений не выполняется.","Гражданский кодекс Российской Федерации.pdf:page_319, Гражданский кодекс Российской Федерации.pdf:page_390, Гражданский кодекс Российской Федерации.pdf:page_395, Гражданский кодекс Российской Федерации.pdf:page_396, Кодекс торгового мореплавания Российской Федерации.pdf:page_83"
Что влечет иное нарушение требований к порядку ведения реестра владельцев ценных бумаг?," Иное нарушение требований к порядку ведения реестра владельцев ценных бумаг влечет наложение административного штрафа на граждан, юридических лиц или должностных лиц в размере от 1 тыс. до 2 тыс. пятисот рублей (для граждан и должностных лиц) или от 30 тыс. до 100 тыс. рублей (для юридических лиц).","Административный кодекс Российской Федерации.pdf:page_321, Административный кодекс Российской Федерации.pdf:page_337, Административный кодекс Российской Федерации.pdf:page_369, Гражданский кодекс Российской Федерации.pdf:page_98, Уголовный кодекс Российской Федерации.pdf:page_95"
"Когда проценты, начисленные налоговым органом, подлежат уплате налогоплательщику без заявления?"," Проценты начисленные налоговым органом подлежат уплате налогоплательщику без заявления, если предусмотренные пунктом 10 настоящей статьи проценты не уплачены налогоплательщику в полном объеме и физическому лицу приходится возвращать суммы денежных средств, перечисленных в бюджетную систему Российской Федерации.","Налоговый кодекс Российской Федерации.pdf:page_116, Налоговый кодекс Российской Федерации.pdf:page_159, Налоговый кодекс Российской Федерации.pdf:page_191, Налоговый кодекс Российской Федерации.pdf:page_539, Налоговый кодекс Российской Федерации.pdf:page_713"
Может ли срок защиты прав превышать срок действия исключительного права правообладателя?," No, the term of protection for rights cannot exceed the term of the exclusive right of the publisher as established by the law of the country where the legal fact occurred that served as the basis for acquiring such exclusive right, according to the context provided.","Гражданский кодекс Российской Федерации.pdf:page_493, Гражданский кодекс Российской Федерации.pdf:page_518, Гражданский кодекс Российской Федерации.pdf:page_558, Гражданский кодекс Российской Федерации.pdf:page_599, Таможенный кодекс Евразийского экономического союза.pdf:page_446"
В каких случаях принимается решение о внесении изменений в предварительное решение о происхождении товара?, Решение об внесении изменений в предварительное решение о происхождении товара принимается таможенным органом.,"Таможенный кодекс Евразийского экономического союза.pdf:page_25, Таможенный кодекс Евразийского экономического союза.pdf:page_26, Таможенный кодекс Евразийского экономического союза.pdf:page_30, Таможенный кодекс Евразийского экономического союза.pdf:page_32, Таможенный кодекс Евразийского экономического союза.pdf:page_33"
"Что происходит, если в производстве арбитражного суда, суда общей юрисдикции, третейского суда имеется дело по спору между теми же лицами, о том же предмете и по тем же основаниям?"," В случае наличия дела по спору между теми же лицами, о том же предмете и по тем же основаниям в производстве арбитражного суда, суда общей юрисдикции или третейского суда, арбитражный суд в Российской Федерации оставляет иск без рассмотрения по правилам главы 17 настоящего Кодекса.","Арбитражный процессуальный кодекс Российской Федерации.pdf:page_157, Арбитражный процессуальный кодекс Российской Федерации.pdf:page_165, Арбитражный процессуальный кодекс Российской Федерации.pdf:page_75, Гражданский процессуальный кодекс Российской Федерации.pdf:page_54, Кодекс административного судопроизводства Российской Федерации.pdf:page_103"
Какая форма используется для составления локальной сметы по ГОСТ МДС 81-8.2000?, Локальная смета в соответствии с ГОСТ МДС 81-8.2000 составляется в форме сметной документации.,"Data1_10_10864_index.pdf:page_1, Data1_2_2073_index.pdf:page_1, Data1_2_2075_index.pdf:page_1, Data1_2_2079_index.pdf:page_1, Data1_2_2116_index.pdf:page_1"
Какие условия и порядок возмещения ущерба должны быть определены в соглашении о проведении реконструкции?," В соглашении о проведении реконструкции должны быть указаны условия и порядок возмещения ущерба, в том числе:
1) разрешение на отклонение от предельных параметров разрешенного строительства или реконструкции (в случае, если застройщику было предоставлено такое разрешение соответственно статьей 40 настоящего Кодекса);
2) согласие всех правообладателей объекта капитального строительства в случае реконструкции такого объекта, за исключением указанных в пункте 6.2 настоящей части случаев реконструкции многоквартирного дома, согласие правообладателей всех домов блокированной застройки в одном ряду в случае реконструкции одного из домов блокированной застройки.","Data1_10_10851_index.pdf:page_4, Градостроительный кодекс Российской Федерации.pdf:page_144, Гражданский кодекс Российской Федерации.pdf:page_218, Гражданский кодекс Российской Федерации.pdf:page_233, Земельный кодекс Российской Федерации.pdf:page_147"
Какие полномочия имеют федеральные органы исполнительной власти в области охраны труда?," Федеральные органы исполнительной власти имеют полномочия:
1. Устанавливать порядок разработки, утверждения и изменения нормативных правовых актов в области охраны труда;
2. Организовывать научно-исследовательские работы в области охраны труда и обеспечивать распространение передового отечественного и зарубежного опыта работы по улучшению условий и охраны труда;
3. Утверждать типовые формы документов, необходимых для проведения государственной экспертизы условий труда;
4. Соответствовать проекты организации строительства (реконструкции) объектов капитального строительства правилам федеральных нормативных требований охраны труда.","Трудовой кодекс Российской Федерации.pdf:page_116, Трудовой кодекс Российской Федерации.pdf:page_117, Трудовой кодекс Российской Федерации.pdf:page_118, Трудовой кодекс Российской Федерации.pdf:page_119, Трудовой кодекс Российской Федерации.pdf:page_121"
Как отказывается от судебного иммунитета международной организации?," Отказ от судебного иммунитета международной организации должен быть произведен в порядке, предусмотренном правилами этой организации. В этом случае суд рассматривает дело в порядке, установленном настоящим Кодексом.","Арбитражный процессуальный кодекс Российской Федерации.pdf:page_165, Арбитражный процессуальный кодекс Российской Федерации.pdf:page_168, Арбитражный процессуальный кодекс Российской Федерации.pdf:page_170, Гражданский процессуальный кодекс Российской Федерации.pdf:page_163, Гражданский процессуальный кодекс Российской Федерации.pdf:page_174"
Как предотвращаются перегрузки строительных конструкций согласно МДС 14-13.2000?," Предотвращение перегрузок строительных конструкций осуществляется путем выполнения наблюдений за сохранением зданий и сооружений в период эксплуатации (пункт 2) и при проведении планово-предупредительного ремонта производственных зданий и сооружений (пункт 3), а также путем организации проектирования с учётом потребностей инвалидов и других маломобильных групп населения (МДС 35-7.2000).","Data1_10_10847_index.pdf:page_1, Data1_10_10861_index.pdf:page_1, Data1_1_1879_index.pdf:page_1, Data1_2_2073_index.pdf:page_1, Data1_2_2117_index.pdf:page_1"
Какие административные правонарушения могут рассматриваться руководителем подразделения центрального аппарата Министерства внутренних дел Российской Федерации по вопросам миграции и его заместителями?," Руководитель подразделения центрального аппарата Министерства внутренних дел Российской Федерации по вопросам миграции и его заместители могут рассматривать административные правонарушения, предусмотренные статьями 8.22, 8.23, частями 1 и 2 статьи 12.31, статьями 12.32, 12.32.1, частью 1 статьи 19.22 настоящего Кодекса РФ (в части регистрации автомототранспортных средств с рабочим объемом двигателя более пятидесяти кубических сантиметров, имеющих максимальную конструктивную скорость более пятидесяти километров в час, и прицепов к ним, предназначенных для движения по автомобильным дорогам общего пользования).","Административный кодекс Российской Федерации.pdf:page_455, Административный кодекс Российской Федерации.pdf:page_462, Административный кодекс Российской Федерации.pdf:page_465, Административный кодекс Российской Федерации.pdf:page_487, Административный кодекс Российской Федерации.pdf:page_500"
Как определяется стоимость материалов-представителей в текущем уровне цен согласно ГОСТ МДС 81-10.2000?," По стоимости материалов-представителей в текущем уровне цен согласно ГОСТ МДС 81-10.2000 определяется, когда их стоимость составляет не менее 5 % в общей стоимости материалов в базисных ценах.","Data1_2_2075_index.pdf:page_1, Data1_2_2076_index.pdf:page_1, Data1_2_2079_index.pdf:page_1, Data1_2_2079_index.pdf:page_4, Data1_2_2117_index.pdf:page_1"
Какие характеристики оборудования для цементации грунтов описаны в Приложении 20 к ГОСТ (к СНиП 3.02.01-83)?," Приложение 20 описывает характеристики оборудования для цементации грунтов, включая смесительные установки, гидронагнетатели, компрессоры и другие инструменты, приведенные в Приложении 19 (табл. 1 - 3,5).","Data1_11_11295_index.pdf:page_1, Data1_11_11295_index.pdf:page_17, Data1_11_11295_index.pdf:page_21, Data1_11_11295_index.pdf:page_26, Data1_11_11295_index.pdf:page_49"
Как обеспечивается соизмеримость наборов ресурсов и показателей затрат согласно ГОСТ?," Обеспечивается соизмеримость наборов ресурсов и показателей затрат в соответствии с ГОСТом 2.9, путем выбора одной графы из каждой таблицы СНиР-91, которая обеспечивает соответствие материалов-представителей материалам, применяемым для выполнения данной работы. В случае отсутствия в таблице СНиР-91 соответствующего данной работе материала-представителя необходимо пополнить унифицированную номенклатуру материалов-представителей. Показатели затрат определяются путем суммирования произведений норм расхода ресурсов, приведенных в соответствующей графе таблицы СНиР-91, на базисные цены ресурсов, содержащиеся в сборниках сметных.","Data1_10_10864_index.pdf:page_8, Data1_2_2073_index.pdf:page_4, Data1_2_2076_index.pdf:page_4, Data1_2_2079_index.pdf:page_9, Data1_2_2117_index.pdf:page_1"
Какие предприятия и учреждения охватываются рекомендациями?," Рекомендации охватывают предприятия, организации и учреждения жилищно-коммунальной сферы, а также теплоснабжающие организации, включая организации бюджетной сферы.","Data1_10_10846_index.pdf:page_1, Data1_10_10847_index.pdf:page_1, Data1_10_10858_index.pdf:page_2, Data1_10_10870_index.pdf:page_1, Data1_10_10871_index.pdf:page_1"
Какие нормокомплекты геодезических приборов и приспособлений указываются в ППГР согласно СНиП 3.01.03-84?," В ППГР, согласно СНиП 3.01.03-84, не указываются конкретные нормокомплекты геодезических приборов и приспособлений. Это зависит от требований точности разбивочных работ, размеров строительной площадки, условий работы на ней и формы сооружения (3.84). Кроме того, метод определения координат точек сети зависит от этих факторов (3.84). Организация-разработчик должна выбрать наиболее подходящий нормокомплект в соответствии с требованиями конкретного проекта.","Data1_11_11285_index.pdf:page_17, Data1_11_11285_index.pdf:page_3, Data1_11_11285_index.pdf:page_4, Data1_11_11285_index.pdf:page_5, Data1_11_11285_index.pdf:page_76"
"Как определяется облагаемый оборот для строительных, строительно-монтажных и ремонтно-строительных организаций по ГОСТ МДС 81-23.2000?"," Для строительных, строительно-монтажных и ремонтно-строительных организаций облагаемый оборот определяется как выручка, полученная от оказания услуг в соответствии с ГОСТ МДС 81-23.2000. Это включает доходы от всех платных услуг, кроме сдачи в аренду земли. Для конкретной продукции используются данные не менее трех-пяти региональных поставщиков этой продукции.","Data1_10_10754_index.pdf:page_3, Data1_10_10848_index.pdf:page_7, Data1_2_2070_index.pdf:page_1, Data1_2_2070_index.pdf:page_4, Data1_2_2117_index.pdf:page_1"
"Когда признаются доходы в виде положительной переоценки стоимости драгоценных металлов и требований, выраженных в драгоценных металлах?"," Доходы, связанные с положительной переоценкой стоимости драгоценных металлов и требований, выраженных в драгоценных металлах, признаются с даты отражения по обезличенному металлическому счету операции купли-продажи драгоценных металлов.","Налоговый кодекс Российской Федерации.pdf:page_1013, Налоговый кодекс Российской Федерации.pdf:page_1022, Налоговый кодекс Российской Федерации.pdf:page_1142, Налоговый кодекс Российской Федерации.pdf:page_1145, Налоговый кодекс Российской Федерации.pdf:page_1387"
Какие районы Амурской области входят в перечень районов Крайнего Севера согласно ГЭСН-2001?," Во включённые в перечень районов Крайнего Севера согласно ГЭСН-2001 относятся: Аяно-Майский, Охотский, Ванинский, Вернебуреинский, Комсомольский, Николаевский, имени Полины Осипенко, Советско-Гаванский, Солнечный, Тугуро - Чумиканский, Ульчский.","Data1_10_10062_index.pdf:page_10, Data1_10_10062_index.pdf:page_5, Data1_10_10062_index.pdf:page_8, Data1_10_10062_index.pdf:page_9, Водный кодекс Российской Федерации.pdf:page_18"
"В каких случаях правила, установленные главой о морской перевозке груза, не применяются?"," Правила, установленные главой о морской перевозке груза, не применяются к требованиям, вытекающим из договора морской перевозки груза и договора морской перевозки пассажира в случае ущерба, совершенного лицом, которое совершило это действие умышленно или по грубой неосторожности (Статья 116). Кроме того, эти правила не применяются к перевозкам грузов в каботаже за исключением тех правил, которые в других статьях установлены для этих перевозок (Статья 122).","Кодекс торгового мореплавания Российской Федерации.pdf:page_104, Кодекс торгового мореплавания Российской Федерации.pdf:page_50, Кодекс торгового мореплавания Российской Федерации.pdf:page_51, Кодекс торгового мореплавания Российской Федерации.pdf:page_66, Кодекс торгового мореплавания Российской Федерации.pdf:page_80"
"Какие условия должны быть соблюдены при помещении иностранных товаров, помещенных под таможенную процедуру временного ввоза (допуска), под таможенную процедуру таможенного транзита согласно статье 306?"," Для помещения иностранных товаров, уже находящихся под таможенной процедурой временного ввоза (допуска), под таможенную процедуру таможенного транзита согласно статье 306 должны быть соблюнены следующие условия:
1. Доставка товаров должа произойти в таможенный орган, назначенный для транзитных операций, а не для таможенного органа отправления или другого таможенного органа.
2. Таможенный орган, назначенный для транзитных операций, должен завершить действие таможенной процедуры таможенного транзита в соответствии с статьей 151 Кодекса, после чего информирует таможенный орган назначения и таможенный орган отправления о завершении действия таможенной процедуры таможенного транзита.","Таможенный кодекс Евразийского экономического союза.pdf:page_258, Таможенный кодекс Евразийского экономического союза.pdf:page_259, Таможенный кодекс Евразийского экономического союза.pdf:page_263, Таможенный кодекс Евразийского экономического союза.pdf:page_269, Таможенный кодекс Евразийского экономического союза.pdf:page_381"
"Что грозит за внесение пожертвований в крупных размерах в избирательный фонд, фонд референдума через подставных лиц?"," За внесение пожертвований в крупных размерах в избирательный фонд или фонд референдума через подставных лиц грозит наказанием в виде штрафа в размере от трехсот тысяч до одного миллиона рублей или в размере заработной платы или иного дохода осужденного за период от двух до четырех лет, либо ограничением свободы на срок до четырех лет с лишением права занимать определенные должности или заниматься определенной деятельностью на срок до трех лет, либо принудительными работами.","Административный кодекс Российской Федерации.pdf:page_38, Административный кодекс Российской Федерации.pdf:page_57, Уголовный кодекс Российской Федерации.pdf:page_103, Уголовный кодекс Российской Федерации.pdf:page_71, Уголовный кодекс Российской Федерации.pdf:page_72"
"Что происходит, если значение коэффициента КНДД меньше единицы?"," В случае, если значение коэффициента КНДД меньше единицы, для целей определения значения ЭП принимается равным 0. Это означает, что нет налога на добавленную стоимость, поскольку процентный размер налога составил бы менее нуля.","Налоговый кодекс Российской Федерации.pdf:page_1402, Налоговый кодекс Российской Федерации.pdf:page_1413, Налоговый кодекс Российской Федерации.pdf:page_1415, Налоговый кодекс Российской Федерации.pdf:page_1421, Налоговый кодекс Российской Федерации.pdf:page_1433"
Какова температура при промывке систем отопления соляной кислотой с ингибитором АКХ-ИФХАН по МДС 13-18.2000?," Температура при промывке системы отопления соляной кислотой с ингибитором АКХ-ИФХАН составляет 40 °С, как указано в документе МДС 13-18.2000.","Data1_10_10852_index.pdf:page_17, Data1_10_10852_index.pdf:page_18, Data1_10_10852_index.pdf:page_20, Data1_10_10861_index.pdf:page_30, Data1_10_10861_index.pdf:page_31"
"Какие питающие линии электроснабжения, обеспечивающие системы пожарной безопасности, исключаются из графиков временного отключения электрической энергии согласно ГОСТ МДС 13-19.2001?"," Питающие линии электроснабжения, обеспечивающие системы пожарной безопасности, не включаются в графики временного отключения энергии согласно ГОСТ МДС 13-19.2001, если их отключение не влияет на безопасность людей или технологического процесса и не вызывает аварий.","Data1_10_10853_index.pdf:page_1, Data1_10_10853_index.pdf:page_2, Data1_10_10853_index.pdf:page_3, Data1_10_10853_index.pdf:page_4, Data1_10_10871_index.pdf:page_13"
Какой размер пошлины установлен за внесение изменений в решение о выдаче визы?," В документах, содержащихся в регистрационном досье на зарегистрированную кормовую добавку, изменений не требующих проведения экспертизы, установлен размер пошлины в 7 700 рублей. Для других случаев, таких как внесение изменений в решение о выдаче визы, данные размера и нормативы не приведены в контексте предоставленном вопросу.","Бюджетный кодекс Российской Федерации.pdf:page_49, Налоговый кодекс Российской Федерации.pdf:page_1268, Налоговый кодекс Российской Федерации.pdf:page_1277, Налоговый кодекс Российской Федерации.pdf:page_1285, Налоговый кодекс Российской Федерации.pdf:page_1303"
Когда доводятся показатели бюджетной росписи по расходам и лимитов бюджетных обязательств?," Доведение показателей бюджетной росписи по расходам и лимитов бюджетных обязательств доводится до начала очередного финансового года, за исключением случаев, предусмотренных статьями 190 и 191 Кодекса.","Бюджетный кодекс Российской Федерации.pdf:page_30, Бюджетный кодекс Российской Федерации.pdf:page_314, Бюджетный кодекс Российской Федерации.pdf:page_323, Бюджетный кодекс Российской Федерации.pdf:page_327, Бюджетный кодекс Российской Федерации.pdf:page_346"
Какой ГОСТ или СНиП регламентирует расчет затрат труда на строительной площадке?," Методические рекомендации Минстроя России от 30.10.92 № БФ-907/12 устанавливают правила определения накладных расходов, в состав которых входят затраты по оплате труда производственных рабочих и личного персонала, включая технических специалистов и руководителей. Они учитываются по принятым строительной организацией системам и формам оплаты труда.","Data1_10_10062_index.pdf:page_4, Data1_2_2073_index.pdf:page_1, Data1_2_2080_index.pdf:page_6, Data1_2_2080_index.pdf:page_7, Data1_2_2117_index.pdf:page_2"
Кто выполняет функции заказчика-застройщика по заключению подрядных и других договоров? (ГОСТ не указан)," По контексту, функции заказчика-застройщика выполняются либо управлениями (отделами) капитального строительства Советов Министров автономных республик, исполкомов Советов народных депутатов, предприятий или организаций, либо дирекциями (объединенные дирекции) строящихся предприятий.","Data1_1_1804_index.pdf:page_1, Data1_1_1804_index.pdf:page_2, Data1_1_1804_index.pdf:page_9, Data1_2_2116_index.pdf:page_3, Градостроительный кодекс Российской Федерации.pdf:page_164"
Могут ли учреждения участвовать в хозяйственных обществах?," Да, могут. Хозяйственные товарищества могут создаваться с участием публично-правовых образований (например, государственных учреждений), а также коммерческих организаций с долей этих образований в их уставном капитале. Также можно наблюдать хозяйственные общества со здешними учредителями, которые являются юридическими лицами (кроме государственных/муниципальных учреждений).","Бюджетный кодекс Российской Федерации.pdf:page_390, Гражданский кодекс Российской Федерации.pdf:page_40, Гражданский кодекс Российской Федерации.pdf:page_42, Гражданский кодекс Российской Федерации.pdf:page_45, Налоговый кодекс Российской Федерации.pdf:page_313"
Каков размер штрафа для должностных лиц по статье 16.6?, Размер штрафа для должностных лиц по статье 16.6 составляет от пятисот до двух тысяч рублей.,"Административный кодекс Российской Федерации.pdf:page_266, Административный кодекс Российской Федерации.pdf:page_357, Административный кодекс Российской Федерации.pdf:page_359, Административный кодекс Российской Федерации.pdf:page_360, Административный кодекс Российской Федерации.pdf:page_363"
"Какую информацию о претенденте следует указывать в форме 'Наименование организации, фирмы, консорциума' согласно ГОСТ МДС 80-5.2000?"," В форме ""Наименование организации, фирмы, консорсиума"" следует указывать полное наименование организации (претендента), его реквизиты (адрес, телефон, телефакс, телекс), ответственного лица и форму общества. Для головной фирмы также должны быть указаны филиалы и дочерние предприятия. Необходимо также указывать уставный капитал и годовой оборот при выполнении строительно-монтажных работ, а также обменный курс к рублю на конец года.","Data1_10_10865_index.pdf:page_1, Data1_10_10866_index.pdf:page_1, Data1_10_10867_index.pdf:page_1, Data1_10_10867_index.pdf:page_2, Data1_10_10867_index.pdf:page_5"
"Что происходит, если соглашение явилось основанием для выдачи свидетельства о регистрации лица, совершающего операции по переработке сжиженных углеводородных газов?"," Если соглашение стало основанием для выдачи свидетельства о регистрации лица, совершающего операции по переработке сжиженных углеводородных газов, то организация обязана представить в налоговый орган заявление о выдаче свидетельства и один из следующих комплектов документов:
1) перечень производственных мощностей по переработке СУГ.
2) Первичные и вторичные процессы переработки нефти и (или) газового конденсата стабильного, а также производство готовой продукции.","Налоговый кодекс Российской Федерации.pdf:page_580, Налоговый кодекс Российской Федерации.pdf:page_585, Налоговый кодекс Российской Федерации.pdf:page_642, Налоговый кодекс Российской Федерации.pdf:page_677, Налоговый кодекс Российской Федерации.pdf:page_678"
Какие требования предъявляются к устройству ограждения площадки строительства в подготовительных работах согласно таблице 9 ГОСТ МДС-80-8.2000?," В соответствии с требованиями ГОСТа МДС-80-8.2000, устройство ограждения площадки строительства в подготовительных работах должно обеспечить следующие условия:
1) Ограждение должно быть сплошным и замкнутым.
2) Высота ограждения должна соответствовать требованиям безопасности для конкретного объекта строительства.
3) Поверхность ограждения должна быть прочной и устойчивой к воздействию окружающей среды.
4) Ограждение должно иметь доступные и безопасные ворота для транспортировки материалов и оборудования на площадку строительства.","Data1_10_10865_index.pdf:page_1, Data1_10_10865_index.pdf:page_22, Data1_10_10866_index.pdf:page_1, Data1_1_1879_index.pdf:page_1, Data1_2_2076_index.pdf:page_1"
"Какие административные правонарушения рассматривают органы, указанные в статье 23.30, в части нарушения установленного порядка предоставления обеспечения исполнения обязательств по оплате тепловой энергии?"," Органы, указанные в статье 23.30, рассматривают дела об административных правонарушениях, предусмотренных статьей 14.61 настоящего Кодекса, которая касается нарушения установленного порядка предоставления обеспечения исполнения обязательств по оплате электрической энергии (мощности).","Административный кодекс Российской Федерации.pdf:page_301, Административный кодекс Российской Федерации.pdf:page_478, Административный кодекс Российской Федерации.pdf:page_480, Административный кодекс Российской Федерации.pdf:page_496, Административный кодекс Российской Федерации.pdf:page_504"
"Что происходит с определениями, не указанными в части 1 статьи 313?"," Определения, не указанные в части 1 статьи 313, не имеют прямого отношения к восстановлению утраченного судебного производства и, следовательно, не регламентируются данной статьей.","Гражданский кодекс Российской Федерации.pdf:page_166, Гражданский процессуальный кодекс Российской Федерации.pdf:page_123, Таможенный кодекс Евразийского экономического союза.pdf:page_383, Таможенный кодекс Евразийского экономического союза.pdf:page_388, Таможенный кодекс Евразийского экономического союза.pdf:page_397"
Какие требования предъявляются к поверхностям площадок согласно МДС 35-7.2000?," По версии документа MDS 35-7.2000, требования к поверхностям площадок согласовываются в рамках проектирования общественных зданий и сооружений, включая физкультурно-оздоровительные и детские физкультурно-игровые объекты. Требования к поверхностям определяются в зависимости от назначения площадки и типа спортивной игры, а также с учётом потребностей инвалидов и других маломобильных групп населения.","Data1_10_10847_index.pdf:page_1, Data1_10_10852_index.pdf:page_1, Data1_10_10866_index.pdf:page_1, Data1_10_10871_index.pdf:page_1, Data1_1_1904_index.pdf:page_1"
Как рассчитывается коэффициент для показателя «Предусматриваемые в офертах затраты труда местных рабочих» согласно ГОСТ МДС 80-3.2000?," Коэффициент для показателя «Предусматриваемые в офертах затраты труда местных рабочих» рассчитывается по формуле, где используются количество построенных аналогичных объектов (Б.1.) и максимальное значение этого показателя (Б.1.). Затем полученное число умножается на соответствующий коэффициент для каждой оферты, что дает окончательное количество баллов по этому показателю.","Data1_10_10754_index.pdf:page_3, Data1_10_10869_index.pdf:page_5, Data1_10_10869_index.pdf:page_6, Data1_2_2079_index.pdf:page_1, Data1_2_2117_index.pdf:page_1"
Какова производительность установки получения элементарной серы методом Клауса согласно ГОСТу МДС 81-8.2000?," Установка получения элементарной серы методом Клауса не описана в предоставленных документах. Для правильного ответа, ссылка на адекватный ГОСТ или другой источник необходима.","Data1_10_10754_index.pdf:page_1, Data1_10_10754_index.pdf:page_18, Data1_10_10864_index.pdf:page_1, Data1_10_10864_index.pdf:page_37, Data1_2_2117_index.pdf:page_1"
"Какие требования безопасности приведены в документе, регламентированном ГОСТ МДС 31-8.2002, при проектировании и устройстве фонарей?"," В документе GOSSTANDART MDS 31-8.2002 настоят требования к безопасности при проектировании и устройстве фонарей в следующих областях:
1. Конструктивное решение - обеспечивается несущей способностью, а также сопротивлению теплопередаче, воздухопроницанию и атмосферостойкости.
2. При работе по устройству гидроизоляции опорных элементов фонарей должны быть соблюнены требования СНиП II-26-76.
3. Установленные в покрытии фонари должны пройти приемку комиссией, состоящей из представителей заказчика, генерального подрядчика и субподрядчика. При этом необходимо проверить правильность установки светопропускающих элементов фонарей и качество их заделки.
4. Маркировка изделий из поликарбоната и ПВХ должна указывать наружную поверхность, защищенную от ультрафиолетового облучения.
5. При производстве работ по монтажу светопропускающих элементов фонарей и в процессе выполнения отделочных работ необходимо предусматривать мероприятия по их защите от повреждений и загрязнений.
6. Перед монтажом конструкций фонарей производителем работ должна быть произведена техническая приемка отдельных их элементов и выполнены подготовительные работы.","Data1_10_10846_index.pdf:page_1, Data1_10_10846_index.pdf:page_18, Data1_10_10846_index.pdf:page_19, Data1_10_10846_index.pdf:page_2, Data1_10_10847_index.pdf:page_1"
Какие промерзания стен и повышенный влаго- и воздухо- проницаемость стыков относятся к категории А согласно ГОСТ МДС 17-13.2000?, Промерзания стен и повышенный влаго- и воздухо- проницаемость стыков относятся к категории А согласно ГОСТ МДС 17-13.2000.,"Data1_10_10852_index.pdf:page_5, Data1_10_10861_index.pdf:page_17, Data1_10_10861_index.pdf:page_39, Data1_10_10861_index.pdf:page_40, Data1_10_10861_index.pdf:page_42"
Что влечет наложение административного штрафа на должностных лиц за предоставление заведомо ложных сведений о цели пребывания иностранных граждан?," Нарушение приглашающей или принимающей стороной либо должностным лицом юридического лица установленного порядка оформления документов на право пребывания иностранных граждан в Российской Федерации, их проживания, передвижения, изменения места пребывания, содержащих заведомо ложные сведения, влечет наложение административного штрафа на должностных лиц в размере от двадцати до пятидесяти тысяч рублей.","Административный кодекс Российской Федерации.pdf:page_375, Административный кодекс Российской Федерации.pdf:page_408, Административный кодекс Российской Федерации.pdf:page_412, Административный кодекс Российской Федерации.pdf:page_413, Административный кодекс Российской Федерации.pdf:page_422"
В какой срок должностное лицо должно сообщить в суд о исполнении приговора?," Достоверно не указано, что обязанность должностного лица заключается в сообщении о исполнении приговора суду. Из данных контекстов становится ясно, что организации обязаны освободить осужденного от должности или запретить заниматься определенной деятельностью не позднее трех дней после получения копии приговора суда и извещения уголовно-исполнительной инспекции. Данные обязанности адресованы организациям, не лицам в частности.","Кодекс административного судопроизводства Российской Федерации.pdf:page_105, Кодекс административного судопроизводства Российской Федерации.pdf:page_125, Уголовно-исполнительный кодекс Российской Федерации.pdf:page_16, Уголовно-исполнительный кодекс Российской Федерации.pdf:page_82, Уголовно-процессуальный кодекс Российской Федерации.pdf:page_240"
Какие условия необходимы для обеспечения равного доступа к информации о спросе и предложении на проектную продукцию согласно ГОСТ МДС 80-2.2000?," Для обеспечения равного доступа к информации о спросе и предложении на проектную продукцию необходимо создание условий, которые преодоляют монополию отдельных подразделений и специалистов (узкой специализации). Это включает в себя свободный доступ на рынок проектной продукции внутри проектного института, а также привлечение не менее двух претендентов при получении заказа на разработку проектной документации.","Data1_10_10865_index.pdf:page_1, Data1_10_10869_index.pdf:page_1, Data1_10_10872_index.pdf:page_1, Data1_10_10872_index.pdf:page_4, Data1_2_2079_index.pdf:page_1"
Какие нормы регулируют изменение и расторжение договора аренды лесного участка?," Нормы, регулирующие изменение и расторжение договора аренды лесного участка, находятся в статье 74.8 настоящего Кодекса Российской Федерации о лесном хозяйстве. Эта статья регламентирует процедуры изменения и расторжения договора аренды лесного участка, включая возможность согласования сторон и применение арбитражного суда в случае споров.","Лесной кодекс Российской Федерации.pdf:page_59, Лесной кодекс Российской Федерации.pdf:page_60, Лесной кодекс Российской Федерации.pdf:page_61, Лесной кодекс Российской Федерации.pdf:page_63, Лесной кодекс Российской Федерации.pdf:page_91"
Почему никто не вправе извлекать преимущество из своего незаконного или недобросовестного поведения?," В соответствии с основными началами гражданского законодательства (статья 1 ГК РФ), враждебное или недобросовестное вмешательство кому-либо запрещено из-за признания равенства участников регулируемых отношений и собственности. Поэтому никто не вправе извлекать преимущество из своего незаконного или недобросовестного поведения, так как это противоречит установленным началам гражданского законодательства.","Арбитражный процессуальный кодекс Российской Федерации.pdf:page_164, Гражданский кодекс Российской Федерации.pdf:page_0, Гражданский кодекс Российской Федерации.pdf:page_162, Гражданский кодекс Российской Федерации.pdf:page_96, Уголовный кодекс Российской Федерации.pdf:page_125"
Какие критерии используются для оценки доказательств?," 1. Суд оценивает относимость, допустимость, достоверность каждого доказательства в отдельности, а также достаточность и взаимосвязь доказательств в их совокупности (ГПКОДЕКСРФ).
2. Суд оценивает доказательства по своему внутреннему убеждению, основанному на всестороннем, полном, объективном и непосредственном исследовании имеющихся в административном деле доказательств (КОДАСРФ).","Data1_10_10869_index.pdf:page_2, Data1_10_10869_index.pdf:page_5, Гражданский процессуальный кодекс Российской Федерации.pdf:page_28, Кодекс административного судопроизводства Российской Федерации.pdf:page_49, Уголовно-процессуальный кодекс Российской Федерации.pdf:page_64"
Какова правомочность общего собрания членов жилищного кооператива?," Правомочность общего собрания членов жилищного кооператива основана на Конституции РФ, Федеральном законе ""О жилищных кооперативах"", а также уставе жилищного кооператива. Общее собрание избирает органы управления и контроля за деятельностью кооператива, и его решения оформляются протоколами.","Жилищный кодекс Российской Федерации.pdf:page_100, Жилищный кодекс Российской Федерации.pdf:page_92, Жилищный кодекс Российской Федерации.pdf:page_93, Жилищный кодекс Российской Федерации.pdf:page_96, Жилищный кодекс Российской Федерации.pdf:page_99"
Какие категории инвалидов могут заниматься в зале для общей физической подготовки согласно МДС 35-7.2000?," Согласно МДС 35-7.2000, разработаны рекомендации для следующих категорий инвалидов: с поражением опорно-двигательного аппарата (ПОДА).","Data1_10_10847_index.pdf:page_1, Data1_10_10847_index.pdf:page_2, Data1_10_10847_index.pdf:page_23, Data1_10_10847_index.pdf:page_27, Data1_10_10847_index.pdf:page_3"
В каком случае применяется метод оценки на основе вычитания стоимости согласно статье 22?," Метод оценки на основе вычитания стоимости применяется в случаях, когда необходимо определить таможенную стоимость товаров, для чего используются суммы корректировки прибыли налогоплательщика вследствие применения методов определения соответствия цен, примененных в сделке. Это относится к средствам массовой информации и книжной продукции, подлежащей замене при возврате либо при списании такой продукции по основаниям, предусмотренным подпунктами 43 и 44 пункта 1 статьи 264 Кодекса.","Data1_11_11295_index.pdf:page_26, Data1_2_2082_index.pdf:page_20, Data1_2_2082_index.pdf:page_21, Налоговый кодекс Российской Федерации.pdf:page_912, Таможенный кодекс Евразийского экономического союза.pdf:page_37"
Какие способы крепления и герметизации элементов светопропускающего заполнения фонарей должны обеспечивать независимость их температурных деформаций от несущих элементов согласно ГОСТ МДС 31-8.2002?," Способы крепления и герметизации элементов светопропускающего заполнения фонарей должны обеспечивать независимость их температурных деформаций от несущих элементов, согласно ГОСТ МДС 31-8.2002, это требование не определено прямо в документе. Однако, можно предположить, что данное требование означает использование крепежных элементов и герметиков, которые не передают температурные нагрузки или изменяют температурную деформацию светопропускающих элементов.","Data1_10_10846_index.pdf:page_10, Data1_10_10846_index.pdf:page_19, Data1_10_10846_index.pdf:page_20, Data1_10_10846_index.pdf:page_8, Data1_10_10846_index.pdf:page_9"
Какой стандарт (ГОСТ) регламентирует площадь гранитной брусчатки?," ГОСТ не указан, для регламентации площади гранитной брусчатки необходимо обратиться к соответствующей норме или правилу по проектированию и строительству тротуаров или улиц.","Data1_10_10846_index.pdf:page_3, Data1_10_10855_index.pdf:page_1, Data1_10_10865_index.pdf:page_33, Data1_11_11285_index.pdf:page_5, Data1_11_11285_index.pdf:page_61"
"Как устанавливается порядок определения рыночной цены ценных бумаг, расчетной цены ценных бумаг, а также предельной границы колебаний рыночной цены?"," Порядок определения рыночной цена и расчетная цена ценных бумаг регулируется законодательством Российской Федерации, в частности, статьей 280 Кодекса РФ. В случае отсутствия рыночной цены, расчетная цена используется. Предельная граница колебаний рыночной цены определяется в соответствии с законодательством и может различаться для разных типов ценных бумаг.","Налоговый кодекс Российской Федерации.pdf:page_1058, Налоговый кодекс Российской Федерации.pdf:page_1071, Налоговый кодекс Российской Федерации.pdf:page_748, Налоговый кодекс Российской Федерации.pdf:page_762, Налоговый кодекс Российской Федерации.pdf:page_778"
"Какая доля ресурсов в группе составляет 44,02% для раствора товарного?"," Для получения информации о доле ресурсов в группе для конкретного материала, необходимо ссылкаться на таблицу 3 предоставленную в тексте, где каждый материал представлен соответствующими кодами и именами.

Поскольку раствор товарный не упомянут явно в этой таблице, ответить на ваш вопрос невозможно.","Data1_10_10864_index.pdf:page_8, Data1_2_2070_index.pdf:page_16, Data1_2_2079_index.pdf:page_17, Data1_2_2117_index.pdf:page_8, Data1_2_2117_index.pdf:page_9"
"Что делать в тех регионах страны, в которых отсутствуют утвержденные в установленном порядке сборники ТЕРм?"," В тех регионах, где отсутствуют утвержденные в установленном порядке сборники ТЕРм (Технических единичных расценток), должны разрабатываться и утверждаться территориальные (региональные) указания по применению ТЕРм, согласно настоящим федеральным указаниям.","Data1_10_10754_index.pdf:page_1, Data1_10_10754_index.pdf:page_14, Data1_10_10754_index.pdf:page_15, Data1_10_10754_index.pdf:page_16, Data1_10_10754_index.pdf:page_31"
Какое место расположения объекта должно быть указано в техническом задании согласно СНиП 3.01.03-84?," По документам, место расположения объекта должно быть указано в техническом задании согласно СНиП 3.01.03-84.","Data1_10_10861_index.pdf:page_16, Data1_10_10865_index.pdf:page_30, Data1_11_11285_index.pdf:page_76, Data1_11_11295_index.pdf:page_26, Data1_2_2073_index.pdf:page_6"
"Какое наказание предусмотрено за незаконные добычу и оборот особо ценных диких животных и водных биологических ресурсов, совершенные лицом с использованием своего служебного положения?"," За незаконную добычу и оборот особо ценных диких животных и водных биологических ресурсов, совершенные лицом с использованием своего служебного положения, предусмотрено наказание в виде штрафа в размере до одного миллиона рублей или в размере заработной платы или иного дохода осужденного за период до двух лет, либо принудительных работ на срок до четырех лет, либо лишения свободы на срок до четырех лет со штрафом в размере до одного миллиона рублей или в размере заработной платы или иного дохода осужденного за период д.","Административный кодекс Российской Федерации.pdf:page_82, Уголовный кодекс Российской Федерации.pdf:page_171, Уголовный кодекс Российской Федерации.pdf:page_200, Уголовный кодекс Российской Федерации.pdf:page_201, Уголовный кодекс Российской Федерации.pdf:page_202"
Какие действия должен выполнить обслуживающий персонал согласно ГОСТ МДС 13-18.2000 при получении сигнала об аварийной обстановке?," При получении сигнала об аварийной обстановке, обслуживающему персоналу необходимо:
1. Закрыть вводные задвижки на подающей и обратной линиях теплового пункта.
2. Открыть арматуру на дренажной и воздушной линиях и тепловом пункте, расположенную в нижних и верхних точках трубопроводов, и опорожнить систему отопления и трубопровод теплового пункта.","Data1_10_10852_index.pdf:page_1, Data1_10_10852_index.pdf:page_32, Data1_10_10862_index.pdf:page_1, Data1_10_10866_index.pdf:page_1, Data1_10_10871_index.pdf:page_16"
Какие классы материалов представлены в Приложении 5 согласно ГОСТ?," В Приложении 5 не указан классы материалов, так как оно касается объёмов излишнего или недостающего грунта, подлежащего учету при проведении работ, а не конкретно классов материалов.","Data1_10_10859_index.pdf:page_8, Data1_10_10865_index.pdf:page_15, Data1_11_11295_index.pdf:page_26, Data1_2_2073_index.pdf:page_6, Data1_2_2081_index.pdf:page_9"
Какие элементы должны быть включены в договор на разработку градостроительной документации?," Договор на разработку градостроительной документации должен включать:
1. Основные требования (приложение 1)
2. Архитектурно-планировочное задание
3. Подготовка необходимых исходных данных в установленные сроки
4. Ответственность за достоверность исходных данных
5. Дубликат утвержденного проекта городской, поселковой черты и процедура передачи его соответствующему органу архитектуры и градостроительства
6. Сохранение подлинных графических материалов и пояснительных записок в соответствующих органах архитектуры и градостроительства
7. Перечень организаций и учреждений, которым заказчик обязан представлять электрографические копии проектных материалов
8. Оформление графических материалов с соблюдением технических условий и государственных стандартов
9. Подписание основных чертежей руководством и ответственными исполнителями организации, разработавшей градостроительную документацию
10. Содержание пояснительной записки с описанием архитектурно-планировочных решений, технико-экономических показателей проекта и др.
11. Возможность корректировки рабочей документации в границах установленных конструктивными и технологическими особенностями производства работ претендентом, а также виды работ, которые должны выполняться неукоснительно в соответствии с разработанной рабочей документацией, и виды работ, в которых возможны изменения по усмотрению претендента.
12. Перечень оборудования и спецификации на поставку производственного оборудования, машин и механизмов в составе материалов оферты.","Data1_10_10865_index.pdf:page_37, Data1_1_1904_index.pdf:page_20, Data1_1_1904_index.pdf:page_26, Data1_1_1904_index.pdf:page_27, Data1_1_1904_index.pdf:page_4"
Должны ли обеспечительные меры быть соразмерны заявленному требованию?," Да, обеспечительные меры должны быть соразмерны объему и характеру правонарушения.","Арбитражный процессуальный кодекс Российской Федерации.pdf:page_43, Арбитражный процессуальный кодекс Российской Федерации.pdf:page_48, Гражданский кодекс Российской Федерации.pdf:page_514, Гражданский процессуальный кодекс Российской Федерации.pdf:page_55, Кодекс административного судопроизводства Российской Федерации.pdf:page_50"
Какие действия допускаются общедоступными библиотеками и архивами при условии отсутствия цели извлечения прибыли?," Общедоступные библиотеки и архивы могут:
1. Использовать произведения, указав имени автора;
2. Предоставлять экземпляры произведений слепым, слабовидящим и лицам с другими ограниченными способностями в специальных форматах на дом безвозмездно;
3. Передавать данные информационно-ценовых агентств, информацию о сделках, совершенных налогоплательщиком и т.д. без согласия автора, но при этом указывая источник заимствования.","Гражданский кодекс Российской Федерации.pdf:page_529, Гражданский кодекс Российской Федерации.pdf:page_530, Гражданский кодекс Российской Федерации.pdf:page_531, Налоговый кодекс Российской Федерации.pdf:page_286, Налоговый кодекс Российской Федерации.pdf:page_92"
Что грозит за транспортировку древесины без оформленного сопроводительного документа для должностных лиц?," За транспортировку древесины без оформленного сопроводительного документа, установленного лесным законодательством, для должностных лиц грозит наложение административного штрафа в размере от тридцати тысяч до пятидесяти тысяч рублей с конфискацией древесины и (или) транспортных средств, являющихся орудием совершения административного правонарушения.","Административный кодекс Российской Федерации.pdf:page_125, Административный кодекс Российской Федерации.pdf:page_156, Лесной кодекс Российской Федерации.pdf:page_26, Лесной кодекс Российской Федерации.pdf:page_28, Лесной кодекс Российской Федерации.pdf:page_90"
Какие соглашения об освобождении перевозчика от ответственности или уменьшении пределов его ответственности могут быть заключены по статье 175?," Соглашения об освобождении перевозчика от ответственности или уменьшении пределов его ответственности могут быть заключены по статье 175, если они касаются случаев:

1. Утраты или повреждения груза, связанных с особо опасными для перевозки видами грузов, указанных в пункте ""б"" пункта 3 статьи 170;
2. Утрата или повреждение груза, вызванные обстоятельствами, предусмотренными в пункте ""а"" статьи 190. В этом случае перевозчик может быть освобожден от ответственности по условию, что эти обстоятельства не были вызваны его собственным действием или собственным бездействием, совершенными умышленно или по грубой неосторожности.
3. Утрата или повреждение багажа пассажира, если перевозчик и пассажир договорились об этом в письменной форме и согласие предусматривает освобождение перевозчика от ответственности за утрату или повреждение багажа.","Кодекс торгового мореплавания Российской Федерации.pdf:page_65, Кодекс торгового мореплавания Российской Федерации.pdf:page_66, Кодекс торгового мореплавания Российской Федерации.pdf:page_67, Кодекс торгового мореплавания Российской Федерации.pdf:page_72, Кодекс торгового мореплавания Российской Федерации.pdf:page_73"
Какие действия предпринимаются при обнаружении неправильных показаний коммерческих средств и систем измерения согласно ГОСТ?," При обнаружении неправильных показаний коммерческих средств и систем измерения в соответствии с ГОСТ, теплоснабжающая организация производит расчет расхода. Для этого следует убедиться в соответствии условий использования средств измерений, правильности монтажа средств измерений и устройств, а также наличие подготовленного эксплуатационного персонала. В случае выявления недостатков они считаются непригодными для ведения учета тепловой энергии.","Data1_10_10870_index.pdf:page_3, Data1_10_10870_index.pdf:page_8, Data1_10_10870_index.pdf:page_9, Data1_10_10871_index.pdf:page_11, Data1_11_11295_index.pdf:page_26"
Какие документы подтверждают осуществление прав по ценным бумагам и налоговое резидентство физического лица?," 1. Документ, удостоверяющий права в отношении акций российской организации (например, документы об участии физического лица в российской компании).
2. Документы подтверждающие налоговое резидентство физического лица (например, паспорт или свидетельство о постоянном пребывании).","Налоговый кодекс Российской Федерации.pdf:page_1197, Налоговый кодекс Российской Федерации.pdf:page_1200, Налоговый кодекс Российской Федерации.pdf:page_1203, Налоговый кодекс Российской Федерации.pdf:page_790, Налоговый кодекс Российской Федерации.pdf:page_877"
Какие права имеет потерпевший по делу об административном правонарушении?," Потерпевший по делу об административном правонарушении имеет право на участие в рассмотрении дела, заявлять ходатайства и отводы, пользоваться юридической помощью защитника, а также иные процессуальные права в соответствии с Кодексом.","Административный кодекс Российской Федерации.pdf:page_511, Административный кодекс Российской Федерации.pdf:page_512, Административный кодекс Российской Федерации.pdf:page_516, Административный кодекс Российской Федерации.pdf:page_518, Административный кодекс Российской Федерации.pdf:page_519"
Какой код материала-представителя используется для укладки стильных труб с устройством компенсаторов согласно ГОСТ?, 39 (жилезобетонные элементы),"Data1_11_11285_index.pdf:page_24, Data1_2_2081_index.pdf:page_13, Data1_2_2081_index.pdf:page_17, Data1_2_2081_index.pdf:page_18, Data1_2_2081_index.pdf:page_19"
Как оформляется решение о принудительном исполнении?, Решение о принудительном исполнении формулируется в соответствии с требованиями законодательства Российской Федерации об исполнительном производстве и направляется государственным инспектором труда по почте или электронно.,"Административный кодекс Российской Федерации.pdf:page_607, Арбитражный процессуальный кодекс Российской Федерации.pdf:page_150, Гражданский процессуальный кодекс Российской Федерации.pdf:page_167, Гражданский процессуальный кодекс Российской Федерации.pdf:page_184, Трудовой кодекс Российской Федерации.pdf:page_230"
Какие материалы могут быть списаны на основе ГЭСН?," Материалы мягких пород (сосна, ели, пихта и другие), а также материалы твердых пород (дуб, бук, граб, ясень, лиственница, береза) могут быть списаны на основе ГЭСН.","Data1_10_10062_index.pdf:page_1, Data1_10_10062_index.pdf:page_2, Data1_10_10062_index.pdf:page_4, Data1_10_10062_index.pdf:page_5, Data1_10_10848_index.pdf:page_11"
Как утеплить окна без наплава согласно ГОСТ МДС 13-18.2000?," Для утепления окон без наплава в соответствии с ГОСТ МДС 13-18.2000, можно использовать прокладки, которые крепят к четвертям коробок так, чтобы широкие грани прокладок были параллельны плоскости элемента. Если притворы не имеют петли, то утепление должно размещаться в средней части притвора.","Data1_10_10852_index.pdf:page_1, Data1_10_10852_index.pdf:page_6, Data1_10_10852_index.pdf:page_7, Data1_10_10861_index.pdf:page_20, Data1_10_10871_index.pdf:page_1"
Какие требования к кровлям установлены СНиП II-26-76?," СНиП II-26-76 не явно определяет требования к кровлям, но в контексте документов данного вопроса содержится ссылка на СНиП 2.04.05-91*, где говорится о восстановлении герметичности стыков в полносборных зданиях, что касается кровли.","Data1_10_10846_index.pdf:page_19, Data1_10_10846_index.pdf:page_3, Data1_10_10861_index.pdf:page_17, Data1_10_10861_index.pdf:page_25, Data1_11_11285_index.pdf:page_24"
Какой минимальный объем бюджетных ассигнований должен быть предусмотрен для Федерального дорожного фонда?, Минимального объема бюджетных ассигнований для Федерального дорожного фонда не указано в данном контексте. Объем может корректироваться в очередном финансовом году с учетом разницы между фактически поступившим и прогнозировавшимся при формировании объемом доходов федерального бюджета.,"Бюджетный кодекс Российской Федерации.pdf:page_136, Бюджетный кодекс Российской Федерации.pdf:page_201, Бюджетный кодекс Российской Федерации.pdf:page_287, Бюджетный кодекс Российской Федерации.pdf:page_289, Бюджетный кодекс Российской Федерации.pdf:page_290"
Какие условия должны быть соблюдены для временного вывоза транспортных средств с территории СЭЗ на остальную часть таможенной территории Союза?," Для временного вывоза транспортных средств с территории СЭЗ на остальную часть таможенной территории Союза необходимо соблюдение следующих условий:
1. Транспортное средство должно быть предназначено для личного пользования.
2. Вывоз транспортного средства с территории СЭЗ и возврат его на эту же территорию должны произойти не ранее, чем за 30 календарных дней после временного вывоза из СЭЗ.
3. Транспортное средство используется в качестве средств международной перевозки, могут быть помещены под таможенную процедуру реэкспорта.","Таможенный кодекс Евразийского экономического союза.pdf:page_224, Таможенный кодекс Евразийского экономического союза.pdf:page_230, Таможенный кодекс Евразийского экономического союза.pdf:page_498, Таможенный кодекс Евразийского экономического союза.pdf:page_500, Таможенный кодекс Евразийского экономического союза.pdf:page_505"
В какие сроки рассматривает представленный протокол заказчик согласно Методическим рекомендациям по процедуре подрядных торгов?, Заказчик рассматривает представленный протокол в течение недели после его получения.,"Data1_10_10865_index.pdf:page_1, Data1_10_10866_index.pdf:page_10, Data1_10_10866_index.pdf:page_7, Data1_10_10866_index.pdf:page_9, Data1_10_10867_index.pdf:page_3"
Как формируются средние базисные цены по унифицированному перечню материальных ресурсов согласно ГОСТ?," Средние базисные цены по унифицированному перечню материальных ресурсов формируются путем суммирования произведений норм расхода ресурсов, приведенных в соответствующей графе таблиц СНиР-91 (Сметные Нормы и Расценки), на базисные цены ресурсов, содержащиеся в сборниках сметных норм и расценок.","Data1_2_2075_index.pdf:page_3, Data1_2_2076_index.pdf:page_4, Data1_2_2080_index.pdf:page_5, Data1_2_2081_index.pdf:page_3, Data1_2_2081_index.pdf:page_5"
"Какие права имеют лица на ознакомление и уточнение информации, собранной таможенными органами?"," Лица могут осматривать товары, измерять их и выполнять с ними грузовые операции при декларировании импортных товаров (пункт 1 статьи 84 настоящего Кодекса). Кроме того, они могут отбирать пробы и образцы товаров с разрешения таможенного органа (пункт 2 статьи 84 настоящего Кодекса). В дополнение к этому, лица имеют право требовать от таможенных органов информацию, относящуюся к проверяемым товарам (пункт 1 статьи 335 настоящего Кодекса).","Таможенный кодекс Евразийского экономического союза.pdf:page_404, Таможенный кодекс Евразийского экономического союза.pdf:page_413, Таможенный кодекс Евразийского экономического союза.pdf:page_414, Таможенный кодекс Евразийского экономического союза.pdf:page_432, Таможенный кодекс Евразийского экономического союза.pdf:page_89"
Кто может установить дополнительные основания и условия предоставления отсрочки и рассрочки по уплате региональных и местных налогов?," Представительный орган федеральной территории ""Сириус"" может установить дополнительные основания и условия предоставления отсрочки и рассрочки по уплате региональных и местных налогов.","Налоговый кодекс Российской Федерации.pdf:page_157, Налоговый кодекс Российской Федерации.pdf:page_158, Налоговый кодекс Российской Федерации.pdf:page_160, Налоговый кодекс Российской Федерации.pdf:page_164, Таможенный кодекс Евразийского экономического союза.pdf:page_60"
Какие виды работ включают использование сборных бетонных блоков согласно ГОСТ?, Установка сборных железобетонных панелей перегородок (37) и устройство деревянных перегородок (234).,"Data1_10_10062_index.pdf:page_5, Data1_11_11285_index.pdf:page_30, Data1_2_2076_index.pdf:page_7, Data1_2_2081_index.pdf:page_12, Data1_2_2081_index.pdf:page_15"
"Какие условия должны быть соблюдены для участников региональных инвестиционных проектов, чтобы продолжать применение пониженных налоговых ставок?"," Для того, чтобы продолжать применение пониженных налоговых ставок участникам региональных инвестиционных проектов, необходимо выполнение обязательств, предусмотренных инвестиционной декларацией, в том числе части сумм финансирования капитальных вложений регионального инвестиционного проекта.","Налоговый кодекс Российской Федерации.pdf:page_1079, Налоговый кодекс Российской Федерации.pdf:page_1099, Налоговый кодекс Российской Федерации.pdf:page_1112, Налоговый кодекс Российской Федерации.pdf:page_1139, Налоговый кодекс Российской Федерации.pdf:page_1407"
"Какие данные должны быть указаны в реестре перевозочных документов, оформляемых при перевозках товаров, порожнего железнодорожного подвижного состава или контейнеров железнодорожным транспортом?"," Для реестра перевозочных документов, оформляемых при перевозках товаров, порожнего железнодорожного подвижного состава или контейнеров железнодорожным транспортом, должны быть указаны следующие данные:
1. Указ налоговой ставки (0 процентов) и особенности налогообложения;
2. Налоговые вычеты;
3. Сведения о товарах, включая их стоимость;
4. Пункт отправления и пункт назначения (находятся на территории Российской Федерации).","Налоговый кодекс Российской Федерации.pdf:page_451, Налоговый кодекс Российской Федерации.pdf:page_455, Налоговый кодекс Российской Федерации.pdf:page_473, Налоговый кодекс Российской Федерации.pdf:page_474, Таможенный кодекс Евразийского экономического союза.pdf:page_95"
Какие телефоны доступны для бесплатной юридической консультации в Санкт-Петербурге и Ленинградской области?, 8 (812) 467-95-28 - это телефон для бесплатной юридической консультации в Санкт-Петербурге и Ленинградской области.,"Административный кодекс Российской Федерации.pdf:page_374, Административный кодекс Российской Федерации.pdf:page_415, Административный кодекс Российской Федерации.pdf:page_417, Административный кодекс Российской Федерации.pdf:page_67, Градостроительный кодекс Российской Федерации.pdf:page_291"
"Какое решение принимается, если оспариваемый ненормативный правовой акт, решение и действия (бездействие) не соответствуют закону?"," Решение принимается арбитражным судом о признании оспариваемых ненормативных правовых актов, решений и действий незаконными.","Арбитражный процессуальный кодекс Российской Федерации.pdf:page_101, Арбитражный процессуальный кодекс Российской Федерации.pdf:page_102, Арбитражный процессуальный кодекс Российской Федерации.pdf:page_104, Арбитражный процессуальный кодекс Российской Федерации.pdf:page_105, Кодекс административного судопроизводства Российской Федерации.pdf:page_117"
"Какие действия выполняет суд кассационной инстанции при извещении лиц, участвующих в деле, о передаче кассационных жалобы, представления?"," Суд кассационной инстанции выполняет следующие действия при извещении лиц, участвующих в деле, о передаче кассационных жалоб, представлений:
1. Передача кассационных жалоб, представлений для рассмотрения судом кассационной инстанции содержит необходимую информацию (например, номер дела, дата и место вынесения определения, фамилию и инициалы судьи, вынесшего определение и т.д.).
2. Лица, участвующие в деле, должны быть извещены о месте, дате и времени рассмотрения кассационных жалоб, представлений.","Гражданский процессуальный кодекс Российской Федерации.pdf:page_139, Гражданский процессуальный кодекс Российской Федерации.pdf:page_148, Кодекс административного судопроизводства Российской Федерации.pdf:page_209, Уголовно-процессуальный кодекс Российской Федерации.pdf:page_252, Уголовно-процессуальный кодекс Российской Федерации.pdf:page_253"
Какая степень осушки газа должна быть указана согласно ГОСТ МДС-80-8.2000?," Согласно ГОСТу МДС-80-8.2000, необходимо указать степень осушки газа на 5 дБ ниже значений, указанных в таблице 8.","Data1_10_10865_index.pdf:page_1, Data1_10_10865_index.pdf:page_21, Data1_10_10865_index.pdf:page_33, Data1_10_10866_index.pdf:page_1, Data1_11_11285_index.pdf:page_66"
Какие министерства и ведомства утверждают ценники на технологическое оборудование предприятий легкой промышленности согласно ГОСТ МДС 81-8.2000?," Министерство утверждает ценники на технологическое оборудование предприятий легкой промышленности, согласно ГОСТ МДС 81-8.2000 - не определено в данном контексте.","Data1_10_10864_index.pdf:page_1, Data1_10_10864_index.pdf:page_16, Data1_10_10864_index.pdf:page_17, Data1_10_10864_index.pdf:page_21, Data1_2_2073_index.pdf:page_1"
Какие категории инвалидов могут заниматься игрой мяч через шнур согласно МДС 35-7.2000?, Инвалиды с ПОДА (ампутанты) могут заниматься игрой мяч через шнур согласно МДС 35-7.2000.,"Data1_10_10847_index.pdf:page_1, Data1_10_10847_index.pdf:page_23, Data1_10_10847_index.pdf:page_24, Data1_10_10847_index.pdf:page_3, Data1_10_10847_index.pdf:page_7"
Какие характеристики точек подключения временных сетей указаны в ГОСТ МДС-80-8.2000?," В ГОСТ МДС-80-8.2000 указано, что при съемках подлежат оси трассы, колодцы, места присоединений и выпусков для каждого вида подземных сетей и сооружений, включая временные сети. Однако конкретных характеристик точек подключения временных сетей в документе не указано.","Data1_10_10861_index.pdf:page_1, Data1_10_10865_index.pdf:page_12, Data1_10_10865_index.pdf:page_13, Data1_11_11285_index.pdf:page_64, Data1_11_11285_index.pdf:page_66"
Какие действия допускаются до вступления международных договоров в силу при перемещении товаров трубопроводным транспортом или по линиям электропередачи?," При перемещении товаров трубопроводным транспортом или по линиям электропередачи допускаются действия, установленные международными договорами, а также особенности совершения таможенных операций и проведения таможенного контроля, которые могут быть определены Комиссией.","Таможенный кодекс Евразийского экономического союза.pdf:page_359, Таможенный кодекс Евразийского экономического союза.pdf:page_360, Таможенный кодекс Евразийского экономического союза.pdf:page_363, Таможенный кодекс Евразийского экономического союза.pdf:page_364, Таможенный кодекс Евразийского экономического союза.pdf:page_510"
Какие меры принимаются при нарушениях стыков плит коробов и шахт согласно ГОСТ МДС 13-18.2000?," При нарушениях стыков плит коробов и шахтов, следует заменой разрушенных плит новыми и оштукатуриванием снаружи с помощью войлока или дранки, а также устранением трещин, щелей и разрушений в стенах. Затем необходимо провести ремонт герметичности двойных дверей, ведущих в вентиляционные камеры, и снабдить их врезными замками. Последующие меры по утеплению вентиляционных шахт также должны быть проведены для восстановления теплоизоляции.","Data1_10_10852_index.pdf:page_12, Data1_10_10852_index.pdf:page_25, Data1_10_10861_index.pdf:page_6, Data1_11_11295_index.pdf:page_26, Data1_1_1879_index.pdf:page_18"
"Какие требования предъявляет ГОСТ МДС 17-13.2000 к протечкам кровельного покрытия (металлического, рулонного, безрулонного, мастичного, шиферного, черепичного)?"," ГОСТ МДС 17-13.2000 не указывает конкретных требований к протечкам отдельно для каждого типа кровельного покрытия (металлического, рулонного, безрулонного, мастичного, шиферного, черепичного). Однако он подчеркивает необходимость исправления дефектов на крыше для предотвращения протечек. При этом указывается ликвидация вздутий, «воздушных мешков», срывов кровли, мелких отверстий и т.д. Для исправления дефектов делают крестообразный надрез, материал кровли отворачивают на 4 стороны, поверхность основания под материалом очищают, просушивают, смазывают мастикой, после чего материал слоями наклеивают на место.","Data1_10_10846_index.pdf:page_2, Data1_10_10852_index.pdf:page_1, Data1_10_10852_index.pdf:page_10, Data1_10_10852_index.pdf:page_9, Data1_1_1879_index.pdf:page_18"
Какие проекты бюджетных смет предложены законодательными (представительными) органами?," Законодательные (представительные) органы могут предлагать проекты законов или решений о внесении изменений в бюджет на текущий финансовый год или плановый период, а также проекты законов или решений о бюджете на очередной финансовый год и плановый период.","Бюджетный кодекс Российской Федерации.pdf:page_271, Бюджетный кодекс Российской Федерации.pdf:page_274, Бюджетный кодекс Российской Федерации.pdf:page_275, Бюджетный кодекс Российской Федерации.pdf:page_279, Бюджетный кодекс Российской Федерации.pdf:page_284"
Какие нормативные правовые акты регулируют организацию и осуществление государственного строительного надзора?," Государственный строительный надзор в России регламентируется Законом ""Об обязательной экспертизе проектных документов"" (Статья 49), а также Правительством Российской Федерации постановлениями, которые устанавливают порядок проведения строительного контроля (Статья 54).","Градостроительный кодекс Российской Федерации.pdf:page_176, Градостроительный кодекс Российской Федерации.pdf:page_177, Градостроительный кодекс Российской Федерации.pdf:page_7, Градостроительный кодекс Российской Федерации.pdf:page_8, Лесной кодекс Российской Федерации.pdf:page_90"
"Как исчисляются ввозные таможенные пошлины, налоги, специальные, антидемпинговые, компенсационные пошлины в случае помещения товаров под таможенные процедуры?"," Ввозные таможенные пошлины, налоги, специальные, антидемпинговые, компенсационные пошлины исчисляются в соответствии с установленными сроками ввоза или временным ввозом (допуском), переработкой на таможенной территории, реэкспортом, а также группировкой товаров соответствующими ставками. Срок уплаты начинается с дня помещения товаров под таможенную процедуру.","Таможенный кодекс Евразийского экономического союза.pdf:page_196, Таможенный кодекс Евразийского экономического союза.pdf:page_197, Таможенный кодекс Евразийского экономического союза.pdf:page_237, Таможенный кодекс Евразийского экономического союза.pdf:page_269, Таможенный кодекс Евразийского экономического союза.pdf:page_281"
Какие требования к согласованию проектной документации с надзорными органами указаны в ГОСТ МДС-80-8.2000?," В ГОСТ МДС-80-8.2000, указано требование к согласованию проектной документации с надзорными органами. Заказчик и разработчик должны рассмотреть замечания согласовывающих организаций в течение установленного срока, а также сообщить им и архитектурно-градостроительным органам для учета при рассмотрении проекта.","Data1_10_10849_index.pdf:page_1, Data1_10_10859_index.pdf:page_1, Data1_10_10865_index.pdf:page_1, Data1_1_1904_index.pdf:page_1, Data1_1_1904_index.pdf:page_25"
"Что происходит, если поданное заявление не соответствует требованиям частей пятой и шестой статьи 318?", Мировой судья выносит постановление о возвращении заявления.,"Кодекс административного судопроизводства Российской Федерации.pdf:page_25, Уголовно-процессуальный кодекс Российской Федерации.pdf:page_103, Уголовно-процессуальный кодекс Российской Федерации.pdf:page_208, Уголовно-процессуальный кодекс Российской Федерации.pdf:page_209, Уголовно-процессуальный кодекс Российской Федерации.pdf:page_35"
Какие требования предъявляются к благоустройству и озеленению территории согласно ГОСТ МДС 11-7.2000?," Согласно ГОСТ МДС 11-7.2000, требуется обеспечить организацию транспортного обслуживания, благоустройству и озеленению территории, а также инженерную подготовку и инженерное оборудование территории. Это включает в себя прокладку сетей водоснабжения, канализации, теплогазоснабжения, ливнестоков, энергоснабжения, сетей радиофикации и телефонизации. Для сельских населенных пунктов рекомендуется принимать в расчетах надворные уборные и выгребные ямы, а также хозяйственные постройки с помещениями.","Data1_10_10861_index.pdf:page_1, Data1_1_1904_index.pdf:page_1, Data1_1_1904_index.pdf:page_20, Data1_1_1904_index.pdf:page_28, Data1_2_2080_index.pdf:page_3"
Какие данные о лесных декларациях должны быть представлены в системе?," Данные, которые должны быть представлены в системе для лесной декларации:
1. Наименование проекта освоения лесов;
2. Местоположение лесного участка;
3. Дата заключения договора или иного документа, удостоверяющего личность (для индивидуального предпринимателя);
4. Срок действия этого договора;
5. Объем заготовки древесины в соответствии с этим договором или иным документом.","Лесной кодекс Российской Федерации.pdf:page_15, Лесной кодекс Российской Федерации.pdf:page_30, Лесной кодекс Российской Федерации.pdf:page_31, Лесной кодекс Российской Федерации.pdf:page_33, Лесной кодекс Российской Федерации.pdf:page_66"
Что входит в обсуждение с работодателем вопросов о работе организации?," В обсуждении с работодателем вопросов о работе организации могут включаться следующие темы: совершенствование организации, планы социально-экономического развития, разработка и принятие коллективных договоров, участие представителей работников в заседаниях коллегиального органа управления с правом совещательного голоса.","Трудовой кодекс Российской Федерации.pdf:page_134, Трудовой кодекс Российской Федерации.pdf:page_201, Трудовой кодекс Российской Федерации.pdf:page_233, Трудовой кодекс Российской Федерации.pdf:page_242, Трудовой кодекс Российской Федерации.pdf:page_36"
Сколько касок должно быть у строительно-монтажного треста согласно Приложению 6 к СНиП 3.01.03-84?, Ответ: 2 каски для строительно-монтажного треста согласно Приложению 6 к СНиП 3.01.03-84.,"Data1_10_10865_index.pdf:page_30, Data1_11_11285_index.pdf:page_4, Data1_11_11285_index.pdf:page_82, Data1_2_2073_index.pdf:page_2, Data1_2_2073_index.pdf:page_6"
На каком сайте можно найти комментарии к статьям Налогового кодекса РФ?, Комментарии к статьям Налогового кодекса РФ можно найти на сайтах https://nkodeksrf.ru/ и https://gkodeksrf.ru/.,"Гражданский кодекс Российской Федерации.pdf:page_463, Налоговый кодекс Российской Федерации.pdf:page_1053, Налоговый кодекс Российской Федерации.pdf:page_1172, Налоговый кодекс Российской Федерации.pdf:page_2, Налоговый кодекс Российской Федерации.pdf:page_92"
Какие требования предъявляются к описанию видов работ в разделе ведомостей физических объемов работ согласно ГОСТ МДС-80-8.2000?," Согласно ГОСТ МДС-80-8.2000, в разделе ведомостей физических объемов работ описание видов работ должно содержать:

1) Код ГОСТ для каждого вида работ по монтажу оборудования.
2) Обозначение раздела, в котором выполняются эти работы.
3) Наименование видов работ и объема их проведения (объем объектных работ).
4) Ресурсные сметные нормы для каждого вида работ в указанном разделе по монтажу оборудования.","Data1_10_10864_index.pdf:page_1, Data1_10_10865_index.pdf:page_1, Data1_10_10866_index.pdf:page_1, Data1_10_10867_index.pdf:page_1, Data1_2_2073_index.pdf:page_1"
"Какие действия предпринимаются, если уведомление не соответствует установленным параметрам?"," Если уведомление о планируемом строительстве не соответствует установленным параметрам, то федеральный орган исполнительной власти, осуществляющий функции по выработке и реализации государственной политики и нормативно-правовому регулированию в сфере строительства, архитектуры, градостроительства, утверждает об этом. В случае несоответствия параметров объекта индивидуального жилищного строительства или садового дома установленным требованиям, федеральному органу исполнительной власти принадлежит также право ввести разрешение на строительство, реконструкцию объекта капитального строительства или запретить строительство.","Градостроительный кодекс Российской Федерации.pdf:page_159, Градостроительный кодекс Российской Федерации.pdf:page_160, Градостроительный кодекс Российской Федерации.pdf:page_161, Градостроительный кодекс Российской Федерации.pdf:page_189, Градостроительный кодекс Российской Федерации.pdf:page_190"
Что такое мошенничество при получении выплат согласно статье 159.2 УК РФ?," Мошенничество при получении выплат предусмотрено в части 3 статьи 159.2 Уголовного кодекса Российской Федерации. Это преступление, совершаемое с использованием электронных средств платежа и нацеленное на получение финансовых выплат неправомерным путем (например, подделанием документов или ошибочной информацией). Наказание может предусматривать штраф в размере до ста двадцати тысяч рублей либо обязательные работы на срок до одного года, либо исправительные работы.","Административный кодекс Российской Федерации.pdf:page_90, Кодекс торгового мореплавания Российской Федерации.pdf:page_117, Уголовный кодекс Российской Федерации.pdf:page_84, Уголовный кодекс Российской Федерации.pdf:page_86, Уголовный кодекс Российской Федерации.pdf:page_87"
Как определяется плановое положение подземных сетей на застроенной территории согласно СНиП 3.01.03-84?," Плановое положение подземных сетей на застроенной территории определяется методом линейных засечек, используя не менее трех точек, указанных в п. 2.2 СНиП 3.01.03-84. Точки должно быть повернуты с углами между смежными направлениями засечек не более 120° и не менее 30°.","Data1_11_11285_index.pdf:page_17, Data1_11_11285_index.pdf:page_35, Data1_11_11285_index.pdf:page_36, Data1_11_11285_index.pdf:page_4, Data1_11_11285_index.pdf:page_65"
Как устанавливается порядок организации работ и распределение средств в ГОСТ МДС 11-11.2000?," Порядком организации работ и распределением средств в ГОСТ МДС 11-11.2000 устанавливается Проект ремонта объекта с включением РСМ на монтаж оборудования, согласованный с заинтересованными сторонами и утвержденный органом по надзору за строительством в соответствии с действующим законодательством.","Data1_10_10859_index.pdf:page_1, Data1_10_10863_index.pdf:page_1, Data1_1_1879_index.pdf:page_1, Data1_1_1904_index.pdf:page_1, Data1_2_2073_index.pdf:page_1"
Какие виды ремонта должен выполнять отправитель плотов?," Отправитель плотов должен выполнять текущий (Т) и капитальный (К) ремонты кранов, а также необходимые работы по техническому обслуживанию в соответствии с разделом 4.2 и порядком, описанным в статье.","Data1_10_10846_index.pdf:page_20, Data1_10_10855_index.pdf:page_2, Data1_10_10855_index.pdf:page_3, Кодекс внутреннего водного транспорта Российской Федерации.pdf:page_52, Кодекс внутреннего водного транспорта Российской Федерации.pdf:page_53"
Что означает знак 5.15.6?," Знак 5.15.6 на дорожном указателе обозначает конец участка средней полосы на трехполосной дороге, предназначенного для движения в данном направлении.","ПДД Российской Федерации.pdf:page_19, ПДД Российской Федерации.pdf:page_43, ПДД Российской Федерации.pdf:page_44, ПДД Российской Федерации.pdf:page_47, ПДД Российской Федерации.pdf:page_50"
Как проводится закрепление грунтов способом газовой силикатизации?," Закрепление грунтов способом газовой силикатизации осуществляется путем нагнетания в образец под давлением закрепляющих реагентов (например, раствор жидкого стекла) с последующим определением механических и других характеристик закрепленных грунтов. Для этого используется специальное приспособление (показано на рисунке), состоящее из штатива, металлических трубок с навинчивающимися крышками и мерного цилиндра, покрытого тонким слоем парафина. Внутри трубок загружают испытуемые грунты, после чего прижимным кулачком их плотно прижимают. Для газовой силикатизации может использоваться разрежение в образце путем откачки воздуха из колбы для фильтрации.","Data1_11_11295_index.pdf:page_21, Data1_11_11295_index.pdf:page_26, Data1_11_11295_index.pdf:page_33, Data1_11_11295_index.pdf:page_34, Data1_11_11295_index.pdf:page_6"
"Какие меры принуждения могут быть применены к лицам, нарушающим порядок в судебном заседании?"," Мерами процессуального принуждения к лицам, нарушающим порядок в судебном заседании, могут быть ограничение времени выступления или лишение слова.","Гражданский процессуальный кодекс Российской Федерации.pdf:page_71, Кодекс административного судопроизводства Российской Федерации.pdf:page_61, Кодекс административного судопроизводства Российской Федерации.pdf:page_62, Кодекс административного судопроизводства Российской Федерации.pdf:page_63, Кодекс административного судопроизводства Российской Федерации.pdf:page_85"
Какие обязанности могут быть незаконно возложены на заявителя?," В текстах рассмотрены различные кодексы, которые регулируют отношения в области таможенных пошлин, переустройства и перепланировки помещений, а также налогов для юридических лиц. Ни одно из этих текстов не содержит информации об определении конкретных обязанностей, которые могут быть незаконно возложены на заявителя. Необходимо обратиться к другим нормативным документам для получения ответа на данный вопрос.","Гражданский кодекс Российской Федерации.pdf:page_454, Жилищный кодекс Российской Федерации.pdf:page_23, Кодекс административного судопроизводства Российской Федерации.pdf:page_117, Налоговый кодекс Российской Федерации.pdf:page_133, Таможенный кодекс Евразийского экономического союза.pdf:page_56"
Какие данные необходимы для определения потребности в воде и газе для коммунально-бытовых и промышленных нужд согласно ГОСТ МДС 11-7.2000?," Для определения потребности в воде и газе для коммунально-бытовых и промышленных нужд необходимы данные по следующим параметрам:
1. Суммарное потребление электроэнергии, включая потребность на коммунально-бытовые и промышленные нужды (в кВт×ч/год)
2. Общее поступление сточных вод, включая бытовую канализацию (в тыс. м3/сут).
Для приведения данных следует иметь в виду соответствующие службы и документы на краевом, областном, городском и районном уровнях.","Data1_10_10863_index.pdf:page_1, Data1_1_1904_index.pdf:page_35, Data1_1_1904_index.pdf:page_38, Data1_1_1904_index.pdf:page_39, Data1_2_2073_index.pdf:page_1"
Какие объекты проектирования указаны в таблице 4 согласно СНиП?," В таблице 4 указаны следующие объекты проектирования:
1. Санатории, санатории-профилактории, специализированные санатории
2. Дома отдыха, пансионаты, базы отдыха, туристские базы
3. Спортивно-оздоровительные учреждения, лагеря
4. Спальные корпуса для санаториев, домов отдыха
5. Административно-приемные корпуса
6. Парки, сады, скверы, бульвары
7. Санитарно-защитные зоны","Data1_11_11835_index.pdf:page_14, Data1_11_11835_index.pdf:page_4, Data1_11_11835_index.pdf:page_6, Data1_11_11835_index.pdf:page_7, Data1_11_11835_index.pdf:page_8"
"Какие иные объекты, территории и зоны отображаются на картах?"," Отображаются также землепользования, территории транспортных и инженерных сооружений и коммуникаций, охранные зоны курортов, источников водоснабжения, зоны охраны памятников природы, недвижимых памятников истории и культуры, санитарно-защитные зоны источников загрязнения среды, исключаемые из застройки территории, а также территории, неблагоприятные для застройки по природным и техногенным условиям. При наличии опасных природных и техногенных процессов на территории допускается разработка карты сейсмического микрорайонирования, радиационного загрязнения, радиационно-теплового и ветрового режима, подтопления территории и других.","Data1_1_1904_index.pdf:page_12, Градостроительный кодекс Российской Федерации.pdf:page_35, Градостроительный кодекс Российской Федерации.pdf:page_36, Градостроительный кодекс Российской Федерации.pdf:page_50, Градостроительный кодекс Российской Федерации.pdf:page_75"
Какие права имеет юридическое лицо на доступ к материалам дела?," Юридическое лицо имеет право знакомиться с материалами дела, делать выписки из них, а также получать доступ к материалам в электронном виде в информационно-телекоммуникационной сети Интернет. Это установлено статьей 35 ГПК РФ (https://gpkodeksrf.ru/) и статьёй 225.4 АПК РФ (https://apkodrf.ru/).","Арбитражный процессуальный кодекс Российской Федерации.pdf:page_124, Арбитражный процессуальный кодекс Российской Федерации.pdf:page_20, Гражданский процессуальный кодекс Российской Федерации.pdf:page_16, Кодекс административного судопроизводства Российской Федерации.pdf:page_28, Налоговый кодекс Российской Федерации.pdf:page_269"
Какой методический подход к оценке оферт установлен в ГОСТ МДС 80-3.2000?," Методический подход к оценке оферт, установлен в ГОСТ МДС 80-3.2000, основан на требованиях ""Положения о подрядных торгах в Российской Федерации"".","Data1_10_10865_index.pdf:page_1, Data1_10_10866_index.pdf:page_1, Data1_10_10867_index.pdf:page_1, Data1_10_10869_index.pdf:page_1, Data1_2_2079_index.pdf:page_1"
"Что влечет нарушение порядка и (или) сроков передачи налогоплательщиками сведений о произведенных расчетах при реализации товаров (работ, услуг, имущественных прав)?", Нарушение влечет взыскание штрафа в размере 20% от суммы расчета.,"Налоговый кодекс Российской Федерации.pdf:page_365, Налоговый кодекс Российской Федерации.pdf:page_432, Налоговый кодекс Российской Федерации.pdf:page_490, Налоговый кодекс Российской Федерации.pdf:page_491, Налоговый кодекс Российской Федерации.pdf:page_495"
Какие средства должны быть в портах для защиты окружающей среды?," Для защиты окружающей среды в портах необходимы следующие средства:
1. Средства измерений массы грузов, удовлетворяющие требованиям российского законодательства об обеспечении единства измерений;
2. Обеспечение безопасной стоянки судов, склады для горюче-смазочных материалов, средств технического обслуживания и устройств для посадки/высадки пассажиров;
3. Мероприятия по предотвращению загрязнения водного и воздушного бассейнов, почвенно-растительного покрова.","Data1_10_10865_index.pdf:page_32, Водный кодекс Российской Федерации.pdf:page_38, Кодекс внутреннего водного транспорта Российской Федерации.pdf:page_31, Кодекс внутреннего водного транспорта Российской Федерации.pdf:page_38, Кодекс торгового мореплавания Российской Федерации.pdf:page_93"
Какие работы необходимо провести для ревизии и ремонта насосов согласно МДС 13-18.2000?," Для ревизии и ремонта насосов следует провести:
1. Инспектирование состояния насоса.
2. Проверку работоспособности и уровня шума.
3. Наладочные работы с полностью открытой запорной арматуре (вентили и задвижки).","Data1_10_10852_index.pdf:page_1, Data1_10_10852_index.pdf:page_23, Data1_10_10861_index.pdf:page_1, Data1_10_10862_index.pdf:page_1, Data1_1_1879_index.pdf:page_1"
Как устанавливается минимальный размер взноса на капитальный ремонт?, Минимальный размер взноса на капитальный ремонт определяется уставом саморегулируемой организации или нормативным правовым актом субъекта Российской Федерации.,"Градостроительный кодекс Российской Федерации.pdf:page_217, Жилищный кодекс Российской Федерации.pdf:page_121, Жилищный кодекс Российской Федерации.pdf:page_149, Жилищный кодекс Российской Федерации.pdf:page_156, Жилищный кодекс Российской Федерации.pdf:page_182"
Из каких источников формируются бюджетные ассигнования дорожного фонда субъекта Российской Федерации?," Бюджетные ассигнования дорожного фонда субъекта Российской Федерации формируются из:
1. Акцизов на автомобильный бензин, прямогонный бензин, дизельное топливо и моторные масла для дизельных (инжекторных) двигателей, производимые на территории Российской Федерации.
2. Доходов местных бюджетов от транспортного налога (если законом субъекта РФ установлены единые нормативы отчислений от транспортного налога в местные бюджеты).
3. Иных поступлений в местный бюджет, утвержденных решением представительного органа муниципального образования.","Бюджетный кодекс Российской Федерации.pdf:page_190, Бюджетный кодекс Российской Федерации.pdf:page_287, Бюджетный кодекс Российской Федерации.pdf:page_289, Бюджетный кодекс Российской Федерации.pdf:page_290, Бюджетный кодекс Российской Федерации.pdf:page_291"
Что подразумевается под возвращенным жертвователю денежным эквивалентом недвижимого имущества и ценных бумаг?," Возвращенный жертвователю денежный эквивалент означает выплату деньгами суммы, равной реальной стоимости (ценным бумагам или недвижимому имуществу) переданных жертвователем организации.","Гражданский кодекс Российской Федерации.pdf:page_384, Налоговый кодекс Российской Федерации.pdf:page_1161, Налоговый кодекс Российской Федерации.pdf:page_815, Налоговый кодекс Российской Федерации.pdf:page_912, Налоговый кодекс Российской Федерации.pdf:page_924"
Какие обосновывающие документы требуются для расчета командировочных расходов согласно ГОСТ МДС 81-7.2000?," По контексту документа, не указывающего обязательного обоснования для расчета командировочных расходов, такого требования в ГОСТе МДС 81-7.2000 нет. Для расчетов сметы расходов на содержание службы заказчика-застройщика и определения численности персонала для календарного года, потребуются сборники ресурсных сметных норм, установленные в Методических рекомендациях Госстроя России.","Data1_2_2070_index.pdf:page_1, Data1_2_2073_index.pdf:page_1, Data1_2_2075_index.pdf:page_1, Data1_2_2116_index.pdf:page_1, Data1_2_2117_index.pdf:page_1"
Как корректируются показатели затрат труда пусконаладочного персонала?," Показатели затрат труда пусконаладочного персонала корректируются в соответствии с формулой, указанной в Порядке определения стоимости строительства и свободных (договорных) цен на строительную продукцию в условиях развития рыночных отношений. Эта формула учитывает фактическую среднемесячную оплату труда 1 работника-наладчика (Змесфакт) и нормативную трудоемкость пусконаладочного персонала (Т) по объекту или части отражаемого в составе прямых затрат локального ресурсного сметного расчета (З).","Data1_10_10864_index.pdf:page_28, Data1_10_10864_index.pdf:page_5, Data1_10_10864_index.pdf:page_6, Data1_10_10864_index.pdf:page_8, Data1_10_10864_index.pdf:page_9"
Какова процедура назначения членов предварительной квалификационной комиссии согласно ГОСТ МДС 80-5.2000?," По ГОСТу МДС 80-5.2000 процедура назначения членов предварительной квалификационной комиссии определяется заказчиком (инвестором) или органом, выполняющим функции организатора торгов по договору между ними. Список кандидатов на должность членов комиссии согласуется и утверждается органами власти субъекта Российской Федерации.","Data1_10_10865_index.pdf:page_1, Data1_10_10866_index.pdf:page_1, Data1_10_10867_index.pdf:page_1, Data1_10_10867_index.pdf:page_3, Таможенный кодекс Евразийского экономического союза.pdf:page_24"
Какие требования предъявляются к работе стеклоочистителей?, На сайте <https://stpddrf.ru/> не указаны требования к работе стеклоочистителей.,"Data1_10_10754_index.pdf:page_2, Воздушный кодекс Российской Федерации.pdf:page_69, ПДД Российской Федерации.pdf:page_60, ПДД Российской Федерации.pdf:page_7, Уголовно-исполнительный кодекс Российской Федерации.pdf:page_16"
Какие ГОСТы или СНиПы определяют составление сметной документации в текущих ценах?," СМИП 4.07-91 (НДЗ-91) и Методические рекомендации по составлению сметной документации в текущих ценах были определены в МР по строительству и капитальному ремонту, выпущенных Минстроем России в 1992 г.","Data1_2_2069_index.pdf:page_6, Data1_2_2075_index.pdf:page_1, Data1_2_2079_index.pdf:page_4, Data1_2_2079_index.pdf:page_6, Data1_2_2082_index.pdf:page_2"
Что происходит в случае нарушения требований к инвестиционному соглашению?," В случае нарушения требований к инвестиционному соглашению могут быть ущемлены интересы лиц, участвующих в договоре. Страховые риски должны быть разделены с заказчиком и другими участниками договора. При нарушении статьи 15.23.1 Кодекса о порядке проведения общих собраний акционеров или владельцев инвестиционных паев могут быть ошибки и упущения в профессиональной деятельности, что может привести к дальнейшим последствиям.","Data1_10_10851_index.pdf:page_6, Административный кодекс Российской Федерации.pdf:page_322, Налоговый кодекс Российской Федерации.pdf:page_679, Налоговый кодекс Российской Федерации.pdf:page_681, Налоговый кодекс Российской Федерации.pdf:page_682"
Какая форма используется для предоставления информации о выплатах из средств компенсационного фонда?, Информация о выплатах из средств компенсационного фонда непременно должна предоставляться в письменной форме.,"Градостроительный кодекс Российской Федерации.pdf:page_203, Градостроительный кодекс Российской Федерации.pdf:page_218, Градостроительный кодекс Российской Федерации.pdf:page_219, Градостроительный кодекс Российской Федерации.pdf:page_220, Градостроительный кодекс Российской Федерации.pdf:page_286"
Какова сметная стоимость стекла матового полированного витринного по ГОСТ МДС 81-10.2000?," Сметная стоимость стекла матового полированного витринного не указана в документе ГОСТ МДС 81-10.2000, так как он относится к методике определения сметной стоимости строительства на базе показателей на отдельные виды работ. Для получения информации о сметной стоимости конкретного материала необходимо использовать другой документ, содержащий показатели на этот материал, например Сборники ресурсных сметных норм для монтажа оборудования (РСН).","Data1_2_2070_index.pdf:page_1, Data1_2_2073_index.pdf:page_1, Data1_2_2075_index.pdf:page_1, Data1_2_2076_index.pdf:page_1, Data1_2_2079_index.pdf:page_1"
Какие документы подтверждают полномочия ответственного участника?," Ответственный участник консолидированной группы налогоплательщиков может подтвердить свои полномочия нотариально удостоверенной доверенностью, доверенностью, приравненной к нотариально удостоверенной, или доверенности в форме электронного документа, подписанного электронной подписью доверителя. (Сайт nkodeksrf.ru)","Кодекс внутреннего водного транспорта Российской Федерации.pdf:page_27, Налоговый кодекс Российской Федерации.pdf:page_46, Налоговый кодекс Российской Федерации.pdf:page_49, Налоговый кодекс Российской Федерации.pdf:page_50, Налоговый кодекс Российской Федерации.pdf:page_90"
"Какие штрафы предусмотрены для должностных лиц за нарушения, предусмотренные частью 1 статьи 6.34?", Штраф за нарушение части 1 статьи 6.34 предусмотрен в размере от семидесяти тысяч до ста тысяч рублей для должностных лиц.,"Административный кодекс Российской Федерации.pdf:page_104, Административный кодекс Российской Федерации.pdf:page_198, Административный кодекс Российской Федерации.pdf:page_241, Административный кодекс Российской Федерации.pdf:page_306, Административный кодекс Российской Федерации.pdf:page_54"
Какие требования предъявляет ПН-5-95 к состоянию дымоходов и вентиляционных каналов?," По содержанию документа ПН-5-95 не упоминается о требованиях к состоянию дымоходов и вентиляционных каналов. Однако из предложенных мер для предотвращения образования конденсата на поверхности трубопроводов канализации следует, что должны быть поддерживаемы регулярная вентиляция и работоспособность этих систем.","Data1_10_10861_index.pdf:page_24, Data1_10_10861_index.pdf:page_29, Data1_10_10861_index.pdf:page_33, Data1_10_10861_index.pdf:page_34, Data1_10_10861_index.pdf:page_6"
"Как определяется методика расчета стоимости строительства в валюте страны строительства в разделе 4 документа, регламентированного ГОСТом МДС 81-21.2000?"," В разделе 4 документа (Порядок определения расчетной стоимости строительства и расчетных затрат в составе технико-экономических обоснований и технико-экономических предложений по строительству объектов за границей при участии организаций Российской Федерации) методика расчета стоимости строительства в валюте страны строительства определяется путем конвертирования сметных расходов российских организаций и иностранных фирм из национальной валюты в валюту страны строительства, при этом используются официальные курсы обмена данных валют.","Data1_2_2069_index.pdf:page_1, Data1_2_2075_index.pdf:page_1, Data1_2_2076_index.pdf:page_1, Data1_2_2079_index.pdf:page_1, Data1_2_2082_index.pdf:page_6"
"На какой основе осуществляются перевозки грузов, пассажиров и их багажа, буксировка судов и плавучих объектов, погрузка и выгрузка грузов, оказание услуг в речных портах?"," Перевозки грузов, пассажиров и их багажа, буксировка судов и плавучих объектов, погрузка и выгрузка грузов осуществляются в соответствии с регламентами, правилами и договорами перевозок. На морской линии - это сообщение между морскими портами на регулярной основе по расписанию (статья 114.1, Глава VII.1 Кодекса судоходства РФ), а внутреннем водном транспорте - это один из видов транспорта, осуществляющий судоходство и другие связанные с судоходством деятельности на внутренних водных путях Российской Федерации (статья 3 Кодекс внутреннего водного транспорта РФ).","Кодекс внутреннего водного транспорта Российской Федерации.pdf:page_1, Кодекс внутреннего водного транспорта Российской Федерации.pdf:page_44, Кодекс внутреннего водного транспорта Российской Федерации.pdf:page_51, Кодекс внутреннего водного транспорта Российской Федерации.pdf:page_81, Кодекс торгового мореплавания Российской Федерации.pdf:page_47"
Какие коэффициенты применяются к базовой цене проектирования театров для двух или более трупп согласно СНиП?," Для театров, которые предназначены для двух или более трупп, коэффициент 1,2 к базовой цене проектирования должен быть применен согласно СНиП 23-01-2012.","Data1_11_11835_index.pdf:page_14, Data1_11_11835_index.pdf:page_17, Data1_11_11835_index.pdf:page_7, Data1_11_11835_index.pdf:page_8, Data1_11_11835_index.pdf:page_9"
Кто осуществляет государственное регулирование деятельности в области государственной авиации?," Федеральный орган исполнительной власти, уполномоченный осуществлять правовое регулирование в сфере государственного регулирования деятельности в области государственной авиации.","Воздушный кодекс Российской Федерации.pdf:page_0, Воздушный кодекс Российской Федерации.pdf:page_41, Воздушный кодекс Российской Федерации.pdf:page_5, Воздушный кодекс Российской Федерации.pdf:page_8, Воздушный кодекс Российской Федерации.pdf:page_9"
"Как можно подать исковое заявление, заявление, жалобу, представление и иные документы в арбитражный суд?"," Исковое заявление, заявление, жалоба, представление и иные документы могут быть поданы в арбитражный суд на бумажном носителе или в электронном виде, в том числе в форме электронного документа.","Арбитражный процессуальный кодекс Российской Федерации.pdf:page_136, Арбитражный процессуальный кодекс Российской Федерации.pdf:page_2, Арбитражный процессуальный кодекс Российской Федерации.pdf:page_62, Гражданский процессуальный кодекс Российской Федерации.pdf:page_1, Кодекс административного судопроизводства Российской Федерации.pdf:page_27"
Какие организации разработали этот документ? (ГОСТ)," Документ разработан Центральным научно-исследовательским и проектно-экспериментальным институтом организации, механизации и технической помощи строительству (ЦНИИОМТП) совместно с Государственным комитетом Министерства внешних экономических связей по вопросам архитектуры Российской Федерации и строительства (Госстрой России, МВЭС России).","Data1_10_10849_index.pdf:page_3, Data1_10_10855_index.pdf:page_1, Data1_10_10864_index.pdf:page_17, Data1_2_2082_index.pdf:page_1, Data1_2_2096_index.pdf:page_2"
"В какие сроки лицо, лишенное специального права, должно сдать документы?"," Лицо, лишённое специального права, должно сдать документы в течение трех рабочих дней со дня вступления в законную силу решения о назначении административного наказания.","Административный кодекс Российской Федерации.pdf:page_606, Гражданский кодекс Российской Федерации.pdf:page_123, Жилищный кодекс Российской Федерации.pdf:page_181, Кодекс административного судопроизводства Российской Федерации.pdf:page_53, Уголовный кодекс Российской Федерации.pdf:page_210"
В каких условиях применяется метод триангуляции согласно СНиП 3.01.03-84?," Метод триангуляции применяется для определения координат точек сети в условиях больших размеров строительной площадки или формы сооружения, где необходима высокая точность. Этот метод используется для намечания положений пунктов строительной сетки с точностью 1:1000 - 1:2000 и закрепления их временными знаками.","Data1_10_10861_index.pdf:page_16, Data1_11_11285_index.pdf:page_17, Data1_11_11285_index.pdf:page_4, Data1_11_11285_index.pdf:page_7, Data1_2_2073_index.pdf:page_6"
"Какие значения для панели зданий до 3,5 м указаны в графиках относительных погрешностей согласно СНиП 3.01.03-84?"," В графиках относительных погрешностей для панели зданий до 3,5 м указаны коэффициенты Т равные 1:6000 и 1:7000.","Data1_10_10846_index.pdf:page_16, Data1_10_10861_index.pdf:page_16, Data1_11_11285_index.pdf:page_17, Data1_11_11285_index.pdf:page_80, Data1_2_2079_index.pdf:page_12"
Какие обязанности управляющего проектом описаны в ГОСТ МДС 80-2.2000?," В соответствие с ГОСТ МДС 80-2.2000 следующие обязанности возложены на управляющего проектом:
1. Назначение на конкурсной основе с заключением индивидуального соглашения (контракта) об условиях выполнения работ, организации и оплаты труда.
2. Выполнение работ определенного объема и качества в требуемые сроки за вознаграждение.
3. Контракт должен содержать наименование сторон, предмет контракта, сроки выполнения работ, условия организации работ, стоимость работ и порядок расчетов, порядок сдачи и приемки результатов работ.","Data1_10_10858_index.pdf:page_1, Data1_10_10858_index.pdf:page_3, Data1_10_10858_index.pdf:page_4, Data1_10_10858_index.pdf:page_7, Data1_10_10872_index.pdf:page_1"
Какие действия должен выполнить ответственный за безопасную эксплуатацию котельной согласно ГОСТ МДС 13-18.2000?," Ответственный за безопасную эксплуатацию котельной должен выполнить следующие действия, согласно ГОСТ МДС 13-18.2000:

1. Проверить работу указанного оборудования при пробных пусках и устранить обнаруженные неполадки;
2. Снабдить эксплуатационные организации оборудованием, материалами и инструкциями, необходимыми для оперативной ликвидации аварий;
3. Оснастить котельные памятками о действиях эксплуатационного персонала при авариях;
4. Провести учебу персонала, ознакомив его с задачами аварийно-восстановительных работ и обязательно отработав практические действия по ликвидации аварии.","Data1_10_10852_index.pdf:page_27, Data1_10_10862_index.pdf:page_1, Data1_10_10871_index.pdf:page_9, Градостроительный кодекс Российской Федерации.pdf:page_234, Кодекс внутреннего водного транспорта Российской Федерации.pdf:page_27"
Какие органы исполнительной власти субъектов Российской Федерации осуществляют региональный государственный надзор в области технического состояния самоходных машин и других видов техники?," Главые государственные инженеры - инспекторы городов, районов по надзору за техническим состоянием самоходных машин и других видов техники, их заместители. Они осуществляют региональный государственный надзор в области технического состояния самоходных машин и других видов техники в соответствующих субъектах Российской Федерации.","Административный кодекс Российской Федерации.pdf:page_139, Административный кодекс Российской Федерации.pdf:page_475, Административный кодекс Российской Федерации.pdf:page_482, Административный кодекс Российской Федерации.pdf:page_490, Градостроительный кодекс Российской Федерации.pdf:page_178"
Как уплачиваются взносы на капитальный ремонт собственниками нежилых помещений?," В статье 175 Кодекса жилищного права РФ не упоминается о взносах на капитальный ремонт для собственников нежилых помещений. Поскольку сведения об этом вопросе отсутствуют, следует запрашивать юридическую консультацию по телефонам указанным в тексте.","Жилищный кодекс Российской Федерации.pdf:page_154, Жилищный кодекс Российской Федерации.pdf:page_155, Жилищный кодекс Российской Федерации.pdf:page_157, Жилищный кодекс Российской Федерации.pdf:page_158, Жилищный кодекс Российской Федерации.pdf:page_183"
Какие показатели электроснабжения и электрооборудования указаны для фабрики массовой печати кинофильмов мощностью 150 млн. м пленки в год согласно СНиП?," Для фабрики массовой печати кинофильмов мощностью 150 млн. м пленки в год, указаны следующие показатели электроснабжения и электрооборудования согласно СНиП:

* Суммарное потребление электроэнергии - 1034 тыс. кВт×ч/год
* Потребление электроэнергии на коммунально-бытовые нужды - не указано
* Источники покрытия электронагрузок - не указано","Data1_11_11835_index.pdf:page_10, Data1_11_11835_index.pdf:page_11, Data1_11_11835_index.pdf:page_27, Data1_1_1904_index.pdf:page_38, Data1_2_2096_index.pdf:page_3"
"Какие объекты относятся к объектам, указанным в пункте 5.1 статьи 6 настоящего Кодекса?"," Объекты, указанные в пункте 5.1 статьи 6 настоящего Кодекса не определены явно. Однако, это может касаться объектов, которые не являются полезными моделями, как указано в пункте 5 статьи 1350 этого же Кодекса.","Градостроительный кодекс Российской Федерации.pdf:page_128, Градостроительный кодекс Российской Федерации.pdf:page_72, Гражданский кодекс Российской Федерации.pdf:page_562, Налоговый кодекс Российской Федерации.pdf:page_1464, Налоговый кодекс Российской Федерации.pdf:page_1470"
"Какие страны, кроме Афганистана, упоминаются в тексте?"," Россия, Иностранное государство (не названное), Государство-член (не названное).","Гражданский кодекс Российской Федерации.pdf:page_368, Гражданский кодекс Российской Федерации.pdf:page_476, Гражданский кодекс Российской Федерации.pdf:page_477, Гражданский кодекс Российской Федерации.pdf:page_522, Таможенный кодекс Евразийского экономического союза.pdf:page_28"
Какой коэффициент-дефлятор применяется к налоговой ставке на антрацит?," В текстах, предоставленных в контексте, упоминается коэффициент-дефлятор для газового конденсата и нефти, но не указывается никакой информации о применении коэффициента для антрацита. Поэтому невозможно установить коэффициент-дефлятор для налоговой ставки на антрацит, который применяется в текстах предоставленных контексте.","Налоговый кодекс Российской Федерации.pdf:page_1396, Налоговый кодекс Российской Федерации.pdf:page_1405, Налоговый кодекс Российской Федерации.pdf:page_1417, Налоговый кодекс Российской Федерации.pdf:page_1436, Налоговый кодекс Российской Федерации.pdf:page_1524"
Что такое хранение вещей с обезличением по статье 890 ГК РФ?," ""Хранение вещей с обезличением"" в соответствии с статьей 890 ГК РФ означает хранение неименной (без маркировки или указания владельца) вещи. Это может быть, например, случайное находка, найденная нейтральным лицом или организацией. Если такая вещь не может быть возвращена своему законному владельцу, то хранитель имеет право сохранять и использовать её в своих интересах, но не сверхизрасходуя. В случае продажи такой вещи хранитель обязан выплатить ее законному владельцу, если тот утверждает своё право на неё в срок, установленный законом или договором.","Гражданский кодекс Российской Федерации.pdf:page_372, Гражданский кодекс Российской Федерации.pdf:page_373, Гражданский кодекс Российской Федерации.pdf:page_375, Гражданский кодекс Российской Федерации.pdf:page_380, Гражданский кодекс Российской Федерации.pdf:page_382"
Какие расходы включаются в подпункте 1 пункта 1 статьи 44?," В подпункте 1 пункта 1 статьи 44 включаются материальные затраты, определяемые в соответствии с подпунктами 1 и 4 пункта 1 статьи 254 настоящего Кодекса. Это расходы на оплату труда персонала, участвующего в процессе производства товаров, выполнения работ, оказания услуг, а также расходы на обязательное пенсионное страхование, на обязательное социальное страхование на случай временной нетрудоспособности и в связи с материнством, обязательное медицинское страхование, обязательное социальное страхование от несчастных случаев на производстве и профессиональных заболеваний, начисленные на указанные суммы расходов.","Налоговый кодекс Российской Федерации.pdf:page_1209, Налоговый кодекс Российской Федерации.pdf:page_508, Налоговый кодекс Российской Федерации.pdf:page_513, Налоговый кодекс Российской Федерации.pdf:page_992, Таможенный кодекс Евразийского экономического союза.pdf:page_45"
На какие транспортные средства устанавливаются проблесковые маячки желтого или оранжевого цвета?," Проблесковые маячки желтого или оранжевого цвета устанавливаются на транспортных средствах, выполняющих работы по строительству, ремонту или содержанию дорог, а также на крупногабаритных транспортных средствах.","ПДД Российской Федерации.pdf:page_11, ПДД Российской Федерации.pdf:page_12, ПДД Российской Федерации.pdf:page_55, ПДД Российской Федерации.pdf:page_58, ПДД Российской Федерации.pdf:page_60"
"В каких случаях протокол об административном правонарушении не составляется, а постановление выносится без участия лица, в отношении которого возбуждено дело?"," Протокол об административном правонарушении не составляется, если лицо, в отношении которого возбуждено дело об административном правонарушении, привлекается к административной ответственности без его участия.","Административный кодекс Российской Федерации.pdf:page_516, Административный кодекс Российской Федерации.pdf:page_567, Административный кодекс Российской Федерации.pdf:page_568, Административный кодекс Российской Федерации.pdf:page_571, Административный кодекс Российской Федерации.pdf:page_577"
"Кто принимает окончательное решение в случае разногласий между заказчиком проекта, генпроектировщиком объекта и органами, выдающими технические условия и участвующими в согласовании задания?"," В случае разногласий между заказчиком проекта, генпроектировщиком объекта и органами, выдающими технические условия и участвующими в согласовании задания, окончательное решение принимает орган государственной власти, который выдал технические условия.","Data1_10_10858_index.pdf:page_6, Data1_10_10859_index.pdf:page_4, Data1_10_10871_index.pdf:page_8, Data1_1_1904_index.pdf:page_24, Градостроительный кодекс Российской Федерации.pdf:page_18"
Каковы коэффициенты к минимальной заработной плате для нарушений категории «Б» согласно ГОСТ МДС 17-13.2000?," Коэффициенты к минимальной заработной плате для нарушений категории ""Б"" согласно ГОСТ МДС 17-13.2000 не указаны в предоставленном контексте. Эти коэффициенты могут быть установлены органами представительной власти субъекта Российской Федерации в зависимости от местных условий, как определено в документе.","Data1_10_10754_index.pdf:page_3, Data1_10_10861_index.pdf:page_1, Data1_10_10861_index.pdf:page_36, Data1_10_10861_index.pdf:page_37, Data1_10_10861_index.pdf:page_38"
Кто обязан представлять подлинники решений и протокола общего собрания в орган государственного жилищного надзора?, Общее собрание собственников помещений в многоквартирном доме обязано представлять подлинники решений и протокола общего собрания в орган государственного жилищного надзора.,"Жилищный кодекс Российской Федерации.pdf:page_103, Жилищный кодекс Российской Федерации.pdf:page_157, Жилищный кодекс Российской Федерации.pdf:page_190, Жилищный кодекс Российской Федерации.pdf:page_44, Жилищный кодекс Российской Федерации.pdf:page_49"
"Какие должностные лица уполномочены рассматривать дела об административных правонарушениях, предусмотренных статьями 19.25, 21.1 - 21.7 настоящего Кодекса?"," Военные комиссары (включая заместителей) уполномочены рассматривать дела об административных правонарушениях, предусмотренных статьями 19.25, 21.1 - 21.7 настоящего Кодекса.","Административный кодекс Российской Федерации.pdf:page_464, Административный кодекс Российской Федерации.pdf:page_466, Административный кодекс Российской Федерации.pdf:page_503, Административный кодекс Российской Федерации.pdf:page_551, Административный кодекс Российской Федерации.pdf:page_566"
Какие инструментальные проверки проводятся при приемке трубопроводов и сооружений водоснабжения и канализации согласно СНиП 3.01.03-84?," Согласно СНиП 3.01.03-84, приемка трубопроводов и сооружений водоснабжения и канализации включает инспекционное обследование, проверку работы водомерного узла, обеспечения нормируемых параметров расхода и давления воды. При этом, инспекция систем холодного водоснабжения выполняется при инспектировании состояния частей здания по месту расположения этого оборудования.","Data1_10_10852_index.pdf:page_23, Data1_10_10861_index.pdf:page_29, Data1_10_10864_index.pdf:page_2, Data1_10_10865_index.pdf:page_30, Data1_11_11285_index.pdf:page_25"
Как интерпретировать шифр таблиц ФЕРм?," Шифр таблиц ФЕРм состоит из номера сборника (два знака), номера раздела сборника (два знака), порядкового номера таблицы в данном разделе сборника (три знака) и порядкового номера нормы в данной таблице (один-два знака).","Data1_10_10062_index.pdf:page_3, Data1_10_10754_index.pdf:page_16, Data1_10_10754_index.pdf:page_31, Data1_10_10754_index.pdf:page_4, Data1_10_10754_index.pdf:page_5"
Какие телефоны доступны для бесплатной юридической консультации в Санкт-Петербурге и Ленинградской области?, Бесплатная юридическая консультация доступна по телефону 8 (812) 467-95-28 в Санкт-Петербурге и Ленинградской области.,"Административный кодекс Российской Федерации.pdf:page_374, Административный кодекс Российской Федерации.pdf:page_415, Административный кодекс Российской Федерации.pdf:page_417, Административный кодекс Российской Федерации.pdf:page_67, Градостроительный кодекс Российской Федерации.pdf:page_291"
На какие территории разрабатывается проект районной планировки согласно ГОСТ МДС 11-7.2000?," Следует отметить, что проект районной планировки может разрабатываться на территорию территориально-производственного комплекса, агломерации, группы административных районов, административного района, пригородной зоны, природно-заповедной зоны, территории оздоровительного, курортного, рекреационного назначения, историко-культурного и природного наследия, других территориальных объектов. Также схема районной планировки разрабатывается как правило, на территории субъекта Российской Федерации: республики, края, области, автономной области и автономного округа или их частей.","Data1_1_1904_index.pdf:page_1, Data1_1_1904_index.pdf:page_10, Data1_1_1904_index.pdf:page_11, Data1_1_1904_index.pdf:page_8, Data1_1_1904_index.pdf:page_9"
Какие транспортно-экспедиционные услуги освобождаются от налогообложения?," Транспортно-экспедиционные услуги, оказываемые иностранным лицам, не состоящим на учете в налоговых органах в качестве налогоплательщиков и эксплуатирующим морские суда и суда смешанного (река - море) плавания, освобождаются от налогообложению.","Data1_2_2070_index.pdf:page_4, Налоговый кодекс Российской Федерации.pdf:page_1368, Налоговый кодекс Российской Федерации.pdf:page_412, Налоговый кодекс Российской Федерации.pdf:page_451, Налоговый кодекс Российской Федерации.pdf:page_494"
За сколько времени до срока представления оферт должно быть произведено объявление о торгах?, Срок объявления о торгах не менее 30 дней перед сроком представления оферт.,"Data1_10_10866_index.pdf:page_10, Data1_10_10866_index.pdf:page_6, Data1_10_10866_index.pdf:page_8, Data1_10_10866_index.pdf:page_9, Гражданский кодекс Российской Федерации.pdf:page_233"
"Кто обязан страховать транспортное средство и (или) страховать ответственность за ущерб, который может быть причинен им или в связи с его эксплуатацией, если такое страхование является обязательным?"," Арендодатель обязан обеспечить страхование транспортного средства и ответственность за ущерб, который может быть причинен им или в связи с его эксплуатацией, если такое страхование является обязательным. Это согласно статье 646 на сайте https://gkodeksrf.ru/. Арендатор несет расходы на страхование своей ответственности, а также другие расходы, возникающие в связи с его эксплуатацией, если это не предусмотрено договором аренды. Это согласно статье 646 на том же сайте.","Гражданский кодекс Российской Федерации.pdf:page_292, Гражданский кодекс Российской Федерации.pdf:page_293, Гражданский кодекс Российской Федерации.pdf:page_294, Кодекс торгового мореплавания Российской Федерации.pdf:page_106, Кодекс торгового мореплавания Российской Федерации.pdf:page_29"
Какие работы и затраты не включаются в сводный расчет стоимости строительства?," В контексте указанном, следует уточнить, что сводный расчет стоимости строительства включает все работы и затраты, перечисленные в документах, с некоторыми исключениями. Однако в вопросе не указано, какие конкретно работы или затраты могут быть исключены из расчета. Поэтому ответ краток и строго по контексту будет:

Сводный расчет стоимости строительства включает все работы и затраты, перечисленные в указанных документах, но для точного определения требуется уточнить какие конкретные работы или затраты могут быть исключены.","Data1_10_10864_index.pdf:page_13, Data1_2_2069_index.pdf:page_4, Data1_2_2082_index.pdf:page_4, Data1_2_2082_index.pdf:page_5, Data1_2_2082_index.pdf:page_6"
Каков размер административного штрафа для юридических лиц за нарушение процесса функционирования единой системы идентификации и аутентификации?," Размер административного штрафа для юридических лиц за нарушение процесса функционирования единой системы идентификации и аутентификации составляет от пятидесяти тысяч до двухсот тысяч рублей, в соответствии с указанными статьями на сайте <https://koapkodeksrf.ru/> (статья 15.12).","Административный кодекс Российской Федерации.pdf:page_208, Административный кодекс Российской Федерации.pdf:page_226, Административный кодекс Российской Федерации.pdf:page_233, Административный кодекс Российской Федерации.pdf:page_308, Административный кодекс Российской Федерации.pdf:page_93"
Какие действия может предпринять суд в предварительном заседании?," Судья может проводить предварительное судебное заседание для уточнения вопросов, разрешения вопросов об обеспечении иска, о предоставлении встречного обеспечения, а также об обеспечении доказательств. Кроме того, он может направлять судебные поручения, рассматривать вопросы о вступлении в дело других лиц, замене ненадлежащего ответчика, соединении и разъединении нескольких требований, принятии встречного иска, возможности проведения выездного судебного заседания, а также совершать другие направленные на обеспечение правильного и своевременного рассмотрения дела действия.","Арбитражный процессуальный кодекс Российской Федерации.pdf:page_67, Арбитражный процессуальный кодекс Российской Федерации.pdf:page_68, Гражданский процессуальный кодекс Российской Федерации.pdf:page_61, Кодекс административного судопроизводства Российской Федерации.pdf:page_81, Кодекс административного судопроизводства Российской Федерации.pdf:page_82"
Какие требования предъявляются к монтажу оборудования и подводящим коммуникациям согласно ГОСТ (к СНиП 3.02.01-83)?," Для монтажа оборудования и подводящих коммуникаций предъявляются требования согласно СНиП 3.02.01-83. Этим нормативным документом определены требования к гидроизоляции, включая противокапиллярную, при наличии воды в техподполье из-за нарушения уровня грунтовых вод. Кроме того, оговорён комплексный подход к затратам на монтаж оборудования в нормальных условиях и особых случаях, а также предполагается руководствоваться положениями, изложенными в разделе 3 нормативов СНиП 11-01-95, 2.08.01-89, 2.01.07-85, 2.01.02-85 и др. Сборники ресурсных сметных норм (РСН) также играют важную роль при определении потребности в ресурсах для выполнения работ по монтажу оборудования.","Data1_10_10754_index.pdf:page_2, Data1_10_10861_index.pdf:page_25, Data1_10_10865_index.pdf:page_30, Data1_2_2073_index.pdf:page_1, Data1_2_2073_index.pdf:page_2"
Какие работы не включены в состав пусконаладочных работ согласно ГОСТу МДС 81-8.2000?," Работы, относящиеся к различным видам испытаниям, ревизии, ремонту оборудования, замене узлов и механизмов из-за низкого качества оборудования, неправильного хранения, дефектов монтажа не включены в состав пусконаладочных работ согласно ГОСТу МДС 81-8.2000.","Data1_10_10754_index.pdf:page_1, Data1_10_10848_index.pdf:page_7, Data1_10_10864_index.pdf:page_1, Data1_10_10864_index.pdf:page_32, Data1_10_10865_index.pdf:page_1"
Какие данные должны быть указаны в итоговой строке формы протокола согласования затрат российских организаций в смешанных ценах согласно ГОСТу МДС 81-21.2000?," На итоговой строке формы протокола должны быть указаны следующие данные:
- Сумма в иностранной валюте, пересчитанная в рубли (в тысячах рублей);
- Принятый курс иностранной валюты в рублях;
- Поправки на стоимость услуг российских организаций иностранным фирмам, разделение по объемам работ и затрат, выполняемыми иностранными фирмами и российскими организациями;
- Другие поправки;
- Затраты на командирование специалистов российских организаций за границу.","Data1_2_2069_index.pdf:page_23, Data1_2_2069_index.pdf:page_7, Data1_2_2073_index.pdf:page_1, Data1_2_2082_index.pdf:page_7, Data1_2_2116_index.pdf:page_1"
Как указывается наименование и количество единиц измерения мощности объекта в Форме № 3-в согласно ГОСТ?," Наименование и мощность объекта не указаны в схемке, предоставленной в вопросе. Данная информация должна быть содержаться в чертежах, на основании которых составляется Форма № 3-в (см. ГОСТ).","Data1_10_10754_index.pdf:page_23, Data1_10_10865_index.pdf:page_24, Data1_2_2076_index.pdf:page_15, Data1_2_2079_index.pdf:page_18, Data1_2_2082_index.pdf:page_17"
В каких случаях оспаривание займа по безденежности не допускается?," Оспаривание займа по безденежности не допускается, если сумма займа, предоставленного под проценты заемщику-гражданину для личного, семейного, домашнего или иного использования, не связанного с предпринимательской деятельностью, не возвращается досрочно без уведомления займодавца не менее чем за тридцать дней до дня такого возврата. Договором займа может быть установлен более короткий срок уведомления займодавца.","Гражданский кодекс Российской Федерации.pdf:page_234, Гражданский кодекс Российской Федерации.pdf:page_338, Кодекс административного судопроизводства Российской Федерации.pdf:page_111, Кодекс административного судопроизводства Российской Федерации.pdf:page_113, Кодекс административного судопроизводства Российской Федерации.pdf:page_117"
"Как определяется размер возмещения при приведении параметров зданий, сооружений в соответствие с установленными требованиями?"," Размер возмещения определяется на основании приведенных требований и с учетом реально затраченных расходов, связанных с приведением параметров зданий, сооружений в соответствие с установленными требованиями.","Градостроительный кодекс Российской Федерации.pdf:page_258, Гражданский кодекс Российской Федерации.pdf:page_131, Земельный кодекс Российской Федерации.pdf:page_156, Земельный кодекс Российской Федерации.pdf:page_157, Земельный кодекс Российской Федерации.pdf:page_195"
"Какой штраф предусмотрен за допуск к управлению транспортным средством водителя, не имеющего российского национального водительского удостоверения?"," В контексте предоставленном, штраф за допуск к управлению транспортным средством водителю, не имеющему российского национального водительского удостоверения, не указан. Документ ""Правила обеспечения безопасности перевозок пассажиров и грузов автомобильным транспортом и городским наземным электрическим транспортом"" (https://koapkodeksrf.ru/) предусматривает штрафы за нарушения различных правил, но не указывает конкретного санкционирования за отсутствие российского национального водительского удостоверения. Для получения точного ответа по данному вопросу следует обратиться к специалисту в юриспруденции или конкретным правилам, регламентирующим допуск к управлению транспортными средствами в России.","Административный кодекс Российской Федерации.pdf:page_166, Административный кодекс Российской Федерации.pdf:page_177, Административный кодекс Российской Федерации.pdf:page_178, Административный кодекс Российской Федерации.pdf:page_190, Административный кодекс Российской Федерации.pdf:page_197"
Какие методы используются для уполаживания берегов водных объектов?," Методы инженерной защиты, например, сооружения берегоукрепления или дамбы, используются для уполаживания берегов водных объектов. Это определено в части 4 статьи Кодекса Российской Федерации об обороне и использовании водного хозяйства.","Водный кодекс Российской Федерации.pdf:page_1, Водный кодекс Российской Федерации.pdf:page_32, Водный кодекс Российской Федерации.pdf:page_35, Водный кодекс Российской Федерации.pdf:page_41, Кодекс внутреннего водного транспорта Российской Федерации.pdf:page_10"
Какова производительность установки осушки природного газа (однопоточная) согласно ГОСТу МДС 81-8.2000?," Согласно ГОСТу МДС 81-8.2000, производительность установки сепарации газа высокого давления (однопоточная) составляет 341 единицы измерения.","Data1_10_10754_index.pdf:page_18, Data1_10_10864_index.pdf:page_1, Data1_10_10864_index.pdf:page_37, Data1_2_2096_index.pdf:page_2, Налоговый кодекс Российской Федерации.pdf:page_1418"
Какие долговые обязательства субъекта Российской Федерации могут быть среднесрочными?," По данному контексту, не указано определение среднесрочных долговых обязательств субъекта Российской Федерации. В текстах перечислены долговые обязательства перед государством и муниципальными образованиями, а также по кредитным соглашениям, однако временные характеристики этих обязательств не определены. Следовательно, информация о среднесрочных долговых обязательствах отсутствует в предоставленном контексте.","Бюджетный кодекс Российской Федерации.pdf:page_143, Бюджетный кодекс Российской Федерации.pdf:page_145, Бюджетный кодекс Российской Федерации.pdf:page_146, Бюджетный кодекс Российской Федерации.pdf:page_162, Бюджетный кодекс Российской Федерации.pdf:page_270"
Когда начинается рассмотрение евразийской заявки на изобретение?, Рассмотрение евразийской заявки на изобретение начинается после подачи заявки в федеральный орган исполнительной власти по интеллектуальной собственности.,"Гражданский кодекс Российской Федерации.pdf:page_584, Гражданский кодекс Российской Федерации.pdf:page_585, Гражданский кодекс Российской Федерации.pdf:page_590, Гражданский кодекс Российской Федерации.pdf:page_593, Гражданский кодекс Российской Федерации.pdf:page_598"
Какие регионы относятся к районам Крайнего Севера в Мурманской области?," В Мурманской области районы, относящиеся к районам Крайнего Севера, это: Беломорский, Кемский, Лоухский, Калевальский; Кондопожский, Лахденпохский, Медвежьегорский, Муезерский, Олонецкий, Питкярантский, Прионежский, Пряжинский, Пудожский, Сегежский, Суоярвский. Город Костомукша также относится к районам Крайнего Севера в Мурманской области.","Data1_10_10062_index.pdf:page_10, Data1_10_10062_index.pdf:page_8, Data1_10_10062_index.pdf:page_9, Трудовой кодекс Российской Федерации.pdf:page_179, Трудовой кодекс Российской Федерации.pdf:page_221"
Что запрещено водителю после ДТП?," Водитель запрещен управлять транспортным средством в состоянии опьянения, под воздействием лекарственных препаратов, в болезненном или утомленном состоянии, ставящем под угрозу безопасность движения. Ему также запрещен передавать управление транспортным средством лицам, находящимся в таковом состоянии.","Административный кодекс Российской Федерации.pdf:page_194, ПДД Российской Федерации.pdf:page_10, ПДД Российской Федерации.pdf:page_18, ПДД Российской Федерации.pdf:page_19, ПДД Российской Федерации.pdf:page_26"
Какое решение может быть принято по результатам рассмотрения материалов проверки?," По результатам рассмотрения материалов налоговой проверки можно принять одно из решений, предусмотренных пунктом 7 статьи, которая описывается в каждом из представленных комментариев.","Налоговый кодекс Российской Федерации.pdf:page_255, Налоговый кодекс Российской Федерации.pdf:page_265, Налоговый кодекс Российской Федерации.pdf:page_378, Налоговый кодекс Российской Федерации.pdf:page_706, Налоговый кодекс Российской Федерации.pdf:page_712"
Какие ГОСТы или СНиПы регламентируют применение вычислительной техники при составлении сметной документации?, МДС 81-18.2000 (Метдологические рекомендации по формированию укрепленных показателей базовой стоимости на виды работ и их применения для составления инвестиционных смет и предложений подрядчика) и МДС 81-10.2000 (Метдологические рекомендации по определению сметной стоимости строительства на базе показателей на отдельные виды работ) регламентируют применение вычислительной техники при составлении сметной документации.,"Data1_2_2069_index.pdf:page_11, Data1_2_2073_index.pdf:page_2, Data1_2_2076_index.pdf:page_1, Data1_2_2079_index.pdf:page_1, Data1_2_2079_index.pdf:page_8"
В каких случаях суд может взыскать алименты в твердой денежной сумме?," Суд может взыскать алименты в твердой денежной сумме в следующих случаях:
1. Уплата алиментов родителями для своих несовершеннолетних детей (Статья 80).
2. Уплата алиментов родителями для своих нетрудоспособных совершеннолетних детей, при отсутствии соглашения об уплате алиментов (Статья 85).
3. Ответственность и уплата алиментов пасынками или падчерицами для своей мачехи или отчима, если они воспитывали их более пяти лет и не выполняют свои обязанности по воспитанию (Статья 108).
4. Взыскание алиментов из заработка и дохода лица, обязанного уплачивать алименты (Статья 112).","Семейный кодекс Российской Федерации.pdf:page_24, Семейный кодекс Российской Федерации.pdf:page_25, Семейный кодекс Российской Федерации.pdf:page_28, Семейный кодекс Российской Федерации.pdf:page_31, Семейный кодекс Российской Федерации.pdf:page_33"
Какие объекты проектирования указаны в главе 4 согласно СНиП?, В главе 4 согласно СНиП (СНиП 1.02.03-83) указаны объекты для строительства за границей.,"Data1_11_11285_index.pdf:page_76, Data1_2_2069_index.pdf:page_11, Data1_2_2082_index.pdf:page_5, Градостроительный кодекс Российской Федерации.pdf:page_71, Градостроительный кодекс Российской Федерации.pdf:page_72"
Кто составляет проекты бюджетов государственных внебюджетных фондов Российской Федерации?, Проекты бюджетов государственных внебюджетных фондов России составляются органами управления этих фондов.,"Бюджетный кодекс Российской Федерации.pdf:page_236, Бюджетный кодекс Российской Федерации.pdf:page_237, Бюджетный кодекс Российской Федерации.pdf:page_241, Бюджетный кодекс Российской Федерации.pdf:page_242, Бюджетный кодекс Российской Федерации.pdf:page_277"
Какие работы включает в себя возобновление защитного слоя в железобетонных конструкциях каналов и камер согласно ГОСТ МДС 14-13.2000?," Возобновление защитного слоя в железобетонных конструкциях каналов и камер включает в себя мелкий ремонт в местах оголенной арматуры (ферм, балок, плит покрытия).","Data1_1_1879_index.pdf:page_1, Data1_1_1879_index.pdf:page_18, Data1_1_1879_index.pdf:page_21, Data1_1_1879_index.pdf:page_29, Data1_1_1879_index.pdf:page_30"
Какие телефоны доступны для бесплатной юридической консультации в Москве и Московской области?, Для получения бесплатной юридической консультации в Москве и Московской области доступны телефоны: 8 (499) 938-53-71.,"Административный кодекс Российской Федерации.pdf:page_374, Административный кодекс Российской Федерации.pdf:page_415, Административный кодекс Российской Федерации.pdf:page_417, Административный кодекс Российской Федерации.pdf:page_67, Градостроительный кодекс Российской Федерации.pdf:page_291"
На каком сайте можно найти комментарии к статьям?," Ответ:
1) На сайте https://gkodeksrf.ru/
2) На сайте https://upkodeksrf.ru/","Гражданский кодекс Российской Федерации.pdf:page_520, Гражданский кодекс Российской Федерации.pdf:page_563, Гражданский кодекс Российской Федерации.pdf:page_591, Уголовно-процессуальный кодекс Российской Федерации.pdf:page_124, Уголовно-процессуальный кодекс Российской Федерации.pdf:page_222"
Какие требования к устойчивости фонарей к воздействию радиационных факторов предъявляет ГОСТ МДС 31-8.2002?, ГОСТ МДС 31-8.2002 не предъявляет требований к устойчивости фонарей к воздействию радиационных факторов.,"Data1_10_10846_index.pdf:page_1, Data1_10_10846_index.pdf:page_16, Data1_10_10846_index.pdf:page_19, Data1_10_10846_index.pdf:page_2, Data1_10_10846_index.pdf:page_20"
Какие требования предъявляются к растворам-крепителям при силикатизации и смолизации грунтов согласно ГОСТ (к СНиП 3.02.01-83)?," Требования к растворам-крепителям при силикатизации и смолизации грунтов согласно ГОСТ (к СНиП 3.02.01-83) следующие:

1. Растворы карбамидных смол должны удовлетворять нормам табл. 7.
2. Для крепителя М-3 - соотношение к воде 1:0,5, плотность раствора 1,12 г/см3.
3. Для крепителя МФ-17 - соотношение к воде 1:2, плотность раствора 1,08 г/см3.
4. Смолы должны разбавляться азотно-кислого аммония или сульфитно-спиртовой барды для получения более стабильного раствора.
5. Физические и химические характеристики растворов должны удовлетворять нормам табл. 7, смятые кислоты должны соответствовать ТУ 221180-76, а техническая соляная кислота - ТУ 857-78.
6. При закреплении песчаных грунтов крепитель силикат натрия должен иметь модуль в пределах 2,7 - 3 и плотность 1,2 - 1,45 г/см3, при закреплении просадочных грунтов - 1,13 - 1,2 г/см3.
7. Для приготовления цементных растворов должен использоваться портландцемент марки не ниже 300.","Data1_11_11295_index.pdf:page_1, Data1_11_11295_index.pdf:page_12, Data1_11_11295_index.pdf:page_23, Data1_11_11295_index.pdf:page_6, Data1_11_11295_index.pdf:page_8"
"Какие основные задачи Государственной жилищной инспекции по контролю за использованием, содержанием и ремонтом жилищного фонда приведены в МДС 17-13.2000?"," Основными задачами Государственной жилищной инспекции, определенными в документе МДС 17-13.2000, являются:

1. Осуществление контроля за использованием, содержанием и ремонтом жилищного фонда независимо от его принадлежности и форм собственности.
2. Проведение обследования технического состояния жилищного фонда и инженерного оборудования, а также придомовой территории.
3. Установить наличие журналов по заявкам населения, осуществления обходов и осмотров жилых домов или их конструктивных элементов, а также прилегающей территории.","Data1_10_10852_index.pdf:page_1, Data1_10_10861_index.pdf:page_1, Data1_10_10861_index.pdf:page_2, Data1_10_10861_index.pdf:page_3, Жилищный кодекс Российской Федерации.pdf:page_13"
Что такое единая методология бюджетного учета и бюджетной отчетности?," Единая методология бюджетного учета и бюджетной отчетности - это установительная система, которая обеспечивает единство в описании, классификации, занесении и анализе информации по финансовым и нефинансовым активам, обязательствам, операциям субъектов бюджетной системы Российской Федерации. Она устанавливается Министерством финансов РФ в соответствии с положениями Кодекса.","Бюджетный кодекс Российской Федерации.pdf:page_255, Бюджетный кодекс Российской Федерации.pdf:page_27, Бюджетный кодекс Российской Федерации.pdf:page_378, Бюджетный кодекс Российской Федерации.pdf:page_379, Бюджетный кодекс Российской Федерации.pdf:page_381"
Кто выполняет распоряжения диспетчерских органов о отключении электрической энергии?, Отключение электрической энергии согласно распоряжению диспетчерских органов выполняется энергоснабжающей организацией.,"Data1_10_10853_index.pdf:page_3, Data1_10_10870_index.pdf:page_8, Data1_10_10871_index.pdf:page_13, Градостроительный кодекс Российской Федерации.pdf:page_17, Таможенный кодекс Евразийского экономического союза.pdf:page_361"
"Какие преимущества имеют средства индивидуализации, исключительное право на которые возникло ранее?"," Средства индивидуализации, такие как торговая марка, товарный знак или коммерческое обозначение, имеют преимущество в том, что они дают правообладателю исключительное право на использование данного средства индивидуализации. Это позволяет защитить свою торговую репутацию от неправомерного использования другими лицами, а также сбора компенсаций за возмещение причиненных убытков.","Гражданский кодекс Российской Федерации.pdf:page_493, Гражданский кодекс Российской Федерации.pdf:page_494, Гражданский кодекс Российской Федерации.pdf:page_515, Гражданский кодекс Российской Федерации.pdf:page_624, Гражданский кодекс Российской Федерации.pdf:page_661"
В каких случаях государственная пошлина не уплачивается при пересылке свидетельств и документов в соответствии с международными договорами?," Государственная пошлина не уплачивается при реорганизации организации в форме слияния, присоединения, преобразования и переоформлении правоустанавливающих документов на выделенный ей ресурс нумерации (по статье 333.27 настоящего Кодекса). Кроме того, при заключении соглашений между государствами-членами Союза и третьей стороной по свидетельствам и документам, в этом случае государственная пошлина не уплачивается.","Налоговый кодекс Российской Федерации.pdf:page_1268, Налоговый кодекс Российской Федерации.pdf:page_1304, Таможенный кодекс Евразийского экономического союза.pdf:page_323, Таможенный кодекс Евразийского экономического союза.pdf:page_353, Таможенный кодекс Евразийского экономического союза.pdf:page_62"
Как вносятся сведения о характеристиках древесины в государственный лесной реестр?," Сведения о характеристиках древесины вносятся в государственный лесной реестр:
1) лицами, использующими леса или осуществляющими мероприятия по сохранению лесов;
2) органами государственной власти и органами местного самоуправления;
3) уполномоченными в соответствии с статьями 81-84 Кодекса на заключение договоров купли-продажи лесных насаждений для собственных нужд граждан.

Данные подлежат внесению не позднее одного рабочего дня со дня наступления соответствующего события и сопровождаются автоматическим формированием отчета о ввезенной на склад или вывезенной со склада древесине.","Лесной кодекс Российской Федерации.pdf:page_26, Лесной кодекс Российской Федерации.pdf:page_27, Лесной кодекс Российской Федерации.pdf:page_29, Лесной кодекс Российской Федерации.pdf:page_55, Лесной кодекс Российской Федерации.pdf:page_86"
Какие работы выполняются с повышенными требованиями к качеству и классу точности?," Работы, которые выполняются с повышенными требованиями к качеству и классу точности, включают в себя построение внутренней разбивочной сети здания (сооружения) на монтажных горизонтах для многоэтажных зданий (сооружений), методы передачи разбивочных осей на монтажные горизонты, геодезические вывески при установке строительных конструкций и элементов в проектное положение. Данные работы могут также включать гидростатическое нивелирование для измерения относительных вертикальных перемещений большего числа точек, труднодоступных для измерений другими методами.","Data1_10_10754_index.pdf:page_2, Data1_11_11285_index.pdf:page_4, Data1_11_11285_index.pdf:page_73, Data1_11_11295_index.pdf:page_25, Data1_11_11295_index.pdf:page_26"
Какие положения МДС 81-3.99 следует учитывать при определении стоимости затрат на эксплуатацию строительных машин и механизмов?," 1) Затраты на эксплутацию отечественных строительных машин и автотранспортных средств должны учитывать оплату труда рабочих, обслуживающих машины, с районным коэффициентом равным 1.
2) Размеры средних ставок рабочих основной деятельности и надбавок за разъездной характер работ и надбавок при выполнении работ вахтовым методом устанавливает Росавтодор.
3) Затраты на эксплуатацию машин рассчитаны по 10-ти разрядной сетке, в которой оплата труда рабочего со средним тарифным разрядом 4,3 принята в размере 1760 руб.
4) Для рабочих, обслуживающих машины, данные могут использоваться данные не менее 3-5 региональных поставщиков.
5) Накладные расходы и сметная прибыль определяются согласно указанным в приложении 3 Методических указаний по определению величины накладных расходов и сметной прибыли в строительстве.","Data1_10_10754_index.pdf:page_3, Data1_10_10848_index.pdf:page_5, Data1_10_10848_index.pdf:page_7, Data1_2_2079_index.pdf:page_1, Data1_2_2080_index.pdf:page_6"
Что включает техническая приемка перед монтажом конструкций фонарей согласно ГОСТ МДС 31-8.2002?," Техническая приемка перед монтажом конструкций фонарей согласно ГОСТ МДС 31-8.2002 включает:
1. Соответствие установленных фонарей рабочей документации
2. Правильность установки несущих конструкций фонарей
3. Правильность установки светопропускающих элементов фонарей
4. Качество заделки стыков между отдельными элементами фонарей
5. Сохранность элементов и их отделки.","Data1_10_10754_index.pdf:page_1, Data1_10_10846_index.pdf:page_1, Data1_10_10846_index.pdf:page_18, Data1_10_10846_index.pdf:page_19, Data1_10_10846_index.pdf:page_20"
Какие документы регулируют оптовые цены на оборудование?," Документов, которые регулируют оптовые цены на оборудование, в тексте не упоминается. Для получения информации о документах, которые регулируют стоимость оборудования, рекомендую обратиться к специалистам по законодательству в этой области или проверить соответствующие законодательные акты.","Data1_2_2069_index.pdf:page_5, Data1_2_2082_index.pdf:page_18, Data1_2_2082_index.pdf:page_4, Data1_2_2082_index.pdf:page_7, Налоговый кодекс Российской Федерации.pdf:page_1431"
Какие виды грантов не подлежат налогообложению?," Гранты, полученные для поддержки науки и образования, культуры и искусства в Российской Федерации международными, иностранными и российскими организациями не подлежат налогообложению (статья 86 Кодекса РФ об определении порядка налогообложения доходов физических лиц).","Налоговый кодекс Российской Федерации.pdf:page_800, Налоговый кодекс Российской Федерации.pdf:page_803, Налоговый кодекс Российской Федерации.pdf:page_807, Налоговый кодекс Российской Федерации.pdf:page_825, Налоговый кодекс Российской Федерации.pdf:page_897"
Является ли ассоциация (союз) собственником своего имущества?," Да, в случае, если ассоциация (союз) приобрела или законно получила имущество, она имеет право называться собственником этого имущества.","Гражданский кодекс Российской Федерации.pdf:page_66, Гражданский кодекс Российской Федерации.pdf:page_67, Гражданский кодекс Российской Федерации.pdf:page_69, Гражданский кодекс Российской Федерации.pdf:page_70, Жилищный кодекс Российской Федерации.pdf:page_107"
Какие единицы измерения рекомендуются для разработки УПБС согласно ГОСТу?," Согласно ГОСТу, единицами измерения рекомендуется использовать те же, что и в сборниках ПВР и СНиР-91 для аналогичных ресурсов. Не допускается указывать для одного элемента затрат два показателя в виде дроби.","Data1_2_2079_index.pdf:page_2, Data1_2_2079_index.pdf:page_3, Data1_2_2080_index.pdf:page_7, Data1_2_2081_index.pdf:page_2, Data1_2_2081_index.pdf:page_3"
Что такое постоянное местонахождение иностранной организации?," Постоянное местонахождение иностранной организации означает государство, в котором основные органы управления компании находятся.","Налоговый кодекс Российской Федерации.pdf:page_1169, Налоговый кодекс Российской Федерации.pdf:page_1170, Налоговый кодекс Российской Федерации.pdf:page_1172, Налоговый кодекс Российской Федерации.pdf:page_1179, Налоговый кодекс Российской Федерации.pdf:page_903"
"Что влечет наложение административного штрафа на должностных лиц за нарушение правил эксплуатации, неиспользование сооружений, оборудования или аппаратуры для очистки газов и контроля выбросов вредных веществ в атмосферный воздух?"," Нарушение правил эксплуатации, неиспользование сооружений, оборудования или аппаратуры для очистки газов и контроля выбросов вредных веществ в атмосферный воздух влечет наложение административного штрафа на должностных лиц в размере от сорока тысяч до пятидесяти тысяч рублей.","Административный кодекс Российской Федерации.pdf:page_121, Административный кодекс Российской Федерации.pdf:page_122, Административный кодекс Российской Федерации.pdf:page_125, Административный кодекс Российской Федерации.pdf:page_160, Административный кодекс Российской Федерации.pdf:page_71"
"Что такое мониторинг, основанный на добровольном участии контролируемых лиц?"," Мониторинг, основанный на добровольном участии контролируемых лиц, - это механизм, при котором контролирующие лица (например, налогоплательщики) сами предоставляют информацию о себе и/или деятельности третьих субъектов (например, иностранных организациях, в которых они участвуют). Это позволяет сократить нагрузку на государственный контроль и ускорить процесс получения информации.","Кодекс внутреннего водного транспорта Российской Федерации.pdf:page_5, Налоговый кодекс Российской Федерации.pdf:page_200, Налоговый кодекс Российской Федерации.pdf:page_380, Налоговый кодекс Российской Федерации.pdf:page_76, Налоговый кодекс Российской Федерации.pdf:page_80"
При каких условиях выгодоприобретатель принимает обязательства по договору морского страхования?," При заключении договора морского страхования в пользу выгодоприобретателя, он не освобождает страхователя от выполнения обязанностей, если это не предусмотрено иное либо обязанности страхователя выполнены другим лицом.","Гражданский кодекс Российской Федерации.pdf:page_389, Гражданский кодекс Российской Федерации.pdf:page_394, Кодекс торгового мореплавания Российской Федерации.pdf:page_84, Кодекс торгового мореплавания Российской Федерации.pdf:page_86, Кодекс торгового мореплавания Российской Федерации.pdf:page_87"
Какое наименование должно быть присвоено выпуску проектной документации?," Наименование должны быть указаны в разделе ""СОСТАВ ПРОЕКТНОЙ ДОКУМЕНТАЦИИ"". Там должны быть указаны обозначение и наименование выпуска.","Data1_10_10849_index.pdf:page_10, Data1_10_10849_index.pdf:page_16, Data1_10_10849_index.pdf:page_17, Data1_10_10849_index.pdf:page_18, Градостроительный кодекс Российской Федерации.pdf:page_137"
Как определяется геометрический КЕО в расчетной точке по ГОСТ МДС 31-8.2002?," Геометрический Коэффициент Естественного Освещения (КЕО) в расчетной точке определяется по формуле (1), где n1 - количество лучей, попадающих в расчетную точку через световые проемы; n2 - количество лучей, проходящих через световые проемы по графику II (продольному разрезу помещения); e - расстояние от расчетной точки до вертикали, проходящей через середину светового проема.","Data1_10_10846_index.pdf:page_1, Data1_10_10846_index.pdf:page_12, Data1_10_10846_index.pdf:page_15, Data1_10_10846_index.pdf:page_34, Data1_10_10848_index.pdf:page_1"
Препятствует ли прекращение производства обращению других лиц?," Да, прекращение производства по административному делу может быть причиной для того, что документы, связанные с этим делом, не будут рассмотрены в других делах между теми же сторонами, о том же предмете и по тем же основаниям.

Приведенный контекст содержит нормативное правило, что производство прекращается судом по административному делу об оспаривании нормативного правового акта, если при его рассмотрении установлены нарушение прав, свобод и законных интересов административного истца. Таким образом, если административное производство прекращено, то возможно, что документы, связанные с этим делом, не будут рассмотрены в других делах между теми же сторонами, о том же предмете и по тем же основаниям.","Арбитражный процессуальный кодекс Российской Федерации.pdf:page_131, Арбитражный процессуальный кодекс Российской Федерации.pdf:page_185, Гражданский процессуальный кодекс Российской Федерации.pdf:page_123, Кодекс административного судопроизводства Российской Федерации.pdf:page_113, Кодекс административного судопроизводства Российской Федерации.pdf:page_72"
"В каких случаях судебные расходы, понесенные судом, взыскиваются с административного ответчика?"," Судебные расходы взыскиваются с административного ответчика в следующих случаях:
1. При отказе в административном деле (статья на сайте kodasrf.ru).
2. Если суд удовлетворяет иск частично, а административный ответчик освобождается от платы за судебные расходы (статья на сайте gpkodeksrf.ru).","Арбитражный процессуальный кодекс Российской Федерации.pdf:page_52, Гражданский процессуальный кодекс Российской Федерации.pdf:page_39, Гражданский процессуальный кодекс Российской Федерации.pdf:page_40, Кодекс административного судопроизводства Российской Федерации.pdf:page_60, Кодекс административного судопроизводства Российской Федерации.pdf:page_61"
Какова цель документа МДС 41-3.2000?, Документ МДС 41-3.2000 разработан с целью оказания методической помощи энергоснабжающим (теплоснабжающим) организациям систем жилищно-коммунального хозяйства для обеспечения производства и распределения тепловой энергии и эксплуатации источников тепла.,"Data1_10_10864_index.pdf:page_1, Data1_10_10870_index.pdf:page_1, Data1_10_10871_index.pdf:page_1, Data1_1_1879_index.pdf:page_1, Data1_1_1904_index.pdf:page_1"
"Как определяется рыночная стоимость земельного участка, если разрешенное использование изменено для строительства объектов федерального значения?"," Для определения рыночной стоимости земельного участка, если разрешенное использование изменено для строительства объектов федерального значения, необходимо учитывать новые параметры и (или) разрешенное использование земельного участка в соответствии с установленными ограничениями по территории с особыми условиями использования. При этом рыночная стоимость определяется как разница между рыночной стоимостью исходного земельного участка (рыночная стоимость прекращаемых прав на исходный земельный участок) и рыночной стоимостью земельного участка, сохраняющегося у правообладателя (рыночной стоимости сохраняющихся прав).","Земельный кодекс Российской Федерации.pdf:page_143, Земельный кодекс Российской Федерации.pdf:page_144, Земельный кодекс Российской Федерации.pdf:page_145, Земельный кодекс Российской Федерации.pdf:page_157, Налоговый кодекс Российской Федерации.pdf:page_1592"
На каком сайте можно найти комментарии к статьям Налогового кодекса РФ?, <https://nkodeksrf.ru/>,"Гражданский кодекс Российской Федерации.pdf:page_463, Налоговый кодекс Российской Федерации.pdf:page_1053, Налоговый кодекс Российской Федерации.pdf:page_1172, Налоговый кодекс Российской Федерации.pdf:page_2, Налоговый кодекс Российской Федерации.pdf:page_92"
"Как можно снизить вязкость растворов силиката при радиусах закрепления 0,7 м и более (ГОСТ 3.02.01-83)?"," Снизить вязкость растворов силиката можно путем уменьшения содержания сухих веществ в них. Используйте более водный раствор с большим количеством воды при заданном соотношении цемента и ортофосфорной кислоты, но сохраняя предельно допустимые границы модуля упругости (2,7 - 3) и плотности (1,2 - 1,45 г/см3).","Data1_11_11295_index.pdf:page_12, Data1_11_11295_index.pdf:page_14, Data1_11_11295_index.pdf:page_5, Data1_11_11295_index.pdf:page_6, Data1_11_11295_index.pdf:page_8"
Какие дополнительные выплаты стимулирующего характера учитываются в расчетах согласно ГОСТ МДС 81-7.2000?," В документе не указано о каких-либо дополнительных выплатах стимулирующего характера, учитывающихся в расчетах согласно ГОСТ МДС 81-7.2000. Это пособие сосредоточено на расчете затрат на содержание службы заказчика-застройщика и определении численности персонала в зависимости от выделенных инвестиций.","Data1_10_10754_index.pdf:page_14, Data1_10_10754_index.pdf:page_18, Data1_2_2070_index.pdf:page_1, Data1_2_2073_index.pdf:page_1, Data1_2_2116_index.pdf:page_1"
Какие данные о гранулометрическом составе грунтов необходимы для проектирования инъекционного химзакрепления согласно СНиП 3.02.01-83?," Для проектирования инъекционного химзакрепления грунтов в соответствии с нормами СНиП 3.02.01-83 необходимы данные о гранулометрическом составе грунтов, включая размеры и доля фракций.","Data1_11_11295_index.pdf:page_1, Data1_11_11295_index.pdf:page_10, Data1_11_11295_index.pdf:page_11, Data1_11_11295_index.pdf:page_27, Data1_11_11295_index.pdf:page_9"
Какая средняя температура за июль в Печоре согласно ГОСТ МДС 31-8.2002?," В ГОСТе МДС 31-8.2002 данных о средней температуре за июль в Печоре не приведены, так как этот документ содержит сведения об устройстве фонарей для естественного освещения помещений в различных регионах России, но не предоставляет метеорологическую информацию.","Data1_10_10846_index.pdf:page_1, Data1_10_10846_index.pdf:page_24, Data1_10_10846_index.pdf:page_25, Data1_10_10846_index.pdf:page_26, Налоговый кодекс Российской Федерации.pdf:page_685"
Какая специальная информационная дорожка должна предусматриваться в зале для специальной физической подготовки инвалидов согласно ГОСТ МДС 35-7.2000?," По информации из документа ГОСТ МДС 35-7.2000, в зале для специальной физической подготовки инвалидов должна предусматриваться система информации для незрячих, состоящая из следующих элементов: поворот, прямая, барьер (ограждение), легкое ограждение (веревка), развилка или перекресток.","Data1_10_10847_index.pdf:page_1, Data1_10_10847_index.pdf:page_23, Data1_10_10847_index.pdf:page_27, Data1_10_10847_index.pdf:page_28, Data1_10_10847_index.pdf:page_5"
"Какова важность правильного реагирования на запросы заказчиков, согласно ГОСТ МДС 11-11.2000?"," Правильное реагирование на запросы заказчиков важно для того, чтобы обеспечить согласование градостроительной документации и удовлетворение требований к проекту в рамках ГОСТ МДС 11-11.2000.","Data1_10_10858_index.pdf:page_1, Data1_10_10859_index.pdf:page_1, Data1_10_10863_index.pdf:page_1, Data1_1_1904_index.pdf:page_1, Data1_2_2116_index.pdf:page_1"
Какова роль канатного моста (элемент 3) в проекте площадки с зоной водных игр согласно ГОСТ МДС 35-7.2000?," Кантатный мост (элемент 3) в проекте площадки с зоной водных игр согласно ГОСТ МДС 35-7.2000 предназначен для прохождения по различным точкам площадки, особенно при игровых занятиях или передвижении между элементами наиболее активных игр.","Data1_10_10847_index.pdf:page_1, Data1_10_10847_index.pdf:page_17, Data1_10_10847_index.pdf:page_23, Data1_10_10852_index.pdf:page_1, Data1_1_1879_index.pdf:page_31"
"Какова ответственность за нарушение правил использования на территории Российской Федерации спутниковых сетей связи, находящихся под юрисдикцией иностранных государств, для должностных лиц?"," Для должностных лиц нарушение правил использования спутниковых сетей связи, находящихся под юрисдикцией иностранных государств, может влечь наложение административного штрафа в размере от двух тысяч до восьми тысяч рублей. Эта санкция предусмотрена статьёй 13.46 Кодекса Российской Федерации об административных правонарушениях. Бесплатная юридическая консультация по телефонам: 8 (499) 938-53-71 (Москва и МО), 8 (812) 467-95-28 (Санкт-Петербург и ЛО), 8 (800) 301-92-12 (Регионы РФ).","Административный кодекс Российской Федерации.pdf:page_230, Административный кодекс Российской Федерации.pdf:page_236, Административный кодекс Российской Федерации.pdf:page_244, Административный кодекс Российской Федерации.pdf:page_371, Уголовный кодекс Российской Федерации.pdf:page_217"
Как определяется базовая цена проектирования объединенных или сблокированных зданий научно-исследовательских учреждений согласно СНиП?," При проектировании объединенных или сблокированных зданий научно-исследовательских учреждений базовая цена определяется аналогично расчету для отдельного здания, при этом стоимость разработки базовой секции (корпуса) определяется с применением поправочных коэффициентов к стоимости работ по повторяющимся секциям или корпусам в соответствии с п. 2 СНиП, указанному в документации по формированию и использованию укрупненных показателей базисной стоимости.","Data1_11_11835_index.pdf:page_12, Data1_11_11835_index.pdf:page_3, Data1_11_11835_index.pdf:page_4, Data1_2_2080_index.pdf:page_1, Data1_2_2081_index.pdf:page_1"
"Какие статьи КоАП рассматривают судьи, если дело возбуждено инспектором Счетной палаты Российской Федерации, согласно пункту 1.1 статьи 23.1?"," Судьи рассматривают дела об административных правонарушениях, предусмотренных статьями 9 (части 3 и 4), 11.20.1 настоящего Кодекса РФ. Это указано в пункте 1.1 статьи 23.1 КоАП.","Административный кодекс Российской Федерации.pdf:page_466, Административный кодекс Российской Федерации.pdf:page_468, Административный кодекс Российской Федерации.pdf:page_480, Административный кодекс Российской Федерации.pdf:page_492, Административный кодекс Российской Федерации.pdf:page_493"
Кто должен подписывать диагностическую карту крана согласно ТИПОВЫМ НОРМАМ?," Диагностическая карта крана должна подписываться специалистом, осуществляющим диагностику (экспертом), а также лицом, ответственным за техническое обслуживание или ремонт крана (например, оператором или руководителем службы обслуживания).","Data1_10_10852_index.pdf:page_21, Data1_10_10855_index.pdf:page_1, Data1_10_10855_index.pdf:page_2, Data1_10_10855_index.pdf:page_3, Административный кодекс Российской Федерации.pdf:page_247"
Какие полномочия имеют законные представители?," Законные представители имеют следующие полномочия:
1. Представлять интересы в административном правонарушении (статья 25.4).
2. Участвовать в отношениях, регулируемых законодательством о налогах и сборах (статья 26).
3. Выдаются доверенность от имени организации (статья не указана).
4. Представители, назначаемые судом, могут представлять доказательства, участвовать в прениях сторон, приносить жалобы на действия (бездействие) и решения суда, участвовать в заседании судов апелляционной, кассационной и надзорной инстанций (статья не указана).
5. В случае отсутствия представителя у ответчика могут назначаться адвокаты (статья 50).","Административный кодекс Российской Федерации.pdf:page_512, Гражданский процессуальный кодекс Российской Федерации.pdf:page_22, Гражданский процессуальный кодекс Российской Федерации.pdf:page_23, Налоговый кодекс Российской Федерации.pdf:page_89, Уголовно-процессуальный кодекс Российской Федерации.pdf:page_270"
Когда считается дата подачи заявки на товарный знак?," Дата подачи заявки на товарный знак считается датой, когда заявление приходит в федеральный орган исполнительной власти по интеллектуальной собственности.","Гражданский кодекс Российской Федерации.pdf:page_579, Гражданский кодекс Российской Федерации.pdf:page_634, Гражданский кодекс Российской Федерации.pdf:page_635, Гражданский кодекс Российской Федерации.pdf:page_639, Гражданский кодекс Российской Федерации.pdf:page_640"
"Какие действия следует предпринять при обнаружении осадочных трещин согласно ТП-70 С., СНиП II-22-81, СНиП 2.03.01-84*?"," Не допускается осадочные трещины в стенных конструкциях. Для устранения осадочных трещин необходимо: ликвидировать причину увлажнения стен (повреждение кровли, карниза, парапета), закрыть трещины герметиком и уплотняющими материалами с обязательным обжатием 30-50%, а также теплоизоляцией - теплопакетами или устройством ""вутов"", ширина которых должна быть не менее 300 мм. Срок исполнения рекомендуется в кратчайшие сроки.","Data1_10_10861_index.pdf:page_14, Data1_10_10861_index.pdf:page_15, Data1_10_10861_index.pdf:page_18, Data1_10_10861_index.pdf:page_25, Data1_10_10861_index.pdf:page_30"
Какое заключение должен дать эксперт?," Эксперт обязан дать объективное заключение по поставленным перед ним вопросам, исходящее из его специальных познаний и основанное на результатах проведенных исследований.","Административный кодекс Российской Федерации.pdf:page_515, Административный кодекс Российской Федерации.pdf:page_519, Арбитражный процессуальный кодекс Российской Федерации.pdf:page_41, Кодекс административного судопроизводства Российской Федерации.pdf:page_30, Кодекс административного судопроизводства Российской Федерации.pdf:page_48"
Какой СНиП документа указан в методических рекомендациях по разработке сборников ресурсных сметных норм на монтаж оборудования?," В контексте методических рекомендаций, документ СНиП не указан явно. Однако можно предположить, что используется ""СНиР-91"" как нормативативная база для разработки сборников ресурсных сметных норм, поскольку приведен перечень документов, которые разрабатываются одновременно и включает в себя ""Методические рекомендации по составлению сметных расчетов (смета) на пуско-наладочные работы ресурсным методом"", которые были изданы в 1994 году, а в СНиР-91 использовался стоимостный норматив от 1 января 1991 года. Однако для точной информации лучше консультироваться с представителями Госстроя России или другими экспертами.","Data1_10_10062_index.pdf:page_2, Data1_10_10864_index.pdf:page_14, Data1_2_2073_index.pdf:page_1, Data1_2_2073_index.pdf:page_2, Data1_2_2076_index.pdf:page_3"
Какие требования к увеличению пропускной способности существующей сети и производительности подогревательной и насосной установок должны быть указаны в технических условиях согласно СНиП?," Технические условия должны включать требования об увеличении пропускной способности существующей сети и производительности подогревательной и насосной установок, если это необходимо для увеличения мощности теплоисточников, тепловых сетей и сооружений в связи с присоединением теплопотребляющих установок и сетей заказчиков.","Data1_10_10852_index.pdf:page_23, Data1_10_10852_index.pdf:page_28, Data1_10_10871_index.pdf:page_4, Data1_10_10871_index.pdf:page_7, Data1_10_10871_index.pdf:page_8"
Какие требования предъявляются к технической документации на узел учета?," Техническая документация, предъявляемая ремонтированному узлу учета тепловой энергии должна соответствовать техническим условиям на присоединение объекта теплопотребления, выданным абоненту теплоснабжающей организацией. Она также должна включать контроль за соответствием объемов и качества выполненных строительно-монтажных работ проектно-сметной документации, проведение учета объемов и стоимости принятых и оплаченных строительно-монтажных работ, а также контроль наличия и правильности ведения первичной исполнительной технической документации.","Data1_10_10870_index.pdf:page_7, Data1_10_10870_index.pdf:page_8, Data1_10_10870_index.pdf:page_9, Data1_1_1804_index.pdf:page_9, Data1_1_1879_index.pdf:page_13"
Какой ГОСТ или СНиП определяет методику расчета сметной прибыли?, Методика расчета сметной прибыли определяется в соответствии с Методическими указаниями по определению величины сметной прибыли в строительстве (МДС 81-25.2001).,"Data1_10_10754_index.pdf:page_18, Data1_10_10848_index.pdf:page_7, Data1_2_2073_index.pdf:page_1, Data1_2_2117_index.pdf:page_2, Data1_2_2117_index.pdf:page_4"
Какие организации могут разрабатывать и применять собственные РСН на монтируемое ими оборудование согласно МДС 81-13.2000?," Организации, разрабатывающие и применяящие собственные РСН на монтируемое ими оборудование, могут быть только те, которые уполномочены Госстроем России по Указаниям ФЕРм-2001 МДС 81-37.2004.","Data1_10_10754_index.pdf:page_1, Data1_10_10864_index.pdf:page_1, Data1_2_2073_index.pdf:page_1, Data1_2_2073_index.pdf:page_2, Data1_2_2117_index.pdf:page_1"
"Каков максимальный срок наказания по совокупности приговоров, если оно менее строгое, чем лишение свободы?"," Максимальный срок наказания по совокупности приговоров не имеет ограничений в случаях, когда все преступления являются преступлениями небольшой или средней тяжести, либо приготовлением к тяжкому или особо тяжкому преступлению, либо покушением на тяжкое или особо тяжкое преступление.","Уголовно-процессуальный кодекс Российской Федерации.pdf:page_298, Уголовный кодекс Российской Федерации.pdf:page_20, Уголовный кодекс Российской Федерации.pdf:page_24, Уголовный кодекс Российской Федерации.pdf:page_25, Уголовный кодекс Российской Федерации.pdf:page_4"
Какие лицензии должны иметь инженерно-консультационные организации?," Инженерно-консультационные организации могут иметь лицензии на необходимые виды деятельности, например, проектирование и строительство.","Data1_10_10858_index.pdf:page_14, Data1_10_10866_index.pdf:page_2, Data1_10_10866_index.pdf:page_4, Data1_10_10866_index.pdf:page_6, Жилищный кодекс Российской Федерации.pdf:page_134"
Что влечет наложение административного штрафа по статье 16.8?, Нарушение статьи 16.8 влечет предупреждение или наложение административного штрафа на граждан в размере от пятисот до одной тысячи рублей.,"Административный кодекс Российской Федерации.pdf:page_266, Административный кодекс Российской Федерации.pdf:page_358, Административный кодекс Российской Федерации.pdf:page_359, Административный кодекс Российской Федерации.pdf:page_360, Административный кодекс Российской Федерации.pdf:page_363"
Какой минимальный уровень расчетных налоговых доходов должен быть установлен?," Для выравнивания расчетной бюджетной обеспеченности субъектов Российской Федерации и городских/сельских поселений, а также муниципальных районов (муниципальных округов, городских округов, городских округов с внутригородским делением), необходимо установить минимальный уровень расчетных налоговых доходов показателей, которые могут быть получены бюджетом. Это критерий выравнивания расчетной бюджетной обеспеченности, который определяется соотношением налоговых доходов на одного жителя за текущий финансовый год и плановый период.","Бюджетный кодекс Российской Федерации.pdf:page_195, Бюджетный кодекс Российской Федерации.pdf:page_215, Бюджетный кодекс Российской Федерации.pdf:page_230, Бюджетный кодекс Российской Федерации.pdf:page_231, Налоговый кодекс Российской Федерации.pdf:page_1373"
Какие формулы используются для вычисления центральных координат точек базисной фигуры согласно СНиП 3.01.03-84?," Формулы для вычисления центральных координат точек базисной фигуры согласно СНиП 3.01.03-84:
x0 = Σxi/n; y0 = Σyi/n, где n - количество точек, xi и yi - координаты центра тяжести фигуры на исходном горизонте.","Data1_11_11285_index.pdf:page_14, Data1_11_11285_index.pdf:page_17, Data1_11_11285_index.pdf:page_37, Data1_11_11285_index.pdf:page_42, Data1_11_11285_index.pdf:page_43"
Какая дата указывается в постановлении о досрочном прекращении исполнения административного наказания?, В постановлении о досрочном прекращении исполнения административного наказания указывается дата его досрочного прекращения.,"Административный кодекс Российской Федерации.pdf:page_577, Административный кодекс Российской Федерации.pdf:page_599, Административный кодекс Российской Федерации.pdf:page_610, Кодекс административного судопроизводства Российской Федерации.pdf:page_163, Уголовно-исполнительный кодекс Российской Федерации.pdf:page_90"
Какие работы по усилению стропильных ног предусмотрены в соответствии с ГОСТ МДС 14-13.2000?," В документе ""Методические рекомендации Госстроя России МДС 81-14.2000"" нет ссылок на ГОСТ МДС 14-13.2000, поэтому работы по усилению стропильных ног в соответствии с данным документом не предусмотрены.","Data1_10_10862_index.pdf:page_1, Data1_10_10863_index.pdf:page_1, Data1_1_1879_index.pdf:page_1, Data1_2_2073_index.pdf:page_1, Data1_2_2117_index.pdf:page_1"
Какие отходы приобретают статус иностранных товаров?," Отходы, образовавшиеся в результате уничтожения товаров, кроме указанных в пункте 5 настоящей статьи, а также результат операции по переработке для внутреннего потребления (продукты переработки, отходы и остатки) приобретают статус иностранных товаров.","Таможенный кодекс Евразийского экономического союза.pdf:page_15, Таможенный кодекс Евразийского экономического союза.pdf:page_192, Таможенный кодекс Евразийского экономического союза.pdf:page_206, Таможенный кодекс Евразийского экономического союза.pdf:page_242, Таможенный кодекс Евразийского экономического союза.pdf:page_289"
Какие действия может совершать представитель в арбитражном суде?," Представитель иностранного государства может совершать процессуальные действия, за исключением тех, которые не предусмотрены в доверенности или других подходящих документах, кроме того, должно быть специально оговорено право представителя на подписание отзыва на исковое заявление.","Арбитражный процессуальный кодекс Российской Федерации.pdf:page_168, Арбитражный процессуальный кодекс Российской Федерации.pdf:page_29, Арбитражный процессуальный кодекс Российской Федерации.pdf:page_43, Арбитражный процессуальный кодекс Российской Федерации.pdf:page_57, Гражданский процессуальный кодекс Российской Федерации.pdf:page_21"
Какие сроки давности привлечения к административной ответственности должны быть учтены?," Срок давности привлечения к административной ответственности определяется индивидуально для каждого административного правонарушения в соответствии с нормами, предусмотренными Кодексом РФ по административным правонарушениям.

* В части использования запрещенной субстанции и (или) запрещенного метода - срок давности начинается со дня получения общероссийской антидопинговой организацией заключения лаборатории, аккредитованной Всемирным антидопинговым агентством.
* В отношении налоговых правонарушений, предусмотренных статьями 120, 122, 129.3 и 129.5 - исчисление срока давности применяется со следующего дня после окончания соответствующего налогового периода.
* Срок давности для других административных правонарушений определяется в соответствии с нормами Кодекса РФ по административным правонарушениям и соответствующих законов субъектов Российской Федерации.","Административный кодекс Российской Федерации.pdf:page_28, Административный кодекс Российской Федерации.pdf:page_31, Арбитражный процессуальный кодекс Российской Федерации.pdf:page_106, Налоговый кодекс Российской Федерации.pdf:page_354, Уголовный кодекс Российской Федерации.pdf:page_31"
Какие документы регулируют порядок исчисления налогов на пользователей автомобильных дорог согласно ГОСТ МДС 81-23.2000?," Данный документ - ГОСТ МДС 81-23.2000 не содержит прямого указания налогов на пользователей автомобильных дорог, однако в смете расходов присутствует статья 9.6.2 ""Средства на уплату налога на добавленную стоимость"", которая может относиться к налогу, связанному с налогом на добавленную стоимость товаров (НДС). Кроме того, для определения стоимости работ при строительстве и ремонте автомобильных дорог используются временные методические указания МДС 81-30.2002/Госстрой России, которые тоже не содержат прямых ссылок налогов, но могут соответствовать практике установления таких налогов.","Data1_10_10848_index.pdf:page_1, Data1_10_10848_index.pdf:page_11, Data1_10_10863_index.pdf:page_1, Data1_2_2069_index.pdf:page_1, Data1_2_2070_index.pdf:page_1"
Как проводится предварительное судебное заседание?," Предварительное судебное заседание проводится для уточнения обстоятельств, о проведении предварительного слушания. Оно может быть начато не позднее 14 суток после назначения судебного заседания и составляется протокол в соответствии с установленными статьями Кодекса.","Гражданский процессуальный кодекс Российской Федерации.pdf:page_61, Кодекс административного судопроизводства Российской Федерации.pdf:page_81, Кодекс административного судопроизводства Российской Федерации.pdf:page_82, Уголовно-процессуальный кодекс Российской Федерации.pdf:page_164, Уголовно-процессуальный кодекс Российской Федерации.pdf:page_166"
"Какие данные используются для определения средств на обеспечение периода гарантийной эксплуатации, согласно ГОСТ МДС 81-21.2000?"," Для определения средств на обеспечение периода гарантийной эксплуатации используются данные из раздела ""ОПРЕДЕЛЕНИЕ ЗАТРАТ НА ЭКСПЛУАТАЦИЮ МАШИН"" в Методических рекомендациях по формированию укрепленных показателей базовой стоимости на виды работ (МДС 81-18.2000).","Data1_2_2073_index.pdf:page_1, Data1_2_2076_index.pdf:page_1, Data1_2_2079_index.pdf:page_1, Data1_2_2116_index.pdf:page_1, Data1_2_2117_index.pdf:page_1"
Как определяется коэффициент теплоотдачи ограждения согласно ГОСТ МДС 31-8.2002?," Согласно ГОСТ МДС 31-8.2002, коэффициент теплоотдачи ограждения (U-значение) определяется методом общих характеристик теплопередачи сооружений по тестовому участку. Этот метод основан на измерении температурных потерь через тестовый участок и применении уравнения, связывающего U-значение с потерями тепла, площадью тестового участка и другими параметрами.","Data1_10_10754_index.pdf:page_1, Data1_10_10754_index.pdf:page_3, Data1_10_10846_index.pdf:page_1, Data1_10_10848_index.pdf:page_1, Налоговый кодекс Российской Федерации.pdf:page_1431"
Какой СНиП определяет стоимость строительства в уровне цен I кв. 1993 г.?," Ответ: МСД 81-10.2000 - это документ, который определяет стоимость строительства в уровне цен I квартала 1993 г., как показано в Методических рекомендациях по определению сметной стоимости строительства.","Data1_2_2075_index.pdf:page_6, Data1_2_2076_index.pdf:page_1, Data1_2_2080_index.pdf:page_18, Data1_2_2080_index.pdf:page_34, Data1_2_2080_index.pdf:page_8"
Как определяется подрядные торги в ГОСТ МДС-80-8.2000?," В соответствии с ГОСТ MDS-80-8.2000, подрядные торги определяются требованиями ""Положения о подрядных торгах в Российской Федерации"".","Data1_10_10865_index.pdf:page_1, Data1_10_10866_index.pdf:page_1, Data1_10_10867_index.pdf:page_1, Data1_10_10869_index.pdf:page_1, Data1_2_2079_index.pdf:page_1"
Как подсудимый может быть удален из зала заседания?," Подсудимый может быть удален из зала судебного заседания до окончания дела при нарушении порядка, дисциплины или оскорблении члена суда. Это можно произойти в соответствии с правилами процедуры уголовного судопроизводства, которые определяются законом.","Уголовно-процессуальный кодекс Российской Федерации.pdf:page_179, Уголовно-процессуальный кодекс Российской Федерации.pdf:page_191, Уголовно-процессуальный кодекс Российской Федерации.pdf:page_214, Уголовно-процессуальный кодекс Российской Федерации.pdf:page_222, Уголовно-процессуальный кодекс Российской Федерации.pdf:page_270"
Какие коэффициенты применяются для изготовления макетов в разных масштабах? (СНиП)," Коэффициент устанавливается согласованием с заказчиком, не определено в контексте предоставленном.","Data1_10_10864_index.pdf:page_34, Data1_10_10865_index.pdf:page_38, Data1_11_11295_index.pdf:page_5, Data1_1_1904_index.pdf:page_20, Data1_2_2073_index.pdf:page_1"
Каков индекс текущего уровня цен для прочих работ и затрат в II квартале 1993 года?," Индекс текущего уровня цен для прочих работ и затрат в II квартале 1993 года равен 408, полученный путем деления суммы прочих работ и затрат (27663 тыс. руб.) в текущих ценах на ту же сумму сметной стоимости (30253 тыс. руб.) в базисном уровне цен.","Data1_2_2075_index.pdf:page_6, Data1_2_2075_index.pdf:page_9, Data1_2_2080_index.pdf:page_17, Data1_2_2080_index.pdf:page_34, Data1_2_2080_index.pdf:page_8"
"Какова основная задача генеральной схемы расселения, природопользования и территориальной организации производительных сил Российской Федерации, согласно ГОСТ МДС 11-7.2000?"," Основная задача генеральной схемы расселения - определение основных положений долгосрочного плана развития населения, природопользования и территориальной организации производительных сил Российской Федерации.","Data1_1_1904_index.pdf:page_1, Data1_1_1904_index.pdf:page_3, Data1_1_1904_index.pdf:page_5, Data1_1_1904_index.pdf:page_6, Data1_1_1904_index.pdf:page_7"
Какие нормы ГОСТ или СНиП применяются к теплоснабжению при проектировании троллейбусного депо?," The norms applied to heating systems in the context of designing a trolleybus depot are SniP 7.2 ""Projecting Trolleybus Depots"" and SniP 8.5 ""Heating Systems for Industrial Buildings"".","Data1_10_10861_index.pdf:page_21, Data1_10_10870_index.pdf:page_6, Data1_10_10871_index.pdf:page_7, Data1_11_11835_index.pdf:page_36, Data1_2_2096_index.pdf:page_2"
Как определяется прогнозный индекс к сметной стоимости в Форме № 3-в согласно ГОСТ?," Прогнозный индекс к сметной стоимости определяется умножением сметной стоимости в текущем уровне цен на нормативный процент выполнения в долях от единицы по кварталам (месяцам) и на прогнозный индекс к сметной стоимости, как описано в ГОСТ Р МДС 81-9.2000 ""Методические рекомендации по использованию текущих и прогнозных индексов стоимости при составлении смет, формировании свободных (договорных) цен на строительную продукцию и расчетам за выполненные работы"".","Data1_2_2075_index.pdf:page_1, Data1_2_2075_index.pdf:page_7, Data1_2_2079_index.pdf:page_6, Data1_2_2117_index.pdf:page_1, Data1_2_2117_index.pdf:page_4"
Какой индекс изменения стоимости СМР был в Читинской области в I кв. 1993 г. по сравнению с базисным уровнем на 01.01.91 согласно МДС 81-9.2000?," В Читинской области индекс изменения стоимости СМР в I кв. 1993 г. по сравнению с базисным уровнем на 01.01.91 составляет 1,51 согласно МДС 81-9.2000.","Data1_2_2075_index.pdf:page_12, Data1_2_2080_index.pdf:page_34, Data1_2_2080_index.pdf:page_5, Data1_2_2080_index.pdf:page_8, Data1_2_2081_index.pdf:page_9"
Как перечисляется плата за нормативные и сверхнормативные выбросы и сбросы согласно ГОСТ МДС 81-23.2000?," Плата за нормативные и сверхнормативные выбросы и сбросы взимается согласно ГОСТ МДС 81-23.2000 в виде налогов, отчислений и платежей в установленном порядке:
1. За право пользования породными ресурсами в пределах установленных лимитов.
2. За сверхлимитное и нерациональное использование природных ресурсов.
3. На воспроизводство и охрану природных ресурсов.","Data1_2_2070_index.pdf:page_1, Data1_2_2070_index.pdf:page_8, Data1_2_2073_index.pdf:page_1, Data1_2_2116_index.pdf:page_1, Data1_2_2117_index.pdf:page_1"
"Как изменяются максимальные суммы банковских гарантий для банков, у которых утвержден план по предупреждению банкротства?"," Максимальные суммы банковских гарантий для банков, у которых утвержден план по предупреждению банкротства, не изменяются и определяются в соответствии с действующими нормативными актами.","Налоговый кодекс Российской Федерации.pdf:page_171, Налоговый кодекс Российской Федерации.pdf:page_173, Налоговый кодекс Российской Федерации.pdf:page_261, Налоговый кодекс Российской Федерации.pdf:page_709, Трудовой кодекс Российской Федерации.pdf:page_215"
"Какое напряжение считается высоким напряжением, согласно СНиП?"," Согласно указанному СНиП 23-05-95, высоким напряжением электрических сетей считается напряжение до 1000 вольт.","Data1_10_10754_index.pdf:page_22, Data1_10_10846_index.pdf:page_33, Data1_10_10846_index.pdf:page_43, Data1_11_11285_index.pdf:page_25, Административный кодекс Российской Федерации.pdf:page_143"
"Что означает ""посягательство на жизнь сотрудника правоохранительного органа""?"," ""Посягательство на жизнь сотрудника правоохранительного органа"" означает нападение или угрозу насилия над сотрудником правоохранительных органов (полиции, военнослужащим и их близкими) с целью препятствования им выполнению их служебных обязанностей по охране общественного порядка и обеспечению общественной безопасности либо в мести за такую деятельность.

Правила наказания для этого преступления установлены в статье 318 Уголовного кодекса РФ.","Административный кодекс Российской Федерации.pdf:page_193, Воздушный кодекс Российской Федерации.pdf:page_47, Уголовный кодекс Российской Федерации.pdf:page_243, Уголовный кодекс Российской Федерации.pdf:page_244, Уголовный кодекс Российской Федерации.pdf:page_253"
Какие решения должны быть заранее продуманы для эффективного использования строительных механизмов согласно ГОСТ МДС 14-13.2000?," Для эффективного использования строительных механизмов необходимо:
1. Максимальное применение механизмов и сборных конструкций и деталей (7.1).
2. Сборники ресурсных сметных норм на монтаж оборудования разработать согласно Методическим рекомендациям ГОСТ МДС 81-13.2000 (1.1).
3. Детальные календарные планы для порядка производства капитального ремонта должны быть разработаны с учётом поступления конструкций, деталей и материалов (7.2).
4. Индексы стоимости (цен, затрат) в строительстве определить согласно Методическим рекомендациям ГОСТ МДС 81-14.2000 (1.2).
5. При расчёте затрат на службу заказчика-застройщика использовать Методическое пособие ГОСТ МДС 81-7.2000.
6. При проектировании строительных объектов соблюдать требования к раздевален для занимающихся (МДС 35-7.2000).","Data1_10_10847_index.pdf:page_1, Data1_1_1879_index.pdf:page_12, Data1_2_2073_index.pdf:page_1, Data1_2_2116_index.pdf:page_1, Data1_2_2117_index.pdf:page_1"
Кто назначает и освобождает начальника управления (отдела) капитального строительства предприятия? (СНиП)," Начальника управления (отдела) капитального строительства предприятия назначает и освобождает дирекция или руководитель предприятия, в зависимости от того, кто возлагает права и обязанности единого заказчика. В соответствии с ГОСТРОЙ РОССИИ МДС 11-11.2000, это могут быть управления (отделы) капитального строительства Советов Министров автономных республик, исполкомов краевых, областных, городских Советов народных депутатов, а также предприятий с их согласия по решениям Советов Министров автономных республик и исполкомов местных Советов народных депутатов. В случае функций единого заказчика в городах (населенных пунктах), определяемых Советом Министров союзной республики по согласованию с министерством СССР, которые находятся в ведении этого предприятия, функции единого заказчика могут возлагаться на самое предприятие.","Data1_10_10858_index.pdf:page_1, Data1_1_1804_index.pdf:page_6, Data1_1_1804_index.pdf:page_7, Data1_1_1879_index.pdf:page_13, Data1_1_1879_index.pdf:page_34"
Как определяется точность выноса в натуру линий при использовании способа прямоугольных координат согласно СНиП 3.01.03-84?, Точность выноса в натуру линий при использовании способа прямоугольных координат согласно СНиП 3.01.03-84 определяется формулами (2) и (3).,"Data1_11_11285_index.pdf:page_17, Data1_11_11285_index.pdf:page_20, Data1_11_11285_index.pdf:page_22, Data1_11_11285_index.pdf:page_4, Data1_11_11285_index.pdf:page_7"
Какая сумма государственной пошлины установлена за выдачу удостоверения эксперта по культурным ценностям?, 4 000 рублей,"Налоговый кодекс Российской Федерации.pdf:page_1277, Налоговый кодекс Российской Федерации.pdf:page_1278, Налоговый кодекс Российской Федерации.pdf:page_1280, Налоговый кодекс Российской Федерации.pdf:page_1286, Уголовный кодекс Российской Федерации.pdf:page_191"
"Что происходит, если соответствующей статьей Особенной части УК РФ предусмотрены смертная казнь или пожизненное лишение свободы, согласно статье 65 УК РФ?"," Если соответствующей статьей Особенной части УК РФ предусмотрены смертная казнь или пожизненное лишение свободы, то наказание применяется согласно установленным правилам и процедурам. В случае смертной казни, если она не является обязательной для выдачи (например, из-за международных договоров), она может быть заменена пожизненным лишением свободы или лишением свободы на срок двадцать пять лет.","Уголовный кодекс Российской Федерации.pdf:page_13, Уголовный кодекс Российской Федерации.pdf:page_14, Уголовный кодекс Российской Федерации.pdf:page_20, Уголовный кодекс Российской Федерации.pdf:page_21, Уголовный кодекс Российской Федерации.pdf:page_24"
Какие требования к протяженности улично-дорожной сети установлены в ГОСТ МДС 11-7.2000?," В соответствии с ГОСТ МДС 11-7.2000, протяженность улично-дорожной сети включает магистральные дороги, магистральные улицы общегородского и районного значения, жилые улицы и проезды, а также линии общественного транспорта (трамвай, троллейбус, автобус).","Data1_10_10862_index.pdf:page_1, Data1_10_10871_index.pdf:page_1, Data1_1_1904_index.pdf:page_1, Data1_1_1904_index.pdf:page_37, Data1_1_1904_index.pdf:page_43"
"Что происходит, если выручка за реализуемые товары поступает на счета нескольких организаций?"," Если выручка за реализуемые товары поступает на счета нескольких организаций, то взыскание налога должно производиться через совокупность взаимосвязанных операций.","Налоговый кодекс Российской Федерации.pdf:page_108, Налоговый кодекс Российской Федерации.pdf:page_109, Налоговый кодекс Российской Федерации.pdf:page_909, Налоговый кодекс Российской Федерации.pdf:page_990, Налоговый кодекс Российской Федерации.pdf:page_996"
Что понимается под работой для целей налогообложения?," Работа в контексте налогообложения - реализация услуг, с наличием которой законодательство о налогах связывает возникновение обязанности по уплате налога.","Налоговый кодекс Российской Федерации.pdf:page_101, Налоговый кодекс Российской Федерации.pdf:page_1174, Налоговый кодекс Российской Федерации.pdf:page_294, Налоговый кодекс Российской Федерации.pdf:page_435, Налоговый кодекс Российской Федерации.pdf:page_938"
"Каков размер штрафа за представление заведомо недостоверных сведений, предусмотренных законодательством об иностранных инвестициях на территории Российской Федерации?"," Размер штрафа за представление заведомо недостоверных сведений, предусмотренных законодательством об иностранных инвестициях на территории Российской Федерации, не указан в контексте предоставленном. Полный ответ можно найти в соответствующем законе о иностранных инвестициях.","Административный кодекс Российской Федерации.pdf:page_399, Административный кодекс Российской Федерации.pdf:page_411, Административный кодекс Российской Федерации.pdf:page_412, Административный кодекс Российской Федерации.pdf:page_97, Налоговый кодекс Российской Федерации.pdf:page_359"
Какие требования предъявляются к проверке узла учета комиссией?," Требования предъявляемые к проверке узла учета комиссией:
1. Соответствие условиям использования средств измерений в составе данного узла;
2. Учет условиям эксплуатации, указанным в техническом паспорте;
3. Правильность монтажа средств измерений и устройств;
4. Наличие подготовленного эксплуатационного персонала;
5. Контроль за соответствием объемов и качества выполненных строительно-монтажных работ проектно-сметной документации;
6. Проведение учета объемов и стоимости принятых и оплаченных строительно-монтажных работ, а также объемов и стоимости некачественно выполненных подрядной организацией строительно-монтажных работ и затрат на устранение дефектов и переделки;
7. Контроль наличия и правильности ведения первичной исполнительной технической документации и внесение в нее изменений в связи с выявленными недостатками и дефектами при производстве строительно-монтажных работ.","Data1_10_10870_index.pdf:page_10, Data1_10_10870_index.pdf:page_3, Data1_10_10870_index.pdf:page_8, Data1_10_10870_index.pdf:page_9, Data1_1_1804_index.pdf:page_9"
По истечении какого срока действие соглашения о сохранении занятости прекращается?, По истечении срока действия соглашения о сохранении занятости с 1 января 2031 года.,"Налоговый кодекс Российской Федерации.pdf:page_1438, Налоговый кодекс Российской Федерации.pdf:page_1439, Налоговый кодекс Российской Федерации.pdf:page_1440, Налоговый кодекс Российской Федерации.pdf:page_338, Трудовой кодекс Российской Федерации.pdf:page_55"
"Какие статьи КоАП рассматривают органы, осуществляющие государственный надзор в области охраны и использования особо охраняемых природных территорий, в части нарушения водоохранного режима на водосборах подземных водных объектов?"," Статья 7.2 (в части уничтожения или повреждения скважин государственной опорной наблюдательной сети, наблюдательных режимных створов на водных объектах, маркшейдерских знаков) и статья 7.10 (в части самовольной уступки права пользования учредительным документами, содержащими сведения об объектах, включенных в государственную наблюдательную сеть, а равно о нарушениях режима их охранных зон) рассматривают органы, осуществляющие государственный надзор за геологическим изучением, рациональным использованием и охраной недр. Этот ответ относится к вопросу об устранении нарушений водоохранного режима на водосборах подземных водных объектов в особо охраняемых природных территориях.","Административный кодекс Российской Федерации.pdf:page_471, Административный кодекс Российской Федерации.pdf:page_474, Административный кодекс Российской Федерации.pdf:page_475, Административный кодекс Российской Федерации.pdf:page_476, Административный кодекс Российской Федерации.pdf:page_477"
Какой срок отсрочки или рассрочки уплаты ввозных таможенных пошлин может быть предоставлен?," Срок отсрочки или рассрочки уплаты ввозных таможенных пошлин определяется законодательством государства-члена, в котором они уплачиваются, но не более чем до истечения сроков уплаты специальных, антидемпинговых, компенсационных пошлин по товарной номенклатуре, определенной в статье 59 настоящего Кодекса.","Таможенный кодекс Евразийского экономического союза.pdf:page_269, Таможенный кодекс Евразийского экономического союза.pdf:page_493, Таможенный кодекс Евразийского экономического союза.pdf:page_59, Таможенный кодекс Евразийского экономического союза.pdf:page_60, Таможенный кодекс Евразийского экономического союза.pdf:page_61"
"Какие условия должны быть соблюдены для участников региональных инвестиционных проектов, для которых не требуется включение в реестр участников региональных инвестиционных проектов?"," Участники региональных инвестиционных проектов, для которых не требуется включение в реестр, должны выполнять обязательства, предусмотренные инвестиционной декларацией, в том числе по суммам финансирования капитальных вложений регионального инвестиционного проекта.","Налоговый кодекс Российской Федерации.pdf:page_1139, Налоговый кодекс Российской Федерации.pdf:page_1407, Налоговый кодекс Российской Федерации.pdf:page_61, Налоговый кодекс Российской Федерации.pdf:page_63, Налоговый кодекс Российской Федерации.pdf:page_64"
В каких случаях допускается предусматривать совмещенное освещение согласно ГОСТ МДС 31-8.2002?," Предусматривается совмещенное освещение в случаях, когда не может обеспечиваться достаточное естественное освещение или для дополнительного освещения (кроме зданий соцкультбыта и технических помещений сгораемых материалов).","Data1_10_10846_index.pdf:page_1, Data1_10_10846_index.pdf:page_12, Data1_10_10846_index.pdf:page_13, Data1_10_10848_index.pdf:page_1, Data1_10_10865_index.pdf:page_20"
"Когда уплачиваются акцизы для налогоплательщиков, имеющих свидетельство о регистрации для операций с прямогонным бензином?"," Акциз уплачивается налогоплательщиком, имеющим свидетельство о регистрации для операций с прямогонным бензином, не позднее 25-го числа третьего месяца, следующего за истекшим налоговым периодом.","Налоговый кодекс Российской Федерации.pdf:page_651, Налоговый кодекс Российской Федерации.pdf:page_660, Налоговый кодекс Российской Федерации.pdf:page_664, Налоговый кодекс Российской Федерации.pdf:page_708, Налоговый кодекс Российской Федерации.pdf:page_715"
Как определяется стоимость проектирования свайных фундаментов? (СНиП)," Стоимость проектирования свайных фундаментов определяется на стадии ""рабочая документация"" в количестве 15%.","Data1_11_11285_index.pdf:page_59, Data1_11_11835_index.pdf:page_18, Data1_11_11835_index.pdf:page_19, Data1_11_11835_index.pdf:page_4, Data1_2_2069_index.pdf:page_2"
Какие права управляющего проектом предусмотрены в МДС 11-11.2000?," Управляющий проектом имеет право:
1. Быть назначен из числа наиболее квалифицированных специалистов, как правило, на конкурсной основе с заключением индивидуального соглашения (контракта) об условиях выполнения работ.
2. Назначаться как из числа штатных работников, так и работников, не входящих в штаты проектной организации.
3. Организовывать работу своей команды и обеспечивать надлежащие условия для членов рабочей группы.
4. Делиться, принимать и предлагать честную критику работы своих коллег.
5. Оказывать помощь своим коллегам в повышении их профессионального мастерства.
6. Выполнять работы определенного объема и качества в требуемые сроки за вознаграждение, согласно контракту.
7. Действовать в качестве посредника или доверенного лица по профессиональным и деловым вопросам в отношении своих работодателей и заказчиков.
8. Вести документацию по вопросам деловой активности или техническим процессам у работодателя или заказчика на доверительной основе в период занятости и впоследствии до тех пор, пока такая документация не будет выпущена надлежащим образом.
9. Информировать своих работодателей, заказчиков о состоянии выполнения работ.
10. Привлекать внештатных высококвалифицированных специалистов без согласования с начальником отдела, а также участвовать в процессе назначения конкретных специалистов при обсуждении цены работ.
11. Проводить конкурс для выбора специалистов, претендующих на участие в разработке проектной продукции.","Data1_10_10858_index.pdf:page_1, Data1_10_10858_index.pdf:page_24, Data1_10_10858_index.pdf:page_3, Data1_10_10872_index.pdf:page_7, Data1_1_1904_index.pdf:page_1"
Какие дополнительные сведения должны быть указаны в судебном приказе о взыскании алиментов?," В судебном приказе о взыскании алиментов должны указываться: место работы должника, имена и дата рождения каждого ребенка, на содержание которых присуждены алименты, размер платежей, взыскиваемых ежемесячно с должника, и срок их взыскания.","Арбитражный процессуальный кодекс Российской Федерации.pdf:page_138, Гражданский процессуальный кодекс Российской Федерации.pdf:page_47, Гражданский процессуальный кодекс Российской Федерации.pdf:page_48, Гражданский процессуальный кодекс Российской Федерации.pdf:page_50, Кодекс административного судопроизводства Российской Федерации.pdf:page_186"
Как утепляются канализационные стояки согласно ГОСТ МДС 13-18.2000?," Согласно ГОСТу МДС 13-18.2000, канализационные стояки утепляются эффективным теплоизоляционным материалом. При повреждении или отсутствии тепловой изоляции, она должна быть восстановлена при подготовке к зиме.","Data1_10_10847_index.pdf:page_1, Data1_10_10852_index.pdf:page_1, Data1_10_10852_index.pdf:page_24, Data1_10_10861_index.pdf:page_13, Data1_1_1879_index.pdf:page_1"
В какие сроки должно быть уведомление об одностороннем отказе от договора аренды земельного участка?," Согласно статьям на сайтах https://zkodeksrf.ru/, https://leskod.ru/ и https://grkodeksrf.ru/, в срок не превышающий четырех месяцев со дня поступления уведомления о одностороннем отказе от договора аренды земельного участка или лесного участка.","Градостроительный кодекс Российской Федерации.pdf:page_308, Гражданский кодекс Российской Федерации.pdf:page_284, Земельный кодекс Российской Федерации.pdf:page_122, Земельный кодекс Российской Федерации.pdf:page_56, Лесной кодекс Российской Федерации.pdf:page_60"
Как может осуществляться разработка проектно-сметной документации на капитальный ремонт сложных объектов согласно ГОСТ МДС 14-13.2000?," Для разработки проектно-сметной документации на капитальный ремонт сложных объектов, в соответствии с ГОСТ МДС 14-13.2000, необходимо:

1. В тех случаях, когда отдельные конструкции заменяются на другие, разрабатывается проектная документация;
2. Проектирование должно осуществляться в одну стадию;
3. Проект должен включать краткую пояснительную записку и смету на ремонт, обоснование и подробные сведения об выполняемых работах.","Data1_1_1879_index.pdf:page_1, Data1_1_1879_index.pdf:page_10, Data1_1_1879_index.pdf:page_12, Data1_2_2079_index.pdf:page_1, Градостроительный кодекс Российской Федерации.pdf:page_119"
"Что означает ""запреты и ограничения"" в статье 143?"," В статье 143 говорится об исполнении наказания в виде ограничения по военной службе. ""Запреты и ограничения"" здесь могут относиться к условиям, которым подлежит осужденный военнослужащий, например:

1. Ограничение в представлении к повышению в должности или присвоению воинского звания.
2. Не засчитывание определенного срока в срок выслуги лет для присвоения очередного воинского звания.","Гражданский кодекс Российской Федерации.pdf:page_111, Гражданский кодекс Российской Федерации.pdf:page_92, Кодекс административного судопроизводства Российской Федерации.pdf:page_150, Таможенный кодекс Евразийского экономического союза.pdf:page_9, Уголовно-исполнительный кодекс Российской Федерации.pdf:page_82"
"Какой размер штрафа предусмотрен для лиц, осуществляющих предпринимательскую деятельность без образования юридического лица, за невыполнение правил поведения при чрезвычайной ситуации или угрозе ее возникновения?"," Для лиц, осуществляющих предпринимательскую деятельность без образования юридического лица, за невыполнение правил поведения при чрезвычайной ситуации или угрозе ее возникновения, предусмотрен наложение административного штрафа в размере от пятидесяти тысяч до пятисот тысяч рублей.","Административный кодекс Российской Федерации.pdf:page_134, Административный кодекс Российской Федерации.pdf:page_155, Административный кодекс Российской Федерации.pdf:page_170, Административный кодекс Российской Федерации.pdf:page_438, Административный кодекс Российской Федерации.pdf:page_78"
Какие ключевые термины и определения приведены в разделе 'Общие положения' ГОСТ МДС 81-13.2000?," Ключевые термины и определения, приведенные в разделе ""Общие положения"" ГОСТ МДС 81-13.2000:

1. Сборники ресурсных сметных норм (РСН) - часть системы нормативных документов для определения потребности в ресурсах при монтаже оборудования и определения стоимости строительства.
2. Ценообразование - определение стоимости строительства в условиях действия свободных цен.
3. Сборники украпненных показателей базовой стоимости на виды работ (УПБС ВР) - используются для составления инвестиционных сметов и предложений подрядчика.
4. Процедура подрядных торгов - устанавливает порядок, последовательность и содержание проведения торговых процедур при строительстве на территории Российской Федерации.
5. Текущие и прогнозные индексы стоимости - используются для расчетов и смет, формировании свободных (договорных) цен на строительную продукцию и расчетах за выполненные работы.
6. Сметочная стоимость строительства - определяется на базе показателей на отдельные виды работ (ПВР).
7. Показатели на отдельные виды работ (ПВР) - используются для определения сметной стоимости строительства на объектах строительства.","Data1_10_10866_index.pdf:page_1, Data1_2_2073_index.pdf:page_1, Data1_2_2075_index.pdf:page_1, Data1_2_2076_index.pdf:page_1, Data1_2_2079_index.pdf:page_1"
Как заказчик-застройщик проверяет цены и предъявленные к оплате документы подрядных организаций в соответствии с СНиП?," Заказчик-застройщик проверяет цены и предъявленные к оплате документы подрядных организаций в соответствии с СНиП (Сборник нормативных документов по проектированию, строительству, эксплуатации зданий и сооружений) путем использования рекомендуемых форм для составления сметной документации в соответствии с разработанной нормативной базой.","Data1_1_1804_index.pdf:page_2, Data1_1_1804_index.pdf:page_9, Data1_2_2073_index.pdf:page_1, Data1_2_2079_index.pdf:page_5, Data1_2_2116_index.pdf:page_3"
Какие требования к сокращенному объему проектной документации предъявляет ГОСТ?," ГОСТ предъявляет требование на минимальный объем естественно содержащей оптимального количества технических данных в проектной документации, способной внедрить новейшие достижения науки, техники и передового опыта. Это связано с задачей создания тендерной документации для сельского и водного хозяйства, жилищно-гражданского строительства, объектов инфраструктуры и инженерного обеспечения.","Data1_10_10859_index.pdf:page_7, Data1_10_10865_index.pdf:page_2, Data1_10_10865_index.pdf:page_24, Data1_10_10865_index.pdf:page_4, Data1_11_11295_index.pdf:page_26"
"Какие исключения предусмотрены ГОСТ МДС 81-8.2000 для финансирования пусконаладочных работ в детских учреждениях, школах и домах-интернатах?"," Исключением предусмотрено включение затрат на пусконаладочные работы в сметный расчет для детских учреждений, школ и домов-интернатов в соответствии с письмом Управления ценообразования Минстроя России от 01.11.96 г. № 12-355.","Data1_10_10847_index.pdf:page_1, Data1_10_10864_index.pdf:page_1, Data1_10_10864_index.pdf:page_3, Data1_11_11835_index.pdf:page_8, Data1_2_2116_index.pdf:page_1"
Какой разряд зрительной работы установлен для лестничных клеток согласно ГОСТ МДС 31-8.2002?," Разряд зрительной работы для лестничных клеток составляет З, т.е. соответствует низкой точности и грубой (очень малой точности) работе.","Data1_10_10846_index.pdf:page_1, Data1_10_10846_index.pdf:page_13, Data1_10_10846_index.pdf:page_30, Data1_10_10846_index.pdf:page_42, Data1_10_10848_index.pdf:page_1"
Что такое субсидии на оплату жилого помещения и коммунальных услуг?," Субсидии на оплату жилого помещения и коммунальных услуг - это финансовая помощь, предоставляемая гражданам органом исполнительной власти субъекта Российской Федерации или управомоченным им учреждением на основании их заявлений с учетом постоянно проживающих совместно с ними членов их семей. Она перечисляется до срока внесения платы за жилое помещение и коммунальные услуги, установленного частью 1 статьи 155 Гражданского кодекса РФ.","Жилищный кодекс Российской Федерации.pdf:page_114, Жилищный кодекс Российской Федерации.pdf:page_115, Жилищный кодекс Российской Федерации.pdf:page_119, Жилищный кодекс Российской Федерации.pdf:page_132, Жилищный кодекс Российской Федерации.pdf:page_133"
Какая высота борта ванны зависит от волн согласно ГОСТ МДС 35-7.2000?," Согласно ГОСТу МДС 35-7.2000, высота борта ванны зависит от высоты волн. Для рекреационных бассейнов (со спортивными и развлекательными целями) борт должен быть не менее 1 м, а для оздоровительно-терапевтических - от 0,7 до 0,9 м.","Data1_10_10847_index.pdf:page_24, Data1_10_10847_index.pdf:page_28, Data1_10_10847_index.pdf:page_31, Data1_10_10852_index.pdf:page_1, Data1_11_11285_index.pdf:page_52"
Может ли законодательство государств-членов устанавливать иные основания для исключения таможенного перевозчика из реестра?," Да, согласно статьям 408 и 413 на сайте <https://tkeaes.ru/>, законодательство государств-членов может устанавливать иные основания для исключения таможенного перевозчика из реестра.","Таможенный кодекс Евразийского экономического союза.pdf:page_458, Таможенный кодекс Евразийского экономического союза.pdf:page_461, Таможенный кодекс Евразийского экономического союза.pdf:page_463, Таможенный кодекс Евразийского экономического союза.pdf:page_465, Таможенный кодекс Евразийского экономического союза.pdf:page_469"
"Какие документы необходимы для подтверждения права на имущественный налоговый вычет при приобретении прав на квартиру, комнату или долю в строящемся доме?"," Документы необходимые для подтверждения права на имущественный налоговый вычет при приобретении прав на квартиру, комнату или долю в строящемся доме включают: счета-фактуры, документы, показывающие фактические расходы на приобретение имущества. К этим документам могут относиться квитанции к приходным ордерам, банковские выписки или другие аналогичные документы.","Налоговый кодекс Российской Федерации.pdf:page_521, Налоговый кодекс Российской Федерации.pdf:page_845, Налоговый кодекс Российской Федерации.pdf:page_853, Налоговый кодекс Российской Федерации.pdf:page_854, Налоговый кодекс Российской Федерации.pdf:page_855"
Как определяются правомочия доверительного управляющего по распоряжению ценными бумагами?," Правомочия доверительного управляющего по распоряжению ценными бумагами определяются в соответствии с договором доверительного управления, а также статьями 1025 и 304 Кодекса Российской Федерации об исполнительном производстве. В случае отсутствия указаний в договоре о распоряжении ценными бумагами применяется законодательство о управлении имуществом, предусмотрено в статьях 1025 - 1034 Кодекса Российской Федерации об исполнительном производстве.","Гражданский кодекс Российской Федерации.pdf:page_412, Гражданский кодекс Российской Федерации.pdf:page_414, Налоговый кодекс Российской Федерации.pdf:page_1037, Налоговый кодекс Российской Федерации.pdf:page_1038, Налоговый кодекс Российской Федерации.pdf:page_768"
Какие данные о совместном применении указываются в указаниях по применению?," В указаниях по применению определяются сведения об назначении (использовании) конструкций, включая случай совместного их применения, но такие сведения не дают подробностей о том, какой именно образ совместного использования речь заходит.","Data1_10_10849_index.pdf:page_15, Data1_10_10849_index.pdf:page_16, Data1_10_10849_index.pdf:page_3, Data1_2_2073_index.pdf:page_5, Гражданский кодекс Российской Федерации.pdf:page_444"
Какая основная заработная плата указана в таблице 1 согласно ГОСТ?," В таблице 1 согласно ГОСТ указана общая стоимость основной заработной платы рабочих, занятых на основном производстве, в количестве 850 тыс. рублей.","Data1_2_2076_index.pdf:page_4, Data1_2_2080_index.pdf:page_15, Data1_2_2080_index.pdf:page_16, Data1_2_2117_index.pdf:page_7, Data1_2_2117_index.pdf:page_8"
Какие машины могут учитываться в расчете затрат на эксплуатацию?," Отвечаю, строго по контексту: Отечественные строительные машины и автотранспортные средства могут учитываться в расчете затрат на эксплуатацию.","Data1_10_10754_index.pdf:page_3, Data1_10_10848_index.pdf:page_5, Data1_2_2076_index.pdf:page_4, Data1_2_2076_index.pdf:page_6, Data1_2_2080_index.pdf:page_7"
Какие данные необходимы для расчета коэффициента пересчета сметной стоимости работ по монтажу оборудования согласно Форме № 4?," Для расчета коэффициента пересчета сметной стоимости работ по монтажу оборудования согласно Форме № 5, необходимы данные из форм № 2, 3 и 4. Кроме того, для расчета накладных расходов и сметной прибыли используются нормы по видам работ в соответствии с Методическими указаниями по определению величины накладных расходов (МДС 81-4.99, МДС 81-5.99) и Методическими указаниями по определению величины сметной прибыли в строительстве (МДС 81-25.2001).","Data1_10_10754_index.pdf:page_17, Data1_10_10754_index.pdf:page_18, Data1_10_10754_index.pdf:page_23, Data1_10_10754_index.pdf:page_28, Data1_2_2073_index.pdf:page_4"
В какие сроки должны быть выданы или направлены решения о предоставлении жилых помещений по договорам социального найма?," Решения о предоставлении жилых помещений по договорам социального найма должны быть выданы в срок, установленный органом местного самоуправления, но не более чем за 1 месяц после подачи заявки на социальное жилье.","Жилищный кодекс Российской Федерации.pdf:page_56, Жилищный кодекс Российской Федерации.pdf:page_62, Жилищный кодекс Российской Федерации.pdf:page_69, Жилищный кодекс Российской Федерации.pdf:page_70, Жилищный кодекс Российской Федерации.pdf:page_72"
Какие виды профессиональной тайны упоминаются в тексте?, В тексте упомянуты две вида профессиональной тайны: адвокатская тайна и аудиторская тайна.,"Data1_10_10851_index.pdf:page_4, Гражданский кодекс Российской Федерации.pdf:page_521, Налоговый кодекс Российской Федерации.pdf:page_200, Налоговый кодекс Российской Федерации.pdf:page_240, Трудовой кодекс Российской Федерации.pdf:page_39"
Какие меры предписаны ГОСТ МДС 17-13.2000 при протекании канализационной сети?," ГОСТ МДС 17-13.2000 не касается прямо вопроса протекания канализационной сети, но в документе указано наблюдение за сохранностью зданий и систем их инженерного обеспечения, среди которых могут включаться системы канализации.","Data1_10_10852_index.pdf:page_1, Data1_10_10861_index.pdf:page_1, Data1_10_10863_index.pdf:page_1, Data1_10_10871_index.pdf:page_1, Data1_1_1879_index.pdf:page_1"
Какие типы оборудования перечислены в Приложении 19 к ГОСТ (к СНиП 3.02.01-83) для силикатизации и смолизации грунтов?," В Приложении 19 к ГОСТ (к СНиП 3.02.01-83) перечислены ударные инструменты, компрессоры и распределительные аппараты для забивки инъекторов при силикатизации и смолизации грунтов.","Data1_11_11295_index.pdf:page_12, Data1_11_11295_index.pdf:page_21, Data1_11_11295_index.pdf:page_23, Data1_11_11295_index.pdf:page_49, Data1_11_11295_index.pdf:page_6"
Какие требования предъявляются к разработке альтернативного варианта оферты согласно ГОСТ МДС-80-8.2000?," Для разработки альтернативного варианта оферты в соответствии с ГОСТ МДС-80-8.2000 следует:
1. Указать возможность корректировки рабочей документации исходя из конструктивных и технологических особенностей производства работ претендентом, границы этой корректировки указаны в разделе «Архитектурно-строительная часть»;
2. В разделе «Ведомости объемов работ» предусмотреть виды работ, которые должны выполняться неукоснительно в соответствии с разработанной рабочей документацией и виды работ, в которых возможны изменения по усмотрению претендента;
3. В технической части оферты должна быть указана перечень оборудования и спецификация на поставку производственного оборудования, машин и механизмов в составе материалов оферты (согласно ГОСТ МДС 80-3.2000).","Data1_10_10865_index.pdf:page_1, Data1_10_10865_index.pdf:page_36, Data1_10_10865_index.pdf:page_37, Data1_10_10869_index.pdf:page_1, Data1_1_1904_index.pdf:page_1"
В каких случаях срок пребывания руководителя научной организации в должности может быть продлен?," Срок пребывания руководителя научной организации в должности может быть продлен, если это связано с достижением им возраста, установленного частью второй статьи настоящего Кодекса.","Налоговый кодекс Российской Федерации.pdf:page_226, Трудовой кодекс Российской Федерации.pdf:page_194, Трудовой кодекс Российской Федерации.pdf:page_195, Трудовой кодекс Российской Федерации.pdf:page_196, Трудовой кодекс Российской Федерации.pdf:page_197"
Кто такие экспертные организации?," Экспертные организации - государственные судебно-экспертные или другие учреждения, которым поручено производство судебной экспертизы в порядке, установленном действующими нормативными актами.","Data1_10_10863_index.pdf:page_3, Арбитражный процессуальный кодекс Российской Федерации.pdf:page_40, Градостроительный кодекс Российской Федерации.pdf:page_133, Кодекс административного судопроизводства Российской Федерации.pdf:page_30, Уголовно-процессуальный кодекс Российской Федерации.pdf:page_6"
Как федеральный орган исполнительной власти уведомляет организацию о результате взаимосогласительной процедуры?," Федеральный орган исполнительной власти уведомляет организацию об исходе взаимосогласительной процедуры по месту её проведения, как правило, письменно или электронно.","Гражданский кодекс Российской Федерации.pdf:page_653, Налоговый кодекс Российской Федерации.pdf:page_328, Налоговый кодекс Российской Федерации.pdf:page_331, Налоговый кодекс Российской Федерации.pdf:page_349, Налоговый кодекс Российской Федерации.pdf:page_385"
"Как учреждение или орган, на которые возложено исполнение наказания, извещает суд о месте отбывания наказания осужденным?"," Учреждение или орган, на которых возложено исполнение наказания, необязательно извещает суд о месте отбывания наказания осужденным. Это указано в статье на сайте https://uikod.ru/.","Уголовно-исполнительный кодекс Российской Федерации.pdf:page_90, Уголовно-исполнительный кодекс Российской Федерации.pdf:page_93, Уголовно-исполнительный кодекс Российской Федерации.pdf:page_94, Уголовно-исполнительный кодекс Российской Федерации.pdf:page_96, Уголовно-процессуальный кодекс Российской Федерации.pdf:page_241"
В каких случаях налогоплательщик - участник соглашения о защите и поощрении капиталовложений может уменьшать подлежащие уплате суммы налогов?," Налогоплательщик - участник соглашения о защите и поощрении капиталовложений может уменьшать подлежащие уплате суммы налогов, если в отношении него выполняются следующие условия:
1. Затраты по объектам обеспечивающей и сопутствующей инфраструктуре включены в перечень, определяемый в соответствии с Федеральным законом ""О защите и поощрении капиталовложений в Российской Федерации"".
2. Организация выполняет условия, предусмотренные пунктом 3 статьи 105.26 настоящего Кодекса.
3. Налогоплательщику не применяются положения последующих актов законодательства о налогах и сборах, изменивших порядок определения налоговой базы, налоговых ставок, налоговых льгот, порядка и (или) сроков уплаты по налогу на имущество организаций и транспортному налогу.
4. Решение об отказе в проведении налогового мониторинга не принято из-за непредставления или не полного представления организацией документов (информации) в соответствии с пунктом 2 настоящей статьи, а также по другим определенным причинам.","Налоговый кодекс Российской Федерации.pdf:page_343, Налоговый кодекс Российской Федерации.pdf:page_7, Налоговый кодекс Российской Федерации.pdf:page_8, Налоговый кодекс Российской Федерации.pdf:page_87, Налоговый кодекс Российской Федерации.pdf:page_88"
Какие санкции могут быть применены к нарушителям положений Примерного профессионального кодекса инженеров-строителей согласно ГОСТу и СНиП?," Санкции, которые могут быть применены к нарушителям положений Примерного профессионального кодекса инженеров-строителей согласно ГОСТу и СНиП:
1. Назначение дисциплинарных мер - в том числе временное увольнение или отстранение от должности, перевода на низшую должность.
2. Выражение профессионального недоверия специалисту сопровождающееся ходатайством о его увольнении из предприятия (организации). Это может быть сделано по тем же мотивам, которые указаны в п. 4.4 и 4.5 кодекса - нарушения, повлекшие за собой тяжелые последствия или крупные размеры ущерба для общества, государства, людей, предприятий и организаций.
3. Для специалиста, являющегося членом добровольного профессионального объединения или общества, выражение профессионального недоверия должно сопровождаться также исключением его из членов данного общества в соответствии с уставными требованиями этого общества.
4. Применение других видов административных мер, например разделения риска наступления страховых событий с заказчиком и другими участниками договора.","Data1_10_10851_index.pdf:page_1, Data1_10_10851_index.pdf:page_2, Data1_10_10851_index.pdf:page_6, Data1_10_10851_index.pdf:page_7, Data1_10_10861_index.pdf:page_37"
Какое сечение проводов должно быть рассчитано при проектировании воздушной линии электропередачи на напряжение 35 кВ согласно ГОСТ МДС-80-8.2000?," Согласно ГОСТу МДС-80-8.2000, для воздушной линии электропередачи на напряжение 35 кВ сечение проводов должно быть рассчитано в соответствии с таблицами 4.10 и 4.11.","Data1_10_10754_index.pdf:page_22, Data1_10_10865_index.pdf:page_40, Data1_11_11285_index.pdf:page_25, Data1_11_11285_index.pdf:page_66, Data1_11_11835_index.pdf:page_16"
Кто обязан представлять уведомления об участии в международной группе компаний?, Налогоплательщики являются обязаны представлять уведомление об участии в международной группе компаний.,"Налоговый кодекс Российской Федерации.pdf:page_312, Налоговый кодекс Российской Федерации.pdf:page_313, Налоговый кодекс Российской Федерации.pdf:page_314, Налоговый кодекс Российской Федерации.pdf:page_316, Налоговый кодекс Российской Федерации.pdf:page_38"
"Какой закон РФ вносит изменения и дополнения в Закон РСФСР ""О медицинском страховании граждан в РСФСР""?"," Закон РФ от 02.04.93 № 4741-1 «О внесении изменений и дополнений в Закон РСФСР ""О медицинском страховании граждан в РСФСР»","Data1_2_2070_index.pdf:page_32, Data1_2_2070_index.pdf:page_33, Data1_2_2116_index.pdf:page_6, Трудовой кодекс Российской Федерации.pdf:page_257, Трудовой кодекс Российской Федерации.pdf:page_258"
"Какое углеводородное сырье, добытое на морском месторождении углеводородного сырья, освобождается от налогообложения?"," На морском месторождении углеводородного сырья не определено никакого углеводородного сырья, освобождающегося от налогообложения.","Налоговый кодекс Российской Федерации.pdf:page_1035, Налоговый кодекс Российской Федерации.pdf:page_1158, Налоговый кодекс Российской Федерации.pdf:page_1159, Налоговый кодекс Российской Федерации.pdf:page_1380, Налоговый кодекс Российской Федерации.pdf:page_1389"
"Какой год издания у рекомендаций по проектированию, устройству и эксплуатации светопрозрачных конструкций промышленных зданий, выпущенных ЦНИИпромзданий Госстроя СССР?", Рекомендации изданы в 1985 году.,"Data1_10_10846_index.pdf:page_1, Data1_10_10846_index.pdf:page_2, Data1_10_10846_index.pdf:page_54, Data1_10_10847_index.pdf:page_1, Data1_11_11295_index.pdf:page_1"
Может ли принципал ссылаться на отсутствие у агента надлежащих полномочий в отношениях с третьими лицами?," Не может. По документам статья 1006, принципал не имеет права ссылаться на отсутствие у агента надлежащих полномочий в отношениях с третьими лицами, если не докажет, что третье лицо знало или должно было знать об ограничении полномочий агента.","Гражданский кодекс Российской Федерации.pdf:page_204, Гражданский кодекс Российской Федерации.pdf:page_408, Гражданский кодекс Российской Федерации.pdf:page_409, Гражданский кодекс Российской Федерации.pdf:page_50, Кодекс торгового мореплавания Российской Федерации.pdf:page_80"
Какой телефон можно использовать для получения бесплатной юридической консультации в регионах России?, Для получения бесплатной юридической консультации в регионах России можно использовать телефон 8 (800) 301-92-12.,"Административный кодекс Российской Федерации.pdf:page_425, Арбитражный процессуальный кодекс Российской Федерации.pdf:page_42, Гражданский процессуальный кодекс Российской Федерации.pdf:page_110, Гражданский процессуальный кодекс Российской Федерации.pdf:page_59, Трудовой кодекс Российской Федерации.pdf:page_20"
"Какой штраф предусмотрен за представление странового отчета, содержащего недостоверные сведения?"," Штраф в размере 50 000 рублей предусмотрен за представление странового отчета, содержащего недостоверные сведения (статья 129.9 Кодекса об административных правонарушениях).","Административный кодекс Российской Федерации.pdf:page_268, Административный кодекс Российской Федерации.pdf:page_51, Налоговый кодекс Российской Федерации.pdf:page_359, Налоговый кодекс Российской Федерации.pdf:page_362, Налоговый кодекс Российской Федерации.pdf:page_364"
Какие требования к отчетности об исполнении государственного (муниципального) задания должны быть указаны?," Требования к отчетности об исполнении государственного (муниципального) задания должны включать:
1. Показатели, характеризующие соблюдение общего требований федеральных органов исполнительной власти;
2. Условия эмиссии и обращения государственных (муниципальных) ценных бумаг субъекта Российской Федерации, включая бюджет заемщика на год выпуска государственных ценных бумаг;
3. Решение о выпуске или дополнительном выпуске должно содержать условия договора страхования ответственности по обязательствам, возникшим в результате эмиссии государственных (муниципальных) ценных бумаг.","Бюджетный кодекс Российской Федерации.pdf:page_165, Бюджетный кодекс Российской Федерации.pdf:page_183, Бюджетный кодекс Российской Федерации.pdf:page_186, Бюджетный кодекс Российской Федерации.pdf:page_75, Бюджетный кодекс Российской Федерации.pdf:page_77"
Как уполномоченный орган выдает заключение об исчезновении характерных условий?," Уполномоченный орган выдает заключение об исчезновении характерных условий в рамках процедуры, описанной в документе на сайте <https://gkodeksrf.ru/> (абзац второй пункта первого и четвертого), при условии, что заявитель не представляет соответствующее заключение. В случае отсутствия предложения заявителя, орган исполнительной власти по интеллектуальной собственности запрашивает указанное заключение или сведения, которые находятся в нём. Заключение выдается уполномоченным органом в устанавливаемом им порядке при предоставлении документов, предъявляемых в соответствии с таким порядком.","Градостроительный кодекс Российской Федерации.pdf:page_225, Гражданский кодекс Российской Федерации.pdf:page_652, Лесной кодекс Российской Федерации.pdf:page_80, Таможенный кодекс Евразийского экономического союза.pdf:page_190, Таможенный кодекс Евразийского экономического союза.pdf:page_200"
Кто проводит экспертизу?," Экспертиза может проводиться экспертными организациями, таможенным органом или государственными судебными органами в зависимости от типа экспертизы (юридическая, инженерная, таможенная или государственная экспертиза условий труда).","Data1_10_10863_index.pdf:page_3, Градостроительный кодекс Российской Федерации.pdf:page_134, Кодекс административного судопроизводства Российской Федерации.pdf:page_30, Таможенный кодекс Евразийского экономического союза.pdf:page_448, Трудовой кодекс Российской Федерации.pdf:page_120"
"Проводится ли предварительное судебное заседание в делах, рассматриваемых в порядке упрощенного производства?"," Нет, предварительное судебное заседание не проводится в делах, рассматриваемых в порядке упрощенного производства.","Арбитражный процессуальный кодекс Российской Федерации.pdf:page_198, Арбитражный процессуальный кодекс Российской Федерации.pdf:page_68, Гражданский процессуальный кодекс Российской Федерации.pdf:page_61, Гражданский процессуальный кодекс Российской Федерации.pdf:page_95, Кодекс административного судопроизводства Российской Федерации.pdf:page_169"
"Какие организации могут принимать от граждан в залог движимые вещи, предназначенные для личного потребления?"," Организации, которые могут принимать от граждан в залог движимые вещи, предназначенные для личного потребления, не определены конкретно. Однако, договор залога должен соответствовать обязательным требованиям законодательства, например, документально зафиксирован и содержит условия, оценочная экспертиза проведена по необходимым нормам.","Гражданский кодекс Российской Федерации.pdf:page_134, Гражданский кодекс Российской Федерации.pdf:page_186, Гражданский кодекс Российской Федерации.pdf:page_188, Гражданский кодекс Российской Федерации.pdf:page_192, Гражданский кодекс Российской Федерации.pdf:page_382"
В каком случае арбитражный суд может поручить другому арбитражному суду произвести определенные процессуальные действия?," Арбитражный суд может поручить другим арбитражным судам производить определенные процессуальные действия в соответствии с Федеральным законом ""Об апелляционном порядке судопроизводства в Российской Федерации"" (статья 130). Это может происходить в рамках процесса передачи дела в другой арбитражный суд для рассмотрения или отдельно для определенных процессуальных действий.","Арбитражный процессуальный кодекс Российской Федерации.pdf:page_128, Арбитражный процессуальный кодекс Российской Федерации.pdf:page_166, Арбитражный процессуальный кодекс Российской Федерации.pdf:page_22, Арбитражный процессуальный кодекс Российской Федерации.pdf:page_35, Арбитражный процессуальный кодекс Российской Федерации.pdf:page_57"
Какие виды инспекционных проверок выполняются Государственной жилищной инспекцией согласно МДС 17-13.2000?," 1. Инспекционные проверки, выполняемые Государственной жилищной инспекцией по МДС 17-13.2000 включают в себя:
   - Технический контроль жилищного фонда
   - Технические рекомендации по обследованию придомовых территорий
   - Оценку инженерного оборудования
   - Контроль использования и сохранения объектов коммунального назначения независимо от формы собственности.","Data1_10_10861_index.pdf:page_1, Data1_10_10861_index.pdf:page_2, Data1_10_10861_index.pdf:page_3, Data1_10_10862_index.pdf:page_1, Data1_10_10863_index.pdf:page_1"
"Кто осуществляет контроль за межбюджетными субсидиями, субвенциями, трансфертами и кредитами?"," Межбюджетные субсидии, субвенции, трансферты и кредиты осуществляются под контролем Федерального казначейства, Счётной палаты Российской Федерации, органов муниципального финансового контроля и Министерства финансов Российской Федерации.","Бюджетный кодекс Российской Федерации.pdf:page_122, Бюджетный кодекс Российской Федерации.pdf:page_192, Бюджетный кодекс Российской Федерации.pdf:page_338, Бюджетный кодекс Российской Федерации.pdf:page_391, Бюджетный кодекс Российской Федерации.pdf:page_392"
Что такое «договорное потребление теплоносителя» в документе МДС 41-3.2000?," Договорное потребление теплоносителя - это согласованный расход теплоносителей, установленный в договоре о теплоснабжении между энергоснабжающим организацией и абонентом. Этот расход подлежит оплате согласно условиям этого договора.","Data1_10_10864_index.pdf:page_1, Data1_10_10870_index.pdf:page_1, Data1_10_10871_index.pdf:page_1, Data1_10_10871_index.pdf:page_2, Data1_10_10871_index.pdf:page_4"
На какие расходы не распространяется данное положение?," По положению настоящей главы, данное положение не распространяется на расходы, которые подлежат амортизации в указанном порядке или на расходы, которые учитываются в составе прочих расходов, связанных с производством и реализацией, в течение двух лет.","Data1_10_10872_index.pdf:page_9, Data1_2_2082_index.pdf:page_1, Гражданский кодекс Российской Федерации.pdf:page_126, Налоговый кодекс Российской Федерации.pdf:page_1019, Налоговый кодекс Российской Федерации.pdf:page_968"
Какие документы должны быть представлены для допуска тепловых сетей и систем теплопотребления в эксплуатацию согласно ГОСТ?," Необходимо представить разрешительную, проектную и исполнительную документацию, включая акты на скрытые работы, составленные при их производстве с участием представителей теплоснабжающей организации.","Data1_10_10870_index.pdf:page_3, Data1_10_10871_index.pdf:page_15, Data1_10_10871_index.pdf:page_16, Data1_10_10871_index.pdf:page_8, Data1_10_10871_index.pdf:page_9"
Как специалист должен действовать в качестве представителя заказчика согласно СНиП?," Специалист в качестве представителя заказчика должен базироваться на нормативных требованиях, поддерживать высокий уровень компетенции и профессионализма, обеспечивать добросовестное выполнение профессиональных функций и обязательств перед обществом, государством, заказчиком и коллегами. Он должен осуществлять принципиальную и разумную требовательность в оценке коллег при выполнении их профессиональных обязанностей. Кроме того, он должен отказать в ходатайстве или выдаче положительной характеристики заинтересованному лицу - коллеге, если последний известен данному специалисту как недостаточно профессионально образованного, ответственного, не имеющего достаточных навыков и практического опыта для выполнения соответствующих функций, работ или услуг.","Data1_10_10851_index.pdf:page_2, Data1_10_10851_index.pdf:page_3, Data1_10_10851_index.pdf:page_4, Data1_10_10851_index.pdf:page_5, Data1_10_10851_index.pdf:page_6"
Какова сметная стоимость труб асбестоцементных по ГОСТ МДС 81-10.2000?, Для определения сметной стоимости труб асбестоцементных в соответствие с ГОСТ МДС 81-10.2000 необходимо использовать Показатели на отдельные виды работ (ПВР) из приложения 1 к документу.,"Data1_2_2070_index.pdf:page_1, Data1_2_2073_index.pdf:page_1, Data1_2_2075_index.pdf:page_1, Data1_2_2076_index.pdf:page_1, Data1_2_2079_index.pdf:page_1"
"Что грозит индивидуальным предпринимателям за нарушение обязательных требований при обращении драгоценных металлов, драгоценных камней и продукции из них?"," Индивидуальным предпринимателям грозит наложение административного штрафа в размере от 50 тысяч до 70 тысяч рублей за нарушение установленных обязательных требований при обращении драгоценных металлов, драгоценных камней и продукции из них.","Административный кодекс Российской Федерации.pdf:page_303, Административный кодекс Российской Федерации.pdf:page_350, Административный кодекс Российской Федерации.pdf:page_351, Административный кодекс Российской Федерации.pdf:page_352, Налоговый кодекс Российской Федерации.pdf:page_128"
"Какие ставки таможенных пошлин действовали согласно Указу Президента Российской Федерации ""О Временном импортном таможенном тарифе Российской Федерации""?"," Сначала с 1992 года действовали ставки акцизов на отдельные виды товаров, согласно Указу № 74. Затем после вступления в силу Указа о Временном импортном таможенном тарифе Российской Федерации с 1993 года действовали ставки таможенных пошлин из приложения к указу и те, которые были затем изменены в соответствии с порядком Правительства Российской Федерации (см. п. 3.4 настоящего приложения).","Data1_2_2070_index.pdf:page_6, Data1_2_2082_index.pdf:page_25, Data1_2_2082_index.pdf:page_26, Data1_2_2082_index.pdf:page_27, Data1_2_2082_index.pdf:page_28"
Какие требования к строительной климатологии и геофизике установлены СНиП 2.01.01-82?," СНиП 2.01.01-82 не определяет требования к строительной климатологии и геофизике, но предписывает Подрядчику руководствоваться положениями СНиП 2.08.01-89 ""Жилые здания"", Дополнением к СНиП 2.01.07-85 «Нагрузки и воздействия», Дополнение к СНиП 2.01.07-85 «Прогибы и перемещения» и СНиП II-3-79 ""Противопожарные нормы"" при разработке проектной документации на строительство зданий и сооружений.","Data1_10_10861_index.pdf:page_17, Data1_10_10861_index.pdf:page_25, Data1_10_10861_index.pdf:page_30, Data1_10_10865_index.pdf:page_30, Data1_10_10871_index.pdf:page_4"
Какие границы эксплуатационной ответственности между теплоснабжающей организацией и заказчиком должны быть указаны в технических условиях согласно СНиП?," Границы эксплуатационной ответственности между теплоснабжающей организацией и заказчиком должны быть указаны в технических условиях согласно СНиП на границе сооружений и сетей, а также для таких параметров как давление и температуру пара, температуру сетевой воды и давление сетевой воды в подводящих и отводящих трубопроводах.","Data1_10_10870_index.pdf:page_4, Data1_10_10871_index.pdf:page_14, Data1_10_10871_index.pdf:page_4, Data1_10_10871_index.pdf:page_7, Data1_10_10871_index.pdf:page_8"
Какую роль играет управляющий проектом в выборе и согласовании места размещения объекта по ГОСТ МДС 11-11.2000?," Управляющий проектом участвует в формировании портфеля заказов проектной организации, включая участие в тендерах (торгах) при размещении заказа на проектирование и строительство объектов. Однако определенной роли в выборе и согласовании места размещения объекта непосредственно управляющий проектом не играет, эта роль принадлежит другим структурам по ГОСТу МДС 11-11.2000 (Порядок согласования и утверждения градостроительной документации), таким как региональная схема расселения, проект районной планировки, генеральный план города/другого поселения и другие.","Data1_10_10858_index.pdf:page_1, Data1_10_10858_index.pdf:page_4, Data1_10_10859_index.pdf:page_1, Data1_10_10872_index.pdf:page_10, Data1_1_1904_index.pdf:page_1"
Какие требования предъявляются к эксплуатации теплопотребляющих установок и тепловых сетей абонентом согласно ГОСТ?," 1. Осмотр и допуск в эксплуатацию систем теплопотребления организуется органом государственного энергетического надзора и теплоснабжающей организацией после проведения приемосдаточных испытаний.
2. Предъявлению должны быть представлены надлежаще оформленные разрешительная, проектная и исполнительная документация, включая акты на скрытые работы, составленные при их производстве с участием представителей теплоснабжающей организации.
3. Не допускается присоединение новых или реконструированных теплопотребляющих установок и тепловых сетей без узлов учета тепловой энергии и теплоносителей.
4. При выдаче технических условий на присоединение не допускается требование проверки расчетных (коммерческих) приборов учета тепловой эnerгии и теплоносителей, принадлежащих теплоснабжающей организации.
5. Абоненту необходимо укомплектование подготовленным и аттестованным персоналом для обслуживания системы теплопотребления и тепловой сети, проведение проверки его знаний в установленные сроки.
6. Технические условия на присоединение к системе коммунального теплоснабжения или увеличения тепловой нагрузки теплопотребляющих установок не должны включаться в технические условия для абонента.
7. Объем работ, определяемый техническими условиями, должен соответствовать нормативно-техническим документам по строительству и эксплуатации объектов теплопотребления.
8. Необходимость использования имеющихся у заказчика собственных источников тепла или резервного источника тепловой энергии или резервной тепловой сети должна быть учитываться при разработке технических условий на присоединение.
9. Абоненту требуется соблюдение требований к надежности его теплоснабжения, рекомендации по использованию вторичных энергетических ресурсов и своевременная оплата за полученные услуги от теплоснабжающей организации.","Data1_10_10871_index.pdf:page_16, Data1_10_10871_index.pdf:page_17, Data1_10_10871_index.pdf:page_7, Data1_10_10871_index.pdf:page_8, Data1_10_10871_index.pdf:page_9"
Какие финансовые показатели должны быть указаны в форме 'Опыт работы претендента по самому крупному построенному объекту сопоставимого вида и объем работы в России или за рубежом' согласно ГОСТ МДС 80-5.2000?," В форме ""Опыт работы претендента по самому крупному построенному объекту сопоставимого вида и объем работы в России или за рубежом"" следует указывать финансовые показатели, такие как:
1. Объем реализованной стоимости строительства (в млн. рублей).
2. Годовой оборот компании в год постройки объекта (в млн. рублей).
3. Уставный капитал организации (в млн. рублей).
4. Другие финансовые показатели, необходимые для оценки финансовой устойчивости компании (например, прибыль, активы и задолженность).","Data1_10_10867_index.pdf:page_1, Data1_10_10867_index.pdf:page_2, Data1_10_10867_index.pdf:page_5, Data1_10_10867_index.pdf:page_8, Data1_2_2117_index.pdf:page_1"
"Какие действия необходимо предпринять при обнаружении неисправности расположенных на крыше карнизов, водоотводящих устройств, ограждений, гильз, анкеров, устройств молниезащиты согласно ГОСТ МДС 17-13.2000?"," Для неисправностей расположенных на крыше, таких как карнизы, водоотводящие устройства, ограждения, гильзы, анкеров и устройств молниезащиты, необходимо:
1. Ликвидировать причины увлажнения или повреждений (например, восстановление крыши или карниза).
2. Осуществить ремонт некачественно обработанных участков в закрепленном грунтовом массиве.
3. Устранить уплотнения и промерзание утеплителя, если это применялся на крыше.
4. Исправить повреждения системы молниезащиты.
5. Обеспечить своевременную очистку от снега и наледи на металлические кровельные конструкции.
6. Провести очередную пылеуборку и дезинфекцию в чердачном помещении, если это не было выполнено в течение года.
7. Запретить доступ на чердак посторонних лиц и жителей.
8. Устранить утечки воды из сливного бачка или перелив воды через край в течение одного дня.
9. Обрегулировать работу смывного бачка.","Data1_10_10861_index.pdf:page_11, Data1_10_10861_index.pdf:page_14, Data1_10_10861_index.pdf:page_34, Data1_10_10861_index.pdf:page_41, Data1_11_11295_index.pdf:page_26"
Как уведомляется подозреваемый или обвиняемый о принятых мерах?," Подозреваемый или обвиняемый о получении мер пресечения уведомляется дознавателем, следователем или судьёй. Кроме того, копия решения о избрании меры пресечения вручается лицу, в отношении которого оно вынесено, а также его защитнику или законному представителю по их просьбе.","Уголовно-процессуальный кодекс Российской Федерации.pdf:page_143, Уголовно-процессуальный кодекс Российской Федерации.pdf:page_202, Уголовно-процессуальный кодекс Российской Федерации.pdf:page_42, Уголовно-процессуальный кодекс Российской Федерации.pdf:page_69, Уголовно-процессуальный кодекс Российской Федерации.pdf:page_70"
Какие источники информации используются для определения текущих цен на материальные ресурсы в МДС 81-14.2000?," В МДС 81-14.2000 используются сметные цены на материалы, изделия и конструкции, принятые по виду цены «франко-приобъектный склад». Эта цена определяется на основе Государственных элементных сметных норм (ГЭСН), локальных ресурсных ведомостей по видам работ, сводных ресурсных ведомостей по объектам и спецификаций в составе рабочей документации.","Data1_10_10848_index.pdf:page_6, Data1_2_2073_index.pdf:page_1, Data1_2_2075_index.pdf:page_1, Data1_2_2076_index.pdf:page_1, Data1_2_2117_index.pdf:page_1"
Какие работы по утеплению зданий должны быть выполнены согласно ГОСТ МДС 13-18.2000?," Согласно ГОСТ МДС 13-18.2000 не приводятся конкретные рекомендации по утеплению зданий, но основные вопросы по подготовке к зиме зданий и систем их инженерного обеспечения рассматриваются для персонала организаций, эксплуатирующих жилищный фонд.","Data1_10_10852_index.pdf:page_1, Data1_10_10861_index.pdf:page_1, Data1_10_10862_index.pdf:page_1, Data1_10_10864_index.pdf:page_1, Data1_1_1879_index.pdf:page_1"
"Когда не допускается раздел, перераспределение или выдел земельных участков, если сохраняемые обременения не позволяют использовать земельные участки в соответствии с разрешенным использованием?"," Раздел, перераспределение или выдел земельных участков не допускается, если они обременены сервитутом, и для их использования в соответствии с разрешенным использованием необходимые условия не соблюдены (подробнее описано в статьях 275-276 Кодекса РФ об особых правилах для сервитута). Кроме того, не допускается перераспределение земельных участков, находящихся в государственной или муниципальной собственности, если заключение соглашения о перераспределении невозможно в случае, предусмотренном подпунктом 4 пункта 1 статьи 5 Кодекса РФ (отказ в предоставлении земельного участка не принят).","Гражданский кодекс Российской Федерации.pdf:page_151, Земельный кодекс Российской Федерации.pdf:page_12, Земельный кодекс Российской Федерации.pdf:page_194, Земельный кодекс Российской Федерации.pdf:page_83, Земельный кодекс Российской Федерации.pdf:page_85"
Какова периодичность капитального ремонта металлической кровли согласно ГОСТ МДС 14-13.2000?," Согласно ГОСТу МДС 14-13.2000, периодичность капитального ремонта металлической кровли составляет 15-20 лет.","Data1_10_10852_index.pdf:page_1, Data1_10_10855_index.pdf:page_1, Data1_1_1879_index.pdf:page_1, Data1_1_1879_index.pdf:page_23, Data1_1_1879_index.pdf:page_24"
Какие телефоны доступны для бесплатной юридической консультации в регионах России?," Бесплатная юридическая консультация доступна по следующим телефонам: 8 (499) 938-53-71 (Москва и МО), 8 (812) 467-95-28 (Санкт-Петербург и ЛО), 8 (800) 301-92-12 (Регионы РФ).","Административный кодекс Российской Федерации.pdf:page_347, Административный кодекс Российской Федерации.pdf:page_400, Административный кодекс Российской Федерации.pdf:page_425, Водный кодекс Российской Федерации.pdf:page_21, Гражданский процессуальный кодекс Российской Федерации.pdf:page_24"
"Какая информация должна быть указана в журнале учета проверки знаний норм, правил, инструкций согласно ГОСТ МДС 15-13.2000?"," Журнал учета проверки знаний должны указывать следующие данные: Организация, Фамилия, Имя, Отчество работника, Служба, Район или Участок, Описание проверенных норм, Правил или Инструкций и результаты проверки.","Data1_10_10859_index.pdf:page_1, Data1_10_10862_index.pdf:page_1, Data1_10_10862_index.pdf:page_10, Data1_10_10862_index.pdf:page_2, Data1_10_10866_index.pdf:page_1"
По каким основаниям заявитель не допускается к участию в аукционе?," По данным предоставленному, заявитель может быть отказан в участии в аукционе в соответствии с настоящим Кодексом по следующим основаниям:
1. Наличие сведений о том, что заявитель не имеет права участвовать в конкретном аукционе, быть покупателем земельного участка или приобрести земельный участок в аренду;
2. Подача заявки на участие лицом, которое не соответствует требованиям, установленным для конкретного аукциона.","Градостроительный кодекс Российской Федерации.pdf:page_243, Градостроительный кодекс Российской Федерации.pdf:page_306, Земельный кодекс Российской Федерации.pdf:page_39, Земельный кодекс Российской Федерации.pdf:page_58, Земельный кодекс Российской Федерации.pdf:page_60"
В каких случаях осужденные могут содержаться в одиночных камерах?," Осужденные могут быть содержаны в одиночных камерах в следующих случаях:
1. Если они представляют угрозу для общественной безопасности или других заключенных.
2. В случае нарушения дисциплины в исправительном учреждении.
3. Запрещено содержать женщин, имеющих детей в возрасте до трех лет, осужденных по беременности и родам, а также инвалидов I группы в одиночных камерах.","Уголовно-исполнительный кодекс Российской Федерации.pdf:page_55, Уголовно-исполнительный кодекс Российской Федерации.pdf:page_66, Уголовно-исполнительный кодекс Российской Федерации.pdf:page_68, Уголовно-исполнительный кодекс Российской Федерации.pdf:page_76, Уголовно-исполнительный кодекс Российской Федерации.pdf:page_83"
Как проводятся повторные измерения времени падения уровня воды?," Для повторения измерений времени падения уровня воды не предоставлено соответствующее описание в тексте, который касается терминологии связанной с балансом теплоносителей системы теплоснабжения и процедур их эксплуатации. Повторение измерений времени падения уровня воды в контексте данного текста неприменима.","Data1_10_10852_index.pdf:page_20, Data1_10_10862_index.pdf:page_5, Data1_10_10870_index.pdf:page_3, Data1_10_10871_index.pdf:page_11, Data1_11_11295_index.pdf:page_32"
"Какое название имеет документ, регламентирующий использование текущих и прогнозных индексов стоимости при составлении сметной документации? (ГОСТ МДС 81-9.2000)"," ""Методические рекомендации по использованию текущих и прогнозных индексов стоимости при составлении сметной документации"" (ГОСТ МДС 81-9.2000)","Data1_10_10864_index.pdf:page_1, Data1_2_2075_index.pdf:page_1, Data1_2_2079_index.pdf:page_1, Data1_2_2082_index.pdf:page_12, Data1_2_2117_index.pdf:page_1"
"Какие основные разделы содержит документ, регламентированный ГОСТом МДС 81-21.2000?"," Документ регламентированный ГОСТом МДС 81-21.2000 ""Порядок определения расчетной стоимости строительства и расчетных затрат в составе технико-экономических обоснований и технико-экономических предложений по строительству объектов за границей при участии организаций Российской Федерации"" содержит следующие основные разделы:

1. Введение
2. Определение основных понятий и терминов
3. Общие положения
4. Порядок определения расчетной стоимости строительства
5. Порядок выполнения технико-экономических обоснований (ТЭО) и технико-экономических предложений (ТЭП) по строительству объектов за границей при участии организаций Российской Федерации
6. Управление проектами в области определения расчетной стоимости строительства и ТЭО/ТЭП на строительство объектов за границей
7. Порядок подготовки документации по строительству объектов за границей при участии организаций Российской Федерации
8. Обоснование размера платежей в сметной документации на строительство объектов за границей
9. Заключение и приложения.","Data1_10_10062_index.pdf:page_1, Data1_10_10862_index.pdf:page_1, Data1_1_1904_index.pdf:page_1, Data1_2_2069_index.pdf:page_1, Data1_2_2070_index.pdf:page_1"
Какие специальные знания могут потребоваться при составлении диспаши?," При составлении диспаши может потребоваться специальное знание в области юриспруденции и практике правоприменения, а также в области техники, если дело касается авиационной или морской аварии.","Data1_10_10851_index.pdf:page_3, Гражданский процессуальный кодекс Российской Федерации.pdf:page_32, Кодекс внутреннего водного транспорта Российской Федерации.pdf:page_80, Кодекс торгового мореплавания Российской Федерации.pdf:page_139, Кодекс торгового мореплавания Российской Федерации.pdf:page_97"
Как должны быть закрыты проемы и отверстия при работе геодезиста на монтажном горизонте в СНиП 3.01.03-84?," Проемы и отверстия должны быть закрыты таким образом, чтобы гарантировалась технология выноса и закрепления в натуре контура котлована здания (сооружения), трасс инженерных сетей; геодезического контроля при производстве земляных и строительно-монтажных работ; производства исполнительских съемок и составления исполнительской документации.","Data1_10_10861_index.pdf:page_18, Data1_10_10861_index.pdf:page_24, Data1_11_11285_index.pdf:page_35, Data1_11_11285_index.pdf:page_4, Data1_11_11285_index.pdf:page_77"
Как переносятся затраты труда рабочих-монтажников в таблицу ресурсных сметных норм согласно ГОСТ МДС 81-13.2000?, Затраты труда рабочих-монтажников переносятся в граф 4 таблицы ресурсных сметных норм.,"Data1_10_10754_index.pdf:page_3, Data1_10_10754_index.pdf:page_5, Data1_10_10848_index.pdf:page_7, Data1_2_2073_index.pdf:page_1, Data1_2_2073_index.pdf:page_4"
"Кто может рассматривать дела об административных правонарушениях от имени органов, осуществляющих контроль в сфере естественных монополий?"," Для рассмотрения дел об административных правонарушениях от имени органов, осуществляющих контроль в сфере естественных монополий, могут быть:
1) руководитель федерального органа исполнительной власти, осуществляющий контроль над естественными монополиями;
2) руководители территориальных органов федерального органа исполнительной власти, осуществляющего контроль над естественными монополиями;
3) руководители органов исполнительной власти субъектов Российской Федерации, осуществляющие контроль над естественными монополиями.

Бесплатная юридическая консультация по телефонам: 8 (499) 938-53-71 (Москва и МО), 8 (812) 467-95-28 (Санкт-Петербург и ЛО), 8 (800) 301-92-12 (Регионы РФ).

Комментарии к статьям на сайте https://koapkodeksrf.ru/","Административный кодекс Российской Федерации.pdf:page_468, Административный кодекс Российской Федерации.pdf:page_487, Административный кодекс Российской Федерации.pdf:page_490, Административный кодекс Российской Федерации.pdf:page_493, Административный кодекс Российской Федерации.pdf:page_505"
Какие виды технического обслуживания и ремонта предусмотрены для кранов башенных с грузовым моментом до 25 тм согласно ТИПОВЫМ НОРМАМ?," Для кранов башенных с грузовым моментом до 25 тм предусмотрены следующие виды технического обслуживания и ремонта:

1. Ежесменное техническое обслуживание (ЕО) - выполняемое перед началом или после использования крана в течение смены;
2. Техническое обслуживание (ТО)- выполняемое через плановые периоды наработки;
3. Сезонное обслуживание (СО) - выполняемое два раза в год при подготовке крана к использованию в летний или зимний периоды;
4. Текущий ремонт (Т);
5. Капитальный ремонт (К).","Data1_10_10855_index.pdf:page_1, Data1_10_10855_index.pdf:page_2, Data1_10_10855_index.pdf:page_4, Data1_10_10855_index.pdf:page_5, Data1_10_10855_index.pdf:page_6"
"Какие работы необходимо выполнить для подготовки систем горячего водоснабжения, согласно ГОСТ МДС 13-18.2000?"," Необходимо выполнить наладочные работы на системе горячего водоснабжения, учитывая результаты предыдущей эксплуатации в случае несоответствия требованиям поставок 6-8 при пробном пуске. Кроме того, требуется уведомление эксплуатирующей организации о необходимости разработки специализированной организацией технических мероприятий для поглощения шума до нормируемых пределов в случае его превышения.","Data1_10_10852_index.pdf:page_1, Data1_10_10852_index.pdf:page_23, Data1_10_10861_index.pdf:page_13, Data1_10_10861_index.pdf:page_31, Data1_10_10862_index.pdf:page_1"
"Что происходит, если обеспеченное обязательство было изменено без согласия поручителя?"," В случае изменения обеспеченного обязательства без согласия поручителя, по контексту предоставленному, возникает риск неисполнения поручителем своих обязанностей. Это может вызвать применение мер по взысканию с поручителя сумм, обязанность по уплате которых обеспечена поручительством, в соответствии с договором и законом.","Бюджетный кодекс Российской Федерации.pdf:page_164, Гражданский кодекс Российской Федерации.pdf:page_183, Гражданский кодекс Российской Федерации.pdf:page_202, Кодекс торгового мореплавания Российской Федерации.pdf:page_129, Налоговый кодекс Российской Федерации.pdf:page_170"
Какие методы могут использоваться для построения геодезических сетей сгущения согласно СНиП 3.01.03-84?," Методы триангуляции, полигонометрии или микротрилатерации могут использоваться для построения геодезических сетей сгущения согласно СНиП 3.01.03-84.","Data1_11_11285_index.pdf:page_17, Data1_11_11285_index.pdf:page_4, Data1_11_11285_index.pdf:page_5, Data1_11_11285_index.pdf:page_7, Data1_11_11285_index.pdf:page_9"
"При каких обстоятельствах прекращается обязанность по уплате ввозных таможенных пошлин, налогов, специальных, антидемпинговых, компенсационных пошлин в отношении иностранных товаров, перемещаемых трубопроводным транспортом, согласно статье 295?"," Прекращение обязанности по уплате ввозных таможенных пошлин, налогов, специальных, антидемпинговых, компенсационных пошлин в отношении иностранных товаров, перемещаемых трубопроводным транспортом, может произойти при отсутствии указанных товаров на таможенной территории Союза более 1 года после начала таможенной процедуры. (Статья 295 настоящего Кодекса передачи прав).","Таможенный кодекс Евразийского экономического союза.pdf:page_109, Таможенный кодекс Евразийского экономического союза.pdf:page_185, Таможенный кодекс Евразийского экономического союза.pdf:page_233, Таможенный кодекс Евразийского экономического союза.pdf:page_73, Таможенный кодекс Евразийского экономического союза.pdf:page_97"
Какие методы используются для проверки прямолинейности оси труб в горизонтальной плоскости согласно СНиП 3.01.03-84?," Методы геодезического контроля, такие как шнур, теодолит и полигонометрия используются для проверки прямолинейности оси труб в горизонтальной плоскости согласно СНиП 3.01.03-84.","Data1_11_11285_index.pdf:page_17, Data1_11_11285_index.pdf:page_24, Data1_11_11285_index.pdf:page_4, Data1_11_11285_index.pdf:page_63, Data1_11_11285_index.pdf:page_73"
Как и когда уплачиваются авансовые платежи и налог?," Авансовые платежи по налогу - до 25 числа первого месяца, следующего за истекшим отчетным периодом. Налог уплачивается не позднее сроков, установленных для подачи налоговой декларации статьей 346.23 настоящего Кодекса.","Налоговый кодекс Российской Федерации.pdf:page_1493, Налоговый кодекс Российской Федерации.pdf:page_1515, Налоговый кодекс Российской Федерации.pdf:page_1577, Налоговый кодекс Российской Федерации.pdf:page_1602, Налоговый кодекс Российской Федерации.pdf:page_885"
Какие данные должны быть указаны в определении судебной коллегии Верховного Суда Российской Федерации?," В определении судебной коллегии Верховного Суда Российской Федерации должны быть указаны:
1. Обстоятельства дела;
2. Содержание судебных постановлений, принятых по делу;
3. Доводы кассационной жалобы или представления;
4. Послужившие основаниями для подачи кассационной жалобы или представления;
5. Решение (отменять, оставить в силе, изменить либо отменить судебные постановления);
6. Сроки исполнения решения.","Арбитражный процессуальный кодекс Российской Федерации.pdf:page_196, Арбитражный процессуальный кодекс Российской Федерации.pdf:page_199, Гражданский процессуальный кодекс Российской Федерации.pdf:page_149, Гражданский процессуальный кодекс Российской Федерации.pdf:page_150, Уголовно-процессуальный кодекс Российской Федерации.pdf:page_257"
Какие действия предпринимаются при выявлении дефектов в ходе технического осмотра согласно ГОСТ МДС 14-13.2000?," При выявлении дефектов в ходе технического осмотра, согласно ГОСТ МДС 14-13.2000, следует принять необходимые меры по исправлению некачественно обработанных участков (по примере - в закрепленном грунтовом массиве). Это могут быть различные технические действия, например, повторное производство работы, устранение дефекта и т.д., с целью соответствия реализованного результата зафиксированным в исполнительной документации технологическим данным и проектным данным.","Data1_10_10846_index.pdf:page_19, Data1_10_10862_index.pdf:page_1, Data1_10_10863_index.pdf:page_1, Data1_10_10866_index.pdf:page_1, Data1_11_11295_index.pdf:page_26"
Какие расходы по уплате налога на содержание жилищного фонда и объектов социально-культурной сферы относятся на финансовые результаты деятельности предприятий согласно ГОСТ МДС 81-23.2000?," По данным предоставленным, расходы на содержание объектов жилищно-коммунального хозяйства, социально-культурной сферы включаются в сметы расходов на обслуживание и должны относиться к финансовым результатам деятельности предприятий.","Data1_10_10861_index.pdf:page_37, Data1_2_2070_index.pdf:page_1, Data1_2_2070_index.pdf:page_30, Data1_2_2070_index.pdf:page_31, Налоговый кодекс Российской Федерации.pdf:page_1034"
Что предусмотрено частью 2 статьи 20.2 КоАП РФ?," Частья 2 статьи 20.2 КоАП РФ регламентирует административные правонарушения, совершенные с использованием средств информационных технологий (IT) или связи, в том числе об ограничении доступа к сетям общего пользования (Internet), превышении размера отправленной по электронной почте информации, неисполнении требований о защите конфиденциальности данных и т. д.","Административный кодекс Российской Федерации.pdf:page_444, Административный кодекс Российской Федерации.pdf:page_461, Административный кодекс Российской Федерации.pdf:page_462, Административный кодекс Российской Федерации.pdf:page_556, Административный кодекс Российской Федерации.pdf:page_558"
Как можно обжаловать решение арбитражного суда первой инстанции в апелляционную инстанцию?," Чтобы обжаловать решение арбитражного суда первой инстанции в апелляционную инстанцию, необходимо подавать апелляционную жалобу через принятый срок. Эта процедура может быть проведена лицами, участвующими в деле, или иными лицами в случаях, предусмотренных Кодексом.","Арбитражный процессуальный кодекс Российской Федерации.pdf:page_172, Арбитражный процессуальный кодекс Российской Федерации.pdf:page_178, Арбитражный процессуальный кодекс Российской Федерации.pdf:page_180, Арбитражный процессуальный кодекс Российской Федерации.pdf:page_181, Арбитражный процессуальный кодекс Российской Федерации.pdf:page_187"
Кто уполномочен проводить расследование аварий и инцидентов на море?," Федеральные органы исполнительной власти, уполномоченный орган в области гражданской авиации или уполномоченный орган в области использования воздушного пространства, являются уполномоченными для проведения расследования инцидентов на море.","Воздушный кодекс Российской Федерации.pdf:page_52, Воздушный кодекс Российской Федерации.pdf:page_53, Воздушный кодекс Российской Федерации.pdf:page_54, Кодекс торгового мореплавания Российской Федерации.pdf:page_8, Трудовой кодекс Российской Федерации.pdf:page_144"
Какие требования предъявляются к допросу обвиняемого?," Допрос обвиняемого проводится с наблюдением за требованиями статей 275, 173, 174, 187 - 190 и 276 настоящего Кодекса. Он включает выяснение признания вины обвиняемого, желания дать показания по существу предъявленного обвинения и определения языка допроса. Обвиняемый имеет право давать показания в любой момент судебного следствия.","Уголовно-процессуальный кодекс Российской Федерации.pdf:page_124, Уголовно-процессуальный кодекс Российской Федерации.pdf:page_184, Уголовно-процессуальный кодекс Российской Федерации.pdf:page_186, Уголовно-процессуальный кодекс Российской Федерации.pdf:page_268, Уголовно-процессуальный кодекс Российской Федерации.pdf:page_57"
"Что такое ""лабиринт"" в контексте ГОСТ МДС 35-7.2000?"," В контексте ГОСТ МДС 35-7.2000, ""лабиринт"" не упоминается явно. Он может быть связан с площадками для спортивных игр или детских игровых сооружениях (как, например, лабиринт из аттракционов), но такого определения в документе нет. Необходимо учитывать, что документ касается физкультурно-оздоровительных сооружений и зданий, помещений для активного отдыха, медико-восстановительных помещений, раздевален и других объектов.","Data1_10_10847_index.pdf:page_1, Data1_10_10852_index.pdf:page_1, Data1_10_10862_index.pdf:page_1, Data1_10_10871_index.pdf:page_1, Data1_2_2070_index.pdf:page_1"
Что такое оборудование негабаритное (крупногабаритное) согласно Указаниям по применению федеральных единичных расценок на монтаж оборудования (ФЕРм-2001)?," В указанных Указаниях не приведено определение термина ""оборудование негабаритное (крупногабаритное)"". Тем не менее, такой термин можно предположить относительно транспортных габаритов секции трубопровода или блока трубного, которые могут быть слишком большими для установки в проектное положение в обычных производственных условиях. В других случаях следует обращаться к специалистам или соответствующим нормативным документам.","Data1_10_10754_index.pdf:page_1, Data1_10_10754_index.pdf:page_13, Data1_10_10754_index.pdf:page_2, Data1_10_10754_index.pdf:page_31, Data1_10_10754_index.pdf:page_4"
Какая схема нормативно-правового регулирования строительства (услуг) приведена в Приложении 3 согласно ГОСТ МДС-80-8.2000?," Приложение 3 согласно ГОСТ МДС-80-8.2000 определяет ""Методические рекомендации по процедуре подрядных торгов"", которые являются одним из элементов нормативно-правового регулирования услуг в сфере строительства в Российской Федерации.","Data1_10_10866_index.pdf:page_1, Data1_10_10867_index.pdf:page_1, Data1_10_10869_index.pdf:page_1, Data1_1_1904_index.pdf:page_1, Data1_2_2079_index.pdf:page_1"
Что считается контрафактными товарами?," Контрафактные товары - это товары, производство, обработка или продажа которых нарушает права других лиц (например, авторские права, товарные знаки) или законы и нормативные акты.","Гражданский кодекс Российской Федерации.pdf:page_239, Гражданский кодекс Российской Федерации.pdf:page_645, Гражданский кодекс Российской Федерации.pdf:page_660, Таможенный кодекс Евразийского экономического союза.pdf:page_306, Таможенный кодекс Евразийского экономического союза.pdf:page_389"
Что включает в себя общий технический осмотр согласно ГОСТ МДС 14-13.2000?," Общий технический осмотр включает в себя проверку состояния зданий и сооружений в период эксплуатации, наблюдение за их сохранностью и выполнение ремонтных работ. Это также определено в Положении об Плановый-Предпредительном Ремонте Производственных Зданий и Сооружений МДС 13-14.2000.","Data1_10_10861_index.pdf:page_1, Data1_10_10863_index.pdf:page_1, Data1_1_1879_index.pdf:page_1, Data1_2_2073_index.pdf:page_1, Data1_2_2117_index.pdf:page_1"
Какой документ регулирует порядок определения плательщиков специального налога?," Порядок определения плательщиков специального налога регулируется законом ""Государственная пошлина"" и Инструкцией Госналогслужбы РФ от 13.03.92 № 5 ""О государственной пошлине"".","Data1_2_2070_index.pdf:page_18, Налоговый кодекс Российской Федерации.pdf:page_1520, Налоговый кодекс Российской Федерации.pdf:page_24, Налоговый кодекс Российской Федерации.pdf:page_92, Таможенный кодекс Евразийского экономического союза.pdf:page_76"
Какие требования к размерам самонесущих элементов зенитных фонарей согласно ГОСТ МДС 31-8.2002?," Согласно ГОСТ МДС 31-8.2002, требования к размерам самонесущих элементов зенитных фонарей не определены явно. Однако применение высокой технологии позволяет получить самонесущие элементы диаметром до 8 м.","Data1_10_10846_index.pdf:page_1, Data1_10_10846_index.pdf:page_17, Data1_10_10846_index.pdf:page_19, Data1_10_10846_index.pdf:page_50, Data1_10_10846_index.pdf:page_8"
Какие проценты предусмотрены для разработки вариантов проектных решений отдельных элементов зданий? (СНиП)," 15% на стадии ""проект"", 10-15% на стадиях ""рабочий проект"" и ""рабочая документация"". Это касается фасадов без переработки проекта отопления (по строке 1 из Таблицы 44). Другие элементы могут иметь разные проценты в зависимости от типа работ.","Data1_10_10865_index.pdf:page_37, Data1_11_11835_index.pdf:page_19, Data1_2_2069_index.pdf:page_4, Data1_2_2081_index.pdf:page_4, Data1_2_2081_index.pdf:page_6"
Какие данные должны быть занесены в удостоверение о проверке знаний на первой странице согласно ГОСТ МДС 15-13.2000?," Фамилия, имя, отчество работника энергетической организации системы ЖКХ, организация, служба, район, участок, фотография (с фотографией удостоверение действительно).","Data1_10_10862_index.pdf:page_1, Data1_10_10862_index.pdf:page_10, Data1_10_10862_index.pdf:page_2, Data1_10_10863_index.pdf:page_1, Data1_11_11295_index.pdf:page_26"
Как определяется стоимость оборудования при отсутствии укрупненных нормативов или объектов-аналогов?," При отсутствии укрупненных нормативов или объектов-аналогов для оборудования, стоимость определяется на основе индивидуальных калькуляций, утверждаемых заказчиком.","Data1_10_10864_index.pdf:page_16, Data1_2_2069_index.pdf:page_10, Data1_2_2069_index.pdf:page_4, Data1_2_2069_index.pdf:page_7, Data1_2_2082_index.pdf:page_4"
Какой СНиП устанавливает требования для строительной теплотехники?, СНиП «Строительная теплотехника» (СНиП 2.08.01-89) устанавливает требования для строительной теплотехники.,"Data1_10_10846_index.pdf:page_3, Data1_10_10861_index.pdf:page_17, Data1_10_10865_index.pdf:page_30, Data1_10_10865_index.pdf:page_38, Data1_2_2096_index.pdf:page_2"
Какие объекты включены в Главу 4 Справочника? (Объекты образования и дошкольных учреждений)," Глава 4 в Справочнике включает следующие объекты образования и дошкольных учреждений:
1. Детские дошкольные учреждения (всего/1000 чел.).
2. Общеобразовательные школы (всего/1000 чел.).
3. Учреждения культуры (клубы, кинотеатры).","Data1_11_11835_index.pdf:page_1, Data1_11_11835_index.pdf:page_8, Data1_1_1904_index.pdf:page_37, Data1_1_1904_index.pdf:page_40, Земельный кодекс Российской Федерации.pdf:page_26"
"Какие требования предъявляются к пределу огнестойкости ограждающих стен и конструкций пристройки, согласно ГОСТ или СНиП?"," Предел огнестойкости ограждающих стенам и конструкциям пристройки должен быть не менее 0,75 часа, а предел распространения огня по конструкции равен нулю.","Data1_10_10865_index.pdf:page_15, Data1_10_10865_index.pdf:page_16, Data1_10_10865_index.pdf:page_17, Data1_10_10865_index.pdf:page_18, Data1_2_2096_index.pdf:page_4"
Какое состояние должна иметь водопроводно-канализационная система согласно ГОСТ МДС 13-18.2000?," Водопроводно-канализационной системе должна быть осуществлена проверка тепловой изоляции вытяжных систем канализационных стояков, а при отсутствии — выполнена работа по утеплению соответствующих участков. Если есть тепловая изоляция вытяжных систем канализационных стояков, но в предыдущие годы были нарекания жильцов на срывы гидравлических затворов санитарных приборов в зимние месяцы, следует объединить канализационные стояки горизонтальными перемычками с устройством одной вытяжной части. При этом число объединяемых канализационных стояков с одной вытяжной частью не должно превышать 4, а диаметр трубопровода вытяжной части следует принимать по канализационному стояку с наибольшим диаметром.","Data1_10_10852_index.pdf:page_1, Data1_10_10852_index.pdf:page_24, Data1_10_10862_index.pdf:page_1, Data1_10_10871_index.pdf:page_1, Data1_1_1879_index.pdf:page_1"
"Как определяется стоимость блок-секций, разрабатываемых на основе базовой блок-секции? (с коэффициентом до 0,7)"," Стоимость блок-секций определяется путем применения к стоимости работ по повторяющимся секциям (корпусам) указанных поправочных коэффициентов, в соответствии с п. 2 контекста. Коэффициент может составлять до 0,7.","Data1_10_10754_index.pdf:page_10, Data1_11_11835_index.pdf:page_3, Data1_11_11835_index.pdf:page_4, Data1_11_11835_index.pdf:page_7, Data1_2_2080_index.pdf:page_5"
Какие требования к определению модуля силиката натрия указаны в СНиП 3.02.01-83?," В СНиП 3.02.01-83 не указано какие то конкретные требования к определению модуля силиката натрия, однако в этом документе приводится формула для расчета коэффициента модуля силиката натрия:

(1)
Коэффициент 0.5 выводится из отношения
15/31×1,032 = 0.4992 » 0.5,
где 15 - эквивалент SiO2; 31 - эквивалент Na2O; 1,032 - коэффициент выражает отношение молекулярной массы Na2O к молекулярной массе SiO2.

Однако для приготовления цементных растворов из силиката натрия требуется использование портландцемента марки не ниже 300 и проведение лабораторных испытаний с определением физико-механических свойств каждой партии цемента независимо от паспортных.","Data1_10_10861_index.pdf:page_15, Data1_10_10861_index.pdf:page_25, Data1_10_10865_index.pdf:page_33, Data1_11_11295_index.pdf:page_30, Data1_11_11295_index.pdf:page_6"
При каких условиях может быть назначено принудительное лечение в стационарных условиях общего типа?," Принудительное лечение в медицинской организации, оказывающей психиатрическую помощь в стационарных условиях, общего типа может быть назначено судом в следующих случаях:
1. Принудительное наблюдение и лечение у врача-психиатра в амбулаторных условиях не дает результата;
2. Лицо совершило преступление, требующее применения принудительных мер медицинского характера;
3. Исключительные обстоятельства потребуют применения положений статьи 99 Уголовного кодекса Российской Федерации к лицам, совершившим преступления в возрасте от восемнадцати до двадцати лет (кроме помещения их в специальное учебно-воспитательное учреждение закрытого типа или воспитательную колонию).","Уголовно-процессуальный кодекс Российской Федерации.pdf:page_273, Уголовно-процессуальный кодекс Российской Федерации.pdf:page_275, Уголовный кодекс Российской Федерации.pdf:page_42, Уголовный кодекс Российской Федерации.pdf:page_43, Уголовный кодекс Российской Федерации.pdf:page_45"
Какие документы должны быть приложены к административному исковому заявлению?," К административному исковому заявлению должны быть прилаганы:
1. документы, предусмотренные пунктами 1 - 3, 5 и 9 части 2 статьи 125 Кодекса;
2. доводы, обосновывающие необходимость дальнейшего пребывания несовершеннолетнего в учебном учреждении закрытого типа или отсутствие такой необходимости;
3. документы, подтверждающие направление другим лицам, участвующим в деле, копий административного искового заявления и приложенных к нему документов;
4. документы, указанные в пункте 5 части 1 статьи 126 Кодекса;
5) доверенность или иные документы, удостоверяющие полномочия представителя административного истца;
6) документ, подтверждающий наличие у представителя высшего юридического образования или ученой степени по юридической специальности, если административное исковое заявление подано представителем;
7) документы, подтверждающие соблюдение административным истцом досудебного порядка урегулирования административных споров, если да;
8) документы, имеющие значение для правильного рассмотрения и разрешения административного дела (10 пункт);
9) в административном исковом заявлении о медицинском освидетельствовании несовершеннолетнего должны быть указаны причины, исключающие возможность предъявления административного искового заявления самим гражданином (8 пункт).
10) Административный истец может направить другим лицам, участвующим в деле, копии административного искового заявления и приложенных к нему документов, которые у них отсутствуют (7 пункт).","Кодекс административного судопроизводства Российской Федерации.pdf:page_180, Кодекс административного судопроизводства Российской Федерации.pdf:page_181, Кодекс административного судопроизводства Российской Федерации.pdf:page_182, Кодекс административного судопроизводства Российской Федерации.pdf:page_69, Кодекс административного судопроизводства Российской Федерации.pdf:page_70"
Какой СНиП документа регулирует учет налогов в сметной документации на строительство?," МДС 81-23.2000 - это документ, который регулирует учет налогов в сметной документации на строительство.","Data1_10_10062_index.pdf:page_2, Data1_2_2070_index.pdf:page_1, Data1_2_2070_index.pdf:page_2, Data1_2_2073_index.pdf:page_1, Data1_2_2082_index.pdf:page_5"
Кто обязан возмещать убытки согласно пункту 8 статьи 57.1?," Согласно пункту 8 статьи 57.1, правообладатель земельного участка или расположенного на нем объекта недвижимого имущества обязан возмещать убытки в случае их поступления по причине ограничения прав собственника земельного участка, землепользователя, землевладельца или арендатора земельного участка.","Гражданский кодекс Российской Федерации.pdf:page_50, Земельный кодекс Российской Федерации.pdf:page_155, Земельный кодекс Российской Федерации.pdf:page_156, Земельный кодекс Российской Федерации.pdf:page_196, Кодекс торгового мореплавания Российской Федерации.pdf:page_95"
Какие данные используются для определения стоимости строительства общественных зданий согласно ГОСТ?," Для определения стоимости строительства общественных зданий используются укрупненные показатели базисной стоимости (УПБС), а также интегральный индекс цен на строительно-монтажные работы или отдельные индексы цен на материальные ресурсы, оплату труда, эксплуатацию строительных машин и другие калькуляционные статьи затрат.","Data1_1_1904_index.pdf:page_22, Data1_2_2080_index.pdf:page_1, Data1_2_2080_index.pdf:page_10, Data1_2_2080_index.pdf:page_7, Data1_2_2080_index.pdf:page_8"
Какие действия может совершать председатель правления без одобрения правления или общего собрания?," Председатель правления товарищества собственников жилья может действовать без одобрения правления или общего собрания по решению частей 1, 2 и 3 статьи 149 настоящего Кодекса (Корпоративный кодекс РФ). Он обеспечивает выполнение решений правления, имеет право давать указания и распоряжения всем должностным лицам товарищества.","Жилищный кодекс Российской Федерации.pdf:page_103, Жилищный кодекс Российской Федерации.pdf:page_111, Жилищный кодекс Российской Федерации.pdf:page_112, Жилищный кодекс Российской Федерации.pdf:page_142, Жилищный кодекс Российской Федерации.pdf:page_93"
Какие обязанности возлагаются на теплоснабжающую организацию в случае запроса абонента на результаты расчетов? (п. 44)," В случае запросаabloнента на результаты расчетов, теплоснабжающая организация должна предоставить эти данные (п. 39).","Data1_10_10870_index.pdf:page_10, Data1_10_10870_index.pdf:page_9, Data1_10_10871_index.pdf:page_11, Data1_10_10871_index.pdf:page_16, Data1_10_10871_index.pdf:page_8"
Что представляют собой платежи по договорам добровольного личного страхования?," Платежи, которые совершаются в рамках договоров добровольного личного страхования - это премия за страхование работников от временной нетрудоспособности (кроме случаев травм на производстве и профессиональных болезней), которые оплачиваются за счет средств работодателя. Сумма этих платежей регулируется Федеральным законом от 29 декабря 2006 года N 255-ФЗ ""Об обязательном социальном страховании на случай временной нетрудоспособности и в связи с материнством"".","Налоговый кодекс Российской Федерации.pdf:page_1021, Налоговый кодекс Российской Федерации.pdf:page_1514, Налоговый кодекс Российской Федерации.pdf:page_1549, Налоговый кодекс Российской Федерации.pdf:page_942, Налоговый кодекс Российской Федерации.pdf:page_976"
Какие ГОСТы или СНиПы регламентируют сметные нормы и расценки на строительные работы (СНиР-91)?," Сметные нормы и расценки на строительные работы регламентируют ГОСТы и СНиПы, в частности: СНиР-91 (Сметные нормы и расценки на строительные работы) и СНиП 1.02.01-85 (Инструкция о составе, порядке разработки, согласования и утверждения проектно-сметной документации на строительство предприятий, зданий и сооружений).","Data1_2_2069_index.pdf:page_4, Data1_2_2073_index.pdf:page_1, Data1_2_2076_index.pdf:page_2, Data1_2_2076_index.pdf:page_3, Data1_2_2076_index.pdf:page_4"
Какие неисправности котлов и оборудования должны быть устранены согласно ГОСТ МДС 13-18.2000?," По данным документа ГОСТ МДС 13-18.2000 требуется устранение неисправностей на котлах, обмуровках, дымоходах, боровых, арматуре, автоматических регуляторах и контрольно-измерительных приборах, а также течей в ниппельных соединениях.","Data1_10_10852_index.pdf:page_14, Data1_10_10861_index.pdf:page_24, Data1_10_10861_index.pdf:page_7, Data1_10_10862_index.pdf:page_1, Data1_2_2073_index.pdf:page_1"
Какой код материала-представителя используется для устройства компенсаторных ниш согласно ГОСТ?," Согласно данному списку, для ""Устройство компенсаторных ниш"" используется код материала-представителя 39.","Data1_2_2076_index.pdf:page_15, Data1_2_2079_index.pdf:page_18, Data1_2_2079_index.pdf:page_3, Data1_2_2081_index.pdf:page_14, Data1_2_2081_index.pdf:page_18"
Кто имеет право на полное освобождение от уплаты налога на приобретение автотранспортных средств согласно ГОСТ МДС 81-23.2000?," Ответ: Верховный Совет республики в составе Российской Федерации, Совет народных депутатов автономной области, автономного округа, края, области, городов Москвы и Санкт-Петербурга имеют право на полное освобождение от уплаты налога на приобретение автотранспортных средств.","Data1_2_2070_index.pdf:page_1, Data1_2_2070_index.pdf:page_14, Data1_2_2070_index.pdf:page_15, Data1_2_2116_index.pdf:page_1, Налоговый кодекс Российской Федерации.pdf:page_608"
Какую шкалу ареометра следует использовать при навернутом объемном грузе согласно ГОСТ (к СНиП 3.02.01-83)?," По шкале ареометра АГ-3ПП следует использовать предел измерения при навернутом объемном грузе в диапазоне 0,9 - 1,7 г/см3.","Data1_10_10861_index.pdf:page_25, Data1_10_10865_index.pdf:page_24, Data1_11_11295_index.pdf:page_36, Data1_11_11295_index.pdf:page_37, Data1_11_11295_index.pdf:page_6"
Какие документы и соглашения могут влиять на установление размера платы за наем жилого помещения?," Ответ:
1. Правительство Российской Федерации - устанавливает требования к размеру платы за наем жилого помещения, а также порядок изменения и ежегодной индексации.
2. Договор найма жилых помещений - рассчитывается исходя из занимаемой общей площади.
3. Дополнительное соглашение с наймодателем (в случае временных жильцов) - может устанавливать размер платы за коммунальные услуги, предоставляемые временным жильцам.","Градостроительный кодекс Российской Федерации.pdf:page_238, Гражданский кодекс Российской Федерации.pdf:page_302, Жилищный кодекс Российской Федерации.pdf:page_118, Жилищный кодекс Российской Федерации.pdf:page_120, Жилищный кодекс Российской Федерации.pdf:page_124"
Какой ГОСТ или СНиП регулирует расчет стоимости строительства в базисном уровне цен?, СНиП 1.02.01-85.,"Data1_2_2069_index.pdf:page_4, Data1_2_2069_index.pdf:page_6, Data1_2_2069_index.pdf:page_7, Data1_2_2079_index.pdf:page_2, Data1_2_2082_index.pdf:page_2"
"Что грозит за непредставление оператором связи, собственником или иным владельцем технологической сети связи, имеющими уникальный идентификатор совокупности средств связи и иных технических средств в информационно-телекоммуникационной сети ""Интернет"", информации, представление которой предусмотрено Федеральным законом от 7 июля 2003 года N 126-ФЗ ""О связи""?"," Наложение административного штрафа на граждан в размере от тридцати тысяч до пятидесяти тысяч рублей; либо административное приостановление деятельности на срок до тридцати суток.

Контактная информация для бесплатной юридической консультации:

• 8 (499) 938-53-71 (Москва и МО);
• 8 (812) 467-95-28 (Санкт-Петербург и ЛО);
• 8 (800) 301-92-12 (Регионы РФ).","Административный кодекс Российской Федерации.pdf:page_235, Административный кодекс Российской Федерации.pdf:page_236, Административный кодекс Российской Федерации.pdf:page_244, Административный кодекс Российской Федерации.pdf:page_405, Административный кодекс Российской Федерации.pdf:page_406"
Что такое обезжиривание согласно Указаниям по применению федеральных единичных расценок на монтаж оборудования (ФЕРм-2001)?, Обезжиривание не упомянуто в контексте предоставленном Указаниями по применению федеральных единичных расценок на монтаж оборудования (ФЕРм-2001).,"Data1_10_10754_index.pdf:page_1, Data1_10_10754_index.pdf:page_2, Data1_10_10754_index.pdf:page_31, Data1_10_10754_index.pdf:page_4, Data1_10_10754_index.pdf:page_9"
Как формируются ресурсно-технологические модели (РТМ)?," Ресурсо-технологические модели (РТМ) для объектов жилищно-гражданского назначения формируются на основе унифицированной ресурсно-технологической модели. Этот процесс включает в себя:

1. Сгруппировку объектов по однородным группам (например, жилищное строительство для городов и поселков городского типа).
2. Определение объёма применения ресурсов (по одной миллиону рублей) для каждого объекта-представителя в смэтных нормах и ценах 1991 г.
3. Вычисление удельного веса объекта-представителя в объёме строительно-монтажных работ по отрасли (например, крупнопанельное строительство).
4. Применение коэффициентов перевода натуральных объёмов поставок материалов к приведенным объемам для вычисления общего объёма ресурсов, учитываемых в РТМ.
5. Определение стоимостной оценки материальных ресурсов для городского строительства в уровне сметных норм и цен 1991 г.
6. С использованием коэффициентов перевода, вычисление стоимости конкретных характеристик и потребительских свойств отдельных материалов, приводящих их к унифицированной номенклатуре.

Коэффициенты перехода разработаны в дополнение к ""Основным положениям расчета индексов цен по капитальным вложениям и элементам их технологической структуры"", опубликованным в 1992 году.","Data1_2_2080_index.pdf:page_21, Data1_2_2080_index.pdf:page_32, Data1_2_2080_index.pdf:page_34, Data1_2_2080_index.pdf:page_4, Data1_2_2081_index.pdf:page_5"
Какова периодичность капитального ремонта металлических ферм согласно ГОСТ МДС 14-13.2000?," Согласно указанному документу, периодичность капитального ремонта металлических ферм не определена. Это означает, что периодичность ремонта должна быть определена индивидуально для конкретных объектов, исходя из их эксплуатационного состояния и других факторов.","Data1_10_10852_index.pdf:page_1, Data1_10_10855_index.pdf:page_1, Data1_1_1879_index.pdf:page_1, Data1_1_1879_index.pdf:page_24, Data1_1_1879_index.pdf:page_27"
Кто может входить в группу ОГП по СНиП 3.01.03-84?," По контексту, члены группы ОГП (Общества Гражданской Присутственности) должны соответствовать требованиям СНиП 3.01.03-84 ""Общее положение о производстве и утверждении ресурсных сметных норм для строительства, реконструкции и капитального ремонта зданий и сооружений"". Однако СНиП 3.01.03-84 не определяет конкретных членов или постов в группе ОГП. Поэтому, для правильного ответа требуется дополнительная информация относительно контекста или проекта, в котором данное руководство применяется.","Data1_10_10861_index.pdf:page_17, Data1_10_10865_index.pdf:page_30, Data1_2_2073_index.pdf:page_5, Data1_2_2073_index.pdf:page_6, Data1_2_2079_index.pdf:page_17"
Как действует гексаметафосфат натрия на глинистый раствор и цементные растворы согласно ГОСТ (к СНиП 3.02.01-83)?," Гексаметафосфат натрия влияет на глинистые растворы и цементные растворы как ускоритель твердения, при этом необходимо следить за соблюдением допустимых нормативов, определенных в ГОСТ (к СНиП 3.02.01-83). Однако, использование гексаметафосфата натрия запрещено из-за его токсичности и вредного воздействия на окружающую среду. В данном документе он не упоминается как компонент для приготовления цементных или глинистых растворов.","Data1_10_10861_index.pdf:page_15, Data1_11_11295_index.pdf:page_25, Data1_11_11295_index.pdf:page_35, Data1_11_11295_index.pdf:page_37, Data1_11_11295_index.pdf:page_6"
"Кто утверждает формы бланков исполнительных листов и порядок их изготовления, учета, хранения и уничтожения?"," Формы бланков исполнительных листов и порядок их изготовления, учета, хранения и уничтожения устанавливаются Федеральным законодательством Российской Федерации.","Арбитражный процессуальный кодекс Российской Федерации.pdf:page_213, Гражданский процессуальный кодекс Российской Федерации.pdf:page_182, Гражданский процессуальный кодекс Российской Федерации.pdf:page_189, Лесной кодекс Российской Федерации.pdf:page_94, Трудовой кодекс Российской Федерации.pdf:page_46"
"Какое наказание предусмотрено за регистрацию заведомо незаконных сделок с недвижимым имуществом, умышленное искажение сведений государственного кадастра недвижимости и (или) Единого государственного реестра прав на недвижимое имущество и сделок с ним, а равно занижение кадастровой стоимости объектов недвижимости?"," Наказание за регистрацию заведомо незаконных сделок с недвижимым имуществом, умышленное искажение сведений государственного кадастра недвижимости и Единого государственного реестра прав на недвижимое имущество могут быть разными в зависимости от конкретных обстоятельств и законов, применяемых к данному делу. Однако, по данным предоставленной информации с сайтов ukodeksrf.ru, koapkodeksrf.ru и nkodeksrf.ru, наказанием может быть штраф до двух тысяч рублей, либо принудительные работы или исправительные работы, либо ограничение свободы или лишение свободы.","Административный кодекс Российской Федерации.pdf:page_280, Земельный кодекс Российской Федерации.pdf:page_145, Налоговый кодекс Российской Федерации.pdf:page_1308, Налоговый кодекс Российской Федерации.pdf:page_793, Уголовный кодекс Российской Федерации.pdf:page_94"
Какие телефоны доступны для бесплатной юридической консультации в Санкт-Петербурге и Ленинградской области?, 8 (812) 467-95-28,"Административный кодекс Российской Федерации.pdf:page_374, Административный кодекс Российской Федерации.pdf:page_415, Административный кодекс Российской Федерации.pdf:page_417, Административный кодекс Российской Федерации.pdf:page_67, Градостроительный кодекс Российской Федерации.pdf:page_291"
Какие элементы должны быть показаны на плане благоустройства согласно ГОСТ МДС 11-7.2000?," На плане благоустройства должны быть показаны:
1. Сохраняемые здания и сооружения, секционность жилых домов, сквозные проезды и проходы в зданиях, участки общественных зданий;
2. Площадки для отдыха, спорта и другого назначения, проезды и пешеходные проходы;
3. Зеленые насаждения;
4. Существующая уличная сеть с указанием типов покрытия проезжей части;
5. Наземные сооружения и коммуникации инженерного оборудования территории;
6. Границы территорий по формам собственности;
7. Границы отвода участков под все виды строительства и благоустройства.","Data1_1_1904_index.pdf:page_1, Data1_1_1904_index.pdf:page_15, Data1_1_1904_index.pdf:page_19, Data1_1_1904_index.pdf:page_20, Data1_1_1904_index.pdf:page_21"
"Как устанавливается порядок мониторинга разработки и утверждения программ комплексного развития систем коммунальной, транспортной и социальной инфраструктуры?"," Порядок мониторинга разработки и утверждения программ комплексного развития систем коммунальной, транспортной и социальной инфраструктуры устанавливается законодательством Российской Федерации, а также решением местных администраций поселений и городских округов. Контроль осуществляется органами государственной власти субъектов РФ и органами местного самоуправления в соответствии с федеральным государственным строительным надзором, установленным настоящим Кодексом.","Градостроительный кодекс Российской Федерации.pdf:page_21, Градостроительный кодекс Российской Федерации.pdf:page_308, Градостроительный кодекс Российской Федерации.pdf:page_5, Градостроительный кодекс Российской Федерации.pdf:page_67, Градостроительный кодекс Российской Федерации.pdf:page_97"
В какой очередности переносятся убытки на будущие налоговые периоды?," Убытки переносятся в той очередности, в которой они понесены.","Налоговый кодекс Российской Федерации.pdf:page_1077, Налоговый кодекс Российской Федерации.pdf:page_1184, Налоговый кодекс Российской Федерации.pdf:page_1369, Налоговый кодекс Российской Федерации.pdf:page_783, Налоговый кодекс Российской Федерации.pdf:page_858"
"Какие ГОСТы или СНиПы регулируют проектирование комплексных приемных пунктов, включая парикмахерские и другие виды бытовых услуг?"," СНиП 2.01.51-90 ""Инженерно-технические мероприятия гражданской обороны"" регулирует мероприятия по защите населения от опасных природных и техногенных процессов, гражданской обороне и чрезвычайным ситуациям в комплексных приемных пунктах, включая парикмахерские и другие виды бытовых услуг. Другие СНиПы и ГОСТы могут регламентировать другие аспекты проектирования этих объектов.","Data1_10_10865_index.pdf:page_24, Data1_11_11835_index.pdf:page_13, Data1_11_11835_index.pdf:page_32, Data1_1_1904_index.pdf:page_5, Градостроительный кодекс Российской Федерации.pdf:page_300"
Какой предел огнестойкости должен быть у кровельного покрытия согласно ГОСТ МДС-80-8.2000?," Предел огнестойкости для кровельного покрытия должен быть установлен соискателем, согласно ГОСТ МДС-80-8.2000, в зависимости от назначения зданий и помещений.","Data1_10_10865_index.pdf:page_15, Data1_10_10865_index.pdf:page_16, Data1_10_10865_index.pdf:page_17, Data1_10_10865_index.pdf:page_18, Data1_10_10865_index.pdf:page_39"
"Какие каналы массовой рекламы непригодны для маркетинга проектной продукции, согласно ГОСТ МДС 11-11.2000?"," Согласно ГОСТ МДС 11-11.2000, радио и телевидение мало используются проектными организациями для рекламы своей продукции.","Data1_10_10847_index.pdf:page_1, Data1_10_10849_index.pdf:page_1, Data1_10_10858_index.pdf:page_1, Data1_10_10858_index.pdf:page_19, Data1_10_10858_index.pdf:page_25"
Какие нормативные документы и методические указания перечислены в ГОСТ МДС 81-30.2002 для расчета стоимости дорожных работ?," Настоящие Временные методические указания определения стоимости работ при строительстве и ремонте автомобильных дорог ссылаются на законодательные акты Российской Федерации, а также нормативно-методические документы по ценообразованию в строительстве, действовавшие к 1 июня 2002 года. В частности упоминаются Межрегиональный центр ценообразования в строительстве и промышленности строительных материалов Госстроя России и Указания Минстроя России по формированию укрепленных показателей базовой стоимости на виды работ (УПБС ВР) МДС 81-18.2000, Методические рекомендации по расчету индексов цен на строительную продукцию для подрядных строительно-монтажных организаций МДС 81-14.2000 и др.","Data1_10_10848_index.pdf:page_1, Data1_10_10848_index.pdf:page_2, Data1_2_2073_index.pdf:page_1, Data1_2_2079_index.pdf:page_1, Data1_2_2117_index.pdf:page_1"
"Какие коэффициенты применяются к затратам на демонтаж легковесного и габаритного оборудования, не подлежащего дальнейшему использованию, с разборкой и резкой на части согласно Указаниям по применению ФЕРм-2001?"," Коэффициент 0,5 для демонтажа легковесного оборудования и габаритного оборудования, предназначенного в лом с разборкой и резкой на части согласно Указаниям по применению ФЕРм-2001.","Data1_10_10062_index.pdf:page_5, Data1_10_10754_index.pdf:page_10, Data1_10_10754_index.pdf:page_12, Data1_10_10754_index.pdf:page_31, Data1_10_10754_index.pdf:page_4"
Какие виды экспертизы могут быть проведены и что они включают?," Таможенная экспертиза может быть назначена для проведения экспертной организацией (экспертом) государства-члена в соответствии с законодательством этого государства-члена. Она включает товароведческую, материаловедческую, технологическую, криминалистическую, химическую и другие виды экспертиз, которые проводятся уполномоченным таможенным органом в процессе расчета показателей для тарифа. Результатом проведения экспертизы должно быть заключение экспертной организации, имеющее юридическое значение в процедуре рассмотрения регулирующими органами обоснования тарифов в сфере регулирования.","Data1_10_10863_index.pdf:page_3, Арбитражный процессуальный кодекс Российской Федерации.pdf:page_40, Кодекс административного судопроизводства Российской Федерации.pdf:page_30, Кодекс административного судопроизводства Российской Федерации.pdf:page_47, Таможенный кодекс Евразийского экономического союза.pdf:page_447"
Какие требования должны быть отражены в инструкциях по охране труда согласно ГОСТ?," Инструкции по охране труда должны включать требования, касающиеся:
1. Особенностей используемого оборудования
2. Условий, в которых выполняется данная работа
3. Соответствия зафиксированных в исполнительной документации технологических данных при производстве работ с соответствующими проектными данными
4. Сплошности и однородности закрепления.","Data1_10_10862_index.pdf:page_4, Data1_10_10862_index.pdf:page_6, Data1_11_11285_index.pdf:page_76, Data1_11_11295_index.pdf:page_26, Трудовой кодекс Российской Федерации.pdf:page_115"
Какие права имеет осужденный к смертной казни?," Осужденному к смертной казни не предоставляются никакие права, кроме того, что исполнение приговора в этом случае приостанавливается до принятия решения Президентом Российской Федерации.","Уголовно-исполнительный кодекс Российской Федерации.pdf:page_100, Уголовно-исполнительный кодекс Российской Федерации.pdf:page_101, Уголовно-исполнительный кодекс Российской Федерации.pdf:page_46, Уголовно-исполнительный кодекс Российской Федерации.pdf:page_55, Уголовный кодекс Российской Федерации.pdf:page_13"
Какие меры предупреждают отклонения инъекторов и скважин от проектного направления согласно ГОСТ (к СНиП 3.02.01-83)?," Меры предупреждения отклонений инъекторов и скважин от проектного направления могут осуществляться путем уточнения расположения инъекторов или инъекционных скважин в закрепляемых массивах на соответствующих планах и разрезах, согласно вычисленным параметрам инъекции. (ГОСТ 3.02.01-83)","Data1_10_10861_index.pdf:page_25, Data1_11_11295_index.pdf:page_10, Data1_11_11295_index.pdf:page_11, Data1_11_11295_index.pdf:page_22, Data1_11_11295_index.pdf:page_26"
Какие примеры заполнения ведомости объемов грунта приведены в СНиПе?," Пример заполнения ведомости объемов грунта не приведён в тексте СНиПа, но оно может быть найдено в приложении 6 или 6а, как это указано в пункте 2.22.","Data1_10_10864_index.pdf:page_8, Data1_11_11285_index.pdf:page_60, Data1_11_11295_index.pdf:page_26, Data1_2_2073_index.pdf:page_5, Data1_2_2080_index.pdf:page_4"
"Как исчисляется и уплачивается налог на доходы, полученные в виде дивидендов по акциям российских организаций?"," Налог на доходы, полученные в виде дивидендов по акциям российских организаций, не исчисляется и не уплачивается в соответствии с указанным пунктом Кодекса РФ о налоге на прибыль.","Налоговый кодекс Российской Федерации.pdf:page_1066, Налоговый кодекс Российской Федерации.pdf:page_1093, Налоговый кодекс Российской Федерации.pdf:page_1188, Налоговый кодекс Российской Федерации.pdf:page_1202, Налоговый кодекс Российской Федерации.pdf:page_754"
Какой стандарт (ГОСТ) регламентирует площадь мозаичных полов?," Информация о стандартах, регламентирующих площадь мозаичных полов, не приведена в данном контексте.","Data1_10_10846_index.pdf:page_2, Data1_10_10855_index.pdf:page_1, Data1_10_10861_index.pdf:page_27, Data1_11_11285_index.pdf:page_59, Data1_11_11285_index.pdf:page_62"
Какие телефоны доступны для бесплатной юридической консультации в Москве и Московской области?, Бесплатная юридическая консультация по телефонам: 8 (499) 938-53-71 (Москва и МО).,"Административный кодекс Российской Федерации.pdf:page_374, Административный кодекс Российской Федерации.pdf:page_415, Административный кодекс Российской Федерации.pdf:page_417, Административный кодекс Российской Федерации.pdf:page_67, Градостроительный кодекс Российской Федерации.pdf:page_291"
Как вручаются судебные извещения через дипломатические каналы?," Судебное извещение через дипломатические каналы передается заверенной копией дипломатической ноты, с указанием даты получения компетентным орг иностранного государства, ведающим вопросами иностранных дел.","Арбитражный процессуальный кодекс Российской Федерации.pdf:page_169, Гражданский процессуальный кодекс Российской Федерации.pdf:page_173, Гражданский процессуальный кодекс Российской Федерации.pdf:page_44, Кодекс административного судопроизводства Российской Федерации.pdf:page_56, Уголовно-процессуальный кодекс Российской Федерации.pdf:page_290"
Что должно содержать решение о порядке следования осужденного к месту отбывания наказания в случае назначения ему отбывания лишения свободы в колонии-поселении в резолютивной части обвинительного приговора?," В резолютивной части обвинительного приговора должен содержаться предписание о направлении осужденного к месту отбывания наказания в колонии-поселении, установив срок доставки осужденного и обеспечивающего его направление в колонию-поселение.","Уголовно-исполнительный кодекс Российской Федерации.pdf:page_28, Уголовно-исполнительный кодекс Российской Федерации.pdf:page_41, Уголовно-исполнительный кодекс Российской Федерации.pdf:page_45, Уголовно-процессуальный кодекс Российской Федерации.pdf:page_197, Уголовный кодекс Российской Федерации.pdf:page_36"
"Кто определяет места отбывания исправительных работ для осужденных, не имеющих основного места работы?"," Места отбывания исправительных работ для осужденных, не имеющих основного места работы, определяются органами местного самоуправления по согласованию с уголовно-исполнительными инспекциями (по контексту - это администрации учреждений или органов, исполняющих наказание).","Уголовно-исполнительный кодекс Российской Федерации.pdf:page_13, Уголовно-исполнительный кодекс Российской Федерации.pdf:page_17, Уголовно-исполнительный кодекс Российской Федерации.pdf:page_18, Уголовно-исполнительный кодекс Российской Федерации.pdf:page_35, Уголовный кодекс Российской Федерации.pdf:page_15"
Как регулируется оборот земельных участков?," Оборот земельных участков регулируется Федеральным законом ""Об обороте земель сельскохозяйственного назначения"", а также настоящим Кодексом.","Административный кодекс Российской Федерации.pdf:page_115, Земельный кодекс Российской Федерации.pdf:page_120, Земельный кодекс Российской Федерации.pdf:page_2, Земельный кодекс Российской Федерации.pdf:page_27, Лесной кодекс Российской Федерации.pdf:page_1"
"Как можно предотвратить самовольное использование товарного знака, фирменного наименования или марки проектной продукции конкурента согласно ГОСТ МДС 80-2.2000?"," Чтобы предотвратить самовольное использование товарного знака, фирменного наименования или марки проектной продукции конкурента согласно ГОСТ МДС 80-2.2000, необходимо:
1. Зарегистрировать товарный знак, фирменное наименование или марку как защищенное исключительное право коммерческим обозначением.
2. Обосновано требовать от правонарушителя прекратить использование коммерческого обозначения и возместить причиненные убытки.
3. Предотвратить регистрацию товарных знаков, сходных до степени смешения с собственным товарным знаком или географическим указанием без согласия правообладателя.
4. Придерживаться правил конкуренции внутри проектной организации для различного уровня управления.","Data1_10_10872_index.pdf:page_1, Гражданский кодекс Российской Федерации.pdf:page_515, Гражданский кодекс Российской Федерации.pdf:page_626, Гражданский кодекс Российской Федерации.pdf:page_629, Гражданский кодекс Российской Федерации.pdf:page_661"
Какая ставка сбора установлена за прочие объекты водных биологических ресурсов?, 10 рублей в соответствии с данным документом.,"Бюджетный кодекс Российской Федерации.pdf:page_46, Налоговый кодекс Российской Федерации.pdf:page_1240, Налоговый кодекс Российской Федерации.pdf:page_1241, Налоговый кодекс Российской Федерации.pdf:page_1242, Налоговый кодекс Российской Федерации.pdf:page_1251"
Какие задачи входит в область обеспечения проектно-сметной документацией согласно СНиП?," 1. Выдает исходные данные для разработки проектно-сметной документации;
2. Обеспечивает полноту и качество выдаваемых исходных данных для проектирования;
3. Подготавливает совместно с проектно-изыскательскими организациями задания на разработку проектно-сметной документации, проводит ее согласование в установленном порядке;
4. Заключает с соответствующими организациями договоры на выполнение проектно-изыскательских, конструкторских и при необходимости научных работ.","Data1_10_10062_index.pdf:page_2, Data1_1_1804_index.pdf:page_3, Data1_1_1804_index.pdf:page_5, Data1_1_1879_index.pdf:page_13, Data1_1_1904_index.pdf:page_25"
С какого момента считается исполненным договор розничной купли-продажи товара по образцам?, Договор розничной купли-продажи товара по образцам считается исполненным моментом передачи товара покупателю.,"Гражданский кодекс Российской Федерации.pdf:page_239, Гражданский кодекс Российской Федерации.pdf:page_242, Гражданский кодекс Российской Федерации.pdf:page_246, Гражданский кодекс Российской Федерации.pdf:page_250, Гражданский кодекс Российской Федерации.pdf:page_252"
Какие нормативы затрат установлены для создания произведений скульптуры и монументально-декоративной живописи?," В контексте предоставленных статей нет прямого указания на существование сметных нормативов для создания произведений скульптуры или монументально-декоративной живописи. Их разработка может быть предметом отдельного законодательства или регламента в конкретном регионе. Для получения точных и подробных данных лучше обратиться к специалисту по правовым аспектам создания произведений изобразительного искусства.
Контактные телефоны для бесплатной юридической консультации:
• 8 (499) 938-53-71 (Москва и МО);
• 8 (812) 467-95-28 (Санкт-Петербург и ЛО);
• 8 (800) 301-92-12 (Регионы РФ).","Градостроительный кодекс Российской Федерации.pdf:page_6, Гражданский кодекс Российской Федерации.pdf:page_537, Гражданский кодекс Российской Федерации.pdf:page_539, Гражданский кодекс Российской Федерации.pdf:page_541, Налоговый кодекс Российской Федерации.pdf:page_861"
Какие телефоны можно использовать для бесплатной юридической консультации в Санкт-Петербурге и Ленинградской области?, Используйте телефон 8 (812) 467-95-28 для бесплатной юридической консультации в Санкт-Петербурге и Ленинградской области.,"Административный кодекс Российской Федерации.pdf:page_374, Административный кодекс Российской Федерации.pdf:page_379, Административный кодекс Российской Федерации.pdf:page_415, Административный кодекс Российской Федерации.pdf:page_417, Градостроительный кодекс Российской Федерации.pdf:page_291"
Какие элементы входят в стоимостной блок РТМ согласно СНиП?," Материальные ресурсы, приводимые в РТМ, учитываются по унифицированной номенклатуре с коэффициентами перевода натуральных объемов поставок по группам материалов, конструкций и изделий. Оплата труда работников также входит в стоимостной блок РТМ.","Data1_2_2080_index.pdf:page_5, Data1_2_2080_index.pdf:page_7, Data1_2_2081_index.pdf:page_5, Data1_2_2117_index.pdf:page_1, Data1_2_2117_index.pdf:page_2"
"Что происходит, если участники не явились в заседание после перерыва?"," Если участники не явились в судебное заседание после перерыва, то разбирательство дела откладывается в случае отсутствия сведений об извещении участников, или суд откладывает разбирательство в случае признания причин их неявки уважительными. Арбитражный суд также может отложить судебное разбирательство в связи с неявкой представителя участника по уважительной причине.","Арбитражный процессуальный кодекс Российской Федерации.pdf:page_83, Арбитражный процессуальный кодекс Российской Федерации.pdf:page_84, Арбитражный процессуальный кодекс Российской Федерации.pdf:page_86, Гражданский процессуальный кодекс Российской Федерации.pdf:page_70, Гражданский процессуальный кодекс Российской Федерации.pdf:page_73"
Какие элементы включаются в комплексы упражнений подготовительных занятий для инвалидов по ГОСТ МДС 35-7.2000?, Комплексы упражнений подготовительных занятий для инвалидов включают специальные элементы для развития определенных групп мышц с использованием различных тренажеров и снарядов.,"Data1_10_10847_index.pdf:page_1, Data1_10_10847_index.pdf:page_23, Data1_10_10847_index.pdf:page_3, Data1_10_10847_index.pdf:page_5, Data1_10_10866_index.pdf:page_1"
Какие данные из технического журнала используются для составления дефектных ведомостей по МДС 14-13.2000?," Основные сведения, отражающие техническое состояние здания или сооружения на данный период времени используются для составления дефектных ведомостей по МДС 14-13.2000.","Data1_10_10861_index.pdf:page_1, Data1_1_1879_index.pdf:page_6, Data1_2_2073_index.pdf:page_1, Data1_2_2079_index.pdf:page_1, Data1_2_2116_index.pdf:page_1"
Какой телефон указан для бесплатной юридической консультации в регионах РФ?, 8 (800) 301-92-12,"Административный кодекс Российской Федерации.pdf:page_585, Гражданский кодекс Российской Федерации.pdf:page_411, Гражданский процессуальный кодекс Российской Федерации.pdf:page_123, Уголовно-процессуальный кодекс Российской Федерации.pdf:page_126, Уголовно-процессуальный кодекс Российской Федерации.pdf:page_211"
"Как учитываются доходы, связанные с операциями РЕПО по ценным бумагам, являющимся объектом операций займа?"," Доходы, связанные с операциями РЕПО по ценным бумагам, являющимся объектом операций займа, учитываются в порядке, установленном статьей 214.4 настоящего Кодекса (в соответствии с дополнительными положениями, если таковые предусмотрены).","Налоговый кодекс Российской Федерации.pdf:page_1066, Налоговый кодекс Российской Федерации.pdf:page_1073, Налоговый кодекс Российской Федерации.pdf:page_769, Налоговый кодекс Российской Федерации.pdf:page_774, Налоговый кодекс Российской Федерации.pdf:page_781"
Какие цели преследуются при технических осмотрах согласно МДС 14-13.2000?," Целью проведения технических осмотров, указанных в документе МДС 14-13.2000, является проверка любого подконтрольного объекта независимо от его ведомственной подчиненности и формы собственности с целью проверки содержания и использования жилищного фонда и придомовых территорий.","Data1_10_10858_index.pdf:page_1, Data1_10_10861_index.pdf:page_1, Data1_10_10862_index.pdf:page_1, Data1_10_10863_index.pdf:page_1, Data1_1_1879_index.pdf:page_1"
Какие индексы указаны в таблице 1 для накладных расходов в строительстве?," Индексы в таблице 1 не определены, как это отражено в контексте. Таблица 1 предлагает систему индексов для стоимостных показателей различных элементов технологической структуры капитальных вложений и уровней укрупнения строительной продукции, но самого по себе не содержит данные о каких-либо конкретных индексах.","Data1_2_2075_index.pdf:page_2, Data1_2_2075_index.pdf:page_4, Data1_2_2117_index.pdf:page_4, Data1_2_2117_index.pdf:page_5, Data1_2_2117_index.pdf:page_8"
Кто представляет казначейскую отчетность в Министерство финансов Российской Федерации?, Федеральное казначейство представляет казначейскую отчетность в Министерство финансов Российской Федерации.,"Бюджетный кодекс Российской Федерации.pdf:page_267, Бюджетный кодекс Российской Федерации.pdf:page_380, Бюджетный кодекс Российской Федерации.pdf:page_381, Бюджетный кодекс Российской Федерации.pdf:page_384, Бюджетный кодекс Российской Федерации.pdf:page_386"
Какие основные положения описаны в разделе 1.1 ГОСТ МДС 80-3.2000?," В разделе 1.1 ГОСТ МДС 80-3.2000 описывается, что рекомендации составлены в развитие и применительно к требованиям ""Положения о подрядных торгах в Российской Федерации"".","Data1_10_10866_index.pdf:page_1, Data1_10_10867_index.pdf:page_1, Data1_10_10869_index.pdf:page_1, Data1_1_1879_index.pdf:page_1, Data1_1_1904_index.pdf:page_1"
Какие данные используются при определении затрат на приобретение основного и вспомогательного оборудования?," Для определения затрат на приобретение основного и вспомогательного оборудования используются:
1. Цены, указанные в соответствующих технических условиях на изготовление и поставку оборудования.
2. Применение импортных машин при корректировке ФЕРм, когда используемые импортные машины не имеют аналогов отечественного производства и применение импортных машин предусмотрено проектом.","Data1_10_10754_index.pdf:page_12, Data1_10_10848_index.pdf:page_7, Data1_10_10864_index.pdf:page_12, Data1_10_10864_index.pdf:page_31, Data1_2_2069_index.pdf:page_10"
Какие особенности определения налоговой базы могут быть установлены?," Особенности определения налоговой базы могут устанавливаться статьями 214.3, 214.4, 278.1, 288, 275.2 (точки 1 и 2), 309.1, 277 настоящего Кодекса.","Налоговый кодекс Российской Федерации.pdf:page_1029, Налоговый кодекс Российской Федерации.pdf:page_1053, Налоговый кодекс Российской Федерации.pdf:page_1160, Налоговый кодекс Российской Федерации.pdf:page_1172, Налоговый кодекс Российской Федерации.pdf:page_769"
Какие сведения могут запрашивать представители работников у работодателя по вопросам введения технологических изменений?," Представители работников имеют право запрашивать сведения о том, какие технологические изменения предполагаются для организации, их цели, способы реализации и влияние на условия труда. Эти сведения могут потребоваться для проведения коллективных переговоров или рассмотрения возможного временного приостановления действия технологических изменений, предусмотренного соглашением работодателя и первичной профсоюзной организации.","Трудовой кодекс Российской Федерации.pdf:page_24, Трудовой кодекс Российской Федерации.pdf:page_27, Трудовой кодекс Российской Федерации.pdf:page_34, Трудовой кодекс Российской Федерации.pdf:page_36, Трудовой кодекс Российской Федерации.pdf:page_52"
Что означает пункт 11 в перечне операций с подакцизными товарами?," Пункт 11 в перечне операций с подакцизными товарами означает, что транспортный налог на сумму заработной платы учитывается при подсчете общей суммы средств, связанных с уплатой этого налога.","Data1_2_2082_index.pdf:page_24, Налоговый кодекс Российской Федерации.pdf:page_604, Налоговый кодекс Российской Федерации.pdf:page_627, Налоговый кодекс Российской Федерации.pdf:page_635, Налоговый кодекс Российской Федерации.pdf:page_648"
Как проводятся общественные обсуждения или публичные слушания по проекту решения о предоставлении разрешения на условно разрешенный вид использования земельного участка?," Общественные обсуждения или публичные слушания по проекту решения о предоставлении разрешения на условно разрешенный вид использования земельного участка проводятся согласно законодательству, при этом расходы несят физическое или юридическое лицо, заинтересованное в этом процессе. Эти мероприятия могут быть организованы на официальном сайте муниципального образования в сети ""Интернет"" или в установленных местностях для публичных слушаний.","Градостроительный кодекс Российской Федерации.pdf:page_16, Градостроительный кодекс Российской Федерации.pdf:page_9, Градостроительный кодекс Российской Федерации.pdf:page_91, Градостроительный кодекс Российской Федерации.pdf:page_92, Градостроительный кодекс Российской Федерации.pdf:page_93"
"Какой документ определяет, что отчисления включаются в себестоимость продукции (работ, услуг)?"," Ответ: Постановление Правительства РФ от 19.05.92 № 2-6/246 ""О порядке учета в сметах строек и компенсации затрат, связанных о отчислениями на научно-исследовательские и опытно-конструкторские работы"".","Data1_2_2070_index.pdf:page_31, Data1_2_2070_index.pdf:page_32, Data1_2_2070_index.pdf:page_33, Data1_2_2070_index.pdf:page_36, Data1_2_2070_index.pdf:page_37"
Что происходит с сроком действия трудового договора при переводе на должность научного работника в результате избрания по конкурсу?," При переводе на должность научного работника в результате избрания по конкурсу, срок действия трудового договора не определяется автоматически. Он должен заключаться в соответствующих документах, обычно на срок, установленный партией второй статьи, либо более длительный срок, если стороны трудового договора договариваются о более продолжительном сотрудничестве.","Трудовой кодекс Российской Федерации.pdf:page_10, Трудовой кодекс Российской Федерации.pdf:page_186, Трудовой кодекс Российской Федерации.pdf:page_193, Трудовой кодекс Российской Федерации.pdf:page_196, Трудовой кодекс Российской Федерации.pdf:page_197"
"Какие условия содержания предусмотрены для осужденных к смертной казни, в отношении которых приговор суда вступил в законную силу, но вопрос о помиловании не решен?"," В случае с осужденными к смертной казни, для которых приговор суда вступил в законную силу, но вопрос о помиловании не решен, они находятся под особым надзором в специальном изоляторе до принятия решения Президентом Российской Федерации. Это содержание продолжается в течение всего времени до принятия такого решения. Следует обратиться к юридической консультации по телефонам, указанным в контексте: 8 (499) 938-53-84 (Москва и МО), 8 (812) 467-95-33 (Санкт-Петербург и ЛО), 8 (800) 301-79-07 (Регионы РФ).","Уголовно-исполнительный кодекс Российской Федерации.pdf:page_101, Уголовно-исполнительный кодекс Российской Федерации.pdf:page_17, Уголовно-исполнительный кодекс Российской Федерации.pdf:page_39, Уголовно-исполнительный кодекс Российской Федерации.pdf:page_46, Уголовно-исполнительный кодекс Российской Федерации.pdf:page_6"
Какова средняя площадь квартир в 24-квартирном индивидуальном проекте повторного применения?," Средняя площадь квартир в указанном индивидуальном проекте не указана, поэтому ответ не могу давать.","Data1_10_10865_index.pdf:page_20, Data1_11_11835_index.pdf:page_4, Data1_1_1904_index.pdf:page_36, Data1_1_1904_index.pdf:page_40, Data1_2_2080_index.pdf:page_10"
"Какие административные правонарушения может рассматривать федеральный орган исполнительной власти, осуществляющий функции по контролю и надзору в финансово-бюджетной сфере, согласно статье 23.7?"," Федеральный орган исполнительной власти, осуществляющий функции по контролю и надзору в финансово-бюджетной сфере, может рассматривать дела об административных правонарушениях, предусмотренных настоящим Кодексом.","Административный кодекс Российской Федерации.pdf:page_463, Административный кодекс Российской Федерации.pdf:page_490, Административный кодекс Российской Федерации.pdf:page_500, Административный кодекс Российской Федерации.pdf:page_501, Административный кодекс Российской Федерации.pdf:page_505"
"Какие требования предъявляет ГОСТ МДС 17-13.2000 к утеплению трубопроводов, наличию или неисправности освещения продухов?"," ГОСТ МДС 17-13.2000 не указывает явно требований к утеплению трубопроводов в продухах, но рекомендует соблюдение нормального температурно-влажностного режима подвальных помещений и технических подполий. Одно из средств достижения этого - утепление трубопроводов. Кроме того, в продухах должны быть освещены и иметь вентиляцию. Это требование описано в СНиП 2.08.01-89.","Data1_10_10852_index.pdf:page_31, Data1_10_10861_index.pdf:page_24, Data1_10_10861_index.pdf:page_33, Data1_10_10861_index.pdf:page_34, Data1_10_10861_index.pdf:page_5"
Что такое совокупность преступлений согласно статье 17 Уголовного кодекса РФ?," Совокупностью преступлений называется группа связанных между собой правонарушений, совершенных одним или несколькими лицами. Это может быть ряд уголовных действий, имеющих общую цель или выполняемых в рамках одного преступного плана.","Уголовно-процессуальный кодекс Российской Федерации.pdf:page_101, Уголовный кодекс Российской Федерации.pdf:page_10, Уголовный кодекс Российской Федерации.pdf:page_25, Уголовный кодекс Российской Федерации.pdf:page_4, Уголовный кодекс Российской Федерации.pdf:page_9"
Какое значение коэффициента принимается до начала применения налоговой ставки налога на прибыль организаций?," Коэффициент не определяется до начала применения налоговой ставки налога на прибыль организаций, поскольку коэффициенты упоминаются в различных статьях Кодекса для конкретных видов доходов и сроков. В случае с налогом на прибыль не предусмотрено использование конкретного коэффициента.","Налоговый кодекс Российской Федерации.pdf:page_1405, Налоговый кодекс Российской Федерации.pdf:page_1406, Налоговый кодекс Российской Федерации.pdf:page_1436, Налоговый кодекс Российской Федерации.pdf:page_1445, Налоговый кодекс Российской Федерации.pdf:page_1449"
Какие коэффициенты разрабатываются для учета изменений условий производства работ согласно ГОСТ МДС 81-10.2000?," Коэффициенты, разрабатываемые для учета изменений условий производства работ согласно ГОСТ МДС 81-10.2000: при производстве работ на поверхности - 1,15 при открытом способе производства работ - 1,25.","Data1_10_10754_index.pdf:page_4, Data1_2_2070_index.pdf:page_1, Data1_2_2073_index.pdf:page_1, Data1_2_2079_index.pdf:page_1, Data1_2_2117_index.pdf:page_1"
Как рассчитываются индексы цен на строительно-монтажные работы согласно ГОСТу?," Индексы цен на строительно-монтажные работы рассчитываются относительно базисного периода или фактических цен предшествующего периода, используя стоимостную оценку показателей, приводимых в блоке стоимостной оценки РТМ. Это происходит путем умножения текущих (прогнозных) стоимостных показателей на сопоставимые по номенклатуре и структуре ресурсы, наборы ресурсов или ре счет базисным периоду или фактическим ценам предшествующего периода.","Data1_2_2075_index.pdf:page_4, Data1_2_2080_index.pdf:page_5, Data1_2_2117_index.pdf:page_1, Data1_2_2117_index.pdf:page_4, Data1_2_2117_index.pdf:page_5"
Какая стоимостная оценка в базисном уровне (на 01.01.91) указана для электроконструкций в ГОСТ?," В базисном уровне (на 01.01.91) стоимостная оценка для электроконструкций составляет 842,2 рублей на штуку или тысячу рублей на объем применения в соответствии с данными из представленного ГОСТа.","Data1_2_2079_index.pdf:page_2, Data1_2_2080_index.pdf:page_27, Data1_2_2080_index.pdf:page_30, Data1_2_2080_index.pdf:page_5, Data1_2_2081_index.pdf:page_5"
Какие доказательства могут быть исследованы при рассмотрении материалов налоговой проверки?," При рассмотрении материалов налоговой проверки могут быть исследованы доказательства, предусмотренные ФЗ ""О налогах и сборах"", специальная декларация и прилагаемые к ней документы, документы, представленные в соответствии с ФЗ ""О добровольном декларировании физическими лицами активов и счетов (вкладов) в банках"", сведения из специальной декларации и прилагаемых к ней документов, и результаты налоговой проверки, выполненной органом. Кроме того, руководитель (заместитель руководителя) может вынести решение о проведении в срок до одного месяца (двух месяцев для консолидированных групп налогоплательщиков) дополнительной проверки для подтверждения факта совершения нарушений законодательства о налогах и сборах или отсутствия таковых.","Налоговый кодекс Российской Федерации.pdf:page_255, Налоговый кодекс Российской Федерации.pdf:page_256, Налоговый кодекс Российской Федерации.pdf:page_257, Налоговый кодекс Российской Федерации.pdf:page_265, Уголовно-процессуальный кодекс Российской Федерации.pdf:page_231"
Какое решение о разработке проектной документации в сокращенном объеме должно быть включено в задание?," В задании должен быть указан рекомендуемый метод разработки проектной документации в сокращенном объеме, являющегося Методическими рекомендациями АО ВЭП по вновь проектируемым объектам.","Data1_10_10865_index.pdf:page_2, Data1_1_1904_index.pdf:page_22, Data1_1_1904_index.pdf:page_29, Data1_1_1904_index.pdf:page_30, Data1_2_2081_index.pdf:page_6"
Какие меры предпринимаются в случае повреждения каналов связи?," В случае повреждения дренажных каналов необходимо устранить неисправность в месячный срок, заделать или заменить неисправные трубы на отдельных участках, а также раструбы заделать глиной или цементным раствором.","Data1_10_10861_index.pdf:page_8, Воздушный кодекс Российской Федерации.pdf:page_44, Кодекс торгового мореплавания Российской Федерации.pdf:page_120, Кодекс торгового мореплавания Российской Федерации.pdf:page_65, Кодекс торгового мореплавания Российской Федерации.pdf:page_93"
Какой индекс изменения стоимости СМР был в Брянской области в IV кв. 1992 г. по сравнению с базисным уровнем на 01.01.91 согласно МДС 81-9.2000?," В IV квартале 1992 года, индекс изменения стоимости СМР в Брянской области составлял 2,00 согласно МДС 81-9.2000.","Data1_2_2075_index.pdf:page_12, Data1_2_2080_index.pdf:page_30, Data1_2_2080_index.pdf:page_5, Data1_2_2081_index.pdf:page_8, Data1_2_2081_index.pdf:page_9"
Какова стоимость строительных работ в II квартале 1993 года в текущем уровне цен?, Стоимость строительных работ в II квартале 1993 года в текущем уровне цен составляет 60 000 руб. (Сср2).,"Data1_2_2075_index.pdf:page_6, Data1_2_2075_index.pdf:page_9, Data1_2_2080_index.pdf:page_17, Data1_2_2080_index.pdf:page_34, Data1_2_2080_index.pdf:page_8"
Какие ГОСТы или СНиПы регулируют проектирование площадок для волейбола?," СНиП 3.-05.02-88, «Правил безопасности в газовом хозяйстве» и ГОСТ 24846-81 ""Руководства по наблюдениям за деформациями оснований и фундаментов зданий и сооружений"" могут быть применены при проектировании площадок для волейбола, так как они предусматривают правила и требования к строительству различных объектов. Однако прямого указания на СНиП или ГОСТ для конкретного проектирования площадок для волейбола в документе отсутствует.","Data1_10_10861_index.pdf:page_21, Data1_10_10865_index.pdf:page_24, Data1_11_11285_index.pdf:page_5, Data1_11_11285_index.pdf:page_61, Data1_11_11835_index.pdf:page_5"
Каким образом крепятся элементы светопропускающего заполнения к опорным конструкциям согласно ГОСТ МДС 31-8.2002?," Элементы светопропускающего заполнения крепятся к опорным конструкциям с помощью уплотнителей, прокладок или герметиков, применяемых в конструкциях зенитных фонарей. Кроме того, они должны быть защищены от прямого солнечного облучения нащельниками или фартуками. Соединение деталей опорного контура и несущего каркаса зенитных фонарей изготавливают из тонколистовой стали.","Data1_10_10846_index.pdf:page_1, Data1_10_10846_index.pdf:page_10, Data1_10_10846_index.pdf:page_19, Data1_10_10846_index.pdf:page_8, Data1_10_10846_index.pdf:page_9"
"Какой период просрочки исполнения обязательства, обеспеченного залогом, считается допустимым?"," В тексте предоставленном, указано, что период просрочки исполнения обязательства, обеспеченного залогом, составляет менее чем три месяца. Тем не менее, обращение взыскания на имущество, заложенное для обеспечения периодических платежей, допускается при систематическом нарушении сроков их внесения более чем три раза в течение двенадцати месяцев, предшествующих дате обращения в суд или дате направления уведомления об обращении взыскания на заложенное имущество во внесудебном порядке.","Гражданский кодекс Российской Федерации.pdf:page_172, Гражданский кодекс Российской Федерации.pdf:page_176, Гражданский кодекс Российской Федерации.pdf:page_184, Гражданский кодекс Российской Федерации.pdf:page_188, Кодекс торгового мореплавания Российской Федерации.pdf:page_125"
"Что происходит с затонувшим имуществом, если владелец отказывается от своих прав?"," Если владелец затонувшего имущества отказывается от своих прав, то право собственности на это имущество утрачивает владелец. В случае восстановления в суде права собственности, владелец обязан возместить органам, указанным в статье 109 Кодекса России, расходы по удалению затонувшего имущества.","Кодекс внутреннего водного транспорта Российской Федерации.pdf:page_35, Кодекс внутреннего водного транспорта Российской Федерации.pdf:page_36, Кодекс торгового мореплавания Российской Федерации.pdf:page_42, Кодекс торгового мореплавания Российской Федерации.pdf:page_43, Кодекс торгового мореплавания Российской Федерации.pdf:page_46"
Что такое земли сельскохозяйственного назначения?," Земли сельскохозяйственного назначения — это земли, использование которых предусмотрено для ведения сельскохозяйственного производства, создания мелиоративных защитных лесных насаждений, научно-исследовательских, учебных и иных связанных с сельскохозяйственным производством целей, а также для целей аквакультуры (рыбоводства).","Административный кодекс Российской Федерации.pdf:page_470, Гражданский кодекс Российской Федерации.pdf:page_147, Земельный кодекс Российской Федерации.pdf:page_170, Земельный кодекс Российской Федерации.pdf:page_171, Земельный кодекс Российской Федерации.pdf:page_174"
Какой способ выполнения работ по капитальному ремонту рекомендует ГОСТ МДС 14-13.2000?," ГОСТ МДС 14-13.2000 не указывает на конкретный способ выполнения работ по капитальному ремонту, это Положение о планово-предупредительном ремонте производственных зданий и сооружений. Организация работ должна быть определена в соответствии с Проектно-Сметной Документацией, которая составлена по установленным правилам и утверждена соответствующими органами.","Data1_10_10855_index.pdf:page_1, Data1_10_10861_index.pdf:page_1, Data1_10_10864_index.pdf:page_1, Data1_1_1879_index.pdf:page_1, Data1_2_2116_index.pdf:page_1"
Какие законы Российской Федерации устанавливают состав земель поселений?," Законы Российской Федерации, которые устанавливают состав земель поселений, регулируются в Инструкции о проектировании городских (поселковых) черт, а также в законодательстве о территориальном планировании муниципальных образований.","Data1_1_1904_index.pdf:page_15, Градостроительный кодекс Российской Федерации.pdf:page_49, Градостроительный кодекс Российской Федерации.pdf:page_62, Градостроительный кодекс Российской Федерации.pdf:page_88, Земельный кодекс Российской Федерации.pdf:page_180"
"Какие правила применяются к правам на исполнение, созданное в пределах установленных для работника (исполнителя) трудовых обязанностей?"," Право на исполнение, созданное в пределах установленных трудовых обязанностей, регулируется правилами статьи 1295 и пункта 2 статьи 1319 Кодекса РФ об авторском праве.","Гражданский кодекс Российской Федерации.pdf:page_539, Гражданский кодекс Российской Федерации.pdf:page_549, Гражданский кодекс Российской Федерации.pdf:page_609, Трудовой кодекс Российской Федерации.pdf:page_68, Трудовой кодекс Российской Федерации.pdf:page_7"
Какие элементы должны быть показаны на схеме транспорта для городов с расчетной численностью населения 500 тысяч человек и более согласно ГОСТ МДС 11-7.2000?," На схеме транспорта для городов с расчетной численностью населения 500 тысяч человек и более должны быть показаны инженерно-транспортные коммуникации, согласно п. 5.5 ГОСТ МДС 11-7.2000.","Data1_1_1904_index.pdf:page_12, Data1_1_1904_index.pdf:page_13, Data1_1_1904_index.pdf:page_21, Data1_1_1904_index.pdf:page_25, Data1_1_1904_index.pdf:page_9"
Какие коэффициенты применяются при демонтаже сборных деревянных конструкций?," При демонтаже сборных деревянных конструкций используют коэффициент 0,5.","Data1_10_10062_index.pdf:page_4, Data1_10_10062_index.pdf:page_5, Data1_10_10754_index.pdf:page_10, Data1_10_10846_index.pdf:page_16, Data1_1_1879_index.pdf:page_27"
Какие технические характеристики и допуски для метода створных наблюдений приведены в СНиП 3.01.03-84?," Информация о технических характеристиках и допусках для метода створных наблюдений не указана в СНиП 3.01.03-84. Эта нормативная документация предоставляет общие требования к геодезическому контролю, но детализированные характеристики и допуски для методов создания наблюдений (микротриангуляция, микротрилатерация, полигонометрия) обычно определяются в специализированных СНиПах или нормативных актах, касающихся отдельных видов измерений.","Data1_11_11285_index.pdf:page_17, Data1_11_11285_index.pdf:page_4, Data1_11_11285_index.pdf:page_69, Data1_11_11295_index.pdf:page_26, Data1_2_2073_index.pdf:page_6"
"Что означает, что решение суда первой инстанции может быть изменено или отменено, если нарушение привело или могло привести к принятию неправильного решения?"," Решение суда первой инстанции может быть изменено или отменено, если нарушение норм процессуального права привело или могло привести к принятию неправильного решения - это означает, что если в ходе рассмотрения дела судом были нарушены правила, которые гарантируют справедливость процесса (например, право на участие в деле всех заинтересованных сторон или язык при ведении судебного разбирательства), это может послужить основанием для изменения или отмены решения.","Арбитражный процессуальный кодекс Российской Федерации.pdf:page_179, Арбитражный процессуальный кодекс Российской Федерации.pdf:page_188, Гражданский процессуальный кодекс Российской Федерации.pdf:page_132, Гражданский процессуальный кодекс Российской Федерации.pdf:page_141, Кодекс административного судопроизводства Российской Федерации.pdf:page_199"
"Допускается ли укрупнение номенклатуры при составлении сводного расчета затрат российских организаций в смешанных ценах, согласно ГОСТ МДС 81-21.2000?"," Да, укрупнение номенклатуры при составлении сводного расчета затрат российских организаций в смешанных ценах допускается.","Data1_2_2069_index.pdf:page_10, Data1_2_2069_index.pdf:page_7, Data1_2_2069_index.pdf:page_9, Data1_2_2073_index.pdf:page_1, Data1_2_2082_index.pdf:page_6"
Могут ли органы государственной власти субъектов РФ устанавливать более высокие размеры районных коэффициентов?," Да, более высокие размеры районных коэффицентов могут быть установлены в случаях, предусмотренных законодательством России, при согласовании с представительными органами муниципальных образований.","Бюджетный кодекс Российской Федерации.pdf:page_110, Бюджетный кодекс Российской Федерации.pdf:page_115, Бюджетный кодекс Российской Федерации.pdf:page_207, Градостроительный кодекс Российской Федерации.pdf:page_48, Жилищный кодекс Российской Федерации.pdf:page_126"
"Когда не признается реализацией товаров, работ или услуг?"," Реализация товаров, работ или услуг не признается соответственно в следующих случаях:
1) когда товары, результаты выполненных работ одним лицом для другого лица, возмездное оказание услуг не передаются на возмездной основе;
2) приобретения (ввоза) товаров (работ, услуг), в том числе основных средств и нематериальных активов, используемых для операций по производству или реализации товаров, местом реализации которых является территория, кроме Российской Федерации;
3) водные биологические ресурсы, добытые в исключительной экономической зоне Российской Федерации, если их местом реализации не признается территория Российской Федерации.","Налоговый кодекс Российской Федерации.pdf:page_1011, Налоговый кодекс Российской Федерации.pdf:page_102, Налоговый кодекс Российской Федерации.pdf:page_397, Налоговый кодекс Российской Федерации.pdf:page_399, Налоговый кодекс Российской Федерации.pdf:page_503"
Какие требования предъявляются к точности разбивки длин сторон опорного контура и измерению углов и линий согласно СНиП 3.01.03-84?," Требования к точности разбивки длин сторон опорного контура и измерению углов и линий должны быть обусловлены подъемностью оболочек и допустимыми отклонениями в плане и по высоте монтажа сборных элементов оболочки. Разбивка длины стороны опорного контура должна выполняться со средней квадратичной погрешностью (17), где δа и δb - допустимые отклонения установки одного сборного элемента в плане соответственно по длинной стороне опорного контура.","Data1_11_11285_index.pdf:page_17, Data1_11_11285_index.pdf:page_18, Data1_11_11285_index.pdf:page_20, Data1_11_11285_index.pdf:page_4, Data1_11_11285_index.pdf:page_7"
Какие задачи ставит перед собой руководство проектной организации при формировании антимонопольных воздействий согласно ГОСТ МДС 80-2.2000?," По содержанию документа ГОСТ МДС 80-2.2000, руководство проектной организации ставит перед собой следующие задачи в области формирования антимонопольных воздействий:
1. Устранение недобросовестной конкуренции внутри проектной организации (например, использование в своих работах проектных материалов других работников без разрешения автора). Это может быть устранено введением правила согласования доступа к архивным материалам с автором разработки.
2. Заключение специальных соглашений с работниками проектной организации, чтобы ограничить возможную недобросовестную конкуренцию при приеме на работу.
3. Обеспечение защиты от недобросовестной конкуренции как в период действия трудового договора.
4. Способствование развитию конкуренции в процессе деятельности проектировщиков, а также защите от недобросовестной конкуренции с помощью юридически выверенных соглашений.","Data1_10_10858_index.pdf:page_1, Data1_10_10858_index.pdf:page_4, Data1_10_10866_index.pdf:page_1, Data1_10_10872_index.pdf:page_1, Data1_10_10872_index.pdf:page_5"
Какие лица могут участвовать в судебном заседании через веб-конференцию?," Лица, которые не могут лично присутствовать в судебном заседании могут участвовать в судебном заседании через веб-конференцию. Это может быть лицо, которое по объективным причинам не имеет возможности лично присутствовать в судебном заседании, а также участники судебного процесса.","Арбитражный процессуальный кодекс Российской Федерации.pdf:page_79, Арбитражный процессуальный кодекс Российской Федерации.pdf:page_80, Арбитражный процессуальный кодекс Российской Федерации.pdf:page_81, Гражданский процессуальный кодекс Российской Федерации.pdf:page_69, Кодекс административного судопроизводства Российской Федерации.pdf:page_84"
В какой форме выдается судебный приказ?," Судебный приказ составляется на специальном бланке в двух экземплярах, которые подписываются судьей. Один экземпляр судебного приказа остается в производстве суда. Для должника изготавливается копия судебног","Арбитражный процессуальный кодекс Российской Федерации.pdf:page_138, Гражданский процессуальный кодекс Российской Федерации.pdf:page_49, Гражданский процессуальный кодекс Российской Федерации.pdf:page_50, Кодекс административного судопроизводства Российской Федерации.pdf:page_66, Кодекс административного судопроизводства Российской Федерации.pdf:page_67"
Какие товары приобретают статус товаров Союза после помещения под таможенную процедуру реимпорта?," Товары, ранее вывезенные с таможенной территории Союза и ввозящиеся на нее в соответствии с процедурой реимпорта, приобретают статус товаров Союза.","Таможенный кодекс Евразийского экономического союза.pdf:page_148, Таможенный кодекс Евразийского экономического союза.pdf:page_18, Таможенный кодекс Евразийского экономического союза.pdf:page_192, Таможенный кодекс Евразийского экономического союза.pdf:page_242, Таможенный кодекс Евразийского экономического союза.pdf:page_275"
Какие действия должен выполнять заказчик-застройщик в части передачи оборудования и материалов в монтаж?," Заказчик-застройщик должен обеспечить поставку технологического, электротехнического, энергетического и общезаводского оборудования, а также материалов с учетом действующей общегосударственной системы снабжения и сбыта. Он должен осуществить согласование и своевременное представление заявок на оборудование, аппаратуру и материалы, поставка которых возложена на него.","Data1_1_1804_index.pdf:page_10, Data1_1_1804_index.pdf:page_4, Data1_1_1804_index.pdf:page_9, Data1_2_2073_index.pdf:page_1, Data1_2_2116_index.pdf:page_3"
Какие требования предъявляются к монтажу зенитных фонарей со светопропускающими элементами из листового стекла или стеклопакетов без установленных в световом проеме защитных металлических сеток согласно ГОСТ МДС 31-8.2002?," Сведения об установленных в световом проеме защитных металлических сеток не приведены в ГОСТ МДС 31-8.2002. Требования к монтажу зенитных фонарей со светопропускающими элементами из листового стекла или стеклопакетов не зависят от наличия или отсутствия этих сеток. Необходимо учитывать другие требования, указанные в документе, такие как независимость температурных деформаций элементов светопропускающего заполнения от несущих элементов и соблюдение правил герметизации.","Data1_10_10846_index.pdf:page_1, Data1_10_10846_index.pdf:page_18, Data1_10_10846_index.pdf:page_2, Data1_10_10846_index.pdf:page_6, Data1_10_10846_index.pdf:page_9"
Что грозит за установку на передней части транспортного средства световых приборов с огнями красного цвета?, За установку на передней части транспортного средства световых приборов с огнями красного цвета может быть наложено административное штрафо в размере до 500 рублей. Это определено статьей 13.1 пункта 2 Кодекса РФ об административных правонарушениях в области дорожного движения.,"Административный кодекс Российской Федерации.pdf:page_178, Административный кодекс Российской Федерации.pdf:page_179, ПДД Российской Федерации.pdf:page_11, ПДД Российской Федерации.pdf:page_15, ПДД Российской Федерации.pdf:page_60"
"Какую дополнительную информацию о претенденте следует указывать в форме 'Наименование организации, фирмы, консорциума' согласно ГОСТ МДС 80-5.2000?"," В форме ""Наименование организации, фирмы, консорциума"" по ГОСТ МДС 80-5.2000 следует указать полное наименование организации (претендента), адрес, телефон, телефакс, телекс, ответственное лицо, форму общества, уставной капитал, годовой оборот при выполнении строительно-монтажных работ и обменный курс к рублю на конец года.

Связанные вопросы:
1. Что понимается под ""руководителем"" в разделе ""Руководитель""? - Руководитель означает руководителя консорциума.
2. Что понимается под ""годовой оборот при выполнении строительно-монтажных работ""? - Годовой оборот при выполнении строительно-монтажных работ - это суммарный годовой оборот всех партнерских фирм, включая лидера консорциума, при исполнении строительных и монтажных работ.","Data1_10_10865_index.pdf:page_1, Data1_10_10866_index.pdf:page_1, Data1_10_10867_index.pdf:page_1, Data1_10_10867_index.pdf:page_2, Data1_10_10867_index.pdf:page_5"
Какие действия предпринимают финансовые органы для установления порядка составления бюджетной отчетности?," Финансовые органы Российской Федерации устанавливают порядок составления бюджетной отчетности, согласно требованиям Министерства финансов РФ. Это включает формирование бюджетных планов и программ, ведение бюджетного учета, применение разграничения доходов, расходов и бюджетных полномочий, а также контроль за составлением и представлением отчетности главных администраторов бюджетных средств.","Административный кодекс Российской Федерации.pdf:page_315, Бюджетный кодекс Российской Федерации.pdf:page_10, Бюджетный кодекс Российской Федерации.pdf:page_27, Бюджетный кодекс Российской Федерации.pdf:page_381, Бюджетный кодекс Российской Федерации.pdf:page_394"
Какой телефон можно использовать для бесплатной юридической консультации в регионах РФ?, 8 (800) 301-92-12,"Административный кодекс Российской Федерации.pdf:page_68, Водный кодекс Российской Федерации.pdf:page_32, Гражданский кодекс Российской Федерации.pdf:page_565, Гражданский процессуальный кодекс Российской Федерации.pdf:page_59, Налоговый кодекс Российской Федерации.pdf:page_92"
В каком виде выдается судебный приказ?, Судебный приказ выдается в двух экземплярах.,"Арбитражный процессуальный кодекс Российской Федерации.pdf:page_138, Гражданский процессуальный кодекс Российской Федерации.pdf:page_49, Гражданский процессуальный кодекс Российской Федерации.pdf:page_50, Кодекс административного судопроизводства Российской Федерации.pdf:page_66, Кодекс административного судопроизводства Российской Федерации.pdf:page_67"
Какие требования к фрагментам бортов ванн согласно ГОСТ МДС 35-7.2000?," Следует предусматривать ограждения вокруг открытых бассейнов высотой не менее 1 м с поручнями, а в мелкой части ванны бассейна для спуска в воду - лестницу шириной не менее 0,9 м.","Data1_10_10847_index.pdf:page_1, Data1_10_10847_index.pdf:page_28, Data1_10_10852_index.pdf:page_1, Data1_10_10871_index.pdf:page_1, Data1_1_1904_index.pdf:page_1"
Что должен делать правообладатель в случае изменения сведений о себе?," Правообладатель в случае изменения сведений о себе должен сообщить об этом федеральному органу исполнительной власти, осуществляющему нормативно-правовое регулирование в сфере интеллектуальной собственности.","Гражданский кодекс Российской Федерации.pdf:page_496, Гражданский кодекс Российской Федерации.pdf:page_522, Гражданский кодекс Российской Федерации.pdf:page_542, Гражданский кодекс Российской Федерации.pdf:page_618, Земельный кодекс Российской Федерации.pdf:page_196"
Какие стадии проектирования указаны для крытых тиров для пуевой стрельбы согласно СНиП?," Согласно данным документу, стадией проектирования для крытых тиров для пулевой стрельбы являются этапы проектной документации (пункты 4 и 5).","Data1_11_11835_index.pdf:page_23, Data1_11_11835_index.pdf:page_24, Data1_11_11835_index.pdf:page_6, Data1_2_2080_index.pdf:page_1, Data1_2_2080_index.pdf:page_8"
Как заключаются соглашения для социально-экономического развития поселений?," Соглашения для социально-экономического развития поселений заключаются на основе разработанного прогноза социально-экономического развития соответствующей субъектной территории, который осуществляется уполномоченным Правительством Российской Федерации. Составление проектов бюджетов основывается на положениях послания Президента Российской Федерации Федеральному Собранию Российской Федерации, определяющих бюджетную политику.","Data1_1_1904_index.pdf:page_11, Бюджетный кодекс Российской Федерации.pdf:page_279, Бюджетный кодекс Российской Федерации.pdf:page_280, Налоговый кодекс Российской Федерации.pdf:page_1406, Трудовой кодекс Российской Федерации.pdf:page_31"
Какие расходы не учитываются при определении налоговой базы клиринговых организаций?," Не учитываются следующие расходы:
1) денежные средства и иное имущество, полученные в качестве обильного имущества;
2) доходы, указанные в подпункте 11.1 пункта 1 статьи 251 настоящего Кодекса (необходимо проверить конкретный случай);
3) доходы полученные от выплаты дивидендов, российских депозитарных расписоков и погашения клиринговых сертификатов участия;
4) налоги, уплаченные продавцам товаров (работ, услуг), не связанных с осуществлением клиринговой организацией деятельности по реализации тех же товаров (работ, услуг), указанных в подпункте 1 статьи 250 настоящего Кодекса.","Налоговый кодекс Российской Федерации.pdf:page_1156, Налоговый кодекс Российской Федерации.pdf:page_1167, Налоговый кодекс Российской Федерации.pdf:page_1178, Налоговый кодекс Российской Федерации.pdf:page_512, Налоговый кодекс Российской Федерации.pdf:page_513"
"Какие действия должен предпринять перевозчик, если груз был принят для перевозки после наступления срока прекращения обязательного приема груза?"," В случае приема груза после срока обязательного приема, перевозчик имеет право по своему усмотрению за счет грузоотправителя или грузополучателя оставить груз на хранение до появления возможности продолжения рейса. Это действие может быть предпринято в течение четырех суток после прекращения обязательного приема груза, если не поступило распоряжение от грузоотправителя или грузополучателя о том, как поступить с грузом.","Воздушный кодекс Российской Федерации.pdf:page_70, Кодекс внутреннего водного транспорта Российской Федерации.pdf:page_48, Кодекс внутреннего водного транспорта Российской Федерации.pdf:page_50, Кодекс внутреннего водного транспорта Российской Федерации.pdf:page_60, Кодекс торгового мореплавания Российской Федерации.pdf:page_64"
Какие виды геодезического контроля проводятся согласно СНиП 3.01.03-84?," Согласно СНиП 3.01.03-84, выполняют геодезические измерения с помощью микротриангуляции, микротрилатерации, полигонометрии, засечек и параллактического метода. Эти виды геодезических контролей зависят от требуемой точности разбивочных работ, размеров строительной площадки, условий работы на ней и формы сооружения.","Data1_10_10861_index.pdf:page_16, Data1_11_11285_index.pdf:page_17, Data1_11_11285_index.pdf:page_35, Data1_11_11285_index.pdf:page_4, Data1_2_2073_index.pdf:page_6"
"Что происходит, если банк несвоевременно зачисляет или списывает средства?"," Если банк несвоевременно выполняет операции с денежными средствами (например, зачисление или списание), то он обязан уплатить проценты в соответствии с статьей 395 настоящего Кодекса. Кроме того, клиент может потребовать немедленного возврата суммы и причиненных убытков (согласно статьям 809, 841).","Гражданский кодекс Российской Федерации.pdf:page_347, Гражданский кодекс Российской Федерации.pdf:page_348, Гражданский кодекс Российской Федерации.pdf:page_351, Гражданский кодекс Российской Федерации.pdf:page_359, Гражданский кодекс Российской Федерации.pdf:page_363"
Могут ли клиринговые организации быть участниками консолидированной группы налогоплательщиков?," Да, клиринговые организации могут быть участниками консолидированной группы налогоплательщиков в соответствии с условиями, предусмотренными законом.","Налоговый кодекс Российской Федерации.pdf:page_245, Налоговый кодекс Российской Федерации.pdf:page_43, Налоговый кодекс Российской Федерации.pdf:page_44, Налоговый кодекс Российской Федерации.pdf:page_48, Налоговый кодекс Российской Федерации.pdf:page_53"
"Какое наказание предусмотрено за незаконное получение сведений, составляющих государственную тайну?"," Наказание за незаконное получение сведений, составляющих государственную тайну предусмотрено в статье 283 Кодекса Российской Федерации о криминальном праве: лишение свободы на срок до четырех лет.","Административный кодекс Российской Федерации.pdf:page_272, Налоговый кодекс Российской Федерации.pdf:page_270, Уголовный кодекс Российской Федерации.pdf:page_160, Уголовный кодекс Российской Федерации.pdf:page_226, Уголовный кодекс Российской Федерации.pdf:page_227"
Какая фирма представлена в списке основных характеристик изделий?, Фирма «POLIGAL Plastic Industries Ltd» представлена в списке основных характеристик изделий.,"Data1_10_10846_index.pdf:page_48, Data1_10_10846_index.pdf:page_49, Data1_10_10846_index.pdf:page_50, Data1_10_10846_index.pdf:page_54, Data1_10_10849_index.pdf:page_3"
Какие требования к травмобезопасности комплексных игровых площадок указаны в ГОСТ МДС 35-7.2000?," Требования к травмобезопасности комплексных игровых площадок указаны в ГОСТ МДС 35-7.2000:
1. Установка ограничительных и направляющих поручней для детей высотой 500 - 700 мм, стационарное крепление оборудования дадут возможность для непрерывного опорного движения и устойчивости во время занятий.
2. Для ориентации в пространстве устанавливаются табло и указатели направления движения к различным видам игрового оборудования, а также применяются тактильная и цветовая маркировка габаритов помещений, площадок, пешеходных путей.
3. Перепады уровней земли на путях передвижения заняющихся между блоками вспомогательных помещений и площадками следует избегать.
4. При размещении площадок на участках необходимо предусмотреть удаление их границ от всякого рода препятствий (заборов, стен и др.) не менее чем на 3 м.","Data1_10_10847_index.pdf:page_1, Data1_10_10847_index.pdf:page_11, Data1_10_10847_index.pdf:page_4, Data1_10_10871_index.pdf:page_1, Data1_1_1904_index.pdf:page_1"
"Какое название имеет документ, регламентирующий проектирование и устройство фонарей для естественного освещения помещений согласно ГОСТ МДС 31-8.2002?"," Документ регламентирующий проектирование и устройство фонарей для естественного освещения помещений согласно ГОСТ МДС 31-8.2002 называется ""Рекомендации по проектированию и устройству фонарей для естественного освещения помещений"".","Data1_10_10846_index.pdf:page_1, Data1_10_10846_index.pdf:page_10, Data1_10_10846_index.pdf:page_12, Data1_10_10846_index.pdf:page_2, Data1_10_10846_index.pdf:page_4"
Какие требования предъявляет ГОСТ МДС 35-7.2000 к проектированию висячего моста?," ГОСТ МДС 35-7.2000 не содержит требований к проектированию висячих мостов. Это документ касается общих требований к проектированию общественных зданий и сооружений, в том числе физкультурно-оздоровительных и детских физкультурно-игровых сооружений, площадок для спортивных игр, залов и бассейнов, помещений для активного отдыха, медико-восстановительных помещений, раздевален и т. д.","Data1_10_10847_index.pdf:page_1, Data1_10_10849_index.pdf:page_1, Data1_10_10852_index.pdf:page_1, Data1_10_10859_index.pdf:page_1, Data1_1_1904_index.pdf:page_1"
"Какие действия следует предпринять при обнаружении сквозных и волосных трещин согласно ТП-70 С., СНиП II-22-81, СНиП 2.03.01-84*?"," При обнаружении сквозных и волосных трещин следует вызвать специализированную организацию для их ремонта согласно ТП-70 С, СНиП II-22-81, СНиП 2.03.01-84. Срок исполнения - 1 месяц.","Data1_10_10861_index.pdf:page_14, Data1_10_10861_index.pdf:page_15, Data1_10_10861_index.pdf:page_18, Data1_10_10861_index.pdf:page_24, Data1_10_10861_index.pdf:page_25"
Какие инвестиции не учитываются при расчете численности аппарата заказчика-застройщика согласно ГОСТ МДС 81-7.2000?," Инвестиции, финансируемые из местного бюджета или средства частных инвесторов не учитываются при расчете численности аппарата заказчика-застройщика согласно ГОСТ МДС 81-7.2000.","Data1_1_1804_index.pdf:page_10, Data1_2_2116_index.pdf:page_1, Data1_2_2116_index.pdf:page_3, Data1_2_2116_index.pdf:page_4, Data1_2_2117_index.pdf:page_1"
Как закладывают контрольные знаки перед началом бетонирования и подъема опалубки? (СНиП 3.01.03-84)," Контрольные знаки закладывают перед началом бетонирования и подъема опалубки с помощью специальных устройств, таких как столбы или плиты, которые обозначаются теодолитом. Эти знаки служат для контроля вертикальности движения опалубки и должны быть расположены на жесткой раме опалубки.","Data1_11_11285_index.pdf:page_35, Data1_11_11285_index.pdf:page_51, Data1_11_11285_index.pdf:page_52, Data1_11_11285_index.pdf:page_54, ПДД Российской Федерации.pdf:page_38"
Какие данные должны быть указаны в графе 'УТВЕРЖДЕНИЕ'?," В графе ""УТВЕРЖДЕНИЕ"" должны быть указаны наименование организации (инстанции), утвердившей проектную документацию, а также наименование, дата и номер документа.","Data1_10_10849_index.pdf:page_17, Data1_2_2073_index.pdf:page_3, Data1_2_2082_index.pdf:page_17, Уголовно-процессуальный кодекс Российской Федерации.pdf:page_153, Уголовно-процессуальный кодекс Российской Федерации.pdf:page_250"
Кто имеет право на вознаграждение в соответствии с абзацем третьим пункта 2 статьи 1295?," Автор работы, который передал исключительное право на неё исполнителю имеет право на вознаграждение в соответствии с абзацем третьим пункта 2 статьи 1295.","Гражданский кодекс Российской Федерации.pdf:page_539, Гражданский кодекс Российской Федерации.pdf:page_540, Гражданский кодекс Российской Федерации.pdf:page_541, Гражданский кодекс Российской Федерации.pdf:page_549, Кодекс торгового мореплавания Российской Федерации.pdf:page_116"
Какой ГОСТ или СНиП определяет методику расчета трудоемкости АУП?," Ответ: Не указан конкретный ГОСТ или СНиП, которые регулируют методику расчета трудоемкости АУП в данном контексте. Однако, общие требования к расчёту трудоёмкости можно найти в нормативных документах, таких как СНиП 23.10.01-85 ""Государственный стандарт. Строительство зданий и сооружений. Требования к проектированию"", а также ГОСТ Р 50796-95 ""Базовые положения о методике составления экономических обоснований строительных объектов"".","Data1_10_10855_index.pdf:page_1, Data1_11_11285_index.pdf:page_4, Data1_11_11285_index.pdf:page_52, Data1_11_11295_index.pdf:page_26, Data1_2_2080_index.pdf:page_16"
Какой индекс изоляции воздушного шума (JB) должен быть согласно ГОСТ МДС-80-8.2000?," Для навесных конструкций, индекс изоляции воздушного шума (JB) согласно ГОСТ МДС-81-14.2000 равен 0,25 дБ.","Data1_10_10865_index.pdf:page_20, Data1_10_10865_index.pdf:page_21, Data1_10_10865_index.pdf:page_38, Data1_10_10865_index.pdf:page_39, Data1_2_2117_index.pdf:page_1"
Какие требования к цветовым решениям для предотвращения чрезмерной яркости зон отдыха указаны в ГОСТ МДС 35-7.2000?," В ГОСТе МДС 35-7.2000 предложены следующие требования к цветовым решениям для зон отдыха:
1. Применяются чистые, независимые от качества освещения контрастные цвета.
2. Пол может быть окрашен в голубой (желтый) цвет, а стены - в желтый (голубый).
3. Для тренажерных залов и помещений допустим вариант окраски пола в зеленый (красно-коричневый) цвет, а стен - в красно-коричневый (зеленый).
4. Для указателей и других ориентиров рекомендуются сочетания голубого, черного, зеленого, красного с белым.","Data1_10_10847_index.pdf:page_1, Data1_10_10847_index.pdf:page_36, Data1_10_10847_index.pdf:page_37, Data1_10_10861_index.pdf:page_1, Data1_10_10865_index.pdf:page_20"
Как определяется прибыль (убыток) от реализации или выбытия амортизируемого имущества?," Прибыль (убыток) от реализации или выбытия амортизируемого имущества определяется в соответствии с статьями 265-268 настоящего Налогового кодекса РФ. Налогоплательщик определяет прибыль (убыток) на дату совершения операции, а в аналитическом учете фиксируется сумма прибыли (убытка) по реализации амортизируемого имущества. При этом расходы на формирование резервов и доходы от восстановления резервов включаются в учет, а суммы процентного (купонного) дохода, ранее учтенные при налогообложении, не включаются.","Налоговый кодекс Российской Федерации.pdf:page_1054, Налоговый кодекс Российской Федерации.pdf:page_1181, Налоговый кодекс Российской Федерации.pdf:page_1214, Налоговый кодекс Российской Федерации.pdf:page_1215, Налоговый кодекс Российской Федерации.pdf:page_996"
Как контролируется перенесение разбивочных осей в натуру согласно СНиП 3.01.03-84?," Перенесение разбивочных осей в природу контролируется методами геодезических выверок, например, микротриангуляцией, микротрилатерацией или полигонометрии, при этом результаты сравниваются с проектными значениями для нахождения величин линейных редукций. После этого производятся контрольные измерения и если недопустимые значения редукций обнаружены, то положения центров осевых знаков на местности изменяются.","Data1_11_11285_index.pdf:page_17, Data1_11_11285_index.pdf:page_23, Data1_11_11285_index.pdf:page_37, Data1_11_11285_index.pdf:page_4, Data1_11_11285_index.pdf:page_59"
Какие основные данные должны быть включены в годовой план капитального ремонта согласно ГОСТ МДС 14-13.2000?," В годовом плане капитального ремонта должны быть включены следующие данные: наименование основных работ по каждому объекту, сметная стоимость годового объема работ, календарные сроки ремонтов, потребность в основных материалах, строительных изделиях, транспорте, средствах механизации и рабочих.","Data1_10_10852_index.pdf:page_1, Data1_10_10861_index.pdf:page_1, Data1_10_10862_index.pdf:page_1, Data1_1_1879_index.pdf:page_1, Data1_1_1879_index.pdf:page_9"
"Какие изменения внесены в Закон ""Об акцизах"" в статье 3, пункте 2?"," В статье 3, пункт 2 Закона ""Об акцизах"" внесены изменения с 1 октября 2018 г., в связи с принятием Федерального закона N 302-ФЗ от 3 августа 2018 г. В частности, абзацы 10 - 16 утратили силу.","Data1_2_2082_index.pdf:page_25, Data1_2_2082_index.pdf:page_27, Налоговый кодекс Российской Федерации.pdf:page_653, Налоговый кодекс Российской Федерации.pdf:page_724, Налоговый кодекс Российской Федерации.pdf:page_732"
Какие индексы указаны в таблице 1 для отчислений на социальные нужды?," В таблице 1 не указан индекс для отчислений на социальные нужды, поскольку в тексте данных не предоставлено никакой информации о том, как выполняется расчёт индексов для этих отчислений.","Data1_2_2070_index.pdf:page_30, Data1_2_2070_index.pdf:page_33, Data1_2_2080_index.pdf:page_10, Data1_2_2117_index.pdf:page_4, Data1_2_2117_index.pdf:page_8"
Какие категории земель городов и других поселений указаны в ГОСТ МДС 11-7.2000?, В ГОСТ МДС 11-7.2000 указаны категории земель городов и других поселений: городских поселений и сельских поселений.,"Data1_10_10871_index.pdf:page_1, Data1_1_1904_index.pdf:page_1, Data1_1_1904_index.pdf:page_11, Data1_1_1904_index.pdf:page_15, Data1_1_1904_index.pdf:page_33"
Какое согласие требуется для избрания меры пресечения в виде заключения под стражу в отношении судьи Конституционного Суда Российской Федерации?," Для избрания меры пресечения в виде заключения под стражу не требуется согласия у судьи Конституционного Суда Российской Федерации, так как статья 448 Уголовного кодекса РФ не распространяется на них.","Уголовно-процессуальный кодекс Российской Федерации.pdf:page_286, Уголовно-процессуальный кодекс Российской Федерации.pdf:page_68, Уголовно-процессуальный кодекс Российской Федерации.pdf:page_76, Уголовно-процессуальный кодекс Российской Федерации.pdf:page_77, Уголовно-процессуальный кодекс Российской Федерации.pdf:page_78"
Какие картографические и справочные материалы результатов инженерных изысканий и исследований должны содержаться в исходной информации согласно ГОСТ МДС 11-7.2000?," Картографические и справочные материалы, которые должны быть в исходной информации по согласованию с ГОСТ МДС 11-7.2000 включают:

* Сводные ведомости обследования конструкций в зависимости от материала;
* Результаты испытаний образцов материалов конструкций;
* Результаты электрофизических исследований несущих конструкций;
* Результаты инженерно-геологических изысканий и данных лабораторного анализа грунтов;
* Результаты инженерно-геодезических наблюдений;
* Справку о сейсмичности площадки обследуемого объекта;
* Обмерочные и обследовательские чертежи, фотографии фасадов, узлов, деталей;
* Рекомендации по восстановлению несущей способности конструктивных элементов и обеспечению сейсмостойкости объекта в целом.","Data1_10_10849_index.pdf:page_1, Data1_10_10859_index.pdf:page_3, Data1_1_1904_index.pdf:page_31, Data1_1_1904_index.pdf:page_32, Градостроительный кодекс Российской Федерации.pdf:page_278"
Какая единица измерения используется для разработки норм согласно ГОСТ МДС 81-13.2000?," Сборники ресурсных сметных норм (РСН) разрабатываются для определения потребности в ресурсах, необходимых для выполнения работ по монтажу оборудования в единицах часов.","Data1_10_10754_index.pdf:page_1, Data1_2_2073_index.pdf:page_1, Data1_2_2076_index.pdf:page_1, Data1_2_2079_index.pdf:page_1, Data1_2_2117_index.pdf:page_1"
"Какие работы по заделке выбоин в цементных, бетонных и асфальтовых полах предусмотрены в ГОСТ МДС 14-13.2000?"," В ГОСТ МДС 14-13.2000 нет упоминания об отдельных работах по заделке выбоин в цементных, бетонных или асфальтовых полах. Пожалуйста, обратите внимание на другое Положение или документ для получения необходимой информации.","Data1_10_10852_index.pdf:page_1, Data1_10_10863_index.pdf:page_1, Data1_1_1879_index.pdf:page_1, Data1_1_1879_index.pdf:page_19, Data1_1_1879_index.pdf:page_22"
"Используется ли сметная стоимость по объемам работ, выполняемым иностранными firmами, при определении сметной стоимости строительства в смешанных ценах?"," Да, используется сметная стоимость по объемам работ, выполняемым иностранными фирмами, при определении сметной стоимости строительства в смешанных ценах.","Data1_2_2082_index.pdf:page_15, Data1_2_2082_index.pdf:page_4, Data1_2_2082_index.pdf:page_6, Data1_2_2082_index.pdf:page_7, Data1_2_2082_index.pdf:page_9"
Какие иные документы и материалы могут быть представлены?," В контексте указанных статей могут быть представлены любые документы или материалы, выполненные в форме цифровой или графической записи (например: справки, деловая корреспонденция), полученные посредством факсимильной, электронной или другой связи, в том числе через сеть Интернет. Также могут быть представлены системы видеоконференц-связи и системы веб-конференции при наличии технических условий.","Гражданский процессуальный кодекс Российской Федерации.pdf:page_30, Кодекс административного судопроизводства Российской Федерации.pdf:page_43, Кодекс административного судопроизводства Российской Федерации.pdf:page_44, Таможенный кодекс Евразийского экономического союза.pdf:page_399, Уголовно-процессуальный кодекс Российской Федерации.pdf:page_189"
"Какой штраф предусмотрен для юридических лиц за непредставление или несвоевременное представление данных, позволяющих идентифицировать владельца программно-аппаратных средств доступа к информационным ресурсам, информационно-телекоммуникационным сетям, доступ к которым ограничен?", Для юридических лиц наложение административного штрафа в размере от восьмисот тысяч до одного миллиона рублей.,"Административный кодекс Российской Федерации.pdf:page_227, Административный кодекс Российской Федерации.pdf:page_229, Административный кодекс Российской Федерации.pdf:page_405, Административный кодекс Российской Федерации.pdf:page_67, Уголовный кодекс Российской Федерации.pdf:page_216"
Как проверяется внешний облик построенного или реконструированного объекта?," Внешний облик построенного или реконструированного объекта индивидуального жилищного строительства или садового дома проверяется путем подготовки описания внешнего облика и его направления на государственные органы, органы местного самоуправления или их подведомственных организаций. Государственными органами, органами местного самоуправления или их подведомственными организациями проводится соответствие или несоответствие указанного описания внешнего облика объекта индивидуального жилищного строительства или садового дома предмету охраны исторического поселения и требованиям к архитектурным решениям объектов капитального ремонта.","Градостроительный кодекс Российской Федерации.pdf:page_157, Градостроительный кодекс Российской Федерации.pdf:page_158, Градостроительный кодекс Российской Федерации.pdf:page_159, Градостроительный кодекс Российской Федерации.pdf:page_160, Градостроительный кодекс Российской Федерации.pdf:page_264"
Как часто следует проверять горизонтальность рядов кладки согласно СНиП 3.01.03-84?," Согласно СНиП 3.01.03-84, горизонтальность рядов кладки должна контролироваться после завершения каждого ряда кладки (7.33).","Data1_10_10861_index.pdf:page_25, Data1_11_11285_index.pdf:page_35, Data1_11_11285_index.pdf:page_48, Data1_11_11285_index.pdf:page_50, Data1_11_11285_index.pdf:page_52"
Когда автор считается согласившимся на обнародование произведения?," Автор считается согласившимся на обнародование произведения, если он осуществляет действие или дает согласие на осуществление действия, которое впервые делает произведение доступным для всеобщего сведения путем его опубликования, публичного показа, публичного исполнения, сообщения в эфир или по кабелю либо любым другим способом.","Гражданский кодекс Российской Федерации.pdf:page_518, Гражданский кодекс Российской Федерации.pdf:page_524, Гражданский кодекс Российской Федерации.pdf:page_525, Гражданский кодекс Российской Федерации.pdf:page_533, Гражданский кодекс Российской Федерации.pdf:page_557"
Какие документы должны быть представлены для вычета акциза при использовании стали жидкой для производства продуктов металлургического производства?," Для получения возможности вычета акциза при использовании стали жидкой для производства продуктов металлургического производства, необходимо представление следующих документов:

1. Документ, подтверждающий включение организации в перечень, утверждаемый федеральным органом исполнительной власти Российской Федерации.
2. Копии актов приема-передачи стали жидкой и продуктов (полупродуктов) металлургического производства, непосредственно используемых в технологическом процессе производства продукции.","Налоговый кодекс Российской Федерации.pdf:page_607, Налоговый кодекс Российской Федерации.pdf:page_685, Налоговый кодекс Российской Федерации.pdf:page_686, Налоговый кодекс Российской Федерации.pdf:page_691, Налоговый кодекс Российской Федерации.pdf:page_704"
"Что влечет наложение административного штрафа в размере от одной тысячи пятисот до двух тысяч пятисот рублей с конфискацией форменной одежды, знаков различия, символики государственных военизированных организаций, правоохранительных или контролирующих органов согласно части 2 статьи 17.12?"," Влечет наложение административного штрафа на граждан в размере от одной тысячи пятисот до двух тысяч пятисот рублей с конфискацией предметов административного правонарушения, являющихся форменной одеждой, знаками различия, символикой государственных военизированных организаций, правоохранительных или контролирующих органов (по части 2 статьи 17.12).","Административный кодекс Российской Федерации.pdf:page_364, Административный кодекс Российской Федерации.pdf:page_386, Административный кодекс Российской Федерации.pdf:page_421, Административный кодекс Российской Федерации.pdf:page_434, Административный кодекс Российской Федерации.pdf:page_442"
Какие условия позволяют уполномоченным экономическим операторам выпускать товары до подачи декларации?," Уполномоченные экономические операторы могут выпускать товары до подачи декларации в следующих случаях:

1) Если заявление о выпуске товаров до подачи декларации на товары подается в виде электронного документа, если таможенному органу это возможно. При невозможности подать заявление в электронном виде, оно может быть подано на бумажном носителе.
2) Если товары, в отношении которых производится выпуск до подачи декларации, не находятся на территории государства-члена, таможенному органу которого приходится получать заявление об этом.
3) В отношении товаров, помещенных под таможенную процедуру выпуска для внутреннего потребления, если декларация на товары подана не позднее срока и выпуск произведен до подачи декларации.
4) Уполномоченный экономический оператор, который будет выступать декларантом товаров, может получить специальные упрощения в зависимости от типа свидетельства.","Таможенный кодекс Евразийского экономического союза.pdf:page_136, Таможенный кодекс Евразийского экономического союза.pdf:page_137, Таможенный кодекс Евразийского экономического союза.pdf:page_157, Таможенный кодекс Евразийского экономического союза.pdf:page_483, Таможенный кодекс Евразийского экономического союза.pdf:page_488"
Какие требования к модульной конструкции зенитных фонарей согласно ГОСТ МДС 31-8.2002?," Требования к модульной конструкции зенитных фонарей по ГОСТ МДС 31-8.2002 включают:

1. Конструктивное решение
2. Сопротивление теплопередаче и воздухопроницанию
3. Несущая способность
4. Атмосферостойкость
5. Утеплитель крепят к бортовым элементам и стенкам опорных стаканов зенитных фонарей на клею с тщательной подгонкой плит друг к другу.
6. Работы по гидроизоляции должны производиться с учетом СНиП II-26-76.
7. Установленные в покрытии фонари должны принять приемной комиссией с участием представителей заказчика, генерального подрядчика и субподрядчика.
8. Полимерные материалы должны иметь разрешение на их применение от органов Государственного санитарного надзора.
9. Способы крепления и герметизации элементов светопропускающего заполнения должны обеспечивать независимость их температурных деформаций от несущих элементов.
10. Для верхнего естественного освещения помещений с подвесными потолками рекомендуется применять зенитные фонари со светопроводными шахтами.
11. Поставляемые на строительство конструкции фонарей должны удовлетворять требованиям действующей нормативной документации или документа, подтверждающего пригодность их применения в строительстве.
12. Работы по монтажу фонарей рекомендуется производить в теплый период года.
13. Во время монтажа светопропускающих элементов и отделочных работ необходимо предусматривать мероприятия по их защите от повреждений и загрязнений.
14. Перед монтажом конструкций фонарей производителем работ должна быть произведена техническая приемка отдельных их элементов и выполнены подготовительные работы.","Data1_10_10846_index.pdf:page_1, Data1_10_10846_index.pdf:page_18, Data1_10_10846_index.pdf:page_19, Data1_10_10846_index.pdf:page_8, Data1_10_10846_index.pdf:page_9"
Какие нормативы отчислений установлены для налога на имущество физических лиц в бюджетах городских округов с внутригородским делением?, 100% (согласно статье 61.4 пункт 1 на сайте https://budkod.ru/),"Бюджетный кодекс Российской Федерации.pdf:page_212, Бюджетный кодекс Российской Федерации.pdf:page_58, Бюджетный кодекс Российской Федерации.pdf:page_63, Бюджетный кодекс Российской Федерации.pdf:page_64, Бюджетный кодекс Российской Федерации.pdf:page_73"
В каких случаях может быть вынесено ходатайство об ограничении профессиональной деятельности специалиста согласно СНиП?," Специалист может быть лишен профессионального доверия, а следовательно вынесено ходатайство об ограничении его деятельности согласно СНиП в следующих случаях:
- Когда специалист известен данному руководству как недостаточно профессионально подготовленный, ответственный, не имеющий достаточных навыков и практического опыта для выполнения соответствующих функций, работ или услуг (3.12);
- В случае серьезных нарушений профессиональной деятельности в ходе инвестиционно-строительного процесса, приводящих к тяжелым последствиям или крупному ущербу для общества, государства, людей, предприятий и организаций (4.5).

Также можно лишить профессионального доверия специалиста, являющегося членом добровольного профессионального объединения или общества, при нарушении этических принципов и правил профессиональной деятельности (4.6).","Data1_10_10851_index.pdf:page_3, Data1_10_10851_index.pdf:page_4, Data1_10_10851_index.pdf:page_5, Data1_10_10851_index.pdf:page_6, Data1_10_10851_index.pdf:page_7"
Как исчисляется срок обязательных работ?," Срок обязательных работ для выполнения которых требуются специальные навыки или познания, не могут определяться в отношении лиц, не обладающих такими навыками или познаниями (3 дня со дня возбуждения судебным приставом-исполнителем исполнительного производства). Другие сроки обязательных работ не указаны в контексте.","Административный кодекс Российской Федерации.pdf:page_21, Административный кодекс Российской Федерации.pdf:page_611, Уголовно-исполнительный кодекс Российской Федерации.pdf:page_13, Уголовно-исполнительный кодекс Российской Федерации.pdf:page_16, Уголовный кодекс Российской Федерации.pdf:page_26"
"Как заполняется раздел 1 сводного сметного расчета при строительстве, осуществляемом в полном объеме силами и средствами иностранной firmы?"," В случае строительства, осуществляемого исключительно силами и средствами иностранной фирмы, раздел 1 сводного сметного расчета не будет содержать объемов работ (затрат), выполняемых российскими организациями. Все стоимости строительных и монтажных работ отображаются в контрактных ценах, предусмотренных проектами контрактов или предложениями этой иностранной фирмы.","Data1_2_2069_index.pdf:page_4, Data1_2_2082_index.pdf:page_4, Data1_2_2082_index.pdf:page_5, Data1_2_2082_index.pdf:page_6, Data1_2_2082_index.pdf:page_7"
В каких случаях комиссионер может отступить от указаний комитента?," Комиссионер может отступаться от указаний комитента без предварительного запроса, если это предусмотрено договором комиссии или обычаями делового оборота.","Гражданский кодекс Российской Федерации.pdf:page_399, Гражданский кодекс Российской Федерации.pdf:page_404, Гражданский кодекс Российской Федерации.pdf:page_405, Гражданский кодекс Российской Федерации.pdf:page_406, Гражданский кодекс Российской Федерации.pdf:page_407"
Какие действия запрещены в процессе эксплуатации согласно ГОСТ МДС 17-13.2000?," В процессе эксплуатации запрещены:
1. Нарушение требований, определенных в Правилах работы с персоналом в организациях энергетических организаций системы жилищно-коммунального хозяйства Российской Федерации;
2. Использование оборудования или устройств, не соответствующих действующим техническим требованиям;
3. Наличие в эксплуатации поврежденных, изношенных или аварийных конструкций;
4. Использование оборудования и устройств без предыдущего осмотра, проверки или технического обслуживания;
5. Использование оборудования и устройств вне пределов санкционированного времени эксплуатации;
6. Изменение конструкций объекта, не согласованное с проектной документацией или без предварительной проверки соответствия нового состояния требованиям безопасности.","Data1_10_10855_index.pdf:page_1, Data1_10_10861_index.pdf:page_1, Data1_10_10862_index.pdf:page_1, Data1_10_10866_index.pdf:page_1, Data1_1_1879_index.pdf:page_1"
"Какие тарифы страховых взносов применяются для плательщиков, указанных в подпунктах 5-9 пункта 1 статьи?"," Для плательщиков, указанных в подпунктах 5 - 9 пункта 1 настоящей статьи, в течение 2017 - 2018 годов тарифы страховых взносов на обязательное пенсионное страхование устанавливаются в размере 20,0 процента, а на обязательное социальное страхование и на случай временной нетрудоспособности, а также в связи с материнством, а также на обязательное медицинское страхование - 0 процентов.","Налоговый кодекс Российской Федерации.pdf:page_1634, Налоговый кодекс Российской Федерации.pdf:page_1635, Налоговый кодекс Российской Федерации.pdf:page_1636, Налоговый кодекс Российской Федерации.pdf:page_1645, Налоговый кодекс Российской Федерации.pdf:page_1650"
Какие данные о относительной просадочности просадочных лессовых грунтов необходимы для проектирования инъекционного химзакрепления согласно СНиП 3.02.01-83?," Для проектирования инъекционного химзакрепления просадочных лессовых грунтов необходимы данные о относительной просадочности, которые могут быть получены из результатов проведенных испытаний на просадку по СНиП 3.02.01-83.","Data1_11_11295_index.pdf:page_10, Data1_11_11295_index.pdf:page_11, Data1_11_11295_index.pdf:page_2, Data1_11_11295_index.pdf:page_25, Data1_11_11295_index.pdf:page_6"
Какие данные представлены в столбце 'Генплан и транспорт' для санитарно-защитных зон в таблице 28 согласно СНиП?," Данные, представленные в столбце 'Генплан и транспорт' для санитарно-защитных зон в таблице 28 согласно СНиП, включают планировки территории и деталей инженерных коммуникаций.","Data1_10_10865_index.pdf:page_10, Data1_11_11835_index.pdf:page_33, Data1_1_1904_index.pdf:page_17, Водный кодекс Российской Федерации.pdf:page_36, Земельный кодекс Российской Федерации.pdf:page_182"
"Какие субсидии могут предоставляться юридическим лицам, являющимся стороной концессионных соглашений?"," В законе о бюджете могут предусматриваться субсидии для юридических лиц, указанных в пунктах 1, 7-8.1 настоящей статьи, включая случаи, когда акции или доли таких юридических лиц принадлежат государственным корпорациям, публично-правовым компаниям и их дочерним обществам (статья 146.3 Кодекса об административном процессе). Кроме того, субсидии могут предоставляться участникам проекта создания инновационного научно-технологического центра в форме авансовых платежей за счет средств федерального бюджета (пункт 4.2). Однако, доступ к субсидиям может быть ограничен применением предыдущих капитальных вложений из соответствующего бюджета или наличием задолженности по налогам и сборам.","Бюджетный кодекс Российской Федерации.pdf:page_82, Бюджетный кодекс Российской Федерации.pdf:page_83, Бюджетный кодекс Российской Федерации.pdf:page_86, Бюджетный кодекс Российской Федерации.pdf:page_89, Бюджетный кодекс Российской Федерации.pdf:page_98"
Какие ограничения могут препятствовать завершению строительства объектов незавершенного строительства?," Ограничения, которые могут препятствовать завершению строительства объектов незавершенного строительства для публично-правовой компании ""Фонд развития территорий"", установлены в Федеральном законе N 218-ФЗ и могут включать:

1. Отсутствие разрешения на строительство или продление срока действия такого разрешения;
2. Истечение срока действия договора аренды земельного участка, на котором расположен объект капитального строительства;
3. Отказ в выдаче разрешения на ввод объекта капитального строительства в эксплуатацию (при условии, что основания для отказа не устранены);
4. Превышение предельных параметров разрешенного строительства или ограничений использования земельного участка.","Градостроительный кодекс Российской Федерации.pdf:page_1, Градостроительный кодекс Российской Федерации.pdf:page_260, Градостроительный кодекс Российской Федерации.pdf:page_261, Земельный кодекс Российской Федерации.pdf:page_38, Земельный кодекс Российской Федерации.pdf:page_48"
В каких случаях доказательство может быть признано недопустимым?," Доказательства могут быть признаны недопустимыми в следующих случаях:
1. Если получены с нарушением требований Кодекса об уголовном судопроизводстве. (Статья 75)
2. Если получены с нарушением федерального закона. (Не указан конкретный закон)
3. Если доказательства не имеют значения для рассмотрения и разрешения административного дела. (Статья 60)
4. В случае, если допустимые доказательства отвечают не требованиям, указанным в статье 59 настоящего Кодекса. (Статья 61)","Гражданский процессуальный кодекс Российской Федерации.pdf:page_170, Кодекс административного судопроизводства Российской Федерации.pdf:page_39, Уголовно-процессуальный кодекс Российской Федерации.pdf:page_160, Уголовно-процессуальный кодекс Российской Федерации.pdf:page_56, Уголовно-процессуальный кодекс Российской Федерации.pdf:page_64"
Как долго может длиться экспертиза оферт?," Срок экспертизы оферт не указан в контексте, поэтому временной раммой может быть любой срок, установленный тендерным комитетом.","Data1_10_10866_index.pdf:page_8, Data1_10_10866_index.pdf:page_9, Data1_10_10869_index.pdf:page_4, Data1_10_10869_index.pdf:page_5, Data1_10_10869_index.pdf:page_7"
"Какое право применяется, если между сторонами обязательства не заключено соглашение о праве, подлежащем применению?"," Если между сторонами обязательства не заключено соглашение о праве, подлежащем применению, право применяется согласно статье 121 Конституции Российской Федерации (Статьи Конституции РФ), которая говорит, что в отношениях между гражданами и юридическими лицами в Российской Федерации применяется российское право, если не предусмотрено иное между сторонами.","Гражданский кодекс Российской Федерации.pdf:page_165, Гражданский кодекс Российской Федерации.pdf:page_483, Гражданский кодекс Российской Федерации.pdf:page_484, Гражданский кодекс Российской Федерации.pdf:page_485, Кодекс торгового мореплавания Российской Федерации.pdf:page_50"
"Какие дела об административных правонарушениях рассматривает федеральный орган исполнительной власти, осуществляющий функции в сфере деятельности войск национальной гвардии Российской Федерации?"," Дела об административных правонарушениях, совершенные в отношении припасов, рассматривает территориальный орган федерального органа исполнительной власти, осуществляющего функции в сфере деятельности войск национальной гвардии Российской Федерации.","Административный кодекс Российской Федерации.pdf:page_467, Административный кодекс Российской Федерации.pdf:page_500, Административный кодекс Российской Федерации.pdf:page_502, Административный кодекс Российской Федерации.pdf:page_504, Административный кодекс Российской Федерации.pdf:page_604"
Какие меры предусмотрены для обеспечения температурно-влажностного режима подвальных помещений согласно ГОСТ МДС 13-18.2000?," Для обеспечения температурно-влажностного режима подвальных помещений согласно ГОСТ МДС 13-18.2000 рекомендуется организовать сквозное проветривание, установить причину нарушения режима в сроки до 10 дней, обеспечить плотностью притворов оконных и дверных проемов, плотностью закрывания загрузочных люков, дверей, мусоросборных камер; утеплением трубопроводов, входных дверей, постановкой пружин на входных дверях, частичным закрыванием на осенне-зимний период продухов в цоколях и утеплением дверей.","Data1_10_10852_index.pdf:page_11, Data1_10_10852_index.pdf:page_3, Data1_10_10861_index.pdf:page_24, Data1_10_10861_index.pdf:page_5, Data1_10_10861_index.pdf:page_6"
"Что происходит, если сторона анализируемой сделки не отвечает требованиям для сопоставления?"," В случае невыполнения требований для сопоставления, происходит отказ в сопоставимости коммерческих и (или) финансовых условий сделки с другими сделками.","Налоговый кодекс Российской Федерации.pdf:page_281, Налоговый кодекс Российской Федерации.pdf:page_284, Налоговый кодекс Российской Федерации.pdf:page_287, Налоговый кодекс Российской Федерации.pdf:page_298, Налоговый кодекс Российской Федерации.pdf:page_301"
Какова максимальная влажность древесины должна быть согласно ГОСТ МДС 17-13.2000?," Согласно ГОСТ МДС 17-13.2000, максимальная влажность древесины должна составлять не более 25 %.","Data1_10_10846_index.pdf:page_40, Data1_10_10861_index.pdf:page_1, Data1_10_10861_index.pdf:page_11, Data1_11_11295_index.pdf:page_34, Data1_11_11295_index.pdf:page_6"
Какие сведения должны быть указаны в исковом заявлении?," В административном исковом заявлении должны быть указаны следующие сведения:
1) сведения, предусмотренные пунктами 1, 2, 9 части 2 статьи 125 настоящего Кодекса;
2) в случае установления лица - действия, которые оно совершило;
3) документы, подтверждающие направление другим лицам, участвующим в деле, копий административного искового заявления и приложенных к нему документов;
4) документы, указанные в пункте 5 части 1 статьи 126 настоящего Кодекса.

В исковом заявлении, предъявляемом прокурором, должны быть указаны следующие сведения:
1) в чем конкретно заключаются интересы;
2) какое право нарушено;
3) должно содержаться обоснование невозможности защиты этих интересов иностранным судом.","Гражданский процессуальный кодекс Российской Федерации.pdf:page_52, Кодекс административного судопроизводства Российской Федерации.pdf:page_110, Кодекс административного судопроизводства Российской Федерации.pdf:page_155, Кодекс административного судопроизводства Российской Федерации.pdf:page_180, Кодекс административного судопроизводства Российской Федерации.pdf:page_182"
Какие нарушения относятся к категории «В» согласно ГОСТ МДС 17-13.2000?," Нарушения, относящиеся к категории ""В"" по ГОСТу МДС 17-13.2000:
1. Ненадлежащее устройство (сооружение) здания или сооружения жилищного фонда и придомовых территорий, представляющих собой опасность для безопасности и порядка в жилищах и на придомовых территориях.
2. Ненадлежащее техническое состояние здания или сооружения жилищного фонда и придомовых территорий, угрожающего безопасности жильцов и/или не обеспечивающего нормативно определенные комфортные условия для их проживания.
3. Необоснованное (недостаточно обоснованное) использование здания или сооружения жилищного фонда и придомовых территорий, представляющих собой нарушение законодательства Российской Федерации, в том числе уголовного кодекса Российской Федерации.
4. Проведение деятельности по обслуживанию здания или сооружения жилищного фонда и придомовых территорий, не обеспечивающее их нормативно определенное техническое состояние, выполнение планов ремонта или капитального ремонта.
5. Несоблюдение норм и правил пожарной безопасности в зданиях (сооружениях) жилищного фонда и на придомовых территориях, представляющих собой опасность для безопасности жильцов.
6. Несоблюдение норм и правил, предписанных сантехническими регламентами Российской Федерации в зданиях (сооружениях) жилищного фонда и на придомовых территориях, не обеспечивающее соответствующую гигиену и условия для проживания жильцов.
7. Несоблюдение норм и правил по экологии в зданиях (сооружениях) жилищного фонда и на придомовых территориях, представляющих собой опасность для здоровья и безопасности человека.
8. Ненадлежащая организация и проведение уборки территорий (объектов) жилищного фонда и придомовых территорий.","Data1_10_10861_index.pdf:page_1, Data1_10_10862_index.pdf:page_1, Data1_10_10866_index.pdf:page_1, Data1_10_10871_index.pdf:page_1, Data1_1_1904_index.pdf:page_1"
"Что означает знак 3.33 ""Движение транспортных средств с взрывчатыми и легковоспламеняющимися грузами запрещено""?"," Знак 3.33 ""Движение транспортных средств с взрывчатыми и легковоспламеняющимися грузами запрещено"" запрещает движение транспортных средств, которые перевозят взрывчатые или легковоспламеняющиеся грузы.","ПДД Российской Федерации.pdf:page_39, ПДД Российской Федерации.pdf:page_40, ПДД Российской Федерации.pdf:page_42, ПДД Российской Федерации.pdf:page_45, ПДД Российской Федерации.pdf:page_58"
"Какие документы должны быть приложены к информации, предоставляемой налогоплательщиком?"," Приложите следующие документы:
1) Данные о должнике (для личности - страховой номер индивидуального лицевого счета, идентификационный номер налогоплательщика, серия и номер документа удостоверяющего личность, основной государственный регистрационный номер индивидуального предпринимателя, серия и номер водительского удостоверения; для организации - наименование, адрес, идентификационный номер налогоплательщика).
2) Сведения о сделке или операции (информация по совершенной или планируемой сделке или совокупности взаимосвязанных сделок, а также по иным совершенным фактам хозяйственной жизни организации).
3) Документы подтверждающие направление или вручение других лиц участвующих в деле (копии кассационных жалоб, представления и приложенных к ним документов, если они были направлены другим лицам).
4) Для кассационной жалобы - подписана лицом подающим жалобу или его представителем (прилагается доверенность или другой документ удостоверяющий полномочия представителя). Представление должно быть подписано прокурором, указанным в части третьей статьи 377 настоящего Кодекса.

Данный ответ относится к сайту https://nkodeksrf.ru/.","Гражданский кодекс Российской Федерации.pdf:page_494, Гражданский процессуальный кодекс Российской Федерации.pdf:page_137, Гражданский процессуальный кодекс Российской Федерации.pdf:page_48, Налоговый кодекс Российской Федерации.pdf:page_245, Налоговый кодекс Российской Федерации.pdf:page_348"
"Какие статьи КоАП рассматривают судьи районных судов, согласно пункту 4 статьи 23.1?"," По статьям 23.1, судьи районных судов рассматривают дела об административных правонарушениях, связанные с упразднением органов, учреждений, их структурных подразделений или территориальных органов, должностей должностного лица до внесения изменений и дополнений в КоАП или законы субъектов РФ.","Административный кодекс Российской Федерации.pdf:page_456, Административный кодекс Российской Федерации.pdf:page_459, Административный кодекс Российской Федерации.pdf:page_465, Административный кодекс Российской Федерации.pdf:page_485, Административный кодекс Российской Федерации.pdf:page_586"
Какие действия рекомендуется проводить для сопоставления расценок на эксплуатацию строительных машин и тарифов на транспортные услуги согласно ГОСТ МДС 81-9.2000?," Для сопоставления расценок на эксплуатацию строительных машин и тарифов на транспортные услуги следует применять Федеральный сборник сметных норм и расценнок на эксплуатацию строительных машин и автотранспортных средств, учитывая внесенные дополнения и изменения. Также необходимо учитывать тарифы на транспортные услуги согласно соответствующим нормативным документам.","Data1_10_10754_index.pdf:page_15, Data1_10_10754_index.pdf:page_3, Data1_10_10848_index.pdf:page_5, Data1_2_2073_index.pdf:page_1, Data1_2_2117_index.pdf:page_1"
Какова стоимость комментариев к статьям на сайте https://nkodeksrf.ru/ для организаций?, Стоимость комментариев к статьям на сайте https://nkodeksrf.ru/ для организаций не указывается. Эти комментарии предназначены для информационной поддержки и не являются обязательными расходами для организации.,"Налоговый кодекс Российской Федерации.pdf:page_1040, Налоговый кодекс Российской Федерации.pdf:page_1623, Налоговый кодекс Российской Федерации.pdf:page_438, Налоговый кодекс Российской Федерации.pdf:page_935, Налоговый кодекс Российской Федерации.pdf:page_956"
"Какие действия предпринимаются при невыполнении обязанностей по сносу самовольной постройки или ее приведению в соответствие с требованиями на земельном участке, не приобретенном иным лицом на публичных торгах?"," При невыполнении обязанностей по сносу самовольной постройки или ее приведению в соответствие с требованиями на земельном участке, не приобретенном иным лицом на публичных торгах, выполняются следующие действия:
1. Решение о сносе самовольной постройки или ее приведении в соответствие с установленными требованиями принято органом местного самоуправления (по месту нахождения самовольной постройки) или муниципальным районом (в случае, если самовольная постройка расположена на межселенной территории).
2. Затраты на выполнение работ по сносу самовольной постройки или ее приведению в соответствие с установленными требованиями определяются в соответствии с законодательством об оценочной деятельности.
3. Принудительное прекращение права постоянного (бессрочного) пользования земельным участком или права пожизненного наследуемого владения земельным участком в сроки, установленные решением о сносе самовольной постройки.","Градостроительный кодекс Российской Федерации.pdf:page_256, Гражданский кодекс Российской Федерации.pdf:page_139, Земельный кодекс Российской Федерации.pdf:page_120, Земельный кодекс Российской Федерации.pdf:page_122, Земельный кодекс Российской Федерации.pdf:page_128"
