question,answer,source,page
Какие требования устанавливаются к составу и содержанию документации по удалению затонувшего имущества?,"Требования к составу и содержанию документации по удалению затонувшего имущества, 
а также критерии оценки такой документации устанавливаются федеральным органом 
исполнительной власти в области транспорта по согласованию с федеральным органом 
исполнительной власти, осуществляющим функции по выработке государственной политики и 
нормативно-правовому регулированию в сфере изучения, использования, воспроизводства и 
охраны природных ресурсов.",Кодекс торгового мореплавания Российской Федерации.pdf,45
Какие основные показатели оценки офертов на строительство производственных объектов указаны в ГОСТ МДС 80-3.2000?,"ОСНОВНЫЕ РЕКОМЕНДАЦИИ ПО ОРГАНИЗАЦИИ РАЗРАБОТКИ УПБС ОБЪЕКТОВ
ПРОИЗВОДСТВЕННОГО СТРОИТЕЛЬСТВА
3.1.",Data1_2_2081_index.pdf,6
Какая сумма привлеченных денежных средств считается особо крупным размером?,"Деяния, предусмотренные настоящей статьей, признаются совершенными в крупном 
размере, если сумма привлеченных денежных средств (сделки с денежными средствами) превышает три 
миллиона рублей, в особо крупном размере - пять миллионов рублей.",Уголовный кодекс Российской Федерации.pdf,132
Какие трассы и сооружения должны быть показаны на схемах инженерных сетей и слаботочных линий согласно ГОСТ МДС 11-7.2000?,"На схемах инженерных сетей и слаботочных линий должны быть показаны
трассы 
водоснабжения, 
канализации, 
ливневой 
канализации, 
теплоснабжения,
газоснабжения, электроснабжения, наружного освещения, телефонизации, радиофикации и
телевидения с их основными параметрами, размещение сооружений инженерного
оборудования и дренажная сеть, а также места подключения коммуникаций к
внеплощадочным сетям и сооружениям.",Data1_1_1904_index.pdf,21
Что влечет наложение административного штрафа на должностных лиц за нарушение порядка предоставления обеспечения исполнения обязательств по оплате энергоресурсов?,"Нарушение установленного порядка предоставления обеспечения исполнения 
обязательств по оплате электрической энергии (мощности), газа, тепловой энергии 
(мощности) и (или) теплоносителя, сопряженное с неисполнением (ненадлежащим 
исполнением) обязательств по их оплате 
Нарушение потребителем электрической энергии, ограничение режима потребления электрической 
энергии которого может привести к экономическим, экологическим или социальным последствиям, 
потребителем газа, потребителем тепловой энергии либо теплоснабжающей организацией установленного 
законодательством порядка предоставления обеспечения исполнения обязательств по оплате 
электрической энергии (мощности), газа, тепловой энергии (мощности) и (или) теплоносителя, 
сопряженное с неисполнением (ненадлежащим исполнением) обязательств по их оплате в соответствии с 
установленными договорами о предоставлении указанных энергетических ресурсов сроками платежей, - 
влечет наложение административного штрафа на должностных лиц в размере от сорока тысяч до ста тысяч 
рублей или дисквалификацию на срок от двух до трех лет; на юридических лиц - от ста тысяч до трехсот 
тысяч рублей.",Административный кодекс Российской Федерации.pdf,301
Какие требования предъявляются к прочности закрепленных грунтов при однорастворной двухкомпонентной силикатизации на основе раствора силиката натрия и ортофосфорной кислоты согласно ГОСТ (к СНиП 3.02.01-83)?,Согласно главе СНиП 3.02.01-83 (разд.,Data1_11_11295_index.pdf,25
"Какова цель технического обслуживания и текущего ремонта зданий и сооружений, согласно статье 55.24, раздел 8?","Эксплуатация зданий, сооружений 
 
Статья 55.24.",Градостроительный кодекс Российской Федерации.pdf,232
Что происходит с потерями бюджета в связи с получением средств ниже расчетного объема дотации?,"Потери бюджета муниципального района (муниципального округа, городского округа, 
городского округа с внутригородским делением) в связи с получением средств по дополнительному 
нормативу отчислений от налога на доходы физических лиц ниже расчетного объема дотации",Бюджетный кодекс Российской Федерации.pdf,216
Какое решение выносится по результатам рассмотрения материалов камеральной налоговой проверки?,"Вынесение решения по результатам рассмотрения материалов налоговой 
проверки 
1.",Налоговый кодекс Российской Федерации.pdf,254
"Подлежат ли вычету суммы акциза, исчисленные по истечении 180 календарных дней с даты выпуска товаров в Калининградской области?","Вычетам подлежат суммы акциза, исчисленные по истечении 180 календарных дней с даты выпуска 
товаров в соответствии с таможенной процедурой выпуска для внутреннего потребления при завершении 
действия таможенной процедуры свободной таможенной зоны на территории Особой экономической зоны 
в Калининградской области после использования этих товаров для осуществления операций, признаваемых 
объектами налогообложения и подлежащих налогообложению в соответствии с настоящей главой.",Налоговый кодекс Российской Федерации.pdf,672
"Что означает ""особыми условиями"" в контексте сдачи в аренду земельных участков и других обособленных природных объектов?","Законом могут быть установлены особенности сдачи в аренду земельных участков и других 
обособленных природных объектов.",Гражданский кодекс Российской Федерации.pdf,284
Какие основные положения генеральной схемы расселения учитываются на последующих стадиях градостроительного проектирования? (ГОСТ МДС 11-7.2000),"Основные положения региональных схем расселения учитываются на последующих
стадиях 
градостроительного 
проектирования, 
при 
осуществлении 
органами
исполнительной власти субъектов Российской Федерации регулирования деятельности в
области расселения и территориальной организации, а также учитываются всеми
участниками градостроительной деятельности в границах проектируемого региона.",Data1_1_1904_index.pdf,7
Какие меры наказания за нарушение соглашения о недопущении конкуренции указаны в ГОСТ МДС 80-2.2000?,"ГОССТРОЙ РОССИИ
ГОСУДАРСТВЕННОЕ ПРЕДПРИЯТИЕ
ЦЕНТР НАУЧНО-МЕТОДИЧЕСКОГО ОБЕСПЕЧЕНИЯ ИНЖЕНЕРНОГО
СОПРОВОЖДЕНИЯ ИНВЕСТИЦИЙ В СТРОИТЕЛЬСТВЕ
ГП «ЦЕНТРИНВЕСТпроект»
ИСПОЛЬЗОВАНИЕ КОНКУРЕНЦИИ
МЕЖДУ РАБОТНИКАМИ
ПРОЕКТНОЙ ОРГАНИЗАЦИИ
ДЛЯ ВЫЖИВАНИЯ НА РЫНКЕ
МДС 80-2.2000
Руководство для директора
МОСКВА 1998
Даются общие положения по организации внутренней конкуренции в проектной
организации, рассматриваются методы содействия развитию конкуренции и
практические вопросы организации внутренней конкуренции для различных уровней
управления.",Data1_10_10872_index.pdf,1
"Какие органы имеют право рассматривать дела об административных правонарушениях, предусмотренных статьей 15.12.1 КоАП РФ?","При рассмотрении дела об административном правонарушении: 
1) объявляется, кто рассматривает дело, какое дело подлежит рассмотрению, кто и на основании какого 
закона привлекается к административной ответственности; 
2) устанавливается факт явки физического лица, или законного представителя физического лица, или 
законного представителя юридического лица, в отношении которых ведется производство по делу об 
административном правонарушении, за исключением случаев, предусмотренных частью 3 статьи 28.6 
настоящего Кодекса, а также иных лиц, участвующих в рассмотрении дела;",Административный кодекс Российской Федерации.pdf,575
"Какие требования к стальным конструкциям установлены СНиП II-23-81*, изд. 1990 г.?","и ГОСТ 11024-84*                  Бетонные и железобетонные конструкции
СНиП II-23-81*, изд.",Data1_10_10865_index.pdf,30
Какое максимальное число баллов по показателю 'цена' рекомендуется устанавливать согласно ГОСТ МДС 80-3.2000?,"Если у заказчика на строительство объектов основным критерием оценки
оферт является цена, то максимальное число баллов по этому показателю
рекомендуется устанавливать в размере до 800 баллов.",Data1_10_10869_index.pdf,4
"Как производится усыновление ребенка иностранными гражданами или лицами без гражданства, состоящими в браке с гражданами Российской Федерации?","Усыновление 
(удочерение) 
на 
территории 
Российской 
Федерации 
иностранными 
гражданами или лицами без гражданства, состоящими в браке с гражданами Российской 
Федерации, детей, являющихся гражданами Российской Федерации, производится в порядке, 
установленном настоящим Кодексом для граждан Российской Федерации, если иное не 
предусмотрено международным договором Российской Федерации.",Семейный кодекс Российской Федерации.pdf,52
Что такое коллективный трудовой спор?,"При согласии сторон коллективного трудового спора о рассмотрении коллективного трудового спора с 
участием посредника заключается соответствующее соглашение, после чего стороны коллективного 
трудового спора обязаны в срок не более двух рабочих дней согласовать кандидатуру посредника.",Трудовой кодекс Российской Федерации.pdf,247
Какие процедуры могут предшествовать заключению трудового договора с руководителем организации?,"Трудовым законодательством и иными нормативными правовыми актами, содержащими нормы 
трудового права, или учредительными документами организации могут быть установлены процедуры, 
предшествующие заключению трудового договора с руководителем организации (проведение конкурса, 
избрание или назначение на должность и другое).",Трудовой кодекс Российской Федерации.pdf,160
"Как исчисляются ввозные таможенные пошлины, налоги, специальные, антидемпинговые, компенсационные пошлины при помещении продуктов переработки под таможенную процедуру выпуска для внутреннего потребления?","При помещении продуктов переработки под таможенную процедуру выпуска для 
внутреннего потребления ввозные таможенные пошлины исчисляются исходя из стоимости 
операций по переработке вне таможенной территории Союза.",Таможенный кодекс Евразийского экономического союза.pdf,204
Что такое государственная собственность в Российской Федерации?,"Комментарии к статьям на сайте 
https://ktmrf.ru/ 
 
 
 
экипажа 
(бербоут-чартеру) 
юридическими 
лицами, 
зарегистрированными 
в 
свободных 
экономических зонах, созданных в соответствии с законодательством Российской Федерации, при 
государственной регистрации таких судов в морских портах Российской Федерации, включенных в 
перечень морских портов, утвержденный Правительством Российской Федерации; 
7) суда, используемые на морской линии, и суда, используемые для буксировки в каботаже 
(при условии, что продолжительность рейса между заходами в морские порты составляет не более 
двадцати четырех часов), принадлежащие на праве собственности гражданам Российской 
Федерации, юридическим лицам, зарегистрированным в соответствии с законодательством 
Российской Федерации, Российской Федерации, субъектам Российской Федерации или 
зафрахтованные ими по договорам фрахтования судна без экипажа (бербоут-чартеру); 
8) суда, используемые для хранения и перевалки нефти, нефтепродуктов и сжиженного 
природного газа в морских портах Российской Федерации, при условии, что возраст этих судов на 
дату подачи заявления о государственной регистрации не превышает двадцать лет.",Кодекс торгового мореплавания Российской Федерации.pdf,18
"Какие требования предъявляются к материалам утепления опорных контуров согласно ГОСТ 9573-82, ГОСТ 20916-87, ГОСТ 15588-86?","В качестве таких материалов могут применяться жесткие и полужесткие минераловатные плиты по ГОСТ
9573-82, плиты теплоизоляционные из пенопласта по ГОСТ 20916-87, плиты полистирольные типа ПСБ-С с
антипиреном по ГОСТ 15588-86.",Data1_10_10846_index.pdf,8
Кто одобрил Методические рекомендации по разработке технической части тендерной документации и оферты претендента?,"Рекомендации содержат общий методический подход к разработке технической части тендерной
документации и оферты.",Data1_10_10865_index.pdf,1
"Что грозит за непредставление или несвоевременное представление сведений, предусмотренных антимонопольным законодательством Российской Федерации?","Непредставление или несвоевременное представление в федеральный антимонопольный орган, его 
территориальный орган сведений (информации), предусмотренных антимонопольным законодательством 
Российской Федерации, в том числе непредставление сведений (информации) по требованию указанных 
органов, за исключением случаев, предусмотренных частями 3, 4 и 7 настоящей статьи, а равно 
представление в федеральный антимонопольный орган, его территориальный орган заведомо 
недостоверных сведений (информации), за исключением случаев, предусмотренных частью 8 настоящей 
статьи - 
влечет наложение административного штрафа на граждан в размере от одной тысячи пятисот до двух 
тысяч пятисот рублей; на должностных лиц - от десяти тысяч до пятнадцати тысяч рублей; на юридических 
лиц - от пятидесяти тысяч до пятисот тысяч рублей.",Административный кодекс Российской Федерации.pdf,410
"Какие участки трубопроводов подлежат замене, согласно ГОСТ МДС 13-18.2000?","Программа «Ресурс-2» позволяет с высокой точностью выявлять отдельные участки
тепловых сетей, которые подлежат немедленной замене.",Data1_10_10852_index.pdf,15
Какие правила и инструкции издает федеральный орган исполнительной власти в области рыболовства?,"Федеральный орган исполнительной власти в области рыболовства в соответствии с 
международными договорами Российской Федерации, настоящим Кодексом, другими законами и 
иными правовыми актами Российской Федерации издает в пределах своей компетенции 
обязательные для исполнения организациями, а также гражданами, деятельность которых связана с 
использованием судов рыбопромыслового флота, правила, инструкции и иные акты, содержащие 
нормы права, регулирующие отношения, возникающие в связи с рыболовством.",Кодекс торгового мореплавания Российской Федерации.pdf,3
Какие примеры нематериальных активов приведены в тексте?,"Суммы налога, подлежащие восстановлению в соответствии с настоящим подпунктом, не включаются в 
стоимость товаров (работ, услуг), в том числе основных средств, нематериальных активов, имущественных 
прав, а учитываются единовременно в составе прочих расходов в соответствии со статьей 264 настоящего 
Кодекса.",Налоговый кодекс Российской Федерации.pdf,508
Как компенсируется ущерб Исполнителю в случае несвоевременной оплаты или необоснованного отказа от оплаты выполненных работ в ГОСТ МДС 11-11.2000?,"Работодатель полностью компенсирует Исполнителю ущерб, понесенный из-за
несвоевременной оплаты или необоснованного отказа от оплаты выполненных работ, а
также в случае задержки сроков выполнения работ по вине Работодателя.",Data1_10_10858_index.pdf,10
Какие способы уплаты государственной пошлины предусмотрены согласно ГОСТ МДС 81-23.2000?,"Накладные расходы (по МДС 81-
4.99, МДС 81-5.99)
 
 
 
7.",Data1_10_10754_index.pdf,24
Какие данные об инвентарном номере и каталожном листе должны быть указаны в форме 5?,"В заявлении могут быть также указаны номера телефонов, факсов, адреса электронной почты и иные 
сведения о сторонах третейского разбирательства.",Гражданский процессуальный кодекс Российской Федерации.pdf,181
Что такое заключение под стражу?,"При избрании меры пресечения в виде заключения 
под стражу в постановлении судьи должны быть указаны конкретные, фактические обстоятельства, на 
основании которых судья принял такое решение.",Уголовно-процессуальный кодекс Российской Федерации.pdf,76
"Как долго может длиться процедура отбора лучшего предложения, согласно ГОСТ МДС 11-11.2000?","11; другие характеристики закрепленных грунтов определяют согласно действующим нормам и пособиям
(руководствам) на изыскания и проектирование оснований и фундаментов сооружений и соответствующим ГОСТам.",Data1_11_11295_index.pdf,26
Что происходит с патентной пошлиной после отзыва заявления об открытой лицензии?,"Федеральный орган исполнительной власти по селекционным достижениям публикует в официальном 
бюллетене сведения об отзыве заявления об открытой лицензии.",Гражданский кодекс Российской Федерации.pdf,608
Какие объекты могут быть оценены с помощью УПБС согласно СНиПу?,"ЗНАЧЕНИЯ КОЭФФИЦИЕНТА ЗАПАСА kз
(согласно СНиП 23-05-95)
№
п.п.",Data1_10_10846_index.pdf,33
Какая площадь бетоносмесителей должна быть предусмотрена согласно ГОСТ МДС-80-8.2000?,"МИНСТРОЙ РОССИИ
МЕТОДИЧЕСКИЕ РЕКОМЕНДАЦИИ
ПО ПРОЦЕДУРЕ ПОДРЯДНЫХ ТОРГОВ
МДС 80-6.2000
МОСКВА 1997
РАЗРАБОТАНЫ АО «ЦНИИпроект» (канд.",Data1_10_10866_index.pdf,1
Как определяются затраты на получение исходных данных и согласования по проектным решениям согласно МДС 81-30.2002?,"Затраты, 
связанные 
с 
получением 
заказчиком 
и 
проектной
организацией исходных данных, технических условий на проектирование и
проведение необходимых согласований по проектным решениям.",Data1_10_10848_index.pdf,8
Какие административные правонарушения относятся к категории нарушений законодательства об охране здоровья граждан?,"Задачи законодательства об административных правонарушениях 
Задачами законодательства об административных правонарушениях являются защита личности, охрана 
прав и свобод человека и гражданина, охрана здоровья граждан, санитарно-эпидемиологического 
благополучия населения, защита общественной нравственности, охрана окружающей среды, 
установленного порядка осуществления государственной власти, общественного порядка и общественной 
безопасности, собственности, защита законных экономических интересов физических и юридических лиц, 
общества и государства от административных правонарушений, а также предупреждение 
административных правонарушений.",Административный кодекс Российской Федерации.pdf,0
Как согласно СНиП 3.01.03-84 устанавливаются анкерные блоки и закладные детали?,"При наличии в фундаменте анкерных блоков, арматурных выпусков и
закладных деталей их установку производят по микрообноске.",Data1_11_11285_index.pdf,31
Какой телефон указан для бесплатной юридическая консультации в регионах России?,"Бесплатная юридическая консультация по телефонам: 
• 8 (499) 938-53-71 (Москва и МО); 
 
• 8 (812) 467-95-28 (Санкт-Петербург и ЛО); 
• 8 (800) 301-92-12 (Регионы РФ).",Административный кодекс Российской Федерации.pdf,347
В каких условиях содержатся осужденные к аресту?,Осужденные к аресту содержатся в условиях строгой изоляции.,Уголовно-исполнительный кодекс Российской Федерации.pdf,37
В каких случаях таможенный орган отказывает в выпуске товаров при предварительном декларировании?,"Законодательством государств-членов о таможенном регулировании может быть 
предусмотрено, что таможенный орган отказывает в выпуске товаров, если в отношении 
декларанта возбуждено дело о банкротстве.",Таможенный кодекс Евразийского экономического союза.pdf,141
Что такое процессуальное решение по определению статьи 33?,"Определение суда первой инстанции, подлежащее обжалованию, вступает в законную силу по 
истечении срока подачи частной жалобы, если такая жалоба не была подана, а в случае ее подачи 
после рассмотрения судом такой жалобы в апелляционном порядке при условии, что обжалуемое 
определение не будет отменено.",Кодекс административного судопроизводства Российской Федерации.pdf,106
Что означает знак 5.22?,"Применяется со знаками 1.22, 5.19.1, 5.19.2 и светофорами.",ПДД Российской Федерации.pdf,49
"Какие требования ГОСТ или СНиП регулируют проектирование кладбища площадью до 0,5 га?","-
12,25
 
Кладбище площадью, га
га
 
 
9.",Data1_11_11835_index.pdf,15
Какие ГОСТы или СНиПы регламентируют расчет затрат на эксплуатацию строительных машин?,"Расчет стоимости затрат на строительные машины осуществляется:
в базисном уровне - по Сборнику сметных норм и расценок на эксплуатацию строительных машин (СНиП 4.03-91);
в текущем (прогнозном) уровне - на основе информации о текущих (прогнозных) ценах на эксплуатацию
строительных машин.",Data1_2_2117_index.pdf,2
Какие требования МДС 14-13.2000 предъявляет к площади прочих помещений?,"Площади полов в м2
№
п/п
Наименование площади
помещений
В одноэтажной части
В многоэтажной части
Всего
1
Торцовая шашка
 
 
 
2
Бетонные
 
 
 
3
Гранитная брусчатка
 
 
 
4
Чугунные, стальные
 
 
 
5
Асфальтовые
 
 
 
6
Цементные
 
 
 
7
Мозаичные
 
 
 
8
Из метлахской плитки
 
 
 
9
Ксилолитовые
 
 
 
10
Паркетные
 
 
 
11
Дощатые
 
 
 
12
Линолеумные
 
 
 
13
Наливные безшовные
 
 
 
14
Из плитки ПХВ
 
 
 
15
Прочие
 
 
 
Размеры наружных поверхностей ограждающих конструкций
1.",Data1_1_1879_index.pdf,15
Какие преступления относятся к уголовным делам частного обвинения?,"К иным причинам относится 
также случай совершения преступления лицом, данные о котором не известны.",Уголовно-процессуальный кодекс Российской Федерации.pdf,12
Что должно содержать пояснительная записка к схеме районной планировки? (ГОСТ МДС 11-7.2000),"Пояснительная записка к схеме районной планировки должна содержать
обоснования предложений и решений, перечисленных в пп.",Data1_1_1904_index.pdf,9
Какие министерства и ведомства утверждают ценники на медицинское оборудование согласно ГОСТ МДС 81-8.2000?,"Сметная прибыль (по МДС 81-
25.2001)
 
 
 
8.",Data1_10_10754_index.pdf,24
Какие разделы включены в проектные работы для трибун с подтрибунными помещениями согласно СНиП?,"Трибуна железобетонная (западная) с подтрибунными помещениями от 3000 до
5000 мест
трибуна
163,38
-
2.",Data1_11_11835_index.pdf,7
Какой метод следует использовать для измерения крена зданий и сооружений сложной геометрической формы в СНиП 3.01.03-84?,"Для измерения крена зданий и сооружений сложной геометрической формы
следует использовать метод измерения горизонтальных направлений с двух постоянно
закрепленных опорных знаков, расположенных на взаимно перпендикулярных
направлениях (по отношению к зданию, сооружению).",Data1_11_11285_index.pdf,75
Какие операции включаются в управление остатками средств на едином счете бюджета территориального внебюджетного фонда?,"В сводную бюджетную роспись включаются бюджетные ассигнования по источникам 
финансирования дефицита бюджета, кроме операций по управлению остатками средств на едином 
счете бюджета и операций по управлению средствами Фонда национального благосостояния.",Бюджетный кодекс Российской Федерации.pdf,314
Что включается в состав обосновывающих материалов к сводному расчету затрат российских организаций в смешанных ценах?,"Копии сводных смет в смешанных ценах и сводных сметных расчетов во внутренних (базисных) ценах Российской Федерации по объекту-
аналогу, расчеты поправок и другие расчеты включаются в состав обосновывающих материалов к сводному расчету затрат российских
организаций в смешанных ценах.",Data1_2_2069_index.pdf,9
Какое определение выносит суд о замене ненадлежащего административного ответчика?,"О замене ненадлежащего административного ответчика надлежащим или о привлечении к 
участию в деле другого надлежащего административного ответчика суд выносит определение.",Кодекс административного судопроизводства Российской Федерации.pdf,26
"Что происходит, если представляемый одобряет сделку, заключенную неуполномоченным лицом?","Заключение сделки неуполномоченным лицом 
1.",Гражданский кодекс Российской Федерации.pdf,117
Как устанавливаются порядок и формы внесения авансовых платежей?,"Порядок и формы внесения авансовых платежей устанавливаются законодательством 
государств-членов.",Таможенный кодекс Евразийского экономического союза.pdf,49
"Что происходит с правом применения тарифов страховых взносов, если организация не выполняет условия, установленные пунктом 12?","В случае, если по итогам расчетного (отчетного) периода применительно к указанному периоду 
организация не выполняет условия, установленные настоящим пунктом, такая организация лишается права 
применять пониженные тарифы страховых взносов, предусмотренные подпунктом 3 пункта 2 настоящей 
статьи, с начала расчетного периода, в котором допущено несоответствие условиям, указанным в 
настоящем пункте.",Налоговый кодекс Российской Федерации.pdf,1641
"Какие административные правонарушения рассматривает федеральный орган исполнительной власти, осуществляющий федеральный государственный карантинный фитосанитарный надзор, государственный надзор в области безопасного обращения с пестицидами и агрохимикатами и государственный земельный надзор (в отношении использования и охраны земель сельскохозяйственного назначения)?","Федеральный орган исполнительной власти, осуществляющий федеральный 
государственный карантинный фитосанитарный надзор, государственный надзор в 
области 
безопасного 
обращения 
с 
пестицидами 
и 
агрохимикатами 
и 
государственный земельный надзор (в отношении использования и охраны земель 
сельскохозяйственного назначения) 
1.",Административный кодекс Российской Федерации.pdf,469
Какой телефон доступен для бесплатной юридической консультации в регионах России?,"Бесплатная юридическая консультация по телефонам: 
• 8 (499) 938-53-84 (Москва и МО); 
 
• 8 (812) 467-95-33 (Санкт-Петербург и ЛО); 
• 8 (800) 301-79-07 (Регионы РФ).",Бюджетный кодекс Российской Федерации.pdf,264
Какие сведения должен содержать опросник согласно ГОСТ МДС 80-5.2000?,"ГОССТРОЙ РОССИИ
МЕТОДИЧЕСКИЕ РЕКОМЕНДАЦИИ
ПО ПРОВЕДЕНИЮ
ПРЕДВАРИТЕЛЬНОЙ КВАЛИФИКАЦИИ
ПРЕТЕНДЕНТОВ НА УЧАСТИЕ
В ПОДРЯДНЫХ ТОРГАХ
МДС 80-5.2000
МОСКВА 1999
РАЗРАБОТАНЫ АО ЦНИИпроект (канд.",Data1_10_10867_index.pdf,1
Кто утверждает форму заявления о включении в перечень организаций розничной торговли?,"Форма заявления о включении в перечень организаций розничной торговли, указанный в абзаце первом 
настоящего пункта, порядок рассмотрения заявления о включении организации розничной торговли в 
указанный перечень и порядок исключения организации розничной торговли из указанного перечня 
утверждаются федеральным органом исполнительной власти, осуществляющим функции по выработке 
государственной политики и нормативно-правовому регулированию в области развития внешней и 
внутренней торговли.",Налоговый кодекс Российской Федерации.pdf,500
Какой порядок уведомления лица о проведении проверки таможенных документов и сведений после выпуска товаров?,"Законодательством 
государств-членов 
о 
таможенном 
регулировании 
могут 
устанавливаться случаи проведения проверки таможенных, иных документов и (или) сведений в 
отношении таможенной декларации, документов, подтверждающих сведения, заявленные в 
таможенной декларации, сведений, заявленных в таможенной декларации и (или) содержащихся в 
представленных таможенным органам документах, начатой после выпуска товаров, и порядок 
уведомления лица о проведении такой формы таможенного контроля.",Таможенный кодекс Евразийского экономического союза.pdf,396
"Какая стоимость содержания рабочих, занятых на выполнении строительно-монтажных работ, включая механизаторов, указана в смете № 4.1 согласно ГОСТ МДС 81-21.2000?","Содержание российских специалистов, командируемых за границу
4.1
Смета №
Стоимость содержания рабочих, занятых
на выполнении строительно-монтажных
работ, включая механизаторов
+
+
+
+
-
-
4.2
Смета №
Стоимость содержания рабочих
подсобных производств, обслуживающих
и прочих хозяйств, включая работников
автотранспорта
+
+
+
+
-
-
4.3
Смета №
Стоимость содержания персонала для
осуществления шефмонтажа
оборудования
+
+
+
+
+
+
4.4
Смета №
Стоимость содержания
административно-управленческого
персонала (АУП) и линейно-
производственного персонала (ЛПП)
российской строительно-монтажной
организации
+
+
+
+
-
-
4.5
Смета №
Стоимость содержания персонала
коммерческо-юридической группы
российского заказчика
+
+
-
-
+
+",Data1_2_2069_index.pdf,16
В какие сроки должны быть устранены нарушения и сообщено об этом в суд?,"В случае принятия решения суда против нескольких административных ответчиков суд 
указывает, каким образом подлежат устранению нарушения, допущенные в отношении 
административного истца, и кем из административных ответчиков должны быть устранены такие 
нарушения.",Кодекс административного судопроизводства Российской Федерации.pdf,97
"В каких случаях трудовой договор прекращается, если невозможно перевести работника с его письменного согласия на другую имеющуюся у работодателя работу?","В случаях, предусмотренных частью первой настоящей статьи, трудовой договор прекращается, если 
невозможно перевести работника с его письменного согласия на другую имеющуюся у работодателя 
работу (как вакантную должность или работу, соответствующую квалификации работника, так и вакантную",Трудовой кодекс Российской Федерации.pdf,60
Кто должен направлять информацию о региональных и местных налогах в территориальные органы федерального органа исполнительной власти?,"Информация и копии законов, иных нормативных правовых актов об установлении, изменении и 
прекращении действия региональных и местных налогов направляются органами государственной власти 
субъектов Российской Федерации, органами местного самоуправления, органами публичной власти 
федеральной территории ""Сириус"" в территориальные органы федерального органа исполнительной 
власти, уполномоченного по контролю и надзору в области налогов и сборов, по соответствующему 
субъекту Российской Федерации и финансовые органы соответствующих субъектов Российской Федерации.",Налоговый кодекс Российской Федерации.pdf,23
Какие требования к неравномерности естественного освещения приведены в ГОСТ МДС 31-8.2002?,"ЦЕНТРАЛЬНЫЙ НАУЧНО-ИССЛЕДОВАТЕЛЬСКИЙ
И ПРОЕКТНО-ЭКСПЕРИМЕНТАЛЬНЫЙ ИНСТИТУТ
ПРОМЫШЛЕННЫХ ЗДАНИЙ И СООРУЖЕНИЙ
ОАО «ЦНИИПРОМЗДАНИЙ»
РЕКОМЕНДАЦИИ
ПО ПРОЕКТИРОВАНИЮ
И УСТРОЙСТВУ ФОНАРЕЙ
ДЛЯ ЕСТЕСТВЕННОГО
ОСВЕЩЕНИЯ ПОМЕЩЕНИЙ
МДС 31-8.2002
Москва 2002
Рекомендованы к изданию решением Секции строительных конструкций зданий Научно-технического
совета ОАО «ЦНИИпромзданий» 10 июля 2002 г.",Data1_10_10846_index.pdf,1
Какое Положение о применении финансовых санкций Государственной жилищной инспекцией содержится в МДС 17-13.2000?,"электромеханиками, а также записей
о проведенной работе в журнале
«Приемка-сдача смен»
д) контролировать проведение
технических осмотров и ремонтов
лифтов работниками
специализированных организаций в
установленные сроки
ПОЛОЖЕНИЕ
о применении финансовых санкций Государственной жилищной инспекцией
1.",Data1_10_10861_index.pdf,36
Какие объекты не могут быть построены в границах зон затопления и подтопления?,"Зоны затопления, подтопления устанавливаются, изменяются в отношении территорий, 
подверженных негативному воздействию вод и не обеспеченных сооружениями и (или) методами",Водный кодекс Российской Федерации.pdf,40
Что такое транспортное средство и какие виды транспортных средств существуют?,"Особенности аренды отдельных видов транспортных средств 
Транспортными уставами и кодексами могут быть установлены иные, помимо предусмотренных 
настоящим параграфом, особенности аренды отдельных видов транспортных средств с предоставлением 
услуг по управлению и технической эксплуатации.",Гражданский кодекс Российской Федерации.pdf,293
Какие особенности содержания дирекции при сооружении объектов за счет государственных централизованных капитальных вложений? (ГОСТ не указан),"Средства на содержание дирекции при сооружении объектов за счет
государственных централизованных капитальных вложений предусматриваются в сводном
сметном расчете стоимости строительства на весь период строительства в соответствии с
нормами его продолжительности и могут расходоваться в этих пределах.",Data1_1_1804_index.pdf,10
Какие исключения существуют для применения ГЭСН?,"Применение разных индексов пересчета в текущие цены от цен 2000 года для
ТЕРм и для ФЕРм, пересчитанных в цены какого-либо региона, не допускается.",Data1_10_10754_index.pdf,18
"Какие условные однотипные обозначения и краски должны применяться для изображения элементов, повторяющихся на различных чертежах, согласно ГОСТ МДС 11-7.2000?","Для изображения элементов, повторяющихся на различных чертежах, применяются
условные однотипные обозначения и краски, как правило, прозрачные, не закрывающие
топографо-геодезической подосновы; графические материалы должны выполняться с
учетом наглядного восприятия проектных предложений.",Data1_1_1904_index.pdf,27
Какие сроки давности привлечения к административной ответственности предусмотрены за нарушение законодательства о государственном регулировании деятельности по организации и проведению азартных игр?,"Нарушение установленных законодательством Российской Федерации о 
государственном регулировании деятельности по организации и проведению 
азартных игр, о лотереях, о деятельности иностранных лиц в сети ""Интернет"" на 
территории Российской Федерации ограничений переводов денежных средств и 
приема платежей либо запрета на заключение договора 
1.",Административный кодекс Российской Федерации.pdf,352
Как формируется перечень внутренних водных путей?,"Перечень внутренних водных путей включает в себя перечень внутренних водных путей 
федерального значения и перечень внутренних водных путей регионального значения.",Кодекс внутреннего водного транспорта Российской Федерации.pdf,6
Какие объекты органов государственной власти и управления исключаются из графиков временного отключения электрической энергии согласно ГОСТ МДС 13-19.2001?,"Объекты органов государственной власти и управления; медицинские
учреждения и учреждения социального обеспечения; организации связи.",Data1_10_10853_index.pdf,4
Что входит в правовое регулирование трудовых отношений по подготовке и дополнительному профессиональному образованию работников?,"Права и обязанности работодателя по подготовке и дополнительному 
профессиональному образованию работников, по направлению работников на 
прохождение независимой оценки квалификации 
Необходимость подготовки работников (профессиональное образование и профессиональное обучение) и 
дополнительного профессионального образования, а также направления работников на прохождение 
независимой оценки квалификации для собственных нужд определяет работодатель.",Трудовой кодекс Российской Федерации.pdf,111
Какие работы следует провести для влажной уборки помещения чердака согласно ГОСТ МДС 13-18.2000?,"В зданиях с теплым чердаком следует осуществлять влажную уборку помещения
чердака с очисткой сеток на выпуске воздуха из вентиляционных оголовков.",Data1_10_10852_index.pdf,25
"Что означает возможность таможенного декларирования товаров, незаконно перемещенных через таможенную границу Союза?","Комментарии к статьям на сайте 
https://tkeaes.ru/ 
 
 
 
перемещены через таможенную границу Союза 
Законодательством 
государств-членов 
о 
таможенном 
регулировании 
может 
быть 
установлена возможность таможенного декларирования, совершения иных таможенных операций и 
уплаты таможенных пошлин, налогов, специальных, антидемпинговых, компенсационных пошлин 
в отношении товаров, которые незаконно перемещены через таможенную границу Союза либо 
выпуск которых не произведен таможенными органами в соответствии с настоящим Кодексом, что 
повлекло за собой неуплату таможенных пошлин, налогов или несоблюдение запретов и 
ограничений, мер защиты внутреннего рынка, и которые обнаружены таможенными органами у 
лиц, приобретших эти товары на таможенной территории Союза.",Таможенный кодекс Евразийского экономического союза.pdf,90
Какие услуги включены в пункт 4 перечня продукции и услуг проектного института согласно ГОСТ МДС 11-11.2000?,"ГРОЗНОМ ЧЕЧЕНСКОЙ РЕСПУБЛИКИ
МДС 11-6.2000
Москва 1995
Временная инструкция разработана акционерным обществом открытого типа -
институт «Ростовский Промстройниипроект» (инженеры В.",Data1_10_10859_index.pdf,1
"Какие действия должен предпринять специалист, если ему известно, что коллега недостаточно профессионально образован, ответственен и не имеет достаточных навыков и практического опыта для выполнения соответствующих функций, работ или услуг согласно ГОСТ?","Специалист обязан отказать в ходатайстве или выдаче положительной
характеристики заинтересованному лицу - коллеге, если последний известен данному
специалисту 
в 
качестве 
недостаточно 
профессионально 
образованного,
ответственного, не имеющего достаточных навыков и практического опыта для
выполнения соответствующих функций, работ или услуг.",Data1_10_10851_index.pdf,6
Что допускается без согласия автора или иного правообладателя и без выплаты вознаграждения в целях создания пародий и карикатур?,"Создание произведения в жанре литературной, музыкальной или иной пародии либо в жанре 
карикатуры на основе другого (оригинального) правомерно обнародованного произведения и 
использование этих пародий либо карикатуры допускаются без согласия автора или иного обладателя 
исключительного права на оригинальное произведение и без выплаты ему вознаграждения.",Гражданский кодекс Российской Федерации.pdf,529
Какие материалы используются для гидроизоляции полов рубероидом согласно СНиП?,"Для трубопроводов, прокладываемых в технических подпольях, подвалах, чердачных
помещениях, группы горючести теплоизоляционных материалов следует применять по
СНиП 2.04.05-86.",Data1_10_10852_index.pdf,19
Какой вид исправительного учреждения и режим должны быть определены подсудимому при назначении ему наказания в виде лишения свободы?,"Если подсудимому предъявлено обвинение по нескольким статьям уголовного закона, то в 
резолютивной части приговора должно быть точно указано, по каким из них подсудимый оправдан и по 
каким осужден.",Уголовно-процессуальный кодекс Российской Федерации.pdf,197
"Какие расходы по услугам, оказываемым Торгпредством Российской Федерации в стране пребывания, учитываются в период пребывания за границей?","1
2
3
4
5
6
 
 
ПЕРИОД ПРЕБЫВАНИЯ ЗА ГРАНИЦЕЙ
 
 
 
12
Расчет №Суточные за время пребывания за границей
-
+
+
13
Расчет №Квартирные за время пребывания за границей
-
+
+
14
Расчет №Заработная плата за время пребывания за
границей
+
-
+
15
Расчет №Страховые 
взносы 
в 
фонды 
Российской
Федерации 
(Пенсионный 
фонд, 
Фонд
социального 
страхования, 
Государственный
фонд 
занятости 
населения, 
фонды
обязательного медицинского страхования) по
пункту 14
+
-
+
16
Расчет №Расходы по найму автотранспорта
-
+
+
17
Расчет №Расходы по проезду железной дорогой или
автотранспортом в стране пребывания
-
+
+
18
Расчет №Расходы 
по 
услугам, 
оказываемым
Торгпредством Российской Федерации в стране
пребывания
-
+
+
 
 
Итого:
+
+
+
 
 
ВОЗВРАЩЕНИЕ В МОСКВУ
 
 
 
19
Расчет №Проезд из страны пребывания в Москву
-
+
+
20
Расчет №Суточные за время нахождения в пути после
пересечения государственной границы
+
-
+
21
Расчет №Заработная плата за время нахождения в пути
после пересечения государственной границы
+
-
+
22
Расчет №Проезд 
в 
Москве 
от 
аэропорта 
или
железнодорожной станции
+
-
+
23
Расчет №Страховые 
взносы 
в 
фонды 
Российской
Федерации 
(Пенсионный 
фонд, 
Фонд
социального 
страхования, 
Государственный
фонд 
занятости 
населения, 
фонды
обязательного медицинского страхования) по
пункту 21
+
-
+
 
 
Итого:
+
+
+
 
 
ВОЗВРАЩЕНИЕ ИНОГОРОДНИХ
СПЕЦИАЛИСТОВ ОТ МОСКВЫ ДО
ПОСТОЯННОГО МЕСТА ЖИТЕЛЬСТВА
 
 
 
24
Расчет №Проезд от Москвы до постоянного места
жительства
+
-
+
25
Расчет №
Заработная плата за время нахождения в
Москве и в пути до постоянного места
жительства
+
-
+
26
Расчет №Суточные за время нахождения в Москве и в
пути
+
-
+
27
Расчет №Квартирные за время нахождения в Москве
+
-
+
28
Расчет №
Страховые 
взносы 
в 
фонды 
Российской
Федерации 
(Пенсионный 
фонд, 
Фонд
социального 
страхования, 
Государственный
фонд 
занятости 
населения, 
фонды
обязательного медицинского страхования) по
пункту 25
+
-
+
 
 
Итого:
+
-
+
 
 
Всего по смете:
+
+
+
Составил _____________________________________________________________
должность, подпись (инициалы, фамилия)
Проверил _____________________________________________________________
должность, подпись (инициалы, фамилия)
Примечание: 1.",Data1_2_2082_index.pdf,23
Какие работы по смене ветхих венцов бревенчатых или брусчатых стен (до 20% общей поверхности стен) описаны в ГОСТ МДС 14-13.2000?,Смена ветхих венцов бревенчатых или брусчатых стен (до 20 % общей поверхности стен).,Data1_1_1879_index.pdf,27
Какие действия может дознаватель обжаловать?,"Действия (бездействие) и решения дознавателя, начальника подразделения дознания, начальника 
органа дознания, органа дознания, следователя, руководителя следственного органа, прокурора и суда 
могут быть обжалованы в установленном настоящим Кодексом порядке участниками уголовного 
судопроизводства, а также иными лицами в той части, в которой производимые процессуальные действия 
и принимаемые процессуальные решения затрагивают их интересы.",Уголовно-процессуальный кодекс Российской Федерации.pdf,89
На какие территории разрабатывается региональная схема расселения? (ГОСТ МДС 11-7.2000),"СИСТЕМА НОРМАТИВНЫХ ДОКУМЕНТОВ В СТРОИТЕЛЬСТВЕ
РУКОВОДЯЩИЙ ДОКУМЕНТ
ИНСТРУКЦИЯ
о составе, порядке разработки, согласования и утверждения
градостроительной документации
МДС 11-7.2000
Государственный комитет Российской Федерации
по вопросам архитектуры и строительства
(Госстрой России)
СОДЕРЖАНИЕ
1.",Data1_1_1904_index.pdf,1
Какие расходы на питание работников учитывается при определении объекта налогообложения?,"При переходе налогоплательщика с объекта налогообложения в виде доходов на объект 
налогообложения в виде доходов, уменьшенных на величину расходов, расходы, относящиеся к 
налоговым периодам, в которых применялся объект налогообложения в виде доходов, при исчислении 
налоговой базы не учитываются.",Налоговый кодекс Российской Федерации.pdf,1508
Какие виды технического обслуживания и ремонта предусмотрены для железнодорожных кранов?,"Настоящие типовые нормы содержат сводные данные из эксплуатационной и ремонтной документации о
видах технического обслуживания и ремонта, периодичности их проведения для каждого вида и типа кранов.",Data1_10_10855_index.pdf,2
"Какая ответственность возлагается на лицо, выпустившее бездокументарную ценную бумагу, и лицо, осуществляющее учет прав на такие ценные бумаги, за убытки, причиненные в результате нарушения порядка учета прав?","Лицо, выпустившее бездокументарную ценную бумагу, и лицо, осуществляющее по его поручению учет 
прав на такие ценные бумаги, несут солидарную ответственность за убытки, причиненные в результате 
нарушения порядка учета прав, порядка совершения операций по счетам, утраты учетных данных, 
предоставления недостоверной информации об учетных данных, если не докажут, что нарушение имело 
место вследствие непреодолимой силы.",Гражданский кодекс Российской Федерации.pdf,98
Какой индекс изменения стоимости СМР был в Кировской области в IV кв. 1992 г. по сравнению с базисным уровнем на 01.01.91 согласно МДС 81-9.2000?,"Регионы
Индексы цен по сравнению с базисным
уровнем на 01.01.91
Изменение стоимости
СМР (гр.",Data1_2_2075_index.pdf,12
Какой разряд зрительной работы установлен для помещений для работы с видеоматериалами согласно ГОСТ МДС 31-8.2002?,"ЦЕНТРАЛЬНЫЙ НАУЧНО-ИССЛЕДОВАТЕЛЬСКИЙ
И ПРОЕКТНО-ЭКСПЕРИМЕНТАЛЬНЫЙ ИНСТИТУТ
ПРОМЫШЛЕННЫХ ЗДАНИЙ И СООРУЖЕНИЙ
ОАО «ЦНИИПРОМЗДАНИЙ»
РЕКОМЕНДАЦИИ
ПО ПРОЕКТИРОВАНИЮ
И УСТРОЙСТВУ ФОНАРЕЙ
ДЛЯ ЕСТЕСТВЕННОГО
ОСВЕЩЕНИЯ ПОМЕЩЕНИЙ
МДС 31-8.2002
Москва 2002
Рекомендованы к изданию решением Секции строительных конструкций зданий Научно-технического
совета ОАО «ЦНИИпромзданий» 10 июля 2002 г.",Data1_10_10846_index.pdf,1
Какие показатели включены в информацию о канализации согласно ГОСТ МДС 11-7.2000?,"Объем включенных в опросник показателей предварительной квалификации, его состав, содержание и
формы представления информации разрабатываются тендерным комитетом в зависимости от предмета торгов.",Data1_10_10867_index.pdf,1
Как расширяется набор основных и вспомогательных помещений в физкультурно-оздоровительных сооружениях согласно МДС 35-7.2000?,"Мезенцева
РЕКОМЕНДАЦИИ
ПО ПРОЕКТИРОВАНИЮ
ОКРУЖАЮЩЕЙ СРЕДЫ, ЗДАНИЙ И СООРУЖЕНИЙ
С УЧЕТОМ ПОТРЕБНОСТЕЙ ИНВАЛИДОВ И ДРУГИХ
МАЛОМОБИЛЬНЫХ ГРУПП НАСЕЛЕНИЯ
МДС 35-7.2000
Выпуск 13
ОБЩЕСТВЕННЫЕ ЗДАНИЯ И СООРУЖЕНИЯ.",Data1_10_10847_index.pdf,1
Какие меры принимаются для обеспечения контроля за использованием и сохранностью жилищного фонда?,"Жилищные права могут быть ограничены на основании федерального закона и только в той мере, в 
какой это необходимо в целях защиты основ конституционного строя, нравственности, здоровья, прав и 
законных интересов других лиц, обеспечения обороны страны и безопасности государства.",Жилищный кодекс Российской Федерации.pdf,0
Какие меры поощрения могут применять начальники отрядов?,"Начальники отрядов имеют право применять следующие меры поощрения: 
а) благодарность; 
б) разрешение дополнительно расходовать деньги на покупку продуктов питания и 
предметов первой необходимости; 
в) досрочное снятие взыскания, ранее наложенного начальником отряда.",Уголовно-исполнительный кодекс Российской Федерации.pdf,69
"Когда подлежит исполнению обязанность по уплате ввозных таможенных пошлин, налогов при единовременной уплате?","Обязанность по уплате ввозных таможенных пошлин, налогов в отношении товаров, 
помещаемых (помещенных) под таможенную процедуру временного ввоза (допуска) с частичной 
уплатой ввозных таможенных пошлин, налогов, подлежит исполнению (ввозные таможенные 
пошлины, налоги подлежат уплате): 
1) при единовременной уплате ввозных таможенных пошлин, налогов либо при уплате 
первой части суммы ввозных таможенных пошлин, налогов при периодической уплате ввозных 
таможенных пошлин, налогов - до выпуска товаров в соответствии с таможенной процедурой 
временного ввоза (допуска); 
2) при уплате второй и последующих частей суммы ввозных таможенных пошлин, налогов 
при периодической уплате ввозных таможенных пошлин, налогов - до начала периода, за который 
производится уплата очередной части суммы ввозных таможенных пошлин, налогов.",Таможенный кодекс Евразийского экономического союза.pdf,265
"Какая номенклатура используется для составления сводного расчета затрат российских организаций в смешанных ценах, согласно ГОСТ МДС 81-21.2000?","МИНИСТЕРСТВО СТРОИТЕЛЬСТВА РОССИЙСКОЙ ФЕДЕРАЦИИ
(МИНСТРОЙ РОССИИ)
 
МЕТОДИЧЕСКИЕ РЕКОМЕНДАЦИИ
ПО РАСЧЕТУ ИНДЕКСОВ ЦЕН
НА СТРОИТЕЛЬНУЮ ПРОДУКЦИЮ
ДЛЯ ПОДРЯДНЫХ СТРОИТЕЛЬНО-МОНТАЖНЫХ
ОРГАНИЗАЦИЙ
 
МДС 81-14.2000
 
(приняты и введены в действие письмом
Минстроя РФ от 13 ноября 1996 г.",Data1_2_2117_index.pdf,1
Какие знаки предназначены для заложения в капитальные сооружения в Приложении 5 к СНиП 3.01.03-84?,"металлических колонн соответственно 6 и 3 м; 5, 6 - для шага железобетонных колонн соответственно 6 и
3 м
ПРИЛОЖЕНИЕ 5
ТИПЫ ПОСТОЯННЫХ ЗНАКОВ ВНЕШНЕЙ РАЗБИВОЧНОЙ СЕТИ ЗДАНИЯ
(СООРУЖЕНИЯ)
а, б - для зоны сезонного промерзания; в - для зоны глубинного промерзания; г - для заложения в
капитальные сооружения; д - для заложения в бетонные покрытия; 1 - пластина 200 × 200 мм; 2 - наплыв
от сварки; 3 - труба диаметром 50 - 70 мм; 4 - якорь, 5 - зона промерзания грунтов; 6 - рельс; 7 - скважина
под бур; 8 - свая; 9 - сферическая поверхность
ПРИЛОЖЕНИЕ 6
НОРМЫ ТЕХНИЧЕСКОГО ОБЕСПЕЧЕНИЯ СТРОИТЕЛЬНО-МОНТАЖНЫХ
ОРГАНИЗАЦИЙ ДЛЯ ПРОИЗВОДСТВА ГЕОДЕЗИЧЕСКИХ РАБОТ (ПРИМЕР)",Data1_11_11285_index.pdf,81
Какие затраты учитываются при использовании метода оценки на основе сложения стоимости согласно статье 23?,"МЕТОД НА ОСНОВЕ СЛОЖЕНИЯ СТОИМОСТИ
При использовании метода оценки на основе сложения стоимости в качестве основы для
определения таможенной стоимости товара принимается цена товара, рассчитанная путем сложения:
а) стоимости материалов и издержек, понесенных изготовителем в связи с производством
оцениваемого товара;
б) общих затрат, характерных для продажи в Российскую Федерацию из страны вывоза товаров
того же вида, в том числе расходов на транспортировку, погрузочные и разгрузочные работы,
страхование до места пересечения таможенной границы Российской Федерации и иных затрат;
в) прибыли, обычно получаемой экспортером в результате поставки в Российскую Федерацию
таких товаров.",Data1_2_2082_index.pdf,21
На каких условиях товарищество собственников жилья может получить кредиты от банков?,"Комментарии к статьям на сайте 
https://jkodeksrf.ru/ 
 
 
 
 
5) пользоваться предоставляемыми банками кредитами в порядке и на условиях, которые предусмотрены 
законодательством; 
6) передавать по договору материальные и денежные средства лицам, выполняющим для товарищества 
работы и предоставляющим товариществу услуги; 
7) продавать и передавать во временное пользование, обменивать имущество, принадлежащее 
товариществу.",Жилищный кодекс Российской Федерации.pdf,105
"Как должна соответствовать номенклатура оборудования и видов работ, включаемая в сборники РСН, номенклатуре сборников расценок на монтаж оборудования (СНиП 4.06-91)?","Номенклатура оборудования и видов работ, включаемая в сборники РСН,
должна, как правило, соответствовать номенклатуре сборников расценок на монтаж
оборудования (СНиП 4.06-91).",Data1_2_2073_index.pdf,1
Какие действия могут быть совершены бесплатно при государственной регистрации актов гражданского состояния для физических лиц?,"Государственная регистрация заключения брака производится в порядке, установленном 
для государственной регистрации актов гражданского состояния.",Семейный кодекс Российской Федерации.pdf,2
Какие услуги включены в пункт 1 перечня продукции и услуг проектного института согласно ГОСТ МДС 11-11.2000?,"ГРОЗНОМ ЧЕЧЕНСКОЙ РЕСПУБЛИКИ
МДС 11-6.2000
Москва 1995
Временная инструкция разработана акционерным обществом открытого типа -
институт «Ростовский Промстройниипроект» (инженеры В.",Data1_10_10859_index.pdf,1
"Какие документы необходимы для возмещения суммы акциза, уплаченной при вывозе подакцизных товаров за пределы территории Российской Федерации?","При вывозе нефтепродуктов в таможенной процедуре экспорта (реэкспорта) в железнодорожных цистернах 
для подтверждения вывоза товаров за пределы территории Российской Федерации налогоплательщиком в 
налоговые органы представляются копии транспортных, товаросопроводительных и (или) иных документов, 
подтверждающих вывоз нефтепродуктов за пределы территории Российской Федерации.",Налоговый кодекс Российской Федерации.pdf,655
Что должно быть предусмотрено на площадке для детей от 2 до 4-5 лет согласно МДС 35-7.2000?,Площадка для детей от 2 до 4 - 5 лет.,Data1_10_10847_index.pdf,12
Что включает в себя лицензионный договор о предоставлении права использования произведения?,"Лицензионный договор о предоставлении права использования произведения 
1.",Гражданский кодекс Российской Федерации.pdf,534
Какова максимальная из средних скоростей ветра по румбам за январь в г. Дружина согласно документу МДС 31-8.2002?,* v - максимальная из средних скоростей ветра по румбам за январь.,Data1_10_10846_index.pdf,16
С какого момента начинаются сроки выпуска товаров при предварительном таможенном декларировании?,"При совершении в соответствии с пунктом 1 настоящей статьи таможенных операций, 
связанных с таможенным декларированием товаров, лица, указанные в подпунктах 1 - 3 пункта 1 
статьи 83 настоящего Кодекса, обязаны совершить таможенные операции, связанные с 
помещением товаров на временное хранение в соответствии с главой 16 настоящего Кодекса, в 
течение 3 часов с момента получения: 
1) разрешения таможенного органа на отзыв таможенной декларации в соответствии со 
статьей 113 настоящего Кодекса; 
2) решения таможенного органа о приостановлении срока выпуска товаров в соответствии 
со статьей 124 настоящего Кодекса; 
3) отказа в выпуске товаров в соответствии со статьей 125 настоящего Кодекса.",Таможенный кодекс Евразийского экономического союза.pdf,176
Какие коэффициенты применяются при демонтаже сборных железобетонных и бетонных конструкций?,"При отсутствии в сборниках ГЭСН необходимых сметных норм на демонтаж
(разборку) конструкций зданий и сооружений, внутренних санитарно-технических
устройств и наружных сетей, затраты на демонтаж должны определяться по
соответствующим нормам сборников ГЭСН с применением к нормам затрат труда
рабочих-строителей машинистов и нормам времени эксплуатации машин и
механизмов, следующих коэффициентов:
а) при демонтаже сборных железобетонных и бетонных конструкций - 0,8 (нормы
расходов материальных ресурсов не учитываются);
б) то же, сборных деревянных конструкций - 0,8 (нормы расходов материальных
ресурсов не учитываются);
в) 
то 
же, 
внутренних 
санитарно-технических 
устройств 
(водопровода,
канализации, 
водостоков, 
отопления, 
вентиляции) 
- 
0,4 
(нормы 
расходов
материальных ресурсов не учитываются);
г) то же, наружных сетей водопровода, канализации, теплоснабжения и
газоснабжения - 0,6 (нормы расходов материальных ресурсов не учитываются);
д) то же, металлических конструкций:
0,6 - к затратам труда рабочих-строителей;
0,7 - ко времени эксплуатации машин в т.ч.",Data1_10_10062_index.pdf,5
Какие технические задания предусмотрены в Методических рекомендациях по определению сметной стоимости строительства на базе показателей на отдельные виды работ (ПВР) согласно ГОСТ МДС 81-10.2000?,"ГОСУДАРСТВЕННЫЙ КОМИТЕТ РОССИЙСКОЙ ФЕДЕРАЦИИ
ПО ВОПРОСАМ АРХИТЕКТУРЫ И СТРОИТЕЛЬСТВА
(ГОССТРОЙ РОССИИ)
МЕТОДИЧЕСКИЕ РЕКОМЕНДАЦИИ
по определению сметной стоимости строительства
на базе показателей на отдельные виды работ (ПВР)
МДС 81-10.2000
Москва 1993
СОДЕРЖАНИЕ
1.",Data1_2_2076_index.pdf,1
"Как устраняются неплотности в резьбовых соединениях, согласно ГОСТ МДС 13-18.2000?","МИНСТРОЙ РОССИИ
МЕТОДИЧЕСКИЕ РЕКОМЕНДАЦИИ
ПО ПРОЦЕДУРЕ ПОДРЯДНЫХ ТОРГОВ
МДС 80-6.2000
МОСКВА 1997
РАЗРАБОТАНЫ АО «ЦНИИпроект» (канд.",Data1_10_10866_index.pdf,1
Какие меры следует принять для предотвращения увлажнения и промерзания цоколя согласно ГОСТ МДС 13-18.2000?,"Ослабление
крепления выступающих
деталей (карнизов,
балконов, поясков,
кронштейнов, розеток, тяг и
др.)
Не допускается
При появлении нарушений
следует принять охранные
меры по предотвращению
несчастных случаев.",Data1_10_10861_index.pdf,16
Какие размеры шкафчиков для хранения одежды должны быть в пределах досягаемости инвалидами согласно ГОСТ МДС 35-7.2000?,"Шкафчики для хранения
одежды должны быть в пределах досягаемости инвалидами разного возраста - от 300
до 1100 мм от пола.",Data1_10_10847_index.pdf,33
"Какие требования предъявляются к местным источникам отопления (печи, АГВ, ВНИИСТО и др.) согласно ГОСТ МДС 13-18.2000?","6
Входные двери и подъезды, оконные заполнения на лестничных
клетках и в квартирах (дата и номер акта сдачи)
 
 
7
Доводчики на входных дверях и лестничных клетках и
запирающие устройства (дата и номер акта сдачи)
 
 
8
Техподполье, подвальные помещения, состояние продухов,
установка регулируемых решеток, изоляция трубопроводов
Входные двери и другие работы по приведению в соответствие с
требованиями «Правил безопасности в газовом хозяйстве» (дата
и номер акта сдачи), ограждения приямков в подвалах и ЦТП
 
 
9
Внутридомовая система отопления (указать дату и номер акта
сдачи теплоснабжающей организации)
 
 
10
Помещение и оборудование местного теплового узла
 
 
11
Централизованный источник теплоснабжения (ЦТП, газ и
угольная котельная)
 
 
12
Местные источники отопления (печи, АГВ, ВНИИСТО и др.)
 
 
13
Водопроводно-канализационная 
система 
(исправность,
утепленность, дата и номер акта сдачи)
 
 
14
Электрохозяйство (дата и номер акта сдачи)
 
 
15
Дымоходы, вентиляционные каналы (дата и номер акта)
 
 
16
Отмостки.",Data1_10_10852_index.pdf,37
"Какие требования предъявляет ГОСТ к качеству железобетонных изделий, используемых в строительстве?","Современные строительные нормы и правила предъявляют высокие требования к микроклимату в
помещениях зданий и сооружений.",Data1_10_10846_index.pdf,2
Какие действия предполагаются при устранении отдельных свищей в стенах проходных каналах и заделке отдельных выпадающих кирпичей согласно ГОСТ МДС 14-13.2000?,"Устранение отдельных свищей в стенах проходных каналах и заделка отдельных выпадающих
кирпичей.",Data1_1_1879_index.pdf,21
"Что означает передача товаров подрядчику (субподрядчику) или иному лицу, которые будут осуществлять строительные и (или) монтажные подрядные работы на территории свободного склада?","Допускается передача товаров, помещенных под таможенную процедуру свободного 
склада, и (или) товаров, изготовленных (полученных) из товаров, помещенных под таможенную 
процедуру свободного склада, без завершения действия таможенной процедуры свободного склада 
во владение и (или) пользование: 
1) подрядчику (субподрядчику) или иному лицу, которые будут осуществлять строительные 
и (или) монтажные подрядные работы на территории свободного склада;",Таможенный кодекс Евразийского экономического союза.pdf,245
Какие методы уравнивания геодезических сетей существуют согласно СНиП 3.01.03-84?,Точность разбивки назначается по СНиП 3.01.03-84 (табл.,Data1_11_11285_index.pdf,17
Что такое код главного администратора доходов бюджета?,"Код классификации доходов бюджетов Российской Федерации состоит из: 
1) кода главного администратора доходов бюджета; 
2) кода вида доходов; 
3) кода подвида доходов; 
4) утратил силу.",Бюджетный кодекс Российской Федерации.pdf,16
Как сравнивается сумма резерва по сомнительным долгам с суммой остатка резерва?,"Сумма резерва по сомнительным долгам, исчисленного на отчетную дату по правилам, установленным 
пунктом 4 настоящей статьи, сравнивается с суммой остатка резерва, который определяется как разница 
между суммой резерва, исчисленного на предыдущую отчетную дату по правилам, установленным пунктом 
4 настоящей статьи, и суммой безнадежных долгов, возникших после предыдущей отчетной даты.",Налоговый кодекс Российской Федерации.pdf,989
"Что происходит с юридическими лицами, созданными в результате реорганизации, если они недобросовестно способствовали принятию решения о реорганизации?","Комментарии к статьям на сайте 
https://gkodeksrf.ru/ 
  
 
недобросовестно способствовавшими принятию решения о реорганизации, отвечают юридические лица, 
созданные в результате реорганизации на основании указанного решения.",Гражданский кодекс Российской Федерации.pdf,32
Какую ответственность несет саморегулируемая организация по обязательствам своих членов в рамках компенсационного фонда обеспечения договорных обязательств?,"Саморегулируемая организация в пределах средств компенсационного фонда обеспечения договорных 
обязательств несет субсидиарную ответственность по обязательствам своих членов в случаях, 
предусмотренных статьей 60.1 настоящего Кодекса.",Градостроительный кодекс Российской Федерации.pdf,213
Какие значения указаны в столбце 'Остановочные пункты и павильоны' для обычных трамвайных линий в таблице 37 согласно СНиП?,"ПРИЛОЖЕНИЕ 3
ТЕМПЕРАТУРА НАРУЖНОГО ВОЗДУХА И СКОРОСТЬ ВЕТРА В ГЕОГРАФИЧЕСКИХ ПУНКТАХ
РОССИИ
(согласно СНиП 23-01-99)",Data1_10_10846_index.pdf,21
Что определяет порядок укомплектования буксируемого объекта экипажем?,"Порядок 
укомплектования буксируемого объекта экипажем или проводниками определяется соглашением 
сторон, если иное не предусмотрено правилами буксировки.",Кодекс внутреннего водного транспорта Российской Федерации.pdf,52
Что такое ответственные хранители и заемщики материальных ценностей?,"При реализации материальных ценностей, приобретенных ответственными хранителями и заемщиками 
материальных ценностей государственного материального резерва при выпуске материальных ценностей 
из государственного материального резерва в связи с их освежением, заменой и в порядке заимствования в 
соответствии с Федеральным законом от 29 декабря 1994 года N 79-ФЗ ""О государственном материальном 
резерве"", налоговая база определяется как положительная разница между ценой реализуемых 
материальных ценностей, определяемой в соответствии со статьей 105.3 настоящего Кодекса, с учетом 
налога и ценой приобретения указанных материальных ценностей.",Налоговый кодекс Российской Федерации.pdf,435
Какое основание для проектирования должно быть указано в задании согласно ГОСТ МДС 11-7.2000?,"11; другие характеристики закрепленных грунтов определяют согласно действующим нормам и пособиям
(руководствам) на изыскания и проектирование оснований и фундаментов сооружений и соответствующим ГОСТам.",Data1_11_11295_index.pdf,26
"Какие сведения о местоположении, площади и границах территории комплексного развития должны быть включены в договор?","Условиями соглашения являются: 
1) сведения о границах территории (в том числе кадастровые номера земельных участков (при наличии), их 
площадь, местоположение, перечень расположенных на них объектов недвижимого имущества), в 
отношении которой предполагается осуществление комплексного развития территории по инициативе 
правообладателей;",Градостроительный кодекс Российской Федерации.pdf,307
Что вправе совершать представитель иностранного государства от имени представляемого им иностранного государства?,"Представитель иностранного государства вправе совершать от имени представляемого им иностранного 
государства все процессуальные действия, за исключением действий, указанных в части четвертой 
настоящей статьи, если иное не предусмотрено в доверенности или ином соответствующем документе, 
выданном представляемым иностранным государством.",Гражданский процессуальный кодекс Российской Федерации.pdf,172
"Какой документ должен быть утвержден при согласовании затрат российских организаций в смешанных ценах, согласно ГОСТ МДС 81-21.2000?","При отсутствии
утвержденных 
ГЭСН 
допускается 
использование 
иных 
нормативных
документов Госстроя России, утвержденных в установленном порядке.",Data1_10_10848_index.pdf,3
Можно ли применять территориальные единичные расценки других регионов на территории субъекта Российской Федерации?,"Применение территориальных единичных расценок других регионов на территории
субъекта Российской Федерации не допускается.",Data1_10_10754_index.pdf,14
Какие права переходят к страховщику при страховании имущества в полной стоимости?,"В указанных случаях к страховщику переходят: 
все права на застрахованное имущество при страховании имущества в полной стоимости; 
права на долю застрахованного имущества пропорционально отношению страховой суммы 
к страховой стоимости при страховании имущества не в полной стоимости.",Кодекс торгового мореплавания Российской Федерации.pdf,88
Какова пеня за несвоевременное внесение платы за пользование водным объектом?,"Пеня начисляется за каждый календарный день 
просрочки исполнения обязанности по внесению водопользователем платы за пользование водным 
объектом начиная со следующего за определенным в договоре водопользования днем внесения 
платы за пользование водным объектом.",Водный кодекс Российской Федерации.pdf,10
Какова минимальная высота гидроизоляции на фундаменте относительно уровня отмостки согласно СНиП 2.04.02-84?,"Слой гидроизоляции на
фундаменте должен быть
ниже уровня отмостки.",Data1_10_10861_index.pdf,15
Как определяются расходы на изготовление или приобретение материалов и расходы на производство?,"При определении таможенной стоимости ввозимых товаров в соответствии с настоящей 
статьей в качестве основы принимается расчетная стоимость товаров, которая определяется путем 
сложения: 
1) расходов на изготовление или приобретение материалов и расходов на производство, а 
также на иные операции, связанные с производством оцениваемых товаров; 
2) суммы прибыли и общих расходов (коммерческих и управленческих расходов), 
эквивалентной той величине, которая обычно учитывается при продажах товаров того же класса 
или вида, что и оцениваемые товары, в стране, в которой товары были проданы для вывоза на 
таможенную территорию Союза; 
3) расходов, указанных в подпунктах 4 -6 пункта 1 статьи 40 настоящего Кодекса.",Таможенный кодекс Евразийского экономического союза.pdf,45
Какие технологии геодезических выверок и контроля строительно-монтажных работ разрабатываются согласно СНиП 3.01.03-84?,"Пособие по производству геодезических работ в строительстве (к СНиП 3.01.03-84) /
ЦНИИОМТП.",Data1_11_11285_index.pdf,1
Как определяется количество исходного раствора закрепляющего реагента для приготовления раствора рабочей концентрации согласно ГОСТ (к СНиП 3.02.01-83)?,Согласно главе СНиП 3.02.01-83 (разд.,Data1_11_11295_index.pdf,25
Какие меры следует предпринять при недогреве или непрогреве отдельных отопительных приборов согласно СНиП 2.08.01-85?,"Работы, связанные
с ремонтом или заменой отдельных
элементов в период подготовки
здания к эксплуатации в зимний
период
ПН-5-8
СНиП
2.08.01-
85
Недогрев или
непрогрев отдельных
стояков системы,
температура воды,
выходящей из стояка,
ниже расчетной по
графику
качественного
регулирования
То же
Регулировка или замена крана,
устранение воздушных пробок
ПН-5-8
СНиП
2.08.01-
85
Недогрев или
непрогрев отдельных
отопительных
приборов,
температура воды,
выходящей из стояка,
ниже расчетной по
графику
качественного
регулирования
То же
Устранение засоров приборов
контруклонов, мешков и горбов на
подводках; разборка и проверка
соединений сгонов и труб с кранами
ПН-5-8
СНиП
2.08.01-
85
Недостаточная
теплоотдача
отдельного
нагревательного
прибора, температура
воды, выходящей из
стояка, ниже
расчетной по графику
качественного
регулирования
То же
Устранить повреждения или
заменить отопительные приборы
(снятие ребер конвектора, выбитых
ребер ребристых труб).",Data1_10_10861_index.pdf,30
"Какой штраф налагается на должностных лиц за непредставление информации для ведения реестра владельцев ценных бумаг хозяйственным обществом, имеющим стратегическое значение для оборонно-промышленного комплекса и безопасности Российской Федерации?","Непредставление хозяйственным обществом, имеющим стратегическое значение для оборонно-
промышленного комплекса и безопасности Российской Федерации, или обществом, находящимся под 
прямым или косвенным контролем указанного хозяйственного общества, информации, необходимой для 
ведения реестра владельцев ценных бумаг таких обществ лицом, имеющим лицензию на осуществление 
деятельности по ведению реестра владельцев ценных бумаг и соответствующим требованиям, 
установленным Федеральным законом от 21 июля 2014 года N 213-ФЗ ""Об открытии банковских счетов и 
аккредитивов, о заключении договоров банковского вклада, договора на ведение реестра владельцев 
ценных бумаг хозяйственными обществами, имеющими стратегическое значение для оборонно-
промышленного комплекса и безопасности Российской Федерации, и внесении изменений в отдельные 
законодательные акты Российской Федерации"", - 
влечет наложение административного штрафа на должностных лиц в размере от тридцати тысяч до 
пятидесяти тысяч рублей или дисквалификацию на срок от одного года до двух лет; на юридических лиц - 
от семисот тысяч до одного миллиона рублей.",Административный кодекс Российской Федерации.pdf,321
"Какие доходы по договорам займа, привлеченным для финансирования добычи углеводородного сырья, включаются в налоговую базу?","Комментарии к статьям на сайте
https://nkodeksrf.ru/
углеводородного сырья, и организацией - оператором указанного нового морского месторождения 
углеводородного сырья; 
5) доход от реализации амортизируемого имущества, ранее непосредственно использовавшегося при 
осуществлении деятельности, связанной с добычей углеводородного сырья на новом морском 
месторождении углеводородного сырья, определяемый в соответствии со статьей 249 настоящего Кодекса; 
6) доходы в виде процентов, полученных по договорам займа, в случае, если соответствующие заемные 
средства были предоставлены налогоплательщику, указанному в пункте 1 статьи 275.2 настоящего Кодекса, 
для финансирования деятельности, связанной с добычей углеводородного сырья на новом морском 
месторождении углеводородного сырья, в отношении которого определяется налоговая база; 
7) доходы в виде сумм кредиторской задолженности по займам, кредитам и другим долговым 
обязательствам (включая задолженность по уплате процентов), списанной в связи с прощением долга либо 
по иным основаниям, если соответствующие заемные средства были привлечены для финансирования 
деятельности, связанной с добычей углеводородного сырья на новом морском месторождении 
углеводородного сырья; 
8) доходы от сдачи имущества (включая земельные участки) в аренду (субаренду), предусмотренные 
пунктом 4 части второй статьи 250 настоящего Кодекса, по договорам, заключенным между 
налогоплательщиками, указанными в пункте 1 статьи 275.2 настоящего Кодекса, осуществляющими 
деятельность, связанную с добычей углеводородного сырья на новом морском месторождении 
углеводородного сырья, в отношении одного и того же месторождения при условии, что указанное 
имущество использовалось в отчетном (налоговом) периоде при осуществлении деятельности, связанной с 
добычей углеводородного сырья на указанном новом морском месторождении углеводородного сырья; 
9) доходы в виде положительной курсовой разницы, возникающей от переоценки требований 
(обязательств), за исключением переоценки выданных (полученных) авансов, включая задолженность по 
уплате процентов, если соответствующие требования (обязательства) возникли в связи с осуществлением 
деятельности, связанной с добычей углеводородного сырья на новом морском месторождении 
углеводородного сырья.",Налоговый кодекс Российской Федерации.pdf,1158
Что происходит с неправильно удержанными суммами за причиненный материальный ущерб?,"Неправильно удержанные суммы за причиненный материальный ущерб подлежат 
возврату осужденному с зачислением на его лицевой счет.",Уголовно-исполнительный кодекс Российской Федерации.pdf,61
Какие работы по земляному полотну подъездных и внутризаводских железнодорожных путей предусмотрены в ГОСТ МДС 14-13.2000?,"Подъездные и внутризаводские железнодорожные пути
а) Земляное полотно
1.",Data1_1_1879_index.pdf,30
Какие условия освобождают от уголовной ответственности за участие в подготовке террористического акта?,"Лицо, участвовавшее в подготовке террористического акта, освобождается от уголовной 
ответственности, если оно своевременным предупреждением органов власти или иным способом 
способствовало предотвращению осуществления террористического акта и если в действиях этого лица не 
содержится иного состава преступления.",Уголовный кодекс Российской Федерации.pdf,145
По состоянию на какую дату включены законодательные акты по налогообложению в пособие по учету налогов в сметной документации на строительство?,"В данное пособие включены законодательные акты по налогообложению, действующие на территории
Российской Федерации по состоянию на 1 мая 1994 г.",Data1_2_2070_index.pdf,1
В какие сроки должно быть составлено мотивированное решение суда по делу о публичном мероприятии?,"Если по окончании судебного разбирательства по 
административному делу об оспаривании решения, действия (бездействия) органа, организации, 
лица, наделенных государственными или иными публичными полномочиями, связанному с 
проведением 
публичного 
мероприятия 
(собрания, 
митинга, 
демонстрации, 
шествия, 
пикетирования), в судебном заседании объявлена только резолютивная часть решения суда, 
мотивированное решение суда об отказе в удовлетворении соответствующего административного 
иска должно быть составлено судом в день принятия данного решения в возможно короткие сроки 
после окончания судебного заседания.",Кодекс административного судопроизводства Российской Федерации.pdf,124
"Какие основные нормативные требования по использованию, содержанию и ремонту жилищного фонда приведены в МДС 17-13.2000?","ПАМФИЛОВА)
МЕТОДИЧЕСКИЕ РЕКОМЕНДАЦИИ
ПО ЛИКВИДАЦИИ НАРУШЕНИЙ
В СОДЕРЖАНИИ И ИСПОЛЬЗОВАНИИ
ЖИЛИЩНОГО ФОНДА
И ПРИДОМОВЫХ ТЕРРИТОРИЙ
МДС 13-17.2000
УТВЕРЖДЕНЫ
приказом директора Департамента
жилищно-коммунального хозяйства
Министерства строительства Российской Федерации
29 марта 1995 г.",Data1_10_10861_index.pdf,1
"Какая сумма налогового вычета применяется, если организация реализует проекты по созданию новых производственных мощностей по переработке этана и сжиженных углеводородных газов?","При добыче нефти на участках недр, расположенных полностью или частично в границах Иркутской 
области, налогоплательщиком, реализующим (в том числе через прямое участие в дочернем 
хозяйственном обществе, непосредственно реализующем проект) по состоянию на 1 января 2021 года в 
Иркутской области проект по созданию новых производственных мощностей по переработке этана и (или) 
сжиженных углеводородных газов в товары, являющиеся продукцией нефтехимии, сумма налогового 
вычета за налоговый период (
), выраженная в миллионах рублей, определяется в совокупности 
по указанным в настоящем пункте участкам недр и принимается равной 5000 миллионов рублей, но не 
более суммы исчисленного налога за соответствующий налоговый период.",Налоговый кодекс Российской Федерации.pdf,1457
В каких случаях разрабатываются ФЕРм на монтажные работы с применением импортных машин и материалов?,"ФЕРм на монтажные работы, выполняемые с применением импортных
строительных машин и с использованием импортных строительных материалов,
разрабатываются только в тех случаях, когда применяемые импортные машины и
материалы не имеют аналогов отечественного производства.",Data1_10_10754_index.pdf,18
"Что означает, что семена и племенной материал не явно отличаются от охраняемых сортов или пород?","Исключительное право на селекционное достижение распространяется также на семена, племенной 
материал, которые: 
существенным образом наследуют признаки других охраняемых (исходных) сорта растений или породы 
животных, если эти охраняемые сорт или порода сами не являются селекционными достижениями, 
существенным образом наследующими признаки других селекционных достижений; 
не явно отличаются от охраняемых сорта растений или породы животных; 
требуют неоднократного использования охраняемого сорта растений для производства семян.",Гражданский кодекс Российской Федерации.pdf,604
"Какие гарантии предоставляются работнику, усыновившему ребенка, в отношении отпусков?","Отпуска работникам, усыновившим ребенка 
Работникам, усыновившим ребенка, предоставляется отпуск на период со дня усыновления и до истечения 
70 календарных дней со дня рождения усыновленного ребенка, а при одновременном усыновлении двух и 
более детей - 110 календарных дней со дня их рождения.",Трудовой кодекс Российской Федерации.pdf,154
Какие требования к диспетчерской связи с теплоснабжающей организацией должны быть указаны в технических условиях согласно СНиП?,"Должны быть указаны СНиП и ГОСТ для учета
их требований при проектировании конкретного раздела проекта и при выполнении работ.",Data1_10_10865_index.pdf,21
Какой штраф предусмотрен за нарушение порядка рассмотрения жалоб на нарушение порядка предоставления государственной или муниципальной услуги?,"Нарушение должностным лицом, наделенным полномочиями по рассмотрению жалоб на нарушение 
порядка предоставления государственной или муниципальной услуги, порядка или сроков рассмотрения 
жалобы либо незаконный отказ или уклонение указанного должностного лица от принятия ее к 
рассмотрению - 
влечет наложение административного штрафа в размере от двадцати тысяч до тридцати тысяч рублей.",Административный кодекс Российской Федерации.pdf,55
Какие работы по герметизации швов предусмотрены в соответствии с ГОСТ МДС 13-18.2000?,"Накладные расходы (графы 2 и 3) рассчитываются по нормам по
видам работ в соответствии с Методическими указаниями по определению величины
накладных расходов в строительстве (МДС 81-4.99, МДС 81-5.99).",Data1_10_10754_index.pdf,18
Что регулирует Глава 24.1?,"N 200-ФЗ (ЛК РФ) (с изменениями и 
дополнениями) 
 
Принят Государственной Думой 8 ноября 2006 года 
Одобрен Советом Федерации 24 ноября 2006 года 
Глава 1.",Лесной кодекс Российской Федерации.pdf,0
"В каких случаях таможенный орган не направляет уведомление о неуплаченных суммах таможенных пошлин, налогов?","В случае неисполнения или ненадлежащего исполнения обязанности по уплате 
таможенных пошлин, налогов таможенный орган в порядке и сроки, которые устанавливаются 
законодательством государств-членов, направляет плательщику таможенных пошлин, налогов, а 
также лицам, которые в соответствии с настоящим Кодексом несут с плательщиком таможенных 
пошлин, налогов солидарную обязанность по уплате таможенных пошлин, налогов или, если это 
предусмотрено законодательством государств-членов, - субсидиарную обязанность по уплате 
таможенных пошлин, налогов, уведомление о не уплаченных в установленный срок суммах 
таможенных пошлин, налогов, за исключением случаев, предусмотренных пунктом 4 настоящей 
статьи, и случаев, установленных законодательством государств-членов в соответствии с пунктом 5 
настоящей статьи.",Таможенный кодекс Евразийского экономического союза.pdf,55
Какие положения Кодекса применяются при приватизации государственного и муниципального имущества?,"При приватизации государственного и муниципального имущества предусмотренные настоящим Кодексом 
положения, регулирующие порядок приобретения и прекращения права собственности, применяются, 
если законами о приватизации не предусмотрено иное.",Гражданский кодекс Российской Федерации.pdf,129
Что происходит при неисполнении обязанности по уплате налога?,"Арест имущества производится в случае неисполнения налогоплательщиком-организацией в установленные 
сроки обязанности по уплате налога, пеней и штрафов и при наличии у налоговых или таможенных органов 
достаточных оснований полагать, что указанное лицо предпримет меры, чтобы скрыться либо скрыть свое 
имущество.",Налоговый кодекс Российской Федерации.pdf,182
"Какие дополнительные требования предъявляются к некоммерческой организации, если члены подают заявления о намерении принимать участие в заключении договоров подряда на подготовку проектной документации?","В случае, если не менее чем пятнадцать членов некоммерческой организации, указанной в части 1 
настоящей статьи, подали в саморегулируемую организацию заявления о намерении принимать участие в 
заключении договоров подряда на выполнение инженерных изысканий, на подготовку проектной 
документации с использованием конкурентных способов заключения договоров, такая некоммерческая 
организация на основании заявлений указанных членов по решению ее постоянно действующего 
коллегиального органа управления обязана дополнительно сформировать компенсационный фонд 
обеспечения договорных обязательств.",Градостроительный кодекс Российской Федерации.pdf,194
Какие образовательные программы могут быть реализованы без налогообложения?,Отказ в заключении трудового договора может быть обжалован в суд.,Трудовой кодекс Российской Федерации.pdf,44
В каких сферах коллективного управления может быть получена государственная аккредитация?,"Государственная аккредитация на осуществление деятельности в каждой из сфер коллективного 
управления, указанных в пункте 1 настоящей статьи, может быть получена только одной организацией по 
управлению правами на коллективной основе.",Гражданский кодекс Российской Федерации.pdf,507
Какая площадь монтажа элементов (сборных) с/без зимней защиты должна быть предусмотрена согласно ГОСТ МДС-80-8.2000?,"м2
 
Монтаж элементов (сборных) с/без зимней защиты
..................",Data1_10_10865_index.pdf,29
Какой разряд зрительной работы установлен для кабинетов обслуживающих видов труда согласно ГОСТ МДС 31-8.2002?,"ЦЕНТРАЛЬНЫЙ НАУЧНО-ИССЛЕДОВАТЕЛЬСКИЙ
И ПРОЕКТНО-ЭКСПЕРИМЕНТАЛЬНЫЙ ИНСТИТУТ
ПРОМЫШЛЕННЫХ ЗДАНИЙ И СООРУЖЕНИЙ
ОАО «ЦНИИПРОМЗДАНИЙ»
РЕКОМЕНДАЦИИ
ПО ПРОЕКТИРОВАНИЮ
И УСТРОЙСТВУ ФОНАРЕЙ
ДЛЯ ЕСТЕСТВЕННОГО
ОСВЕЩЕНИЯ ПОМЕЩЕНИЙ
МДС 31-8.2002
Москва 2002
Рекомендованы к изданию решением Секции строительных конструкций зданий Научно-технического
совета ОАО «ЦНИИпромзданий» 10 июля 2002 г.",Data1_10_10846_index.pdf,1
"Какое наказание предусмотрено за незаконные действия по усыновлению (удочерению) детей, передаче их под опеку (попечительство), на воспитание в приемные семьи, совершенные неоднократно или из корыстных побуждений?","Незаконное усыновление (удочерение) 
Незаконные действия по усыновлению (удочерению) детей, передаче их под опеку (попечительство), на 
воспитание в приемные семьи, совершенные неоднократно или из корыстных побуждений, -",Уголовный кодекс Российской Федерации.pdf,80
Какие действия должны быть предприняты после установки реперов согласно СНиП 3.01.03-84?,"После установки репера на него должна быть передана высотная отметка от
ближайших пунктов геодезической сети.",Data1_11_11285_index.pdf,70
Какие работы необходимо провести в тепловых сетях согласно ГОСТ МДС 13-18.2000?,"№ 32-01-04/30)
ОСОБЕННОСТИ РАБОТЫ С ПЕРСОНАЛОМ
ЭНЕРГЕТИЧЕСКИХ ОРГАНИЗАЦИЙ
СИСТЕМЫ ЖИЛИЩНО-КОММУНАЛЬНОГО
ХОЗЯЙСТВА РОССИЙСКОЙ ФЕДЕРАЦИИ
МДС 13-15.2000
Москва
2000
ОБЩИЕ ПОЛОЖЕНИЯ
1.",Data1_10_10862_index.pdf,1
"Можно ли изменить выбранный метод начисления амортизации? Если да, то с какой периодичностью?","Если здесь перестараться, можно породить ожидания,
превышающие возможности.",Data1_10_10858_index.pdf,15
"Что грозит за производство, хранение, перевозку или сбыт товаров и продукции, не отвечающих требованиям безопасности?","Производство, хранение, перевозка либо сбыт товаров и продукции, 
выполнение работ или оказание услуг, не отвечающих требованиям безопасности 
1.",Уголовный кодекс Российской Федерации.pdf,185
Какова цель настоящего Положения?,"Информация о том, пользуется ли соответствующее лицо иммунитетом и каков объем такого иммунитета, 
предоставляется Министерством иностранных дел Российской Федерации.",Уголовно-процессуальный кодекс Российской Федерации.pdf,1
Какая площадь жилого городка (Подрядчик) и сколько персонала должно быть предусмотрено согласно ГОСТ МДС-80-8.2000?,"Договором строительного подряда должны быть определены состав и содержание технической 
документации, а также должно быть предусмотрено, какая из сторон и в какой срок должна предоставить 
соответствующую документацию.",Гражданский кодекс Российской Федерации.pdf,319
Кто осуществляет снос самовольной постройки?,"Формы уведомления о планируемом сносе объекта капитального строительства, уведомления о 
завершении сноса объекта капитального строительства утверждаются федеральным органом 
исполнительной власти, осуществляющим функции по выработке и реализации государственной политики 
и нормативно-правовому регулированию в сфере строительства, архитектуры, градостроительства.",Градостроительный кодекс Российской Федерации.pdf,254
Что признаются однородными требованиями?,"Однородными работами (услугами) признаются работы (услуги), которые, не являясь идентичными, имеют 
сходные характеристики, что позволяет им быть коммерчески и (или) функционально взаимозаменяемыми.",Налоговый кодекс Российской Федерации.pdf,101
На каких условиях создается комиссия по совместной подготовке проектов?,Комиссия по совместной подготовке проектов создается на условиях равного представительства сторон.,Градостроительный кодекс Российской Федерации.pdf,69
"Какое наказание предусмотрено за нарушение требований пожарной безопасности, если это повлекло по неосторожности причинение тяжкого вреда здоровью человека?","Нарушение требований пожарной безопасности, совершенное лицом, на котором лежала обязанность 
по их соблюдению, если это повлекло по неосторожности причинение тяжкого вреда здоровью человека, -",Уголовный кодекс Российской Федерации.pdf,162
Как определить стоимость единицы измерения материала в соответствии с Формой № 5?,"В графе 6 показывается сметная стоимость единицы измерения материальных ресурсов при
изготовлении их в Российской Федерации во внутренних ценах Российской Федерации, определенная
в соответствии с пп.",Data1_2_2082_index.pdf,17
Какие этапы разработки градостроительной документации предусмотрены ГОСТ МДС 11-7.2000?,"СИСТЕМА НОРМАТИВНЫХ ДОКУМЕНТОВ В СТРОИТЕЛЬСТВЕ
РУКОВОДЯЩИЙ ДОКУМЕНТ
ИНСТРУКЦИЯ
о составе, порядке разработки, согласования и утверждения
градостроительной документации
МДС 11-7.2000
Государственный комитет Российской Федерации
по вопросам архитектуры и строительства
(Госстрой России)
СОДЕРЖАНИЕ
1.",Data1_1_1904_index.pdf,1
"Какова эффективность рекламы, согласно ГОСТ МДС 11-11.2000?","11; другие характеристики закрепленных грунтов определяют согласно действующим нормам и пособиям
(руководствам) на изыскания и проектирование оснований и фундаментов сооружений и соответствующим ГОСТам.",Data1_11_11295_index.pdf,26
Какая расчетная температура воздуха в помещениях для взрослых больных в больницах согласно ГОСТ МДС 31-8.2002?,"ЦЕНТРАЛЬНЫЙ НАУЧНО-ИССЛЕДОВАТЕЛЬСКИЙ
И ПРОЕКТНО-ЭКСПЕРИМЕНТАЛЬНЫЙ ИНСТИТУТ
ПРОМЫШЛЕННЫХ ЗДАНИЙ И СООРУЖЕНИЙ
ОАО «ЦНИИПРОМЗДАНИЙ»
РЕКОМЕНДАЦИИ
ПО ПРОЕКТИРОВАНИЮ
И УСТРОЙСТВУ ФОНАРЕЙ
ДЛЯ ЕСТЕСТВЕННОГО
ОСВЕЩЕНИЯ ПОМЕЩЕНИЙ
МДС 31-8.2002
Москва 2002
Рекомендованы к изданию решением Секции строительных конструкций зданий Научно-технического
совета ОАО «ЦНИИпромзданий» 10 июля 2002 г.",Data1_10_10846_index.pdf,1
"Что такое ""индикатор риска""?","Принцип предупреждения и профилактики опасностей означает, что работодатель систематически должен 
реализовывать мероприятия по улучшению условий труда, включая ликвидацию или снижение уровней 
профессиональных рисков или недопущение повышения их уровней, с соблюдением приоритетности 
реализации таких мероприятий.",Трудовой кодекс Российской Федерации.pdf,115
Что такое счет неустановленных лиц и для каких организаций он предназначен?,"Препятствия для других исков 
В случае, если создан фонд ограничения ответственности, ни одно лицо, для удовлетворения 
требований которого предназначен фонд, не вправе осуществлять по таким требованиям какие-
либо права в отношении любого другого имущества создавших фонд ограничения ответственности 
лица или лиц.",Кодекс торгового мореплавания Российской Федерации.pdf,123
Что такое инвестиционный налоговый вычет и как он влияет на уменьшение доходов от реализации объекта основных средств?,"При этом при реализации покупных товаров расходы, связанные с их покупкой и реализацией, 
формируются с учетом положений статьи 320 настоящего Кодекса; 
4) при реализации объекта основных средств (нематериального актива), в отношении которого 
налогоплательщик использовал право на применение инвестиционного налогового вычета, до истечения 
срока его полезного использования - на первоначальную стоимость такого объекта основных средств 
(нематериального актива) при условии восстановления в соответствии с пунктом 12 статьи 286.1 настоящего 
Кодекса суммы налога, не уплаченной в связи с применением такого вычета; 
5) при реализации объекта основных средств, в отношении которого налогоплательщик использовал право 
на применение инвестиционного налогового вычета в части стоимости основного средства, - на остаточную 
стоимость амортизируемого имущества, определяемую в соответствии с пунктом 1 статьи 257 настоящего 
Кодекса, соответствующую части первоначальной стоимости такого объекта основных средств, 
сформированной за счет расходов, в части которых налогоплательщик не использовал право на применение 
инвестиционного налогового вычета.",Налоговый кодекс Российской Федерации.pdf,996
"Какой штраф грозит председателю или члену избирательной комиссии, комиссии референдума за нарушение установленного законом порядка подсчета голосов?","Нарушение председателем или членом избирательной комиссии, комиссии референдума 
установленного законом порядка подсчета голосов либо установленного законом порядка обработки 
итогов голосования, определения результатов выборов, референдума, общероссийского голосования - 
влечет наложение административного штрафа в размере от пятисот до одной тысячи пятисот рублей.",Административный кодекс Российской Федерации.pdf,41
"Какие гарантии и льготы предоставляются лицам, воспитывающим детей без матери?","Гарантии и льготы лицам, воспитывающим детей без матери 
Гарантии и льготы, предоставляемые женщинам в связи с материнством (ограничение работы в ночное 
время и сверхурочных работ, привлечение к работам в выходные и нерабочие праздничные дни, 
направление в служебные командировки, предоставление дополнительных отпусков, установление 
льготных режимов труда и другие гарантии и льготы, установленные законами и иными нормативными 
правовыми актами), распространяются на отцов, воспитывающих детей без матери, а также на опекунов 
(попечителей) несовершеннолетних, если иное не предусмотрено настоящим Кодексом.",Трудовой кодекс Российской Федерации.pdf,157
"Какое состояние должны иметь водосточные трубы и окрытия оголовков, парапетов и т.п. согласно ГОСТ МДС 13-18.2000?","№ п/п
Наименование
Мероприятия по
устранению
нарушений в
конструкциях
зданий
Оценка
технического
состояния
1
2
3
4
1
Кровли (металл, мягкая, шиф)
 
 
2
Парапетные решетки
 
 
3
Чердачное помещение и слуховое окно
 
 
4
Наличие выполненных мероприятий для поддержания должного
температурного режима (продухи в карнизе и скатах кровли,
теплоизоляция трубопроводов), содержание чердачной засыпки
(дата и номер акта сдачи)
 
 
5
Водосточные трубы и окрытия оголовков, парапетов и т.п.",Data1_10_10852_index.pdf,37
Каковы лимиты на учетный период для суммированного учета рабочего времени?,"Сверхурочная работа 
Сверхурочная работа - работа, выполняемая работником по инициативе работодателя за пределами 
установленной для работника продолжительности рабочего времени: ежедневной работы (смены), а при 
суммированном учете рабочего времени - сверх нормального числа рабочих часов за учетный период.",Трудовой кодекс Российской Федерации.pdf,68
По какому документу (СНиП 3.01.03-84) указываются места установки рабочих реперов?,"Пособие по производству геодезических работ в строительстве (к СНиП 3.01.03-84) /
ЦНИИОМТП.",Data1_11_11285_index.pdf,1
Какое административное наказание предусмотрено за нарушение сроков обслуживания и погашения государственного (муниципального) долга?,"Нарушение сроков обслуживания и погашения государственного 
(муниципального) долга 
Нарушение сроков обслуживания и погашения государственного (муниципального) долга - 
влечет наложение административного штрафа на должностных лиц в размере от двадцати тысяч до 
пятидесяти тысяч рублей или дисквалификацию на срок от одного года до двух лет.",Административный кодекс Российской Федерации.pdf,316
Могут ли собственники установить взнос на капитальный ремонт выше минимального?,"Решением общего собрания собственников помещений в многоквартирном доме о формировании 
фонда капитального ремонта на специальном счете может быть определен размер ежемесячного взноса 
на капитальный ремонт в размере большем, чем минимальный размер взноса на капитальный ремонт, 
установленный нормативным правовым актом субъекта Российской Федерации.",Жилищный кодекс Российской Федерации.pdf,156
"Какие действия должен предпринять налоговый орган после принятия решения об отказе, приостановлении, возобновлении или аннулировании свидетельства?","Налоговый орган, выдавший (выдающий) свидетельство, обязан уведомить в письменной форме 
организацию об отказе в его выдаче, о приостановлении действия, неполном устранении нарушений, 
повлекших за собой приостановление действия свидетельства, о возобновлении действия или об 
аннулировании свидетельства в трехдневный срок со дня принятия соответствующего решения.",Налоговый кодекс Российской Федерации.pdf,575
Какие телефоны доступны для бесплатной юридической консультации в Москве и Московской области?,"Бесплатная юридическая консультация по телефонам: 
• 8 (499) 938-53-71 (Москва и МО); 
 
• 8 (812) 467-95-28 (Санкт-Петербург и ЛО); 
• 8 (800) 301-92-12 (Регионы РФ).",Административный кодекс Российской Федерации.pdf,417
"Какие решения принимаются о подготовке и реализации бюджетных инвестиций в объекты государственной собственности Российской Федерации, находящиеся в оперативном управлении или хозяйственном ведении федеральных государственных учреждений стоимостью менее 3 миллиардов рублей?","Решения о подготовке и реализации бюджетных инвестиций в объекты государственной 
собственности Российской Федерации, находящиеся в оперативном управлении или хозяйственном 
ведении: 
федеральных государственных учреждений стоимостью 3 миллиарда рублей и более, а 
также федеральных государственных загранучреждений и федеральных государственных 
унитарных предприятий независимо от стоимости принимаются в форме правовых актов 
Правительства Российской Федерации; 
федеральных государственных учреждений стоимостью менее 3 миллиардов рублей 
принимаются в форме правовых актов Правительства Российской Федерации или в случаях и 
порядке, которые установлены Правительством Российской Федерации, в форме правовых актов 
федеральных органов исполнительной власти или иных организаций, осуществляющих в 
соответствии с настоящим Кодексом полномочия главного распорядителя средств федерального 
бюджета 
(органов 
управления 
государственными 
внебюджетными 
фондами 
Российской 
Федерации).",Бюджетный кодекс Российской Федерации.pdf,103
Что происходит с пунктами 3.1 и 4 статьи 183?,"Возмещение указанных сумм из бюджета осуществляется на основании документов, предусмотренных 
пунктами 7 и 7.2 статьи 198 настоящего Кодекса, представляемых налогоплательщиком в налоговый орган 
по месту учета одновременно с налоговой декларацией по акцизам, в которой отражается сумма акциза, 
уплаченная налогоплательщиком при совершении операций, предусмотренных пунктами 4, 4.1 и 4.2 пункта 
1 статьи 183 настоящего Кодекса, заявленная к возмещению.",Налоговый кодекс Российской Федерации.pdf,705
Какие примеры расчета приведенных затрат приведены в разделе «Экономическая оценка» согласно ГОСТ МДС 80-3.2000?,"В зависимости от предмета торгов и условий заказчика по решению
тендерного комитета могут осуществляться балльная оценка системы показателей,
экономическое соизмерение затрат и прибыли путем расчета величины приведенных
затрат или смешанная (балльно-экономическая) оценка.",Data1_10_10869_index.pdf,1
Какой ГОСТ определяет стоимость 1 м² общей площади для культурно-бытового строительства?,"В этом случае представляется возможным использовать РТМ, разработанные
ЦНИИЭУСом для отраслей «Жилищное строительство» и «Культурно-бытовое
строительство».",Data1_2_2080_index.pdf,9
Какие сведения подлежат указанию в декларации на товары в отношении сделки с товарами и ее условий?,"Комиссия вправе определять, что в транзитной декларации в 
отношении товаров Союза, перевозимых через территорию государства, не являющегося членом 
Союза, подлежат указанию сведения о стоимости товаров.",Таможенный кодекс Евразийского экономического союза.pdf,117
Как определяется сметная стоимость ремонта основных средств?,"Совокупная стоимость основных средств определяется как сумма первоначальной стоимости всех 
амортизируемых основных средств, введенных в эксплуатацию по состоянию на начало налогового 
периода, в котором образуется резерв предстоящих расходов на ремонт основных средств.",Налоговый кодекс Российской Федерации.pdf,1215
Каков расход химически очищенной воды при испытании паровых котлов ДЕ-16-14ГМ по ГОСТ МДС 81-8.2000?,"оборудования (на
2 котла)
1
2
3
4
5
6
7
8
   
Расход
материалов при
испытании
паровых котлов
ДЕ-16-14ГМ 
(2
котла)
 
 
 
 
 
1 Счет
поставщика
Газ
естественный
тыс.",Data1_10_10864_index.pdf,29
Какие права и ответственности разъясняются специалисту?,"Переводчику разъясняются его права и обязанности, предусмотренные статьей 52 
настоящего Кодекса.",Кодекс административного судопроизводства Российской Федерации.pdf,86
Какие ставки используются для определения платежей по процентам за кредиты банков?,"5 Платежи по
процентам за
кредиты банков
Постановление
Верховного Совета
Российской
Федерации от
10.07.92 № 3257-1
""О внесении
изменений в
постановления
Верховного Совета
Российской
Федерации по
вопросам
налогообложения""
Изменения и
дополнения
Платежи
определяются по
учетным ставкам,
установленным
Центробанком
Российской
Федерации
Платежи по
процентам за
кредиты банков в
пределах учетной
ставки,
установленной
Центробанком
Российской
Федерации,
увеличенной на три
пункта, относятся на
себестоимость
продукции (работ,
услуг.) предприятий,
расходы по уплате
процентов,
Платежи по
кредитам банков в
пределах ставки,
установленной
законодательством,
учитываются в
составе накладных
расходов",Data1_2_2070_index.pdf,34
"Что делать водителю, если документы о ДТП не могут быть оформлены без участия сотрудников полиции?","Если в соответствии с законодательством об обязательном страховании гражданской 
ответственности 
владельцев 
транспортных 
средств 
документы 
о 
дорожно-транспортном 
происшествии не могут быть оформлены без участия уполномоченных на то сотрудников полиции, 
водитель, причастный к нему, обязан записать фамилии и адреса очевидцев и сообщить о",ПДД Российской Федерации.pdf,9
Какие данные должны содержаться в сводке объемов и стоимости подрядных работ согласно ГОСТ МДС 81-10.2000?,"Отличительной особенностью данной сводки объемов и стоимости подрядных работ является включение в состав сводки
всех видов подрядных работ, а не только общестроительных работ при традиционном подходе к ее составлению, и выделение
работ, которые подлежат выполнению заказчиком.",Data1_2_2079_index.pdf,5
Какие меры наказания управляющего проекта за неудачное управление конкурентностью работников указаны в ГОСТ МДС 80-2.2000?,"ГОССТРОЙ РОССИИ
ГОСУДАРСТВЕННОЕ ПРЕДПРИЯТИЕ
ЦЕНТР НАУЧНО-МЕТОДИЧЕСКОГО ОБЕСПЕЧЕНИЯ ИНЖЕНЕРНОГО
СОПРОВОЖДЕНИЯ ИНВЕСТИЦИЙ В СТРОИТЕЛЬСТВЕ
ГП «ЦЕНТРИНВЕСТпроект»
ИСПОЛЬЗОВАНИЕ КОНКУРЕНЦИИ
МЕЖДУ РАБОТНИКАМИ
ПРОЕКТНОЙ ОРГАНИЗАЦИИ
ДЛЯ ВЫЖИВАНИЯ НА РЫНКЕ
МДС 80-2.2000
Руководство для директора
МОСКВА 1998
Даются общие положения по организации внутренней конкуренции в проектной
организации, рассматриваются методы содействия развитию конкуренции и
практические вопросы организации внутренней конкуренции для различных уровней
управления.",Data1_10_10872_index.pdf,1
Какие показатели включены в информацию о жилых кварталах и микрорайонах согласно ГОСТ МДС 11-7.2000?,"Основная графическая документация ОГП включает:
обзорную карту района строительства в масштабе 1:10000 - 1:50000;
сводный план строительства основных объектов и внешних инженерных сетей в
масштабе 1:2000 - 1:10000;
план строительной площадки в масштабе 1:500 - 1:2000;
план строящегося жилого поселка, микрорайона, квартала в масштабе 1:500 - 1:2000;
план строительства подсобных зданий и сооружений в масштабе 1:500 - 1:2000;
планы крупных карьеров строительных материалов с жилыми поселками при них в
масштабе 1:1000 - 1:2000.",Data1_11_11285_index.pdf,67
В какие сроки должен быть направлен запрос о подтверждении выполнения соглашения?,"Это лицо 
должно быть возвращено на территорию соответствующего иностранного государства в сроки, указанные в 
ответе на запрос о вызове.",Административный кодекс Российской Федерации.pdf,585
Какие размеры площадки для мини-волейбола указаны для детей 9 - 12 лет согласно ГОСТ МДС 35-7.2000?,"Мини-волейбол
Дети 6 - 8 лет: а = 10 м, l = 6 м, высота сетки 180 см;
Дети 9 - 12 лет: а = 12 м, l = 9 м, высота сетки 200 см.",Data1_10_10847_index.pdf,10
Какие регионы освобождаются от уплаты налога на прибыль?,"При изменении в течение срока действия соглашения наименований каких-либо из указанных в 
настоящем Кодексе налогов и сборов без изменения при этом элементов налогообложения такие налоги и 
сборы исчисляются и уплачиваются при выполнении соглашения с новым наименованием.",Налоговый кодекс Российской Федерации.pdf,1522
Какие основания существуют для отказа в открытии лицевого счета участнику казначейского сопровождения?,"Федеральное казначейство по результатам проверки, указанной в пункте 4 настоящей 
статьи, применяет следующие меры реагирования в отношении участников казначейского 
сопровождения: 
1) отказ в открытии лицевого счета; 
2) приостановление открытия лицевого счета; 
3) запрет осуществления операций на лицевом счете; 
4) отказ в осуществлении операций на лицевом счете.",Бюджетный кодекс Российской Федерации.pdf,364
Какие нормы СНиП регулируют использование товарного раствора?,"обоснованность 
общей 
величины, 
структуры 
и 
размера 
составляющих
потребности в финансовых средствах по видам регулируемой деятельности на
период утверждения тарифов;
анализ динамики тарифов с 1996 года, включая постатейный анализ фактической
себестоимости и рентабельности;
сведения о динамике цен на приобретаемые товарно-материальные ценности;
анализ применяемых норм и нормативов в сравнении со среднеотраслевыми
показателями, обоснование отклонений от этих показателей;
сведения о соблюдении предприятиями установленных норм и нормативов;
сведения о системе контроля за сохранностью товарно-материальных ценностей;
данные о суммах и удельном весе в себестоимости (товаров, работ, услуг)
производственных потерь, их причинах;
сведения о доле в себестоимости (товаров, работ, услуг) затрат на энергоресурсы,
динамика тарифа за проверяемый период;
анализ цен, объемов и динамики расходов на оплату услуг сторонних организаций;
результаты выборочной проверки выполненных работ и услуг сторонними
организациями, основания для выборки, анализ обоснованности расходов;
выборочная оценка влияния переоценки основных средств на сумму амортизации;
данные о степени изношенности основных средств;
результаты проверки целевого использования амортизационных отчислений;
результаты выборочной проверки сданных работ по капитальному ремонту и
другим капитальным вложениям;
результаты проверки целевого использования ремонтного фонда;
объемы планово-предупредительных работ - процент исполнения, соответствие
нормам;
расшифровку прочих расходов по текущему ремонту, оценку их обоснованности;
сведения об обоснованности складских запасов;
доля аварийно-восстановительных работ в себестоимости (товаров, работ, услуг).",Data1_10_10863_index.pdf,4
Какие сроки и процедуры заключения соглашений о недопущении конкуренции описаны в ГОСТ МДС 80-2.2000?,"МИНСТРОЙ РОССИИ
МЕТОДИЧЕСКИЕ РЕКОМЕНДАЦИИ
ПО ПРОЦЕДУРЕ ПОДРЯДНЫХ ТОРГОВ
МДС 80-6.2000
МОСКВА 1997
РАЗРАБОТАНЫ АО «ЦНИИпроект» (канд.",Data1_10_10866_index.pdf,1
Какие меры рекомендованы для предотвращения попадания конденсата на перекрытия через стыки канализационных стояков согласно ГОСТ МДС 17-13.2000?,"Канализационные стояки при прохождении через чердак соединяют раструбами
вверх, чтобы конденсат, образующийся в трубах, не попадал через стыки на перекрытие.",Data1_10_10852_index.pdf,12
Что может требовать правообладатель в случае незаконного использования товарного знака?,"Ответственность за незаконное использование товарного знака 
1.",Гражданский кодекс Российской Федерации.pdf,645
Какие значения коэффициентов ψa и ψb приведены в таблице 8 согласно СНиП 3.01.03-84?,"Значения
коэффициентов ψa и ψb берутся исходя из формы образующих и направляющих дуг по
табл.",Data1_11_11285_index.pdf,18
Какие телефонные номера доступны для бесплатной юридической консультации в регионах России?,"Бесплатная юридическая консультация по телефонам: 
• 8 (499) 938-53-71 (Москва и МО); 
 
• 8 (812) 467-95-28 (Санкт-Петербург и ЛО); 
• 8 (800) 301-92-12 (Регионы РФ).",Налоговый кодекс Российской Федерации.pdf,1298
Какие меры предусмотрены для ликвидации волосяных трещин в стенах согласно ГОСТ МДС 13-18.2000?,"Ликвидация трещин в стенах и местах сопряжений
Волосяные трещины (до 0,5 мм) едва заметны на поверхности штукатурки и не
представляют для здания непосредственной опасности, но для предотвращения
дальнейших разрушений их необходимо расчистить и затереть цементными раствором.",Data1_10_10852_index.pdf,4
Какие рекомендации по расчету материальных затрат и прочих расходов даны в ГОСТ МДС 81-7.2000?,"Накладные расходы (по МДС 81-
4.99, МДС 81-5.99)
 
 
 
7.",Data1_10_10754_index.pdf,24
Какие лица не требуют членства в саморегулируемых организациях при выполнении работ по договорам строительного подряда с федеральными органами исполнительной власти?,"Не требуется членство в саморегулируемых организациях в области строительства для выполнения работ 
по сносу объектов капитального строительства: 
1) государственных и муниципальных унитарных предприятий, в том числе государственных и 
муниципальных казенных предприятий, государственных и муниципальных учреждений в случае 
заключения ими договоров подряда на осуществление сноса с федеральными органами исполнительной 
власти, государственными корпорациями, осуществляющими нормативно-правовое регулирование в 
соответствующей области, органами государственной власти субъектов Российской Федерации, органами 
местного самоуправления, в ведении которых находятся такие предприятия, учреждения, или в случае 
выполнения такими предприятиями, учреждениями функций технического заказчика от имени указанных 
федеральных органов исполнительной власти, государственных корпораций, органов государственной 
власти субъектов Российской Федерации, органов местного самоуправления; 
2) коммерческих организаций, в уставных (складочных) капиталах которых доля государственных и 
муниципальных унитарных предприятий, государственных и муниципальных автономных учреждений 
составляет более пятидесяти процентов, в случае заключения такими коммерческими организациями 
договоров подряда на осуществление сноса с указанными предприятиями, учреждениями, а также с 
федеральными органами исполнительной власти, государственными корпорациями, органами 
государственной власти субъектов Российской Федерации, органами местного самоуправления, которые 
предусмотрены пунктом 1 настоящей части и в ведении которых находятся указанные предприятия, 
учреждения, или в случае выполнения такими коммерческими организациями функций технического 
заказчика от имени указанных предприятий, учреждений, федеральных органов исполнительной власти,",Градостроительный кодекс Российской Федерации.pdf,251
Как переводится годовой объем капитальных вложений в цены 1984 г. согласно ГОСТ МДС 81-7.2000?,"Расчет нормативной численности аппарата производится с использованием показателя
годового объема капитальных вложений в ценах 1984 г.",Data1_2_2116_index.pdf,3
"Какой штраф может быть наложен на граждан за незаконное перемещение физическими лицами табачной продукции, не маркированной специальными (акцизными) марками?","Незаконное перемещение физическими лицами табачной продукции 
Перемещение по территории Российской Федерации физическими лицами табачной продукции и 
табачных изделий, не маркированных специальными (акцизными) марками в соответствии с 
законодательством Российской Федерации, в том числе табачной продукции, являющейся товаром 
Евразийского экономического союза, за исключением перемещения по территории Российской Федерации 
физическими лицами, достигшими возраста восемнадцати лет, указанных табачной продукции и табачных 
изделий в количестве не более 200 сигарет, или 50 сигар (сигарилл), или 250 граммов табака, или",Административный кодекс Российской Федерации.pdf,296
Какие телефоны доступны для бесплатной юридической консультации в Москве и Московской области?,"Бесплатная юридическая консультация по телефонам: 
• 8 (499) 938-53-71 (Москва и МО); 
 
• 8 (812) 467-95-28 (Санкт-Петербург и ЛО); 
• 8 (800) 301-92-12 (Регионы РФ).",Административный кодекс Российской Федерации.pdf,417
Какой ГОСТ регламентирует стоимость 1 м² общей площади?,"Стоимость 1 м2 общей площади строительно-
монтажных работ (УПБС)
руб.",Data1_2_2080_index.pdf,15
"Что происходит с решениями иностранных судов, которые не требуют принудительного исполнения?","Решения иностранных судов, которые не требуют принудительного исполнения, признаются без какого-
либо дальнейшего производства, если со стороны заинтересованного лица не поступят возражения 
относительно этого.",Гражданский процессуальный кодекс Российской Федерации.pdf,168
"В каких случаях законные представители могут передать земельные участки, наследуемые несовершеннолетними, в аренду?","В случае наследования земельных участков лицами, не достигшими совершеннолетия, их законные 
представители могут передать эти земельные участки в аренду на срок до достижения наследниками 
совершеннолетия.",Земельный кодекс Российской Федерации.pdf,22
В какие сроки должна быть представлена транзитная декларация при перевозке товаров автомобильным транспортом?,"При перевозке товаров водным транспортом документы и сведения, указанные в пункте 2 
настоящей статьи, могут быть представлены декларантом или экспедитором, если это допускается 
в соответствии с законодательством государств-членов.",Таможенный кодекс Евразийского экономического союза.pdf,100
На каком сайте можно найти комментарии к статьям?,"Комментарии к статьям на сайте 
https://gkodeksrf.ru/ 
  
 
Статья 228.",Гражданский кодекс Российской Федерации.pdf,135
Как устанавливаются порядок и сроки внесения платы за подключение объектов капитального строительства?,"Порядок и сроки внесения платы за подключение (технологическое присоединение) объектов 
капитального строительства устанавливаются в соответствии с правилами подключения (технологического 
присоединения) с учетом особенностей, предусмотренных частями 11 и 12 настоящей статьи.",Градостроительный кодекс Российской Федерации.pdf,169
Как определяется количество циркулирующего теплоносителя в случае самовольного присоединения по ГОСТ МДС 41-3.2000?,"В случае самовольного присоединения потребителем теплопотребляющих
установок 
к 
тепловой 
сети 
теплоснабжающей 
организации 
количество
циркулирующего теплоносителя может определяться по пропускной способности
подводящего трубопровода при круглосуточном действии за весь период со дня
начала фактического использования при скорости движения сетевой воды 1,2 метра в
секунду; а количество тепловой энергии - с учетом разности температур сетевой воды
по графику регулирования отпуска тепла.",Data1_10_10871_index.pdf,5
Как привязываются затраты на эксплуатацию строительных машин и определяются затраты на заработную плату машинистов согласно ГОСТ МДС 81-10.2000?,"Прямые затраты показателей сборника ПВР определяются как сумма стоимостей материальных ресурсов в ценах базисного
района, затраты на эксплуатацию машин и заработной платы рабочих-строителей - без районных коэффициентов.",Data1_2_2076_index.pdf,4
Какие требования предъявляются к столику штатива согласно СНиП 3.01.03-84?,"Настоящее Пособие содержит справочный и вспомогательный материал к СНиП
3.01.03-84.",Data1_11_11285_index.pdf,1
На что не имеют права участники судебных прений?,После окончания прений сторон все их участники имеют право на реплику.,Уголовно-процессуальный кодекс Российской Федерации.pdf,218
Какой максимальный срок лишения свободы может быть назначен за нарушение требований по защите государственной тайны?,"Нарушение требований по защите государственной тайны 
1.",Уголовный кодекс Российской Федерации.pdf,226
Что такое совместная собственность?,"Если доход от продажи доли в праве собственности на жилое помещение, полученный 
налогоплательщиком, освобождается от налогообложения на основании настоящего пункта, доходы от 
продажи долей в таком жилом помещении, полученные его детьми (в том числе усыновленными) и 
подопечными, также освобождаются от налогообложения при условии, что их доли в праве собственности 
на такое жилое помещение проданы одновременно с долей налогоплательщика в праве собственности на 
такое жилое помещение.",Налоговый кодекс Российской Федерации.pdf,828
Как определяются подлежащие оплате количества потребленной тепловой энергии и использованного теплоносителя при неполном укомплектовании узла учета согласно ГОСТ?,"Определение подлежащих оплате количеств потребленной тепловой энергии и
использованного теплоносителя производится по данным узла коммерческого учета,
укомплектованного средствами и системами измерения в полном объеме (приборный
метод учета).",Data1_10_10871_index.pdf,11
На каком сайте можно найти комментарии к статьям Кодекса?,"Комментарии к статьям на сайте 
https://gkodeksrf.ru/ 
  
 
Статья 1156.",Гражданский кодекс Российской Федерации.pdf,463
Можно ли применять разные налоговые ставки в зависимости от покупателя?,"Не допускается применение разных налоговых ставок в зависимости от того, кто является покупателем 
(приобретателем) соответствующих товаров (работ, услуг).",Налоговый кодекс Российской Федерации.pdf,460
Кто может заключить договор безвозмездного пользования лесным участком?,"Договор безвозмездного пользования лесным участком, находящимся в государственной 
или муниципальной собственности, может быть заключен на срок от одного года до пяти лет.",Лесной кодекс Российской Федерации.pdf,61
Какие методы установки шпунтовых ограждений описаны в СНиП 3.02.01-83?,"Пособие
по производству работ при устройстве оснований и фундаментов
(к СНиП 3.02.01-83)
 
Часть 1
Раздел 1 Общая часть
Раздел 2 Естественные основания
Раздел 3 Уплотнение грунтов
Раздел 4 Строительное водопонижение
Раздел 5 Закрепление грунтов
Раздел 6 Искусственное замораживание грунтов
Часть 2
Раздел 7 Сооружения, устраиваемые способом ""стена в грунте""
Раздел 8 Свайные фундаменты, шпунтовые ограждения и анкеры
Раздел 9 Опускные колодцы и кессоны
Приложения",Data1_11_11293_index.pdf,1
Какие меры следует предпринять при невыполнении мероприятий по качественной регулировке систем отопления и экономии расхода теплоты согласно ПН-5-17?,"Установить отопительный прибор по
проекту
ПН-5-8
Невыполнение
мероприятий по
качественной
регулировке систем
отопления и экономии
расхода теплоты
Поддержание температуры воды,
поступающей и возвращаемой из
системы отопления в соответствии с
графиком качественного
регулирования температуры воды в
системе отопления
Выполнить дополнительную
регулировку системы в течение 1
недели",Data1_10_10861_index.pdf,30
На основании каких сведений осуществляется постановка на учет иностранной организации через отделения некоммерческих неправительственных организаций?,"Постановка на учет (снятие с учета) в налоговых органах иностранной организации по месту осуществления 
ею деятельности на территории Российской Федерации: 
через аккредитованные филиал, представительство осуществляется на основании сведений, содержащихся 
в государственном реестре аккредитованных филиалов, представительств иностранных юридических лиц; 
через отделение иностранной некоммерческой неправительственной организации осуществляется на 
основании сведений, содержащихся в Едином государственном реестре юридических лиц; 
через филиал или представительство международной организации, иностранной некоммерческой 
неправительственной организации осуществляется на основании сведений, содержащихся в реестре",Налоговый кодекс Российской Федерации.pdf,201
"Какие условия должны соблюдаться при вселении граждан, постоянно проживающих с нанимателем?","Вселение граждан, постоянно проживающих с нанимателем 
С согласия наймодателя, нанимателя и граждан, постоянно с ним проживающих, в жилое помещение могут 
быть вселены другие граждане в качестве постоянно проживающих с нанимателем.",Гражданский кодекс Российской Федерации.pdf,301
Какова максимальная величина смещения теодолита с оси ряда колонн согласно СНиП 3.01.03-84?,Точность разбивки назначается по СНиП 3.01.03-84 (табл.,Data1_11_11285_index.pdf,17
Какие данные должны быть указаны в тендерной документации?,"ПРИ РАЗРАБОТКЕ ТЕХНИЧЕСКОЙ ЧАСТИ ОФЕРТЫ ПРИ НАЛИЧИИ В ТЕНДЕРНОЙ
ДОКУМЕНТАЦИИ УТВЕРЖДЕННЫХ ТЭО/ТЭР И УСЛОВИЙ ЗАКАЗЧИКА/ИНВЕСТОРА
Претендентам должно быть дано указание на рекомендуемую инструктивную систему и системы
инженерного оборудования объекта торгов.",Data1_10_10865_index.pdf,36
Кто разработал Пособие по производству геодезических работ в строительстве?,"Пособие по производству геодезических работ в строительстве (к СНиП 3.01.03-84) /
ЦНИИОМТП.",Data1_11_11285_index.pdf,1
Какие телефоны доступны для бесплатной юридической консультации в Санкт-Петербурге и Ленинградской области?,"Бесплатная юридическая консультация по телефонам: 
• 8 (499) 938-53-71 (Москва и МО); 
 
• 8 (812) 467-95-28 (Санкт-Петербург и ЛО); 
• 8 (800) 301-92-12 (Регионы РФ).",Градостроительный кодекс Российской Федерации.pdf,291
"Что происходит, если налогоплательщик не уплатил или не полностью уплатил суммы, указанные в требовании об уплате налога и процентов?","В случае неуплаты или неполной уплаты налогоплательщиком сумм, указанных в требовании о возврате, 
в установленный пунктом 17 настоящей статьи срок налоговый орган не позднее трех дней по истечении 
указанного срока, но не позднее чем за шесть дней до окончания срока действия банковской гарантии и 
(или) договора поручительства предъявляет банку-гаранту и (или) поручителю по договору поручительства 
требование об уплате денежной суммы по банковской гарантии в части не уплаченной или не полностью 
уплаченной налогоплательщиком суммы налога в течение пяти дней со дня получения банком данного 
требования.",Налоговый кодекс Российской Федерации.pdf,713
"Какие переходные положения существуют для свободных складов, владельцы которых включены в реестр владельцев свободных складов до 1 мая 2010 г.?","Для свободных складов, владельцы которых включены в реестр владельцев свободных 
складов до 1 мая 2010 г., Комиссия вправе определять перечень товаров, изготовленных 
(полученных) из иностранных товаров, помещенных под таможенную процедуру свободного 
склада и приобретающих статус иностранных товаров, независимо от выполнения критериев",Таможенный кодекс Евразийского экономического союза.pdf,507
Что такое зоны с особыми условиями использования земель?,"При пересечении границ различных зон с особыми условиями использования территорий действуют все 
ограничения использования земельных участков, установленные для каждой из таких зон, за исключением 
ограничений, препятствующих эксплуатации, обслуживанию и ремонту здания, сооружения, в связи с 
размещением которых была установлена одна из зон с особыми условиями использования территорий, 
при условии, что такие ограничения не установлены в целях охраны жизни граждан или обеспечения 
безопасности полетов воздушных судов.",Земельный кодекс Российской Федерации.pdf,189
Какие законодательные акты лежат в основе Рекомендаций? (ГОСТ),"В основе разработки ПВР лежит сметно-нормативная база, разработанная в 1990 г.",Data1_2_2076_index.pdf,1
Какие операции по управлению остатками средств на едином счете местного бюджета включают привлечение средств?,"В состав операций по управлению остатками средств на едином счете местного бюджета 
включаются привлечение на единый счет местного бюджета и возврат привлеченных средств в 
соответствии с пунктами 10 и 13 настоящей статьи.",Бюджетный кодекс Российской Федерации.pdf,331
Как определяется разряд и подразряд зрительных работ для помещений торговых залов магазинов согласно ГОСТ МДС 31-8.2002?,"ЦЕНТРАЛЬНЫЙ НАУЧНО-ИССЛЕДОВАТЕЛЬСКИЙ
И ПРОЕКТНО-ЭКСПЕРИМЕНТАЛЬНЫЙ ИНСТИТУТ
ПРОМЫШЛЕННЫХ ЗДАНИЙ И СООРУЖЕНИЙ
ОАО «ЦНИИПРОМЗДАНИЙ»
РЕКОМЕНДАЦИИ
ПО ПРОЕКТИРОВАНИЮ
И УСТРОЙСТВУ ФОНАРЕЙ
ДЛЯ ЕСТЕСТВЕННОГО
ОСВЕЩЕНИЯ ПОМЕЩЕНИЙ
МДС 31-8.2002
Москва 2002
Рекомендованы к изданию решением Секции строительных конструкций зданий Научно-технического
совета ОАО «ЦНИИпромзданий» 10 июля 2002 г.",Data1_10_10846_index.pdf,1
Какие товары Союза могут быть использованы при переработке иностранных товаров?,"Законодательством государств-членов может быть предусмотрено, что при продлении 
срока переработки товаров на таможенной территории Союза установленный срок действия 
таможенной процедуры переработки на таможенной территории может быть продлен не позднее 10",Таможенный кодекс Евразийского экономического союза.pdf,188
"Какие данные могут быть использованы для определения коэффициентов для пусконаладочных работ, если отсутствуют сметы во внутренних (базисных) ценах Российской Федерации, согласно ГОСТ МДС 81-21.2000?","В случае отсутствия по объектам-аналогам смет во внутренних (базисных) ценах Российской Федерации на
пусконаладочные работы для этих целей могут быть использованы коэффициенты, определенные по тем же объектам-аналогам для
строительно-монтажных работ, с внесением соответствующих поправок на различия в структуре строительно-монтажных и пусконаладочных
работ.",Data1_2_2069_index.pdf,8
Какая средняя температура за июль в Вендинге согласно ГОСТ МДС 31-8.2002?,"ЦЕНТРАЛЬНЫЙ НАУЧНО-ИССЛЕДОВАТЕЛЬСКИЙ
И ПРОЕКТНО-ЭКСПЕРИМЕНТАЛЬНЫЙ ИНСТИТУТ
ПРОМЫШЛЕННЫХ ЗДАНИЙ И СООРУЖЕНИЙ
ОАО «ЦНИИПРОМЗДАНИЙ»
РЕКОМЕНДАЦИИ
ПО ПРОЕКТИРОВАНИЮ
И УСТРОЙСТВУ ФОНАРЕЙ
ДЛЯ ЕСТЕСТВЕННОГО
ОСВЕЩЕНИЯ ПОМЕЩЕНИЙ
МДС 31-8.2002
Москва 2002
Рекомендованы к изданию решением Секции строительных конструкций зданий Научно-технического
совета ОАО «ЦНИИпромзданий» 10 июля 2002 г.",Data1_10_10846_index.pdf,1
Какие требования к оценке результатов конкурентности работников указаны в ГОСТ МДС 80-2.2000?,"Общие требования к охране
поверхностных вод от загрязнения
ГОСТ 17.1.4.01-80                                    Охрана природы.",Data1_10_10865_index.pdf,33
Какие административные правонарушения имеют срок давности привлечения к ответственности два месяца?,"Дела о привлечении к административной ответственности лиц, осуществляющих 
предпринимательскую и иную экономическую деятельность, рассматриваются в судебном 
заседании судьей единолично в срок, не превышающий двух месяцев со дня поступления в 
арбитражный суд заявления о привлечении к административной ответственности, включая срок на 
подготовку дела к судебному разбирательству и принятие решения по делу, если иной срок 
рассмотрения не установлен федеральным законом об административных правонарушениях.",Арбитражный процессуальный кодекс Российской Федерации.pdf,106
Какие проверки должны проводиться в процессе строительства сооружений кабельной канализации согласно СНиП 3.01.03-84?,"Пособие по производству геодезических работ в строительстве (к СНиП 3.01.03-84) /
ЦНИИОМТП.",Data1_11_11285_index.pdf,1
Какие законы регулируют установление транспортного налога?,"Если на знаке 5.15.4 изображен знак, 
запрещающий движение каким-либо транспортным средствам, то движение этих транспортных 
средств по соответствующей полосе запрещается.",ПДД Российской Федерации.pdf,44
"Как долго должен работодатель ждать перед тем, как принять окончательное решение об увольнении?","Правила внутреннего трудового распорядка, как правило, являются приложением к коллективному 
договору.",Трудовой кодекс Российской Федерации.pdf,108
По каким основаниям судья оставляет без движения административное искове заявление о признании нормативного правового акта недействующим?,"Судья оставляет без движения административное исковое заявление о признании 
нормативного правового акта недействующим на основании части 1 статьи 130 настоящего 
Кодекса в случае несоответствия указанного заявления требованиям, установленным статьей 209 
настоящего Кодекса.",Кодекс административного судопроизводства Российской Федерации.pdf,111
Какой законодательный акт регулирует порядок уплаты налога на добавленную стоимость (НДС) согласно ГОСТ МДС 81-23.2000?,"Средства на покрытие затрат по уплате налога на добавленную стоимость (НДС) включаются
в сводный сметный расчет* в установленном порядке (см.",Data1_2_2082_index.pdf,5
Какие нормы накладных расходов учитываются? (ГОСТ МДС 81-8.2000),"Нормами накладных расходов учитываются затраты, предусмотренные перечнем
статей накладных расходов в строительстве в соответствии со СНиП IV-8-84 «Правила разработки и
применения норм накладных расходов и плановых накоплений в строительстве».",Data1_10_10864_index.pdf,17
Какая информация должна быть включена в единую государственную автоматизированную информационную систему учета древесины и сделок с ней?,"В случае, если информация, которая должна представляться для включения в единую 
государственную автоматизированную информационную систему учета древесины и сделок с ней, 
содержится в иных государственных информационных системах и включается в иные 
государственные информационные системы в обязательном порядке, такая информация и 
информация, содержащаяся в материалах дистанционного зондирования, подлежат включению в 
единую государственную автоматизированную информационную систему учета древесины и 
сделок с ней из иных государственных информационных систем.",Лесной кодекс Российской Федерации.pdf,33
Какие координаты центра тяжести фигуры используются в примере согласно СНиП 3.01.03-84?,Точность разбивки назначается по СНиП 3.01.03-84 (табл.,Data1_11_11285_index.pdf,17
"Кто составляет акт о морском протесте, и какие данные используются для его составления?","Составление акта о морском протесте 
Нотариус или должностное лицо консульского учреждения Российской Федерации на 
основании заявления капитана судна, данных судового журнала, опроса капитана судна и в случае 
необходимости других членов экипажа судна составляет акт о морском протесте и заверяет его 
своей подписью и гербовой печатью.",Кодекс торгового мореплавания Российской Федерации.pdf,136
"Какой метод учета изменений уровня цен может предлагаться оферентом, согласно ГОСТ МДС 80-3.2000?","В состав показателей для оценки коммерческой части оферт могут входить:
предложенная оферентом цена, предмета подрядных торгов (осуществления
строительства, выполнения комплекса работ, оказания услуг, поставки продукции) с
указанием, в какой валюте и на каком уровне (в ценах какого периода) рассчитана
предложенная цена;
предложенный оферентом метод учета при осуществлении расчетов за
выполненные работы последующих изменений уровня цен в связи с инфляцией,
изменением законодательства в области налоговой политики и по другим вопросам;
предложения оферента по условиям и порядку финансирования и кредитования
подрядных работ;
удельные стоимостные показатели по предмету торгов, если торг проводятся на
проектирование объекта или на проектирование и строительство объектов «под
ключ».",Data1_10_10869_index.pdf,2
Какой ГОСТ или СНиП определяет методы разработки УПБС на основе ресурсной технологической модели?,"ОСНОВЕ РЕСУРСНО-ИНДЕКСНОГО МЕТОДА С ИСПОЛЬЗОВАНИЕМ РЕСУРСНО-ТЕХНОЛОГИЧЕСКИХ
МОДЕЛЕЙ НА УКРУПНЕННЫЕ ВИДЫ РАБОТ
 
РТМ.",Data1_2_2117_index.pdf,10
Какие подотраслевые индексы существуют?,"Ошибка 404
Извините, но страница, которую Вы ищете, не существует.",Data1_11_11372_index.pdf,0
Какова цель дублирования при подготовке оперативных руководителей и персонала? (МДС 15-13.2000),"№ 32-01-04/30)
ОСОБЕННОСТИ РАБОТЫ С ПЕРСОНАЛОМ
ЭНЕРГЕТИЧЕСКИХ ОРГАНИЗАЦИЙ
СИСТЕМЫ ЖИЛИЩНО-КОММУНАЛЬНОГО
ХОЗЯЙСТВА РОССИЙСКОЙ ФЕДЕРАЦИИ
МДС 13-15.2000
Москва
2000
ОБЩИЕ ПОЛОЖЕНИЯ
1.",Data1_10_10862_index.pdf,1
Что не допускается при нарушении отделочного слоя согласно СНиП III-21-73* 1981?,"Устранение выполняется по
проекту при капитальном
ремонте
СНиП III-21-73*
1981
Выпадение облицовочной
плитки
Не допустимо наличие
переувлажнения контактного
слоя из-за различия
теплофизических
характеристик материалов.",Data1_10_10861_index.pdf,16
"Какие изменения внесены в Закон ""Об акцизах"" в статье 1?","5.2 настоящего
приложения)
1.6
06.08.93 № 5604-
1
""О внесении изменений в
Закон 
Российской
Федерации ""Об акцизах""
Внесены изменения в п.2 статьи 3 Закона.",Data1_2_2082_index.pdf,25
Какой штраф грозит должностным лицам за воспрепятствование осуществлению права на свободу совести и свободу вероисповедания?,"Осуществление права на свободу совести и свободу вероисповедания является 
добровольным, при этом не должны нарушаться правила внутреннего распорядка учреждения, 
исполняющего наказания, а также ущемляться права других лиц.",Уголовно-исполнительный кодекс Российской Федерации.pdf,5
"Какие затраты, связанные с командированием работников подрядных организаций на стройки при обязанности российской организации относятся на объемы работ, выполняемые российскими организациями (ГОСТ)?","Затраты, 
связанные 
с 
командированием
работников 
подрядных 
организаций 
на
стройки
 
 
 
 
 
при обязанности российской организации
+
-
+
-
-
+
+
-
 
при обязанности иностранной фирмы
-
+
-
+
5.",Data1_2_2082_index.pdf,12
Какие обосновывающие документы требуются для расчета затрат на приобретение малоценного и хозяйственного инвентаря согласно ГОСТ МДС 81-7.2000?,"Приобретение
малоценного 
и
хозяйственного инвентаря
-«-
 
4.11.",Data1_2_2116_index.pdf,9
Когда вступает в силу решение об аннулировании свидетельства?,"Решение о возобновлении действия свидетельства вступает в силу с даты его принятия налоговым органом, 
выдавшим свидетельство.",Налоговый кодекс Российской Федерации.pdf,549
"Какие исключения существуют для домов и дворцов культуры, расположенных в городах, районных центрах, поселках городского типа?","Для целей настоящей статьи деятельностью музеев, театров, библиотек, учредителями которых являются 
субъекты Российской Федерации или муниципальные образования, домов и дворцов культуры, клубов, 
учредителями которых являются муниципальные образования (за исключением указанных домов и 
дворцов культуры, клубов, располагающихся в городах, районных центрах (кроме административных 
центров муниципальных районов, являющихся единственным населенным пунктом муниципального 
района), поселках городского типа), признается деятельность, включенная в Перечень видов культурной 
деятельности, установленный Правительством Российской Федерации.",Налоговый кодекс Российской Федерации.pdf,1111
Какой индекс в прогнозном уровне указан для монтажных работ в 1994 году для объектов производственного назначения?,* Уточняются в течение 1993 - 1994 гг.,Data1_2_2075_index.pdf,3
Какие разделы могут входить в техническую часть тендерной документации согласно ГОСТ МДС-80-8.2000?,"Наименование
материала
Государственный
стандарт
Плотность,
кг/м3
Коэффициент
линейного
расширения
(×106), °С-1
Модуль
упругости
материала,
ГПа
Коэффициент
светопропускания
Коэффициент
теплопроводности
материала,
Вт/(м·°С)
Пожарно-
техническая
характеристика
по горючести
1
Стекло листовое
ГОСТ 111-2001
2500
8,5
70
0,85-0,87
0,76
НГ
2
Стекло закаленное
строительное
ГОСТ 
30698-
2000
2500
8,5
70
0,85-0,87
0,76
НГ
3
Стекло
армированное
листовое
ГОСТ 7481-78
2500
8,5
70
0,65-0,75
0,76
НГ
4
Стекло 
листовое
энергосберегающее
ГОСТ 
30773-
2000
2500
8,5
70
0,6-0,75
0,76
НГ
5
Стекло 
защитное
многослойное
ГОСТ Р 51136-
98
2500
8,5
70
0,6-0,8
0,76
НГ
6
Стекло 
листовое
узорчатое
ГОСТ 5533-86
2500
8,5
70
0,6
0,76
НГ
7
Органическое
техническое стекло ГОСТ 17622-72*
Е
1200
80
2,8
0,9
0,18
Г3, Г4
8
Поликарбонат
-
1400
60-80
2,8
0,85
0,2
Г2, Г3
9
Поливинилхлорид
(ПВХ) прозрачный
-
1400
60-80
3,2
0,85
0,16
Г2, Г3
3.2.5.",Data1_10_10846_index.pdf,5
Как выполняются приконьковые продухи согласно ГОСТ МДС 13-18.2000?,"Вентиляцию крыш осуществляют через слуховые окна и вентиляционные
прикарнизные и приконьковые продухи.",Data1_10_10852_index.pdf,12
Как назначаются контрольные и дополнительные рабочие скважины в ходе работ (ГОСТ 3.02.01-83)?,"В ходе работ по данным исполнительной документации назначаются контрольные, а при необходимости и
дополнительные рабочие скважины.",Data1_11_11295_index.pdf,25
Какая дата считается датой осуществления внереализационных и прочих расходов для расходов на содержание служебного транспорта?,"Расходы по разъезду
по 
служебным 
делам
общественным
транспортом
-«-
 
4.19.",Data1_2_2116_index.pdf,9
Какие объекты налогообложения исключаются из налогооблагаемой базы для налога на пользователей автомобильных дорог согласно ГОСТ МДС 81-23.2000?,"По
предприятиям и
организациям,
уплачивающим налог на
реализацию горюче
смазочных материалов,
из налогооблагаемой
базы исключается этот
налог (п.",Data1_2_2070_index.pdf,14
"При каких условиях суд устанавливает факты, имеющие юридическое значение?","Условия, необходимые для установления фактов, имеющих юридическое 
значение 
Суд устанавливает факты, имеющие юридическое значение, только при невозможности получения 
заявителем в ином порядке надлежащих документов, удостоверяющих эти факты, или при невозможности 
восстановления утраченных документов.",Гражданский процессуальный кодекс Российской Федерации.pdf,110
Какие земли муниципальной собственности упоминаются в ГОСТ МДС 11-7.2000?,"В случае, предусмотренном подпунктом 4 пункта 1 настоящей статьи, соглашение о перераспределении 
земель и (или) земельных участков, находящихся в государственной или муниципальной собственности, не 
может быть заключено при наличии обстоятельств, указанных в пункте 7 настоящей статьи, а также при 
наличии следующих обстоятельств: 
1) заявление о перераспределении земельных участков подано в случаях, не предусмотренных 
подпунктом 4 пункта 1 настоящей статьи; 
2) не представлено в письменной форме согласие лиц, указанных в пункте 4 статьи 11.2 настоящего 
Кодекса, если земельные участки, которые предлагается перераспределить, обременены правами 
указанных лиц; 
3) на подлежащем перераспределению земельном участке, который находится в государственной или 
муниципальной собственности и предоставлен гражданам, юридическим лицам, органам государственной 
власти или органам местного самоуправления, в результате такого перераспределения будут расположены 
здание, сооружение, объект незавершенного строительства, находящиеся в государственной или 
муниципальной собственности, в собственности других граждан или юридических лиц, за исключением 
сооружения (в том числе сооружения, строительство которого не завершено), размещение которого 
допускается на основании сервитута, публичного сервитута, или объекта, размещенного в соответствии с 
пунктом 3 статьи 39.36 настоящего Кодекса; 
4) проектом межевания территории предусматривается перераспределение земельного участка, который 
находится в государственной или муниципальной собственности и предоставлен гражданам, юридическим 
лицам, органам государственной власти или органам местного самоуправления, и земель и (или) 
земельных участков, находящихся в государственной или муниципальной собственности и изъятых из 
оборота; 
5) образование земельного участка или земельных участков предусматривается путем перераспределения 
земельного участка, который находится в государственной или муниципальной собственности и 
предоставлен гражданам, юридическим лицам, органам государственной власти или органам местного 
самоуправления, и земель и (или) земельных участков, находящихся в государственной или 
муниципальной собственности и зарезервированных для государственных или муниципальных нужд; 
6) проектом межевания территории предусматривается перераспределение земельного участка, который 
находится в государственной или муниципальной собственности и предоставлен гражданам, юридическим 
лицам, органам государственной власти или органам местного самоуправления, и земельного участка, 
находящегося в государственной или муниципальной собственности и являющегося предметом аукциона, 
извещение о проведении которого размещено в соответствии с пунктом 19 статьи 39.11 настоящего 
Кодекса, либо в отношении такого земельного участка принято решение о предварительном согласовании 
его предоставления, срок действия которого не истек; 
7) образование земельного участка или земельных участков предусматривается путем перераспределения 
земельного участка, который находится в государственной или муниципальной собственности и 
предоставлен гражданам, юридическим лицам, органам государственной власти или органам местного 
самоуправления, и земель и (или) земельных участков, которые находятся в государственной или 
муниципальной собственности и в отношении которых подано заявление о предварительном согласовании",Земельный кодекс Российской Федерации.pdf,85
Сколько опорных точек должно быть передано на монтажные горизонты согласно СНиП 3.01.03-84?,Точность разбивки назначается по СНиП 3.01.03-84 (табл.,Data1_11_11285_index.pdf,17
Что такое перенос убытков на будущее?,"Перенос убытков на будущее 
1.",Налоговый кодекс Российской Федерации.pdf,1076
Может ли правообладатель распоряжаться исключительным правом на произведение?,"Правообладатель может распоряжаться исключительным правом 
на произведение.",Гражданский кодекс Российской Федерации.pdf,525
Какие элементы должны быть показаны на схемах современного использования территории и схемах комплексной оценки территории для городов с расчетной численностью населения 250 - 500 тысяч человек согласно ГОСТ МДС 11-7.2000?,"Графические материалы генерального плана города с расчетной численностью
населения 500 тысяч человек и более выполняются в масштабе 1:10000; города с расчетной
численностью населения 250 - 500 тысяч человек - в масштабе 1:10000 - 1:5000; города,
другого поселения с расчетной численностью населения от 10 до 250 тысяч человек - в
масштабе 1:5000; города, другого поселения с расчетной численностью населения менее 10
тысяч человек - в масштабе 1:2000.",Data1_1_1904_index.pdf,13
Какие отраслевые положения применяются при эксплуатации железнодорожных путей общего пользования согласно ГОСТ МДС 14-13.2000?,"При эксплуатации железнодорожных путей общего пользования и подъездных путей, входящих
в общую сеть железных дорог Союза ССР, автомобильных дорог общего пользования, линий
электропередачи и сооружений связи, морских и речных портовых и судоходных сооружений,
входящих соответственно в систему Министерства путей сообщения, Министерства энергетики и
электрификации СССР, Министерства связи СССР, Министерства морского флота СССР и
министерств и управлений речного флота союзных республик, а также городских водопроводно-
канализационных сооружений, сетей теплофикации и газификации надлежит руководствоваться
соответствующими отраслевыми положениями.",Data1_1_1879_index.pdf,2
"Какое наказание предусмотрено за сокрытие информации, совершенное лицом, занимающим государственную должность?","Те же деяния, совершенные с использованием средств массовой информации либо лицом, занимающим 
государственную должность Российской Федерации или государственную должность субъекта Российской 
Федерации, - 
наказываются штрафом в размере от ста тысяч до пятисот тысяч рублей или в размере заработной платы 
или иного дохода осужденного за период от одного года до трех лет либо лишением свободы на срок до 
пяти лет с лишением права занимать определенные должности или заниматься определенной 
деятельностью на срок до трех лет.",Уголовный кодекс Российской Федерации.pdf,272
"Что происходит, если вред причинен в период действия концессионного соглашения?","В случае причинения вреда вследствие разрушения, повреждения здания, сооружения либо части 
здания или сооружения, нарушения требований к обеспечению безопасной эксплуатации здания, 
сооружения в период действия концессионного соглашения, соглашения о государственно-частном 
партнерстве, соглашения о муниципально-частном партнерстве, предметом которых являются 
строительство или реконструкция и эксплуатация (использование) такого здания, сооружения, возмещение 
вреда и выплата компенсации сверх возмещения вреда, предусмотренной частью 1 настоящей статьи, 
осуществляются концессионером, частным партнером, если иное не предусмотрено концессионным 
соглашением, соглашением о государственно-частном партнерстве, соглашением о муниципально-частном",Градостроительный кодекс Российской Федерации.pdf,280
Какие копии лицензий должны быть представлены при необходимости?,"Вещественные доказательства 
должны быть осмотрены судом, подробно описаны, а при необходимости опечатаны.",Кодекс административного судопроизводства Российской Федерации.pdf,44
Какие действия необходимо предпринять при выпадении отдельных камней или кирпичей из кладки цоколя согласно ГОСТ МДС 13-18.2000?,"Выпадение отдельных камней или кирпичей из кладки цоколя происходит обычно из-
за ее намокания под водосточными трубами из-за отсутствия отметов и лотков или их
высокой подвески, а также при неисправности подвесных желобов по свесам кровли.",Data1_10_10852_index.pdf,2
В какие сроки уполномоченный орган должен направить проект договора аренды иным правообладателям?,"Договор аренды земельного участка заключается с лицами, 
которые подписали этот договор аренды и представили его в уполномоченный орган в указанный срок.",Земельный кодекс Российской Федерации.pdf,77
В каких случаях защитник участвует в уголовном деле с момента начала процессуальных действий?,"Защитник участвует в уголовном деле: 
1) с момента вынесения постановления о привлечении лица в качестве обвиняемого, за исключением 
случаев, предусмотренных пунктами 2 - 5 настоящей части; 
2) с момента возбуждения уголовного дела в отношении конкретного лица; 
3) с момента фактического задержания лица, подозреваемого в совершении преступления, в случаях: 
а) предусмотренных статьями 91 и 92 настоящего Кодекса; 
б) применения к нему в соответствии со статьей 100 настоящего Кодекса меры пресечения в виде 
заключения под стражу; 
3.1) с момента вручения уведомления о подозрении в совершении преступления в порядке, 
установленном статьей 223.1 настоящего Кодекса; 
4) с момента объявления лицу, подозреваемому в совершении преступления, постановления о назначении 
судебно-психиатрической экспертизы; 
5) с момента начала осуществления иных мер процессуального принуждения или иных процессуальных 
действий, затрагивающих права и свободы лица, подозреваемого в совершении преступления; 
6) с момента начала осуществления процессуальных действий, затрагивающих права и свободы лица, в 
отношении которого проводится проверка сообщения о преступлении в порядке, предусмотренном 
статьей 144 настоящего Кодекса.",Уголовно-процессуальный кодекс Российской Федерации.pdf,41
"Почему важно не обещать больше, чем можно сделать, согласно ГОСТ МДС 11-11.2000?","Успешному маркетингу содействует соблюдение следующих общих принципов:
1) не обещайте больше, чем можете сделать!",Data1_10_10858_index.pdf,15
Какие общесоюзные ценники на пусконаладочные работы перечислены в Приложении 1 к МДС 81-8.2000?,"Перечень
общесоюзных ценников приводится в приложении 1;",Data1_10_10864_index.pdf,16
Какое максимальное количество баллов можно получить за показатель «Использование местных материалов» согласно ГОСТ МДС 80-3.2000?,"Использование
местных материалов
 
 
 
 
 
 
Г.1.",Data1_10_10869_index.pdf,6
Какие сведения должны содержаться в определении по делу о выдаче исполнительного листа на принудительное исполнение решения третейского суда?,"В определении по делу о выдаче исполнительного листа на принудительное исполнение 
решения третейского суда должны содержаться: 
1) сведения о составе третейского суда, принявшего это решение; 
2) 
наименование 
постоянно 
действующего 
арбитражного 
учреждения, 
администрировавшего третейское разбирательство, его место нахождения (в случае наличия 
постоянно действующего арбитражного учреждения); 
3) наименования сторон третейского разбирательства; 
4) сведения о решении третейского суда, о выдаче исполнительного листа на 
принудительное исполнение которого ходатайствует заявитель; 
5) указание на выдачу исполнительного листа на принудительное исполнение решения 
третейского суда или отказ в выдаче исполнительного листа.",Арбитражный процессуальный кодекс Российской Федерации.pdf,150
При каких условиях объявляются торги несостоявшимися?,"В случае, если по истечении срока представления заявок на участие в конкурсе 
представлено менее двух таких заявок или конкурсной комиссией признано соответствующими 
установленным требованиям менее двух предложенных условий, конкурс по решению конкурсной 
комиссии объявляется несостоявшимся.",Лесной кодекс Российской Федерации.pdf,73
Кому направляются копии постановления судьи?,"Копия постановления судьи направляется обвиняемому, потерпевшему и прокурору.",Уголовно-процессуальный кодекс Российской Федерации.pdf,163
Каковы требования к коагулянту (кремнефтористо-водородная кислота) при однорастворной двухкомпонентной силикатизации по СНиП 3.02.01-83?,Согласно главе СНиП 3.02.01-83 (разд.,Data1_11_11295_index.pdf,25
"В каких случаях доходы, полученные физическими лицами за оказание услуг для личных, домашних и (или) иных подобных нужд, освобождаются от налогообложения?","Законом субъекта Российской Федерации могут быть установлены также иные виды услуг для личных, 
домашних и (или) иных подобных нужд, доходы от оказания которых освобождаются от налогообложения в 
соответствии с настоящим пунктом.",Налоговый кодекс Российской Федерации.pdf,822
"Что происходит с средствами финансовой поддержки, если условия их получения нарушены?","В случае нарушения условий получения средств финансовой поддержки, предусмотренных абзацем 
седьмым настоящего подпункта, сумма полученных средств финансовой поддержки в полном объеме 
отражается в составе доходов налогового периода, в котором допущено нарушение.",Налоговый кодекс Российской Федерации.pdf,1488
Какие требования к устойчивости фонарей к температурным перепадам установлены ГОСТ МДС 31-8.2002?,"ЦЕНТРАЛЬНЫЙ НАУЧНО-ИССЛЕДОВАТЕЛЬСКИЙ
И ПРОЕКТНО-ЭКСПЕРИМЕНТАЛЬНЫЙ ИНСТИТУТ
ПРОМЫШЛЕННЫХ ЗДАНИЙ И СООРУЖЕНИЙ
ОАО «ЦНИИПРОМЗДАНИЙ»
РЕКОМЕНДАЦИИ
ПО ПРОЕКТИРОВАНИЮ
И УСТРОЙСТВУ ФОНАРЕЙ
ДЛЯ ЕСТЕСТВЕННОГО
ОСВЕЩЕНИЯ ПОМЕЩЕНИЙ
МДС 31-8.2002
Москва 2002
Рекомендованы к изданию решением Секции строительных конструкций зданий Научно-технического
совета ОАО «ЦНИИпромзданий» 10 июля 2002 г.",Data1_10_10846_index.pdf,1
Какие права имеет прокурор в пределах своих полномочий?,Прокурор в пределах своих полномочий вправе:,Административный кодекс Российской Федерации.pdf,515
Должны ли быть едиными индексы пересчета от цен 2000 г. в текущие цены для ТЕРм и ФЕРм?,"Применение разных индексов пересчета в текущие цены от цен 2000 года для
ТЕРм и для ФЕРм, пересчитанных в цены какого-либо региона, не допускается.",Data1_10_10754_index.pdf,18
Что является основанием для проведения предварительного слушания согласно части второй статьи 229?,"Комментарии к статьям на сайте 
https://upkodeksrf.ru/ 
 
 
 
 
 
6) имеются ли основания проведения предварительного слушания, предусмотренные частью второй статьи 
229 настоящего Кодекса.",Уголовно-процессуальный кодекс Российской Федерации.pdf,164
Какие единые нормативы отчислений в бюджеты муниципальных районов могут быть установлены законом субъекта РФ?,"Муниципальным правовым актом представительного органа муниципального района (за 
исключением решения о бюджете муниципального района или иного решения на ограниченный 
срок действия) могут быть установлены единые для всех сельских поселений муниципального 
района нормативы отчислений в бюджеты сельских поселений от федеральных налогов и сборов, в 
том числе налогов, предусмотренных специальными налоговыми режимами, региональных и (или) 
местных налогов, подлежащих зачислению в соответствии с настоящим Кодексом и (или) законом 
субъекта Российской Федерации в бюджет муниципального района.",Бюджетный кодекс Российской Федерации.pdf,72
"Когда был принят Указ Президиума Верховного Совета СССР ""О внесении дополнений в Кодекс торгового мореплавания Союза ССР""?","488); 
Указ Президиума Верховного Совета СССР от 20 мая 1974 года N 6001-VIII ""О внесении 
дополнений в Кодекс торгового мореплавания Союза ССР"" (Ведомости Верховного Совета СССР, 
1974, N 22, ст.",Кодекс торгового мореплавания Российской Федерации.pdf,144
Какие требования к разработке чертежей архитектурно-строительной части зданий и сооружений указаны в ГОСТ МДС-80-8.2000?,"ПОКАЗАТЕЛИ (ОБЪЕМНЫЕ И ПО ПЛОЩАДЯМ) ПО ЗДАНИЯМ И СООРУЖЕНИЯМ
В технической части тендерной документации должны быть разработаны чертежи архитектурно-
строительной части всех зданий и сооружений, входящих в объект торгов.",Data1_10_10865_index.pdf,24
Какие цены могут быть приняты за базисный уровень стоимости согласно СНиПу?,"Базисный (постоянный) уровень стоимости - это стоимость, определенная на основе
сметных цен, зафиксированных на какую-то дату.",Data1_10_10864_index.pdf,4
Какие действия должен предпринять исполнитель для приобретения прав на результат интеллектуальной деятельности?,"В течение срока действия лицензионного договора лицензиар обязан воздерживаться от каких-либо 
действий, способных затруднить осуществление лицензиатом предоставленного ему права использования 
результата интеллектуальной деятельности или средства индивидуализации в установленных договором 
пределах.",Гражданский кодекс Российской Федерации.pdf,499
Какие элементы должны быть показаны на схеме современного использования и комплексной оценки территории в концепции генерального плана согласно ГОСТ МДС 11-7.2000?,"На схеме современного использования и комплексной оценки территории должны
быть показаны: существующее функциональное использование территории; границы
национально-государственных и административно-территориальных образований (в том
числе городская, поселковая черта), границы пригородной зоны и ее основных",Data1_1_1904_index.pdf,11
Что влечет наложение административного штрафа на граждан за нарушение правил найма жилого помещения жилищного фонда социального использования?,"Комментарии к статьям на сайте 
https://koapkodeksrf.ru/ 
 
 
 
 
исполнению таких договоров, требований к деятельности по предоставлению жилых помещений по 
договорам найма жилых помещений жилищного фонда социального использования либо требований, 
установленных в отношении количества жилых помещений и общей площади жилых помещений, которые 
должны быть предоставлены в наемном доме социального использования по договорам найма жилых 
помещений жилищного фонда социального использования, - 
влечет наложение административного штрафа на должностных лиц в размере от двадцати до пятидесяти 
тысяч рублей; на юридических лиц - от ста до двухсот тысяч рублей.",Административный кодекс Российской Федерации.pdf,101
"Какие ограничения могут быть установлены в границах зон с особыми условиями использования территории, если они не предусмотрены федеральным законом?","Правительство Российской Федерации утверждает положение в отношении каждого вида зон с особыми 
условиями использования территорий, за исключением зон с особыми условиями использования 
территорий, которые возникают в силу федерального закона (водоохранные зоны, прибрежные защитные 
полосы, защитные зоны объектов культурного наследия), в котором должны быть определены: 
1) порядок подготовки и принятия решений об установлении, изменении, о прекращении существования 
указанных зон; 
2) исчерпывающий перечень объектов, территорий, в связи с размещением которых или в целях защиты и 
сохранения которых устанавливается зона с особыми условиями использования территории, или критерии 
таких объектов, виды территорий; 
3) срок, на который устанавливаются указанные зоны, за исключением случаев установления зон 
бессрочно; 
4) требования к предельным размерам указанных зон и (или) правила определения размеров зон, за 
исключением случаев, если требования к таким предельным размерам и (или) правилам определения 
размеров зон установлены федеральным законом; 
5) порядок обозначения границы зоны с особыми условиями использования территории и (или) 
местоположения объекта, в связи с размещением которого устанавливается зона с особыми условиями 
использования территории, на местности; 
6) перечень ограничений использования земельных участков, которые могут быть установлены в границах 
указанных зон, за исключением случаев, если перечень этих ограничений установлен федеральным 
законом, а также перечень ограничений хозяйственной и иной деятельности, которые могут быть 
установлены на водном объекте в случае, если в границы зоны с особыми условиями использования 
территории включаются акватория водного объекта, ее часть.",Земельный кодекс Российской Федерации.pdf,187
Может ли банк использовать имеющиеся на счете денежные средства?,"Банк может использовать имеющиеся на счете денежные средства, гарантируя право клиента 
беспрепятственно распоряжаться этими средствами.",Гражданский кодекс Российской Федерации.pdf,349
Какие данные о материалах-представителях содержатся в форме № 4 согласно ГОСТ Р 54501-2011?,"Приложение 2 
к Правилам дорожного движения 
Российской Федерации 
 
Дорожная разметка и ее характеристики 
(по ГОСТу Р 51256-2011 и ГОСТу Р 52289-2004) 
1.",ПДД Российской Федерации.pdf,50
"Как определяется право собственности и иные вещные права на судно, подлежащее государственной регистрации?","Право собственности и иные вещные права на судно, подлежащее государственной 
регистрации, определяются законом государства, в котором зарегистрировано судно.",Кодекс торгового мореплавания Российской Федерации.pdf,140
Как назначается и освобождается от должности главный государственный инспектор труда Российской Федерации?,"Директор, его
заместитель и главный бухгалтер назначаются и освобождаются от должности
вышестоящим органом.",Data1_1_1804_index.pdf,7
На каком сайте можно найти комментарии к статьям?,"Комментарии к статьям на сайте 
https://gkodeksrf.ru/ 
  
 
Статья 228.",Гражданский кодекс Российской Федерации.pdf,135
"Для каких целей применяются реагенты, описанные в Приложении 16 к ГОСТ (к СНиП 3.02.01-83)?",Согласно главе СНиП 3.02.01-83 (разд.,Data1_11_11295_index.pdf,25
Какое определение дается аэропорту федерального значения?,"Аэропорт федерального значения - аэропорт, необходимый для организации 
воздушного сообщения между городами федерального значения Москвой, Санкт-Петербургом, 
Севастополем и административными центрами (столицами) субъектов Российской Федерации, а 
также международные аэропорты.",Воздушный кодекс Российской Федерации.pdf,20
Какие основные критерии используются для рассмотрения заявок претендентов в ГОСТ МДС 80-5.2000?,"ГОССТРОЙ РОССИИ
МЕТОДИЧЕСКИЕ РЕКОМЕНДАЦИИ
ПО ПРОВЕДЕНИЮ
ПРЕДВАРИТЕЛЬНОЙ КВАЛИФИКАЦИИ
ПРЕТЕНДЕНТОВ НА УЧАСТИЕ
В ПОДРЯДНЫХ ТОРГАХ
МДС 80-5.2000
МОСКВА 1999
РАЗРАБОТАНЫ АО ЦНИИпроект (канд.",Data1_10_10867_index.pdf,1
Можно ли начать строительство или реконструкцию объекта капитального строительства без выполнения инженерных изысканий?,"Подготовка проектной документации, а также 
строительство, реконструкция объектов капитального строительства в соответствии с такой проектной 
документацией не допускаются без выполнения соответствующих инженерных изысканий.",Градостроительный кодекс Российской Федерации.pdf,112
Какие требования предъявляются к поставщикам промышленной продукции согласно ГОСТ МДС 81-9.2000?,"Правила установления допустимых
выбросов вредных веществ промышленными предприятиями
ГОСТ 17.2.4.02-81                   Охрана природы.",Data1_10_10865_index.pdf,33
Когда был принят Семейный кодекс Российской Федерации?,"Приемными родителями могут быть супруги, а также отдельные граждане, желающие 
принять ребенка или детей на воспитание.",Семейный кодекс Российской Федерации.pdf,47
"Какие требования предъявляются к проектированию, строительству, реконструкции, вводу в эксплуатацию и эксплуатации зданий, строений, сооружений для рекреационных целей?","Проектирование, строительство, реконструкция, ввод в эксплуатацию и эксплуатация 
зданий, строений, сооружений для рекреационных целей, в том числе для обустройства пляжей, 
осуществляются 
в 
соответствии 
с 
водным 
законодательством 
и 
законодательством 
о 
градостроительной деятельности.",Водный кодекс Российской Федерации.pdf,30
Что такое площадь стоянки для транспортных средств согласно определению в тексте?,"К данным услугам не относятся услуги по заправке автотранспортных 
средств, услуги по гарантийному ремонту и обслуживанию и услуги по хранению автотранспортных средств 
на платных и штрафных стоянках; 
18) стоянки для транспортных средств - площади, используемые в качестве мест для оказания платных 
услуг по предоставлению во временное владение (в пользование) мест для стоянки транспортных средств, 
а также по хранению транспортных средств (за исключением штрафных стоянок); 
19) площадь стоянки для транспортных средств - общая площадь стоянки, определяемая на основании 
правоустанавливающих и инвентаризационных документов; 
20) транспортные средства (в целях подпунктов 10 и 11 пункта 2 настоящей статьи) - автотранспортные 
средства, предназначенные для перевозки по дорогам грузов и пассажиров (автобусы любых типов, 
легковые и грузовые автомобили).",Налоговый кодекс Российской Федерации.pdf,1537
"Что происходит, если организация не представит повторное уведомление об освобождении от исполнения обязанностей налогоплательщика?","В случае непредставления указанного повторного 
уведомления первое представленное уведомление об освобождении от исполнения обязанностей 
налогоплательщика по налогу в отношении указанного участка недр считается непредставленным начиная с 
1 января 2020 года.",Налоговый кодекс Российской Федерации.pdf,1328
Какие единицы измерения могут использоваться в Форме № 3-св согласно ГОСТ?,"1
2
3
4
5
Форма № 3-св
СВОДКА
ОБЪЕМОВ И СТОИМОСТИ ПОДРЯДНЫХ РАБОТ
на _______________________________________________________
(наименование объекта)
Наименование и количество единиц измерения
№
№
п/
п
Коды КЭ и
конструктивных
решений
Наименование
разделов,
конструктивных
элементов и
устройств
Единица
измерения
Коли-
чество
Сметная стоимость в текущем уровне цен, тыс.",Data1_2_2076_index.pdf,15
Какова продолжительность периода со среднесуточной температурой воздуха < 8 °C в г. Джарджан согласно документу МДС 31-8.2002?,"ЦЕНТРАЛЬНЫЙ НАУЧНО-ИССЛЕДОВАТЕЛЬСКИЙ
И ПРОЕКТНО-ЭКСПЕРИМЕНТАЛЬНЫЙ ИНСТИТУТ
ПРОМЫШЛЕННЫХ ЗДАНИЙ И СООРУЖЕНИЙ
ОАО «ЦНИИПРОМЗДАНИЙ»
РЕКОМЕНДАЦИИ
ПО ПРОЕКТИРОВАНИЮ
И УСТРОЙСТВУ ФОНАРЕЙ
ДЛЯ ЕСТЕСТВЕННОГО
ОСВЕЩЕНИЯ ПОМЕЩЕНИЙ
МДС 31-8.2002
Москва 2002
Рекомендованы к изданию решением Секции строительных конструкций зданий Научно-технического
совета ОАО «ЦНИИпромзданий» 10 июля 2002 г.",Data1_10_10846_index.pdf,1
Какие критерии оценки эффективности деятельности органов государственной власти субъектов Российской Федерации по осуществлению переданных полномочий устанавливаются?,"Критерии оценки эффективности деятельности органов государственной власти субъектов 
Российской Федерации по осуществлению переданных в соответствии с частью 1 настоящей статьи 
полномочий устанавливаются Правительством Российской Федерации.",Лесной кодекс Российской Федерации.pdf,77
Что такое конкурентность в контексте ГОСТ МДС 80-2.2000?,"ГОССТРОЙ РОССИИ
МЕТОДИЧЕСКИЕ РЕКОМЕНДАЦИИ
ПО ОЦЕНКЕ ОФЕРТ
И ВЫБОРУ ЛУЧШЕГО ПРЕДЛОЖЕНИЯ
ИЗ ПРЕДСТАВЛЕННЫХ
НА ПОДРЯДНЫЕ ТОРГИ
МДС 80-3.2000
МОСКВА 1998
РАЗРАБОТАНЫ 
Межрегиональным 
научно-методическим 
центром
ценообразования в строительстве ЦНИИЭУС Госстроя России (МЦЦС) (канд.",Data1_10_10869_index.pdf,1
Какие исходные данные необходимы для разработки годового плана технического обслуживания и ремонта кранов?,"ПРИЛОЖЕНИЕ 8
СОСТАВ И СОДЕРЖАНИЕ ИСХОДНЫХ ДАННЫХ ДЛЯ РАЗРАБОТКИ
ГЕНЕРАЛЬНОГО ПЛАНА ТЕРРИТОРИИ СЕЛЬСКОГО ОРГАНА МЕСТНОГО
САМОУПРАВЛЕНИЯ
1.",Data1_1_1904_index.pdf,31
Какие данные должны быть указаны в договоре теплоснабжения при установке узла учета не на границе эксплуатационной ответственности?,"При размещении узла учета не на границе эксплуатационной ответственности
потери тепловой энергии и теплоносителей на участке тепловой сети между местом
установки узла учета и указанной границей определяются расчетным путем или по
результатам замеров и учитываются дополнительно; величину потерь следует
указывать в договоре теплоснабжения.",Data1_10_10870_index.pdf,4
"Что делать, если сведения, подлежащие представлению, не содержатся в представленных перевозчиком документах?","В случае если сведения, подлежащие представлению в соответствии с пунктами 1 и 2 
настоящей статьи, не содержатся в представленных перевозчиком документах либо если 
документы, подтверждающие соблюдение запретов и ограничений, не представляются в 
соответствии с пунктом 2 статьи 80 настоящего Кодекса, перевозчик обязан представить иные 
документы, содержащие недостающие сведения, либо заявить недостающие сведения и (или) 
сведения о документах, которые не представляются, путем подачи заявления в произвольной 
форме.",Таможенный кодекс Евразийского экономического союза.pdf,96
Кто имеет право вводить режим особых условий?,"Знаки особых предписаний 
 
Знаки особых предписаний вводят или отменяют определенные режимы движения.",ПДД Российской Федерации.pdf,42
Какие лазерные приборы используются для определения прямолинейности и высотного положения рельсов согласно СНиП 3.01.03-84?,Точность разбивки назначается по СНиП 3.01.03-84 (табл.,Data1_11_11285_index.pdf,17
Какие сведения должен предоставить страхователь при заключении договора страхования?,"Сведения, предоставляемые страхователем при заключении договора 
страхования 
1.",Гражданский кодекс Российской Федерации.pdf,390
Что влечет иное нарушение требований к порядку ведения реестра владельцев ценных бумаг?,"Иное нарушение лицом, осуществляющим ведение реестра владельцев ценных бумаг, установленных 
федеральными законами и принятыми в соответствии с ними иными нормативными правовыми актами 
требований к порядку ведения реестра владельцев ценных бумаг - 
влечет наложение административного штрафа на должностных лиц в размере от пяти тысяч до десяти 
тысяч рублей; на юридических лиц - от ста тысяч до трехсот тысяч рублей.",Административный кодекс Российской Федерации.pdf,321
"Когда проценты, начисленные налоговым органом, подлежат уплате налогоплательщику без заявления?","Проценты, начисленные налоговым органом в соответствии с настоящим пунктом на дату вынесения 
решения о возврате суммы излишне уплаченного налога, подлежат уплате налогоплательщику на 
основании такого решения без заявления налогоплательщика об уплате процентов.",Налоговый кодекс Российской Федерации.pdf,188
Может ли срок защиты прав превышать срок действия исключительного права правообладателя?,"Срок защиты прав на объекты интеллектуальной собственности таможенными органами 
не может превышать срок действия исключительного права правообладателя на соответствующий 
объект интеллектуальной собственности.",Таможенный кодекс Евразийского экономического союза.pdf,446
В каких случаях принимается решение о внесении изменений в предварительное решение о происхождении товара?,"Решение о внесении изменений в предварительное решение о происхождении товара 
принимается в случае выявления таможенным органом или заявителем ошибок, которые допущены 
при принятии этого предварительного решения о происхождении товара и которые не влияют на 
сведения о происхождении товара.",Таможенный кодекс Евразийского экономического союза.pdf,32
"Что происходит, если в производстве арбитражного суда, суда общей юрисдикции, третейского суда имеется дело по спору между теми же лицами, о том же предмете и по тем же основаниям?","Арбитражный суд прекращает производство по делу, если установит, что: 
1) имеются основания, предусмотренные пунктом 1 части 1 статьи 127.1 настоящего 
Кодекса; 
2) имеется вступивший в законную силу принятый по спору между теми же лицами, о том 
же предмете и по тем же основаниям судебный акт арбитражного суда, суда общей юрисдикции 
или компетентного суда иностранного государства, за исключением случаев, если арбитражный 
суд отказал в признании и приведении в исполнение решения иностранного суда; 
3) имеется принятое по спору между теми же лицами, о том же предмете и по тем же 
основаниям решение третейского суда, за исключением случаев, если арбитражный суд отказал в 
выдаче исполнительного листа на принудительное исполнение решения третейского суда либо если 
арбитражный суд отменил указанное решение; 
4) истец отказался от иска и отказ принят арбитражным судом; 
5) организация, являющаяся стороной в деле, ликвидирована; 
6) после смерти гражданина, являющегося стороной в деле, спорное правоотношение не",Арбитражный процессуальный кодекс Российской Федерации.pdf,76
Какая форма используется для составления локальной сметы по ГОСТ МДС 81-8.2000?,"Сметная прибыль (по МДС 81-
25.2001)
 
 
 
8.",Data1_10_10754_index.pdf,24
Какие условия и порядок возмещения ущерба должны быть определены в соглашении о проведении реконструкции?,"Соглашением сторон должен быть 
определен размер возмещения таких потерь или порядок его определения.",Гражданский кодекс Российской Федерации.pdf,218
Какие полномочия имеют федеральные органы исполнительной власти в области охраны труда?,"Государственное управление охраной труда на территориях субъектов Российской Федерации 
осуществляется федеральными органами исполнительной власти и органами исполнительной власти 
субъектов Российской Федерации в области охраны труда в пределах их полномочий.",Трудовой кодекс Российской Федерации.pdf,116
Как отказывается от судебного иммунитета международной организации?,"Отказ от судебного иммунитета должен быть произведен в порядке, предусмотренном правилами 
международной организации.",Гражданский процессуальный кодекс Российской Федерации.pdf,163
Как предотвращаются перегрузки строительных конструкций согласно МДС 14-13.2000?,"МИНИСТЕРСТВО СТРОИТЕЛЬСТВА РОССИЙСКОЙ ФЕДЕРАЦИИ
(МИНСТРОЙ РОССИИ)
 
МЕТОДИЧЕСКИЕ РЕКОМЕНДАЦИИ
ПО РАСЧЕТУ ИНДЕКСОВ ЦЕН
НА СТРОИТЕЛЬНУЮ ПРОДУКЦИЮ
ДЛЯ ПОДРЯДНЫХ СТРОИТЕЛЬНО-МОНТАЖНЫХ
ОРГАНИЗАЦИЙ
 
МДС 81-14.2000
 
(приняты и введены в действие письмом
Минстроя РФ от 13 ноября 1996 г.",Data1_2_2117_index.pdf,1
Какие административные правонарушения могут рассматриваться руководителем подразделения центрального аппарата Министерства внутренних дел Российской Федерации по вопросам миграции и его заместителями?,"Рассматривать дела об административных правонарушениях от имени органов военной полиции 
Вооруженных Сил Российской Федерации вправе: 
1) начальник центрального органа военной полиции Вооруженных Сил Российской Федерации, его 
заместители и руководители структурных подразделений центрального органа военной полиции 
Вооруженных Сил Российской Федерации;",Административный кодекс Российской Федерации.pdf,503
Как определяется стоимость материалов-представителей в текущем уровне цен согласно ГОСТ МДС 81-10.2000?,"Стоимость материалов для проектируемого объекта определяется умножением приведенного расхода материалов-
представителей по каждому виду работ на стоимость единицы измерения материала-представителя по текущим ценам
для данной стройки с корректировкой затрат на их транспортировку.",Data1_2_2117_index.pdf,4
Какие характеристики оборудования для цементации грунтов описаны в Приложении 20 к ГОСТ (к СНиП 3.02.01-83)?,"ГЕРСЕВАНОВА
ГОССТРОЯ СССР
ПОСОБИЕ
ПО ХИМИЧЕСКОМУ ЗАКРЕПЛЕНИЮ ГРУНТОВ
ИНЪЕКЦИЕЙ В ПРОМЫШЛЕННОМ
И ГРАЖДАНСКОМ СТРОИТЕЛЬСТВЕ
(к СНиП 3.02.01-83)
Утверждено приказом НИИОСП им.",Data1_11_11295_index.pdf,1
Как обеспечивается соизмеримость наборов ресурсов и показателей затрат согласно ГОСТ?,"Для обеспечения соизмеримости наборы ресурсов и показатели затрат по
основным калькуляционным элементам устанавливаются для всех объектов-
представителей на 1 млн.",Data1_2_2080_index.pdf,4
Какие предприятия и учреждения охватываются рекомендациями?,"Системой УПБС охватываются:
· предприятия и комплексы объектов;
· здания и сооружения;
· виды работ и конструктивные элементы.",Data1_2_2081_index.pdf,1
Какие нормокомплекты геодезических приборов и приспособлений указываются в ППГР согласно СНиП 3.01.03-84?,"В ППГР как на отдельные объекты, так и на все строительство в целом по
производственным 
подразделениям 
должны 
указываться 
нормокомплекты
геодезических приборов и приспособлений (прил.",Data1_11_11285_index.pdf,5
"Как определяется облагаемый оборот для строительных, строительно-монтажных и ремонтно-строительных организаций по ГОСТ МДС 81-23.2000?","для
строительных,
строительно-монтажных
и ремонтных
организаций оборотом,
облагаемым налогом,
считать стоимость
реализованной
строительной продукции
(работ, услуг) [п.",Data1_2_2070_index.pdf,5
"Когда признаются доходы в виде положительной переоценки стоимости драгоценных металлов и требований, выраженных в драгоценных металлах?","Комментарии к статьям на сайте
https://nkodeksrf.ru/
в виде иных аналогичных доходов; 
4) дата признания должником либо дата вступления в законную силу решения суда - по доходам в виде 
штрафов, пеней и (или) иных санкций за нарушение договорных или долговых обязательств, а также в виде 
сумм возмещения убытков (ущерба), если иное не предусмотрено подпунктом 15 настоящего пункта; 
5) последний день отчетного (налогового) периода - по доходам: 
в виде сумм восстановленных резервов и иным аналогичным доходам; 
в виде распределенного в пользу налогоплательщика при его участии в простом товариществе дохода; 
по доходам от доверительного управления имуществом; 
по иным аналогичным доходам; 
6) дата выявления дохода (получения и (или) обнаружения документов, подтверждающих наличие дохода) - 
по доходам прошлых лет; 
7) дата перехода права собственности на иностранную валюту и драгоценные металлы при совершении 
операций с иностранной валютой и драгоценными металлами (в том числе по обезличенным 
металлическим счетам), а также последнее число текущего месяца - по доходам в виде положительной 
курсовой разницы по имуществу и требованиям (обязательствам), стоимость которых выражена в 
иностранной валюте (за исключением авансов), и положительной переоценки стоимости драгоценных 
металлов и требований (обязательств), выраженных в драгоценных металлах, осуществляемой в порядке, 
установленном нормативными актами Центрального банка Российской Федерации, если иное не 
предусмотрено подпунктом 7.1 настоящего пункта; 
7.1) дата прекращения (исполнения) требований (обязательств), выраженных в иностранной валюте, при 
дооценке (уценке) которых возникает положительная курсовая разница, - по доходам в виде 
положительной курсовой разницы, возникшей в налоговых (отчетных) периодах 2022 - 2024 годов по 
требованиям (обязательствам), в том числе по требованиям по договору банковского вклада (депозита), 
стоимость которых выражена в иностранной валюте (за исключением авансов); 
8) дата составления акта ликвидации амортизируемого имущества, оформленного в соответствии с 
требованиями к бухгалтерскому учету, - по доходам в виде полученных материалов или иного имущества 
при ликвидации выводимого из эксплуатации амортизируемого имущества; 
9) дата, когда получатель имущества (в том числе денежных средств) фактически использовал указанное 
имущество (в том числе денежные средства) не по целевому назначению либо нарушил условия, на 
которых они предоставлялись, - для доходов в виде имущества (в том числе денежных средств), указанных в 
пунктах 14, 15 статьи 250 настоящего Кодекса; 
10) дата перехода права собственности на иностранную валюту для доходов от продажи (покупки) 
иностранной валюты; 
11) датой получения дохода в виде денежного эквивалента имущества, переданного на пополнение 
целевого капитала некоммерческой организации в установленном Федеральным законом от 30 декабря 
2006 года N 275-ФЗ ""О порядке формирования и использования целевого капитала некоммерческих 
организаций"" порядке и возвращенного жертвователю или его правопреемникам, признается дата 
зачисления денежных средств на расчетный счет налогоплательщика;",Налоговый кодекс Российской Федерации.pdf,1013
Какие районы Амурской области входят в перечень районов Крайнего Севера согласно ГЭСН-2001?,"ГЭСН распространяются на строительство, осуществляемое в районах
Крайнего Севера и местностях, приравненных к районам Крайнего Севера, перечень
которых приведен в приложении 3.",Data1_10_10062_index.pdf,5
"В каких случаях правила, установленные главой о морской перевозке груза, не применяются?","Правила, установленные настоящей главой об ответственности перевозчика за утрату или 
повреждение багажа и об ограничении такой ответственности, не применяются при его перевозке в 
каботаже.",Кодекс торгового мореплавания Российской Федерации.pdf,74
"Какие условия должны быть соблюдены при помещении иностранных товаров, помещенных под таможенную процедуру временного ввоза (допуска), под таможенную процедуру таможенного транзита согласно статье 306?","До истечения срока действия таможенной процедуры временного ввоза (допуска), 
установленного таможенным органом, действие этой таможенной процедуры может быть 
завершено: 
1) помещением временно ввезенных товаров под таможенные процедуры, применимые в 
отношении иностранных товаров, на условиях, предусмотренных настоящим Кодексом, за 
исключением таможенной процедуры таможенного транзита, если иное не установлено настоящим 
пунктом; 
2) возобновлением действия таможенной процедуры переработки на таможенной 
территории, действие которой было приостановлено в соответствии с пунктом 3 статьи 173 
настоящего Кодекса; 
3) помещением временно ввезенных товаров под таможенную процедуру таможенного 
транзита, если эти товары помещены под эту таможенную процедуру для перевозки 
(транспортировки) 
по 
таможенной 
территории 
Союза 
с 
территории 
государства-члена, 
таможенным органом которого произведен выпуск товаров при их помещении под таможенную 
процедуру временного ввоза (допуска), на территорию иного государства-члена.",Таможенный кодекс Евразийского экономического союза.pdf,262
"Что грозит за внесение пожертвований в крупных размерах в избирательный фонд, фонд референдума через подставных лиц?","Передача кандидату, избирательному объединению в целях достижения определенного результата на 
выборах денежных средств в крупных размерах, минуя соответствующий избирательный фонд, или 
расходование в целях достижения определенного результата на выборах не перечисленных в 
избирательные фонды денежных средств в крупных размерах, или передача кандидату, избирательному 
объединению в целях достижения определенного результата на выборах материальных ценностей в 
крупных размерах без компенсации за счет средств соответствующего избирательного фонда, или 
выполнение оплачиваемых работ, реализация товаров, оказание платных услуг, прямо или косвенно 
связанных с выборами и направленных на получение определенного результата на выборах, 
осуществленные в крупных размерах без оплаты из соответствующего избирательного фонда или с оплатой 
из соответствующего избирательного фонда по необоснованно заниженным расценкам, или передача 
инициативной группе по проведению референдума, иной группе участников референдума в целях 
достижения определенного результата на референдуме денежных средств в крупных размерах, минуя 
соответствующий фонд референдума, или расходование в целях достижения определенного результата на 
референдуме не перечисленных в фонды референдума денежных средств в крупных размерах, или 
передача инициативной группе по проведению референдума, иной группе участников референдума в 
целях достижения определенного результата на референдуме материальных ценностей в крупных 
размерах без компенсации за счет средств соответствующего фонда референдума, или выполнение 
оплачиваемых работ, реализация товаров, оказание платных услуг, прямо или косвенно связанных с 
референдумом и направленных на выдвижение инициативы проведения референдума, на достижение 
определенного результата на референдуме, осуществленные в крупных размерах без оплаты из 
соответствующего фонда референдума или с оплатой из соответствующего фонда референдума по 
необоснованно заниженным расценкам, а также внесение пожертвований в крупных размерах в 
избирательный фонд, фонд референдума через подставных лиц - 
наказываются штрафом в размере от двухсот тысяч до пятисот тысяч рублей или в размере заработной 
платы или иного дохода осужденного за период от одного года до трех лет, либо обязательными работами 
на срок до трехсот шестидесяти часов, либо исправительными работами на срок до одного года, либо 
принудительными работами на срок до одного года, либо лишением свободы на тот же срок.",Уголовный кодекс Российской Федерации.pdf,71
"Что происходит, если значение коэффициента КНДД меньше единицы?","В случае, если значение коэффициента 
 меньше единицы, для целей определения 
 значение ЭП 
принимается равным 0.",Налоговый кодекс Российской Федерации.pdf,1433
Какова температура при промывке систем отопления соляной кислотой с ингибитором АКХ-ИФХАН по МДС 13-18.2000?,"соляной кислоты, используя для последней ингибитор АКХ-ИФХАН.",Data1_10_10852_index.pdf,18
"Какие питающие линии электроснабжения, обеспечивающие системы пожарной безопасности, исключаются из графиков временного отключения электрической энергии согласно ГОСТ МДС 13-19.2001?","Питающие линии электроснабжения, обеспечивающие системы пожарной
безопасности.",Data1_10_10853_index.pdf,4
Какой размер пошлины установлен за внесение изменений в решение о выдаче визы?,"При государственной регистрации актов гражданского состояния или совершении указанных в статье 
333.26 настоящего Кодекса действий государственная пошлина уплачивается с учетом следующих 
особенностей: 
1) при внесении исправлений и (или) изменений в записи актов гражданского состояния на основании 
заключения органа записи актов гражданского состояния государственная пошлина уплачивается в размере, 
установленном подпунктом 5 пункта 1 статьи 333.26 настоящего Кодекса, независимо от количества записей 
актов гражданского состояния, в которые вносятся исправления и (или) изменения, и количества выданных 
свидетельств; 
2) за выдачу свидетельств о государственной регистрации актов гражданского состояния в связи с 
переменой имени государственная пошлина уплачивается в размере, установленном подпунктом 6 пункта 1 
статьи 333.26 настоящего Кодекса, за каждое свидетельство.",Налоговый кодекс Российской Федерации.pdf,1268
Когда доводятся показатели бюджетной росписи по расходам и лимитов бюджетных обязательств?,"Показатели бюджетной росписи по расходам и лимитов бюджетных обязательств доводятся 
до подведомственных распорядителей и (или) получателей бюджетных средств до начала 
очередного финансового года, за исключением случаев, предусмотренных статьями 190 и 191 
настоящего Кодекса.",Бюджетный кодекс Российской Федерации.pdf,323
Какой ГОСТ или СНиП регламентирует расчет затрат труда на строительной площадке?,"Определение затрат труда на строительной площадке
3.12.",Data1_2_2080_index.pdf,6
Кто выполняет функции заказчика-застройщика по заключению подрядных и других договоров? (ГОСТ не указан),"Права и обязанности заказчика-застройщика по заключению подрядных и других
договоров, финансированию строительства, самостоятельному приобретению и оплате
материалов и оборудования, а также права и обязанности распорядителя кредитов на
группу технического надзора не распространяются.",Data1_1_1804_index.pdf,9
Могут ли учреждения участвовать в хозяйственных обществах?,"Учреждения могут быть участниками хозяйственных обществ и вкладчиками в товариществах на вере с 
разрешения собственника имущества учреждения, если иное не установлено законом.",Гражданский кодекс Российской Федерации.pdf,42
Каков размер штрафа для должностных лиц по статье 16.6?,"Распространение спортсменом, тренером, специалистом по спортивной медицине или иным 
специалистом в области физической культуры и спорта запрещенной субстанции и (или) запрещенного 
метода (за исключением случаев, если в соответствии с законодательством о физической культуре и спорте 
осуществление указанных действий не является нарушением антидопинговых правил, а также случаев, 
предусмотренных статьями 6.8, 6.16 и 6.16.1 настоящего Кодекса), если эти действия не содержат уголовно 
наказуемого деяния, - 
влечет наложение административного штрафа в размере от сорока тысяч до восьмидесяти тысяч рублей.",Административный кодекс Российской Федерации.pdf,67
"Какую информацию о претенденте следует указывать в форме 'Наименование организации, фирмы, консорциума' согласно ГОСТ МДС 80-5.2000?","ГОССТРОЙ РОССИИ
МЕТОДИЧЕСКИЕ РЕКОМЕНДАЦИИ
ПО ПРОВЕДЕНИЮ
ПРЕДВАРИТЕЛЬНОЙ КВАЛИФИКАЦИИ
ПРЕТЕНДЕНТОВ НА УЧАСТИЕ
В ПОДРЯДНЫХ ТОРГАХ
МДС 80-5.2000
МОСКВА 1999
РАЗРАБОТАНЫ АО ЦНИИпроект (канд.",Data1_10_10867_index.pdf,1
"Что происходит, если соглашение явилось основанием для выдачи свидетельства о регистрации лица, совершающего операции по переработке сжиженных углеводородных газов?","В целях 
настоящего абзаца рыночная цена определяется с учетом положений статьи 105.3 настоящего Кодекса; 
4) в период с 1 января 2022 года по 31 декабря 2027 года включительно прекращено право собственности 
организации (за исключением гибели или уничтожения имущества) в отношении объектов основных 
средств, предусмотренных соглашением о создании новых мощностей и (или) модернизации 
(реконструкции) действующих мощностей по производству товаров, являющихся продукцией нефтехимии; 
5) соглашение о создании новых мощностей и (или) модернизации (реконструкции) действующих 
мощностей по производству товаров, являющихся продукцией нефтехимии, явилось основанием для 
выдачи свидетельства о регистрации лица, совершающего операции по переработке сжиженных 
углеводородных газов, в соответствии с подпунктом 3 пункта 2 настоящей статьи при условии, что 
организация, заключившая такое соглашение, имеет свидетельство о регистрации лица, совершающего 
операции по переработке этана, и свидетельство о регистрации лица, совершающего операции по 
переработке сжиженных углеводородных газов.",Налоговый кодекс Российской Федерации.pdf,587
Какие требования предъявляются к устройству ограждения площадки строительства в подготовительных работах согласно таблице 9 ГОСТ МДС-80-8.2000?,"ПОДГОТОВИТЕЛЬНЫЕ РАБОТЫ
 
 
1
Подготовка площадки строительства:
устройство ограждения площадки строительства
вынос существующих сооружений и инженерных коммуникаций из зоны
строительства
м
 
удаление деревьев и других зеленых насаждений
шт.",Data1_10_10865_index.pdf,22
"Какие административные правонарушения рассматривают органы, указанные в статье 23.30, в части нарушения установленного порядка предоставления обеспечения исполнения обязательств по оплате тепловой энергии?","Нарушение установленного порядка предоставления обеспечения исполнения 
обязательств по оплате электрической энергии (мощности), газа, тепловой энергии 
(мощности) и (или) теплоносителя, сопряженное с неисполнением (ненадлежащим 
исполнением) обязательств по их оплате 
Нарушение потребителем электрической энергии, ограничение режима потребления электрической 
энергии которого может привести к экономическим, экологическим или социальным последствиям, 
потребителем газа, потребителем тепловой энергии либо теплоснабжающей организацией установленного 
законодательством порядка предоставления обеспечения исполнения обязательств по оплате 
электрической энергии (мощности), газа, тепловой энергии (мощности) и (или) теплоносителя, 
сопряженное с неисполнением (ненадлежащим исполнением) обязательств по их оплате в соответствии с 
установленными договорами о предоставлении указанных энергетических ресурсов сроками платежей, - 
влечет наложение административного штрафа на должностных лиц в размере от сорока тысяч до ста тысяч 
рублей или дисквалификацию на срок от двух до трех лет; на юридических лиц - от ста тысяч до трехсот 
тысяч рублей.",Административный кодекс Российской Федерации.pdf,301
"Что происходит с определениями, не указанными в части 1 статьи 313?","При рассмотрении вопросов, указанных в пунктах 4, 5 и 19 статьи 397 настоящего Кодекса, а также 
вопроса об отсрочке исполнения приговора в судебном заседании вправе также участвовать потерпевший, 
его законный представитель, представитель, если в материалах имеется постановление или определение 
суда об уведомлении потерпевшего или его законного представителя, вынесенное в соответствии с частью 
пятой статьи 313 настоящего Кодекса.",Уголовно-процессуальный кодекс Российской Федерации.pdf,246
Какие требования предъявляются к поверхностям площадок согласно МДС 35-7.2000?,"Мезенцева
РЕКОМЕНДАЦИИ
ПО ПРОЕКТИРОВАНИЮ
ОКРУЖАЮЩЕЙ СРЕДЫ, ЗДАНИЙ И СООРУЖЕНИЙ
С УЧЕТОМ ПОТРЕБНОСТЕЙ ИНВАЛИДОВ И ДРУГИХ
МАЛОМОБИЛЬНЫХ ГРУПП НАСЕЛЕНИЯ
МДС 35-7.2000
Выпуск 13
ОБЩЕСТВЕННЫЕ ЗДАНИЯ И СООРУЖЕНИЯ.",Data1_10_10847_index.pdf,1
Как рассчитывается коэффициент для показателя «Предусматриваемые в офертах затраты труда местных рабочих» согласно ГОСТ МДС 80-3.2000?,"Предусматриваемые 
в
офертах затраты труда
местных рабочих
-
чел.-мес.",Data1_10_10869_index.pdf,6
Какова производительность установки получения элементарной серы методом Клауса согласно ГОСТу МДС 81-8.2000?,"нм3/год
(однопоточная)
-»-
9002
7911
 
Группа 2
 
 
 
 
Установки получения и отгрузки серы
 
 
 
360
Установка получения элементарной серы методом
Клауса производительностью 200 тыс.",Data1_10_10864_index.pdf,37
"Какие требования безопасности приведены в документе, регламентированном ГОСТ МДС 31-8.2002, при проектировании и устройстве фонарей?","ЦЕНТРАЛЬНЫЙ НАУЧНО-ИССЛЕДОВАТЕЛЬСКИЙ
И ПРОЕКТНО-ЭКСПЕРИМЕНТАЛЬНЫЙ ИНСТИТУТ
ПРОМЫШЛЕННЫХ ЗДАНИЙ И СООРУЖЕНИЙ
ОАО «ЦНИИПРОМЗДАНИЙ»
РЕКОМЕНДАЦИИ
ПО ПРОЕКТИРОВАНИЮ
И УСТРОЙСТВУ ФОНАРЕЙ
ДЛЯ ЕСТЕСТВЕННОГО
ОСВЕЩЕНИЯ ПОМЕЩЕНИЙ
МДС 31-8.2002
Москва 2002
Рекомендованы к изданию решением Секции строительных конструкций зданий Научно-технического
совета ОАО «ЦНИИпромзданий» 10 июля 2002 г.",Data1_10_10846_index.pdf,1
Какие промерзания стен и повышенный влаго- и воздухо- проницаемость стыков относятся к категории А согласно ГОСТ МДС 17-13.2000?,"ПАМФИЛОВА)
МЕТОДИЧЕСКИЕ РЕКОМЕНДАЦИИ
ПО ЛИКВИДАЦИИ НАРУШЕНИЙ
В СОДЕРЖАНИИ И ИСПОЛЬЗОВАНИИ
ЖИЛИЩНОГО ФОНДА
И ПРИДОМОВЫХ ТЕРРИТОРИЙ
МДС 13-17.2000
УТВЕРЖДЕНЫ
приказом директора Департамента
жилищно-коммунального хозяйства
Министерства строительства Российской Федерации
29 марта 1995 г.",Data1_10_10861_index.pdf,1
Что влечет наложение административного штрафа на должностных лиц за предоставление заведомо ложных сведений о цели пребывания иностранных граждан?,"Предоставление приглашающей стороной заведомо ложных сведений о цели пребывания в Российской 
Федерации иностранного гражданина или лица без гражданства при оформлении документов для въезда в 
Российскую Федерацию указанного иностранного гражданина или лица без гражданства - 
влечет наложение административного штрафа на должностных лиц в размере от сорока пяти тысяч до 
пятидесяти тысяч рублей; на юридических лиц - от четырехсот тысяч до пятисот тысяч рублей.",Административный кодекс Российской Федерации.pdf,375
В какой срок должностное лицо должно сообщить в суд о исполнении приговора?,"Должностное лицо в течение одного месяца со дня получения копии приговора сообщает 
в суд, вынесший приговор, о его исполнении.",Уголовно-исполнительный кодекс Российской Федерации.pdf,36
Какие условия необходимы для обеспечения равного доступа к информации о спросе и предложении на проектную продукцию согласно ГОСТ МДС 80-2.2000?,"Равный доступ участников конкуренции к информации о спросе и предложении
на проектную продукцию (услуги) института, ценах и сроках разработки и др.",Data1_10_10872_index.pdf,4
Какие нормы регулируют изменение и расторжение договора аренды лесного участка?,"Изменение и расторжение договора аренды лесного участка, находящегося в 
государственной или муниципальной собственности 
1.",Лесной кодекс Российской Федерации.pdf,60
Почему никто не вправе извлекать преимущество из своего незаконного или недобросовестного поведения?,Никто не вправе извлекать преимущество из своего незаконного или недобросовестного поведения.,Гражданский кодекс Российской Федерации.pdf,0
Какие критерии используются для оценки доказательств?,"Суд определяет, какие обстоятельства имеют значение для дела, какой стороне надлежит их доказывать, 
выносит обстоятельства на обсуждение, даже если стороны на какие-либо из них не ссылались.",Гражданский процессуальный кодекс Российской Федерации.pdf,24
Какова правомочность общего собрания членов жилищного кооператива?,"Органы управления жилищного кооператива 
Органами управления жилищного кооператива являются: 
1) общее собрание членов жилищного кооператива; 
2) конференция, если число участников общего собрания членов жилищного кооператива более 
пятидесяти и это предусмотрено уставом жилищного кооператива; 
3) правление жилищного кооператива и председатель правления жилищного кооператива.",Жилищный кодекс Российской Федерации.pdf,92
Какие категории инвалидов могут заниматься в зале для общей физической подготовки согласно МДС 35-7.2000?,"Мезенцева
РЕКОМЕНДАЦИИ
ПО ПРОЕКТИРОВАНИЮ
ОКРУЖАЮЩЕЙ СРЕДЫ, ЗДАНИЙ И СООРУЖЕНИЙ
С УЧЕТОМ ПОТРЕБНОСТЕЙ ИНВАЛИДОВ И ДРУГИХ
МАЛОМОБИЛЬНЫХ ГРУПП НАСЕЛЕНИЯ
МДС 35-7.2000
Выпуск 13
ОБЩЕСТВЕННЫЕ ЗДАНИЯ И СООРУЖЕНИЯ.",Data1_10_10847_index.pdf,1
В каком случае применяется метод оценки на основе вычитания стоимости согласно статье 22?,"Определения таможенной стоимости по методу оценки на основе вычитания стоимости
производится в том случае, если оцениваемые, идентичные или однородные товары будут продаваться
на территории Российской Федерации без изменения своего первоначального состояния.",Data1_2_2082_index.pdf,21
Какие способы крепления и герметизации элементов светопропускающего заполнения фонарей должны обеспечивать независимость их температурных деформаций от несущих элементов согласно ГОСТ МДС 31-8.2002?,"Способы крепления и герметизации элементов светопропускающего заполнения фонарей должны
обеспечивать независимость их температурных деформаций от несущих элементов.",Data1_10_10846_index.pdf,9
Какой стандарт (ГОСТ) регламентирует площадь гранитной брусчатки?,"Площади полов в м2
№
п/п
Наименование площади
помещений
В одноэтажной части
В многоэтажной части
Всего
1
Торцовая шашка
 
 
 
2
Бетонные
 
 
 
3
Гранитная брусчатка
 
 
 
4
Чугунные, стальные
 
 
 
5
Асфальтовые
 
 
 
6
Цементные
 
 
 
7
Мозаичные
 
 
 
8
Из метлахской плитки
 
 
 
9
Ксилолитовые
 
 
 
10
Паркетные
 
 
 
11
Дощатые
 
 
 
12
Линолеумные
 
 
 
13
Наливные безшовные
 
 
 
14
Из плитки ПХВ
 
 
 
15
Прочие
 
 
 
Размеры наружных поверхностей ограждающих конструкций
1.",Data1_1_1879_index.pdf,15
"Как устанавливается порядок определения рыночной цены ценных бумаг, расчетной цены ценных бумаг, а также предельной границы колебаний рыночной цены?","Порядок определения рыночной цены ценных бумаг, расчетной цены ценных бумаг, а также порядок 
определения предельной границы колебаний рыночной цены устанавливаются в целях настоящей главы 
Центральным банком Российской Федерации по согласованию с Министерством финансов Российской 
Федерации с учетом положений настоящего пункта.",Налоговый кодекс Российской Федерации.pdf,747
"Какая доля ресурсов в группе составляет 44,02% для раствора товарного?","1
2
3
4
5
   
 
02.01.02 Раствор товарный
мЗ
                      
44,02.",Data1_2_2117_index.pdf,8
"Что делать в тех регионах страны, в которых отсутствуют утвержденные в установленном порядке сборники ТЕРм?","В тех регионах страны, в которых отсутствуют утвержденные в установленном
порядке сборники ТЕРм, при составлении сметной документации и расчетах за
выполненные работы могут применяться федеральные единичные расценки с учетом
их привязки к местным условиям строительства и пересчета в текущий уровень цен
на потребляемые ресурсы путем применения коэффициентов, учитывающих местные
условия, и индексов для перехода от цен 2000 г.",Data1_10_10754_index.pdf,16
Какое место расположения объекта должно быть указано в техническом задании согласно СНиП 3.01.03-84?,"Настоящее Пособие содержит справочный и вспомогательный материал к СНиП
3.01.03-84.",Data1_11_11285_index.pdf,1
"Какое наказание предусмотрено за незаконные добычу и оборот особо ценных диких животных и водных биологических ресурсов, совершенные лицом с использованием своего служебного положения?","Незаконные добыча и оборот особо ценных диких животных и водных 
биологических ресурсов, принадлежащих к видам, занесенным в Красную книгу 
Российской Федерации и (или) охраняемым международными договорами 
Российской Федерации 
1.",Уголовный кодекс Российской Федерации.pdf,201
Какие действия должен выполнить обслуживающий персонал согласно ГОСТ МДС 13-18.2000 при получении сигнала об аварийной обстановке?,"Поступление воды
в 
систему
отопления 
при
перекрытии
задвижек
корпусе 
и 
фланцах
сальникового
уплотнения
П р и л ож е н и е  4
ПОРЯДОК ДЕЙСТВИЯ ОБСЛУЖИВАЮЩЕГО ПЕРСОНАЛА
ВНУТРИДОМОВОЙ СИСТЕМЫ ОТОПЛЕНИЯ В АВАРИЙНОЙ СИТУАЦИИ
При получении сигнала об аварийной обстановке и указания о необходимости
опорожнения системы отопления обслуживающему персоналу необходимо:
1.",Data1_10_10852_index.pdf,32
Какие классы материалов представлены в Приложении 5 согласно ГОСТ?,"ПРИЛОЖЕНИЕ 1
СПРАВОЧНЫЕ ЗНАЧЕНИЯ СОПРОТИВЛЕНИЯ ТЕПЛОПЕРЕДАЧЕ ЭЛЕМЕНТОВ
СВЕТОПРОПУСКАЮЩЕГО ЗАПОЛНЕНИЯ ФОНАРЕЙ
(согласно ГОСТ 24866-99)
№ п.п.",Data1_10_10846_index.pdf,20
Какие элементы должны быть включены в договор на разработку градостроительной документации?,"Договор на разработку градостроительной документации должен быть оформлен
заказчиком и исполнителем работ, действующими на основании Положения, иного
юридического документа, регламентирующего статус заказчика и Устава организации-
исполнителя.",Data1_1_1904_index.pdf,26
Должны ли обеспечительные меры быть соразмерны заявленному требованию?,Обеспечительные меры должны быть соразмерны заявленному требованию.,Арбитражный процессуальный кодекс Российской Федерации.pdf,43
Какие действия допускаются общедоступными библиотеками и архивами при условии отсутствия цели извлечения прибыли?,"Общедоступные библиотеки, а также архивы, доступ к архивным документам которых не ограничен, при 
условии отсутствия цели извлечения прибыли вправе без согласия автора или иного правообладателя и без 
выплаты вознаграждения предоставлять во временное безвозмездное пользование (в том числе в порядке 
взаимного использования библиотечных ресурсов) оригиналы или экземпляры произведений, правомерно 
введенные в гражданский оборот.",Гражданский кодекс Российской Федерации.pdf,529
Что грозит за транспортировку древесины без оформленного сопроводительного документа для должностных лиц?,"Транспортировка древесины без оформленного в установленном лесным законодательством порядке 
сопроводительного документа - 
влечет наложение административного штрафа на должностных лиц в размере от тридцати тысяч до 
пятидесяти тысяч рублей с конфискацией древесины и (или) транспортных средств, являющихся орудием 
совершения административного правонарушения, либо без таковой; на юридических лиц - от пятисот 
тысяч до семисот тысяч рублей с конфискацией древесины и (или) транспортных средств, являющихся 
орудием совершения административного правонарушения, либо без таковой.",Административный кодекс Российской Федерации.pdf,125
Какие соглашения об освобождении перевозчика от ответственности или уменьшении пределов его ответственности могут быть заключены по статье 175?,"Соглашение об освобождении перевозчика от ответственности или 
уменьшении пределов его ответственности 
1.",Кодекс торгового мореплавания Российской Федерации.pdf,67
Какие действия предпринимаются при обнаружении неправильных показаний коммерческих средств и систем измерения согласно ГОСТ?,"При обнаружении неправильных показаний коммерческих средств и систем
измерения теплоснабжающая организация производит расчет расхода тепловой
энергии и теплоносителя как для абонента, временно не имеющего приборного учета
с начала расчетного периода.",Data1_10_10871_index.pdf,11
Какие документы подтверждают осуществление прав по ценным бумагам и налоговое резидентство физического лица?,"При проверке правильности исчисления и уплаты налога налоговым агентом в соответствии со статьей 
214.6 настоящего Кодекса в ходе проведения камеральной налоговой проверки, и (или) выездной 
налоговой проверки, и (или) налогового мониторинга налоговые органы вправе запрашивать в порядке, 
предусмотренном настоящим Кодексом, следующие документы: 
1) копии документов, удостоверяющих личность физического лица, осуществлявшего на дату, 
определенную решением российской организации о выплате дохода по ценным бумагам, права по ценным 
бумагам российской организации (ценным бумагам иностранной организации, удостоверяющим права в 
отношении акций этой российской организации); 
2) копии документов, удостоверяющих личность физического лица, в чьих интересах доверительный 
управляющий осуществлял на дату, определенную решением российской организации о выплате дохода по 
ценным бумагам, права по ценным бумагам такой российской организации (ценным бумагам иностранной 
организации, удостоверяющим права в отношении акций российской организации); 
3) копии и оригиналы документов, подтверждающих осуществление физическим лицом на дату, 
определенную решением российской организации о выплате дохода по ценным бумагам, прав по ценным 
бумагам такой российской организации (ценным бумагам иностранной организации, удостоверяющим 
права в отношении акций российской организации), а также документы, подтверждающие налоговое 
резидентство такого лица; 
4) копии и оригиналы документов, подтверждающих осуществление доверительным управляющим на дату, 
определенную решением российской организации о выплате дохода по ценным бумагам, прав по ценным 
бумагам такой российской организации (ценным бумагам иностранной организации, удостоверяющим",Налоговый кодекс Российской Федерации.pdf,789
Какие права имеет потерпевший по делу об административном правонарушении?,"Законные представители физического лица, в отношении которого ведется производство по делу об 
административном правонарушении, и потерпевшего имеют права и несут обязанности, предусмотренные 
настоящим Кодексом в отношении представляемых ими лиц.",Административный кодекс Российской Федерации.pdf,512
Какой код материала-представителя используется для укладки стильных труб с устройством компенсаторов согласно ГОСТ?,"Код вида работ
Конструктивные элементы вида работ
Код материала -
представителя
1
2
3
30011
Монтаж воздуховодов из стильных конструкций, м2
268
30012
То же, из алюминиевых конструкций, м2
268
30021
Монтаж вентиляторов и вентиляционных агрегатов, комплект
299
30022
Стоимость вентиляторов и вентиляционных агрегатов, руб.",Data1_2_2081_index.pdf,17
Как оформляется решение о принудительном исполнении?,"Решение о признании потерпевшим принимается незамедлительно с 
момента возбуждения уголовного дела и оформляется постановлением дознавателя, следователя, судьи 
или определением суда.",Уголовно-процессуальный кодекс Российской Федерации.pdf,32
Какие материалы могут быть списаны на основе ГЭСН?,"Полученные на основе ГЭСН данные о составе и количестве ресурсов могут
быть использованы для определения продолжительности выполнения работ,
составления различной технологической документации и списания материалов.",Data1_10_10062_index.pdf,2
Как утеплить окна без наплава согласно ГОСТ МДС 13-18.2000?,"Утепление окон
Окна без наплава утепляют приклепкой уплотняющих прокладок по всему периметру
зимних переплетов без разрывов и скруглений углов.",Data1_10_10852_index.pdf,7
Какие требования к кровлям установлены СНиП II-26-76?,"Стальные конструкции
                                                  Инструкция о составе, порядке разработки, согласования и утверждения
градостроительной документации
СНиП 2.03.06-85                     Алюминиевые конструкции
СНиП II-22-81                         Каменные и армокаменные конструкции
СНиП II-25-80                         Деревянные конструкции
СНиП 2.02.03-85                     Свайные фундаменты
СНиП 2.02.01-83*                   Основания зданий и сооружений
СНиП 2.02.05-87                     Фундаменты машин с динамическими нагрузками
СНиП II-26-76                         Кровли
СНиП 2.03.13-88                     Полы
СНиП 2.04.01-85                     Внутренний водопровод и канализация зданий
СНиП 2.04.03-85                     Канализация.",Data1_10_10865_index.pdf,30
Какой минимальный объем бюджетных ассигнований должен быть предусмотрен для Федерального дорожного фонда?,"В случае нарушения сроков, предусмотренных пунктом 1.2 настоящей статьи, бюджетные 
ассигнования федерального бюджета, предусмотренные на текущий финансовый год на 
соответствующие цели, направляются на увеличение бюджетных ассигнований резервного фонда 
Правительства Российской Федерации для оказания финансовой помощи бюджетам субъектов 
Российской Федерации соответственно в размере иного межбюджетного трансферта, в отношении",Бюджетный кодекс Российской Федерации.pdf,201
Какие условия должны быть соблюдены для временного вывоза транспортных средств с территории СЭЗ на остальную часть таможенной территории Союза?,"В случае временного вывоза транспортного средства для личного пользования, 
помещенного под таможенную процедуру свободной таможенной зоны на территории такой СЭЗ и 
зарегистрированного на территории единицы административно-территориального устройства, на 
территории которой создана такая СЭЗ, на остальную часть таможенной территории Союза 
физическим лицом, являющимся собственником этого транспортного средства в течение более чем 
6 месяцев и не имеющим на день обращения в таможенный орган не исполненных в установленные 
сроки требований по уплате таможенных платежей (доверенным лицом такого физического лица с 
правом временного вывоза транспортного средства для личного пользования), и при отсутствии",Таможенный кодекс Евразийского экономического союза.pdf,504
В какие сроки рассматривает представленный протокол заказчик согласно Методическим рекомендациям по процедуре подрядных торгов?,"Заказчик - организатор торгов в недельный срок рассматривает представленный
протокол и соответствующие необходимые документы и принимает решение об
утверждении (неутверждении) результатов торгов.",Data1_10_10866_index.pdf,10
Как формируются средние базисные цены по унифицированному перечню материальных ресурсов согласно ГОСТ?,"Формирование средних базисных цен по унифицированному перечню
материальных ресурсов
3.7.",Data1_2_2080_index.pdf,5
"Какие права имеют лица на ознакомление и уточнение информации, собранной таможенными органами?","Лица, указанные в пункте 1 настоящей статьи, имеют право на ознакомление с 
документированной информацией о себе, имеющейся у таможенных органов, и уточнение этой 
информации в целях обеспечения ее полноты и достоверности.",Таможенный кодекс Евразийского экономического союза.pdf,429
Кто может установить дополнительные основания и условия предоставления отсрочки и рассрочки по уплате региональных и местных налогов?,"Законами субъектов Российской Федерации и нормативными правовыми актами представительных 
органов муниципальных образований могут быть установлены дополнительные основания и иные условия 
предоставления отсрочки и рассрочки по уплате соответственно региональных и местных налогов, пеней и 
штрафов.",Налоговый кодекс Российской Федерации.pdf,160
Какие виды работ включают использование сборных бетонных блоков согласно ГОСТ?,"Приложение 6
КРАТКАЯ ХАРАКТЕРИСТИКА КОНСТРУКТИВНЫХ ЭЛЕМЕНТОВ И ВИДОВ РАБОТ
ЗДАНИЙ И СООРУЖЕНИЙ
Конструктивные элементы и виды
работ зданий и сооружений
Краткая характеристика элементов и видов работ
1
2
Здания
Фундаменты
Сборные бетонные ленточные
Ленточные бутобетонные
Монолитные 
железобетонные 
стаканного 
типа 
под 
колонны 
и 
сборные
железобетонные фундаментные балки под наружные стены
Сборные бетонные под кирпичные стены
Стены наружные
Сборные железобетонные панели по проекту толщиной 200 мм
Бетонные блоки
Кирпичные толщиной 300 мм
Керамзитобетонные панели толщиной 25 см при t = минус 20 °C,
То же, 30 см при t = минус 30 °C,
То же, 35 см при t = минус 35 °C
Кирпичные участки толщиной 38 см при t = минус 20 °C,
То же, 51 см при t = минус 30 °C,
То же, 64 см при t = минус 40 °C
Покрытия
Сборные железобетонные панели толщиной 20 см
Кровля
Плоская рулонная
Сооружения
Основания под резервуары
Песчаная подушка",Data1_2_2081_index.pdf,11
"Какие условия должны быть соблюдены для участников региональных инвестиционных проектов, чтобы продолжать применение пониженных налоговых ставок?","Коэффициент, характеризующий территорию добычи полезного ископаемого (
), применяется 
участником регионального инвестиционного проекта, указанным в подпункте 2 пункта 1 статьи 25.9 
настоящего Кодекса, начиная с налогового периода, в котором впервые одновременно соблюдены 
следующие условия: 
1) появились основания для определения налоговой базы по налогу на добычу полезных ископаемых в 
отношении таких полезных ископаемых; 
2) налогоплательщиком - участником регионального инвестиционного проекта выполнено требование к 
минимальному объему капитальных вложений, установленное подпунктом 4.1 пункта 1 статьи 25.8 
настоящего Кодекса; 
3) налогоплательщик - участник регионального инвестиционного проекта обратился в налоговый орган с 
заявлением о применении налоговой льготы, указанным в пункте 1 статьи 25.12-1 настоящего Кодекса.",Налоговый кодекс Российской Федерации.pdf,1407
"Какие данные должны быть указаны в реестре перевозочных документов, оформляемых при перевозках товаров, порожнего железнодорожного подвижного состава или контейнеров железнодорожным транспортом?","При реализации российскими перевозчиками на железнодорожном транспорте работ (услуг), 
предусмотренных подпунктом 9.1 пункта 1 статьи 164 настоящего Кодекса, для подтверждения 
обоснованности применения налоговой ставки 0 процентов и налоговых вычетов в налоговые органы 
представляется реестр перевозочных документов, оформленных при перевозках товаров, порожнего 
железнодорожного подвижного состава или контейнеров железнодорожным транспортом, с указанием в 
нем номеров перевозочных документов, даты реализации работ (услуг), стоимости работ (услуг), 
наименований или кодов государств отправления, наименований или кодов входных и выходных 
российских пограничных и (или) припортовых железнодорожных станций, наименований или кодов 
государств назначения, а также даты проставления на перевозочном документе календарного штемпеля 
пограничной железнодорожной станции (при перемещении товаров, порожнего железнодорожного 
подвижного состава или контейнеров с территории Российской Федерации через выходные 
железнодорожные пограничные станции) или календарного штемпеля станции назначения (при 
перемещении товаров, порожнего железнодорожного подвижного состава или контейнеров с территории 
Российской Федерации через выходные припортовые железнодорожные станции) при выполнении работ 
(оказании услуг), указанных в абзаце третьем подпункта 9.1 пункта 1 статьи 164 настоящего Кодекса, либо 
календарного штемпеля станции отправления при выполнении работ (оказании услуг), указанных в абзаце 
втором подпункта 9.1 пункта 1 статьи 164 настоящего Кодекса.",Налоговый кодекс Российской Федерации.pdf,474
Какие телефоны доступны для бесплатной юридической консультации в Санкт-Петербурге и Ленинградской области?,"Бесплатная юридическая консультация по телефонам: 
• 8 (499) 938-53-71 (Москва и МО); 
 
• 8 (812) 467-95-28 (Санкт-Петербург и ЛО); 
• 8 (800) 301-92-12 (Регионы РФ).",Градостроительный кодекс Российской Федерации.pdf,291
"Какое решение принимается, если оспариваемый ненормативный правовой акт, решение и действия (бездействие) не соответствуют закону?","Граждане, организации и иные лица вправе обратиться в арбитражный суд с заявлением о 
признании недействительными ненормативных правовых актов, незаконными решений и действий 
(бездействия) органов, осуществляющих публичные полномочия, должностных лиц, если 
полагают, что оспариваемый ненормативный правовой акт, решение и действие (бездействие) не 
соответствуют закону или иному нормативному правовому акту и нарушают их права и законные 
интересы в сфере предпринимательской и иной экономической деятельности, незаконно возлагают 
на 
них 
какие-либо 
обязанности, 
создают 
иные 
препятствия 
для 
осуществления 
предпринимательской и иной экономической деятельности.",Арбитражный процессуальный кодекс Российской Федерации.pdf,101
"Какие действия выполняет суд кассационной инстанции при извещении лиц, участвующих в деле, о передаче кассационных жалобы, представления?","Действия суда кассационной инстанции при поступлении кассационных 
жалобы, представления 
1.",Уголовно-процессуальный кодекс Российской Федерации.pdf,252
Какая степень осушки газа должна быть указана согласно ГОСТ МДС-80-8.2000?,"Для пыли степень улавливания должна быть указана в
зависимости от диаметра частиц.",Data1_10_10865_index.pdf,33
Какие министерства и ведомства утверждают ценники на технологическое оборудование предприятий легкой промышленности согласно ГОСТ МДС 81-8.2000?,"Министерство, ведомство,
утверждающее ценник
Наименование ценника
Госкомиздат СССР
Технологическое 
оборудование 
предприятий 
полиграфической
промышленности
Минуглепром СССР
Технологическое 
оборудование 
предприятий 
угольной 
и 
сланцевой
промышленности
Минхимпром
Производства химической промышленности
Миннефтехимпром СССР
Оборудование предприятий нефтеперерабатывающей и нефтехимической
промышленности
Часть 1.",Data1_10_10864_index.pdf,21
Какие категории инвалидов могут заниматься игрой мяч через шнур согласно МДС 35-7.2000?,"Мезенцева
РЕКОМЕНДАЦИИ
ПО ПРОЕКТИРОВАНИЮ
ОКРУЖАЮЩЕЙ СРЕДЫ, ЗДАНИЙ И СООРУЖЕНИЙ
С УЧЕТОМ ПОТРЕБНОСТЕЙ ИНВАЛИДОВ И ДРУГИХ
МАЛОМОБИЛЬНЫХ ГРУПП НАСЕЛЕНИЯ
МДС 35-7.2000
Выпуск 13
ОБЩЕСТВЕННЫЕ ЗДАНИЯ И СООРУЖЕНИЯ.",Data1_10_10847_index.pdf,1
Какие характеристики точек подключения временных сетей указаны в ГОСТ МДС-80-8.2000?,"Наименование
материала
Государственный
стандарт
Плотность,
кг/м3
Коэффициент
линейного
расширения
(×106), °С-1
Модуль
упругости
материала,
ГПа
Коэффициент
светопропускания
Коэффициент
теплопроводности
материала,
Вт/(м·°С)
Пожарно-
техническая
характеристика
по горючести
1
Стекло листовое
ГОСТ 111-2001
2500
8,5
70
0,85-0,87
0,76
НГ
2
Стекло закаленное
строительное
ГОСТ 
30698-
2000
2500
8,5
70
0,85-0,87
0,76
НГ
3
Стекло
армированное
листовое
ГОСТ 7481-78
2500
8,5
70
0,65-0,75
0,76
НГ
4
Стекло 
листовое
энергосберегающее
ГОСТ 
30773-
2000
2500
8,5
70
0,6-0,75
0,76
НГ
5
Стекло 
защитное
многослойное
ГОСТ Р 51136-
98
2500
8,5
70
0,6-0,8
0,76
НГ
6
Стекло 
листовое
узорчатое
ГОСТ 5533-86
2500
8,5
70
0,6
0,76
НГ
7
Органическое
техническое стекло ГОСТ 17622-72*
Е
1200
80
2,8
0,9
0,18
Г3, Г4
8
Поликарбонат
-
1400
60-80
2,8
0,85
0,2
Г2, Г3
9
Поливинилхлорид
(ПВХ) прозрачный
-
1400
60-80
3,2
0,85
0,16
Г2, Г3
3.2.5.",Data1_10_10846_index.pdf,5
Какие действия допускаются до вступления международных договоров в силу при перемещении товаров трубопроводным транспортом или по линиям электропередачи?,"Переходные положения о совершении таможенных операций при перемещении 
товаров трубопроводным транспортом или по линиям электропередачи 
До вступления в силу международных договоров государства-члена с третьей стороной, 
являющейся сопредельным государством, которые определяют порядок доступа должностных лиц 
таможенных органов к предусмотренным пунктами 1 - 4 статьи 292 настоящего Кодекса приборам 
учета товаров, перемещаемых трубопроводным транспортом или по линиям электропередачи, 
допускается использовать представляемые перевозчиком показания приборов учета товаров, 
перемещаемых трубопроводным транспортом или по линиям электропередачи, которые 
расположены на территории сопредельного государства.",Таможенный кодекс Евразийского экономического союза.pdf,510
Какие меры принимаются при нарушениях стыков плит коробов и шахт согласно ГОСТ МДС 13-18.2000?,"При нарушениях стыков плит коробов и шахт
целесообразно крепить их участками или целиком.",Data1_10_10852_index.pdf,12
"Какие требования предъявляет ГОСТ МДС 17-13.2000 к протечкам кровельного покрытия (металлического, рулонного, безрулонного, мастичного, шиферного, черепичного)?","100 м2
1,3
0,4
 
 
А
Неисправности и
наличие протечек
кровельного покрытия
(металлического,
рулонного, безрулонного,
10 м2
1,0
0,3",Data1_10_10861_index.pdf,40
Какие проекты бюджетных смет предложены законодательными (представительными) органами?,"Комментарии к статьям на сайте 
https://budkod.ru/ 
 
 
 
предварительные итоги социально-экономического развития соответствующей территории 
за истекший период текущего финансового года и ожидаемые итоги социально-экономического 
развития соответствующей территории за текущий финансовый год; 
прогноз социально-экономического развития соответствующей территории; 
прогноз основных характеристик (общий объем доходов, общий объем расходов, дефицита 
(профицита) бюджета) консолидированного бюджета соответствующей территории на очередной 
финансовый год и плановый период либо утвержденный среднесрочный финансовый план; 
пояснительная записка к проекту бюджета; 
методики (проекты методик) и расчеты распределения межбюджетных трансфертов; 
верхний предел государственного (муниципального) внутреннего долга и (или) верхний 
предел государственного (муниципального) внешнего долга по состоянию на 1 января года, 
следующего за очередным финансовым годом и каждым годом планового периода (очередным 
финансовым годом); 
абзац девятый утратил силу; 
абзац десятый утратил силу; 
абзац одиннадцатый утратил силу; 
абзац двенадцатый утратил силу с 1 января 2010 г.; 
оценка ожидаемого исполнения бюджета на текущий финансовый год; 
проекты законов о бюджетах государственных внебюджетных фондов; 
предложенные законодательными (представительными) органами, органами судебной 
системы, органами внешнего государственного (муниципального) финансового контроля проекты 
бюджетных смет указанных органов, представляемые в случае возникновения разногласий с 
финансовым органом в отношении указанных бюджетных смет; 
реестры источников доходов бюджетов бюджетной системы Российской Федерации; 
иные документы и материалы.",Бюджетный кодекс Российской Федерации.pdf,295
Какие нормативные правовые акты регулируют организацию и осуществление государственного строительного надзора?,"В административном исковом заявлении об оспаривании нормативного правового акта 
должны быть указаны: 
1) сведения, предусмотренные пунктами 1, 2, 9 части 2 и частью 6 статьи 125 настоящего 
Кодекса; 
2) наименование органа государственной власти, органа местного самоуправления, иного 
органа, уполномоченной организации, должностного лица, принявших оспариваемый нормативный 
правовой акт; 
3) наименование, номер, дата принятия оспариваемого нормативного правового акта, 
источник и дата его опубликования; 
4) 
сведения 
о 
применении 
оспариваемого 
нормативного 
правового 
акта 
к 
административному истцу или о том, что административный истец является субъектом отношений, 
регулируемых этим актом; 
5) сведения о том, какие права, свободы и законные интересы лица, обратившегося в суд, 
нарушены, а при подаче такого заявления организациями и лицами, указанными в частях 2, 3 и 4 
статьи 208 настоящего Кодекса, какие права, свободы и законные интересы иных лиц, в интересах 
которых подано административное исковое заявление, нарушены, или о том, что существует 
реальная угроза их нарушения; 
6) наименование и отдельные положения нормативного правового акта, который имеет 
большую юридическую силу и на соответствие которому надлежит проверить оспариваемый 
нормативный правовой акт полностью или в части; 
7) ходатайства, обусловленные невозможностью приобщения каких-либо документов из 
числа указанных в части 3 настоящей статьи; 
8) требование о признании оспариваемого нормативного правового акта недействующим с 
указанием на несоответствие законодательству Российской Федерации всего нормативного 
правового акта или отдельных его положений.",Кодекс административного судопроизводства Российской Федерации.pdf,110
"Как исчисляются ввозные таможенные пошлины, налоги, специальные, антидемпинговые, компенсационные пошлины в случае помещения товаров под таможенные процедуры?","С сумм ввозных таможенных пошлин, налогов, специальных, антидемпинговых, 
компенсационных пошлин, уплачиваемых (взыскиваемых) в соответствии с пунктом 8 настоящей 
статьи, подлежат уплате проценты, как если бы в отношении указанных сумм была предоставлена 
отсрочка их уплаты со дня помещения товаров под таможенную процедуру свободной таможенной 
зоны по день истечения срока уплаты ввозных таможенных пошлин, налогов, специальных, 
антидемпинговых, компенсационных пошлин.",Таможенный кодекс Евразийского экономического союза.pdf,237
Какие требования к согласованию проектной документации с надзорными органами указаны в ГОСТ МДС-80-8.2000?,"Требования к составу и содержанию проектной документации лесного участка, порядок 
ее подготовки, а также требования к формату проектной документации устанавливаются 
уполномоченным федеральным органом исполнительной власти.",Лесной кодекс Российской Федерации.pdf,56
"Что происходит, если поданное заявление не соответствует требованиям частей пятой и шестой статьи 318?","В случаях, если поданное заявление не отвечает требованиям частей пятой и шестой статьи 318 
настоящего Кодекса, мировой судья выносит постановление о возвращении заявления лицу, его 
подавшему, в котором предлагает ему привести заявление в соответствие с указанными требованиями и 
устанавливает для этого срок.",Уголовно-процессуальный кодекс Российской Федерации.pdf,208
Какие требования предъявляются к благоустройству и озеленению территории согласно ГОСТ МДС 11-7.2000?,"В задании на проектирование должны найти отражение следующие вопросы:
основание для выдачи задания;
заказчик проекта;
генеральный проектировщик и проектные организации - исполнители проекта;
кем и в какие сроки выдаются исходные данные для проектирования;
специальные требования по структурной организации и функциональному зонированию
территории;
предлагаемые проекты жилых домов, предприятий и учреждений обслуживания;
возможность использования существующих зданий по их начальному назначению или
для других целей, иные требования к реконструкции сложившейся застройки;
требования к решению объемно-пространственной композиции застройки, организации
транспортного обслуживания населения, благоустройству и озеленению территории,
инженерной подготовке и оборудованию территории, охране окружающей среды,
инженерно-техническим мероприятиям гражданской обороны, сохранению памятников
природы, истории и культуры;
состав проекта;",Data1_1_1904_index.pdf,29
Какие данные о лесных декларациях должны быть представлены в системе?,"В случае отклонения каких-либо вопросов, предложенных лицами, участвующими в деле, 
в определении о назначении экспертизы должны быть указаны мотивы, по которым эти вопросы 
отклонены.",Кодекс административного судопроизводства Российской Федерации.pdf,46
Что входит в обсуждение с работодателем вопросов о работе организации?,"Комментарии к статьям на сайте 
https://tkodeksrf.ru/ 
  
 
обсуждение с работодателем вопросов о работе организации, внесение предложений по ее 
совершенствованию; 
обсуждение представительным органом работников планов социально-экономического развития 
организации; 
участие в разработке и принятии коллективных договоров; 
участие представителей работников в заседаниях коллегиального органа управления организации с 
правом совещательного голоса в соответствии с настоящим Кодексом, иными федеральными 
законами,учредительным документом организации, внутренним регламентом, иным внутренним 
документом организации, коллективным договором, соглашениями; 
иные формы, определенные настоящим Кодексом, иными федеральными законами, учредительными 
документами организации, коллективным договором, соглашениями, локальными нормативными актами.",Трудовой кодекс Российской Федерации.pdf,36
Сколько касок должно быть у строительно-монтажного треста согласно Приложению 6 к СНиП 3.01.03-84?,"Настоящее Пособие содержит справочный и вспомогательный материал к СНиП
3.01.03-84.",Data1_11_11285_index.pdf,1
На каком сайте можно найти комментарии к статьям Налогового кодекса РФ?,"Комментарии к статьям на сайте 
https://gkodeksrf.ru/ 
  
 
Статья 1156.",Гражданский кодекс Российской Федерации.pdf,463
Какие требования предъявляются к описанию видов работ в разделе ведомостей физических объемов работ согласно ГОСТ МДС-80-8.2000?,"ВЕДОМОСТИ ФИЗИЧЕСКИХ ОБЪЕМОВ РАБОТ
В этом разделе помимо прилагаемой формы ведомости объемов работ в технической части тендерной
документации необходимо представить описание видов работ.",Data1_10_10865_index.pdf,21
"Какие действия предпринимаются, если уведомление не соответствует установленным параметрам?","Последствия одобрения заинтересованным лицом действий в его интересе 
Если лицо, в интересе которого предпринимаются действия без его поручения, одобрит эти действия, к 
отношениям сторон в дальнейшем применяются правила о договоре поручения или ином договоре, 
соответствующем характеру предпринятых действий, даже если одобрение было устным.",Гражданский кодекс Российской Федерации.pdf,402
Что такое мошенничество при получении выплат согласно статье 159.2 УК РФ?,"Мошенничество при получении выплат 
1.",Уголовный кодекс Российской Федерации.pdf,86
Как определяется плановое положение подземных сетей на застроенной территории согласно СНиП 3.01.03-84?,Точность разбивки назначается по СНиП 3.01.03-84 (табл.,Data1_11_11285_index.pdf,17
Как устанавливается порядок организации работ и распределение средств в ГОСТ МДС 11-11.2000?,"Утверждено
постановлением Госстроя России
от 11.11.98 № 13
П О Л О Ж Е Н И Е
О ПРОВЕДЕНИИ ЭКСПЕРТИЗЫ
ЭКОНОМИЧЕСКОГО ОБОСНОВАНИЯ
ТАРИФОВ НА ТОВАРЫ, РАБОТЫ И УСЛУГИ, УЧИТЫВАЕМЫХ
В ОПЛАТЕ ЖИЛЬЯ И КОММУНАЛЬНЫХ УСЛУГ
МДС 13-13.2000
МОСКВА 2001
1.",Data1_10_10863_index.pdf,1
Какие виды ремонта должен выполнять отправитель плотов?,"Комментарии к статьям на сайте 
https://jkodeksrf.ru/ 
 
 
 
 
предусмотренный региональной программой капитального ремонта, и при этом в соответствии с порядком 
установления необходимости проведения капитального ремонта общего имущества в многоквартирном 
доме требуется оказание какого-либо вида услуг и (или) выполнение какого-либо вида работ, 
предусмотренных для этого многоквартирного дома региональной программой капитального ремонта, 
орган местного самоуправления в течение одного месяца со дня получения соответствующего 
уведомления принимает решение о формировании фонда капитального ремонта на счете регионального 
оператора и направляет такое решение владельцу специального счета.",Жилищный кодекс Российской Федерации.pdf,181
Что означает знак 5.15.6?,"На знаках 6.9.1, 6.9.2, 6.10.1 
и 6.10.2, установленных в населенном пункте, вставки с фоном зеленого или синего цвета 
означают, что движение к указанному населенному пункту или объекту после выезда из данного 
населенного пункта будет осуществляться соответственно по автомагистрали или другой дороге; 
белый фон знака означает, что указанный объект находится в данном населенном пункте.",ПДД Российской Федерации.pdf,47
Как проводится закрепление грунтов способом газовой силикатизации?,"При закреплении грунтов способом газовой силикатизации грунт загружается в трубку с послойным уплотнением, плотно
закрывается крышкой прижимным кулачком.",Data1_11_11295_index.pdf,33
"Какие меры принуждения могут быть применены к лицам, нарушающим порядок в судебном заседании?","К лицам, нарушающим порядок в судебном заседании или не подчиняющимся законным 
распоряжениям председательствующего в судебном заседании, после устного замечания могут 
быть применены меры процессуального принуждения, предусмотренные настоящим Кодексом.",Кодекс административного судопроизводства Российской Федерации.pdf,85
Какие обязанности могут быть незаконно возложены на заявителя?,"Такая же обязанность может быть возложена на исполнителя завещания при 
условии выделения в завещании части наследственного имущества для исполнения завещательного 
возложения.",Гражданский кодекс Российской Федерации.pdf,454
Какие данные необходимы для определения потребности в воде и газе для коммунально-бытовых и промышленных нужд согласно ГОСТ МДС 11-7.2000?,"Показатели по потребности в электроэнергии, теплоте, воде, газе на коммунально-бытовые и
промышленные нужды и по объему сброса хозяйственно-бытовых и промышленных сточных вод
принимаются по данным соответствующих краевых, областных, городских и районных служб.",Data1_1_1904_index.pdf,39
Какие объекты проектирования указаны в таблице 4 согласно СНиП?,"ПРИЛОЖЕНИЕ 2
РАСЧЕТНАЯ ТЕМПЕРАТУРА ВОЗДУХА В ПОМЕЩЕНИЯХ
В ХОЛОДНЫЙ ПЕРИОД ГОДА
(согласно СНиП 2.04.05-91*, СНиП 2.08.01-89*, СНиП 2.08.02-89*)
№ п.п.",Data1_10_10846_index.pdf,21
"Какие иные объекты, территории и зоны отображаются на картах?","Границы таких 
территорий устанавливаются по границам одной или нескольких территориальных зон и могут 
отображаться на отдельной карте.",Градостроительный кодекс Российской Федерации.pdf,75
Какие права имеет юридическое лицо на доступ к материалам дела?,"Обеспечение доступа к информации о корпоративном споре и права на 
участие в деле 
1.",Арбитражный процессуальный кодекс Российской Федерации.pdf,124
Какой методический подход к оценке оферт установлен в ГОСТ МДС 80-3.2000?,"ГОССТРОЙ РОССИИ
МЕТОДИЧЕСКИЕ РЕКОМЕНДАЦИИ
ПО ОЦЕНКЕ ОФЕРТ
И ВЫБОРУ ЛУЧШЕГО ПРЕДЛОЖЕНИЯ
ИЗ ПРЕДСТАВЛЕННЫХ
НА ПОДРЯДНЫЕ ТОРГИ
МДС 80-3.2000
МОСКВА 1998
РАЗРАБОТАНЫ 
Межрегиональным 
научно-методическим 
центром
ценообразования в строительстве ЦНИИЭУС Госстроя России (МЦЦС) (канд.",Data1_10_10869_index.pdf,1
"Что влечет нарушение порядка и (или) сроков передачи налогоплательщиками сведений о произведенных расчетах при реализации товаров (работ, услуг, имущественных прав)?","Нарушение порядка и (или) сроков передачи налогоплательщиками сведений 
о произведенных расчетах при реализации товаров (работ, услуг, имущественных 
прав)",Налоговый кодекс Российской Федерации.pdf,364
Какие средства должны быть в портах для защиты окружающей среды?,"В портах должны быть средства для защиты окружающей среды, приема и обработки 
хозяйственно-бытовых и нефтесодержащих вод, других отходов, а также средства для 
осуществления работ по спасанию судов в пределах акватории порта и ликвидации пожаров.",Кодекс внутреннего водного транспорта Российской Федерации.pdf,38
Какие работы необходимо провести для ревизии и ремонта насосов согласно МДС 13-18.2000?,"Произвести ревизию и ремонт насосов: вскрытие, осмотр корпуса, смену набивки
сальниковых уплотнений, смену подшипников.",Data1_10_10852_index.pdf,16
Как устанавливается минимальный размер взноса на капитальный ремонт?,"Органы государственной власти субъекта Российской Федерации принимают нормативные правовые 
акты, которые направлены на обеспечение своевременного проведения капитального ремонта общего 
имущества в многоквартирных домах, расположенных на территории субъекта Российской Федерации, и 
которыми: 
1) устанавливается минимальный размер взноса на капитальный ремонт общего имущества в 
многоквартирном доме; 
2) устанавливается порядок проведения мониторинга технического состояния многоквартирных домов; 
3) создается региональный оператор, решается вопрос о формировании его имущества, утверждаются 
учредительные документы регионального оператора, устанавливается порядок деятельности 
регионального оператора, порядок назначения на конкурсной основе руководителя регионального 
оператора; 
4) утверждаются порядок и условия предоставления государственной поддержки на проведение 
капитального ремонта общего имущества в многоквартирных домах, в том числе на предоставление 
гарантий, поручительств по кредитам или займам, в случае, если соответствующие средства на реализацию 
указанной поддержки предусмотрены законом субъекта Российской Федерации о бюджете субъекта 
Российской Федерации; 
5) устанавливается порядок подготовки и утверждения региональных программ капитального ремонта 
общего имущества в многоквартирных домах, а также требования к этим программам; 
6) устанавливаются порядок предоставления лицом, на имя которого открыт специальный счет (далее - 
владелец специального счета), и региональным оператором сведений, подлежащих предоставлению в 
соответствии с частью 7 статьи 177 и статьей 183 настоящего Кодекса, перечень иных сведений, 
подлежащих предоставлению указанными лицами, и порядок предоставления таких сведений; 
7) устанавливается порядок выплаты владельцем специального счета и (или) региональным оператором 
средств фонда капитального ремонта собственникам помещений в многоквартирном доме, а также 
порядок использования средств фонда капитального ремонта на цели сноса или реконструкции 
многоквартирного дома в случаях, предусмотренных настоящим Кодексом; 
8) устанавливается порядок осуществления контроля за целевым расходованием денежных средств, 
сформированных за счет взносов на капитальный ремонт, и обеспечением сохранности этих средств; 
9) устанавливается порядок информирования собственников помещений в многоквартирных домах и 
организаций, осуществляющих управление многоквартирными домами, о содержании региональной 
программы капитального ремонта общего имущества в многоквартирных домах и критериях оценки 
состояния многоквартирных домов, на основании которых определяется очередность проведения 
капитального ремонта.",Жилищный кодекс Российской Федерации.pdf,149
Из каких источников формируются бюджетные ассигнования дорожного фонда субъекта Российской Федерации?,"Реестр источников доходов Российской Федерации, реестр источников доходов 
федерального бюджета и реестры источников доходов бюджетов государственных внебюджетных 
фондов Российской Федерации формируются и ведутся в порядке, установленном Министерством 
финансов Российской Федерации.",Бюджетный кодекс Российской Федерации.pdf,39
Что подразумевается под возвращенным жертвователю денежным эквивалентом недвижимого имущества и ценных бумаг?,"Если стоимость указанных в пункте 23 части второй настоящей статьи недвижимого имущества или ценных 
бумаг превышает денежный эквивалент такого имущества, возвращенный жертвователю или его",Налоговый кодекс Российской Федерации.pdf,912
Какие обосновывающие документы требуются для расчета командировочных расходов согласно ГОСТ МДС 81-7.2000?,"Накладные расходы (по МДС 81-
4.99, МДС 81-5.99)
 
 
 
7.",Data1_10_10754_index.pdf,24
Как корректируются показатели затрат труда пусконаладочного персонала?,"Показатели затрат труда пусконаладочного персонала не корректируются в связи с
изменением квалификационного и количественного состава исполнителей на конкретном
объекте.",Data1_10_10864_index.pdf,8
Какова процедура назначения членов предварительной квалификационной комиссии согласно ГОСТ МДС 80-5.2000?,"ГОССТРОЙ РОССИИ
МЕТОДИЧЕСКИЕ РЕКОМЕНДАЦИИ
ПО ПРОВЕДЕНИЮ
ПРЕДВАРИТЕЛЬНОЙ КВАЛИФИКАЦИИ
ПРЕТЕНДЕНТОВ НА УЧАСТИЕ
В ПОДРЯДНЫХ ТОРГАХ
МДС 80-5.2000
МОСКВА 1999
РАЗРАБОТАНЫ АО ЦНИИпроект (канд.",Data1_10_10867_index.pdf,1
Какие требования предъявляются к работе стеклоочистителей?,"В связи с тем, что к объему, составу и содержанию отчетных материалов по
геодезическим работам для каждого вида строительства предъявляются различные
требования, 
в 
настоящем 
Пособии 
рассматриваются 
основные 
вопросы 
по
геодезическим работам, выполняемым только при строительстве новых, расширении и
реконструкции действующих предприятий, зданий и сооружений.",Data1_11_11285_index.pdf,1
Какие ГОСТы или СНиПы определяют составление сметной документации в текущих ценах?,"При определении стоимости строительства в сметной документации подрядных организаций помимо базовых цен, единых
для заказчиков и подрядчиков, рекомендуется использовать цены в текущем или прогнозном уровне, определяемые на основе
фирменных сметных норм (ФСН) подрядных организации.",Data1_2_2079_index.pdf,4
Что происходит в случае нарушения требований к инвестиционному соглашению?,"В случае установления факта нарушения требований к инвестиционному соглашению (информации, 
содержащейся в инвестиционном соглашении), указанных в пункте 27.2 настоящей статьи, и (или) 
неисполнения инвестиционного соглашения инвестиционная надбавка для нефтеперерабатывающих 
заводов 
 принимается равной нулю в течение всего срока ее действия начиная с первого 
налогового периода ее применения налогоплательщиком.",Налоговый кодекс Российской Федерации.pdf,679
Какая форма используется для предоставления информации о выплатах из средств компенсационного фонда?,"Одним из существенных условий договора специального банковского счета является согласие 
саморегулируемой организации на предоставление кредитной организацией, в которой открыт 
специальный банковский счет, по запросу органа надзора за саморегулируемыми организациями 
информации о выплатах из средств компенсационного фонда (компенсационных фондов) 
саморегулируемой организации, об остатке средств на специальном счете (счетах), а также о средствах 
компенсационного фонда саморегулируемой организации, размещенных во вкладах (депозитах) и в иных 
финансовых активах саморегулируемых организаций, по форме, установленной Банком России.",Градостроительный кодекс Российской Федерации.pdf,220
Какова сметная стоимость стекла матового полированного витринного по ГОСТ МДС 81-10.2000?,"Стекло матовое полированное витринное, м2
43,01
46,81
239.",Data1_2_2076_index.pdf,14
Какие документы подтверждают полномочия ответственного участника?,"Документом, подтверждающим полномочия ответственного участника консолидированной группы 
налогоплательщиков, является договор о создании консолидированной группы налогоплательщиков, 
заключенный в соответствии с настоящим Кодексом и гражданским законодательством Российской 
Федерации.",Налоговый кодекс Российской Федерации.pdf,42
"Какие штрафы предусмотрены для должностных лиц за нарушения, предусмотренные частью 1 статьи 6.34?","Комментарии к статьям на сайте 
https://koapkodeksrf.ru/ 
 
 
 
 
статьей 17.13 (в пределах своих полномочий), частью 3 статьи 18.19, частями 4 и 6 статьи 19.3, частью 1 
статьи 19.4, частями 1 и 15 статьи 19.5, статьями 19.5.1, 19.6, 19.7, частью 3 статьи 20.2.2, статьей 20.27, 
статьей 20.35 (в пределах своих полномочий) настоящего Кодекса; 
57) утратил силу; 
58) должностные лица органа, осуществляющего функции по контролю и надзору в сфере связи, 
информационных технологий и массовых коммуникаций, - об административных правонарушениях, 
предусмотренных статьями 5.5, 5.10, 5.11, 5.13, 5.51, 6.13, 6.21, статьей 7.12 (за совершение нарушений в 
сфере массовых коммуникаций), статьей 13.2.1, частями 1 и 2 статьи 13.5, статьей 13.11, частью 5 статьи 
13.12, статьями 13.15, 13.15.1, 13.16, 13.20, 13.21, 13.23, частью 1.1 статьи 13.31, статьями 13.34, 13.35, 
13.36, 13.37, 13.38, 13.39, частями 2.1, 4 - 7 статьи 13.40, статьями 13.41 - 13.45, 13.47 - 13.49, частью 2 статьи 
17.13, частью 1 статьи 19.4, частью 1 статьи 19.5, статьями 19.5.1, 19.5.2, 19.6, 19.7, 19.7.5-2, частями 2 и 3 
статьи 19.7.5-3, частью 2 статьи 19.7.5-4, частями 1.2 и 1.3 статьи 19.7.10, статьями 19.7.10-2, 19.7.10-3, 
частями 2 и 3 статьи 19.34, статьей 19.34.1 настоящего Кодекса; 
59) должностные лица органов, осуществляющих контроль за соблюдением законодательства об архивном 
деле, - об административных правонарушениях, предусмотренных статьей 13.20, частью 2 статьи 13.25, 
частью 1 статьи 19.4, частью 1 статьи 19.5, статьями 19.6, 19.7 настоящего Кодекса; 
60) утратил силу; 
61) утратил силу с 1 сентября 2013 г.; 
62) должностные лица федерального антимонопольного органа и его территориальных органов - об 
административных правонарушениях, предусмотренных частью 7 статьи 7.32, статьей 7.32.5, частью 2 
статьи 14.9, частью 2 статьи 14.31.2, частью 1 статьи 19.4, частями 1 и 2.7 статьи 19.5, статьями 19.6, 19.7 
настоящего Кодекса; 
62.1) должностные лица федерального органа исполнительной власти, уполномоченного на 
осуществление контроля в сфере закупок товаров, работ, услуг отдельными видами юридических лиц, его 
территориальных органов - об административных правонарушениях, предусмотренных частью 2 статьи 
7.32.3 настоящего Кодекса; 
62.2) должностные лица контрольного органа в сфере закупок, его территориальных органов - об 
административных правонарушениях, предусмотренных частью 7.3 статьи 19.5 настоящего Кодекса; 
63) должностные лица органов, осуществляющих федеральный государственный надзор в области защиты 
прав потребителей, - об административных правонарушениях, предусмотренных статьями 6.27, 6.33, 
частью 8 статьи 13.15, статьями 14.4, 14.10, 14.15.2, 14.15.3, частью 2.2 статьи 14.16, частями 1 и 5 статьи 
14.34, частью 3 статьи 14.43 (за исключением нарушений при производстве и обороте (кроме розничной 
продажи алкогольной и спиртосодержащей продукции) этилового спирта, алкогольной и 
спиртосодержащей продукции), частью 5 статьи 14.46.2 (за исключением нарушений при производстве и 
обороте (кроме розничной продажи алкогольной и спиртосодержащей продукции) этилового спирта, 
алкогольной и спиртосодержащей продукции), статьей 15.12, частью 1 статьи 18.17 (в части нарушения 
допустимой доли иностранных работников, используемых хозяйствующими субъектами, 
осуществляющими деятельность в сфере розничной торговли на территории Российской Федерации), 
частью 1 статьи 19.4, частями 1 и 15 статьи 19.5, статьями 19.6, 19.7, статьей 19.33 (за исключением 
нарушений при производстве и обороте (кроме розничной продажи алкогольной и спиртосодержащей 
продукции) этилового спирта, алкогольной и спиртосодержащей продукции) настоящего Кодекса; 
64) должностные лица органов, осуществляющих государственный контроль (надзор) в области 
производства и оборота этилового спирта, алкогольной и спиртосодержащей продукции, - об",Административный кодекс Российской Федерации.pdf,556
Какие требования предъявляет ПН-5-95 к состоянию дымоходов и вентиляционных каналов?,"При инспектировании режимов обеспечения
населения коммунальными услугами анализируется состояние внутридомового газового
оборудования в целом, проверяется документация по профилактическим осмотрам
газового оборудования
Источник
Характерные неисправности или
повреждения
Нормативные требования
Рекомендуемые меры и
сроки устранения
1
2
3
4
ПН-5-95 Отсутствие тяги в дымоходах и
вентиляционных каналах,
непредставление в установленный
срок акта о состоянии дымовых
каналов.",Data1_10_10861_index.pdf,32
"Как определяется методика расчета стоимости строительства в валюте страны строительства в разделе 4 документа, регламентированного ГОСТом МДС 81-21.2000?","Для определения расчетной стоимости строительства во внутренних (базисных) ценах Российской Федерации, в валюте страны
строительства и расчетных затрат российских организаций в смешанных ценах составляются сводные расчеты в порядке, установленном
разделами 2-4 настоящего Порядка.",Data1_2_2069_index.pdf,3
"На какой основе осуществляются перевозки грузов, пассажиров и их багажа, буксировка судов и плавучих объектов, погрузка и выгрузка грузов, оказание услуг в речных портах?","Перевозки грузов, пассажиров и их багажа, буксировка судов и плавучих объектов, 
погрузка и выгрузка грузов, оказание услуг в речных портах, услуг по использованию 
инфраструктуры внутренних водных путей и других услуг внутреннего водного транспорта 
осуществляются на платной основе в соответствии с гражданским законодательством с учетом 
особенностей, предусмотренных пунктом 2 настоящей статьи.",Кодекс внутреннего водного транспорта Российской Федерации.pdf,5
Какие коэффициенты применяются к базовой цене проектирования театров для двух или более трупп согласно СНиП?,"7 При проектировании театров для двух или более трупп (русской и национальной) на одном стационаре с общим основным
залом базовая цена определяется по соответствующим ценам с коэффициентом до 1,15 по согласованию с заказчиком.",Data1_11_11835_index.pdf,9
Кто осуществляет государственное регулирование деятельности в области государственной авиации?,"Государственное регулирование деятельности в области экспериментальной 
авиации 
Государственное регулирование деятельности в области экспериментальной авиации 
осуществляется уполномоченным органом в области оборонной промышленности.",Воздушный кодекс Российской Федерации.pdf,9
"Как можно подать исковое заявление, заявление, жалобу, представление и иные документы в арбитражный суд?","Исковое заявление, заявление, жалоба, представление и иные документы могут быть 
поданы в суд на бумажном носителе или в электронном виде, в том числе в форме электронного 
документа.",Арбитражный процессуальный кодекс Российской Федерации.pdf,2
Какие организации разработали этот документ? (ГОСТ),"Указывает, что действие знаков 5.29 и 6.4 распространяется на механические транспортные 
средства: 
экологический класс которых, указанный в регистрационных документах на эти 
транспортные средства, соответствует экологическому классу, указанному на табличке, либо выше 
экологического класса, указанного на табличке; 
экологический класс которых не указан в регистрационных документах на эти транспортные 
средства.",ПДД Российской Федерации.pdf,50
"В какие сроки лицо, лишенное специального права, должно сдать документы?","В случае уклонения лица, лишенного специального права, от сдачи соответствующего удостоверения 
(специального разрешения) или иных документов срок лишения специального права прерывается.",Административный кодекс Российской Федерации.pdf,606
В каких условиях применяется метод триангуляции согласно СНиП 3.01.03-84?,Точность разбивки назначается по СНиП 3.01.03-84 (табл.,Data1_11_11285_index.pdf,17
"Какие значения для панели зданий до 3,5 м указаны в графиках относительных погрешностей согласно СНиП 3.01.03-84?","ПРИЛОЖЕНИЕ 4
ГРАФИКИ ОТНОСИТЕЛЬНЫХ ПОГРЕШНОСТЕЙ ПОСТРОЕНИЯ
МЕЖОСЕВЫХ РАЗМЕРОВ
а - панельные здания; б - каркасные здания; N - число панелей; n - число колонн; Т - знаменатель
относительной погрешности; 1, 2 - для панели зданий соответственно до 6 и 3,5 м; 3, 4 - для шага",Data1_11_11285_index.pdf,80
Какие обязанности управляющего проектом описаны в ГОСТ МДС 80-2.2000?,"ГЛАВНЫЕ ЗАДАЧИ И ОБЯЗАННОСТИ УПРАВЛЯЮЩЕГО ПРОЕКТОМ
3.1.",Data1_10_10858_index.pdf,3
Какие действия должен выполнить ответственный за безопасную эксплуатацию котельной согласно ГОСТ МДС 13-18.2000?,"№ 32-01-04/30)
ОСОБЕННОСТИ РАБОТЫ С ПЕРСОНАЛОМ
ЭНЕРГЕТИЧЕСКИХ ОРГАНИЗАЦИЙ
СИСТЕМЫ ЖИЛИЩНО-КОММУНАЛЬНОГО
ХОЗЯЙСТВА РОССИЙСКОЙ ФЕДЕРАЦИИ
МДС 13-15.2000
Москва
2000
ОБЩИЕ ПОЛОЖЕНИЯ
1.",Data1_10_10862_index.pdf,1
Какие органы исполнительной власти субъектов Российской Федерации осуществляют региональный государственный надзор в области технического состояния самоходных машин и других видов техники?,"Постановление судьи о лишении права управления трактором, самоходной машиной или другими 
видами техники исполняется должностными лицами органов, осуществляющих региональный 
государственный надзор в области технического состояния самоходных машин и других видов техники.",Административный кодекс Российской Федерации.pdf,604
Как уплачиваются взносы на капитальный ремонт собственниками нежилых помещений?,"Взносы на 
капитальный ремонт не уплачиваются собственниками помещений в многоквартирном доме, 
расположенном на территории закрывающегося населенного пункта.",Жилищный кодекс Российской Федерации.pdf,153
Какие показатели электроснабжения и электрооборудования указаны для фабрики массовой печати кинофильмов мощностью 150 млн. м пленки в год согласно СНиП?,"Фабрика массовой печати кинофильмов мощностью, 150 млн.",Data1_11_11835_index.pdf,10
"Какие объекты относятся к объектам, указанным в пункте 5.1 статьи 6 настоящего Кодекса?","Не предоставляется правовая охрана в качестве полезной модели объектам, указанным в пункте 6 статьи 
1350 настоящего Кодекса.",Гражданский кодекс Российской Федерации.pdf,562
"Какие страны, кроме Афганистана, упоминаются в тексте?","При применении права какой-либо страны согласно правилам настоящего раздела суд может принять во 
внимание императивные нормы права другой страны, имеющей тесную связь с отношением, если согласно 
праву этой страны такие нормы являются нормами непосредственного применения.",Гражданский кодекс Российской Федерации.pdf,476
Какой коэффициент-дефлятор применяется к налоговой ставке на антрацит?,"Коэффициент-дефлятор определяется и подлежит официальному опубликованию в порядке, установленном 
Правительством Российской Федерации; 
15) 24 рубля за 1 тонну добытого угля, за исключением антрацита, угля коксующегося и угля бурого.",Налоговый кодекс Российской Федерации.pdf,1396
Что такое хранение вещей с обезличением по статье 890 ГК РФ?,"Хранитель обязан возвратить поклажедателю или лицу, указанному им в качестве получателя, ту самую 
вещь, которая была передана на хранение, если договором не предусмотрено хранение с обезличением 
(статья 890).",Гражданский кодекс Российской Федерации.pdf,375
Какие расходы включаются в подпункте 1 пункта 1 статьи 44?,"В случае наличия у налогоплательщика в течение одного 
налогового периода расходов на обучение, медицинские услуги, физкультурно-оздоровительные услуги, 
расходов по договору (договорам) негосударственного пенсионного обеспечения, по договору (договорам) 
добровольного пенсионного страхования, по договору (договорам) добровольного страхования жизни (если 
такие договоры заключаются на срок не менее пяти лет) и (или) по уплате дополнительных страховых 
взносов на накопительную пенсию в соответствии с Федеральным законом ""О дополнительных страховых 
взносах на накопительную пенсию и государственной поддержке формирования пенсионных накоплений"" 
либо по оплате прохождения независимой оценки своей квалификации налогоплательщик самостоятельно, 
в том числе при обращении к налоговому агенту, выбирает, какие виды расходов и в каких суммах 
учитываются в пределах максимальной величины социального налогового вычета, указанной в настоящем 
пункте.",Налоговый кодекс Российской Федерации.pdf,841
На какие транспортные средства устанавливаются проблесковые маячки желтого или оранжевого цвета?,"Проблесковые маячки всех цветов устанавливаются на крышу транспортного средства 
или над ней.",ПДД Российской Федерации.pdf,58
"В каких случаях протокол об административном правонарушении не составляется, а постановление выносится без участия лица, в отношении которого возбуждено дело?","Комментарии к статьям на сайте 
https://koapkodeksrf.ru/ 
 
 
 
 
привлекается к административной ответственности, протокол об административном правонарушении не 
составляется, а постановление по делу об административном правонарушении выносится без участия 
указанного лица и оформляется в порядке, предусмотренном статьей 29.10 настоящего Кодекса.",Административный кодекс Российской Федерации.pdf,568
"Кто принимает окончательное решение в случае разногласий между заказчиком проекта, генпроектировщиком объекта и органами, выдающими технические условия и участвующими в согласовании задания?","В случае разногласий между заказчиком проекта, генпроектировщиком объекта и
органами, выдающими технические условия и участвующими в согласовании задания,
окончательное решение принимает Территориальное управление Минстроя России в
Чеченской 
Республике 
с 
участием 
при 
рассмотрении 
спорных 
вопросов
заинтересованных сторон.",Data1_10_10859_index.pdf,4
Каковы коэффициенты к минимальной заработной плате для нарушений категории «Б» согласно ГОСТ МДС 17-13.2000?,"В предписаниях размер финансовых санкций определяется значениями коэффициентов
по установленным нарушениям и действующего размера минимальной заработной платы.",Data1_10_10861_index.pdf,37
Кто обязан представлять подлинники решений и протокола общего собрания в орган государственного жилищного надзора?,"Управляющая организация, правление товарищества собственников жилья, жилищного или жилищно-
строительного кооператива, иного специализированного потребительского кооператива в течение пяти 
дней с момента получения указанных в части 1 настоящей статьи подлинников решений и протокола 
общего собрания собственников помещений обязаны в порядке, установленном федеральным органом 
исполнительной власти, осуществляющим функции по выработке и реализации государственной политики 
и нормативно-правовому регулированию в сфере жилищно-коммунального хозяйства, направить 
подлинники указанных решений и протокола, в том числе с использованием системы, в орган 
государственного жилищного надзора для хранения в течение трех лет.",Жилищный кодекс Российской Федерации.pdf,44
"Какие должностные лица уполномочены рассматривать дела об административных правонарушениях, предусмотренных статьями 19.25, 21.1 - 21.7 настоящего Кодекса?","Военные комиссариаты рассматривают дела об административных правонарушениях, предусмотренных 
статьями 19.25, 21.1 - 21.7 настоящего Кодекса.",Административный кодекс Российской Федерации.pdf,466
Какие инструментальные проверки проводятся при приемке трубопроводов и сооружений водоснабжения и канализации согласно СНиП 3.01.03-84?,"При приемке трубопроводов и сооружений водоснабжения и канализации в
эксплуатацию производится инструментальная проверка.",Data1_11_11285_index.pdf,24
Как интерпретировать шифр таблиц ФЕРм?,"Сборники ФЕРм имеют шифр, наименование и измеритель, аналогичные
приведенным в таблицах ГЭСНм соответствующего сборника.",Data1_10_10754_index.pdf,4
Какие телефоны доступны для бесплатной юридической консультации в Санкт-Петербурге и Ленинградской области?,"Бесплатная юридическая консультация по телефонам: 
• 8 (499) 938-53-71 (Москва и МО); 
 
• 8 (812) 467-95-28 (Санкт-Петербург и ЛО); 
• 8 (800) 301-92-12 (Регионы РФ).",Градостроительный кодекс Российской Федерации.pdf,291
На какие территории разрабатывается проект районной планировки согласно ГОСТ МДС 11-7.2000?,"СИСТЕМА НОРМАТИВНЫХ ДОКУМЕНТОВ В СТРОИТЕЛЬСТВЕ
РУКОВОДЯЩИЙ ДОКУМЕНТ
ИНСТРУКЦИЯ
о составе, порядке разработки, согласования и утверждения
градостроительной документации
МДС 11-7.2000
Государственный комитет Российской Федерации
по вопросам архитектуры и строительства
(Госстрой России)
СОДЕРЖАНИЕ
1.",Data1_1_1904_index.pdf,1
Какие транспортно-экспедиционные услуги освобождаются от налогообложения?,"Положения настоящего подпункта распространяются также на следующие услуги, оказываемые 
российскими организациями или индивидуальными предпринимателями: 
услуги по предоставлению железнодорожного подвижного состава и (или) контейнеров для осуществления 
международных перевозок; 
транспортно-экспедиционные услуги, оказываемые на основании договора транспортной экспедиции при 
организации международной перевозки.",Налоговый кодекс Российской Федерации.pdf,448
За сколько времени до срока представления оферт должно быть произведено объявление о торгах?,Объявление о торгах должно быть произведено за 2 - 6 мес.,Data1_10_10866_index.pdf,6
"Кто обязан страховать транспортное средство и (или) страховать ответственность за ущерб, который может быть причинен им или в связи с его эксплуатацией, если такое страхование является обязательным?","Страхование транспортного средства 
Если иное не предусмотрено договором аренды транспортного средства с экипажем, обязанность 
страховать транспортное средство и (или) страховать ответственность за ущерб, который может быть 
причинен им или в связи с его эксплуатацией, возлагается на арендодателя в тех случаях, когда такое 
страхование является обязательным в силу закона или договора.",Гражданский кодекс Российской Федерации.pdf,292
Какие работы и затраты не включаются в сводный расчет стоимости строительства?,"Сметная стоимость по объемам работ (затрат), выполняемым иностранными фирмами,
указанная в сводном сметном расчете стоимости строительства во внутренних ценах Российской
Федерации, при определении сметной стоимости данного строительства в смешанных ценах не
используется и в сводный сметный расчет стоимости строительства в смешанных ценах не
включается.",Data1_2_2082_index.pdf,6
Каков размер административного штрафа для юридических лиц за нарушение процесса функционирования единой системы идентификации и аутентификации?,"Выполнение должностным лицом участников информационного взаимодействия действий, 
направленных на нарушение процесса функционирования единой системы идентификации и 
аутентификации или информационных систем, подключенных к единой системе идентификации и 
аутентификации, - 
влечет наложение административного штрафа в размере от десяти тысяч до тридцати тысяч рублей.",Административный кодекс Российской Федерации.pdf,226
Какие действия может предпринять суд в предварительном заседании?,"В целях урегулирования спора судья принимает меры для примирения сторон, в том числе 
может предложить сторонам использовать какую-либо примирительную процедуру, отложить 
проведение предварительного судебного заседания, совершение других подготовительных 
действий.",Арбитражный процессуальный кодекс Российской Федерации.pdf,67
Какие требования предъявляются к монтажу оборудования и подводящим коммуникациям согласно ГОСТ (к СНиП 3.02.01-83)?,"СНиП 2.08.01-89*                   Жилые здания
СНиП 2.01.07-85                     Нагрузки и воздействия
Дополнение
к СНиП 2.01.07-85                  Прогибы и перемещения
СНиП 2.01.02-85                     Противопожарные нормы
СНиП II-3-79*, изд.",Data1_10_10865_index.pdf,30
Какие работы не включены в состав пусконаладочных работ согласно ГОСТу МДС 81-8.2000?,"В состав пусконаладочных работ не включены:
различного вида испытания, которые согласно техническим условиям на изготовление
и поставку оборудования должны производиться на стадии его изготовления или
монтажа.",Data1_10_10864_index.pdf,32
Какие данные должны быть указаны в итоговой строке формы протокола согласования затрат российских организаций в смешанных ценах согласно ГОСТу МДС 81-21.2000?,"ПРОТОКОЛ
согласования затрат российских организаций в смешанных ценах",Data1_2_2069_index.pdf,12
Как указывается наименование и количество единиц измерения мощности объекта в Форме № 3-в согласно ГОСТ?,"4250 м2 общей площади
____________________________________________________________
(наименование и количество единиц измерения мощности объекта)",Data1_2_2079_index.pdf,18
В каких случаях оспаривание займа по безденежности не допускается?,"Если договор займа должен быть совершен в письменной форме (статья 808), оспаривание займа по 
безденежности путем свидетельских показаний не допускается, за исключением случаев, когда договор 
был заключен под влиянием обмана, насилия, угрозы или стечения тяжелых обстоятельств, а также 
представителем заемщика в ущерб его интересам.",Гражданский кодекс Российской Федерации.pdf,338
"Как определяется размер возмещения при приведении параметров зданий, сооружений в соответствие с установленными требованиями?","В случае сноса здания, сооружения, объекта незавершенного строительства в связи с их нахождением в 
границах зоны с особыми условиями использования территории, в отношении которых принято решение о 
сносе самовольной постройки или ее приведении в соответствие с установленными требованиями 
исключительно по основанию их несоответствия обязательным требованиям к количеству этажей и (или) 
высоте объекта, или приведения параметров таких здания, сооружения, объекта незавершенного 
строительства и (или) их разрешенного использования (назначения) в соответствие с ограничениями 
использования земельных участков, установленными в границах зоны с особыми условиями 
использования территории, при расчете размера возмещения убытки определяются исходя из параметров 
зданий, сооружений, соответствующих установленным требованиям, требованиям разрешений на 
строительство.",Земельный кодекс Российской Федерации.pdf,157
"Какой штраф предусмотрен за допуск к управлению транспортным средством водителя, не имеющего российского национального водительского удостоверения?","Допуск к управлению транспортным средством водителя, не имеющего 
российского национального водительского удостоверения 
Допуск к управлению транспортным средством водителя, не имеющего в случаях, предусмотренных 
законодательством Российской Федерации о безопасности дорожного движения, российского 
национального водительского удостоверения, - 
влечет наложение административного штрафа на должностных лиц, ответственных за техническое 
состояние и эксплуатацию транспортных средств, в размере пятидесяти тысяч рублей.",Административный кодекс Российской Федерации.pdf,197
Какие методы используются для уполаживания берегов водных объектов?,"Использование водных объектов для проведения дноуглубительных, 
гидротехнических, взрывных, буровых и других работ, связанных с изменением дна 
и берегов водных объектов 
Использование водных объектов для проведения дноуглубительных, гидротехнических, 
взрывных, буровых и других работ, связанных с изменением дна и берегов водных объектов, 
осуществляется в соответствии с настоящим Кодексом и другими федеральными законами.",Водный кодекс Российской Федерации.pdf,31
Какова производительность установки осушки природного газа (однопоточная) согласно ГОСТу МДС 81-8.2000?,"т/год (однопоточная)
-»-
9483
9060
 
Группа 4
 
 
 
 
Технологический комплекс установок извлечения
гелия из природного газа
 
 
 
401
Установка 
осушки 
природного 
газа
(однопоточная) производительностью 3 млрд.",Data1_10_10864_index.pdf,37
Какие долговые обязательства субъекта Российской Федерации могут быть среднесрочными?,"Долговые обязательства субъекта Российской Федерации могут быть краткосрочными 
(менее одного года), среднесрочными (от одного года до пяти лет) и долгосрочными (от пяти до 30 
лет включительно).",Бюджетный кодекс Российской Федерации.pdf,144
Когда начинается рассмотрение евразийской заявки на изобретение?,"Рассмотрение евразийской заявки на изобретение, имеющей в соответствии с Евразийской патентной 
конвенцией силу предусмотренной настоящим Кодексом заявки на изобретение, осуществляется начиная 
со дня, когда федеральным органом исполнительной власти по интеллектуальной собственности получена 
от Евразийского патентного ведомства заверенная копия евразийской заявки.",Гражданский кодекс Российской Федерации.pdf,593
Какие регионы относятся к районам Крайнего Севера в Мурманской области?,"Приложение 3
Перечень районов Крайнего Севера и приравненных к ним местностей
Регионы
Районы Крайнего Севера
Местности, приравненные к районам
Крайнего Севера
Мурманская
область
Вся территория области
-
Архангельская
область
Ненецкий АО, г.",Data1_10_10062_index.pdf,8
Что запрещено водителю после ДТП?,"Водители троллейбусов и автобусов 
могут начинать движение только после того, как убедятся, что им уступают дорогу.",ПДД Российской Федерации.pdf,28
Какое решение может быть принято по результатам рассмотрения материалов проверки?,"В ходе 
рассмотрения материалов налоговой проверки может быть принято решение о привлечении в случае 
необходимости к участию в этом рассмотрении свидетеля, эксперта, специалиста.",Налоговый кодекс Российской Федерации.pdf,256
Какие ГОСТы или СНиПы регламентируют применение вычислительной техники при составлении сметной документации?,"ПРИМЕНЕНИЕ ВЫЧИСЛИТЕЛЬНОЙ ТЕХНИКИ
ПРИ СОСТАВЛЕНИИ СМЕТНОЙ ДОКУМЕНТАЦИИ
8.1.",Data1_2_2079_index.pdf,7
В каких случаях суд может взыскать алименты в твердой денежной сумме?,"Индексацию алиментов, взыскиваемых по решению суда в твердой денежной сумме,",Семейный кодекс Российской Федерации.pdf,32
Какие объекты проектирования указаны в главе 4 согласно СНиП?,"При выполнении геодезических работ на строительном объекте следует
руководствоваться правилами техники безопасности, изложенными в СНиП III-4-80 и
ведомственных инструкциях, разработанных и утвержденных в установленном порядке.",Data1_11_11285_index.pdf,76
Кто составляет проекты бюджетов государственных внебюджетных фондов Российской Федерации?,"Счетная палата Российской Федерации, контрольно-счетные органы субъектов 
Российской Федерации проводят экспертизу проектов бюджетов соответственно государственных 
внебюджетных 
фондов 
Российской 
Федерации 
и 
территориальных 
государственных 
внебюджетных фондов.",Бюджетный кодекс Российской Федерации.pdf,238
Какие работы включает в себя возобновление защитного слоя в железобетонных конструкциях каналов и камер согласно ГОСТ МДС 14-13.2000?,Возобновление защитного слоя в железобетонных конструкциях каналов и камер.,Data1_1_1879_index.pdf,30
Какие телефоны доступны для бесплатной юридической консультации в Москве и Московской области?,"Бесплатная юридическая консультация по телефонам: 
• 8 (499) 938-53-71 (Москва и МО); 
 
• 8 (812) 467-95-28 (Санкт-Петербург и ЛО); 
• 8 (800) 301-92-12 (Регионы РФ).",Административный кодекс Российской Федерации.pdf,417
На каком сайте можно найти комментарии к статьям?,"Комментарии к статьям на сайте 
https://gkodeksrf.ru/ 
  
 
Статья 228.",Гражданский кодекс Российской Федерации.pdf,135
Какие требования к устойчивости фонарей к воздействию радиационных факторов предъявляет ГОСТ МДС 31-8.2002?,"ЦЕНТРАЛЬНЫЙ НАУЧНО-ИССЛЕДОВАТЕЛЬСКИЙ
И ПРОЕКТНО-ЭКСПЕРИМЕНТАЛЬНЫЙ ИНСТИТУТ
ПРОМЫШЛЕННЫХ ЗДАНИЙ И СООРУЖЕНИЙ
ОАО «ЦНИИПРОМЗДАНИЙ»
РЕКОМЕНДАЦИИ
ПО ПРОЕКТИРОВАНИЮ
И УСТРОЙСТВУ ФОНАРЕЙ
ДЛЯ ЕСТЕСТВЕННОГО
ОСВЕЩЕНИЯ ПОМЕЩЕНИЙ
МДС 31-8.2002
Москва 2002
Рекомендованы к изданию решением Секции строительных конструкций зданий Научно-технического
совета ОАО «ЦНИИпромзданий» 10 июля 2002 г.",Data1_10_10846_index.pdf,1
Какие требования предъявляются к растворам-крепителям при силикатизации и смолизации грунтов согласно ГОСТ (к СНиП 3.02.01-83)?,Согласно главе СНиП 3.02.01-83 (разд.,Data1_11_11295_index.pdf,25
"Какие основные задачи Государственной жилищной инспекции по контролю за использованием, содержанием и ремонтом жилищного фонда приведены в МДС 17-13.2000?","ЛИФТЫ
ПОЛОЖЕНИЕ о применении финансовых санкций Государственной жилищной
инспекцией
ОБЩИЕ ПОЛОЖЕНИЯ ПО ИНСПЕКТИРОВАНИЮ ЖИЛИЩНОГО ФОНДА
Основной задачей Государственной жилищной инспекции является осуществление
контроля за использованием, содержанием, ремонтом жилищного фонда, придомовых
территорий, объектов коммунального назначения независимо от его принадлежности и
форм собственности, в части обеспечения защиты прав и законных интересов граждан и
государства.",Data1_10_10861_index.pdf,2
Что такое единая методология бюджетного учета и бюджетной отчетности?,"Единая методология бюджетного учета и бюджетной отчетности устанавливается 
Министерством финансов Российской Федерации в соответствии с положениями настоящего 
Кодекса.",Бюджетный кодекс Российской Федерации.pdf,378
Кто выполняет распоряжения диспетчерских органов о отключении электрической энергии?,"Распоряжения диспетчерских органов Единой энергетической системы России
или энергоснабжающих организаций об отключении электрической энергии
выполняются оперативным персоналом энергоснабжающей организации, а также
оперативным персоналом потребителя незамедлительно.",Data1_10_10853_index.pdf,2
"Какие преимущества имеют средства индивидуализации, исключительное право на которые возникло ранее?","Если различные средства индивидуализации (фирменное наименование, товарный знак, знак 
обслуживания, коммерческое обозначение) оказываются тождественными или сходными до степени 
смешения и в результате такого тождества или сходства могут быть введены в заблуждение потребители и 
(или) контрагенты, преимущество имеет средство индивидуализации, исключительное право на которое 
возникло ранее, либо в случаях установления конвенционного или выставочного приоритета средство 
индивидуализации, которое имеет более ранний приоритет.",Гражданский кодекс Российской Федерации.pdf,515
В каких случаях государственная пошлина не уплачивается при пересылке свидетельств и документов в соответствии с международными договорами?,"За выдачу свидетельства о государственной регистрации актов гражданского состояния и иных 
документов, подтверждающих факты государственной регистрации актов гражданского состояния, 
пересылаемых в соответствии с международными договорами Российской Федерации, а также на 
основании запросов дипломатических представительств и консульских учреждений Российской Федерации, 
государственная пошлина не уплачивается.",Налоговый кодекс Российской Федерации.pdf,1268
Как вносятся сведения о характеристиках древесины в государственный лесной реестр?,"Сведения о характеристиках древесины, заготовленной гражданами для 
собственных нужд, вносятся в государственный лесной реестр органами государственной власти, 
органами местного самоуправления, уполномоченными в соответствии со статьями 81 - 84 
настоящего Кодекса на заключение договоров купли-продажи лесных насаждений для собственных 
нужд граждан.",Лесной кодекс Российской Федерации.pdf,26
Какие работы выполняются с повышенными требованиями к качеству и классу точности?,"Никто не может быть ограничен в трудовых правах и свободах или получать какие-либо преимущества в 
зависимости от пола, расы, цвета кожи, национальности, языка, происхождения, имущественного, 
семейного, социального и должностного положения, возраста, места жительства, отношения к религии, 
убеждений, принадлежности или непринадлежности к общественным объединениям или каким-либо 
социальным группам, а также от других обстоятельств, не связанных с деловыми качествами работника.",Трудовой кодекс Российской Федерации.pdf,2
Какие положения МДС 81-3.99 следует учитывать при определении стоимости затрат на эксплуатацию строительных машин и механизмов?,"При определении стоимости затрат на эксплуатацию строительных
машин и механизмов следует учитывать положения Методических указаний по
разработке сметных норм и расценок на эксплуатацию строительных машин и
автотранспортных средств (МДС 81-3.99).",Data1_10_10848_index.pdf,5
Что включает техническая приемка перед монтажом конструкций фонарей согласно ГОСТ МДС 31-8.2002?,"ЦЕНТРАЛЬНЫЙ НАУЧНО-ИССЛЕДОВАТЕЛЬСКИЙ
И ПРОЕКТНО-ЭКСПЕРИМЕНТАЛЬНЫЙ ИНСТИТУТ
ПРОМЫШЛЕННЫХ ЗДАНИЙ И СООРУЖЕНИЙ
ОАО «ЦНИИПРОМЗДАНИЙ»
РЕКОМЕНДАЦИИ
ПО ПРОЕКТИРОВАНИЮ
И УСТРОЙСТВУ ФОНАРЕЙ
ДЛЯ ЕСТЕСТВЕННОГО
ОСВЕЩЕНИЯ ПОМЕЩЕНИЙ
МДС 31-8.2002
Москва 2002
Рекомендованы к изданию решением Секции строительных конструкций зданий Научно-технического
совета ОАО «ЦНИИпромзданий» 10 июля 2002 г.",Data1_10_10846_index.pdf,1
Какие документы регулируют оптовые цены на оборудование?,"В случае, если монтажные и пусконаладочные работы по какому-либо
оборудованию выполняются одним и тем же звеном (бригадой), цену пусконаладочных
работ по такому оборудованию следует принимать с коэффициентом 0,8.",Data1_10_10864_index.pdf,20
Какие виды грантов не подлежат налогообложению?,"В случае, если международным договором Российской Федерации по вопросам налогообложения 
предусмотрено полное или частичное освобождение от налогообложения в Российской Федерации каких-
либо видов доходов физических лиц, являющихся налоговыми резидентами иностранного государства, с 
которым заключен такой договор, освобождение от уплаты (удержания) налога у источника выплаты 
дохода в Российской Федерации либо возврат ранее удержанного налога в Российской Федерации 
производится в порядке, установленном пунктами 6 - 9 настоящей статьи.",Налоговый кодекс Российской Федерации.pdf,897
Является ли ассоциация (союз) собственником своего имущества?,Ассоциация (союз) является собственником своего имущества.,Гражданский кодекс Российской Федерации.pdf,69
Какие единицы измерения рекомендуются для разработки УПБС согласно ГОСТу?,"Наименование и единицы измерения ресурсов в сборнике УПБС ВР должны совпадать с наименованием и единицами
измерения аналогичных ресурсов в сборниках ПВР и СНиР-91.",Data1_2_2079_index.pdf,3
Что такое постоянное местонахождение иностранной организации?,"При применении положений международных договоров Российской Федерации иностранная 
организация, имеющая фактическое право на получение дохода, должна предоставить налоговому агенту, 
выплачивающему такой доход, подтверждение того, что эта иностранная организация имеет постоянное 
местонахождение в государстве, с которым Российская Федерация имеет международный договор 
Российской Федерации по вопросам налогообложения, которое должно быть заверено компетентным 
органом соответствующего иностранного государства.",Налоговый кодекс Российской Федерации.pdf,1198
"Что влечет наложение административного штрафа на должностных лиц за нарушение правил эксплуатации, неиспользование сооружений, оборудования или аппаратуры для очистки газов и контроля выбросов вредных веществ в атмосферный воздух?","Нарушение правил эксплуатации, неиспользование сооружений, оборудования или аппаратуры для 
очистки газов и контроля выбросов вредных веществ в атмосферный воздух, которые могут привести к его 
загрязнению, либо использование неисправных указанных сооружений, оборудования или аппаратуры, за 
исключением случаев, предусмотренных статьей 8.51 настоящего Кодекса, - 
влечет наложение административного штрафа на должностных лиц в размере от одной тысячи до двух 
тысяч рублей; на лиц, осуществляющих предпринимательскую деятельность без образования 
юридического лица, - от одной тысячи до двух тысяч рублей или административное приостановление 
деятельности на срок до девяноста суток; на юридических лиц - от десяти тысяч до двадцати тысяч рублей 
или административное приостановление деятельности на срок до девяноста суток.",Административный кодекс Российской Федерации.pdf,121
"Что такое мониторинг, основанный на добровольном участии контролируемых лиц?","В рамках федерального контроля осуществляются мониторинг, основанный на 
добровольном участии контролируемых лиц, и постоянный рейд в соответствии с положениями 
Федерального закона от 31 июля 2020 года N 248-ФЗ ""О государственном контроле (надзоре) и 
муниципальном контроле в Российской Федерации"".",Кодекс внутреннего водного транспорта Российской Федерации.pdf,5
При каких условиях выгодоприобретатель принимает обязательства по договору морского страхования?,"Если лицо, на которое возложена обязанность страхования, не осуществило его или заключило договор 
страхования на условиях, ухудшающих положение выгодоприобретателя по сравнению с условиями, 
определенными законом, оно при наступлении страхового случая несет ответственность перед 
выгодоприобретателем на тех же условиях, на каких должно было быть выплачено страховое возмещение 
при надлежащем страховании.",Гражданский кодекс Российской Федерации.pdf,388
Какое наименование должно быть присвоено выпуску проектной документации?,"СК-2
Наименование проектной
документации
Обозначение
Порядковый
№ __
ДОПОЛНИТЕЛЬНЫЕ ДАННЫЕ
(расшифровка маркировки конструкции, изделия, сведения о
преимуществах вновь разработанной серии и др.)
СОСТАВ ПРОЕКТНОЙ ДОКУМЕНТАЦИИ
Обозначение
выпуска
Наименование выпуска
 
 
Полный объем проектных материалов, приведенных к формату А4
ПРИМЕНЕННАЯ ПРОЕКТНАЯ ДОКУМЕНТАЦИЯ
Обозначение серии
Обозначение
выпуска
Наименование серии
Наименование
выпуска
(Наименование, дата и номер документа)
ВВЕДЕНИЕ В ДЕЙСТВИЕ
(Наименование организации, которая ввела ПД в действие)
(Наименование, дата и номер документа)
СРОК ДЕЙСТВИЯ
Начало (месяц, год)
Окончание (месяц, год)
ПОСТАВЩИК ДОКУМЕНТАЦИИ
(Наименование 
организации, 
распространяющей 
ПД,
почтовый адрес)
 
Инв.",Data1_10_10849_index.pdf,16
Как определяется геометрический КЕО в расчетной точке по ГОСТ МДС 31-8.2002?,"ЦЕНТРАЛЬНЫЙ НАУЧНО-ИССЛЕДОВАТЕЛЬСКИЙ
И ПРОЕКТНО-ЭКСПЕРИМЕНТАЛЬНЫЙ ИНСТИТУТ
ПРОМЫШЛЕННЫХ ЗДАНИЙ И СООРУЖЕНИЙ
ОАО «ЦНИИПРОМЗДАНИЙ»
РЕКОМЕНДАЦИИ
ПО ПРОЕКТИРОВАНИЮ
И УСТРОЙСТВУ ФОНАРЕЙ
ДЛЯ ЕСТЕСТВЕННОГО
ОСВЕЩЕНИЯ ПОМЕЩЕНИЙ
МДС 31-8.2002
Москва 2002
Рекомендованы к изданию решением Секции строительных конструкций зданий Научно-технического
совета ОАО «ЦНИИпромзданий» 10 июля 2002 г.",Data1_10_10846_index.pdf,1
Препятствует ли прекращение производства обращению других лиц?,"Подготовка к рассмотрению дела об административном правонарушении 
Судья, орган, должностное лицо при подготовке к рассмотрению дела об административном 
правонарушении выясняют следующие вопросы: 
1) относится ли к их компетенции рассмотрение данного дела; 
2) имеются ли обстоятельства, исключающие возможность рассмотрения данного дела судьей, членом 
коллегиального органа, должностным лицом; 
3) правильно ли составлены протокол об административном правонарушении и другие протоколы, 
предусмотренные настоящим Кодексом, а также правильно ли оформлены иные материалы дела; 
4) имеются ли обстоятельства, исключающие производство по делу; 
5) достаточно ли имеющихся по делу материалов для его рассмотрения по существу; 
6) имеются ли ходатайства и отводы.",Административный кодекс Российской Федерации.pdf,572
"В каких случаях судебные расходы, понесенные судом, взыскиваются с административного ответчика?","В случае принятия решения суда против нескольких административных ответчиков суд 
указывает, каким образом подлежат устранению нарушения, допущенные в отношении 
административного истца, и кем из административных ответчиков должны быть устранены такие 
нарушения.",Кодекс административного судопроизводства Российской Федерации.pdf,97
Какова цель документа МДС 41-3.2000?,"ГОСУДАРСТВЕННЫЙ КОМИТЕТ РОССИЙСКОЙ ФЕДЕРАЦИИ
ПО СТРОИТЕЛЬСТВУ И ЖИЛИЩНО-КОММУНАЛЬНОМУ КОМПЛЕКСУ
(ГОССТРОЙ РОССИИ)
Утверждено
приказом Госстроя России
от 21.04.2000 №92
ОРГАНИЗАЦИОННО-МЕТОДИЧЕСКИЕ
РЕКОМЕНДАЦИИ
ПО ПОЛЬЗОВАНИЮ СИСТЕМАМИ
КОММУНАЛЬНОГО ТЕПЛОСНАБЖЕНИЯ
В ГОРОДАХ И ДРУГИХ НАСЕЛЕННЫХ
ПУНКТАХ РОССИЙСКОЙ ФЕДЕРАЦИИ
МДС 41-3.2000
Москва
2000
I.",Data1_10_10871_index.pdf,1
"Как определяется рыночная стоимость земельного участка, если разрешенное использование изменено для строительства объектов федерального значения?","В случае, если до указанного дня разрешенное использование земельного участка изменено для 
строительства, реконструкции объектов федерального значения, объектов регионального значения или 
объектов местного значения, для строительства, реконструкции которых осуществляется изъятие, 
рыночная стоимость земельного участка или рыночная стоимость прекращаемых прав на земельный 
участок определяется исходя из разрешенного использования, установленного до указанного изменения.",Земельный кодекс Российской Федерации.pdf,144
На каком сайте можно найти комментарии к статьям Налогового кодекса РФ?,"Комментарии к статьям на сайте 
https://gkodeksrf.ru/ 
  
 
Статья 1156.",Гражданский кодекс Российской Федерации.pdf,463
"Как можно снизить вязкость растворов силиката при радиусах закрепления 0,7 м и более (ГОСТ 3.02.01-83)?","Для обеспечения качественной пропитки грунта при радиусах закрепления 0,7 м и более вязкость растворов силиката
может быть снижена путем добавки пластификатора или подогрева до температуры 40 - 60 °С.",Data1_11_11295_index.pdf,24
Какие дополнительные выплаты стимулирующего характера учитываются в расчетах согласно ГОСТ МДС 81-7.2000?,"Дополнительные
выплаты стимулирующего
характера
В 
расчетах 
учитываются 
4
должностных оклада в год
То же
1.3.",Data1_2_2116_index.pdf,4
Какие данные о гранулометрическом составе грунтов необходимы для проектирования инъекционного химзакрепления согласно СНиП 3.02.01-83?,Согласно главе СНиП 3.02.01-83 (разд.,Data1_11_11295_index.pdf,25
Какая средняя температура за июль в Печоре согласно ГОСТ МДС 31-8.2002?,"ЦЕНТРАЛЬНЫЙ НАУЧНО-ИССЛЕДОВАТЕЛЬСКИЙ
И ПРОЕКТНО-ЭКСПЕРИМЕНТАЛЬНЫЙ ИНСТИТУТ
ПРОМЫШЛЕННЫХ ЗДАНИЙ И СООРУЖЕНИЙ
ОАО «ЦНИИПРОМЗДАНИЙ»
РЕКОМЕНДАЦИИ
ПО ПРОЕКТИРОВАНИЮ
И УСТРОЙСТВУ ФОНАРЕЙ
ДЛЯ ЕСТЕСТВЕННОГО
ОСВЕЩЕНИЯ ПОМЕЩЕНИЙ
МДС 31-8.2002
Москва 2002
Рекомендованы к изданию решением Секции строительных конструкций зданий Научно-технического
совета ОАО «ЦНИИпромзданий» 10 июля 2002 г.",Data1_10_10846_index.pdf,1
Какая специальная информационная дорожка должна предусматриваться в зале для специальной физической подготовки инвалидов согласно ГОСТ МДС 35-7.2000?,"Кроме того, в зале
предусмотрена специальная информационная дорожка для инвалидов с ДЗ.",Data1_10_10847_index.pdf,27
"Какова важность правильного реагирования на запросы заказчиков, согласно ГОСТ МДС 11-11.2000?","СИСТЕМА НОРМАТИВНЫХ ДОКУМЕНТОВ В СТРОИТЕЛЬСТВЕ
РУКОВОДЯЩИЙ ДОКУМЕНТ
ИНСТРУКЦИЯ
о составе, порядке разработки, согласования и утверждения
градостроительной документации
МДС 11-7.2000
Государственный комитет Российской Федерации
по вопросам архитектуры и строительства
(Госстрой России)
СОДЕРЖАНИЕ
1.",Data1_1_1904_index.pdf,1
Какова роль канатного моста (элемент 3) в проекте площадки с зоной водных игр согласно ГОСТ МДС 35-7.2000?,"Площадка с зоной водных игр (проект) (ФРГ)
а - зона физкультурно-игровых устройств, суммарная площадь песочниц 60 - 100 м2; б - зона игр с
глинистым песком для лепки, площадь ямы с песком 40 - 60 м2; в - зона с плескательным бассейном,
глубина воды 0 - 50 см, площадь поверхности воды 40 - 100 м2:
1 - деревянная башня; 2 - яма с песком, 3 - канатный мост; 4 - песочница; 5 - сидячие места для игр; 6 -
канатная подвесная дорога; 7 - качалка; 8 - канатные сетки для лазания; 9 - дерево для лазания; 10 -
катофон; 11 - песочный холм
· Основные требования к организации площадок для слепых и ограниченно зрячих
(ОЗ):
А - игровое пространство необходимо ограничивать загородкой высотой 600 - 900
мм;
Б - пешеходные и беговые дорожки должны быть снабжены направляющими
поручнями;
В - выступы на поручне обозначают конец дорожки;
Г - перепады рельефа отмечаются повышением или понижением направляющего
поручня;
Д - повороты дорожек обозначаются изменением качества и фактуры покрытия:
твердое - мягкое, гладкое - неровное, с выпуклыми или вогнутыми плитами;
Е - на пешеходных дорожках устанавливается указатель направления движения к
площадке со стационарным игровым оборудованием.",Data1_10_10847_index.pdf,17
"Какова ответственность за нарушение правил использования на территории Российской Федерации спутниковых сетей связи, находящихся под юрисдикцией иностранных государств, для должностных лиц?","Нарушение правил использования на территории Российской Федерации 
спутниковых сетей связи, находящихся под юрисдикцией иностранных государств 
Неисполнение российским оператором связи, использующим иностранную спутниковую систему, 
обязанности по формированию российского сегмента такой системы в составе станции сопряжения с сетью 
связи общего пользования, по обеспечению управления этим сегментом с территории Российской 
Федерации и (или) по пропуску трафика, формирующегося абонентскими станциями (терминалами) на 
территории Российской Федерации, через станцию сопряжения российского оператора связи, 
находящуюся на территории Российской Федерации, - 
влечет наложение административного штрафа на должностных лиц в размере от десяти тысяч до тридцати 
тысяч рублей; на юридических лиц - от пятисот тысяч до одного миллиона рублей.",Административный кодекс Российской Федерации.pdf,236
Как определяется базовая цена проектирования объединенных или сблокированных зданий научно-исследовательских учреждений согласно СНиП?,"3 Базовая цена проектирования объединенных или сблокированных зданий, если это объединение или блокировка не учтены
ценой, определяется суммированием цен этих зданий.",Data1_11_11835_index.pdf,11
"Какие статьи КоАП рассматривают судьи, если дело возбуждено инспектором Счетной палаты Российской Федерации, согласно пункту 1.1 статьи 23.1?","Дела об административных правонарушениях, предусмотренных статьями 7.32.6, 15.1, 15.14 - 15.15.16 
и частью 20 статьи 19.5 настоящего Кодекса, рассматриваются судьями в случаях, если дело о таком 
административном правонарушении возбуждено инспектором Счетной палаты Российской Федерации, 
либо уполномоченным должностным лицом контрольно-счетного органа субъекта Российской Федерации, 
либо уполномоченным должностным лицом органа муниципального финансового контроля.",Административный кодекс Российской Федерации.pdf,457
Кто должен подписывать диагностическую карту крана согласно ТИПОВЫМ НОРМАМ?,"В графу 1 формы заносятся коды базовых карт и разновидности норм из
типовых технологий монтажа оборудования соответствующей расценки на монтаж, а
также шифры ресурсов, учтенных в базовых картах.",Data1_2_2073_index.pdf,3
Какие полномочия имеют законные представители?,"В кассационной жалобе лица, не принимавшего участия в административном деле, 
должно быть указано, какие права, свободы и законные интересы этого лица нарушены 
вступившим в законную силу судебным актом.",Кодекс административного судопроизводства Российской Федерации.pdf,205
Когда считается дата подачи заявки на товарный знак?,"Датой подачи заявки на товарный знак считается день поступления в федеральный орган 
исполнительной власти по интеллектуальной собственности документов, предусмотренных подпунктами 1-
3 пункта 3 настоящей статьи, а если указанные документы представлены не одновременно, - день 
поступления последнего документа.",Гражданский кодекс Российской Федерации.pdf,634
"Какие действия следует предпринять при обнаружении осадочных трещин согласно ТП-70 С., СНиП II-22-81, СНиП 2.03.01-84*?","ТП-70.°С, СНиП II-22-81
Вызвать
специализированную
организацию в 10-ти
дневный срок
Инструкт.",Data1_10_10861_index.pdf,17
Какое заключение должен дать эксперт?,"В заключении эксперта должно быть 
указано, кем и на каком основании проводились исследования, их содержание, должны быть даны 
обоснованные ответы на поставленные перед экспертом вопросы и сделаны выводы.",Административный кодекс Российской Федерации.pdf,519
Какой СНиП документа указан в методических рекомендациях по разработке сборников ресурсных сметных норм на монтаж оборудования?,"Настоящие Методические рекомендации устанавливают порядок разработки
сборников ресурсных сметных норм на монтаж оборудования (в дальнейшем
сборники РСН), предназначенных для определения потребности в ресурсах (затратах
труда, строительных машинах и материальных ресурсах), необходимых для
выполнения работ по монтажу оборудования.",Data1_2_2073_index.pdf,1
Какие требования к увеличению пропускной способности существующей сети и производительности подогревательной и насосной установок должны быть указаны в технических условиях согласно СНиП?,"теплоснабжения, а при теплоносителе горячая вода - также метод и график
регулирования отпуска тепловой энергии в систему теплопотребления;
д) требования (при необходимости) об увеличении пропускной способности
существующей сети и производительности подогревательной и насосной установок,
расширении или реконструкции установок химводоочистки, очистки конденсата
теплоснабжающей организации и (или) у заказчика;
е) количество, качество и режим откачки возвращаемого конденсата, требования к
его очистке у заказчика;
ж) необходимость использования имеющихся у заказчика собственных источников
тепла или сооружения у него резервного источника тепловой энергии или резервной
тепловой сети с учетом требований к надежности его теплоснабжения, рекомендации
по использованию вторичных энергетических ресурсов;
з) требования к прокладке трубопроводов, изоляции теплопроводов;
и) требования к организации учета тепловой энергии и теплоносителей;
к) требования к диспетчерской связи с теплоснабжающей организацией;
л) границы эксплуатационной ответственности теплоснабжающей организации и
заказчика.",Data1_10_10871_index.pdf,7
Какие требования предъявляются к технической документации на узел учета?,"Объекты производственного назначения после окончания работ по капитальному ремонту
предъявляются к приемке заказчиком.",Data1_1_1879_index.pdf,13
Какой ГОСТ или СНиП определяет методику расчета сметной прибыли?,"* Методика расчета средних сметных цен местных материальных ресурсов-представителей
(ЦНИИЭУС.",Data1_2_2080_index.pdf,5
Какие организации могут разрабатывать и применять собственные РСН на монтируемое ими оборудование согласно МДС 81-13.2000?,"Заинтересованные организации вправе разрабатывать и применять собственные
РСН на монтируемое ими оборудование и выполнение работы.",Data1_2_2073_index.pdf,1
"Каков максимальный срок наказания по совокупности приговоров, если оно менее строгое, чем лишение свободы?","Окончательное наказание по совокупности приговоров в случае, если оно менее строгое, чем лишение 
свободы, не может превышать максимального срока или размера, предусмотренного для данного вида 
наказания Общей частью настоящего Кодекса.",Уголовный кодекс Российской Федерации.pdf,25
Какие лицензии должны иметь инженерно-консультационные организации?,"Инженерно-консультационная организация должна иметь лицензии на те виды
работ, по которым она привлекается тендерным комитетом, организатором торгов или
претендентом.",Data1_10_10866_index.pdf,6
Что влечет наложение административного штрафа по статье 16.8?,"Комментарии к статьям на сайте 
https://koapkodeksrf.ru/ 
 
 
 
 
незаконно, либо с представлением документов, содержащих недостоверные сведения, за исключением 
случаев, предусмотренных статьями 16.1, 16.3, 16.19 настоящего Кодекса, - 
влечет наложение административного штрафа на граждан, должностных лиц и юридических лиц в размере 
стоимости товаров, информации, работ, услуг либо результатов интеллектуальной деятельности, 
явившихся предметами административного правонарушения, с их конфискацией или без таковой либо 
конфискацию предметов административного правонарушения.",Административный кодекс Российской Федерации.pdf,266
Какой минимальный уровень расчетных налоговых доходов должен быть установлен?,"Минимальное отношение (для остальных помещений) должно быть не
менее 1:8.",Data1_10_10865_index.pdf,20
Какие формулы используются для вычисления центральных координат точек базисной фигуры согласно СНиП 3.01.03-84?,Точность разбивки назначается по СНиП 3.01.03-84 (табл.,Data1_11_11285_index.pdf,17
Какая дата указывается в постановлении о досрочном прекращении исполнения административного наказания?,"В постановлении о досрочном прекращении исполнения административного наказания в виде 
административного приостановления деятельности указываются сведения, предусмотренные статьей 29.10 
настоящего Кодекса, а также дата возобновления деятельности лица, осуществляющего 
предпринимательскую деятельность без образования юридического лица, или юридического лица, его 
филиала, представительства, структурного подразделения, производственного участка, а также 
эксплуатации агрегатов, объектов, зданий или сооружений, осуществления отдельных видов деятельности 
(работ), оказания услуг.",Административный кодекс Российской Федерации.pdf,610
Какие работы по усилению стропильных ног предусмотрены в соответствии с ГОСТ МДС 14-13.2000?,Усиление стропильных ног нашивкой обрезков досок или других дополнительных креплений.,Data1_1_1879_index.pdf,18
Какие отходы приобретают статус иностранных товаров?,"Отходы, образовавшиеся в результате уничтожения товаров, за исключением отходов, 
указанных в пункте 5 настоящей статьи, приобретают статус иностранных товаров.",Таможенный кодекс Евразийского экономического союза.pdf,289
Какие действия может совершать представитель в арбитражном суде?,"Представитель вправе совершать от имени представляемого им лица все процессуальные 
действия, за исключением действий, указанных в части 2 настоящей статьи, если иное не 
предусмотрено в доверенности или ином документе.",Арбитражный процессуальный кодекс Российской Федерации.pdf,30
Какие сроки давности привлечения к административной ответственности должны быть учтены?,"Если срок установлен для совершения какого-либо действия, оно может быть выполнено до двадцати 
четырех часов последнего дня срока.",Гражданский кодекс Российской Федерации.pdf,123
Какие документы регулируют порядок исчисления налогов на пользователей автомобильных дорог согласно ГОСТ МДС 81-23.2000?,"Налог на пользователей
автомобильных дорог
(кроме городов Москвы
и Санкт-Петербурга)
полностью зачисляется в
территориальные
дорожные фонды.",Data1_2_2070_index.pdf,13
Как проводится предварительное судебное заседание?,Предварительное судебное заседание проводится судьей единолично.,Гражданский процессуальный кодекс Российской Федерации.pdf,61
"Какие данные используются для определения средств на обеспечение периода гарантийной эксплуатации, согласно ГОСТ МДС 81-21.2000?","ОПРЕДЕЛЕНИЕ ЗАТРАТ НА ЭКСПЛУАТАЦИЮ МАШИН
8.",Data1_2_2076_index.pdf,1
Как определяется коэффициент теплоотдачи ограждения согласно ГОСТ МДС 31-8.2002?,"ЦЕНТРАЛЬНЫЙ НАУЧНО-ИССЛЕДОВАТЕЛЬСКИЙ
И ПРОЕКТНО-ЭКСПЕРИМЕНТАЛЬНЫЙ ИНСТИТУТ
ПРОМЫШЛЕННЫХ ЗДАНИЙ И СООРУЖЕНИЙ
ОАО «ЦНИИПРОМЗДАНИЙ»
РЕКОМЕНДАЦИИ
ПО ПРОЕКТИРОВАНИЮ
И УСТРОЙСТВУ ФОНАРЕЙ
ДЛЯ ЕСТЕСТВЕННОГО
ОСВЕЩЕНИЯ ПОМЕЩЕНИЙ
МДС 31-8.2002
Москва 2002
Рекомендованы к изданию решением Секции строительных конструкций зданий Научно-технического
совета ОАО «ЦНИИпромзданий» 10 июля 2002 г.",Data1_10_10846_index.pdf,1
Какой СНиП определяет стоимость строительства в уровне цен I кв. 1993 г.?,"1993 г.(без НДС)
Приложение 2 Стоимость основных строительных материалов в I кв.",Data1_2_2075_index.pdf,17
Как определяется подрядные торги в ГОСТ МДС-80-8.2000?,"МИНСТРОЙ РОССИИ
МЕТОДИЧЕСКИЕ РЕКОМЕНДАЦИИ
ПО ПРОЦЕДУРЕ ПОДРЯДНЫХ ТОРГОВ
МДС 80-6.2000
МОСКВА 1997
РАЗРАБОТАНЫ АО «ЦНИИпроект» (канд.",Data1_10_10866_index.pdf,1
Как подсудимый может быть удален из зала заседания?,Подсудимый может быть удален из зала судебного заседания до окончания прений сторон.,Уголовно-процессуальный кодекс Российской Федерации.pdf,179
Какие коэффициенты применяются для изготовления макетов в разных масштабах? (СНиП),"При изготовлении макетов в других масштабах к ценам применяются коэффициенты:
при масштабе        1:20 - 0,6;
²                              1:50 - 0,8;
²                              1:200 - 1,2;
²                              1:500 - 1,6.",Data1_11_11835_index.pdf,18
Каков индекс текущего уровня цен для прочих работ и затрат в II квартале 1993 года?,"Прочие работы и затраты
Спз1
20000
Ипз1
70
Спз1 : Ипз1 :
(1 - а)
408
И т о г о
К1
200000
 
 
Кб1
2310
II квартал 1993 г.",Data1_2_2075_index.pdf,6
"Какова основная задача генеральной схемы расселения, природопользования и территориальной организации производительных сил Российской Федерации, согласно ГОСТ МДС 11-7.2000?","СИСТЕМА НОРМАТИВНЫХ ДОКУМЕНТОВ В СТРОИТЕЛЬСТВЕ
РУКОВОДЯЩИЙ ДОКУМЕНТ
ИНСТРУКЦИЯ
о составе, порядке разработки, согласования и утверждения
градостроительной документации
МДС 11-7.2000
Государственный комитет Российской Федерации
по вопросам архитектуры и строительства
(Госстрой России)
СОДЕРЖАНИЕ
1.",Data1_1_1904_index.pdf,1
Какие нормы ГОСТ или СНиП применяются к теплоснабжению при проектировании троллейбусного депо?,"4 При совместном проектировании наземных линий скоростного трамвая или обычных трамвайных линий с городскими улицами к ценам таблицы
применяется коэффициент 0,9.",Data1_11_11835_index.pdf,16
Как определяется прогнозный индекс к сметной стоимости в Форме № 3-в согласно ГОСТ?,"Сметная стоимость в прогнозном уровне цен определяется умножением сметной стоимости в текущем уровне
цен на нормативный процент выполнения в долях от единицы по кварталам (месяцам) и на прогнозный индекс к сметной
стоимости.",Data1_2_2079_index.pdf,6
Какой индекс изменения стоимости СМР был в Читинской области в I кв. 1993 г. по сравнению с базисным уровнем на 01.01.91 согласно МДС 81-9.2000?,"1993 г.(БЕЗ НДС)
Регионы
Индексы цен по сравнению с базисным
уровнем на 01.01.91
Изменение стоимости
СМР (гр.",Data1_2_2075_index.pdf,11
Как перечисляется плата за нормативные и сверхнормативные выбросы и сбросы согласно ГОСТ МДС 81-23.2000?,"23 ""Положения о
составе затрат по
производству и
реализации
продукции (работ,
услуг), включаемых в
себестоимость
продукции (работ,
услуг)"",
утвержденного
постановлением
Российской
Федерации от 05.08,92
№ 552)
Глава IX
""Прочие
работы и
затраты""
сводного
сметного
расчета
стоимости
строительства
Плата за нормативные и
сверхнормативные
выбросы и сбросы
вредных веществ,
размещение отходов
перечисляется
предприятиями,
учреждениями,
организациями в
бесспорном порядке:
90% - на специальные
счета внебюджетных
государственных
экологических фондов;
10% - в доход
республиканского
бюджета Российской
Федерации для
финансирования
деятельности
территориальных
органов
государственного
управления в области
охраны окружающей
природной среды.",Data1_2_2070_index.pdf,7
"Как изменяются максимальные суммы банковских гарантий для банков, у которых утвержден план по предупреждению банкротства?","Максимальная сумма одной банковской гарантии и максимальная сумма всех одновременно действующих 
банковских гарантий, выданных включенным в перечень банком, в отношении которого Советом 
директоров Центрального банка Российской Федерации утвержден план по предупреждению банкротства 
банка и принято решение о гарантировании непрерывности его деятельности в течение срока реализации 
плана по предупреждению банкротства банка, для принятия указанных гарантий налоговыми органами в",Налоговый кодекс Российской Федерации.pdf,172
"Какое напряжение считается высоким напряжением, согласно СНиП?","Под высоким напряжением
следует считать напряжение свыше 36 В.",Data1_10_10754_index.pdf,22
"Что означает ""посягательство на жизнь сотрудника правоохранительного органа""?",Посягательство на жизнь сотрудника правоохранительного органа,Уголовный кодекс Российской Федерации.pdf,252
Какие решения должны быть заранее продуманы для эффективного использования строительных механизмов согласно ГОСТ МДС 14-13.2000?,"Применение строительных механизмов должно осуществляться на основе заранее
продуманных решений, обеспечивающих эффективное их использование.",Data1_1_1879_index.pdf,12
Кто назначает и освобождает начальника управления (отдела) капитального строительства предприятия? (СНиП),"Управление (отдел) капитального строительства предприятия, осуществляющее (ий)
функции единого заказчика, возглавляет начальник.",Data1_1_1804_index.pdf,7
Как определяется точность выноса в натуру линий при использовании способа прямоугольных координат согласно СНиП 3.01.03-84?,Точность разбивки назначается по СНиП 3.01.03-84 (табл.,Data1_11_11285_index.pdf,17
Какая сумма государственной пошлины установлена за выдачу удостоверения эксперта по культурным ценностям?,"Комментарии к статьям на сайте
https://nkodeksrf.ru/
34.1) за выдачу уведомления, подтверждающего, что в отношении культурных ценностей правом 
Евразийского экономического союза не установлен разрешительный порядок вывоза, - 3 000 рублей; 
34.2) за выдачу паспорта на музыкальный инструмент или смычок - 1 000 рублей; 
34.3) за выдачу удостоверения эксперта по культурным ценностям - 4 000 рублей; 
35) за выдачу заключения (разрешительного документа) на временный вывоз культурных ценностей, в том 
числе при продлении срока временного вывоза культурных ценностей: 
в случае временного вывоза культурных ценностей, включенных в состав Музейного фонда Российской 
Федерации, - 0,01 процента страховой стоимости временно вывозимых культурных ценностей, но не более 
5 000 рублей; 
в случае временного вывоза культурных ценностей, находящихся в собственности физических или 
юридических лиц, за исключением культурных ценностей, включенных в состав Музейного фонда 
Российской Федерации, - 0,01 процента стоимости временно вывозимых культурных ценностей, но не более 
5 000 рублей; 
36) за государственную регистрацию транспортных средств и совершение иных регистрационных действий, 
связанных: 
с выдачей государственных регистрационных знаков на автомобили, в том числе взамен утраченных или 
пришедших в негодность, - 2 000 рублей; 
с выдачей государственных регистрационных знаков на мототранспортные средства, прицепы, тракторы, 
самоходные дорожно-строительные и иные самоходные машины, в том числе взамен утраченных или 
пришедших в негодность, - 1 500 рублей; 
с выдачей паспорта транспортного средства, паспорта самоходной машины и других видов техники, в том 
числе взамен утраченного или пришедшего в негодность, - 800 рублей; 
с выдачей свидетельства о регистрации машины, в том числе взамен утраченного или пришедшего в 
негодность, - 500 рублей; 
с выдачей свидетельства о регистрации транспортного средства, в том числе взамен утраченного или 
пришедшего в негодность: 
изготавливаемого из расходных материалов на бумажной основе, - 500 рублей; 
изготавливаемого из расходных материалов на пластиковой основе нового поколения, - 1 500 рублей; 
37) за временную регистрацию ранее зарегистрированных транспортных средств по месту их пребывания - 
350 рублей; 
38) за внесение изменений в выданные ранее паспорт транспортного средства, паспорт самоходной 
машины и других видов техники - 350 рублей; 
39) за выдачу государственных регистрационных знаков транспортных средств ""Транзит"", в том числе 
взамен утраченных или пришедших в негодность: 
изготавливаемых из расходных материалов на металлической основе, на автомобили - 1 600 рублей;",Налоговый кодекс Российской Федерации.pdf,1286
"Что происходит, если соответствующей статьей Особенной части УК РФ предусмотрены смертная казнь или пожизненное лишение свободы, согласно статье 65 УК РФ?","Положения части первой настоящей статьи не применяются, если соответствующей статьей Особенной 
части настоящего Кодекса предусмотрены пожизненное лишение свободы или смертная казнь.",Уголовный кодекс Российской Федерации.pdf,21
Какие требования к протяженности улично-дорожной сети установлены в ГОСТ МДС 11-7.2000?,"Транспорт
Протяженность улично-дорожной сети
 
в том числе:
 
магистральных дорог
км
магистральных улиц:
-""-
общегородского значения
-""-
районного значения
-""-
жилых улиц и проездов
-""-
Протяженность линий общественного транспорта:
 
трамвай
-""-
троллейбус
-""-
автобус
-""-
Гаражи, автомобильные стоянки:
 
постоянного хранения
маш.-место
временного хранения
-""-
Инженерное оборудование и благоустройство
Общее водопотребление
тыс.",Data1_1_1904_index.pdf,43
"Что происходит, если выручка за реализуемые товары поступает на счета нескольких организаций?","Если налоговым органом в указанных случаях будет установлено, что выручка за реализуемые товары 
(работы, услуги) поступает на счета нескольких организаций или если с момента, когда организация, за 
которой числится недоимка, узнала или должна была узнать о назначении выездной налоговой проверки 
или о начале проведения камеральной налоговой проверки, произошла передача денежных средств, иного 
имущества нескольким основным (преобладающим, участвующим) обществам (предприятиям), зависимым 
(дочерним) обществам (предприятиям), взыскание недоимки производится с соответствующих организаций 
пропорционально доле поступившей им выручки за реализуемые товары (работы, услуги), доле 
переданных денежных средств, стоимости иного имущества.",Налоговый кодекс Российской Федерации.pdf,108
Что понимается под работой для целей налогообложения?,"Работой для целей налогообложения признается деятельность, результаты которой имеют материальное 
выражение и могут быть реализованы для удовлетворения потребностей организации и (или) физических 
лиц.",Налоговый кодекс Российской Федерации.pdf,101
"Каков размер штрафа за представление заведомо недостоверных сведений, предусмотренных законодательством об иностранных инвестициях на территории Российской Федерации?","Непредставление в федеральный орган исполнительной власти, уполномоченный на выполнение 
функций по контролю за осуществлением иностранных инвестиций в Российской Федерации, ходатайств, 
предусмотренных законодательством об иностранных инвестициях на территории Российской Федерации, 
представление ходатайств, содержащих заведомо недостоверные сведения, либо нарушение 
установленных законодательством об иностранных инвестициях на территории Российской Федерации 
порядка и сроков подачи ходатайств - 
влечет наложение административного штрафа на граждан в размере от трех тысяч до пяти тысяч рублей; 
на должностных лиц - от тридцати тысяч до пятидесяти тысяч рублей; на юридических лиц - от пятисот 
тысяч до одного миллиона рублей.",Административный кодекс Российской Федерации.pdf,412
Какие требования предъявляются к проверке узла учета комиссией?,"Основные требования к метрологическим характеристикам средств измерений,
применяемых на узлах учета тепловой энергии и теплоносителей, должны",Data1_10_10870_index.pdf,3
По истечении какого срока действие соглашения о сохранении занятости прекращается?,"Соглашение о ценообразовании прекращается по истечении срока его действия либо может быть 
прекращено до истечения такого срока в случаях, предусмотренных настоящей статьей.",Налоговый кодекс Российской Федерации.pdf,338
"Какие статьи КоАП рассматривают органы, осуществляющие государственный надзор в области охраны и использования особо охраняемых природных территорий, в части нарушения водоохранного режима на водосборах подземных водных объектов?","Органы, осуществляющие государственный надзор в области охраны и использования особо охраняемых 
природных территорий, рассматривают дела об административных правонарушениях, предусмотренных 
частью 2 статьи 7.2 (в части уничтожения или повреждения на особо охраняемых природных территориях",Административный кодекс Российской Федерации.pdf,473
Какой срок отсрочки или рассрочки уплаты ввозных таможенных пошлин может быть предоставлен?,Отсрочка или рассрочка по уплате налога может быть предоставлена по одному или нескольким налогам.,Налоговый кодекс Российской Федерации.pdf,155
"Какие условия должны быть соблюдены для участников региональных инвестиционных проектов, для которых не требуется включение в реестр участников региональных инвестиционных проектов?","Особенности исчисления налога участниками региональных инвестиционных 
проектов, для которых не требуется включение в реестр участников региональных 
инвестиционных проектов 
1.",Налоговый кодекс Российской Федерации.pdf,1139
В каких случаях допускается предусматривать совмещенное освещение согласно ГОСТ МДС 31-8.2002?,"ЦЕНТРАЛЬНЫЙ НАУЧНО-ИССЛЕДОВАТЕЛЬСКИЙ
И ПРОЕКТНО-ЭКСПЕРИМЕНТАЛЬНЫЙ ИНСТИТУТ
ПРОМЫШЛЕННЫХ ЗДАНИЙ И СООРУЖЕНИЙ
ОАО «ЦНИИПРОМЗДАНИЙ»
РЕКОМЕНДАЦИИ
ПО ПРОЕКТИРОВАНИЮ
И УСТРОЙСТВУ ФОНАРЕЙ
ДЛЯ ЕСТЕСТВЕННОГО
ОСВЕЩЕНИЯ ПОМЕЩЕНИЙ
МДС 31-8.2002
Москва 2002
Рекомендованы к изданию решением Секции строительных конструкций зданий Научно-технического
совета ОАО «ЦНИИпромзданий» 10 июля 2002 г.",Data1_10_10846_index.pdf,1
"Когда уплачиваются акцизы для налогоплательщиков, имеющих свидетельство о регистрации для операций с прямогонным бензином?","Уплата акциза производится не позднее 25-го числа третьего месяца, следующего за истекшим 
налоговым периодом, следующими налогоплательщиками: 
1) имеющими свидетельство о регистрации лица, совершающего операции с прямогонным бензином, - при 
совершении операций с прямогонным бензином; 
2) имеющими свидетельство о регистрации лица, совершающего операции с бензолом, параксилолом или 
ортоксилолом, - при совершении операций с бензолом, параксилолом или ортоксилолом; 
3) утратил силу с 1 января 2021 г.",Налоговый кодекс Российской Федерации.pdf,715
Как определяется стоимость проектирования свайных фундаментов? (СНиП),"Для объектов II и III категорий сложности
стоимость проектирования определяется с применением повышающих коэффициентов, равных соответственно 1,25 и 1,4.",Data1_11_11835_index.pdf,18
Какие права управляющего проектом предусмотрены в МДС 11-11.2000?,"Права управляющего проектом
5.",Data1_10_10858_index.pdf,28
Какие дополнительные сведения должны быть указаны в судебном приказе о взыскании алиментов?,"Арбитражный суд, рассматривающий дело в кассационной инстанции, не вправе 
устанавливать или считать доказанными обстоятельства, которые не были установлены в решении 
или постановлении либо были отвергнуты судом первой или апелляционной инстанции, 
предрешать вопросы о достоверности или недостоверности того или иного доказательства, 
преимуществе одних доказательств перед другими, о том, какая норма материального права 
должна быть применена и какое решение, постановление должно быть принято при новом 
рассмотрении дела.",Арбитражный процессуальный кодекс Российской Федерации.pdf,188
Как утепляются канализационные стояки согласно ГОСТ МДС 13-18.2000?,"ГОССТРОЙ РОССИИ
СОЮЗ РАБОТНИКОВ
ЖИЛИЩНО-КОММУНАЛЬНОГО ХОЗЯЙСТВА
РОССИИ
РЕКОМЕНДАЦИИ
ПО ПОДГОТОВКЕ ЖИЛИЩНОГО ФОНДА К ЗИМЕ
МДС 13-18.2000
Москва 2002
Рассмотрены основные вопросы, связанные с подготовкой к зиме зданий и систем их
инженерного обеспечения, а также других объектов жилищно-коммунального хозяйства
с учетом специфики их эксплуатации.",Data1_10_10852_index.pdf,1
В какие сроки должно быть уведомление об одностороннем отказе от договора аренды земельного участка?,"Уведомление об одностороннем отказе от 
договора аренды такого земельного участка или исполнения договора аренды такого земельного участка 
направляется исполнительным органом государственной власти или органом местного самоуправления, 
предусмотренными статьей 39.2 настоящего Кодекса, в течение одного месяца со дня поступления от 
органа местного самоуправления поселения, городского округа по месту нахождения самовольной 
постройки или в случае, если самовольная постройка расположена на межселенной территории, органа 
муниципального района уведомления о невыполнении арендатором указанных обязанностей в срок, 
установленный решением о сносе самовольной постройки либо решением о сносе самовольной постройки 
или ее приведении в соответствие с установленными требованиями, или уведомления о невыполнении 
арендатором таких обязательств по истечении срока, установленного для выполнения таких обязательств 
договором аренды такого земельного участка, за исключением случаев, указанных в пунктах 5 и 7 
настоящей статьи.",Земельный кодекс Российской Федерации.pdf,121
Как может осуществляться разработка проектно-сметной документации на капитальный ремонт сложных объектов согласно ГОСТ МДС 14-13.2000?,"Для обеспечения высокого качества проектов и сокращения сроков проектирования
разработка проектно-сметной документации на капитальный ремонт сложных объектов может
осуществляться на договорных началах проектными организациями.",Data1_1_1879_index.pdf,10
"Что означает ""запреты и ограничения"" в статье 143?","Комментарии к статьям на сайте 
https://apkodrf.ru/ 
 
 
 
1) в случаях, предусмотренных пунктом 1 части 1 статьи 143 и пунктом 5 статьи 144 
настоящего Кодекса, до вступления в законную силу судебного акта соответствующего суда; 
2) в случаях, предусмотренных пунктом 2 части 1 статьи 143 и пунктом 4 статьи 144 
настоящего Кодекса, до устранения обстоятельств, послуживших основанием для приостановления 
производства по делу; 
3) в случаях, предусмотренных пунктами 3 и 4 части 1 статьи 143 и пунктом 2 статьи 144 
настоящего Кодекса, до определения правопреемника лица, участвующего в деле, или назначения 
недееспособному лицу представителя; 
4) в случае, предусмотренном пунктом 1 статьи 144 настоящего Кодекса, до истечения 
срока, установленного арбитражным судом.",Арбитражный процессуальный кодекс Российской Федерации.pdf,75
"Какой размер штрафа предусмотрен для лиц, осуществляющих предпринимательскую деятельность без образования юридического лица, за невыполнение правил поведения при чрезвычайной ситуации или угрозе ее возникновения?","Невыполнение правил поведения при чрезвычайной ситуации или угрозе ее 
возникновения 
1.",Административный кодекс Российской Федерации.pdf,438
Какие ключевые термины и определения приведены в разделе 'Общие положения' ГОСТ МДС 81-13.2000?,"№ 32-01-04/30)
ОСОБЕННОСТИ РАБОТЫ С ПЕРСОНАЛОМ
ЭНЕРГЕТИЧЕСКИХ ОРГАНИЗАЦИЙ
СИСТЕМЫ ЖИЛИЩНО-КОММУНАЛЬНОГО
ХОЗЯЙСТВА РОССИЙСКОЙ ФЕДЕРАЦИИ
МДС 13-15.2000
Москва
2000
ОБЩИЕ ПОЛОЖЕНИЯ
1.",Data1_10_10862_index.pdf,1
Как заказчик-застройщик проверяет цены и предъявленные к оплате документы подрядных организаций в соответствии с СНиП?,"В области финансирования, учета и отчетности: определяет и согласовывает с
подрядчиком (подрядчиками) при участии проектной и субподрядных организаций
договорные цены на строительство предприятий, пусковых комплексов и объектов в
соответствии с действующими нормативными документами;
оформляет в установленные сроки договоры подряда на капитальное строительство
(при строительстве объектов „под ключ"" и вахтовым методом - с учетом их особенностей)
с генеральным подрядчиком (подрядчиками);
определяет сумму прибыли, передаваемой подрядчику при досрочном вводе в действие
производственных мощностей и объектов;
с согласия генерального подрядчика заключает договоры с соответствующими
организациями на выполнение шефмонтажных и пусконаладочных работ, проведение
комплексного опробования оборудования (вхолостую и на рабочих режимах) с участием
проектных, подрядных строительных и монтажных организаций, а при необходимости - и
заводов-изготовителей оборудования, а также на наладку технологических процессов;
обеспечивает в учреждениях банков своевременное открытие и непрерывное
финансирование проектно-изыскательских работ и строительства объектов в пределах
выделенных объемов капитальных вложений, а также представление банкам всей
необходимой для этого документации;
ведет бухгалтерский, оперативный и статистический учет, составляет и представляет в
установленном порядке соответствующим органам отчетность по всем видам деятельности
(по утвержденным формам в установленные сроки) и несет ответственность за ее
достоверность;
проверяет цены и предъявленные к оплате документы подрядных организаций,
поставщиков, проектно-изыскательских и других организаций за выполненные работы,
поставленную продукцию и оказанные услуги;
учитывает и контролирует расходование сметного лимита по соответствующей
структуре капитальных вложений, а также достоверность бухгалтерского учета по
объектам строительства и затратам;
своевременно предъявляет претензии к подрядным организациям, поставщикам,
проектно-изыскательским и другим организациям об уплате неустойки (штрафа, пени) за
невыполнение или ненадлежащее выполнение договорных обязательств;
производит в установленном порядке оплату работ на основании подписанных им
документов об объеме и стоимости выполненных работ, а также окончательные расчеты по
законченным строительством объектам;",Data1_1_1804_index.pdf,3
Какие требования к сокращенному объему проектной документации предъявляет ГОСТ?,"Основными материалами при разработке тендерной документации являются проектные и
технологические решения по предмету торга и предъявляемые к ним технико-экономические
требования.",Data1_10_10865_index.pdf,2
"Какие исключения предусмотрены ГОСТ МДС 81-8.2000 для финансирования пусконаладочных работ в детских учреждениях, школах и домах-интернатах?","Стационарные коррекционные учреждения для
детей-инвалидов: дома-интернаты, школы-интернаты
10
Общественные 
здания 
и 
сооружения.",Data1_10_10847_index.pdf,37
Какой разряд зрительной работы установлен для лестничных клеток согласно ГОСТ МДС 31-8.2002?,"ЦЕНТРАЛЬНЫЙ НАУЧНО-ИССЛЕДОВАТЕЛЬСКИЙ
И ПРОЕКТНО-ЭКСПЕРИМЕНТАЛЬНЫЙ ИНСТИТУТ
ПРОМЫШЛЕННЫХ ЗДАНИЙ И СООРУЖЕНИЙ
ОАО «ЦНИИПРОМЗДАНИЙ»
РЕКОМЕНДАЦИИ
ПО ПРОЕКТИРОВАНИЮ
И УСТРОЙСТВУ ФОНАРЕЙ
ДЛЯ ЕСТЕСТВЕННОГО
ОСВЕЩЕНИЯ ПОМЕЩЕНИЙ
МДС 31-8.2002
Москва 2002
Рекомендованы к изданию решением Секции строительных конструкций зданий Научно-технического
совета ОАО «ЦНИИпромзданий» 10 июля 2002 г.",Data1_10_10846_index.pdf,1
Что такое субсидии на оплату жилого помещения и коммунальных услуг?,"Предоставление субсидий на оплату жилого помещения и коммунальных услуг 
1.",Жилищный кодекс Российской Федерации.pdf,131
Какая высота борта ванны зависит от волн согласно ГОСТ МДС 35-7.2000?,"1 - пандус; 2 - обходная дорожка; 3 - камера волнообразующей машины; 4 - высота борта (зависит от
волн); 5 - нормальный уровень воды
ДЕТАЛИ И ЭЛЕМЕНТЫ ДЕТСКИХ ВАНН
· Для детей слепых и ограниченно зрячих необходима тактильная и цветовая
разметка пола для ориентации в помещении.",Data1_10_10847_index.pdf,32
Может ли законодательство государств-членов устанавливать иные основания для исключения таможенного перевозчика из реестра?,"Законодательством государств-членов могут устанавливаться иные основания для 
исключения таможенного перевозчика из реестра таможенных перевозчиков.",Таможенный кодекс Евразийского экономического союза.pdf,461
"Какие документы необходимы для подтверждения права на имущественный налоговый вычет при приобретении прав на квартиру, комнату или долю в строящемся доме?","При строительстве индивидуального жилого дома 
право на имущественный налоговый вычет возникает с даты государственной регистрации права 
собственности налогоплательщика на данные жилой дом или долю (доли) в нем; 
2.1) при приобретении прав на квартиру, комнату или долю (доли) в них в строящемся доме право на 
имущественный налоговый вычет возникает с даты передачи объекта долевого строительства 
застройщиком и принятия его участником долевого строительства по подписанному ими передаточному 
акту или иному документу о передаче объекта долевого строительства.",Налоговый кодекс Российской Федерации.pdf,853
Как определяются правомочия доверительного управляющего по распоряжению ценными бумагами?,"Правомочия доверительного управляющего по распоряжению ценными бумагами определяются в 
договоре доверительного управления.",Гражданский кодекс Российской Федерации.pdf,414
Какие данные о совместном применении указываются в указаниях по применению?,"ТЕХНИЧЕСКАЯ ХАРАКТЕРИСТИКА
(общие 
краткие 
сведения, 
описание 
конструктивных
решений)
УКАЗАНИЯ ПО ПРИМЕНЕНИЮ
(сведения о назначении (использовании) конструкций,
изделий, 
их 
функциональных 
особенностях, 
об
использовании как в сейсмических, так и в несейсмических
районах, совместному их применению и др.)
ОБЛАСТЬ ПРИМЕНЕНИЯ
Климатические районы и
подрайоны
 
Минимальный предел огнестойкости, час
Расчетная 
температура
наружного воздуха, ºС
осн.",Data1_10_10849_index.pdf,15
Какая основная заработная плата указана в таблице 1 согласно ГОСТ?,"Основная заработная плата
 
тыс.",Data1_2_2080_index.pdf,15
Какие машины могут учитываться в расчете затрат на эксплуатацию?,"В локальной ресурсной смете при необходимости могут также учитываться затраты на
вспомогательные ненормируемые материальные ресурсы (прочие материалы) в руб., так
как затраты на основные материальные ресурсы, обеспечение которыми осуществляется
заказчиком, учитываются отдельно в сводной смете на ввод в эксплуатацию
предприятия, здания, сооружения.",Data1_10_10864_index.pdf,10
Какие данные необходимы для расчета коэффициента пересчета сметной стоимости работ по монтажу оборудования согласно Форме № 4?,"Расчет коэффициента пересчета сметной стоимости монтажа оборудования
ведется по форме № 5 приложения 4, которая составляется на основании данных из
форм № 2, 3 и 4.",Data1_10_10754_index.pdf,18
В какие сроки должны быть выданы или направлены решения о предоставлении жилых помещений по договорам социального найма?,"В договоре найма жилого помещения жилищного фонда социального использования должны быть 
указаны срок действия этого договора, размер платы за наем жилого помещения, порядок его изменения и 
условия заключения договора найма жилого помещения жилищного фонда социального использования на 
новый срок по истечении срока действия ранее заключенного договора.",Жилищный кодекс Российской Федерации.pdf,70
Какие виды профессиональной тайны упоминаются в тексте?,"Авторские права распространяются как на обнародованные, так и на необнародованные произведения, 
выраженные в какой-либо объективной форме, в том числе в письменной, устной форме (в виде 
публичного произнесения, публичного исполнения и иной подобной форме), в форме изображения, в 
форме звуко- или видеозаписи, в объемно-пространственной форме.",Гражданский кодекс Российской Федерации.pdf,519
Какие меры предписаны ГОСТ МДС 17-13.2000 при протекании канализационной сети?,"№ 32-01-04/30)
ОСОБЕННОСТИ РАБОТЫ С ПЕРСОНАЛОМ
ЭНЕРГЕТИЧЕСКИХ ОРГАНИЗАЦИЙ
СИСТЕМЫ ЖИЛИЩНО-КОММУНАЛЬНОГО
ХОЗЯЙСТВА РОССИЙСКОЙ ФЕДЕРАЦИИ
МДС 13-15.2000
Москва
2000
ОБЩИЕ ПОЛОЖЕНИЯ
1.",Data1_10_10862_index.pdf,1
Какие типы оборудования перечислены в Приложении 19 к ГОСТ (к СНиП 3.02.01-83) для силикатизации и смолизации грунтов?,Согласно главе СНиП 3.02.01-83 (разд.,Data1_11_11295_index.pdf,25
Какие требования предъявляются к разработке альтернативного варианта оферты согласно ГОСТ МДС-80-8.2000?,"ПРИ РАЗРАБОТКЕ АЛЬТЕРНАТИВНОГО ВАРИАНТА ОФЕРТЫ
В соответствии с п.",Data1_10_10865_index.pdf,37
В каких случаях срок пребывания руководителя научной организации в должности может быть продлен?,"В отдельных случаях, предусмотренных федеральными законами или решениями Президента Российской 
Федерации, срок пребывания руководителя государственной или муниципальной образовательной 
организации высшего образования в своей должности по достижении им возраста, установленного частью 
второй настоящей статьи, может быть продлен.",Трудовой кодекс Российской Федерации.pdf,194
Кто такие экспертные организации?,"Лицо или организация, предоставляющие аудио- и (или) видеозаписи на электронном или 
ином носителе либо заявляющие ходатайство об их истребовании, обязаны указать, когда, кем и в 
каких условиях осуществлялись записи.",Кодекс административного судопроизводства Российской Федерации.pdf,45
Как федеральный орган исполнительной власти уведомляет организацию о результате взаимосогласительной процедуры?,"По результатам взаимосогласительной процедуры федеральный орган исполнительной власти, 
уполномоченный по контролю и надзору в области налогов и сборов, уведомляет организацию об 
изменении мотивированного мнения либо оставлении мотивированного мнения без изменения.",Налоговый кодекс Российской Федерации.pdf,349
"Как учреждение или орган, на которые возложено исполнение наказания, извещает суд о месте отбывания наказания осужденным?","Учреждение или орган, на которые возложено исполнение наказания, должны извещать суд, 
постановивший приговор, о месте отбывания наказания осужденным.",Уголовно-процессуальный кодекс Российской Федерации.pdf,241
В каких случаях налогоплательщик - участник соглашения о защите и поощрении капиталовложений может уменьшать подлежащие уплате суммы налогов?,"Налогоплательщик - участник соглашения о защите и поощрении капиталовложений, одной из сторон 
которого является Российская Федерация, в случаях и порядке, которые предусмотрены положениями 
настоящей статьи и соответствующих глав части второй настоящего Кодекса, вправе уменьшать подлежащие 
уплате в бюджет суммы налогов (авансовых платежей по налогам) на налоговые вычеты в размере 
фактически осуществленных затрат, по которым Федеральным законом ""О защите и поощрении 
капиталовложений в Российской Федерации"" предусмотрено предоставление мер государственной 
поддержки (далее в целях настоящего Кодекса - налоговый вычет для СЗПК).",Налоговый кодекс Российской Федерации.pdf,87
Какие санкции могут быть применены к нарушителям положений Примерного профессионального кодекса инженеров-строителей согласно ГОСТу и СНиП?,"ПРИМЕРНЫЙ
ПРОФЕССИОНАЛЬНЫЙ КОДЕКС
ИНЖЕНЕРОВ-СТРОИТЕЛЕЙ
Москва 2002
Настоящий 
Примерный 
профессиональный 
кодекс 
инженеров-строителей
разработан с учетом положений профессиональных кодексов институтов инженеров-
строителей и институтов архитекторов, действующих в ряде высокоразвитых
зарубежных стран, а также замечаний и предложений основных общественных
объединений и организаций инвестиционно-строительной сферы деятельности.",Data1_10_10851_index.pdf,1
Какое сечение проводов должно быть рассчитано при проектировании воздушной линии электропередачи на напряжение 35 кВ согласно ГОСТ МДС-80-8.2000?,"Для расчета сечения проводов указываются потребляемая и дополнительная мощности предприятия
заказчика и сторонних потребителей, которые будут пользоваться этой ВЛ-35 кВ в последующем, что
оговаривается в технических условиях.",Data1_10_10865_index.pdf,40
Кто обязан представлять уведомления об участии в международной группе компаний?,"Международная компания в течение одного месяца со дня ее регистрации представляет уведомление об 
участии в иностранных организациях в отношении долей участия в иностранных организациях (учреждения 
иностранных структур без образования юридического лица) по состоянию на дату государственной 
регистрации такой международной компании.",Налоговый кодекс Российской Федерации.pdf,77
"Какой закон РФ вносит изменения и дополнения в Закон РСФСР ""О медицинском страховании граждан в РСФСР""?","Закон РФ от
02.04.93 № 4741-1
«О внесении
изменений и
дополнений в Закон
РСФСР ""О
медицинском
страховании
граждан в РСФСР""».",Data1_2_2070_index.pdf,33
"Какое углеводородное сырье, добытое на морском месторождении углеводородного сырья, освобождается от налогообложения?","Доход от реализации нефтепродуктов, продуктов нефтехимии и газохимии, произведенных из 
углеводородного сырья, добытого на новом морском месторождении углеводородного сырья, не 
включается в налоговую базу, определяемую в порядке, установленном статьей 275.2 настоящего Кодекса, а 
учитывается в целях налогообложения в общем порядке; 
2) доход организации - оператора нового морского месторождения углеводородного сырья от выполнения 
работ (оказания услуг), предусмотренных соответствующим операторским договором; 
3) доход организации - оператора нового морского месторождения углеводородного сырья от реализации 
углеводородного сырья, добытого на новом морском месторождении углеводородного сырья и 
приобретенного организацией - оператором нового морского месторождения углеводородного сырья у 
организации - владельца лицензии на пользование участком недр, в границах которого расположено 
указанное месторождение, а также продуктов технологического передела (сжиженного природного газа, 
стабильного конденсата, широкой фракции легких углеводородов), полученных из такого углеводородного 
сырья; 
4) доход от реализации товаров (имущественных прав), предназначенных для использования при 
осуществлении деятельности, связанной с добычей углеводородного сырья на новом морском 
месторождении углеводородного сырья, по сделкам между организацией - владельцем лицензии на 
пользование участком недр, в границах которого расположено указанное новое морское месторождение",Налоговый кодекс Российской Федерации.pdf,1157
"Какой год издания у рекомендаций по проектированию, устройству и эксплуатации светопрозрачных конструкций промышленных зданий, выпущенных ЦНИИпромзданий Госстроя СССР?","Рекомендации по проектированию, устройству и эксплуатации светопрозрачных конструкций
промышленных зданий/ЦНИИпромзданий Госстроя СССР.",Data1_10_10846_index.pdf,54
Может ли принципал ссылаться на отсутствие у агента надлежащих полномочий в отношениях с третьими лицами?,"В случаях, когда в агентском договоре, заключенном в письменной форме, предусмотрены общие 
полномочия агента на совершение сделок от имени принципала, последний в отношениях с третьими 
лицами не вправе ссылаться на отсутствие у агента надлежащих полномочий, если не докажет, что третье 
лицо знало или должно было знать об ограничении полномочий агента.",Гражданский кодекс Российской Федерации.pdf,408
Какой телефон можно использовать для получения бесплатной юридической консультации в регионах России?,"Бесплатная юридическая консультация по телефонам: 
• 8 (499) 938-53-71 (Москва и МО); 
 
• 8 (812) 467-95-28 (Санкт-Петербург и ЛО); 
• 8 (800) 301-92-12 (Регионы РФ).",Уголовно-процессуальный кодекс Российской Федерации.pdf,124
"Какой штраф предусмотрен за представление странового отчета, содержащего недостоверные сведения?","Непредставление странового отчета, представление странового отчета, 
содержащего недостоверные сведения 
Неправомерное непредставление в установленный срок странового отчета или представление странового 
отчета, содержащего недостоверные сведения, 
влечет взыскание штрафа в размере 100 000 рублей.",Налоговый кодекс Российской Федерации.pdf,364
Какие требования к отчетности об исполнении государственного (муниципального) задания должны быть указаны?,"Государственное (муниципальное) задание должно содержать: 
абзац второй утратил силу с 1 января 2011 г.; 
показатели, характеризующие качество и (или) объем (содержание) оказываемых 
государственных (муниципальных) услуг (выполняемых работ); 
порядок контроля за исполнением государственного (муниципального) задания, в том числе 
условия и порядок его досрочного прекращения; 
требования к отчетности об исполнении государственного (муниципального) задания.",Бюджетный кодекс Российской Федерации.pdf,75
Как уполномоченный орган выдает заключение об исчезновении характерных условий?,"Уполномоченный орган осуществляет контроль за сохранением особых свойств товара, в отношении 
которого зарегистрировано наименование места происхождения товара, в том числе выдает заключение 
об исчезновении характерных для данного географического объекта условий и о невозможности 
производить товар, который обладает особыми свойствами, указанными в Государственном реестре 
указаний и наименований, в отношении которого зарегистрировано наименование места происхождения 
товара.",Гражданский кодекс Российской Федерации.pdf,652
Кто проводит экспертизу?,"Эксперт не вправе самостоятельно собирать материалы для проведения экспертизы; вступать в личные 
контакты с участниками процесса, если это ставит под сомнение его незаинтересованность в исходе дела; 
разглашать сведения, которые стали ему известны в связи с проведением экспертизы, или сообщать кому-
либо о результатах экспертизы, за исключением суда, ее назначившего.",Гражданский процессуальный кодекс Российской Федерации.pdf,34
"Проводится ли предварительное судебное заседание в делах, рассматриваемых в порядке упрощенного производства?","Предварительное судебное заседание по делам, 
рассматриваемым в порядке упрощенного производства, не проводится.",Гражданский процессуальный кодекс Российской Федерации.pdf,95
"Какие организации могут принимать от граждан в залог движимые вещи, предназначенные для личного потребления?","Принятие от граждан в залог движимых вещей, предназначенных для личного потребления, в 
обеспечение краткосрочных займов может осуществляться в качестве предпринимательской деятельности 
специализированными организациями - ломбардами.",Гражданский кодекс Российской Федерации.pdf,192
В каком случае арбитражный суд может поручить другому арбитражному суду произвести определенные процессуальные действия?,"Арбитражный суд, рассматривающий дело, в случае невозможности получения 
доказательств, находящихся на территории другого субъекта Российской Федерации, в порядке, 
предусмотренном 
статьей 
66 
настоящего 
Кодекса, 
вправе 
поручить 
соответствующему 
арбитражному суду произвести определенные процессуальные действия.",Арбитражный процессуальный кодекс Российской Федерации.pdf,35
Какие виды инспекционных проверок выполняются Государственной жилищной инспекцией согласно МДС 17-13.2000?,"ПАМФИЛОВА)
МЕТОДИЧЕСКИЕ РЕКОМЕНДАЦИИ
ПО ЛИКВИДАЦИИ НАРУШЕНИЙ
В СОДЕРЖАНИИ И ИСПОЛЬЗОВАНИИ
ЖИЛИЩНОГО ФОНДА
И ПРИДОМОВЫХ ТЕРРИТОРИЙ
МДС 13-17.2000
УТВЕРЖДЕНЫ
приказом директора Департамента
жилищно-коммунального хозяйства
Министерства строительства Российской Федерации
29 марта 1995 г.",Data1_10_10861_index.pdf,1
"Кто осуществляет контроль за межбюджетными субсидиями, субвенциями, трансфертами и кредитами?","Муниципальный финансовый контроль за соблюдением целей, порядка и условий 
предоставления из бюджета муниципального образования межбюджетных субсидий, субвенций, 
иных межбюджетных трансфертов, имеющих целевое назначение, бюджетных кредитов, а также за 
соблюдением условий договоров (соглашений) об их предоставлении и условий контрактов 
(договоров, соглашений), источником финансового обеспечения (софинансирования) которых 
являются указанные межбюджетные трансферты, осуществляется органами муниципального 
финансового контроля муниципального образования, из бюджета которого предоставлены 
указанные межбюджетные трансферты, в отношении: 
главных 
администраторов 
(администраторов) 
средств 
бюджета 
муниципального 
образования, предоставивших межбюджетные субсидии, субвенции, иные межбюджетные 
трансферты, имеющие целевое назначение, бюджетные кредиты; 
финансовых органов и главных администраторов (администраторов) средств бюджета 
бюджетной системы Российской Федерации, которому предоставлены межбюджетные субсидии, 
субвенции, иные межбюджетные трансферты, имеющие целевое назначение, бюджетные кредиты, 
а также юридических и физических лиц, индивидуальных предпринимателей (с учетом положений 
пункта 2 настоящей статьи), которым предоставлены средства из этого бюджета.",Бюджетный кодекс Российской Федерации.pdf,392
Что такое «договорное потребление теплоносителя» в документе МДС 41-3.2000?,"ГОСУДАРСТВЕННЫЙ КОМИТЕТ РОССИЙСКОЙ ФЕДЕРАЦИИ
ПО СТРОИТЕЛЬСТВУ И ЖИЛИЩНО-КОММУНАЛЬНОМУ КОМПЛЕКСУ
(ГОССТРОЙ РОССИИ)
Утверждено
приказом Госстроя России
от 21.04.2000 №92
ОРГАНИЗАЦИОННО-МЕТОДИЧЕСКИЕ
РЕКОМЕНДАЦИИ
ПО ПОЛЬЗОВАНИЮ СИСТЕМАМИ
КОММУНАЛЬНОГО ТЕПЛОСНАБЖЕНИЯ
В ГОРОДАХ И ДРУГИХ НАСЕЛЕННЫХ
ПУНКТАХ РОССИЙСКОЙ ФЕДЕРАЦИИ
МДС 41-3.2000
Москва
2000
I.",Data1_10_10871_index.pdf,1
На какие расходы не распространяется данное положение?,"Положения настоящего пункта не распространяются на организации, изменяющие свою организационно-
правовую форму.",Налоговый кодекс Российской Федерации.pdf,954
Какие документы должны быть представлены для допуска тепловых сетей и систем теплопотребления в эксплуатацию согласно ГОСТ?,"После проведения приемосдаточных испытаний тепловые сети и системы
теплопотребления должны быть предъявлены для осмотра и допуска в эксплуатацию
органу государственного энергетического надзора и теплоснабжающей организации.",Data1_10_10871_index.pdf,9
Как специалист должен действовать в качестве представителя заказчика согласно СНиП?,"На действующих предприятиях в рабочих комиссиях по приемке в эксплуатацию новых
(реконструируемых) зданий обязательно должен участвовать в качестве члена комиссии
ответственный представитель Службы технической эксплуатации производственных зданий и
сооружений.",Data1_1_1879_index.pdf,13
Какова сметная стоимость труб асбестоцементных по ГОСТ МДС 81-10.2000?,"Сметная прибыль (по МДС 81-
25.2001)
 
 
 
8.",Data1_10_10754_index.pdf,24
"Что грозит индивидуальным предпринимателям за нарушение обязательных требований при обращении драгоценных металлов, драгоценных камней и продукции из них?","Нарушение обязательных требований при обращении драгоценных металлов, 
драгоценных камней и продукции из них 
1.",Административный кодекс Российской Федерации.pdf,351
"Какие ставки таможенных пошлин действовали согласно Указу Президента Российской Федерации ""О Временном импортном таможенном тарифе Российской Федерации""?","Дата и номер
законодательного
акта
Наименование
законодательного акта
Номер статей и пунктов, регламентирующих положения,
относящиеся к порядку определения стоимости строительства с
участием иностранных фирм, и их краткое содержание
1
2
3
4
Временного 
импортного
таможенного 
тарифа
Российской Федерации""
после вступления в силу данного Указа, облагаются таможенной
пошлиной по новым ставкам Временного импортного тарифа
Российской Федерации, приведенным в приложении к данному
Указу, и предусмотрено (п.5), что в дальнейшем изменение ставок
Временного 
импортного 
тарифа 
Российской 
Федерации
производится в порядке, определяемом Правительством Российской
Федерации (см.",Data1_2_2082_index.pdf,26
Какие требования к строительной климатологии и геофизике установлены СНиП 2.01.01-82?,"Распределение договорного количества тепловой энергии по кварталам и месяцам
должно производится с учетом температур наружного воздуха, приведенных в СНиП
2.01.01-82 «Строительная климатология и геофизика».",Data1_10_10871_index.pdf,4
Какие границы эксплуатационной ответственности между теплоснабжающей организацией и заказчиком должны быть указаны в технических условиях согласно СНиП?,"В технических условиях должны быть также указаны пределы возможных
колебаний давления (в том числе статического) и температуры в тепловых
пунктах 
заказчика, 
устройства 
для 
защиты 
от 
которых 
должны
предусматриваться последним при проектировании систем теплопотребления и
тепловых сетей.",Data1_10_10871_index.pdf,7
Какую роль играет управляющий проектом в выборе и согласовании места размещения объекта по ГОСТ МДС 11-11.2000?,"Участие в выборе и согласовании места размещения объекта строительства, в
подготовке задания на проектирование или документа, его заменяющего, и при
необходимости в организации инженерных обследований.",Data1_10_10858_index.pdf,4
Какие требования предъявляются к эксплуатации теплопотребляющих установок и тепловых сетей абонентом согласно ГОСТ?,"Эксплуатация теплопотребляющих установок и тепловых сетей абонента
должна осуществляться им с соблюдением требований правил эксплуатации
теплопотребляющих установок и тепловых сетей потребителей.",Data1_10_10871_index.pdf,9
Какие финансовые показатели должны быть указаны в форме 'Опыт работы претендента по самому крупному построенному объекту сопоставимого вида и объем работы в России или за рубежом' согласно ГОСТ МДС 80-5.2000?,"Порядок проведения предварительной квалификации
Приложение 1 Примерная форма приглашения к участию   в предварительной
квалификации
Приложение 2 Примерная форма  соглашения на участие в торгах
Приложение 3 Наименование организации, фирмы, консорциума
Приложение 4 Наименование организации, фирмы, консорциума
Приложение 5 Опыт работы претендента по самому крупному   построенному
объекту сопоставимого вида  и объем работы в России или за рубежом
Приложение 6 Перечень наиболее крупных строительных объектов  сопоставимого
вида и объем строительства в России и за рубежом  за последние 5 лет
Приложение 7 Строительная техника (оборудование), транспорт
Приложение 8 Собственный производственный и технический персонал
Приложение 9 Финансовое положение",Data1_10_10867_index.pdf,8
"Какие действия необходимо предпринять при обнаружении неисправности расположенных на крыше карнизов, водоотводящих устройств, ограждений, гильз, анкеров, устройств молниезащиты согласно ГОСТ МДС 17-13.2000?","4.103
Неисправность
расположенных на крыше
карнизов, водоотводящих
устройств, ограждений,
гильз, анкеров, устройств
молниезащиты
Не допускается
Должны быть приведены в
технически исправное состояние в
период подготовки дома к зиме
П и Н
п.",Data1_10_10861_index.pdf,12
Как уведомляется подозреваемый или обвиняемый о принятых мерах?,О принятых мерах следователь или дознаватель уведомляет подозреваемого или обвиняемого.,Уголовно-процессуальный кодекс Российской Федерации.pdf,113
Какие источники информации используются для определения текущих цен на материальные ресурсы в МДС 81-14.2000?,"Применение разных индексов пересчета в текущие цены от цен 2000 года для
ТЕРм и для ФЕРм, пересчитанных в цены какого-либо региона, не допускается.",Data1_10_10754_index.pdf,18
Какие работы по утеплению зданий должны быть выполнены согласно ГОСТ МДС 13-18.2000?,"ГОССТРОЙ РОССИИ
СОЮЗ РАБОТНИКОВ
ЖИЛИЩНО-КОММУНАЛЬНОГО ХОЗЯЙСТВА
РОССИИ
РЕКОМЕНДАЦИИ
ПО ПОДГОТОВКЕ ЖИЛИЩНОГО ФОНДА К ЗИМЕ
МДС 13-18.2000
Москва 2002
Рассмотрены основные вопросы, связанные с подготовкой к зиме зданий и систем их
инженерного обеспечения, а также других объектов жилищно-коммунального хозяйства
с учетом специфики их эксплуатации.",Data1_10_10852_index.pdf,1
"Когда не допускается раздел, перераспределение или выдел земельных участков, если сохраняемые обременения не позволяют использовать земельные участки в соответствии с разрешенным использованием?","Не допускается раздел, перераспределение или выдел земельных участков, если сохраняемые в 
отношении образуемых земельных участков обременения (ограничения) не позволяют использовать 
указанные земельные участки в соответствии с разрешенным использованием.",Земельный кодекс Российской Федерации.pdf,12
Какова периодичность капитального ремонта металлической кровли согласно ГОСТ МДС 14-13.2000?,"ГОСУДАРСТВЕННЫЙ КОМИТЕТ СОВЕТА МИНИСТРОВ СССР ПО ДЕЛАМ СТРОИТЕЛЬСТВА
(ГОССТРОЙ СССР)
ПОЛОЖЕНИЕ
О ПРОВЕДЕНИИ ПЛАНОВО-ПРЕДУПРЕДИТЕЛЬНОГО РЕМОНТА
ПРОИЗВОДСТВЕННЫХ ЗДАНИЙ И СООРУЖЕНИЙ
МДС 13-14.2000
(Утверждено Постановлением Госстроя СССР от 29 декабря 1973 г.",Data1_1_1879_index.pdf,1
Какие телефоны доступны для бесплатной юридической консультации в регионах России?,"Бесплатная юридическая консультация по телефонам: 
• 8 (499) 938-53-84 (Москва и МО); 
 
• 8 (812) 467-95-33 (Санкт-Петербург и ЛО); 
• 8 (800) 301-79-07 (Регионы РФ).",Бюджетный кодекс Российской Федерации.pdf,264
"Какая информация должна быть указана в журнале учета проверки знаний норм, правил, инструкций согласно ГОСТ МДС 15-13.2000?","№ 32-01-04/30)
ОСОБЕННОСТИ РАБОТЫ С ПЕРСОНАЛОМ
ЭНЕРГЕТИЧЕСКИХ ОРГАНИЗАЦИЙ
СИСТЕМЫ ЖИЛИЩНО-КОММУНАЛЬНОГО
ХОЗЯЙСТВА РОССИЙСКОЙ ФЕДЕРАЦИИ
МДС 13-15.2000
Москва
2000
ОБЩИЕ ПОЛОЖЕНИЯ
1.",Data1_10_10862_index.pdf,1
По каким основаниям заявитель не допускается к участию в аукционе?,"Отказ в допуске к участию в аукционе по иным основаниям, за исключением указанных в части 19 
настоящей статьи, не допускается.",Градостроительный кодекс Российской Федерации.pdf,243
В каких случаях осужденные могут содержаться в одиночных камерах?,"В 
необходимых случаях по мотивированному постановлению начальника тюрьмы и с согласия 
прокурора осужденные могут содержаться в одиночных камерах.",Уголовно-исполнительный кодекс Российской Федерации.pdf,76
Как проводятся повторные измерения времени падения уровня воды?,"Далее аналогичным образом делают несколько повторных измерений времени падения уровня до полной стабилизации
отсчетов времени, после чего опыт считают законченным.",Data1_11_11295_index.pdf,32
"Какое название имеет документ, регламентирующий использование текущих и прогнозных индексов стоимости при составлении сметной документации? (ГОСТ МДС 81-9.2000)","ГО С С Т Р О Й  Р О С С И И
МЕТОДИЧЕСКИЕ РЕКОМЕНДАЦИИ
ПО ИСПОЛЬЗОВАНИЮ ТЕКУЩИХ И ПРОГНОЗНЫХ ИНДЕКСОВ
СТОИМОСТИ ПРИ СОСТАВЛЕНИИ СМЕТНОЙ ДОКУМЕНТАЦИИ,
ОПРЕДЕЛЕНИИ СВОБОДНЫХ (ДОГОВОРНЫХ) ЦЕН НА СТРОИТЕЛЬНУЮ
ПРОДУКЦИЮ И РАСЧЕТАХ ЗА ВЫПОЛНЕННЫЕ РАБОТЫ
МДС 81-9.2000
Москва 2001
 
Настоящие Методические рекомендации определяют порядок использования текущих и
прогнозных индексов стоимости при составлении расчетов и смет, формировании свободных
(договорных) цен на строительную продукцию и расчет за выполненные работы между
участниками инвестиционного процесса, осуществляющими строительство на территории
Российской Федерации.",Data1_2_2075_index.pdf,1
"Какие основные разделы содержит документ, регламентированный ГОСТом МДС 81-21.2000?","СИСТЕМА НОРМАТИВНЫХ ДОКУМЕНТОВ В СТРОИТЕЛЬСТВЕ
РУКОВОДЯЩИЙ ДОКУМЕНТ
ИНСТРУКЦИЯ
о составе, порядке разработки, согласования и утверждения
градостроительной документации
МДС 11-7.2000
Государственный комитет Российской Федерации
по вопросам архитектуры и строительства
(Госстрой России)
СОДЕРЖАНИЕ
1.",Data1_1_1904_index.pdf,1
Какие специальные знания могут потребоваться при составлении диспаши?,"При возникновении во время составления диспаши вопросов, требующих для их 
разрешения специальных знаний (в области судовождения, судостроения, ремонта судов, оценки 
судов и грузов и других), диспашер вправе поручить подготовить соответствующее заключение 
назначенному им эксперту.",Кодекс внутреннего водного транспорта Российской Федерации.pdf,80
Как должны быть закрыты проемы и отверстия при работе геодезиста на монтажном горизонте в СНиП 3.01.03-84?,"При работе геодезиста на монтажном горизонте все проемы и отверстия
должны быть закрыты.",Data1_11_11285_index.pdf,77
Как переносятся затраты труда рабочих-монтажников в таблицу ресурсных сметных норм согласно ГОСТ МДС 81-13.2000?,"Затраты труда рабочих-монтажников переносятся в таблицу ресурсных
сметных норм из сборников расценок на монтаж оборудования в соответствии с п.",Data1_2_2073_index.pdf,4
"Кто может рассматривать дела об административных правонарушениях от имени органов, осуществляющих контроль в сфере естественных монополий?","Рассматривать дела об административных правонарушениях от имени органов, указанных в части 1 
настоящей статьи, в пределах своих полномочий вправе: 
1) руководители федеральных органов исполнительной власти, осуществляющих федеральный 
государственный контроль (надзор) в сфере естественных монополий, их заместители; 
2) руководители территориальных органов федеральных органов исполнительной власти, осуществляющих 
федеральный государственный контроль (надзор) в сфере естественных монополий, их заместители; 
3) руководители органов исполнительной власти субъектов Российской Федерации, осуществляющих 
региональный государственный контроль (надзор) в сфере естественных монополий, их заместители.",Административный кодекс Российской Федерации.pdf,493
Какие виды технического обслуживания и ремонта предусмотрены для кранов башенных с грузовым моментом до 25 тм согласно ТИПОВЫМ НОРМАМ?,"Дата
проведения
работ
Наименование
и марка
(индекс)
крана
Заводской
номер
Фактическая
наработка
крана с
начала
эксплуатации
или
капитального
ремонта на
день
непланового
ремонта, ч
Наименование
неисправностей
или характер
проявления
неисправности
Режим работы
и условия
использования
Причина
появления
неисправности
и принятые
меры по ее
устранению,
перечень
замененных
сборочных
единиц и
деталей
Фактическая
трудоемкость
работ, чел.-ч
Фактическая
продолжительность
пребывания крана
в ремонте, ч
1
2
3
4
5
6
7
8
9
ТИПОВЫЕ НОРМЫ
ПЕРИОДИЧНОСТИ, ТРУДОЕМКОСТИ И ПРОДОЛЖИТЕЛЬНОСТИ
ТЕХНИЧЕСКОГО ОБСЛУЖИВАНИЯ И РЕМОНТА
ГРУЗОПОДЪЕМНЫХ КРАНОВ
Вид кранов
Вид
технического
обслуживания
и ремонта
Периодичность
выполнения
технического
обслуживания и
ремонта, ч
Трудоемкость выполнения одного технического
обслуживания и ремонта, чел.-ч
Продолжительность
выполнения, ч
Всего
В том числе по видам работ
диагностические слесарные
прочие
КРАНЫ БАШЕННЫЕ
 
 
 
 
 
 
 
Краны башенные с грузовым
моментом до 25 тм
ТО-1
200
12
0,8
11,2
-
5
ТО-2
600
51
1,8
49,2
-
25
СО
2 раза в год
10
-
10
-
3
Т
1200
235
3
160
72
23
К
12000
510
-
330
180
70
То же, с грузовым моментом
26-60 тм
ТО-1
200
13
0,9
12,1
-
6
ТО-2
600
52
1,9
50,1
-
26
СО
2 раза в год
10
-
10
-
3
Т
1200
245
3,1
169,9
72
24
К
12000
575
-
380
195
80
То же, с грузовым моментом
61-100 тм
ТО-1
200
14
1
13
-
7
ТО-2
600
53
2
51
-
27
СО
2 раза в год
11
-
11
-
3
Т
1200
260
3,2
179,8
77
26
к
12000
670
-
450
220
95
То же, с грузовым моментом
101-160 тм
ТО-1
200
16
1,1
14,9
-
8
ТО-2
600
56
2,2
53,8
-
28
СО
2 раза в год
13
-
13
-
4
Т
1200
291
3,3
199,7
88
29
К
12000
870
-
568
302
120
То же, с грузовым моментом
161-250 тм
ТО-1
200
19
1,2
17,8
-
9
ТО-2
600
61
2,3
58,7
-
30
СО
2 раза в год
17
-
17
-
5
Т
1200
339
3,5
230,5
105
35
К
14400
1200
-
750
450
160
То же, с грузовым моментом
251-400 тм
ТО-1
200
21
1,3
19,7
-
10,0
ТО-2
600
65
2,4
62,6
-
32
СО
2 раза в год
20
-
20
-
6
Т
1200
392
3,7
266,3
122
39
К
14400
1500
-
920
580
210
То же, с грузовым моментом
401-630 тм
ТО-1
200
27
1,4
25,6
-
13
ТО-2
600
73
2,5
70,5
-
36
СО
2 раза в год
26
-
26
-
8
Т
1200
495
3,9
341,1
150
50
К
14400
2130
-
1385
745
275
То же, с грузовым моментом
631-1000 тм
ТО-1
200
31
1,5
29,5
-
15
ТО-2
600
78
2,6
75,4
-
39
СО
2 раза в год
30
-
30
-
10
Т
1200
560
4,2
388,8
167
56
К
14400
2550
-
1715
835
325
То же, с грузовым моментом
1001-1400 тм
ТО-1
200
35
1,6
33,4
-
17
ТО-2
600
84
2,7
81,3
-
42
СО
2 раза в год
34
-
34
-
11
Т
1200
615
4,5
426,5
184
60
К
14400
2900
-
1905
995
375
КРАНЫ СТРЕЛОВЫЕ
ГУСЕНИЧНЫЕ
 
 
 
 
 
 
 
Краны грузоподъемностью до
16 т
ТО-1
50
7
0,5
6,5
-
3
ТО-2
250
27
1,4
25,6
-
13
СО
2 раза в год
28
-
28
-
9
Т
1000
780
4,3
580,7
195
80
в т.ч.: ТО-3
-
34
4,3
29,7
-
-",Data1_10_10855_index.pdf,4
"Какие работы необходимо выполнить для подготовки систем горячего водоснабжения, согласно ГОСТ МДС 13-18.2000?","СИСТЕМЫ ГОРЯЧЕГО ВОДОСНАБЖЕНИЯ
Необходимо выполнить следующие работы:
1.",Data1_10_10852_index.pdf,21
"Что происходит, если обеспеченное обязательство было изменено без согласия поручителя?","В случае, если обеспеченное поручительством обязательство было изменено без согласия поручителя, 
что повлекло за собой увеличение ответственности или иные неблагоприятные последствия для 
поручителя, поручитель отвечает на прежних условиях.",Гражданский кодекс Российской Федерации.pdf,202
Какие методы могут использоваться для построения геодезических сетей сгущения согласно СНиП 3.01.03-84?,Точность разбивки назначается по СНиП 3.01.03-84 (табл.,Data1_11_11285_index.pdf,17
"При каких обстоятельствах прекращается обязанность по уплате ввозных таможенных пошлин, налогов, специальных, антидемпинговых, компенсационных пошлин в отношении иностранных товаров, перемещаемых трубопроводным транспортом, согласно статье 295?","Обязанность по уплате ввозных таможенных пошлин, налогов, специальных, 
антидемпинговых, компенсационных пошлин в отношении иностранных товаров, перемещаемых 
трубопроводным 
транспортом, 
помещаемых 
(помещенных) 
под 
таможенную 
процедуру 
таможенного транзита, возникает у декларанта с момента регистрации таможенным органом 
транзитной декларации.",Таможенный кодекс Евразийского экономического союза.pdf,366
Какие методы используются для проверки прямолинейности оси труб в горизонтальной плоскости согласно СНиП 3.01.03-84?,Точность разбивки назначается по СНиП 3.01.03-84 (табл.,Data1_11_11285_index.pdf,17
Как и когда уплачиваются авансовые платежи и налог?,"Единый сельскохозяйственный налог исчисляется как соответствующая налоговой ставке процентная 
доля налоговой базы.",Налоговый кодекс Российской Федерации.pdf,1493
Какие данные должны быть указаны в определении судебной коллегии Верховного Суда Российской Федерации?,"В надзорной жалобе лица, не принимавшего участия в деле, должно быть указано, какие права, свободы 
или законные интересы этого лица нарушены вступившим в законную силу судебным решением.",Уголовно-процессуальный кодекс Российской Федерации.pdf,257
Какие действия предпринимаются при выявлении дефектов в ходе технического осмотра согласно ГОСТ МДС 14-13.2000?,"В протоколах описываются все действия следователя, а также все обнаруженное при осмотре и (или) 
освидетельствовании в той последовательности, в какой производились осмотр и освидетельствование, и 
в том виде, в каком обнаруженное наблюдалось в момент осмотра и освидетельствования.",Уголовно-процессуальный кодекс Российской Федерации.pdf,126
Какие расходы по уплате налога на содержание жилищного фонда и объектов социально-культурной сферы относятся на финансовые результаты деятельности предприятий согласно ГОСТ МДС 81-23.2000?,"21 Закона)
Расходы предприятий
и организаций по
уплате налога
относятся на
финансовые
результаты
деятельности
предприятий (п.",Data1_2_2070_index.pdf,26
Что предусмотрено частью 2 статьи 20.2 КоАП РФ?,"N 
195-ФЗ (КоАП РФ) (с изменениями и дополнениями) 
 
Принят Государственной Думой 20 декабря 2001 года 
Одобрен Советом Федерации 26 декабря 2001 года 
Раздел I.",Административный кодекс Российской Федерации.pdf,0
Как можно обжаловать решение арбитражного суда первой инстанции в апелляционную инстанцию?,"Решение арбитражного суда первой инстанции может быть обжаловано в арбитражный 
суд апелляционной инстанции, если иное не предусмотрено настоящим Кодексом.",Арбитражный процессуальный кодекс Российской Федерации.pdf,91
Кто уполномочен проводить расследование аварий и инцидентов на море?,"Расследование аварий или инцидентов на море 
Расследование аварий или инцидентов на море осуществляется уполномоченным 
Правительством Российской Федерации федеральным органом исполнительной власти в 
соответствии с положением, утвержденным федеральным органом исполнительной власти в 
области транспорта по согласованию с федеральным органом исполнительной власти в области 
рыболовства и федеральным органом исполнительной власти в области обороны.",Кодекс торгового мореплавания Российской Федерации.pdf,8
Какие требования предъявляются к допросу обвиняемого?,"По окончании 
допроса эти материалы предъявляются суду, лицам, участвующим в деле, их представителям и 
могут быть приобщены к данному административному делу на основании определения суда.",Кодекс административного судопроизводства Российской Федерации.pdf,91
"Что такое ""лабиринт"" в контексте ГОСТ МДС 35-7.2000?","Мезенцева
РЕКОМЕНДАЦИИ
ПО ПРОЕКТИРОВАНИЮ
ОКРУЖАЮЩЕЙ СРЕДЫ, ЗДАНИЙ И СООРУЖЕНИЙ
С УЧЕТОМ ПОТРЕБНОСТЕЙ ИНВАЛИДОВ И ДРУГИХ
МАЛОМОБИЛЬНЫХ ГРУПП НАСЕЛЕНИЯ
МДС 35-7.2000
Выпуск 13
ОБЩЕСТВЕННЫЕ ЗДАНИЯ И СООРУЖЕНИЯ.",Data1_10_10847_index.pdf,1
Что такое оборудование негабаритное (крупногабаритное) согласно Указаниям по применению федеральных единичных расценок на монтаж оборудования (ФЕРм-2001)?,"ГОСУДАРСТВЕННЫЙ КОМИТЕТ РОССИЙСКОЙ ФЕДЕРАЦИИ
ПО СТРОИТЕЛЬСТВУ И ЖИЛИЩНО-КОММУНАЛЬНОМУ
КОМПЛЕКСУ
(Госстрой России)
УКАЗАНИЯ
ПО ПРИМЕНЕНИЮ
ФЕДЕРАЛЬНЫХ ЕДИНИЧНЫХ РАСЦЕНОК
НА МОНТАЖ ОБОРУДОВАНИЯ
(ФЕРм-2001)
МДС 81-37.2004
Москва 2004
Указания по применению федеральных единичных расценок на монтаж
оборудования (ФЕРм-2001) МДС 81-37.2004 /Госстрой России/ Москва, 2004
РАЗРАБОТАНЫ      ЦНИИЭУС Госстроя России (к.э.н.",Data1_10_10754_index.pdf,1
Какая схема нормативно-правового регулирования строительства (услуг) приведена в Приложении 3 согласно ГОСТ МДС-80-8.2000?,"При разработке альтернативного варианта оферты
Приложение 1 Примеры формулировки задач для тендерной документации
Приложение 2 Примеры образцов по услугам подрядчиков и субподрядчиков
Приложение 3 Схема нормативно-правового регулирования строительства (услуг)
Приложение 4 Разновидности подрядных торгов в Российской Федерации",Data1_10_10865_index.pdf,44
Что считается контрафактными товарами?,"Товары не 
считаются однородными, если они не произведены в той же стране, что и оцениваемые товары, или 
если в отношении этих товаров проектирование, разработка, инженерная, конструкторская работа, 
художественное оформление, разработка дизайна, эскизов и чертежей и иные аналогичные работы 
были выполнены на таможенной территории Союза.",Таможенный кодекс Евразийского экономического союза.pdf,34
Что включает в себя общий технический осмотр согласно ГОСТ МДС 14-13.2000?,"№ 32-01-04/30)
ОСОБЕННОСТИ РАБОТЫ С ПЕРСОНАЛОМ
ЭНЕРГЕТИЧЕСКИХ ОРГАНИЗАЦИЙ
СИСТЕМЫ ЖИЛИЩНО-КОММУНАЛЬНОГО
ХОЗЯЙСТВА РОССИЙСКОЙ ФЕДЕРАЦИИ
МДС 13-15.2000
Москва
2000
ОБЩИЕ ПОЛОЖЕНИЯ
1.",Data1_10_10862_index.pdf,1
Какой документ регулирует порядок определения плательщиков специального налога?,"Определение
плательщиков
специального налога и
объектов
налогообложения,
облагаемого оборота,
порядка и сроков
уплаты, порядка
применения налоговых
льгот, а также
ответственности
плательщиков за
правильность и
своевременность уплаты
специального налога
производится в
соответствии с Законом
Российской Федерации
""О налоге на
добавленную
стоимость"".",Data1_2_2070_index.pdf,18
Какие требования к размерам самонесущих элементов зенитных фонарей согласно ГОСТ МДС 31-8.2002?,"ЦЕНТРАЛЬНЫЙ НАУЧНО-ИССЛЕДОВАТЕЛЬСКИЙ
И ПРОЕКТНО-ЭКСПЕРИМЕНТАЛЬНЫЙ ИНСТИТУТ
ПРОМЫШЛЕННЫХ ЗДАНИЙ И СООРУЖЕНИЙ
ОАО «ЦНИИПРОМЗДАНИЙ»
РЕКОМЕНДАЦИИ
ПО ПРОЕКТИРОВАНИЮ
И УСТРОЙСТВУ ФОНАРЕЙ
ДЛЯ ЕСТЕСТВЕННОГО
ОСВЕЩЕНИЯ ПОМЕЩЕНИЙ
МДС 31-8.2002
Москва 2002
Рекомендованы к изданию решением Секции строительных конструкций зданий Научно-технического
совета ОАО «ЦНИИпромзданий» 10 июля 2002 г.",Data1_10_10846_index.pdf,1
Какие проценты предусмотрены для разработки вариантов проектных решений отдельных элементов зданий? (СНиП),"Глава 12 Разработка вариантов проектных решений отдельных элементов жилых и гражданских зданий для типовых
проектов
Разработка вариантов проектных решений отдельных элементов жилых и гражданских зданий для типовых проектов,
предусмотренных заданием на проектирование (в процентах от стоимости проектной документации).",Data1_11_11835_index.pdf,19
Какие данные должны быть занесены в удостоверение о проверке знаний на первой странице согласно ГОСТ МДС 15-13.2000?,"№ 32-01-04/30)
ОСОБЕННОСТИ РАБОТЫ С ПЕРСОНАЛОМ
ЭНЕРГЕТИЧЕСКИХ ОРГАНИЗАЦИЙ
СИСТЕМЫ ЖИЛИЩНО-КОММУНАЛЬНОГО
ХОЗЯЙСТВА РОССИЙСКОЙ ФЕДЕРАЦИИ
МДС 13-15.2000
Москва
2000
ОБЩИЕ ПОЛОЖЕНИЯ
1.",Data1_10_10862_index.pdf,1
Как определяется стоимость оборудования при отсутствии укрупненных нормативов или объектов-аналогов?,"При отсутствии укрупненных нормативов или объектов-аналогов определение стоимости во внутренних (базисных) ценах Российской
Федерации производится:
по строительно-монтажным работам - на основании объемов основных строительных и монтажных работ, определенных в ТЭО или ТЭП, с
использованием “Сметных норм и расценок на стромительные работы” (СНиР-91) и “Расценок на монтаж оборудования” (СНиП 4.06-91), а
остальных строительно-монтажных работ - в процентах к стоимости основных работ, определяемых расчетом проектной организации;*
по оборудованию - по приводимым в составе ТЭО или ТЭП спецификациям на основное оборудование** или укрупненным показателям
стоимости этого оборудования, а по остальному оборудованию - в процентах к стоимости основного оборудования, определяемых расчетом
проектной организации*.",Data1_2_2069_index.pdf,4
Какой СНиП устанавливает требования для строительной теплотехники?,Устанавливаемое оборудование должно отвечать современным техническим требованиям.,Data1_10_10865_index.pdf,24
Какие объекты включены в Главу 4 Справочника? (Объекты образования и дошкольных учреждений),"Объекты образования и дошкольных учреждений
Таблица 12    Здания дошкольных учреждений и учебных заведений
№ п/п
Наименование объекта проектирования
Единица
измерения
основного
показателя
объекта
Постоянные величины базовой цены
разработки проектной документации
тыс.",Data1_11_11835_index.pdf,7
"Какие требования предъявляются к пределу огнестойкости ограждающих стен и конструкций пристройки, согласно ГОСТ или СНиП?","Несущие и ограждающие строительные конструкции проектируемых зданий должны применяться с
регламентированным пределом огнестойкости к пределам распространения огня по этим конструкциям
согласно табл.",Data1_10_10865_index.pdf,15
Какое состояние должна иметь водопроводно-канализационная система согласно ГОСТ МДС 13-18.2000?,"ГОССТРОЙ РОССИИ
СОЮЗ РАБОТНИКОВ
ЖИЛИЩНО-КОММУНАЛЬНОГО ХОЗЯЙСТВА
РОССИИ
РЕКОМЕНДАЦИИ
ПО ПОДГОТОВКЕ ЖИЛИЩНОГО ФОНДА К ЗИМЕ
МДС 13-18.2000
Москва 2002
Рассмотрены основные вопросы, связанные с подготовкой к зиме зданий и систем их
инженерного обеспечения, а также других объектов жилищно-коммунального хозяйства
с учетом специфики их эксплуатации.",Data1_10_10852_index.pdf,1
"Как определяется стоимость блок-секций, разрабатываемых на основе базовой блок-секции? (с коэффициентом до 0,7)","Стоимость блок-секций, разрабатываемых на основе базовой блок-секции в составе единой серии, определяется с
коэффициентом до 0,7 от стоимости базовой блок-секции в зависимости от трудоемкости их проектирования.",Data1_11_11835_index.pdf,2
Какие требования к определению модуля силиката натрия указаны в СНиП 3.02.01-83?,Согласно главе СНиП 3.02.01-83 (разд.,Data1_11_11295_index.pdf,25
При каких условиях может быть назначено принудительное лечение в стационарных условиях общего типа?,"Принудительное лечение в медицинской организации, оказывающей психиатрическую помощь в 
стационарных условиях, общего типа может быть назначено лицу, которое по своему психическому 
состоянию нуждается в лечении и наблюдении в стационарных условиях, но не требует интенсивного 
наблюдения.",Уголовный кодекс Российской Федерации.pdf,43
Какие документы должны быть приложены к административному исковому заявлению?,"К административному исковому заявлению могут быть приложены иные доказательства, 
имеющие значение для правильного рассмотрения и разрешения административного дела.",Кодекс административного судопроизводства Российской Федерации.pdf,182
Какой СНиП документа регулирует учет налогов в сметной документации на строительство?,"Главное управление ценообразования,
сметных норм и расхода строительных материалов
Госстроя России
ПОСОБИЕ
ПО УЧЕТУ НАЛОГОВ В СМЕТНОЙ ДОКУМЕНТАЦИИ
НА СТРОИТЕЛЬСТВО
МДС 81-23.2000
Москва 2000
Пособие по учету налогов в сметной документации на строительство разработано Главным управлением
ценообразования, сметных норм и расхода строительных материалов Госстроя России и рекомендовано для
применения участникам инвестиционного процесса, осуществляющего на территории Российской Федерации.",Data1_2_2070_index.pdf,1
Кто обязан возмещать убытки согласно пункту 8 статьи 57.1?,"В случае возмещения правообладателю земельного участка и (или) расположенного на нем объекта 
недвижимого имущества убытков в соответствии со статьей 57.1 настоящего Кодекса, за исключением 
убытков, предусмотренных пунктами 6 и 7 статьи 57.1 настоящего Кодекса, выкуп земельного участка и 
(или) расположенного на нем объекта недвижимого имущества, возмещение за прекращение прав на 
земельный участок в соответствии с пунктами 7 и 8 настоящей статьи не осуществляются.",Земельный кодекс Российской Федерации.pdf,196
Какие данные используются для определения стоимости строительства общественных зданий согласно ГОСТ?,"стоимость строительства общественных зданий относится на 1 м2 общей площади
жилых домов, а также все затраты, связанные с привязкой этих объектов к местным
условиям строительства, согласно п.",Data1_2_2080_index.pdf,8
Какие действия может совершать председатель правления без одобрения правления или общего собрания?,"Председатель правления жилищного кооператива: 
1) обеспечивает выполнение решений правления кооператива; 
2) без доверенности действует от имени кооператива, в том числе представляет его интересы и совершает 
сделки; 
3) осуществляет иные полномочия, не отнесенные настоящим Кодексом или уставом кооператива к 
компетенции общего собрания членов кооператива (конференции) или правления кооператива.",Жилищный кодекс Российской Федерации.pdf,93
Какие обязанности возлагаются на теплоснабжающую организацию в случае запроса абонента на результаты расчетов? (п. 44),"Абонент имеет право потребовать, а теплоснабжающая организация обязана
предоставить 
ему 
результаты, 
расчетов 
количеств 
тепловой 
энергии 
и
теплоносителей, если расчеты выполняются теплоснабжающей организацией.",Data1_10_10870_index.pdf,10
Что представляют собой платежи по договорам добровольного личного страхования?,"Расчет авансового платежа представляет собой письменное заявление или заявление налогоплательщика, 
составленное в электронной форме и переданное по телекоммуникационным каналам связи с 
применением усиленной квалифицированной электронной подписи или через личный кабинет 
налогоплательщика, о базе исчисления, об используемых льготах, исчисленной сумме авансового платежа и 
(или) о других данных, служащих основанием для исчисления и уплаты авансового платежа.",Налоговый кодекс Российской Федерации.pdf,192
Какие ГОСТы или СНиПы регламентируют сметные нормы и расценки на строительные работы (СНиР-91)?,"___________
*) Сметные нормы и расценки на строительные работы в дальнейшем именуются «СНиР-91».",Data1_2_2076_index.pdf,2
Какие неисправности котлов и оборудования должны быть устранены согласно ГОСТ МДС 13-18.2000?,"Должны быть устранены неисправности котлов, обмуровки, дымоходов, боровов,
арматуры, автоматических регуляторов и контрольно-измерительных приборов.",Data1_10_10852_index.pdf,14
Какой код материала-представителя используется для устройства компенсаторных ниш согласно ГОСТ?,Для приготовления цементных растворов должен использоваться портландцемент марки не ниже 300.,Data1_11_11295_index.pdf,6
Кто имеет право на полное освобождение от уплаты налога на приобретение автотранспортных средств согласно ГОСТ МДС 81-23.2000?,"В случае
приобретения
автотранспортных
средств за валюту налог
исчисляется исходя из
продажной стоимости
автотранспортного
средства, пересчитанной
по курсу рубля,
устанавливаемого
Центральным банком
России на день
приобретения
автотранспортного
средства.",Data1_2_2070_index.pdf,15
Какую шкалу ареометра следует использовать при навернутом объемном грузе согласно ГОСТ (к СНиП 3.02.01-83)?,"При навернутом объемном грузе отсчет брать по левой шкале с цифровкой 0,9 - 1,7 г/см3.",Data1_11_11295_index.pdf,37
Какие документы и соглашения могут влиять на установление размера платы за наем жилого помещения?,"Договор найма жилого помещения жилищного фонда социального использования может быть 
расторгнут в любое время по соглашению сторон.",Жилищный кодекс Российской Федерации.pdf,73
Какой ГОСТ или СНиП регулирует расчет стоимости строительства в базисном уровне цен?,"во внутренних ценах Российской Федерации:
по уровню цен - в базисных ценах*, в текущих ценах или в прогнозных ценах;
* Определение стоимости строительства в базисных ценах производится для дальнейшего ее перерасчета в текущие
или прогнозные цены при применении базисно-индексного или базисно-компенсационного метода.",Data1_2_2082_index.pdf,2
"Что грозит за непредставление оператором связи, собственником или иным владельцем технологической сети связи, имеющими уникальный идентификатор совокупности средств связи и иных технических средств в информационно-телекоммуникационной сети ""Интернет"", информации, представление которой предусмотрено Федеральным законом от 7 июля 2003 года N 126-ФЗ ""О связи""?","Непредставление оператором связи, собственником или иным владельцем технологической сети связи, 
имеющими уникальный идентификатор совокупности средств связи и иных технических средств в 
информационно-телекоммуникационной сети ""Интернет"", собственником или иным владельцем линий 
связи, пересекающих Государственную границу Российской Федерации, иным лицом при использовании 
линий связи, пересекающих Государственную границу Российской Федерации, либо иным лицом, если 
такое лицо имеет уникальный идентификатор совокупности средств связи и иных технических средств в 
информационно-телекоммуникационной сети ""Интернет"", в орган, осуществляющий функции по контролю 
и надзору в сфере связи, информационных технологий и массовых коммуникаций, информации, 
представление которой предусмотрено Федеральным законом от 7 июля 2003 года N 126-ФЗ ""О связи"", 
либо нарушение требований к срокам, порядку, составу или формату представления перечисленными 
лицами указанной информации, за исключением случаев, предусмотренных частью 1 статьи 13.43 
настоящего Кодекса, - 
влечет наложение административного штрафа на должностных лиц в размере от пяти тысяч до десяти 
тысяч рублей.",Административный кодекс Российской Федерации.pdf,406
Что такое обезжиривание согласно Указаниям по применению федеральных единичных расценок на монтаж оборудования (ФЕРм-2001)?,"ГОСУДАРСТВЕННЫЙ КОМИТЕТ РОССИЙСКОЙ ФЕДЕРАЦИИ
ПО СТРОИТЕЛЬСТВУ И ЖИЛИЩНО-КОММУНАЛЬНОМУ
КОМПЛЕКСУ
(Госстрой России)
УКАЗАНИЯ
ПО ПРИМЕНЕНИЮ
ФЕДЕРАЛЬНЫХ ЕДИНИЧНЫХ РАСЦЕНОК
НА МОНТАЖ ОБОРУДОВАНИЯ
(ФЕРм-2001)
МДС 81-37.2004
Москва 2004
Указания по применению федеральных единичных расценок на монтаж
оборудования (ФЕРм-2001) МДС 81-37.2004 /Госстрой России/ Москва, 2004
РАЗРАБОТАНЫ      ЦНИИЭУС Госстроя России (к.э.н.",Data1_10_10754_index.pdf,1
Как формируются ресурсно-технологические модели (РТМ)?,"ОСНОВЕ РЕСУРСНО-ИНДЕКСНОГО МЕТОДА С ИСПОЛЬЗОВАНИЕМ РЕСУРСНО-ТЕХНОЛОГИЧЕСКИХ
МОДЕЛЕЙ НА УКРУПНЕННЫЕ ВИДЫ РАБОТ
 
РТМ.",Data1_2_2117_index.pdf,10
Какова периодичность капитального ремонта металлических ферм согласно ГОСТ МДС 14-13.2000?,"ГОСУДАРСТВЕННЫЙ КОМИТЕТ СОВЕТА МИНИСТРОВ СССР ПО ДЕЛАМ СТРОИТЕЛЬСТВА
(ГОССТРОЙ СССР)
ПОЛОЖЕНИЕ
О ПРОВЕДЕНИИ ПЛАНОВО-ПРЕДУПРЕДИТЕЛЬНОГО РЕМОНТА
ПРОИЗВОДСТВЕННЫХ ЗДАНИЙ И СООРУЖЕНИЙ
МДС 13-14.2000
(Утверждено Постановлением Госстроя СССР от 29 декабря 1973 г.",Data1_1_1879_index.pdf,1
Кто может входить в группу ОГП по СНиП 3.01.03-84?,"Группа ОГП может входить в состав геодезической службы организации -
заказчика, управления строительством или генеральной строительно-монтажной
организации.",Data1_11_11285_index.pdf,67
Как действует гексаметафосфат натрия на глинистый раствор и цементные растворы согласно ГОСТ (к СНиП 3.02.01-83)?,Согласно главе СНиП 3.02.01-83 (разд.,Data1_11_11295_index.pdf,25
"Кто утверждает формы бланков исполнительных листов и порядок их изготовления, учета, хранения и уничтожения?","Формы бланков исполнительных листов, порядок их изготовления, учета, хранения и уничтожения, 
требования к форматам исполнительных листов, направляемых для исполнения в форме электронного 
документа, утверждаются Правительством Российской Федерации.",Гражданский процессуальный кодекс Российской Федерации.pdf,189
"Какое наказание предусмотрено за регистрацию заведомо незаконных сделок с недвижимым имуществом, умышленное искажение сведений государственного кадастра недвижимости и (или) Единого государственного реестра прав на недвижимое имущество и сделок с ним, а равно занижение кадастровой стоимости объектов недвижимости?","Регистрация незаконных сделок с недвижимым имуществом 
Регистрация заведомо незаконных сделок с недвижимым имуществом, умышленное искажение сведений 
государственного кадастра недвижимости и (или) Единого государственного реестра прав на недвижимое 
имущество и сделок с ним, а равно занижение кадастровой стоимости объектов недвижимости, если эти 
деяния совершены из корыстной или иной личной заинтересованности должностным лицом с 
использованием своего служебного положения, -",Уголовный кодекс Российской Федерации.pdf,94
Какие телефоны доступны для бесплатной юридической консультации в Санкт-Петербурге и Ленинградской области?,"Бесплатная юридическая консультация по телефонам: 
• 8 (499) 938-53-71 (Москва и МО); 
 
• 8 (812) 467-95-28 (Санкт-Петербург и ЛО); 
• 8 (800) 301-92-12 (Регионы РФ).",Градостроительный кодекс Российской Федерации.pdf,291
Какие элементы должны быть показаны на плане благоустройства согласно ГОСТ МДС 11-7.2000?,"СИСТЕМА НОРМАТИВНЫХ ДОКУМЕНТОВ В СТРОИТЕЛЬСТВЕ
РУКОВОДЯЩИЙ ДОКУМЕНТ
ИНСТРУКЦИЯ
о составе, порядке разработки, согласования и утверждения
градостроительной документации
МДС 11-7.2000
Государственный комитет Российской Федерации
по вопросам архитектуры и строительства
(Госстрой России)
СОДЕРЖАНИЕ
1.",Data1_1_1904_index.pdf,1
"Как устанавливается порядок мониторинга разработки и утверждения программ комплексного развития систем коммунальной, транспортной и социальной инфраструктуры?","Комментарии к статьям на сайте 
https://grkodeksrf.ru/ 
 
 
 
 
 
7) осуществление федерального государственного строительного надзора в случаях, предусмотренных 
настоящим Кодексом; 
7.1) осуществление контроля за соблюдением органами государственной власти субъектов Российской 
Федерации, органами местного самоуправления законодательства о градостроительной деятельности; 
7.2) согласование проектов схем территориального планирования муниципальных районов, проектов 
генеральных планов поселений, городских округов, проектов правил землепользования и застройки в 
случаях, предусмотренных настоящим Кодексом; 
7.3) установление порядка осуществления мониторинга разработки и утверждения программ 
комплексного развития систем коммунальной инфраструктуры поселений, городских округов, программ 
комплексного развития транспортной инфраструктуры поселений, городских округов, программ 
комплексного развития социальной инфраструктуры поселений, городских округов; 
7.4) утратил силу с 1 сентября 2021 г.",Градостроительный кодекс Российской Федерации.pdf,21
В какой очередности переносятся убытки на будущие налоговые периоды?,"Если налогоплательщики получили убытки более чем в одном налоговом периоде, перенос таких убытков 
на будущие налоговые периоды производится в той очередности, в которой они получены.",Налоговый кодекс Российской Федерации.pdf,1490
"Какие ГОСТы или СНиПы регулируют проектирование комплексных приемных пунктов, включая парикмахерские и другие виды бытовых услуг?","хранения
304,86
4,910
 
Комплексные приемные пункты, включая парикмахерские и другие виды
бытовых услуг с количеством рабочих мест
 
 
 
23.",Data1_11_11835_index.pdf,13
Какой предел огнестойкости должен быть у кровельного покрытия согласно ГОСТ МДС-80-8.2000?,"Несущие и ограждающие строительные конструкции проектируемых зданий должны применяться с
регламентированным пределом огнестойкости к пределам распространения огня по этим конструкциям
согласно табл.",Data1_10_10865_index.pdf,15
"Какие каналы массовой рекламы непригодны для маркетинга проектной продукции, согласно ГОСТ МДС 11-11.2000?","Методы и
каналы (газеты, журналы) массовой рекламы, используемые для рекламы товаров
широкого потребления, непригодны для маркетинга проектной продукции.",Data1_10_10858_index.pdf,18
Какие нормативные документы и методические указания перечислены в ГОСТ МДС 81-30.2002 для расчета стоимости дорожных работ?,"МДС 81-30.2002/Госстрой
России.",Data1_10_10848_index.pdf,1
"Какие коэффициенты применяются к затратам на демонтаж легковесного и габаритного оборудования, не подлежащего дальнейшему использованию, с разборкой и резкой на части согласно Указаниям по применению ФЕРм-2001?","0,6;
- оборудование не подлежит дальнейшему использованию (предназначено в лом) с
разборкой 
и 
резкой 
на
части..........................................................................................................................................",Data1_10_10754_index.pdf,10
Какие виды экспертизы могут быть проведены и что они включают?,"В заключении экспертов, участвующих в проведении комплексной экспертизы, 
указывается, какие исследования и в каком объеме провел каждый эксперт, какие факты он 
установил и к каким выводам пришел.",Кодекс административного судопроизводства Российской Федерации.pdf,47
Какие требования должны быть отражены в инструкциях по охране труда согласно ГОСТ?,"В инструкциях, при необходимости, должны быть отражены требования,
относящиеся не только к особенностям используемого оборудования, но и к условиям, в которых выполняется данная
работа.",Data1_10_10862_index.pdf,6
Какие права имеет осужденный к смертной казни?,"После вступления приговора суда в законную силу осужденный к смертной казни имеет 
право в установленном законом порядке обратиться с ходатайством о помиловании.",Уголовно-исполнительный кодекс Российской Федерации.pdf,101
Какие меры предупреждают отклонения инъекторов и скважин от проектного направления согласно ГОСТ (к СНиП 3.02.01-83)?,"При погружении инъекторов в грунты и бурении скважин следует принимать меры, предупреждающие отклонения
инъекторов и скважин от проектного направления путем установки кондукторов.",Data1_11_11295_index.pdf,20
Какие примеры заполнения ведомости объемов грунта приведены в СНиПе?,Пример заполнения формы приведен в табл.,Data1_2_2080_index.pdf,4
"Как исчисляется и уплачивается налог на доходы, полученные в виде дивидендов по акциям российских организаций?","В отношении доходов, полученных в виде дивидендов по акциям российских организаций, налоговый агент 
исчисляет и уплачивает сумму налога на основании обобщенной информации, предусмотренной пунктом 5 
настоящей статьи, по налоговой ставке, установленной настоящим Кодексом или международным 
договором Российской Федерации по вопросам налогообложения для доходов в виде дивидендов, 
применение которой не зависит от доли участия в капитале, суммы вложений в капитал организации или 
срока владения соответствующими акциями.",Налоговый кодекс Российской Федерации.pdf,786
Какой стандарт (ГОСТ) регламентирует площадь мозаичных полов?,"НОРМАТИВНЫЕ ССЫЛКИ
В настоящих Рекомендациях даны ссылки на следующие стандарты, СНиП и проектную документацию:
ГОСТ 111-2001 «Стекло листовое.",Data1_10_10846_index.pdf,2
Какие телефоны доступны для бесплатной юридической консультации в Москве и Московской области?,"Бесплатная юридическая консультация по телефонам: 
• 8 (499) 938-53-71 (Москва и МО); 
 
• 8 (812) 467-95-28 (Санкт-Петербург и ЛО); 
• 8 (800) 301-92-12 (Регионы РФ).",Административный кодекс Российской Федерации.pdf,417
Как вручаются судебные извещения через дипломатические каналы?,"В случае отсутствия применимого международного договора Российской Федерации суд направляет 
судебное извещение в федеральный орган исполнительной власти, уполномоченный в области юстиции, 
для последующего направления (вручения) иностранному государству по дипломатическим каналам через",Гражданский процессуальный кодекс Российской Федерации.pdf,172
Что должно содержать решение о порядке следования осужденного к месту отбывания наказания в случае назначения ему отбывания лишения свободы в колонии-поселении в резолютивной части обвинительного приговора?,"В случаях освобождения подсудимого от отбывания наказания, применения отсрочки отбывания 
наказания или вынесения приговора без назначения наказания об этом также указывается в резолютивной 
части приговора.",Уголовно-процессуальный кодекс Российской Федерации.pdf,197
"Кто определяет места отбывания исправительных работ для осужденных, не имеющих основного места работы?","Исправительные работы отбываются осужденным по основному месту работы, а 
осужденным, не имеющим основного места работы, в местах, определяемых органами местного 
самоуправления по согласованию с уголовно-исполнительными инспекциями, но в районе места 
жительства осужденного.",Уголовно-исполнительный кодекс Российской Федерации.pdf,17
Как регулируется оборот земельных участков?,"Оборот земель сельскохозяйственного назначения регулируется Федеральным законом ""Об обороте 
земель сельскохозяйственного назначения"".",Земельный кодекс Российской Федерации.pdf,27
"Как можно предотвратить самовольное использование товарного знака, фирменного наименования или марки проектной продукции конкурента согласно ГОСТ МДС 80-2.2000?","Недобросовестная конкуренция чаще всего проявляется в следующем:
распространение ложных, неточных или искаженных сведений, способных
причинить убытки конкуренту (подразделению, специалисту) либо нанести ущерб его
деловой репутации;
введение потребителей (заказчиков проектной продукции (услуг)) в заблуждение
относительно характера, способа и места изготовления, потребительских свойств,
качества проектной продукции (услуг), разрабатываемых конкурентом;
некорректное сравнение собственных работ (услуг) с работами (услугами)
конкурентов;
самовольное использование товарного знака, фирменного наименования или марки
проектной продукции, а также копирование внешнего оформления продукции
конкурента;",Data1_10_10872_index.pdf,4
Какая ставка сбора установлена за прочие объекты водных биологических ресурсов?,"Ставки сбора за каждый объект водных биологических ресурсов, за исключением морских 
млекопитающих, устанавливаются в следующих размерах, если иное не установлено пунктом 6 настоящей 
статьи: 
 
Наименование объекта водных биологических ресурсов 
Ставка сбора 
в рублях 
(за одну тонну)",Налоговый кодекс Российской Федерации.pdf,1236
Какие задачи входит в область обеспечения проектно-сметной документацией согласно СНиП?,"В области обеспечения проектно-сметной документацией: выдает исходные
данные для разработки проектно-сметной документации;
обеспечивает полноту и качество выдаваемых проектной организации исходных данных
для проектирования;
подготавливает совместно с проектно-изыскательскими организациями задания на
разработку проектно-сметной документации, проводит ее согласование в установленном
порядке;
заключает с соответствующими организациями договоры на выполнение проектно-
изыскательских, конструкторских и при необходимости научно-исследовательских работ;
согласовывает с проектной организацией календарный график разработки и выдачи
проектно-сметной документации, осуществляет контроль за его выполнением;
организует в установленном порядке согласование, утверждение и переутверждение
проектно-сметной документации (с определением договорной цены), а также внесение в
соответствующую документацию исправлений по замечаниям и заключениям подрядных
организаций и органов экспертизы.",Data1_1_1804_index.pdf,3
С какого момента считается исполненным договор розничной купли-продажи товара по образцам?,"Если иное не предусмотрено законом, иными правовыми актами или договором, договор розничной 
купли-продажи товара по образцам или договор розничной купли-продажи, заключенный дистанционным 
способом продажи товара, считается исполненным с момента доставки товара в место, указанное в таком 
договоре, а если место передачи товара таким договором не определено, с момента доставки товара по 
месту жительства покупателя-гражданина или месту нахождения покупателя - юридического лица.",Гражданский кодекс Российской Федерации.pdf,252
Какие нормативы затрат установлены для создания произведений скульптуры и монументально-декоративной живописи?,"Если эти расходы не могут быть подтверждены документально, они принимаются к вычету в следующих 
размерах: 
 
 
Нормативы затрат (в 
процентах к сумме 
начисленного дохода) 
Создание литературных произведений, в том числе для театра, 
кино, эстрады и цирка 
20 
Создание 
художественно-графических 
произведений, 
фоторабот для печати, произведений архитектуры и дизайна 
30 
Создание 
произведений 
скульптуры, 
монументально-
декоративной 
живописи, 
декоративно-прикладного 
и 
40",Налоговый кодекс Российской Федерации.pdf,860
Какие телефоны можно использовать для бесплатной юридической консультации в Санкт-Петербурге и Ленинградской области?,"Бесплатная юридическая консультация по телефонам: 
• 8 (499) 938-53-71 (Москва и МО); 
 
• 8 (812) 467-95-28 (Санкт-Петербург и ЛО); 
• 8 (800) 301-92-12 (Регионы РФ).",Градостроительный кодекс Российской Федерации.pdf,291
Какие элементы входят в стоимостной блок РТМ согласно СНиП?,"В блоке стоимостной оценки РТМ должны содержаться показатели стоимости
ресурсов за период, принимаемый в качестве базового.",Data1_2_2080_index.pdf,5
"Что происходит, если участники не явились в заседание после перерыва?","Судебное заседание 
Разбирательство гражданского дела происходит в судебном заседании с обязательным извещением лиц, 
участвующих в деле, о времени и месте заседания, если иное не установлено настоящим Кодексом.",Гражданский процессуальный кодекс Российской Федерации.pdf,68
Какие элементы включаются в комплексы упражнений подготовительных занятий для инвалидов по ГОСТ МДС 35-7.2000?,"В комплексы упражнений подготовительных
занятий включаются специальные элементы для развития определенных групп мышц
как с использованием различных тренажеров и снарядов, так и без них.",Data1_10_10847_index.pdf,3
Какие данные из технического журнала используются для составления дефектных ведомостей по МДС 14-13.2000?,"Кроме того, часть этих
сведений служит исходными данными при составлении дефектных ведомостей на ремонтные
работы.",Data1_1_1879_index.pdf,6
Какой телефон указан для бесплатной юридической консультации в регионах РФ?,"Бесплатная юридическая консультация по телефонам: 
• 8 (499) 938-53-71 (Москва и МО); 
 
• 8 (812) 467-95-28 (Санкт-Петербург и ЛО); 
• 8 (800) 301-92-12 (Регионы РФ).",Уголовно-процессуальный кодекс Российской Федерации.pdf,126
"Как учитываются доходы, связанные с операциями РЕПО по ценным бумагам, являющимся объектом операций займа?","При этом суммы превышения расходов, указанных в настоящем пункте, определенные с учетом положений 
абзаца второго настоящего пункта, над доходами, указанными в настоящем пункте, принимаются в 
уменьшение полученных налогоплательщиком в том же налоговом периоде доходов по операциям с 
ценными бумагами, обращающимися на организованном рынке ценных бумаг, а также доходов по 
операциям с ценными бумагами, не обращающимися на организованном рынке ценных бумаг, в 
пропорции, рассчитанной как соотношение стоимости ценных бумаг, являющихся объектом операций 
займа, обращающихся на организованном рынке ценных бумаг, и стоимости ценных бумаг, являющихся 
объектом операций займа, не обращающихся на организованном рынке ценных бумаг, в общей стоимости 
ценных бумаг, являющихся объектом операций займа.",Налоговый кодекс Российской Федерации.pdf,779
Какие цели преследуются при технических осмотрах согласно МДС 14-13.2000?,"В протоколах также должно быть указано, в какое время, при какой погоде и каком освещении 
производились осмотр или освидетельствование, какие технические средства были применены и какие 
получены результаты, какие предметы изъяты и опечатаны и какой печатью, куда направлены после 
осмотра труп или предметы, имеющие значение для уголовного дела.",Уголовно-процессуальный кодекс Российской Федерации.pdf,126
Какие индексы указаны в таблице 1 для накладных расходов в строительстве?,"Применение разных индексов пересчета в текущие цены от цен 2000 года для
ТЕРм и для ФЕРм, пересчитанных в цены какого-либо региона, не допускается.",Data1_10_10754_index.pdf,18
Кто представляет казначейскую отчетность в Министерство финансов Российской Федерации?,"Федеральное казначейство представляет казначейскую отчетность в Министерство 
финансов Российской Федерации.",Бюджетный кодекс Российской Федерации.pdf,381
Какие основные положения описаны в разделе 1.1 ГОСТ МДС 80-3.2000?,"Содержание
ОБЩИЕ ПОЛОЖЕНИЯ ПО ИНСПЕКТИРОВАНИЮ ЖИЛИЩНОГО ФОНДА
1.",Data1_10_10861_index.pdf,1
Какие данные используются при определении затрат на приобретение основного и вспомогательного оборудования?,"виды конкретной продукции могут использоваться данные не менее 3-5
региональных поставщиков данной продукции.",Data1_10_10848_index.pdf,7
Какие особенности определения налоговой базы могут быть установлены?,"В случае, если в налоговом периоде сумма налоговых вычетов, предусмотренных статьями 218 и 219, 
подпунктами 3 и 4 пункта 1 статьи 220 настоящего Кодекса, не может быть полностью учтена при 
определении основной налоговой базы, такие налоговые вычеты в части, которая не может быть учтена при 
определении основной налоговой базы, учитываются по итогам этого же налогового периода при 
определении налоговой базы по доходам, указанным в абзаце первом настоящего пункта, но в размере не 
более суммы такой налоговой базы.",Налоговый кодекс Российской Федерации.pdf,743
Какие сведения могут запрашивать представители работников у работодателя по вопросам введения технологических изменений?,"Представители работников имеют право получать от работодателя информацию по вопросам: 
реорганизации или ликвидации организации; 
введения технологических изменений, влекущих за собой изменение условий труда работников; 
подготовки и дополнительного профессионального образования работников; 
по другим вопросам, предусмотренным настоящим Кодексом, иными федеральными законами, 
учредительными документами организации, коллективным договором, соглашениями.",Трудовой кодекс Российской Федерации.pdf,36
Что означает пункт 11 в перечне операций с подакцизными товарами?,"В их числе
положения о том, что:
взимание 
налога 
на 
добавленную 
стоимость 
(НДС)
распространяется на товары (налога на акцизы - на подакцизные
товары), ввозимые на территорию Российской Федерации; в
налогооблагаемую 
базу 
при 
исчислении 
НДС 
включаются
таможенная стоимость товара и таможенная пошлина, а по
подакцизным товарам - и суммы акцизов; таможенная стоимость
определяется в соответствии с таможенными законами Российской
Федерации (введено в действие с 01.02.93);
внесены изменения в перечень подакцизных товаров.",Data1_2_2082_index.pdf,24
Как проводятся общественные обсуждения или публичные слушания по проекту решения о предоставлении разрешения на условно разрешенный вид использования земельного участка?,"Физическое или юридическое лицо, заинтересованное в предоставлении разрешения на условно 
разрешенный вид использования земельного участка или объекта капитального строительства (далее - 
разрешение на условно разрешенный вид использования), направляет заявление о предоставлении 
разрешения на условно разрешенный вид использования в комиссию.",Градостроительный кодекс Российской Федерации.pdf,91
"Какой документ определяет, что отчисления включаются в себестоимость продукции (работ, услуг)?","Отчисления
включаются в
себестоимость
продукции (работ,
услуг) (п.",Data1_2_2070_index.pdf,36
Что происходит с сроком действия трудового договора при переводе на должность научного работника в результате избрания по конкурсу?,"При переводе на должность научного работника в результате избрания по конкурсу на соответствующую 
должность срок действия трудового договора с работником может быть изменен по соглашению сторон, 
заключаемому в письменной форме, в соответствии с условиями проведения конкурса на определенный 
срок не более пяти лет или на неопределенный срок.",Трудовой кодекс Российской Федерации.pdf,196
"Какие условия содержания предусмотрены для осужденных к смертной казни, в отношении которых приговор суда вступил в законную силу, но вопрос о помиловании не решен?","Осужденные к смертной казни, в отношении которых приговор суда вступил в законную 
силу, но вопрос о помиловании не решен либо ходатайство которых о помиловании удовлетворено, 
до направления в исправительное учреждение для дальнейшего отбывания наказания содержатся в 
условиях, предусмотренных статьей 127 настоящего Кодекса.",Уголовно-исполнительный кодекс Российской Федерации.pdf,101
Какова средняя площадь квартир в 24-квартирном индивидуальном проекте повторного применения?,"95-квартирный (типовой проект
85-04-86)
5
6
5000
52,8
1750
350,0
Сельское строительство
К и р п и ч н ы е  ж и л ы е
д о м а
 
 
 
 
 
24-квартирный (индивидуальный
проект повторного применения)
3
2
1560
65
13260
850,0
Общественные здания
1.",Data1_2_2080_index.pdf,10
"Какие административные правонарушения может рассматривать федеральный орган исполнительной власти, осуществляющий функции по контролю и надзору в финансово-бюджетной сфере, согласно статье 23.7?","Рассматривать дела об административных правонарушениях от имени органа, указанного в части 1 
настоящей статьи, вправе: 
1) руководитель федерального органа исполнительной власти, осуществляющего контроль и надзор в 
финансово-бюджетной сфере, его заместители; 
2) руководители структурных подразделений федерального органа исполнительной власти, 
осуществляющего контроль и надзор в финансово-бюджетной сфере, их заместители; 
3) руководители территориальных органов федерального органа исполнительной власти, 
осуществляющего контроль и надзор в финансово-бюджетной сфере, их заместители; 
4) руководители структурных подразделений территориальных органов федерального органа 
исполнительной власти, осуществляющего контроль и надзор в финансово-бюджетной сфере, их 
заместители - об административных правонарушениях, предусмотренных частями 2 - 4 статьи 7.29.3, 
частями 3 и 4 статьи 15.15, частями 1, 3 и 4 статьи 15.15.1, статьей 15.15.5-1, частями 1 - 6 статьи 15.15.6, 
статьями 15.15.7, 15.15.11, 15.15.14, 15.15.15 настоящего Кодекса.",Административный кодекс Российской Федерации.pdf,463
"Какие требования предъявляет ГОСТ МДС 17-13.2000 к утеплению трубопроводов, наличию или неисправности освещения продухов?","Отсутствие или
неисправность
освещение продухов
10 п.",Data1_10_10861_index.pdf,41
Что такое совокупность преступлений согласно статье 17 Уголовного кодекса РФ?,"Капитан судна обеспечивает составление описи и сохранность находящегося на судне 
имущества умершего до передачи такого имущества согласно описи капитану первого порта 
Российской Федерации, в который зайдет судно.",Кодекс торгового мореплавания Российской Федерации.pdf,31
Какое значение коэффициента принимается до начала применения налоговой ставки налога на прибыль организаций?,"Коэффициент 
 принимается равным 0 до начала применения участником регионального 
инвестиционного проекта, направленного на добычу полезных ископаемых, налоговой ставки налога на 
прибыль организаций, установленной пунктом 1.5 статьи 284 настоящего Кодекса, в соответствии с 
пунктом 2 статьи 284.3 настоящего Кодекса, а также резидентом территории опережающего социально-
экономического развития налоговой ставки, установленной пунктом 1.8 статьи 284 настоящего Кодекса, в 
соответствии со статьей 284.4 настоящего Кодекса.",Налоговый кодекс Российской Федерации.pdf,1405
Какие коэффициенты разрабатываются для учета изменений условий производства работ согласно ГОСТ МДС 81-10.2000?,"Технические условия»
ГОСТ 30698-2000 «Стекло закаленное строительное.",Data1_10_10846_index.pdf,3
Как рассчитываются индексы цен на строительно-монтажные работы согласно ГОСТу?,"На основе приводимой стоимости показателей для анализируемого периода рассчитываются индексы изменения
стоимости строительно-монтажных работ по отношению к базисному уровню (на 01.01.91) 3.",Data1_2_2117_index.pdf,1
Какая стоимостная оценка в базисном уровне (на 01.01.91) указана для электроконструкций в ГОСТ?,"Наименование ресурсов
Код
Единица
измерения
Объем
ресурсов по
объекту-
представителю
Стоимостная оценка в
базисном уровне цен
(на 01.01.91)
на единицу
объема,
руб.",Data1_2_2080_index.pdf,14
Какие доказательства могут быть исследованы при рассмотрении материалов налоговой проверки?,"При рассмотрении материалов налоговой проверки может быть оглашен акт налоговой проверки, а при 
необходимости и иные материалы мероприятий налогового контроля, а также письменные возражения 
лица, в отношении которого проводилась проверка.",Налоговый кодекс Российской Федерации.pdf,256
Какое решение о разработке проектной документации в сокращенном объеме должно быть включено в задание?,"1.2 настоящей инструкции);
решение о разработке проектной документации в сокращенном объеме.",Data1_10_10859_index.pdf,3
Какие меры предпринимаются в случае повреждения каналов связи?,"Уполномоченный орган в области связи, органы связи федеральных органов 
исполнительной власти, а также граждане и юридические лица, имеющие право на предоставление 
услуг связи, обеспечивают первоочередное предоставление каналов связи для обеспечения полетов 
воздушных судов и другой деятельности по использованию воздушного пространства и принимают 
неотложные меры по замене каналов связи и их восстановлению в случае повреждения.",Воздушный кодекс Российской Федерации.pdf,44
Какой индекс изменения стоимости СМР был в Брянской области в IV кв. 1992 г. по сравнению с базисным уровнем на 01.01.91 согласно МДС 81-9.2000?,"Регионы
Индексы цен по сравнению с базисным
уровнем на 01.01.91
Изменение стоимости
СМР (гр.",Data1_2_2075_index.pdf,12
Какова стоимость строительных работ в II квартале 1993 года в текущем уровне цен?,"сметной
стоимости (в
базисном
уровне)
в
текущих
ценах за
II кв.",Data1_2_2080_index.pdf,17
Какие ГОСТы или СНиПы регулируют проектирование площадок для волейбола?,"Площадка для волейбола площадью 360 м2
""
6,41
-
19.",Data1_11_11835_index.pdf,5
Каким образом крепятся элементы светопропускающего заполнения к опорным конструкциям согласно ГОСТ МДС 31-8.2002?,"ЦЕНТРАЛЬНЫЙ НАУЧНО-ИССЛЕДОВАТЕЛЬСКИЙ
И ПРОЕКТНО-ЭКСПЕРИМЕНТАЛЬНЫЙ ИНСТИТУТ
ПРОМЫШЛЕННЫХ ЗДАНИЙ И СООРУЖЕНИЙ
ОАО «ЦНИИПРОМЗДАНИЙ»
РЕКОМЕНДАЦИИ
ПО ПРОЕКТИРОВАНИЮ
И УСТРОЙСТВУ ФОНАРЕЙ
ДЛЯ ЕСТЕСТВЕННОГО
ОСВЕЩЕНИЯ ПОМЕЩЕНИЙ
МДС 31-8.2002
Москва 2002
Рекомендованы к изданию решением Секции строительных конструкций зданий Научно-технического
совета ОАО «ЦНИИпромзданий» 10 июля 2002 г.",Data1_10_10846_index.pdf,1
"Какой период просрочки исполнения обязательства, обеспеченного залогом, считается допустимым?","Комментарии к статьям на сайте 
https://gkodeksrf.ru/ 
  
 
2) период просрочки исполнения обязательства, обеспеченного залогом, составляет менее чем три месяца.",Гражданский кодекс Российской Федерации.pdf,184
"Что происходит с затонувшим имуществом, если владелец отказывается от своих прав?","Лицо, случайно поднявшее затонувшее судно или иное затонувшее имущество, имеет 
право на получение вознаграждения от владельца такого судна или собственника такого имущества 
в соответствии с законодательством Российской Федерации.",Кодекс внутреннего водного транспорта Российской Федерации.pdf,36
Что такое земли сельскохозяйственного назначения?,"На землях сельскохозяйственного назначения могут располагаться леса, которые 
подлежат освоению с соблюдением целевого назначения таких земель.",Лесной кодекс Российской Федерации.pdf,101
Какой способ выполнения работ по капитальному ремонту рекомендует ГОСТ МДС 14-13.2000?,"ГОСУДАРСТВЕННЫЙ КОМИТЕТ СОВЕТА МИНИСТРОВ СССР ПО ДЕЛАМ СТРОИТЕЛЬСТВА
(ГОССТРОЙ СССР)
ПОЛОЖЕНИЕ
О ПРОВЕДЕНИИ ПЛАНОВО-ПРЕДУПРЕДИТЕЛЬНОГО РЕМОНТА
ПРОИЗВОДСТВЕННЫХ ЗДАНИЙ И СООРУЖЕНИЙ
МДС 13-14.2000
(Утверждено Постановлением Госстроя СССР от 29 декабря 1973 г.",Data1_1_1879_index.pdf,1
Какие законы Российской Федерации устанавливают состав земель поселений?,"С введением в действие законов Российской Федерации, устанавливающих состав
земель поселений, они приводятся в соответствие с законодательством.",Data1_1_1904_index.pdf,15
"Какие правила применяются к правам на исполнение, созданное в пределах установленных для работника (исполнителя) трудовых обязанностей?","Исполнение, созданное в порядке выполнения служебного задания 
К правам на исполнение, созданное в пределах установленных для работника (исполнителя) трудовых 
обязанностей, в том числе к правам на созданное в таком порядке совместное исполнение, соответственно 
применяются правила статьи 1295 настоящего Кодекса.",Гражданский кодекс Российской Федерации.pdf,549
Какие элементы должны быть показаны на схеме транспорта для городов с расчетной численностью населения 500 тысяч человек и более согласно ГОСТ МДС 11-7.2000?,"Графические материалы генерального плана города с расчетной численностью
населения 500 тысяч человек и более выполняются в масштабе 1:10000; города с расчетной
численностью населения 250 - 500 тысяч человек - в масштабе 1:10000 - 1:5000; города,
другого поселения с расчетной численностью населения от 10 до 250 тысяч человек - в
масштабе 1:5000; города, другого поселения с расчетной численностью населения менее 10
тысяч человек - в масштабе 1:2000.",Data1_1_1904_index.pdf,13
Какие коэффициенты применяются при демонтаже сборных деревянных конструкций?,"При отсутствии в сборниках ГЭСН необходимых сметных норм на демонтаж
(разборку) конструкций зданий и сооружений, внутренних санитарно-технических
устройств и наружных сетей, затраты на демонтаж должны определяться по
соответствующим нормам сборников ГЭСН с применением к нормам затрат труда
рабочих-строителей машинистов и нормам времени эксплуатации машин и
механизмов, следующих коэффициентов:
а) при демонтаже сборных железобетонных и бетонных конструкций - 0,8 (нормы
расходов материальных ресурсов не учитываются);
б) то же, сборных деревянных конструкций - 0,8 (нормы расходов материальных
ресурсов не учитываются);
в) 
то 
же, 
внутренних 
санитарно-технических 
устройств 
(водопровода,
канализации, 
водостоков, 
отопления, 
вентиляции) 
- 
0,4 
(нормы 
расходов
материальных ресурсов не учитываются);
г) то же, наружных сетей водопровода, канализации, теплоснабжения и
газоснабжения - 0,6 (нормы расходов материальных ресурсов не учитываются);
д) то же, металлических конструкций:
0,6 - к затратам труда рабочих-строителей;
0,7 - ко времени эксплуатации машин в т.ч.",Data1_10_10062_index.pdf,5
Какие технические характеристики и допуски для метода створных наблюдений приведены в СНиП 3.01.03-84?,"Основные технические характеристики и
допуски для геометрического нивелирования должны приниматься в соответствии с
табл.",Data1_11_11285_index.pdf,72
"Что означает, что решение суда первой инстанции может быть изменено или отменено, если нарушение привело или могло привести к принятию неправильного решения?","Нарушение или неправильное применение норм процессуального права является основанием для 
изменения или отмены решения суда первой инстанции, если это нарушение привело или могло привести 
к принятию неправильного решения.",Гражданский процессуальный кодекс Российской Федерации.pdf,132
"Допускается ли укрупнение номенклатуры при составлении сводного расчета затрат российских организаций в смешанных ценах, согласно ГОСТ МДС 81-21.2000?",Допускается укрупнение указанной номенклатуры.,Data1_2_2069_index.pdf,7
Могут ли органы государственной власти субъектов РФ устанавливать более высокие размеры районных коэффициентов?,"Нормативным 
правовым актом субъекта Российской Федерации может быть установлен предельный размер повышения 
районного коэффициента, устанавливаемого входящими в состав субъекта Российской Федерации 
муниципальными образованиями.",Трудовой кодекс Российской Федерации.pdf,178
"Когда не признается реализацией товаров, работ или услуг?","Сделки между взаимозависимыми лицами могут 
приниматься во внимание только в тех случаях, когда взаимозависимость этих лиц не повлияла на 
результаты таких сделок.",Налоговый кодекс Российской Федерации.pdf,104
Какие требования предъявляются к точности разбивки длин сторон опорного контура и измерению углов и линий согласно СНиП 3.01.03-84?,Точность разбивки назначается по СНиП 3.01.03-84 (табл.,Data1_11_11285_index.pdf,17
Какие задачи ставит перед собой руководство проектной организации при формировании антимонопольных воздействий согласно ГОСТ МДС 80-2.2000?,"Основная задача руководства проектной организации при формировании
антимонопольных воздействий заключается в предупреждении, ограничении и
пресечении действий подразделений (специалистов), занимающих доминирующее
положение в проектной организации, которые могут иметь своим результатом
существенное ограничение конкуренции и/или ущемление интересов других
подразделений (работников).",Data1_10_10872_index.pdf,5
Какие лица могут участвовать в судебном заседании через веб-конференцию?,"Лица, участвующие в деле, и другие участники процесса могут участвовать в судебном заседании путем 
использования системы веб-конференции при условии заявления ими ходатайства об этом и при наличии в 
суде технической возможности осуществления веб-конференции.",Гражданский процессуальный кодекс Российской Федерации.pdf,69
В какой форме выдается судебный приказ?,"Требования, по которым выдается судебный приказ 
Судебный приказ выдается, если: 
требование основано на нотариально удостоверенной сделке;",Гражданский процессуальный кодекс Российской Федерации.pdf,46
Какие товары приобретают статус товаров Союза после помещения под таможенную процедуру реимпорта?,"Товары, изготовленные (полученные) из товаров Союза, помещенных под таможенную 
процедуру свободного склада, приобретают статус товаров Союза.",Таможенный кодекс Евразийского экономического союза.pdf,241
Какие действия должен выполнять заказчик-застройщик в части передачи оборудования и материалов в монтаж?,"Действие ФЕРм не распространяется на:
- работы, нормы на которые отсутствуют в сборниках ГЭСНм;
- монтаж оборудования, техническая характеристика, условия поставки и способ
монтажа которого существенно отличаются от предусмотренных сборниками;
- монтаж оборудования, к качеству и классу точности монтажа которого
предъявляются требования, превышающие требования и допуски, приведенные в
сборниках СНиП, часть 3 «Правила производства и приемки работ»;
- работы с применением машин и оборудования, в том числе импортного, не
имеющих 
аналогов 
отечественного 
производства, 
существенно 
изменяющих
технологию производства работ и расход ресурсов по сравнению с ФЕРм;
- работы, выполняемые в высокогорных районах на высоте более 3500 м.",Data1_10_10754_index.pdf,2
Какие требования предъявляются к монтажу зенитных фонарей со светопропускающими элементами из листового стекла или стеклопакетов без установленных в световом проеме защитных металлических сеток согласно ГОСТ МДС 31-8.2002?,"Монтажные работы по устройству зенитных фонарей со светопропускающими элементами из
листового стекла или стеклопакетов без установленных в световом проеме защитных металлических сеток
производить не разрешается.",Data1_10_10846_index.pdf,18
Что грозит за установку на передней части транспортного средства световых приборов с огнями красного цвета?,"Выпуск на линию транспортного средства с заведомо подложными государственными 
регистрационными знаками либо с установленными на передней его части световыми приборами с огнями 
красного цвета или световозвращающими приспособлениями красного цвета, а равно световыми 
приборами, цвет огней и режим работы которых не соответствуют требованиям Основных положений по 
допуску транспортных средств к эксплуатации и обязанностей должностных лиц по обеспечению 
безопасности дорожного движения, -",Административный кодекс Российской Федерации.pdf,195
"Какую дополнительную информацию о претенденте следует указывать в форме 'Наименование организации, фирмы, консорциума' согласно ГОСТ МДС 80-5.2000?","ГОССТРОЙ РОССИИ
МЕТОДИЧЕСКИЕ РЕКОМЕНДАЦИИ
ПО ПРОВЕДЕНИЮ
ПРЕДВАРИТЕЛЬНОЙ КВАЛИФИКАЦИИ
ПРЕТЕНДЕНТОВ НА УЧАСТИЕ
В ПОДРЯДНЫХ ТОРГАХ
МДС 80-5.2000
МОСКВА 1999
РАЗРАБОТАНЫ АО ЦНИИпроект (канд.",Data1_10_10867_index.pdf,1
Какие действия предпринимают финансовые органы для установления порядка составления бюджетной отчетности?,"Грубое нарушение требований к бюджетному (бухгалтерскому) учету, в том числе к составлению либо 
представлению бюджетной или бухгалтерской (финансовой) отчетности, либо грубое нарушение порядка 
составления (формирования) консолидированной бухгалтерской (финансовой) отчетности, если эти 
действия не содержат уголовно наказуемого деяния, - 
влечет наложение административного штрафа на должностных лиц в размере от пятнадцати тысяч до 
тридцати тысяч рублей.",Административный кодекс Российской Федерации.pdf,312
Какой телефон можно использовать для бесплатной юридической консультации в регионах РФ?,"Бесплатная юридическая консультация по телефонам: 
• 8 (499) 938-53-71 (Москва и МО); 
 
• 8 (812) 467-95-28 (Санкт-Петербург и ЛО); 
• 8 (800) 301-92-12 (Регионы РФ).",Уголовно-процессуальный кодекс Российской Федерации.pdf,124
В каком виде выдается судебный приказ?,"В соответствии с приговором суда командиром воинской части не позднее трех дней 
после получения поступивших из суда копии приговора и распоряжения о его исполнении издается 
приказ, в котором объявляется, на каком основании и в течение какого срока осужденный 
военнослужащий не представляется к повышению в должности и присвоению воинского звания, 
какой срок ему не засчитывается в срок выслуги лет для присвоения очередного воинского звания.",Уголовно-исполнительный кодекс Российской Федерации.pdf,82
Какие требования к фрагментам бортов ванн согласно ГОСТ МДС 35-7.2000?,"Мезенцева
РЕКОМЕНДАЦИИ
ПО ПРОЕКТИРОВАНИЮ
ОКРУЖАЮЩЕЙ СРЕДЫ, ЗДАНИЙ И СООРУЖЕНИЙ
С УЧЕТОМ ПОТРЕБНОСТЕЙ ИНВАЛИДОВ И ДРУГИХ
МАЛОМОБИЛЬНЫХ ГРУПП НАСЕЛЕНИЯ
МДС 35-7.2000
Выпуск 13
ОБЩЕСТВЕННЫЕ ЗДАНИЯ И СООРУЖЕНИЯ.",Data1_10_10847_index.pdf,1
Что должен делать правообладатель в случае изменения сведений о себе?,"Действия, не являющиеся нарушением исключительного права на топологию 
Не является нарушением исключительного права на топологию: 
1) осуществление действий, указанных в пункте 2 статьи 1454 настоящего Кодекса, в отношении 
интегральной микросхемы, в которую включена незаконно воспроизведенная топология, а также в 
отношении любого включающего в себя такую интегральную микросхему изделия в случае, если лицо, 
совершающее такие действия, не знало и не должно было знать, что в интегральную микросхему включена 
незаконно воспроизведенная топология.",Гражданский кодекс Российской Федерации.pdf,618
Какие стадии проектирования указаны для крытых тиров для пуевой стрельбы согласно СНиП?,"Крытый тир для стрельбы из пневматического оружия на 5 стрелковых мест
тир
46,20
-
2.",Data1_11_11835_index.pdf,5
Как заключаются соглашения для социально-экономического развития поселений?,"В зависимости от сферы регулируемых социально-трудовых отношений могут заключаться соглашения: 
генеральное, межрегиональное, региональное, отраслевое (межотраслевое), территориальное и иные 
соглашения.",Трудовой кодекс Российской Федерации.pdf,31
Какие расходы не учитываются при определении налоговой базы клиринговых организаций?,"При определении налоговой базы клиринговых организаций не учитываются следующие расходы: 
1) денежные средства и иное имущество, которые обеспечивают исполнение обязательств участников 
клиринга и переданы клиринговой организацией в счет исполнения таких обязательств; 
2) денежные средства и иное имущество, которые переданы клиринговой организацией участникам 
клиринга по итогам осуществления клиринга (расчетов), в том числе по договорам, стороной по которым 
является клиринговая организация, а также по договорам, совершаемым клиринговой организацией в 
целях исполнения обязательств перед участниками клиринга; 
3) денежные средства и иное имущество, которые переданы участникам клиринга и которые получены 
клиринговой организацией от использования фондов, сформированных клиринговой организацией за счет 
взносов данных участников клиринга в целях обеспечения исполнения обязательств по гражданско-
правовым договорам;",Налоговый кодекс Российской Федерации.pdf,1156
"Какие действия должен предпринять перевозчик, если груз был принят для перевозки после наступления срока прекращения обязательного приема груза?","В случае, если груз был принят для перевозки до наступления срока прекращения 
обязательного приема груза для перевозки и судно было задержано в пути в связи с длительным 
препятствием продолжению рейса, за исключением причин, указанных в пункте 1 настоящей 
статьи, перевозчик обязан по согласованию с грузоотправителем, грузополучателем принять меры 
по отправлению груза в порт или другой пункт назначения другим видом транспорта или 
реализовать его в порядке, предусмотренном статьей 85 настоящего Кодекса.",Кодекс внутреннего водного транспорта Российской Федерации.pdf,49
Какие виды геодезического контроля проводятся согласно СНиП 3.01.03-84?,"Пособие по производству геодезических работ в строительстве (к СНиП 3.01.03-84) /
ЦНИИОМТП.",Data1_11_11285_index.pdf,1
"Что происходит, если банк несвоевременно зачисляет или списывает средства?","Банк обязан по распоряжению клиента выдавать или списывать со счета денежные средства клиента не 
позднее дня, следующего за днем поступления в банк соответствующего платежного документа, если иные 
сроки не предусмотрены законом, изданными в соответствии с ним банковскими правилами или 
договором банковского счета.",Гражданский кодекс Российской Федерации.pdf,351
Могут ли клиринговые организации быть участниками консолидированной группы налогоплательщиков?,"В ходе рассмотрения материалов налоговой проверки руководитель (заместитель руководителя) 
налогового органа: 
1) устанавливает, совершало ли лицо, в отношении которого был составлен акт налоговой проверки 
(участник (участники) консолидированной группы налогоплательщиков), нарушение законодательства о 
налогах и сборах; 
2) устанавливает, образуют ли выявленные нарушения состав налогового правонарушения; 
3) устанавливает, имеются ли основания для привлечения лица к ответственности за совершение 
налогового правонарушения;",Налоговый кодекс Российской Федерации.pdf,256
"Какое наказание предусмотрено за незаконное получение сведений, составляющих государственную тайну?","Комментарии к статьям на сайте 
https://upkodeksrf.ru/ 
 
 
 
 
 
2) доказано ли, что деяние совершил подсудимый; 
3) является ли это деяние преступлением и какими пунктом, частью, статьей Уголовного кодекса 
Российской Федерации оно предусмотрено; 
4) виновен ли подсудимый в совершении этого преступления; 
5) подлежит ли подсудимый наказанию за совершенное им преступление; 
6) имеются ли обстоятельства, смягчающие или отягчающие наказание; 
6.1) имеются ли основания для изменения категории преступления, в совершении которого обвиняется 
подсудимый, на менее тяжкую в соответствии с частью шестой статьи 15 Уголовного кодекса Российской 
Федерации; 
7) какое наказание должно быть назначено подсудимому; 
7.1) имеются ли основания для замены наказания в виде лишения свободы принудительными работами в 
порядке, установленном статьей 53.1 Уголовного кодекса Российской Федерации; 
7.2) нуждается ли подсудимый в прохождении лечения от наркомании и медицинской и (или) социальной 
реабилитации в порядке, установленном статьей 72.1 Уголовного кодекса Российской Федерации; 
8) имеются ли основания для постановления приговора без назначения наказания, освобождения от 
наказания или применения отсрочки отбывания наказания; 
9) какой вид исправительного учреждения и режим должны быть определены подсудимому при 
назначении ему наказания в виде лишения свободы; 
10) подлежит ли удовлетворению гражданский иск, в чью пользу и в каком размере; 
10.1) доказано ли, что имущество, подлежащее конфискации, получено в результате совершения 
преступления или является доходами от этого имущества либо использовалось или предназначалось для 
использования в качестве орудия, оборудования или иного средства совершения преступления либо для 
финансирования терроризма, экстремистской деятельности (экстремизма), организованной группы, 
незаконного вооруженного формирования, преступного сообщества (преступной организации); 
11) как поступить с имуществом, на которое наложен арест для обеспечения исполнения наказания в виде 
штрафа, для обеспечения гражданского иска или возможной конфискации; 
12) как поступить с вещественными доказательствами; 
13) на кого и в каком размере должны быть возложены процессуальные издержки; 
14) должен ли суд в случаях, предусмотренных статьей 48 Уголовного кодекса Российской Федерации, 
лишить подсудимого специального, воинского или почетного звания, классного чина, а также 
государственных наград; 
15) могут ли быть применены принудительные меры воспитательного воздействия в случаях, 
предусмотренных статьями 90 и 91 Уголовного кодекса Российской Федерации; 
16) могут ли быть применены принудительные меры медицинского характера в случаях, предусмотренных 
статьей 99 Уголовного кодекса Российской Федерации; 
17) следует ли отменить или изменить меру пресечения в отношении подсудимого.",Уголовно-процессуальный кодекс Российской Федерации.pdf,192
Какая фирма представлена в списке основных характеристик изделий?,"Фирма
POLIGAL Plastic Industries Ltd
Основные
характеристики
изделий
СПИСОК ЛИТЕРАТУРЫ
1.",Data1_10_10846_index.pdf,54
Какие требования к травмобезопасности комплексных игровых площадок указаны в ГОСТ МДС 35-7.2000?,"Мезенцева
РЕКОМЕНДАЦИИ
ПО ПРОЕКТИРОВАНИЮ
ОКРУЖАЮЩЕЙ СРЕДЫ, ЗДАНИЙ И СООРУЖЕНИЙ
С УЧЕТОМ ПОТРЕБНОСТЕЙ ИНВАЛИДОВ И ДРУГИХ
МАЛОМОБИЛЬНЫХ ГРУПП НАСЕЛЕНИЯ
МДС 35-7.2000
Выпуск 13
ОБЩЕСТВЕННЫЕ ЗДАНИЯ И СООРУЖЕНИЯ.",Data1_10_10847_index.pdf,1
"Какое название имеет документ, регламентирующий проектирование и устройство фонарей для естественного освещения помещений согласно ГОСТ МДС 31-8.2002?","ЦЕНТРАЛЬНЫЙ НАУЧНО-ИССЛЕДОВАТЕЛЬСКИЙ
И ПРОЕКТНО-ЭКСПЕРИМЕНТАЛЬНЫЙ ИНСТИТУТ
ПРОМЫШЛЕННЫХ ЗДАНИЙ И СООРУЖЕНИЙ
ОАО «ЦНИИПРОМЗДАНИЙ»
РЕКОМЕНДАЦИИ
ПО ПРОЕКТИРОВАНИЮ
И УСТРОЙСТВУ ФОНАРЕЙ
ДЛЯ ЕСТЕСТВЕННОГО
ОСВЕЩЕНИЯ ПОМЕЩЕНИЙ
МДС 31-8.2002
Москва 2002
Рекомендованы к изданию решением Секции строительных конструкций зданий Научно-технического
совета ОАО «ЦНИИпромзданий» 10 июля 2002 г.",Data1_10_10846_index.pdf,1
Какие требования предъявляет ГОСТ МДС 35-7.2000 к проектированию висячего моста?,"Мезенцева
РЕКОМЕНДАЦИИ
ПО ПРОЕКТИРОВАНИЮ
ОКРУЖАЮЩЕЙ СРЕДЫ, ЗДАНИЙ И СООРУЖЕНИЙ
С УЧЕТОМ ПОТРЕБНОСТЕЙ ИНВАЛИДОВ И ДРУГИХ
МАЛОМОБИЛЬНЫХ ГРУПП НАСЕЛЕНИЯ
МДС 35-7.2000
Выпуск 13
ОБЩЕСТВЕННЫЕ ЗДАНИЯ И СООРУЖЕНИЯ.",Data1_10_10847_index.pdf,1
"Какие действия следует предпринять при обнаружении сквозных и волосных трещин согласно ТП-70 С., СНиП II-22-81, СНиП 2.03.01-84*?","ТП-70.°С, СНиП II-22-81
Вызвать
специализированную
организацию в 10-ти
дневный срок
Инструкт.",Data1_10_10861_index.pdf,17
Какие инвестиции не учитываются при расчете численности аппарата заказчика-застройщика согласно ГОСТ МДС 81-7.2000?,"Инвестиции из федерального бюджета, передаваемые для реализации другим
юридическим или физическим лицам, при расчете численности аппарата заказчика-
застройщика не учитываются.",Data1_2_2116_index.pdf,3
Как закладывают контрольные знаки перед началом бетонирования и подъема опалубки? (СНиП 3.01.03-84),"До начала бетонирования и подъема опалубки на исходном горизонте
закладывают контрольные знаки (в зависимости от формы опалубки).",Data1_11_11285_index.pdf,51
Какие данные должны быть указаны в графе 'УТВЕРЖДЕНИЕ'?,"В случае отклонения каких-либо вопросов, предложенных лицами, участвующими в деле, 
в определении о назначении экспертизы должны быть указаны мотивы, по которым эти вопросы 
отклонены.",Кодекс административного судопроизводства Российской Федерации.pdf,46
Кто имеет право на вознаграждение в соответствии с абзацем третьим пункта 2 статьи 1295?,"Работник (автор), исключительное право которого перешло к исполнителю, имеет право на 
вознаграждение в соответствии с абзацем третьим пункта 2 статьи 1295 настоящего Кодекса.",Гражданский кодекс Российской Федерации.pdf,541
Какой ГОСТ или СНиП определяет методику расчета трудоемкости АУП?,"При отсутствии укрупненных нормативов или объектов-аналогов определение стоимости во внутренних (базисных) ценах Российской
Федерации производится:
по строительно-монтажным работам - на основании объемов основных строительных и монтажных работ, определенных в ТЭО или ТЭП, с
использованием “Сметных норм и расценок на стромительные работы” (СНиР-91) и “Расценок на монтаж оборудования” (СНиП 4.06-91), а
остальных строительно-монтажных работ - в процентах к стоимости основных работ, определяемых расчетом проектной организации;*
по оборудованию - по приводимым в составе ТЭО или ТЭП спецификациям на основное оборудование** или укрупненным показателям
стоимости этого оборудования, а по остальному оборудованию - в процентах к стоимости основного оборудования, определяемых расчетом
проектной организации*.",Data1_2_2069_index.pdf,4
Какой индекс изоляции воздушного шума (JB) должен быть согласно ГОСТ МДС-80-8.2000?,"Индекс изоляции воздушного шума JB
дБ
*
 
 
Индекс приведенного уровня ударного
шума Jy
ДБ
*
 
 
Предел огнестойкости
ч
0,75
 
 
* Принимается соискателем по СНиП II-12-77 в зависимости от назначения зданий и помещений.",Data1_10_10865_index.pdf,39
Какие требования к цветовым решениям для предотвращения чрезмерной яркости зон отдыха указаны в ГОСТ МДС 35-7.2000?,"Мезенцева
РЕКОМЕНДАЦИИ
ПО ПРОЕКТИРОВАНИЮ
ОКРУЖАЮЩЕЙ СРЕДЫ, ЗДАНИЙ И СООРУЖЕНИЙ
С УЧЕТОМ ПОТРЕБНОСТЕЙ ИНВАЛИДОВ И ДРУГИХ
МАЛОМОБИЛЬНЫХ ГРУПП НАСЕЛЕНИЯ
МДС 35-7.2000
Выпуск 13
ОБЩЕСТВЕННЫЕ ЗДАНИЯ И СООРУЖЕНИЯ.",Data1_10_10847_index.pdf,1
Как определяется прибыль (убыток) от реализации или выбытия амортизируемого имущества?,"Особенности ведения налогового учета операций с амортизируемым 
имуществом 
Налогоплательщик определяет прибыль (убыток) от реализации или выбытия амортизируемого имущества 
на основании аналитического учета по каждому объекту на дату признания дохода (расхода).",Налоговый кодекс Российской Федерации.pdf,1214
Как контролируется перенесение разбивочных осей в натуру согласно СНиП 3.01.03-84?,Точность разбивки назначается по СНиП 3.01.03-84 (табл.,Data1_11_11285_index.pdf,17
Какие основные данные должны быть включены в годовой план капитального ремонта согласно ГОСТ МДС 14-13.2000?,"ГОСУДАРСТВЕННЫЙ КОМИТЕТ СОВЕТА МИНИСТРОВ СССР ПО ДЕЛАМ СТРОИТЕЛЬСТВА
(ГОССТРОЙ СССР)
ПОЛОЖЕНИЕ
О ПРОВЕДЕНИИ ПЛАНОВО-ПРЕДУПРЕДИТЕЛЬНОГО РЕМОНТА
ПРОИЗВОДСТВЕННЫХ ЗДАНИЙ И СООРУЖЕНИЙ
МДС 13-14.2000
(Утверждено Постановлением Госстроя СССР от 29 декабря 1973 г.",Data1_1_1879_index.pdf,1
"Какие изменения внесены в Закон ""Об акцизах"" в статье 3, пункте 2?","5.2 настоящего
приложения)
1.6
06.08.93 № 5604-
1
""О внесении изменений в
Закон 
Российской
Федерации ""Об акцизах""
Внесены изменения в п.2 статьи 3 Закона.",Data1_2_2082_index.pdf,25
Какие индексы указаны в таблице 1 для отчислений на социальные нужды?,"Отчисления на
государственное
социальное
страхование от
расходов на оплату
труда работников,
занятых в
непроизводственной",Data1_2_2070_index.pdf,30
Какие категории земель городов и других поселений указаны в ГОСТ МДС 11-7.2000?,"СИСТЕМА НОРМАТИВНЫХ ДОКУМЕНТОВ В СТРОИТЕЛЬСТВЕ
РУКОВОДЯЩИЙ ДОКУМЕНТ
ИНСТРУКЦИЯ
о составе, порядке разработки, согласования и утверждения
градостроительной документации
МДС 11-7.2000
Государственный комитет Российской Федерации
по вопросам архитектуры и строительства
(Госстрой России)
СОДЕРЖАНИЕ
1.",Data1_1_1904_index.pdf,1
Какое согласие требуется для избрания меры пресечения в виде заключения под стражу в отношении судьи Конституционного Суда Российской Федерации?,"Судебное решение об избрании в отношении судьи Конституционного Суда Российской Федерации, 
судей иных судов в качестве меры пресечения заключения под стражу исполняется с согласия 
соответственно Конституционного Суда Российской Федерации или квалификационной коллегии судей.",Уголовно-процессуальный кодекс Российской Федерации.pdf,286
Какие картографические и справочные материалы результатов инженерных изысканий и исследований должны содержаться в исходной информации согласно ГОСТ МДС 11-7.2000?,"картографические и справочные материалы результатов инженерных изысканий и
исследований, а для курортов - материалы по оценке бальнеологических и курортных
ресурсов и медицинскому зонированию;
историко-архитектурные планы, проекты зон охраны памятников истории и культуры;
материалы экономических прогнозов;
материалы 
планировочно-градостроительных 
и 
отраслевых 
территориальных
проработок;
директивные материалы по территории проектируемого объекта, имеющие отношение к
его развитию, постановления и другие документы органов государственной власти и
местного самоуправления, общественных и хозяйственных организаций;
материалы топографо-геодезической подосновы соответствующих масштабов и
инженерно-геологических изысканий.",Data1_1_1904_index.pdf,31
Какая единица измерения используется для разработки норм согласно ГОСТ МДС 81-13.2000?,"ГОССТРОЙ РОССИИ
МЕТОДИЧЕСКИЕ РЕКОМЕНДАЦИИ
ПО РАЗРАБОТКЕ СБОРНИКОВ
РЕСУРСНЫХ СМЕТНЫХ НОРМ
НА МОНТАЖ ОБОРУДОВАНИЯ
МДС 81-13.2000
ПРИЛОЖЕНИЕ К ПИСЬМУ ГОССТРОЯ РОССИИ
ОТ 29 АПРЕЛЯ 1993 г.",Data1_2_2073_index.pdf,1
"Какие работы по заделке выбоин в цементных, бетонных и асфальтовых полах предусмотрены в ГОСТ МДС 14-13.2000?","Заделка выбоин в цементных, бетонных и асфальтовых полах (до 10 % общей площади).",Data1_1_1879_index.pdf,18
"Используется ли сметная стоимость по объемам работ, выполняемым иностранными firmами, при определении сметной стоимости строительства в смешанных ценах?","Сметная стоимость по объемам работ (затрат), выполняемым иностранными фирмами,
указанная в сводном сметном расчете стоимости строительства во внутренних ценах Российской
Федерации, при определении сметной стоимости данного строительства в смешанных ценах не
используется и в сводный сметный расчет стоимости строительства в смешанных ценах не
включается.",Data1_2_2082_index.pdf,6
Какие иные документы и материалы могут быть представлены?,"Иные документы и материалы могут содержать сведения, зафиксированные как в 
письменной, так и в иной форме.",Арбитражный процессуальный кодекс Российской Федерации.pdf,42
"Какой штраф предусмотрен для юридических лиц за непредставление или несвоевременное представление данных, позволяющих идентифицировать владельца программно-аппаратных средств доступа к информационным ресурсам, информационно-телекоммуникационным сетям, доступ к которым ограничен?","Непредставление или несвоевременное представление в орган, осуществляющий функции по 
контролю и надзору в сфере связи, информационных технологий и массовых коммуникаций, провайдером 
хостинга или иным лицом, обеспечивающим размещение в сети ""Интернет"" программно-аппаратных 
средств доступа к информационным ресурсам, информационно-телекоммуникационным сетям, доступ к 
которым ограничен, данных, позволяющих идентифицировать владельца программно-аппаратных средств 
доступа к информационным ресурсам, информационно-телекоммуникационным сетям, доступ к которым 
ограничен, или сведений об уведомлении владельца программно-аппаратных средств доступа к 
информационным ресурсам, информационно-телекоммуникационным сетям, доступ к которым 
ограничен, о необходимости размещения данных, позволяющих идентифицировать такого владельца, - 
влечет наложение административного штрафа на граждан в размере от десяти тысяч до тридцати тысяч 
рублей; на юридических лиц - от пятидесяти тысяч до трехсот тысяч рублей.",Административный кодекс Российской Федерации.pdf,405
Как проверяется внешний облик построенного или реконструированного объекта?,"Уведомление о несоответствии построенных или реконструированных объекта индивидуального 
жилищного строительства или садового дома требованиям законодательства о градостроительной 
деятельности направляется только в следующих случаях: 
1) параметры построенных или реконструированных объекта индивидуального жилищного строительства 
или садового дома не соответствуют указанным в пункте 1 части 19 настоящей статьи предельным 
параметрам разрешенного строительства, реконструкции объектов капитального строительства, 
установленным правилами землепользования и застройки, документацией по планировке территории, или 
обязательным требованиям к параметрам объектов капитального строительства, установленным 
настоящим Кодексом, другими федеральными законами; 
2) внешний облик объекта индивидуального жилищного строительства или садового дома не соответствует 
описанию внешнего облика таких объекта или дома, являющемуся приложением к уведомлению о 
планируемом строительстве, или типовому архитектурному решению, указанному в уведомлении о 
планируемом строительстве, или застройщику было направлено уведомление о несоответствии указанных 
в уведомлении о планируемом строительстве параметров объекта индивидуального жилищного 
строительства или садового дома установленным параметрам и (или) недопустимости размещения 
объекта индивидуального жилищного строительства или садового дома на земельном участке по 
основанию, указанному в пункте 4 части 10 статьи 51.1 настоящего Кодекса, в случае строительства или 
реконструкции объекта индивидуального жилищного строительства или садового дома в границах 
исторического поселения федерального или регионального значения; 
3) вид разрешенного использования построенного или реконструированного объекта капитального 
строительства не соответствует виду разрешенного использования объекта индивидуального жилищного 
строительства или садового дома, указанному в уведомлении о планируемом строительстве; 
4) размещение объекта индивидуального жилищного строительства или садового дома не допускается в 
соответствии с ограничениями, установленными в соответствии с земельным и иным законодательством 
Российской Федерации на дату поступления уведомления об окончании строительства, за исключением",Градостроительный кодекс Российской Федерации.pdf,190
Как часто следует проверять горизонтальность рядов кладки согласно СНиП 3.01.03-84?,"Вертикальность поверхностей и углов кладки, горизонтальность ее рядов следует
проверять не реже двух раз на 1 м высоты кладки.",Data1_11_11285_index.pdf,49
Когда автор считается согласившимся на обнародование произведения?,"Автор, передавший другому лицу по договору произведение для использования, считается 
согласившимся на обнародование этого произведения.",Гражданский кодекс Российской Федерации.pdf,525
Какие документы должны быть представлены для вычета акциза при использовании стали жидкой для производства продуктов металлургического производства?,"Налоговые вычеты, предусмотренные пунктом 34 статьи 200 настоящего Кодекса, производятся при 
представлении налогоплательщиком в налоговые органы: 
1) документов, подтверждающих производство и оприходование продуктов (полупродуктов) 
металлургического производства, направленных налогоплательщиком на переплавку для производства 
стали жидкой в целях получения продуктов (полупродуктов) металлургического производства путем литья; 
2) регистров аналитического учета, подтверждающих направление продуктов (полупродуктов) 
металлургического производства на переплавку для производства стали жидкой в целях получения 
продуктов (полупродуктов) металлургического производства путем литья.",Налоговый кодекс Российской Федерации.pdf,704
"Что влечет наложение административного штрафа в размере от одной тысячи пятисот до двух тысяч пятисот рублей с конфискацией форменной одежды, знаков различия, символики государственных военизированных организаций, правоохранительных или контролирующих органов согласно части 2 статьи 17.12?","Незаконное ношение форменной одежды со знаками различия, с символикой государственных 
военизированных организаций, правоохранительных или контролирующих органов - 
влечет наложение административного штрафа в размере от одной тысячи до одной тысячи пятисот рублей 
с конфискацией форменной одежды, знаков различия, символики государственных военизированных 
организаций, правоохранительных или контролирующих органов.",Административный кодекс Российской Федерации.pdf,368
Какие условия позволяют уполномоченным экономическим операторам выпускать товары до подачи декларации?,"Выпуск товаров до подачи декларации на товары производится таможенным органом 
при условии, что лицом, подавшим заявление о выпуске товаров до подачи декларации на товары: 
1) соблюдены положения пунктов 1 и 2 настоящей статьи или положения пункта 1 
статьи 441 настоящего Кодекса, если заявление о выпуске товаров до подачи декларации на товары 
подано уполномоченным экономическим оператором; 
2) соблюдены условия помещения товаров под заявленную таможенную процедуру, за 
исключением условий уплаты таможенных пошлин, налогов, специальных, антидемпинговых, 
компенсационных пошлин, а также случаев, когда такое условие, как соблюдение запретов и 
ограничений в соответствии с Договором о Союзе и (или) законодательством государств-членов, 
может быть подтверждено после выпуска товаров; 
3) предоставлено обеспечение исполнения обязанности по уплате таможенных пошлин, 
налогов, специальных, антидемпинговых, компенсационных пошлин в отношении товаров, 
указанных в пункте 1 настоящей статьи, за исключением товаров, указанных в пункте 14 
настоящей статьи, а также за исключением случая, когда предоставление обеспечения исполнения 
обязанности по уплате таможенных пошлин, налогов, специальных, антидемпинговых, 
компенсационных пошлин не требуется в соответствии с пунктом 5 статьи 441 настоящего 
Кодекса.",Таможенный кодекс Евразийского экономического союза.pdf,136
Какие требования к модульной конструкции зенитных фонарей согласно ГОСТ МДС 31-8.2002?,"ЦЕНТРАЛЬНЫЙ НАУЧНО-ИССЛЕДОВАТЕЛЬСКИЙ
И ПРОЕКТНО-ЭКСПЕРИМЕНТАЛЬНЫЙ ИНСТИТУТ
ПРОМЫШЛЕННЫХ ЗДАНИЙ И СООРУЖЕНИЙ
ОАО «ЦНИИПРОМЗДАНИЙ»
РЕКОМЕНДАЦИИ
ПО ПРОЕКТИРОВАНИЮ
И УСТРОЙСТВУ ФОНАРЕЙ
ДЛЯ ЕСТЕСТВЕННОГО
ОСВЕЩЕНИЯ ПОМЕЩЕНИЙ
МДС 31-8.2002
Москва 2002
Рекомендованы к изданию решением Секции строительных конструкций зданий Научно-технического
совета ОАО «ЦНИИпромзданий» 10 июля 2002 г.",Data1_10_10846_index.pdf,1
Какие нормативы отчислений установлены для налога на имущество физических лиц в бюджетах городских округов с внутригородским делением?,"В бюджеты городских округов с внутригородским делением подлежат зачислению 
налоговые доходы от следующих местных налогов, установленных представительными органами 
городских округов с внутригородским делением в соответствии с законодательством Российской 
Федерации о налогах и сборах: 
земельного налога - по нормативу 100 процентов; 
налога на имущество физических лиц - по нормативу 100 процентов.",Бюджетный кодекс Российской Федерации.pdf,63
В каких случаях может быть вынесено ходатайство об ограничении профессиональной деятельности специалиста согласно СНиП?,"Кроме того, указывается, в каком размере должны производиться согласно приговору суда 
удержания в соответствующий бюджет из денежного содержания осужденного военнослужащего в 
период отбывания им ограничения по военной службе.",Уголовно-исполнительный кодекс Российской Федерации.pdf,82
Как исчисляется срок обязательных работ?,"Срок обязательных работ исчисляется в часах, в течение которых осужденный отбывал 
обязательные работы.",Уголовно-исполнительный кодекс Российской Федерации.pdf,13
"Как заполняется раздел 1 сводного сметного расчета при строительстве, осуществляемом в полном объеме силами и средствами иностранной firmы?","При строительстве, осуществляемом в полном объеме силами и средствами иностранной
фирмы* на условиях ""под ключ"", раздел 1 сводного сметного расчета стоимости строительства в
смешанных ценах не заполняется, а сводный сметный расчет стоимости строительства во внутренних
ценах Российской Федерации служит только для оценки экономической эффективности привлечения
иностранной фирмы к данному строительству на этих условиях.",Data1_2_2082_index.pdf,6
В каких случаях комиссионер может отступить от указаний комитента?,"Комиссионер вправе отступить от указаний комитента, если по обстоятельствам дела это необходимо в 
интересах комитента и комиссионер не мог предварительно запросить комитента либо не получил в 
разумный срок ответ на свой запрос.",Гражданский кодекс Российской Федерации.pdf,404
Какие действия запрещены в процессе эксплуатации согласно ГОСТ МДС 17-13.2000?,ГОСТ 17.1.3.13-86                                    Охрана природы.,Data1_10_10865_index.pdf,33
"Какие тарифы страховых взносов применяются для плательщиков, указанных в подпунктах 5-9 пункта 1 статьи?","Для плательщиков, указанных в подпункте 1 пункта 1 статьи 419 настоящего Кодекса, в отношении 
выплат и иных вознаграждений в пользу физических лиц, занятых на видах работ, указанных в пункте 1 
части 1 статьи 30 Федерального закона от 28 декабря 2013 года N 400-ФЗ ""О страховых пенсиях"", 
применяется дополнительный тариф страховых взносов на обязательное пенсионное страхование в 
размере 9 процентов (за исключением случаев, предусмотренных пунктом 3 настоящей статьи).",Налоговый кодекс Российской Федерации.pdf,1649
Какие данные о относительной просадочности просадочных лессовых грунтов необходимы для проектирования инъекционного химзакрепления согласно СНиП 3.02.01-83?,Согласно главе СНиП 3.02.01-83 (разд.,Data1_11_11295_index.pdf,25
Какие данные представлены в столбце 'Генплан и транспорт' для санитарно-защитных зон в таблице 28 согласно СНиП?,"Производственные зоны, зоны инженерной и транспортной инфраструктур предназначены для 
размещения промышленных, коммунальных и складских объектов, объектов инженерной и транспортной 
инфраструктур, в том числе сооружений и коммуникаций железнодорожного, автомобильного, речного, 
морского, воздушного и трубопроводного транспорта, связи, а также для установления санитарно-
защитных зон таких объектов в соответствии с требованиями технических регламентов.",Градостроительный кодекс Российской Федерации.pdf,86
"Какие субсидии могут предоставляться юридическим лицам, являющимся стороной концессионных соглашений?","В бюджетах бюджетной системы Российской Федерации могут предусматриваться 
бюджетные ассигнования на предоставление субсидий юридическим лицам, индивидуальным 
предпринимателям, являющимся стороной концессионных соглашений, а также юридическим 
лицам, являющимся стороной соглашений о государственно-частном партнерстве, муниципально-
частном партнерстве.",Бюджетный кодекс Российской Федерации.pdf,82
Какие ограничения могут препятствовать завершению строительства объектов незавершенного строительства?,"Правила настоящей статьи применяются также в случае прекращения действия договора аренды 
земельного участка, находящегося в государственной или муниципальной собственности, который 
заключен без проведения торгов в целях завершения строительства объекта незавершенного 
строительства, при условии, что строительство этого объекта не было завершено.",Гражданский кодекс Российской Федерации.pdf,140
В каких случаях доказательство может быть признано недопустимым?,"В случаях, указанных в части второй статьи 75 настоящего Кодекса, суд, прокурор, следователь, 
дознаватель признает доказательство недопустимым.",Уголовно-процессуальный кодекс Российской Федерации.pdf,64
Как долго может длиться экспертиза оферт?,Вскрытие оферт и их экспертиза.,Data1_10_10866_index.pdf,8
"Какое право применяется, если между сторонами обязательства не заключено соглашение о праве, подлежащем применению?","Правила настоящей статьи применяются, если между сторонами обязательства, возникающего 
вследствие неосновательного обогащения, не заключено соглашение о праве, подлежащем применению к 
этому обязательству (статья 1223.1).",Гражданский кодекс Российской Федерации.pdf,488
"Какие дела об административных правонарушениях рассматривает федеральный орган исполнительной власти, осуществляющий функции в сфере деятельности войск национальной гвардии Российской Федерации?","Рассматривать дела об административных правонарушениях от имени органа, указанного в части 1 
настоящей статьи, вправе: 
1) руководитель федерального органа исполнительной власти, осуществляющего функции в сфере 
деятельности войск национальной гвардии Российской Федерации, его заместители; 
2) руководители структурных подразделений федерального органа исполнительной власти, 
осуществляющего функции в сфере деятельности войск национальной гвардии Российской Федерации, их 
заместители; 
3) руководители территориальных органов федерального органа исполнительной власти, 
осуществляющего функции в сфере деятельности войск национальной гвардии Российской Федерации, их 
заместители; 
4) руководители структурных подразделений территориальных органов федерального органа 
исполнительной власти, осуществляющего функции в сфере деятельности войск национальной гвардии 
Российской Федерации, их заместители; 
4.1) руководители подразделений вневедомственной охраны войск национальной гвардии Российской 
Федерации, их заместители; 
5) должностные лица федерального органа исполнительной власти, осуществляющего функции в сфере 
деятельности войск национальной гвардии Российской Федерации, и его территориальных органов, 
уполномоченные на осуществление государственного контроля (надзора).",Административный кодекс Российской Федерации.pdf,502
Какие меры предусмотрены для обеспечения температурно-влажностного режима подвальных помещений согласно ГОСТ МДС 13-18.2000?,"Температурно-влажностный режим чердачных помещений
А.",Data1_10_10852_index.pdf,11
"Что происходит, если сторона анализируемой сделки не отвечает требованиям для сопоставления?","В случае, если сторона анализируемой сделки не отвечает требованиям, предусмотренным подпунктами 
1 - 3 пункта 6 настоящей статьи, для сопоставления с рыночным интервалом рентабельности выбирается та 
сторона анализируемой сделки, которая в наибольшей степени отвечает указанным требованиям.",Налоговый кодекс Российской Федерации.pdf,298
Какова максимальная влажность древесины должна быть согласно ГОСТ МДС 17-13.2000?,ГОСТ 17.1.3.13-86                                    Охрана природы.,Data1_10_10865_index.pdf,33
Какие сведения должны быть указаны в исковом заявлении?,"В исковом заявлении, предъявляемом прокурором в защиту интересов Российской Федерации, 
субъектов Российской Федерации, муниципальных образований или в защиту прав, свобод и законных 
интересов неопределенного круга лиц, должно быть указано, в чем конкретно заключаются их интересы, 
какое право нарушено, а также должна содержаться ссылка на закон или иной нормативный правовой акт, 
предусматривающие способы защиты этих интересов.",Гражданский процессуальный кодекс Российской Федерации.pdf,52
Какие нарушения относятся к категории «В» согласно ГОСТ МДС 17-13.2000?,"ПАМФИЛОВА)
МЕТОДИЧЕСКИЕ РЕКОМЕНДАЦИИ
ПО ЛИКВИДАЦИИ НАРУШЕНИЙ
В СОДЕРЖАНИИ И ИСПОЛЬЗОВАНИИ
ЖИЛИЩНОГО ФОНДА
И ПРИДОМОВЫХ ТЕРРИТОРИЙ
МДС 13-17.2000
УТВЕРЖДЕНЫ
приказом директора Департамента
жилищно-коммунального хозяйства
Министерства строительства Российской Федерации
29 марта 1995 г.",Data1_10_10861_index.pdf,1
"Что означает знак 3.33 ""Движение транспортных средств с взрывчатыми и легковоспламеняющимися грузами запрещено""?","3.33 ""Движение транспортных средств с взрывчатыми и легковоспламеняющимися грузами 
запрещено"".",ПДД Российской Федерации.pdf,40
"Какие документы должны быть приложены к информации, предоставляемой налогоплательщиком?","Налоговый орган, должностное лицо которого вправе истребовать документы (информацию) в 
соответствии с пунктами 1, 2 и 2.1 настоящей статьи, направляет поручение об истребовании документов 
(информации), касающихся деятельности налогоплательщика (плательщика сбора, плательщика страховых 
взносов, налогового агента), в налоговый орган по месту учета лица, у которого должны быть истребованы 
указанные документы (информация).",Налоговый кодекс Российской Федерации.pdf,245
"Какие статьи КоАП рассматривают судьи районных судов, согласно пункту 4 статьи 23.1?","Органы внутренних дел (полиция) рассматривают дела об административных правонарушениях, 
предусмотренных статьей 6.24 (в части административных правонарушений, совершенных в общественных 
местах), статьями 8.22, 8.23, 10.4, 10.5, частями 1, 3, 4 и 5 статьи 11.1, статьями 11.9, 11.14, 11.15, частью 1 
статьи 11.15.1 (в части неисполнения гражданами требований по соблюдению транспортной 
безопасности), частями 1 и 2 статьи 11.17, статьями 11.23, 12.1, частями 1-3 статьи 12.2, частями 1, 2, 3 
статьи 12.3, частью 3 статьи 12.4 (за исключением случаев незаконного нанесения цветографической схемы",Административный кодекс Российской Федерации.pdf,459
Какие действия рекомендуется проводить для сопоставления расценок на эксплуатацию строительных машин и тарифов на транспортные услуги согласно ГОСТ МДС 81-9.2000?,"4.8 «Временного положения о порядке
применения свободных (рыночных) цен и тарифов на продукцию производственно-технического
назначения, товары народного потребления и услуги», утвержденного Министерством экономики и
финансов РСФСР 23.12.91 № Р-339;
сравнивать фактическую цену поставщика (с учетом его затрат на транспорт этой продукции),
по которой она была приобретена подрядной организацией, с отпускной ценой предприятия-
изготовителя, и в случае превышения первой цены над второй более чем в 1,25 раза (с учетом
налога на добавленную стоимость), исключать эту информацию из базы для расчета индексов цен
на строительные и монтажные работы;
сопоставлять расценки на эксплуатацию строительных машин и тарифы на транспортные
услуги, устанавливаемые конкретными трестами и управлениями механизации, транспортными
предприятиями, с расценками и тарифами аналогичных предприятий в данном и близлежащих
регионах и по предприятиям-монополистам выявлять причины необоснованного завышения
расценок и тарифов путем анализа деклараций этих предприятий о повышении свободных цен;
не учитывать размер оплаты труда и прибыль, полученные за счет других сфер деятельности
подрядных организаций, в составе уровня соответствующих показателей, предназначенных для",Data1_2_2075_index.pdf,3
Какова стоимость комментариев к статьям на сайте https://nkodeksrf.ru/ для организаций?,"Комментарии к статьям на сайте
https://nkodeksrf.ru/
2.",Налоговый кодекс Российской Федерации.pdf,956
"Какие действия предпринимаются при невыполнении обязанностей по сносу самовольной постройки или ее приведению в соответствие с требованиями на земельном участке, не приобретенном иным лицом на публичных торгах?","Снос самовольной постройки или ее приведение в соответствие с установленными требованиями 
осуществляется органом местного самоуправления поселения, городского округа по месту нахождения 
самовольной постройки или в случае, если самовольная постройка расположена на межселенной 
территории, органом местного самоуправления муниципального района в следующих случаях: 
1) в течение двух месяцев со дня размещения на официальном сайте органа местного самоуправления в 
информационно-телекоммуникационной сети ""Интернет"" сообщения о планируемых сносе самовольной 
постройки или ее приведении в соответствие с установленными требованиями лица, указанные в части 6 
настоящей статьи, не были выявлены; 
2) в течение шести месяцев со дня истечения срока, установленного решением суда или органа местного 
самоуправления о сносе самовольной постройки либо решением суда или органа местного 
самоуправления о сносе самовольной постройки или ее приведении в соответствие с установленными 
требованиями, лица, указанные в части 6 настоящей статьи, не выполнили соответствующие обязанности, 
предусмотренные частью 11 настоящей статьи, и земельный участок, на котором создана или возведена 
самовольная постройка, не предоставлен иному лицу в пользование и (или) владение либо по результатам 
публичных торгов не приобретен иным лицом; 
3) в срок, установленный решением суда или органа местного самоуправления о сносе самовольной 
постройки либо решением суда или органа местного самоуправления о сносе самовольной постройки или 
ее приведении в соответствие с установленными требованиями, лицами, указанными в части 6 настоящей 
статьи, не выполнены соответствующие обязанности, предусмотренные частью 11 настоящей статьи, при 
условии, что самовольная постройка создана или возведена на неделимом земельном участке, на котором 
также расположены объекты капитального строительства, не являющиеся самовольными постройками.",Градостроительный кодекс Российской Федерации.pdf,257
