question,answer,source,page
Какие требования устанавливаются к составу и содержанию документации по удалению затонувшего имущества?,"Требования к составу и содержанию документации по удалению затонувшего имущества, 
а также критерии оценки такой документации устанавливаются федеральным органом 
исполнительной власти в области транспорта по согласованию с федеральным органом 
исполнительной власти, осуществляющим функции по выработке государственной политики и 
нормативно-правовому регулированию в сфере изучения, использования, воспроизводства и 
охраны природных ресурсов.",Кодекс торгового мореплавания Российской Федерации.pdf,45
Какие основные показатели оценки офертов на строительство производственных объектов указаны в ГОСТ МДС 80-3.2000?,"В состав показателей для оценки коммерческой части оферт могут входить:
предложенная оферентом цена, предмета подрядных торгов (осуществления
строительства, выполнения комплекса работ, оказания услуг, поставки продукции) с
указанием, в какой валюте и на каком уровне (в ценах какого периода) рассчитана
предложенная цена;
предложенный оферентом метод учета при осуществлении расчетов за
выполненные работы последующих изменений уровня цен в связи с инфляцией,
изменением законодательства в области налоговой политики и по другим вопросам;
предложения оферента по условиям и порядку финансирования и кредитования
подрядных работ;
удельные стоимостные показатели по предмету торгов, если торг проводятся на
проектирование объекта или на проектирование и строительство объектов «под
ключ».",Data1_10_10869_index.pdf,2
Какая сумма привлеченных денежных средств считается особо крупным размером?,"Действия, предусмотренные частью 1 настоящей статьи, совершенные в особо крупном размере, - 
влекут наложение административного штрафа на юридических лиц в размере до стократной суммы 
денежных средств, стоимости ценных бумаг, иного имущества, услуг имущественного характера, иных 
имущественных прав, незаконно переданных или оказанных либо обещанных или предложенных от имени 
юридического лица, но не менее ста миллионов рублей с конфискацией денег, ценных бумаг, иного 
имущества или стоимости услуг имущественного характера, иных имущественных прав.",Административный кодекс Российской Федерации.pdf,423
Какие трассы и сооружения должны быть показаны на схемах инженерных сетей и слаботочных линий согласно ГОСТ МДС 11-7.2000?,"На схеме размещения магистральных инженерных сетей и сооружений и
использования подземного пространства должны быть показаны: существующие
сохраняемые, реконструируемые, ликвидируемые и новые трассы внемикрорайонных
сетей и сооружений водопровода, канализации, теплоснабжения, газоснабжения,
электроснабжения, телевидения, радио и телефона, места присоединения этих сетей к
городским магистральным линиям и сооружениям; размещение пунктов управления
системами инженерного оборудования; существующие и проектируемые крупные
подземные сооружения гражданского назначения.",Data1_1_1904_index.pdf,19
Что влечет наложение административного штрафа на должностных лиц за нарушение порядка предоставления обеспечения исполнения обязательств по оплате энергоресурсов?,"Заключение контракта по результатам определения поставщика (подрядчика, исполнителя) с 
нарушением объявленных условий определения поставщика (подрядчика, исполнителя) или условий 
исполнения контракта, предложенных лицом, с которым в соответствии с законодательством Российской 
Федерации о контрактной системе в сфере закупок заключается контракт, если такое нарушение привело к 
дополнительному расходованию средств соответствующих бюджетов бюджетной системы Российской 
Федерации или уменьшению количества поставляемых товаров, объема выполняемых работ, оказываемых 
услуг для обеспечения государственных и муниципальных нужд, - 
влечет наложение административного штрафа на должностных лиц, юридических лиц в размере 
двукратного размера дополнительно израсходованных средств соответствующих бюджетов бюджетной 
системы Российской Федерации или цен товаров, работ, услуг, количество, объем которых уменьшены и 
которые явились предметом административного правонарушения.",Административный кодекс Российской Федерации.pdf,99
Какие требования предъявляются к прочности закрепленных грунтов при однорастворной двухкомпонентной силикатизации на основе раствора силиката натрия и ортофосфорной кислоты согласно ГОСТ (к СНиП 3.02.01-83)?,"Наименование способов и исходных
реагентов
Реакция среды
закрепляющих
реагентов
Область применения
Экстремальные и средние
значения прочности при
одноосном сжатии, МПа
Номенклатура и некоторые
характеристики грунтов
Коэффициент
фильтрации
грунтов, м/сут
Однорастворная 
двухкомпонентная
силикатизация на основе раствора силиката
натрия и ортофосфорной кислоты
Кислая
Пески средней крупности, мелкие и
пылеватые
0,5 - 10
(0,2 - 0,5)/0,35
Однорастворная 
двухкомпонентная
силикатизация на основе раствора силиката
натрия и алюмината натрия
Щелочная
Пески средней крупности, мелкие и
пылеватые, 
в 
том 
числе
карбонатные
0,5 - 10
(0,2 - 0,3)/0,25
Однорастворная 
двухкомпонентная
смолизация 
на 
основе 
растворов
карбамидных смол марок М, М-2, М-3,
МФ-17 и соляной кислоты
Кислая
Пески всех видов - от гравелистых
до пылеватых, кроме карбонатных
0,5 - 50
(2 - 8)/5
Однорастворная 
двухкомпонентная
смолизация 
на 
основе 
растворов
карбамидных смол марок М, М-2, М-3 и
МФ-17 и щавелевой кислоты
»
Пески всех видов - от гравелистых
до 
пылеватых, 
в 
том 
числе
некоторые карбонатные, согласно
результатам 
специальных
исследований
0,5 - 50
(2 - 8)/5
Цементация
Щелочная
Пустоты, полости в грунтах всех
видов.",Data1_11_11295_index.pdf,5
"Какова цель технического обслуживания и текущего ремонта зданий и сооружений, согласно статье 55.24, раздел 8?","Отклонение параметров объекта капитального строительства от проектной документации, 
необходимость которого выявилась в процессе строительства, реконструкции, капитального ремонта 
такого объекта, допускается только на основании вновь утвержденной застройщиком, техническим 
заказчиком, лицом, ответственным за эксплуатацию здания, сооружения, или региональным оператором 
проектной документации после внесения в нее соответствующих изменений в соответствии с настоящим 
Кодексом, в том числе в порядке, предусмотренном частями 3.8 и 3.9 статьи 49 настоящего Кодекса.",Градостроительный кодекс Российской Федерации.pdf,167
Что происходит с потерями бюджета в связи с получением средств ниже расчетного объема дотации?,"Потери бюджета городского, сельского поселения, внутригородского района в связи с 
получением средств по дополнительному нормативу отчислений от налога на доходы физических 
лиц ниже расчетного объема дотации на выравнивание бюджетной обеспеченности поселений 
(внутригородских районов) (части расчетного объема дотации) компенсации из бюджета субъекта 
Российской Федерации и (или) учету при последующем распределении межбюджетных 
трансфертов местным бюджетам не подлежат.",Бюджетный кодекс Российской Федерации.pdf,211
Какое решение выносится по результатам рассмотрения материалов камеральной налоговой проверки?,"По результатам рассмотрения материалов камеральной налоговой проверки руководитель (заместитель 
руководителя) налогового органа выносит решение о привлечении налогоплательщика к ответственности за 
совершение налогового правонарушения либо об отказе в привлечении налогоплательщика к 
ответственности за совершение налогового правонарушения.",Налоговый кодекс Российской Федерации.pdf,533
"Подлежат ли вычету суммы акциза, исчисленные по истечении 180 календарных дней с даты выпуска товаров в Калининградской области?","При переходе налогоплательщика на специальные налоговые режимы либо при начале использования 
налогоплательщиком права на освобождение, предусмотренное статьей 145 настоящего Кодекса, суммы 
налога, исчисленные при выпуске товаров в соответствии с таможенной процедурой выпуска для 
внутреннего потребления при завершении действия таможенной процедуры свободной таможенной зоны 
на территории Особой экономической зоны в Калининградской области, подлежат уплате в порядке, 
установленном абзацем первым пункта 1 статьи 174 настоящего Кодекса, за налоговый период, на который 
приходится последний календарный день до даты перехода на специальные налоговые режимы, либо за 
налоговый период, на который приходится последний календарный день до начала использования 
налогоплательщиком права на освобождение, предусмотренное статьей 145 настоящего Кодекса, в части 
товаров, не использованных для осуществления операций, признаваемых объектами налогообложения в 
соответствии с настоящей главой, без применения освобождения от налога, установленного настоящей 
главой.",Налоговый кодекс Российской Федерации.pdf,525
"Что означает ""особыми условиями"" в контексте сдачи в аренду земельных участков и других обособленных природных объектов?","Комментарии к статьям на сайте 
https://zkodeksrf.ru/ 
 
 
 
 
или земельный участок образован из земельного участка, в отношении которого с другим лицом заключен 
договор о комплексном развитии территории, за исключением случаев, если такой земельный участок 
предназначен для размещения объектов федерального значения, объектов регионального значения или 
объектов местного значения и с заявлением о предоставлении такого земельного участка обратилось лицо, 
уполномоченное на строительство указанных объектов; 
10) указанный в заявлении о предоставлении земельного участка земельный участок образован из 
земельного участка, в отношении которого заключен договор о комплексном развитии территории, и в 
соответствии с утвержденной документацией по планировке территории предназначен для размещения 
объектов федерального значения, объектов регионального значения или объектов местного значения, за 
исключением случаев, если с заявлением о предоставлении в аренду земельного участка обратилось лицо, 
с которым заключен договор о комплексном развитии территории, предусматривающий обязательство 
данного лица по строительству указанных объектов; 
11) указанный в заявлении о предоставлении земельного участка земельный участок является предметом 
аукциона, извещение о проведении которого размещено в соответствии с пунктом 19 статьи 39.11 
настоящего Кодекса; 
12) в отношении земельного участка, указанного в заявлении о его предоставлении, поступило 
предусмотренное подпунктом 6 пункта 4 статьи 39.11 настоящего Кодекса заявление о проведении 
аукциона по его продаже или аукциона на право заключения договора его аренды при условии, что такой 
земельный участок образован в соответствии с подпунктом 4 пункта 4 статьи 39.11 настоящего Кодекса и 
уполномоченным органом не принято решение об отказе в проведении этого аукциона по основаниям, 
предусмотренным пунктом 8 статьи 39.11 настоящего Кодекса; 
13) в отношении земельного участка, указанного в заявлении о его предоставлении, опубликовано и 
размещено в соответствии с подпунктом 1 пункта 1 статьи 39.18 настоящего Кодекса извещение о 
предоставлении земельного участка для индивидуального жилищного строительства, ведения личного 
подсобного хозяйства, ведения гражданами садоводства для собственных нужд или осуществления 
крестьянским (фермерским) хозяйством его деятельности; 
14) разрешенное использование земельного участка не соответствует целям использования такого 
земельного участка, указанным в заявлении о предоставлении земельного участка, за исключением 
случаев размещения линейного объекта в соответствии с утвержденным проектом планировки 
территории; 
14.1) испрашиваемый земельный участок полностью расположен в границах зоны с особыми условиями 
использования территории, установленные ограничения использования земельных участков в которой не 
допускают использования земельного участка в соответствии с целями использования такого земельного 
участка, указанными в заявлении о предоставлении земельного участка; 
15) испрашиваемый земельный участок не включен в утвержденный в установленном Правительством 
Российской Федерации порядке перечень земельных участков, предоставленных для нужд обороны и 
безопасности и временно не используемых для указанных нужд, в случае, если подано заявление о 
предоставлении земельного участка в соответствии с подпунктом 10 пункта 2 статьи 39.10 настоящего 
Кодекса; 
16) площадь земельного участка, указанного в заявлении о предоставлении земельного участка 
садоводческому или огородническому некоммерческому товариществу, превышает предельный размер, 
установленный пунктом 6 статьи 39.10 настоящего Кодекса;",Земельный кодекс Российской Федерации.pdf,71
Какие основные положения генеральной схемы расселения учитываются на последующих стадиях градостроительного проектирования? (ГОСТ МДС 11-7.2000),"ПРИЛОЖЕНИЕ 3
ОСНОВНЫЕ ТРЕБОВАНИЯ К ЗАДАНИЮ НА РАЗРАБОТКУ СХЕМЫ И ПРОЕКТА
РАЙОННОЙ ПЛАНИРОВКИ, ГЕНЕРАЛЬНОГО ПЛАНА ГОРОДА, ДРУГОГО
ПОСЕЛЕНИЯ, ТЕРРИТОРИИ СЕЛЬСКОГО ОРГАНА МЕСТНОГО
САМОУПРАВЛЕНИЯ
В задании на разработку схемы и проекта районной планировки, генерального плана
города, другого поселения, территории сельского органа моечного самоуправления должны
быть указаны:
наименование объекта, его основные характеристики (местоположение, численность
населения, территория, основные виды ресурсов, профилирующие отрасли производства,
административная 
структура, 
условия 
обеспечения 
инженерно-транспортной
инфраструктурой, другие специфические характеристики);
основание для проектирования;
состав 
участников 
разработки 
и 
согласования 
проектных 
материалов 
и 
их
взаимообязательства;
кем и в какие сроки должны выдаваться исходные данные для проектирования;
состав 
подлежащих 
передаче 
материалов 
и 
услуг 
по 
этапам 
(если 
они
предусматриваются), сроки и стоимость работ;
требования к содержанию и форме представляемых материалов, сроки проектирования;",Data1_1_1904_index.pdf,27
Какие меры наказания за нарушение соглашения о недопущении конкуренции указаны в ГОСТ МДС 80-2.2000?,"________________________________                   ________________________________
дата                                                                                          дата
ПРИЛОЖЕНИЕ 2
СОГЛАШЕНИЕ
о недопущении конкуренции со стороны работника
Форма 1
При поступлении на работу по найму в
___________________________________________________________________________
наименование организации
я, нижеподписавший(ая)ся, обязуюсь по окончании срока найма и независимо от
причин его окончания не конкурировать с организацией, а также с ее преемниками и
правопреемниками.",Data1_10_10872_index.pdf,8
"Какие органы имеют право рассматривать дела об административных правонарушениях, предусмотренных статьей 15.12.1 КоАП РФ?","Федеральный орган исполнительной власти, осуществляющий федеральный государственный надзор за 
соблюдением трудового законодательства и иных нормативных правовых актов, содержащих нормы 
трудового права, рассматривает дела об административных правонарушениях, предусмотренных 
частями 1, 3, 4 и 6 статьи 5.27, частями 1 - 4 статьи 5.27.1, статьями 5.28 - 5.34, частью 1 статьи 14.54, частью 
2 статьи 15.33.2, статьей 15.34 настоящего Кодекса.",Административный кодекс Российской Федерации.pdf,466
"Какие требования к стальным конструкциям установлены СНиП II-23-81*, изд. 1990 г.?","Выполнить дополнительное
утепление конструкций по
решению
специализированной
организации в период
подготовки домов к зиме
СНиП II-22-81
СНиП 2.08.01-89
Промерзание кирпичных
стен
В кирпичных стенах
проверяется:
- правильное расположение
гидроизоляции стен;
- толщина в соответствии с
проектом;
- не допускается
воздухонепроницаемая
облицовка стен снаружи и
выполнение угловых
соединений с отступлением
от проекта
Выполнить просушку стен.",Data1_10_10861_index.pdf,17
Какое максимальное число баллов по показателю 'цена' рекомендуется устанавливать согласно ГОСТ МДС 80-3.2000?,"Если у заказчика на строительство объектов основным критерием оценки
оферт является цена, то максимальное число баллов по этому показателю
рекомендуется устанавливать в размере до 800 баллов.",Data1_10_10869_index.pdf,4
"Как производится усыновление ребенка иностранными гражданами или лицами без гражданства, состоящими в браке с гражданами Российской Федерации?","Дети могут быть переданы на усыновление гражданам Российской Федерации, постоянно 
проживающим за пределами территории Российской Федерации, иностранным гражданам или 
лицам без гражданства, не являющимся родственниками детей, по истечении двенадцати месяцев 
со дня поступления сведений о таких детях в федеральный банк данных о детях, оставшихся без 
попечения родителей, в соответствии с пунктом 3 статьи 122 настоящего Кодекса.",Семейный кодекс Российской Федерации.pdf,36
Что такое коллективный трудовой спор?,"Требования (копия требований) могут быть направлены (может быть направлена) в соответствующий 
государственный орган по урегулированию коллективных трудовых споров, в том числе в форме 
электронного документа.",Трудовой кодекс Российской Федерации.pdf,245
Какие процедуры могут предшествовать заключению трудового договора с руководителем организации?,"С заместителями руководителей государственных и муниципальных научных организаций, 
руководителями их филиалов заключаются срочные трудовые договоры, сроки действия которых не могут 
превышать сроки полномочий руководителей указанных организаций.",Трудовой кодекс Российской Федерации.pdf,197
"Как исчисляются ввозные таможенные пошлины, налоги, специальные, антидемпинговые, компенсационные пошлины при помещении продуктов переработки под таможенную процедуру выпуска для внутреннего потребления?","Особенности исчисления и уплаты ввозных таможенных пошлин, налогов, 
специальных, 
антидемпинговых, 
компенсационных 
пошлин 
в 
отношении 
продуктов переработки при их помещении под таможенную процедуру выпуска для 
внутреннего потребления 
1.",Таможенный кодекс Евразийского экономического союза.pdf,216
Что такое государственная собственность в Российской Федерации?,"В субъектах Российской Федерации - городах федерального значения Москве, Санкт-Петербурге, 
Севастополе земельный участок, от права собственности на который собственник отказался, является с 
даты государственной регистрации прекращения права собственности на него собственностью 
соответственно субъекта Российской Федерации - города федерального значения Москвы, субъекта 
Российской Федерации - города федерального значения Санкт-Петербурга, субъекта Российской 
Федерации - города федерального значения Севастополя, если законами указанных субъектов Российской 
Федерации не установлено, что такой земельный участок является собственностью муниципальных 
образований, находящихся на территориях указанных субъектов Российской Федерации.",Земельный кодекс Российской Федерации.pdf,19
"Какие требования предъявляются к материалам утепления опорных контуров согласно ГОСТ 9573-82, ГОСТ 20916-87, ГОСТ 15588-86?","Таблица 2
Способ прокладки
тепловых сетей
Материалы для защитного гидроизоляционного покрытия теплоизоляционных
конструкций
рекомендуемые к
применению
ГОСТ, ТУ
допускаемые к
применению
ГОСТ, ТУ
Подземный 
в
непроходных каналах и
тоннелях
Армопластмассовые
материалы АПП-1,
АПМ-2, АПМ-К
ТУ-362168-85 Стеклотекстолит
покрывной
Материал СТПЛ
ТУ 36-1583-83
Стеклорубероид
ГОСТ 15879-70
Стеклопластик
рулонный 
для
теплоизоляции РСТ
ТУ-6-11-145-8 Фольгоизол**
ГОСТ 20429-84
Пленка 
винипластовая
каландрированная
КПО**
ГОСТ 16398-81
Рубероид*
ГОСТ 10923-82
Подземный 
в
непроходных каналах и
тоннелях
 
 
Фольга 
алюминиевая
дублированная 
для
теплоизоляционных
конструкций
ТУ 36-1177-77
 
 
Штукатурка
асбестоцементная 
по
металлической 
сетке
(при небольших объемах
работ)
* Применять только для прокладки в непроходных каналах.",Data1_10_10852_index.pdf,16
Кто одобрил Методические рекомендации по разработке технической части тендерной документации и оферты претендента?,"ГОССТРОЙ РОССИИ
М Е Т О Д И Ч Е С К И Е  Р Е К О М Е Н Д А Ц И И
ПО РАЗРАБОТКЕ
ТЕХНИЧЕСКОЙ ЧАСТИ
ТЕНДЕРНОЙ ДОКУМЕНТАЦИИ
И ОФЕРТЫ ПРЕТЕНДЕНТА
МДС-80-8.2000
МОСКВА 2000
Методические 
рекомендации 
по 
разработке 
технической 
части 
тендерной 
документации
предназначены 
для 
всех 
субъектов 
инвестиционной 
деятельности: 
заказчиков 
(инвесторов),
организаторов торгов, тендерных комитетов всех уровней, подрядных и субподрядных организаций,
представленных в качестве претендентов и оферентов, консалтинговых, инженерно-консультационных,
финансовых, страховых и иных организаций, в том числе иностранных партнеров, участвующих в
подрядных торгах на территории Российской Федерации, а также университетов и институтов
повышения квалификации руководящих работников и специалистов организаций вне зависимости от
видов и форм собственности.",Data1_10_10865_index.pdf,1
"Что грозит за непредставление или несвоевременное представление сведений, предусмотренных антимонопольным законодательством Российской Федерации?","Ненаправление, несвоевременное направление в орган, уполномоченный на осуществление контроля в 
сфере закупок, информации, подлежащей включению в реестр недобросовестных поставщиков 
(подрядчиков, исполнителей), или непредставление, несвоевременное представление в федеральный 
орган исполнительной власти, орган исполнительной власти субъекта Российской Федерации, орган 
местного самоуправления, уполномоченные на ведение реестра контрактов, заключенных заказчиками, 
реестра контрактов, содержащего сведения, составляющие государственную тайну, информации 
(сведений) и (или) документов, подлежащих включению в такие реестры контрактов, если направление, 
представление указанных информации (сведений) и (или) документов являются обязательными в 
соответствии с законодательством Российской Федерации о контрактной системе в сфере закупок, или 
представление, направление недостоверной информации (сведений) и (или) документов, содержащих 
недостоверную информацию, - 
влечет наложение административного штрафа на должностных лиц в размере двадцати тысяч рублей.",Административный кодекс Российской Федерации.pdf,97
"Какие участки трубопроводов подлежат замене, согласно ГОСТ МДС 13-18.2000?","Программа «Ресурс-2» позволяет с высокой точностью выявлять отдельные участки
тепловых сетей, которые подлежат немедленной замене.",Data1_10_10852_index.pdf,15
Какие правила и инструкции издает федеральный орган исполнительной власти в области рыболовства?,"Федеральным органом исполнительной 
власти в области транспорта, федеральным органом исполнительной власти в области рыболовства 
и другими федеральными органами исполнительной власти к командному составу судна могут 
быть отнесены также другие специалисты.",Кодекс торгового мореплавания Российской Федерации.pdf,25
Какие примеры нематериальных активов приведены в тексте?,"Вычеты сумм налога, предъявленных продавцами налогоплательщику при приобретении либо уплаченных 
при ввозе на территорию Российской Федерации и иные территории, находящиеся под ее юрисдикцией, 
основных средств, оборудования к установке, и (или) нематериальных активов, указанных в пунктах 2 и 4 
статьи 171 настоящего Кодекса, производятся в полном объеме после принятия на учет данных основных 
средств, оборудования к установке, и (или) нематериальных активов.",Налоговый кодекс Российской Федерации.pdf,521
Как компенсируется ущерб Исполнителю в случае несвоевременной оплаты или необоснованного отказа от оплаты выполненных работ в ГОСТ МДС 11-11.2000?,"Утверждено
постановлением Госстроя России
от 11.11.98 № 13
П О Л О Ж Е Н И Е
О ПРОВЕДЕНИИ ЭКСПЕРТИЗЫ
ЭКОНОМИЧЕСКОГО ОБОСНОВАНИЯ
ТАРИФОВ НА ТОВАРЫ, РАБОТЫ И УСЛУГИ, УЧИТЫВАЕМЫХ
В ОПЛАТЕ ЖИЛЬЯ И КОММУНАЛЬНЫХ УСЛУГ
МДС 13-13.2000
МОСКВА 2001
1.",Data1_10_10863_index.pdf,1
Какие способы уплаты государственной пошлины предусмотрены согласно ГОСТ МДС 81-23.2000?,"Главное управление ценообразования,
сметных норм и расхода строительных материалов
Госстроя России
ПОСОБИЕ
ПО УЧЕТУ НАЛОГОВ В СМЕТНОЙ ДОКУМЕНТАЦИИ
НА СТРОИТЕЛЬСТВО
МДС 81-23.2000
Москва 2000
Пособие по учету налогов в сметной документации на строительство разработано Главным управлением
ценообразования, сметных норм и расхода строительных материалов Госстроя России и рекомендовано для
применения участникам инвестиционного процесса, осуществляющего на территории Российской Федерации.",Data1_2_2070_index.pdf,1
Какие данные об инвентарном номере и каталожном листе должны быть указаны в форме 5?,"В разделе «Дополнительные данные» приводятся сведения о новизне и
эффективности проектных решений, наличии патентов, авторских свидетельств,
принятый расчетный показатель, количество расчетных единиц и другие сведения о
разработанной документации, не вошедшие в форму каталожного листа.",Data1_10_10849_index.pdf,3
Что такое заключение под стражу?,"Вопросы о временном помещении лица, в отношении которого в качестве меры пресечения избрано 
заключение под стражу, в медицинскую организацию, оказывающую психиатрическую помощь в 
стационарных условиях, а также о продлении срока временного пребывания в такой организации данного 
лица рассматриваются судом в порядке, установленном статьей 108 настоящего Кодекса, не позднее чем 
через 5 суток со дня получения ходатайства.",Уголовно-процессуальный кодекс Российской Федерации.pdf,274
"Как долго может длиться процедура отбора лучшего предложения, согласно ГОСТ МДС 11-11.2000?","Это происходит в тех случаях, когда все условия
данных торгов заранее переданы одной или двум фирмам, с которыми заказчик и
предполагает иметь дело, официально оформив его через торги;
круг проектных организаций, заинтересованных в получении работы, может быть
достаточно широким, поэтому конкуренция будет очень жесткой;
подготовка необходимых материалов для участия в торгах требует серьезных затрат
времени и дорого обходится, причем это будут чистые убытки для тех, кого отвергнут, а
иногда по условиям торгов стоимость работ по подготовке и участию в торгах не
возмещается даже выигравшей торги фирме;
процедура отбора заказчиком лучшего предложения может быть длительной.",Data1_10_10858_index.pdf,21
Что происходит с патентной пошлиной после отзыва заявления об открытой лицензии?,"Комментарии к статьям на сайте 
https://gkodeksrf.ru/ 
  
 
Если до отзыва открытой лицензии никто не изъявил желание использовать селекционное достижение, 
патентообладатель обязан доплатить пошлину за поддержание патента в силе за период, прошедший со 
дня публикации сведений об открытой лицензии, и в дальнейшем уплачивать ее в полном размере.",Гражданский кодекс Российской Федерации.pdf,608
Какие объекты могут быть оценены с помощью УПБС согласно СНиПу?,"За базисный уровень стоимости, учитываемый УПБС, могут быть приняты:
· цены, действовавшие в строительстве с 01.01.84, с пересчетом их по утвержденным в 1990 году
индексам в цены 1991 года;
· цены, введенные в действие с 01.01.91;
· текущие (фактические) цены, действующие в период разработки сметной документации или
осуществления 
строительства 
объектов, 
и 
зафиксированные 
региональным 
центром 
по
ценообразованию в строительстве (РЦЦС) в определенном временном периоде (например, в IV
квартале 1993 года).",Data1_2_2081_index.pdf,2
Какая площадь бетоносмесителей должна быть предусмотрена согласно ГОСТ МДС-80-8.2000?,"ПОДГОТОВКА ПЛОЩАДКИ СТРОИТЕЛЬСТВА
Ведомости объемов работ по разборке существующих зданий, сооружений, фундаментов; рубке леса;
корчевке кустарника
Исходные данные по выносу существующих инженерных сетей и сооружений
 
ГРАФИК СТРОИТЕЛЬСТВА
График начала и окончания строительства (пообъектно)
О Б РА З Е Ц
ГРАФИКА РАБОТ
ТЕНДЕР
Городок:
ГРАФИК РАБОТ
Подрядчик должен подготовить график согласно образцу, из которого был бы виден ход подготовки
утверждаемой и исполнительной частей проектной документации по отдельным зданиям и
сооружениям.",Data1_10_10865_index.pdf,29
Как определяются затраты на получение исходных данных и согласования по проектным решениям согласно МДС 81-30.2002?,"Затраты, 
связанные 
с 
получением 
заказчиком 
и 
проектной
организацией исходных данных, технических условий на проектирование и
проведение необходимых согласований по проектным решениям.",Data1_10_10848_index.pdf,8
Какие административные правонарушения относятся к категории нарушений законодательства об охране здоровья граждан?,"Нарушение требований законодательства в сфере охраны здоровья о получении информированного 
добровольного согласия - 
влечет наложение административного штрафа на граждан в размере от одной тысячи до трех тысяч 
рублей; на должностных лиц - от пяти тысяч до десяти тысяч рублей; на юридических лиц - от сорока тысяч 
до ста тысяч рублей.",Административный кодекс Российской Федерации.pdf,74
Как согласно СНиП 3.01.03-84 устанавливаются анкерные блоки и закладные детали?,"9
гр.4
зарплата рабочих-
строителей
трудоемкость, чел-
ч
стоимость
материалов
стоимость
эксплуатации
машин
в том числе
зарплата
машинистов
всего
в том
числе
зарплата
1
2
3
4
5
6
7
8
9
10
01.02.10 Устройство монолитных
фундаментов 
общего
назначения
100м3
6996
18540 441
437432
3851 1155
459823
19695
493114 22620
70,49
01.02.20 Устройство бутобетонных
фундаментов
100м3
6078
24360 587
360593
3301
990
388254
25350
431981 29712
71,08
01.02.30 Установка 
сборных
бетонных блоков
100м3
8527
6034
06
588986
34879
7685
629900
13719
640922 7490
75,16
01.02.40 Укладка 
сборных
железобетонных блоков и
плит
100м3
14733
18660 435
694120
77862 13906
790642
32566
824475 22989
55,96
01.02.51 Погружение 
дизель-
молотом на экскаваторе
железобетонных свай
м3
185
166
4
8109
1891
207
10166 372
10468 205
56,64
01.02.52 Устройство
буронабивных 
свай 
в
сухих 
устойчивых
грунтах с бурением
м3
201
55
1
15346
519
61
15919
116
16019
68
79,89
01.02.60 Укладка 
балок
фундаментных
100м3
16584
27968 605
1118584
29149 5745
1175701
33713
1226023
34193
73,93
01.02.70 Установка 
анкерных
болтов 
и 
закладных
деталей
т
1584
12660 289
88059
210
63
100929
12723
123643 15434
78,08
01.02.80 Обмазочная 
битумная
гидроизоляция в 2 слоя
стен и фундаментов
100м2
190
996
21
12646
148
45
13791
1041
15579 1215
81,93
01.02.90 Оклеечная гидроизоляций
по 
выровненной
поверхности 
бутовои
кладки кирпичу бетону
100м2
285
238
10
23508
277
83
24033 321
24452 291
85,88
01.20.10 Гидроизоляция 
стен 
и
фундаментов цементная с
жидким стеклом
100м2
203
1548
38
11331
162
49
13041
1597
15820 1888
77,94
ПРИЛОЖЕНИЕ 4
Форма № 2-к
ПОПРАВОЧНЫЕ КОЭФФИЦИЕНТЫ К ПОКАЗАТЕЛЯМ СБОРНИКА УПБС ВР
Шифр
УПБС
ВР
Текст поправки
 
Коэффициенты к
основной
заработной
плате
нормам
затрат
труда
стоимости
эксплуата
ци и машин
заработной
плате ма
шинистов
нормам расхода материала
код
коэффициент
1
2
3
4
5
6
7
8
01.01.11
На емкость ковша 1 м3
0,53
0,53
0,73
0,72
04.01.02
1,00",Data1_2_2079_index.pdf,16
Какой телефон указан для бесплатной юридическая консультации в регионах России?,"Бесплатная юридическая консультация по телефонам: 
• 8 (499) 938-53-71 (Москва и МО); 
 
• 8 (812) 467-95-28 (Санкт-Петербург и ЛО); 
• 8 (800) 301-92-12 (Регионы РФ).",Административный кодекс Российской Федерации.pdf,347
В каких условиях содержатся осужденные к аресту?,"Комментарии к статьям на сайте 
https://upkodeksrf.ru/ 
 
 
 
 
 
3) пункт, часть, статья Уголовного кодекса Российской Федерации, предусматривающие ответственность за 
преступление, в совершении которого подсудимый признан виновным; 
4) вид и размер наказания, назначенного подсудимому за каждое преступление, в совершении которого он 
признан виновным; 
5) окончательная мера наказания, подлежащая отбытию на основании статей 69 - 72 Уголовного кодекса 
Российской Федерации; 
6) вид исправительного учреждения, в котором должен отбывать наказание осужденный к лишению 
свободы, и режим данного исправительного учреждения; 
7) длительность испытательного срока при условном осуждении и обязанности, которые возлагаются при 
этом на осужденного; 
8) решение о дополнительных видах наказания в соответствии со статьей 45 Уголовного кодекса 
Российской Федерации; 
9) решение о зачете времени предварительного содержания под стражей, если подсудимый до 
постановления приговора был задержан, или к нему применялись меры пресечения в виде заключения 
под стражу, домашнего ареста, запрета определенных действий, предусмотренного пунктом 1 части 
шестой статьи 105.1 настоящего Кодекса, или он помещался в медицинскую организацию, оказывающую 
медицинскую помощь в стационарных условиях, или в медицинскую организацию, оказывающую 
психиатрическую помощь в стационарных условиях; 
10) решение о мере пресечения в отношении подсудимого до вступления приговора в законную силу; 
11) решение о порядке следования осужденного к месту отбывания наказания в случае назначения ему 
отбывания лишения свободы в колонии-поселении; 
12) ограничения, которые устанавливаются для осужденного к наказанию в виде ограничения свободы.",Уголовно-процессуальный кодекс Российской Федерации.pdf,197
В каких случаях таможенный орган отказывает в выпуске товаров при предварительном декларировании?,"В целях сокращения времени совершения таможенных операций при таможенном 
декларировании по заявлению лиц таможенные органы принимают предварительные решения о 
происхождении товаров, ввозимых на таможенную территорию Союза (далее в настоящей главе - 
предварительные решения о происхождении товаров), до таможенного декларирования таких 
товаров.",Таможенный кодекс Евразийского экономического союза.pdf,29
Что такое процессуальное решение по определению статьи 33?,"О применении мер процессуального принуждения, предусмотренных пунктами 4 - 6 части 
2 статьи 116 настоящего Кодекса, суд выносит определение в виде отдельного судебного акта, 
которое может быть обжаловано отдельно от решения суда.",Кодекс административного судопроизводства Российской Федерации.pdf,62
Что означает знак 5.22?,"Указывает, что действие знаков 5.29 и 6.4 распространяется на механические транспортные 
средства: 
экологический класс которых, указанный в регистрационных документах на эти 
транспортные средства, соответствует экологическому классу, указанному на табличке, либо выше 
экологического класса, указанного на табличке; 
экологический класс которых не указан в регистрационных документах на эти транспортные 
средства.",ПДД Российской Федерации.pdf,50
"Какие требования ГОСТ или СНиП регулируют проектирование кладбища площадью до 0,5 га?","Заглубление тепловых сетей от поверхности земли или дорожного покрытия
при приемке должно приниматься не менее:
до верха перекрытий каналов и тоннелей - 0,5 м;
до верха перекрытий камер - 0,3 м;
до верха оболочки бесканальной прокладки - 0,7 м.",Data1_11_11285_index.pdf,25
Какие ГОСТы или СНиПы регламентируют расчет затрат на эксплуатацию строительных машин?,"Индивидуальные 
сметные 
нормы 
разрабатываются 
в 
соответствии 
с
«Методическими указаниями о порядке разработки государственных элементных
сметных норм на строительные, монтажные, специальные строительные и
пусконаладочные работы», введенными в действие постановлением Госстроя России
от 24.04.98 № 18-40, с учетом следующих требований:
основанием для разработки индивидуальных сметных норм должны являться
акты, составляемые совместно подрядчиком, заказчиком и проектной организацией и
подтверждающие необходимость разработки этих норм;
нормы затрат труда рабочих-строителей и нормы затрат времени эксплуатации
строительных машин следует принимать на основании данных хронометражных
наблюдений методами технического нормирования или по расчету, составляемому на
основе технологических карт трудовых процессов или по действующим сборникам
ЕНиР, ВНиР и ТНиР, имеющих справочный характер.",Data1_10_10062_index.pdf,4
Какие требования МДС 14-13.2000 предъявляет к площади прочих помещений?,"Вид кранов
Вид
технического
обслуживания
и ремонта
Периодичность
выполнения
технического
обслуживания и
ремонта, ч
Трудоемкость выполнения одного технического
обслуживания и ремонта, чел.-ч
Продолжительность
выполнения, ч
Всего
В том числе по видам работ
диагностические слесарные
прочие
Краны мостовые, крюковые
грузоподъемностью до 15 т
ТО
500
8
1,5
5,5
1,0
4
Т
2000
200
2
100
98
50
К
25000
800
-
450
350
160
То же, грузоподъемностью
16-30 т
ТО
500
9
2
7
-
5
Т
2000
250
2,5
125
122,5
55
К
25000
1000
-
510
490
200
То же, грузоподъемностью
31-50 т
ТО
500
10
2,3
7,7
-
6
Т
2000
270
2,7
135
132,3
60
К
30000
1100
-
560
540
220
То же, грузоподъемностью
51-70 т
ТО
500
11
2,4
8,6
-
6
Т
3000
300
2,8
150
147,2
65
К
30000
1200
-
650
550
230
То же, грузоподъемностью
71-100 т
ТО
500
12
2,5
9,5
-
6
Т
3000
320
3
160
157
70
К
36000
1300
-
700
600
240
То же, грузоподъемностью
101-250 т
ТО
1000
13
2,6
10,4
-
7
Т
4000
350
3,1
180
166,9
75
К
40000
1400
-
750
650
250
То же, грузоподъемностью
251-300 т
ТО
1000
14
2,7
11,3
-
7
Т
4000
370
3,2
185
181,8
80
К
40000
1500
-
800
700
260
Краны мостовые, грейферные
грузоподъемностью до 15 т
ТО
500
10
2
8
-
5
Т
2000
250
2,5
125
122,5
60
К
25000
1000
-
510
490
200
То же, грузоподъемностью
16-20 т
ТО
500
11
2,3
9,7
-
6
Т
2000
270
2,7
135
132,3
65
К
30000
1100
-
560
540
220
КРАНЫ КОНСОЛЬНЫЕ
 
 
 
 
 
 
 
Краны 
консольные 
(на
колонне, 
настенные,
велосипедные)
грузоподъемностью до 3 т
ТО
500
2
0,5
1,5
-
1
Т
2500
40
1
20
19
10
К
20000
180
-
100
80
30
То же, грузоподъемностью 3-
5 т
ТО
500
3
0,8
2,2
-
1,5
Т
2500
60
1,2
30
28,8
15
К
20000
250
-
130
120
40
ПОДЪЕМНИКИ
СТРОИТЕЛЬНЫЕ
МАЧТОВЫЕ
 
 
 
 
 
 
 
Грузоподъемностью 300 кг
ТО
100
0,9
0,4
0,5
-
0,9
Т
2000
13
0,6
10,4
2
6
То же, 500 кг
ТО
100
0,9
0,4
0,5
-
0,9
Т
2000
16
0,8
12,2
3
8
То же, 800 кг
ТО
100
1,0
0,5
0,5
-
1
Т
2000
20
1,0
15
4
10
ТАЛИ ЭЛЕКТРИЧЕСКИЕ
 
 
 
 
 
 
 
Грузоподъемностью 0,25-8 т
ТО
100
8
0,5
1,5
6
4
Т
1000
23
1
14
8
5
К
5000
80
-
50
30
8
ЛЕБЕДКИ
 
 
 
 
 
 
 
Лебедки с тяговым усилием
до 5 т
ТО
250
2
-
2
-
1
Т
1000
15
-
8
7
5
К
6000
125
-
70
55
25
То же, с тяговым усилием 6-
10 т
ТО
250
2,5
-
2,5
-
1,2
Т
1000
21
-
12
9
7
К
6000
150
-
80
70
30
То же, с тяговым усилием 11-
15 т
ТО
250
3,0
-
3,0
-
1,5
Т
1000
30
-
16
14
9
К
6000
180
-
100
80
35
СЪЕМНЫЕ
ГРУЗОЗАХВАТНЫЕ
ПРИСПОСОБЛЕНИЯ
 
 
 
 
 
 
 
Грузозахватное
приспособление 
(захват,
подхват, траверса, кондуктор
и т.п.) грузоподъемностью до
5 т
ТО
250
1
1
-
-
0,5
Т
2000
6
1
2
3
3",Data1_10_10855_index.pdf,7
Какие преступления относятся к уголовным делам частного обвинения?,"Описательно-мотивировочная часть обвинительного приговора 
Описательно-мотивировочная часть обвинительного приговора должна содержать: 
1) описание преступного деяния, признанного судом доказанным, с указанием места, времени, способа его 
совершения, формы вины, мотивов, целей и последствий преступления; 
2) доказательства, на которых основаны выводы суда в отношении подсудимого, и мотивы, по которым суд 
отверг другие доказательства; 
3) указание на обстоятельства, смягчающие и отягчающие наказание, а в случае признания обвинения в 
какой-либо части необоснованным или установления неправильной квалификации преступления - 
основания и мотивы изменения обвинения; 
4) мотивы решения всех вопросов, относящихся к назначению уголовного наказания, освобождению от 
него или его отбывания, применению иных мер воздействия; 
4.1) доказательства, на которых основаны выводы суда о том, что имущество, подлежащее конфискации, 
получено в результате совершения преступления или является доходами от этого имущества либо 
использовалось или предназначалось для использования в качестве орудия, оборудования или иного 
средства совершения преступления либо для финансирования терроризма, экстремистской деятельности 
(экстремизма), организованной группы, незаконного вооруженного формирования, преступного 
сообщества (преступной организации); 
5) обоснование принятых решений по другим вопросам, указанным в статье 299 настоящего Кодекса.",Уголовно-процессуальный кодекс Российской Федерации.pdf,196
Что должно содержать пояснительная записка к схеме районной планировки? (ГОСТ МДС 11-7.2000),"ПРИЛОЖЕНИЕ 7
ОСНОВНЫЕ ТРЕБОВАНИЯ К ИСХОДНОЙ ИНФОРМАЦИИ ДЛЯ РАЗРАБОТКИ
СХЕМЫ И ПРОЕКТА РАЙОННОЙ ПЛАНИРОВКИ, ГЕНЕРАЛЬНОГО ПЛАНА
ГОРОДА, ДРУГОГО ПОСЕЛЕНИЯ
Материалы исходной информации должны содержать:
сведения об изученности объекта планирования (охваченности его территории
материалами изысканий различного масштаба и направленности, наличии архивных и
литературных источников, данных о его истории и так далее, перечень ранее выполненных
научно-исследовательских, проектно-планировочных и прочих работ, учет которых
обязателен при проектировании;
данные по современному состоянию и имеющимся программам развития территории;
сведения по современному использованию территории (в виде схем землепользования и
табличного материала);
данные обследований и прогнозов санитарно-гигиенических условий и экологической
ситуации;
данные социологических и социально-экономических обследований;
данные по демографической ситуации;
данные 
по 
характеристике 
жилой 
и 
общественной 
застройки, 
объектов
промышленности, коммунального хозяйства, транспортной системы и строительной базы;",Data1_1_1904_index.pdf,30
Какие министерства и ведомства утверждают ценники на медицинское оборудование согласно ГОСТ МДС 81-8.2000?,"Министерство, ведомство,
утверждающее ценник
Наименование ценника
Госкомиздат СССР
Технологическое 
оборудование 
предприятий 
полиграфической
промышленности
Минуглепром СССР
Технологическое 
оборудование 
предприятий 
угольной 
и 
сланцевой
промышленности
Минхимпром
Производства химической промышленности
Миннефтехимпром СССР
Оборудование предприятий нефтеперерабатывающей и нефтехимической
промышленности
Часть 1.",Data1_10_10864_index.pdf,21
Какие разделы включены в проектные работы для трибун с подтрибунными помещениями согласно СНиП?,"В состав рабочей документации проекта застройки должны входить:
рабочие чертежи на все объекты и виды работ, предусмотренные заданием (выдаваемым
заказчиком на разработку проекта застройки в соответствии с требованиями, указанными в
приложении 6), которые выполняются и комплектуются в соответствии с требованиями
государственных стандартов системы проектной документации для строительства;
сметы, составляемые в соответствии с п.",Data1_1_1904_index.pdf,22
Какой метод следует использовать для измерения крена зданий и сооружений сложной геометрической формы в СНиП 3.01.03-84?,"Фотограмметрический (стереофотограмметрический) метод следует применять
для измерения осадок, сдвигов, кренов и других деформаций при неограниченном числе
наблюдаемых марок, устанавливаемых в труднодоступных для измерений местах
функционирующих зданий и сооружений.",Data1_11_11285_index.pdf,73
Какие операции включаются в управление остатками средств на едином счете бюджета территориального внебюджетного фонда?,"Комментарии к статьям на сайте 
https://budkod.ru/ 
 
 
 
осуществляющий открытие и ведение лицевых счетов казенных учреждений, в период 
приостановления операций по расходованию средств на лицевых счетах должника (за исключением 
операций по исполнению исполнительных документов, решений налоговых органов, операций по 
осуществлению расходов на обеспечение по обязательному социальному страхованию, иных 
расходов на оказание медицинской помощи из бюджетов территориальных государственных 
внебюджетных фондов, а также распоряжений, предусматривающих перечисление или выдачу 
денежных средств для расчетов по оплате труда с лицами, работающими по трудовому договору 
(контракту), перечисление удержанных налогов и уплату начисленных страховых взносов на 
обязательное социальное страхование в связи с указанными расчетами) указанный орган 
уведомляет должника об отмене приостановления операций по лицевым счетам должника, а 
исполнительный документ возвращает взыскателю в порядке, определенном абзацами первым и 
вторым настоящего пункта.",Бюджетный кодекс Российской Федерации.pdf,352
Что включается в состав обосновывающих материалов к сводному расчету затрат российских организаций в смешанных ценах?,"Копии сводных смет в смешанных ценах и сводных сметных расчетов во внутренних (базисных) ценах Российской Федерации по объекту-
аналогу, расчеты поправок и другие расчеты включаются в состав обосновывающих материалов к сводному расчету затрат российских
организаций в смешанных ценах.",Data1_2_2069_index.pdf,9
Какое определение выносит суд о замене ненадлежащего административного ответчика?,"О возвращении искового заявления судья выносит мотивированное определение, в котором указывает, 
в какой суд следует обратиться заявителю, если дело неподсудно данному суду, или как устранить 
обстоятельства, препятствующие возбуждению дела.",Гражданский процессуальный кодекс Российской Федерации.pdf,54
"Что происходит, если представляемый одобряет сделку, заключенную неуполномоченным лицом?","Последствия сделки в чужом интересе 
Обязанности по сделке, заключенной в чужом интересе, переходят к лицу, в интересах которого она 
совершена, при условии одобрения им этой сделки и если другая сторона не возражает против такого",Гражданский кодекс Российской Федерации.pdf,402
Как устанавливаются порядок и формы внесения авансовых платежей?,"В случае, если во вновь представленном извещении об уплате авансового платежа акциза объем 
закупаемого этилового спирта и сумма авансового платежа акциза указаны в меньших размерах по 
сравнению с первичным извещением, разница между первоначально уплаченной суммой авансового 
платежа акциза и суммой авансового платежа, указанной во вновь представленном извещении, подлежит 
зачету (возврату) как сумма излишне уплаченного налога в порядке, установленном статьей 78 настоящего 
Кодекса, при условии представления налогоплательщиком в налоговый орган уточненной налоговой 
декларации по акцизам.",Налоговый кодекс Российской Федерации.pdf,728
"Что происходит с правом применения тарифов страховых взносов, если организация не выполняет условия, установленные пунктом 12?","Комментарии к статьям на сайте 
https://nkodeksrf.ru/ 
 
 
 
 
В случае, если по итогам расчетного (отчетного) периода применительно к указанному периоду 
организация не выполняет условия, установленные настоящим пунктом, такая организация лишается права 
применять пониженные тарифы страховых взносов, предусмотренные подпунктом 3 пункта 2 настоящей 
статьи, с начала расчетного периода, в котором допущено несоответствие условиям, указанным в 
настоящем пункте.",Налоговый кодекс Российской Федерации.pdf,1642
"Какие административные правонарушения рассматривает федеральный орган исполнительной власти, осуществляющий федеральный государственный карантинный фитосанитарный надзор, государственный надзор в области безопасного обращения с пестицидами и агрохимикатами и государственный земельный надзор (в отношении использования и охраны земель сельскохозяйственного назначения)?","Рассматривать дела об административных правонарушениях от имени органов, указанных в части 1 
настоящей статьи, вправе: 
1) руководитель федерального органа исполнительной власти, осуществляющего функции по контролю и 
надзору в сфере транспорта, его заместители, руководители структурных подразделений федерального 
органа исполнительной власти, осуществляющего функции по контролю и надзору в сфере транспорта, их 
заместители, руководители территориальных органов федерального органа исполнительной власти, 
осуществляющего функции по контролю и надзору в сфере транспорта, их заместители, иные должностные 
лица федерального органа исполнительной власти, осуществляющего функции по контролю и надзору в 
сфере транспорта, уполномоченные осуществлять контроль и надзор в сфере транспорта (государственные 
транспортные инспектора), - об административных правонарушениях, совершенных в гражданской 
авиации и предусмотренных статьями 8.2, 8.2.1, 8.2.2, 8.2.3 (в части нарушения экологических требований 
на воздушном транспорте), статьей 8.3 (в части нарушения правил обращения с пестицидами и 
агрохимикатами на воздушном транспорте), статьями 8.22, 8.23, статьей 9.13 (в части уклонения от 
исполнения требований к обеспечению доступности для инвалидов объектов гражданской авиации и услуг 
по перевозке пассажиров в области гражданской авиации), частями 1, 3 - 6 статьи 11.3, статьей 11.3.1, 
частями 1 - 6, 8 и 9 статьи 11.5, частью 1 статьи 11.14, статьей 11.15, частью 1 статьи 11.15.1, частью 1 
статьи 11.15.2, статьей 11.16, частями 4 и 6 статьи 11.17, статьями 11.30, 11.31, частью 10 статьи 19.5,",Административный кодекс Российской Федерации.pdf,485
Какой телефон доступен для бесплатной юридической консультации в регионах России?,"Бесплатная юридическая консультация по телефонам: 
• 8 (499) 938-53-71 (Москва и МО); 
 
• 8 (812) 467-95-28 (Санкт-Петербург и ЛО); 
• 8 (800) 301-92-12 (Регионы РФ).",Административный кодекс Российской Федерации.pdf,347
Какие сведения должен содержать опросник согласно ГОСТ МДС 80-5.2000?,"Вид кранов
Вид
технического
обслуживания
и ремонта
Периодичность
выполнения
технического
обслуживания и
ремонта, ч
Трудоемкость выполнения одного технического
обслуживания и ремонта, чел.-ч
Продолжительность
выполнения, ч
Всего
В том числе по видам работ
диагностические слесарные
прочие
Краны мостовые, крюковые
грузоподъемностью до 15 т
ТО
500
8
1,5
5,5
1,0
4
Т
2000
200
2
100
98
50
К
25000
800
-
450
350
160
То же, грузоподъемностью
16-30 т
ТО
500
9
2
7
-
5
Т
2000
250
2,5
125
122,5
55
К
25000
1000
-
510
490
200
То же, грузоподъемностью
31-50 т
ТО
500
10
2,3
7,7
-
6
Т
2000
270
2,7
135
132,3
60
К
30000
1100
-
560
540
220
То же, грузоподъемностью
51-70 т
ТО
500
11
2,4
8,6
-
6
Т
3000
300
2,8
150
147,2
65
К
30000
1200
-
650
550
230
То же, грузоподъемностью
71-100 т
ТО
500
12
2,5
9,5
-
6
Т
3000
320
3
160
157
70
К
36000
1300
-
700
600
240
То же, грузоподъемностью
101-250 т
ТО
1000
13
2,6
10,4
-
7
Т
4000
350
3,1
180
166,9
75
К
40000
1400
-
750
650
250
То же, грузоподъемностью
251-300 т
ТО
1000
14
2,7
11,3
-
7
Т
4000
370
3,2
185
181,8
80
К
40000
1500
-
800
700
260
Краны мостовые, грейферные
грузоподъемностью до 15 т
ТО
500
10
2
8
-
5
Т
2000
250
2,5
125
122,5
60
К
25000
1000
-
510
490
200
То же, грузоподъемностью
16-20 т
ТО
500
11
2,3
9,7
-
6
Т
2000
270
2,7
135
132,3
65
К
30000
1100
-
560
540
220
КРАНЫ КОНСОЛЬНЫЕ
 
 
 
 
 
 
 
Краны 
консольные 
(на
колонне, 
настенные,
велосипедные)
грузоподъемностью до 3 т
ТО
500
2
0,5
1,5
-
1
Т
2500
40
1
20
19
10
К
20000
180
-
100
80
30
То же, грузоподъемностью 3-
5 т
ТО
500
3
0,8
2,2
-
1,5
Т
2500
60
1,2
30
28,8
15
К
20000
250
-
130
120
40
ПОДЪЕМНИКИ
СТРОИТЕЛЬНЫЕ
МАЧТОВЫЕ
 
 
 
 
 
 
 
Грузоподъемностью 300 кг
ТО
100
0,9
0,4
0,5
-
0,9
Т
2000
13
0,6
10,4
2
6
То же, 500 кг
ТО
100
0,9
0,4
0,5
-
0,9
Т
2000
16
0,8
12,2
3
8
То же, 800 кг
ТО
100
1,0
0,5
0,5
-
1
Т
2000
20
1,0
15
4
10
ТАЛИ ЭЛЕКТРИЧЕСКИЕ
 
 
 
 
 
 
 
Грузоподъемностью 0,25-8 т
ТО
100
8
0,5
1,5
6
4
Т
1000
23
1
14
8
5
К
5000
80
-
50
30
8
ЛЕБЕДКИ
 
 
 
 
 
 
 
Лебедки с тяговым усилием
до 5 т
ТО
250
2
-
2
-
1
Т
1000
15
-
8
7
5
К
6000
125
-
70
55
25
То же, с тяговым усилием 6-
10 т
ТО
250
2,5
-
2,5
-
1,2
Т
1000
21
-
12
9
7
К
6000
150
-
80
70
30
То же, с тяговым усилием 11-
15 т
ТО
250
3,0
-
3,0
-
1,5
Т
1000
30
-
16
14
9
К
6000
180
-
100
80
35
СЪЕМНЫЕ
ГРУЗОЗАХВАТНЫЕ
ПРИСПОСОБЛЕНИЯ
 
 
 
 
 
 
 
Грузозахватное
приспособление 
(захват,
подхват, траверса, кондуктор
и т.п.) грузоподъемностью до
5 т
ТО
250
1
1
-
-
0,5
Т
2000
6
1
2
3
3",Data1_10_10855_index.pdf,7
Кто утверждает форму заявления о включении в перечень организаций розничной торговли?,"Форма заявления о включении в перечень организаций розничной торговли, указанный в абзаце первом 
настоящего пункта, порядок рассмотрения заявления о включении организации розничной торговли в 
указанный перечень и порядок исключения организации розничной торговли из указанного перечня 
утверждаются федеральным органом исполнительной власти, осуществляющим функции по выработке 
государственной политики и нормативно-правовому регулированию в области развития внешней и 
внутренней торговли.",Налоговый кодекс Российской Федерации.pdf,500
Какой порядок уведомления лица о проведении проверки таможенных документов и сведений после выпуска товаров?,"При проведении проверки таможенных, иных документов и (или) сведений в отношении 
таможенной декларации, документов, подтверждающих сведения, заявленные в таможенной 
декларации, сведений, заявленных в таможенной декларации и (или) содержащихся в 
представленных таможенным органам документах, начатой после выпуска товаров, либо в иных 
случаях применения данной формы таможенного контроля таможенный орган вправе запрашивать 
и получать документы и (или) сведения, необходимые для проведения таможенного контроля, в 
соответствии со статьей 340 настоящего Кодекса.",Таможенный кодекс Евразийского экономического союза.pdf,400
"Какая стоимость содержания рабочих, занятых на выполнении строительно-монтажных работ, включая механизаторов, указана в смете № 4.1 согласно ГОСТ МДС 81-21.2000?","МИНСТРОЙ РОССИИ
МЕТОДИЧЕСКИЕ РЕКОМЕНДАЦИИ
ПО ФОРМИРОВАНИЮ УКРУПНЕННЫХ ПОКАЗАТЕЛЕЙ БАЗОВОЙ СТОИМОСТИ
НА ВИДЫ РАБОТ И ПОРЯДКУ ИХ ПРИМЕНЕНИЯ
ДЛЯ СОСТАВЛЕНИЯ ИНВЕСТОРСКИХ СМЕТ
И ПРЕДЛОЖЕНИЙ ПОДРЯДЧИКА
(УПБС ВР)
МДС 81-18.2000
МОСКВА 1994
СОДЕРЖАНИЕ
1.",Data1_2_2079_index.pdf,1
В какие сроки должны быть устранены нарушения и сообщено об этом в суд?,"Арбитражный суд, рассматривающий дело в кассационной инстанции, не вправе 
устанавливать или считать доказанными обстоятельства, которые не были установлены в решении 
или постановлении либо были отвергнуты судом первой или апелляционной инстанции, 
предрешать вопросы о достоверности или недостоверности того или иного доказательства, 
преимуществе одних доказательств перед другими, о том, какая норма материального права 
должна быть применена и какое решение, постановление должно быть принято при новом 
рассмотрении дела.",Арбитражный процессуальный кодекс Российской Федерации.pdf,188
"В каких случаях трудовой договор прекращается, если невозможно перевести работника с его письменного согласия на другую имеющуюся у работодателя работу?","Выдача документов, связанных с работой, и их копий 
По письменному заявлению работника работодатель обязан не позднее трех рабочих дней со дня подачи 
этого заявления выдать работнику трудовую книжку (за исключением случаев, если в соответствии с 
настоящим Кодексом, иным федеральным законом трудовая книжка на работника не ведется) в целях его 
обязательного социального страхования (обеспечения), копии документов, связанных с работой (копии 
приказа о приеме на работу, приказов о переводах на другую работу, приказа об увольнении с работы; 
выписки из трудовой книжки (за исключением случаев, если в соответствии с настоящим Кодексом, иным 
федеральным законом трудовая книжка на работника не ведется); справки о заработной плате, о 
начисленных и фактически уплаченных страховых взносах на обязательное пенсионное страхование, о 
периоде работы у данного работодателя и другое).",Трудовой кодекс Российской Федерации.pdf,43
Кто должен направлять информацию о региональных и местных налогах в территориальные органы федерального органа исполнительной власти?,"Информация и копии законов, иных нормативных правовых актов об установлении, изменении и 
прекращении действия региональных и местных налогов направляются органами государственной власти 
субъектов Российской Федерации, органами местного самоуправления, органами публичной власти 
федеральной территории ""Сириус"" в территориальные органы федерального органа исполнительной 
власти, уполномоченного по контролю и надзору в области налогов и сборов, по соответствующему 
субъекту Российской Федерации и финансовые органы соответствующих субъектов Российской Федерации.",Налоговый кодекс Российской Федерации.pdf,23
Какие требования к неравномерности естественного освещения приведены в ГОСТ МДС 31-8.2002?,"· Залы для физкультурно-оздоровительных занятий и залы ванн бассейнов должны
иметь естественное освещение, проектируемое в соответствии с рекомендациями
пособий к СНиП 2.08.02-89* «Общественные здания и сооружения».",Data1_10_10847_index.pdf,36
Какое Положение о применении финансовых санкций Государственной жилищной инспекцией содержится в МДС 17-13.2000?,"электромеханиками, а также записей
о проведенной работе в журнале
«Приемка-сдача смен»
д) контролировать проведение
технических осмотров и ремонтов
лифтов работниками
специализированных организаций в
установленные сроки
ПОЛОЖЕНИЕ
о применении финансовых санкций Государственной жилищной инспекцией
1.",Data1_10_10861_index.pdf,36
Какие объекты не могут быть построены в границах зон затопления и подтопления?,"Виды зон с особыми условиями использования территорий 
Могут быть установлены следующие виды зон с особыми условиями использования территорий: 
1) зоны охраны объектов культурного наследия; 
2) защитная зона объекта культурного наследия; 
3) охранная зона объектов электроэнергетики (объектов электросетевого хозяйства и объектов по 
производству электрической энергии); 
4) охранная зона железных дорог; 
5) придорожные полосы автомобильных дорог; 
6) охранная зона трубопроводов (газопроводов, нефтепроводов и нефтепродуктопроводов, 
аммиакопроводов); 
7) охранная зона линий и сооружений связи; 
8) приаэродромная территория; 
9) зона охраняемого объекта; 
10) зона охраняемого военного объекта, охранная зона военного объекта, запретные и специальные зоны, 
устанавливаемые в связи с размещением указанных объектов; 
11) охранная зона особо охраняемой природной территории (государственного природного заповедника, 
национального парка, природного парка, памятника природы); 
12) охранная зона стационарных пунктов наблюдений за состоянием окружающей среды, ее загрязнением; 
13) водоохранная зона; 
14) прибрежная защитная полоса; 
15) округ санитарной (горно-санитарной) охраны лечебно-оздоровительных местностей, курортов и 
природных лечебных ресурсов; 
16) зоны санитарной охраны источников питьевого и хозяйственно-бытового водоснабжения, а также 
устанавливаемые в случаях, предусмотренных Водным кодексом Российской Федерации, в отношении 
подземных водных объектов зоны специальной охраны; 
17) зоны затопления и подтопления; 
18) санитарно-защитная зона; 
19) зона ограничений передающего радиотехнического объекта, являющегося объектом капитального 
строительства; 
20) охранная зона пунктов государственной геодезической сети, государственной нивелирной сети и 
государственной гравиметрической сети; 
21) зона наблюдения;",Земельный кодекс Российской Федерации.pdf,186
Что такое транспортное средство и какие виды транспортных средств существуют?,"Обязанность по уплате ввозных таможенных пошлин, налогов, специальных, 
антидемпинговых, компенсационных пошлин в отношении временно ввезенных транспортных 
средств международной перевозки у лиц, указанных в подпунктах 2 и 3 пункта 1 настоящей статьи, 
прекращается при передаче в установленном порядке временно ввезенного железнодорожного 
транспортного средства или перевозимых на железнодорожных транспортных средствах 
контейнеров другому железнодорожному перевозчику государства-члена, другому перевозчику 
при перевозке в рамках единого договора перевозки различными видами транспорта либо 
получателю в соответствии с договором перевозки при условии, что до такой передачи не наступил 
срок 
уплаты 
ввозных 
таможенных 
пошлин, 
налогов, 
специальных, 
антидемпинговых, 
компенсационных пошлин.",Таможенный кодекс Евразийского экономического союза.pdf,342
Какие особенности содержания дирекции при сооружении объектов за счет государственных централизованных капитальных вложений? (ГОСТ не указан),"Средства на содержание дирекции при сооружении объектов за счет
государственных централизованных капитальных вложений предусматриваются в сводном
сметном расчете стоимости строительства на весь период строительства в соответствии с
нормами его продолжительности и могут расходоваться в этих пределах.",Data1_1_1804_index.pdf,10
Какие исключения существуют для применения ГЭСН?,"Специальный инъектор для исследования водопроницаемости грунтов, за исключением нижней перфорированной части, имеет
такое же устройство, как и инъектор для химического закрепления песчаных грунтов (рис.",Data1_11_11295_index.pdf,40
"Какие условные однотипные обозначения и краски должны применяться для изображения элементов, повторяющихся на различных чертежах, согласно ГОСТ МДС 11-7.2000?","1998 г.) «Строительная теплотехника»
СНиП II-4-79* «Естественное и искусственное освещение»
СНиП II-23-81* «Стальные конструкции»
СНиП II-25-80* «Деревянные конструкции»
СНиП II-26-76 «Кровли»
СНиП 21-01-97* «Пожарная безопасность зданий и сооружений»
СНиП 23-01-99 «Строительная климатология»
СНиП 23-05-95 «Естественное и искусственное освещение»
СНиП 31.03-2001 «Производственные здания»
МГСН 2.06-99 «Естественное, искусственное и совмещенное освещение»
1.464.2-18 «Фонари зенитные с размерами светового проема 2,9×5,9 со стальными переплетами»
1.464.2-21 «Фонари зенитные с размерами светового проема 1,5×1,7 м со стальными переплетами»
1.464.2-25.93 «Фонари светоаэрационные одноярусные прямоугольные»
1.464.2-26.93 «Фонари зенитные длиной до 6 м стальные»
1.464.2-27.93 «Фонари ленточные длиной до 50 м стальные»
1.464.3-22 «Светоаэрационные фонари шириной 6 м и 12 м с одним ярусом переплетов из конструкций
серии 1.464-11/82»
1.464.3-28.94 «Фонари световые треугольные, устанавливаемые вдоль ската кровли производственных
зданий промышленных предприятий»
1.464-29.94 «Фонари зенитные с применением органического стекла»
1.464-11/82 «Светоаэрационные фонари с одним ярусом переплетов»
1.464-13/82 «Светоаэрационные фонари с двумя ярусами переплетов»
1.465.1-15 «Плиты железобетонные ребристые размером 3,0×12 м для покрытий одноэтажных
производственных зданий (с проемами в полке для зенитных фонарей)»
1.465.1-20 «Плиты железобетонные ребристые размером 1,5×6 м для покрытий одноэтажных
производственных зданий (с проемами в полке для зенитных фонарей)»
1.465.1-21 
«Плиты 
железобетонные 
ребристые 
размером 
3×6 
м 
для 
покрытий 
одноэтажных
производственных зданий (с проемами в полке для зенитных фонарей)»
3.",Data1_10_10846_index.pdf,3
Какие сроки давности привлечения к административной ответственности предусмотрены за нарушение законодательства о государственном регулировании деятельности по организации и проведению азартных игр?,"Комментарии к статьям на сайте 
https://koapkodeksrf.ru/ 
 
 
 
 
соревнования и проведении иных азартных игр), о выборах и референдумах, об участии в долевом 
строительстве многоквартирных домов и (или) иных объектов недвижимости, о противодействии 
легализации (отмыванию) доходов, полученных преступным путем, и финансированию терроризма (за 
исключением административных правонарушений, предусмотренных частью 4 статьи 15.27 и статьей 
15.27.3 настоящего Кодекса), об акционерных обществах, об обществах с ограниченной ответственностью, 
о рынке ценных бумаг, страхового законодательства, законодательства о клиринговой деятельности, об 
организованных торгах, об инвестиционных фондах, о негосударственных пенсионных фондах, 
законодательства Российской Федерации о кредитной кооперации, о сельскохозяйственной кооперации, о 
микрофинансовой деятельности и микрофинансовых организациях, о ломбардах, законодательства о 
противодействии неправомерному использованию инсайдерской информации и манипулированию 
рынком, законодательства Российской Федерации о национальной платежной системе, об открытии 
счетов, покрытых (депонированных) аккредитивов, о заключении договоров банковского счета и 
договоров банковского вклада (депозита) (в части административных правонарушений, предусмотренных 
статьей 15.39 настоящего Кодекса), а также за нарушение трудового законодательства, иммиграционных 
правил, правил пребывания (проживания) в Российской Федерации иностранных граждан и лиц без 
гражданства, правил привлечения к трудовой деятельности в Российской Федерации иностранных граждан 
и лиц без гражданства (в том числе иностранных работников), процедуры обязательных в соответствии с 
законодательством Российской Федерации торгов (в части административных правонарушений, 
предусмотренных статьей 7.32.4 настоящего Кодекса), порядка деятельности некоммерческой 
организации, выполняющей функции иностранного агента, законодательства в сфере государственного 
оборонного заказа (в части административных правонарушений, предусмотренных статьями 7.32.1 и 
14.6.1, частями 1, 2 и 2.1 статьи 14.55, статьями 14.55.1, 14.55.2, 15.37, 15.40, 15.40.1, 19.4.2, частью 7.1 
статьи 19.5, частью 2 статьи 19.7.2 настоящего Кодекса), о контрактной системе в сфере закупок товаров, 
работ, услуг для обеспечения государственных и муниципальных нужд (в части административных 
правонарушений, предусмотренных статьями 7.29 - 7.32, 7.32.5, частью 7 статьи 19.5, статьей 19.7.2 
настоящего Кодекса), законодательства Российской Федерации в сфере закупок товаров, работ, услуг 
отдельными видами юридических лиц (в части административных правонарушений, предусмотренных 
статьей 7.32.3, частью 7.2 статьи 19.5, статьей 19.7.2-1 настоящего Кодекса), об организации деятельности 
по продаже товаров (выполнению работ, оказанию услуг) на розничных рынках, об основах 
государственного регулирования торговой деятельности, в области производства и оборота этилового 
спирта, алкогольной и спиртосодержащей продукции, о пожарной безопасности, о промышленной 
безопасности, о безопасности гидротехнических сооружений, о градостроительной деятельности, о 
техническом регулировании, о собраниях, митингах, демонстрациях, шествиях и пикетированиях, о 
применении контрольно-кассовой техники, об оружии, об охране объектов культурного наследия 
(памятников истории и культуры) народов Российской Федерации, об исполнительном производстве, об 
иностранных инвестициях на территории Российской Федерации, о государственной регистрации 
юридических лиц и индивидуальных предпринимателей, о противодействии экстремистской деятельности 
(в части административных правонарушений, предусмотренных статьями 20.3.1, 20.3.2 настоящего 
Кодекса), а также за административные правонарушения против порядка управления (в части 
непредставления или несвоевременного представления в федеральный антимонопольный орган или его 
территориальный орган по их требованию сведений (информации), необходимых для расчета размера 
административного штрафа, либо представления в федеральный антимонопольный орган или его 
территориальный орган заведомо недостоверных сведений (информации), необходимых для расчета 
размера административного штрафа, либо непредставления или несвоевременного представления в 
таможенный орган статистической формы учета перемещения товаров либо представления в таможенный 
орган статистической формы учета перемещения товаров, содержащей недостоверные сведения, а также в 
части непредоставления или неполного предоставления демонстратором фильма, осуществляющим 
платный показ фильма в кинозале, информации в единую федеральную автоматизированную",Административный кодекс Российской Федерации.pdf,29
Как формируется перечень внутренних водных путей?,"Категории внутренних водных путей, определяющие для участков внутренних водных 
путей габариты судовых ходов и навигационно-гидрографическое обеспечение условий плавания 
судов, перечень судовых ходов, а также сроки работы средств навигационного оборудования и 
судоходных 
гидротехнических 
сооружений 
устанавливаются 
федеральным 
органом 
исполнительной власти, осуществляющим функции по оказанию государственных услуг и 
управлению государственным имуществом в сфере внутреннего водного транспорта, в 
соответствии с правилами содержания судовых ходов и судоходных гидротехнических 
сооружений, утвержденными федеральным органом исполнительной власти в области транспорта.",Кодекс внутреннего водного транспорта Российской Федерации.pdf,7
Какие объекты органов государственной власти и управления исключаются из графиков временного отключения электрической энергии согласно ГОСТ МДС 13-19.2001?,"N 530 настоящее постановление
признано утратившим силу
ПОЛОЖЕНИЕ
ОБ ОГРАНИЧЕНИИ ИЛИ ВРЕМЕННОМ ПРЕКРАЩЕНИИ
ПОДАЧИ ЭЛЕКТРИЧЕСКОЙ ЭНЕРГИИ (МОЩНОСТИ)
ПОТРЕБИТЕЛЯМ ПРИ ВОЗНИКНОВЕНИИ ИЛИ УГРОЗЕ
ВОЗНИКНОВЕНИЯ АВАРИИ В РАБОТЕ
СИСТЕМ ЭЛЕКТРОСНАБЖЕНИЯ
МДС 13-19.2001
Москва 2001
ПОСТАНОВЛЕНИЕ ПРАВИТЕЛЬСТВА РОССИЙСКОЙ ФЕДЕРАЦИИ
Об утверждении Положения об ограничении или временном
прекращении подачи электрической энергии (мощности)
потребителям при возникновении или угрозе
возникновения аварии в работе
систем электроснабжения
В целях обеспечения устойчивой работы систем электроснабжения при
возникновении или угрозе возникновения аварии и регламентации взаимоотношений
энергоснабжающих организаций и потребителей по вопросам режима потребления
электрической энергии Правительство Российской Федерации постановляет:
1.",Data1_10_10853_index.pdf,1
Что входит в правовое регулирование трудовых отношений по подготовке и дополнительному профессиональному образованию работников?,"Комментарии к статьям на сайте 
https://tkodeksrf.ru/ 
  
 
Исходя из общепризнанных принципов и норм международного права и в соответствии с Конституцией 
Российской Федерации основными принципами правового регулирования трудовых отношений и иных 
непосредственно связанных с ними отношений признаются: 
свобода труда, включая право на труд, который каждый свободно выбирает или на который свободно 
соглашается, право распоряжаться своими способностями к труду, выбирать профессию и род 
деятельности; 
запрещение принудительного труда и дискриминации в сфере труда; 
защита от безработицы и содействие в трудоустройстве; 
обеспечение права каждого работника на справедливые условия труда, в том числе на условия труда, 
отвечающие требованиям безопасности и гигиены, права на отдых, включая ограничение рабочего 
времени, предоставление ежедневного отдыха, выходных и нерабочих праздничных дней, оплачиваемого 
ежегодного отпуска; 
равенство прав и возможностей работников; 
обеспечение права каждого работника на своевременную и в полном размере выплату справедливой 
заработной платы, обеспечивающей достойное человека существование для него самого и его семьи, и не 
ниже установленного федеральным законом минимального размера оплаты труда; 
обеспечение равенства возможностей работников без всякой дискриминации на продвижение по работе с 
учетом производительности труда, квалификации и стажа работы по специальности, а также на подготовку 
и дополнительное профессиональное образование; 
обеспечение права работников и работодателей на объединение для защиты своих прав и интересов, 
включая право работников создавать профессиональные союзы и вступать в них, право работодателей 
создавать объединения работодателей и вступать в них; 
обеспечение права работников на участие в управлении организацией в предусмотренных законом 
формах; 
сочетание государственного и договорного регулирования трудовых отношений и иных непосредственно 
связанных с ними отношений; 
социальное партнерство, включающее право на участие работников, работодателей, их объединений в 
договорном регулировании трудовых отношений и иных непосредственно связанных с ними отношений; 
обязательность возмещения вреда, причиненного работнику в связи с исполнением им трудовых 
обязанностей; 
установление государственных гарантий по обеспечению прав работников и работодателей, 
осуществление государственного контроля (надзора) за их соблюдением; 
обеспечение права каждого на защиту государством его трудовых прав и свобод, включая судебную 
защиту; 
обеспечение права на разрешение индивидуальных и коллективных трудовых споров, а также права на 
забастовку в порядке, установленном настоящим Кодексом и иными федеральными законами; 
обязанность сторон трудового договора соблюдать условия заключенного договора, включая право 
работодателя требовать от работников исполнения ими трудовых обязанностей и бережного отношения к",Трудовой кодекс Российской Федерации.pdf,1
Какие работы следует провести для влажной уборки помещения чердака согласно ГОСТ МДС 13-18.2000?,"В зданиях с теплым чердаком следует осуществлять влажную уборку помещения
чердака с очисткой сеток на выпуске воздуха из вентиляционных оголовков.",Data1_10_10852_index.pdf,25
"Что означает возможность таможенного декларирования товаров, незаконно перемещенных через таможенную границу Союза?","Товары для личного пользования, перемещаемые через таможенную границу Союза, 
которые не подлежат таможенному декларированию и в отношении которых предоставляется 
возможность совершения таможенных операций, не покидая транспортные средства, считаются 
выпущенными в свободное обращение или выпущенными для вывоза с момента завершения в 
отношении таких товаров проведения таможенного контроля в местах прибытия или убытия.",Таможенный кодекс Евразийского экономического союза.pdf,306
Какие услуги включены в пункт 4 перечня продукции и услуг проектного института согласно ГОСТ МДС 11-11.2000?,"П Р И Л ОЖ Е Н И Е  1
ПЕРЕЧЕНЬ НОРМАТИВНО-МЕТОДИЧЕСКИХ ДОКУМЕНТОВ,
ИСПОЛЬЗУЕМЫХ ПРИ СОСТАВЛЕНИИ СМЕТ НА ПУСКОНАЛАДОЧНЫЕ
РАБОТЫ БАЗИСНО-ИНДЕКСНЫМ И РЕСУРСНЫМ МЕТОДАМИ
(по состоянию на 01.01.97 г.)
№
п/п
Наименование документа
Данные о введении в
действие
1
2
3
1
Свод правил по определению стоимости строительства в составе
предпроектной и проектно-сметной документации (СП 81-01-94)
Письмо Минстроя России от
29.12.94 № ВБ-12-276
2
Порядок 
определения 
стоимости 
строительства 
и 
свободных
(договорных) цен на строительную продукцию в условиях развития
рыночных отношений
Письмо Госстроя России от
29.12.93 № 12-349
3
Методические 
рекомендации 
по 
определению 
стоимости
строительства и свободных (договорных) цен на строительную
продукцию в условиях развития рыночных отношений
Письмо Минстроя России от
10.11.92 № БФ-926/12
4
Методические основы определения потребности в материалах,
конструкциях и изделиях в составе рабочей документации на
строительство
Письмо Минстроя России от
18.11.92 № БФ-958/12
5
Методические рекомендации по расчету величины накладных
расходов при определении стоимости строительной продукции
Письмо Минстроя России от
30.10.92 № БФ-907/12
6
Методические рекомендации по определению величины сметной
прибыли при формировании свободных цен на строительную
продукцию
Письмо Минстроя России от
30.10.92 № БФ-906/12
7
Методические рекомендации по определению затрат на строительство
временных зданий и сооружений, дополнительных затрат при
производстве строительно-монтажных работ в зимнее время, затрат на
содержание заказчика-застройщика и технического надзора, прочих
работ и затрат при определении стоимости строительной продукции
Письмо Минстроя России от
03.11.92 № БФ-925/12",Data1_10_10864_index.pdf,13
"Какие действия должен предпринять специалист, если ему известно, что коллега недостаточно профессионально образован, ответственен и не имеет достаточных навыков и практического опыта для выполнения соответствующих функций, работ или услуг согласно ГОСТ?","Специалист не должен допускать дискредитации профессии за счет некачественного
выполнения работ или невыполнения обязательств, которые могут привести к
нанесению материального и морального вреда обществу, государству, заказчику и
пользователям научно-технической и строительной продукции.",Data1_10_10851_index.pdf,3
Что допускается без согласия автора или иного правообладателя и без выплаты вознаграждения в целях создания пародий и карикатур?,"Лицо, правомерно владеющее экземпляром программы для ЭВМ или экземпляром базы данных 
(пользователь), вправе без разрешения автора или иного правообладателя и без выплаты 
дополнительного вознаграждения: 
1) осуществлять действия, необходимые для функционирования программы для ЭВМ или базы данных (в 
том числе в ходе использования в соответствии с их назначением), включая запись и хранение в памяти 
ЭВМ (одной ЭВМ или одного пользователя сети), внесение в программу для ЭВМ или базу данных 
изменений исключительно в целях их функционирования на технических средствах пользователя, 
исправление явных ошибок, если иное не предусмотрено договором с правообладателем; 
2) изготовить копию программы для ЭВМ или базы данных при условии, что эта копия предназначена 
только для архивных целей или для замены правомерно приобретенного экземпляра в случаях, когда 
такой экземпляр утерян, уничтожен или стал непригоден для использования.",Гражданский кодекс Российской Федерации.pdf,532
Какие материалы используются для гидроизоляции полов рубероидом согласно СНиП?,"Для наклейки плиток
можно применять мастики
битумно-силикатную,
известковолатексную,
цементно-
поливинилацетатную, слой
мастики 2 - 3 мм
СНиП 2.08.01-89 Выявлены промерзания
стен, наледь вдоль
Влажность материалов по
СНиП II-3-79** 1991 г.:
Устранить причины
увлажнения, привести в",Data1_10_10861_index.pdf,16
Какой вид исправительного учреждения и режим должны быть определены подсудимому при назначении ему наказания в виде лишения свободы?,"Комментарии к статьям на сайте 
https://upkodeksrf.ru/ 
 
 
 
 
 
3) пункт, часть, статья Уголовного кодекса Российской Федерации, предусматривающие ответственность за 
преступление, в совершении которого подсудимый признан виновным; 
4) вид и размер наказания, назначенного подсудимому за каждое преступление, в совершении которого он 
признан виновным; 
5) окончательная мера наказания, подлежащая отбытию на основании статей 69 - 72 Уголовного кодекса 
Российской Федерации; 
6) вид исправительного учреждения, в котором должен отбывать наказание осужденный к лишению 
свободы, и режим данного исправительного учреждения; 
7) длительность испытательного срока при условном осуждении и обязанности, которые возлагаются при 
этом на осужденного; 
8) решение о дополнительных видах наказания в соответствии со статьей 45 Уголовного кодекса 
Российской Федерации; 
9) решение о зачете времени предварительного содержания под стражей, если подсудимый до 
постановления приговора был задержан, или к нему применялись меры пресечения в виде заключения 
под стражу, домашнего ареста, запрета определенных действий, предусмотренного пунктом 1 части 
шестой статьи 105.1 настоящего Кодекса, или он помещался в медицинскую организацию, оказывающую 
медицинскую помощь в стационарных условиях, или в медицинскую организацию, оказывающую 
психиатрическую помощь в стационарных условиях; 
10) решение о мере пресечения в отношении подсудимого до вступления приговора в законную силу; 
11) решение о порядке следования осужденного к месту отбывания наказания в случае назначения ему 
отбывания лишения свободы в колонии-поселении; 
12) ограничения, которые устанавливаются для осужденного к наказанию в виде ограничения свободы.",Уголовно-процессуальный кодекс Российской Федерации.pdf,197
"Какие расходы по услугам, оказываемым Торгпредством Российской Федерации в стране пребывания, учитываются в период пребывания за границей?","1
2
3
4
5
6
 
 
ПЕРИОД ПРЕБЫВАНИЯ ЗА ГРАНИЦЕЙ
 
 
 
12
Расчет №Суточные за время пребывания за границей
-
+
+
13
Расчет №Квартирные за время пребывания за границей
-
+
+
14
Расчет №Заработная плата за время пребывания за
границей
+
-
+
15
Расчет №Страховые 
взносы 
в 
фонды 
Российской
Федерации 
(Пенсионный 
фонд, 
Фонд
социального 
страхования, 
Государственный
фонд 
занятости 
населения, 
фонды
обязательного медицинского страхования) по
пункту 14
+
-
+
16
Расчет №Расходы по найму автотранспорта
-
+
+
17
Расчет №Расходы по проезду железной дорогой или
автотранспортом в стране пребывания
-
+
+
18
Расчет №Расходы 
по 
услугам, 
оказываемым
Торгпредством Российской Федерации в стране
пребывания
-
+
+
 
 
Итого:
+
+
+
 
 
ВОЗВРАЩЕНИЕ В МОСКВУ
 
 
 
19
Расчет №Проезд из страны пребывания в Москву
-
+
+
20
Расчет №Суточные за время нахождения в пути после
пересечения государственной границы
+
-
+
21
Расчет №Заработная плата за время нахождения в пути
после пересечения государственной границы
+
-
+
22
Расчет №Проезд 
в 
Москве 
от 
аэропорта 
или
железнодорожной станции
+
-
+
23
Расчет №Страховые 
взносы 
в 
фонды 
Российской
Федерации 
(Пенсионный 
фонд, 
Фонд
социального 
страхования, 
Государственный
фонд 
занятости 
населения, 
фонды
обязательного медицинского страхования) по
пункту 21
+
-
+
 
 
Итого:
+
+
+
 
 
ВОЗВРАЩЕНИЕ ИНОГОРОДНИХ
СПЕЦИАЛИСТОВ ОТ МОСКВЫ ДО
ПОСТОЯННОГО МЕСТА ЖИТЕЛЬСТВА
 
 
 
24
Расчет №Проезд от Москвы до постоянного места
жительства
+
-
+
25
Расчет №
Заработная плата за время нахождения в
Москве и в пути до постоянного места
жительства
+
-
+
26
Расчет №Суточные за время нахождения в Москве и в
пути
+
-
+
27
Расчет №Квартирные за время нахождения в Москве
+
-
+
28
Расчет №
Страховые 
взносы 
в 
фонды 
Российской
Федерации 
(Пенсионный 
фонд, 
Фонд
социального 
страхования, 
Государственный
фонд 
занятости 
населения, 
фонды
обязательного медицинского страхования) по
пункту 25
+
-
+
 
 
Итого:
+
-
+
 
 
Всего по смете:
+
+
+
Составил _____________________________________________________________
должность, подпись (инициалы, фамилия)
Проверил _____________________________________________________________
должность, подпись (инициалы, фамилия)
Примечание: 1.",Data1_2_2082_index.pdf,23
Какие работы по смене ветхих венцов бревенчатых или брусчатых стен (до 20% общей поверхности стен) описаны в ГОСТ МДС 14-13.2000?,"Вид работы
Индекс
Устройство 
покрытий 
из 
чугунных 
и 
стальных 
штампованных 
плиток, 
монтаж
металлоконструкций фальшполов
79,5
Устройство покрытий из торцевой шашки
56,0
Устройство полов бесшовных, полиэфирных, полимерцементных, поливинилацетатных
91,1
Монтаж каркасов подвесных потолков с подвесками и деталями крепления
88,8
Монтаж подвесных потолков комбинированных с облицовкой алюминиевыми листами
75,6
Штукатурка по камню и бетону поверхностей фасадов и внутри зданий
128,8
Окраска поверхностей красками
149,7
Окраска поверхностей лаками
75,6
Окраска поверхностей эмалями, масляными красками
115,4
Облицовка поверхностей стен, столбов, пилястр, откосов керамическими плитками
89,6
Обшивка каркасов стен плитами древесно-стружечными
60,3
Обшивка стен и потолков древесно-стружечными плитами с декоративной отделкой
80,7
Обшивка поверхностей гипсовыми, гипсоволокнистыми плитами, листом
112,3
Обшивка поверхностей акустическими плитами
126,7
Теплоизоляция поверхностей плитами и блоками
46,5
Обивка стен, потолков, дверей кровельной сталью с прокладкой асбеста
105,8
Экранирование помещений стальными листами и сеткой
177,2
Обшивка поверхностей досками
68,8
СОДЕРЖАНИЕ
1.",Data1_2_2075_index.pdf,17
Какие действия может дознаватель обжаловать?,"Комментарии к статьям на сайте 
https://upkodeksrf.ru/ 
 
 
 
 
 
12) знакомиться по окончании предварительного расследования со всеми материалами уголовного дела и 
выписывать из уголовного дела любые сведения и в любом объеме; 
13) снимать за свой счет копии с материалов уголовного дела, в том числе с помощью технических средств; 
14) приносить жалобы на действия (бездействие) и решения дознавателя, начальника подразделения 
дознания, начальника органа дознания, органа дознания, следователя, прокурора и суда и принимать 
участие в их рассмотрении судом; 
15) возражать против прекращения уголовного дела по основаниям, предусмотренным частью второй 
статьи 27 настоящего Кодекса; 
16) участвовать в судебном разбирательстве уголовного дела в судах первой, второй, кассационной и 
надзорной инстанций, а также в рассмотрении судом вопроса об избрании в отношении его меры 
пресечения и в иных случаях, предусмотренных пунктами 1-3 и 10 части второй статьи 29 настоящего 
Кодекса; 
17) знакомиться с протоколом и аудиозаписью судебного заседания и подавать замечания на них; 
18) обжаловать приговор, определение, постановление суда и получать копии обжалуемых решений; 
19) получать копии принесенных по уголовному делу жалоб и представлений и подавать возражения на 
эти жалобы и представления; 
20) участвовать в рассмотрении вопросов, связанных с исполнением приговора; 
21) защищаться иными средствами и способами, не запрещенными настоящим Кодексом.",Уголовно-процессуальный кодекс Российской Федерации.pdf,40
На какие территории разрабатывается региональная схема расселения? (ГОСТ МДС 11-7.2000),"СИСТЕМА НОРМАТИВНЫХ ДОКУМЕНТОВ В СТРОИТЕЛЬСТВЕ
РУКОВОДЯЩИЙ ДОКУМЕНТ
ИНСТРУКЦИЯ
о составе, порядке разработки, согласования и утверждения
градостроительной документации
МДС 11-7.2000
Государственный комитет Российской Федерации
по вопросам архитектуры и строительства
(Госстрой России)
СОДЕРЖАНИЕ
1.",Data1_1_1904_index.pdf,1
Какие расходы на питание работников учитывается при определении объекта налогообложения?,"Комментарии к статьям на сайте
https://nkodeksrf.ru/
15) право на применение инвестиционного налогового вычета в отношении расходов налогоплательщика, 
указанных в подпункте 6 пункта 2 настоящей статьи, применительно к объектам амортизируемого 
имущества, амортизация по которым учитывается в составе указанных расходов, и (или) работникам, 
расходы на оплату труда которых учитываются в составе указанных расходов, относящимся к организации 
или ее обособленным подразделениям, расположенным на территории этого субъекта Российской 
Федерации; 
16) предельный размер расходов на научные исследования и (или) опытно-конструкторские разработки, 
учитываемых при определении инвестиционного налогового вычета; 
17) категории налогоплательщиков, которым предоставляется (не предоставляется) право на применение 
инвестиционного налогового вычета, предусмотренное подпунктом 15 настоящего пункта; 
18) виды научных исследований и (или) опытно-конструкторских разработок, в отношении расходов на 
осуществление которых налогоплательщикам предоставляется (не предоставляется) право на применение 
инвестиционного налогового вычета, предусмотренное подпунктом 15 настоящего пункта; 
23) право на применение инвестиционного налогового вычета в отношении расходов налогоплательщика, 
указанных в подпункте 8 пункта 2 настоящей статьи.",Налоговый кодекс Российской Федерации.pdf,1126
Какие виды технического обслуживания и ремонта предусмотрены для железнодорожных кранов?,"Вид кранов
Вид
технического
обслуживания
и ремонта
Периодичность
выполнения
технического
обслуживания и
ремонта, ч
Трудоемкость выполнения одного технического
обслуживания и ремонта, чел.-ч
Продолжительность
выполнения, ч
Всего
В том числе по видам работ
диагностические слесарные
прочие
То же, грузоподъемностью 6-
15 т
ТО
250
2
2
-
-
1
Т
2000
10
2
3
5
4
КРАНОВЫЙ РЕЛЬСОВЫЙ
ПУТЬ
 
 
 
 
 
 
 
На открытом воздухе, на 100
м
ТО
500
2
0,5
0,5
1
1
Т
6000
15
2,0
3
10
5
То же, в зданиях
ТО
1000
4
1
1
2
2
Т
10000
12
1
3
8
5",Data1_10_10855_index.pdf,8
"Какая ответственность возлагается на лицо, выпустившее бездокументарную ценную бумагу, и лицо, осуществляющее учет прав на такие ценные бумаги, за убытки, причиненные в результате нарушения порядка учета прав?","Информация о восстановлении данных учета прав на бездокументарные ценные бумаги опубликовывается 
для всеобщего сведения в средствах массовой информации, в которых подлежат опубликованию сведения 
о банкротстве, на основании решения суда за счет лица, осуществлявшего этот учет на момент утраты 
учетных записей, удостоверявших права на бездокументарные ценные бумаги.",Гражданский кодекс Российской Федерации.pdf,101
Какой индекс изменения стоимости СМР был в Кировской области в IV кв. 1992 г. по сравнению с базисным уровнем на 01.01.91 согласно МДС 81-9.2000?,"На основе приводимой стоимости показателей для анализируемого периода рассчитываются индексы изменения
стоимости строительно-монтажных работ по отношению к базисному уровню (на 01.01.91) 3.",Data1_2_2117_index.pdf,1
Какой разряд зрительной работы установлен для помещений для работы с видеоматериалами согласно ГОСТ МДС 31-8.2002?,"Вид здания
Характеристика зрительной работы
Наименьший
размер объекта
различения, мм
Разряд
зрительной
работы
Подразряд
зрительной
работы
Нормируемое значение КЕО,
ен, %
при
естественном
освещении
при
совмещенном
освещении
при 
высокой 
насыщенности
помещений светом
Г
-
3,0
1,8
при нормальной насыщенности
помещений светом
Д
-
2,5
1,5
при 
низкой 
насыщенности
помещений светом
Е
-
2,0
1,2
Общая 
ориентировка 
в
пространстве интерьера и зонах
передвижения 
при 
большом 
и
малом скоплении людей
То же
Ж
-
Не регламентируется
З
-
Производственные
Наивысшей точности
Менее 0,15
I
-
-
6,0
Очень высокой точности
От 0,15 до 0,30
II
-
-
4,2
Высокой точности
От 0,30 до 0,50
III
-
-
3,0
Средней точности
Свыше 0,5 до 1,0
IV
-
4,0
2,4
Малой точности и грубая (очень
малой 
точности) 
работа 
со
светящимися изделиями в горячих
цехах
Свыше 1,0
V, VI, VII
-
3,0
1,8
Общее 
наблюдение 
за 
ходом
производственного процесса:
 
 
 
 
 
постоянное
 
VIII
-
3
1,8
периодическое при постоянном
пребывании людей в помещении
 
 
 
1
0,7
периодическое 
при
непостоянном пребывании людей в
помещении
 
 
 
0,7
0,5
общее 
наблюдение 
за
инженерными коммуникациями
 
 
 
0,3
0,2
* Относительная продолжительность зрительной работы, %.",Data1_10_10846_index.pdf,13
Какие показатели включены в информацию о канализации согласно ГОСТ МДС 11-7.2000?,"МИНСТРОЙ РОССИИ
МЕТОДИЧЕСКИЕ УКАЗАНИЯ
ПО СОСТАВЛЕНИЮ И ОФОРМЛЕНИЮ
КАТАЛОЖНЫХ ЛИСТОВ ПРОЕКТНОЙ ДОКУМЕНТАЦИИ
МАССОВОГО ПРИМЕНЕНИЯ,
ВКЛЮЧАЕМОЙ ВО 2-ю и 3-ю ЧАСТИ
СТРОИТЕЛЬНОГО КАТАЛОГА
МДС 11-9.2000
МОСКВА 1995
РАЗРАБОТАНЫ Государственным предприятием - Центр проектной продукции
массового применения
СОГЛАСОВАНЫ с Главным Управлением проектирования и инженерных
изысканий Минстроя России.",Data1_10_10849_index.pdf,1
Как расширяется набор основных и вспомогательных помещений в физкультурно-оздоровительных сооружениях согласно МДС 35-7.2000?,"Мезенцева
РЕКОМЕНДАЦИИ
ПО ПРОЕКТИРОВАНИЮ
ОКРУЖАЮЩЕЙ СРЕДЫ, ЗДАНИЙ И СООРУЖЕНИЙ
С УЧЕТОМ ПОТРЕБНОСТЕЙ ИНВАЛИДОВ И ДРУГИХ
МАЛОМОБИЛЬНЫХ ГРУПП НАСЕЛЕНИЯ
МДС 35-7.2000
Выпуск 13
ОБЩЕСТВЕННЫЕ ЗДАНИЯ И СООРУЖЕНИЯ.",Data1_10_10847_index.pdf,1
Какие меры принимаются для обеспечения контроля за использованием и сохранностью жилищного фонда?,"Комментарии к статьям на сайте 
https://jkodeksrf.ru/ 
 
 
 
 
общего имущества в многоквартирных домах (далее - региональный оператор), в том числе разработка 
методических рекомендаций по созданию региональных операторов и обеспечению их деятельности, 
рекомендуемых форм отчетности и порядка ее представления; 
16.6) осуществление мониторинга выбора и реализации собственниками помещений в многоквартирном 
доме способа формирования фонда капитального ремонта; 
16.7) установление порядка ведения сводного федерального реестра лицензий на осуществление 
предпринимательской деятельности по управлению многоквартирными домами, включающего в себя 
сведения о лицензиях на осуществление данной деятельности, предоставленных органами 
исполнительной власти субъектов Российской Федерации, осуществляющими региональный 
государственный жилищный надзор, а также иных предусмотренных частью 1 статьи 195 настоящего 
Кодекса реестров; 
16.8) установление порядка осуществления контроля за соблюдением органами исполнительной власти 
субъектов Российской Федерации, осуществляющими региональный государственный жилищный надзор, 
требований настоящего Кодекса и Федерального закона от 4 мая 2011 года N 99-ФЗ ""О лицензировании 
отдельных видов деятельности"" к лицензированию деятельности по управлению многоквартирными 
домами; 
17) осуществление контроля за использованием и сохранностью жилищного фонда Российской Федерации, 
соответствием жилых помещений данного фонда установленным санитарным и техническим правилам и 
нормам, иным требованиям законодательства; 
17.1) установление порядка осуществления общественного жилищного контроля; 
17.2) установление порядка согласования назначения на должность и освобождения от должности 
руководителя органа исполнительной власти субъекта Российской Федерации, осуществляющего 
региональный государственный жилищный надзор; 
17.3) установление порядка назначения на должность и освобождения от должности главного 
государственного жилищного инспектора Российской Федерации; 
18) иные вопросы, отнесенные к полномочиям органов государственной власти Российской Федерации в 
области жилищных отношений Конституцией Российской Федерации, настоящим Кодексом, другими 
федеральными законами.",Жилищный кодекс Российской Федерации.pdf,7
Какие меры поощрения могут применять начальники отрядов?,"Начальники отрядов имеют право применять следующие меры поощрения: 
а) благодарность; 
б) разрешение дополнительно расходовать деньги на покупку продуктов питания и 
предметов первой необходимости; 
в) досрочное снятие взыскания, ранее наложенного начальником отряда.",Уголовно-исполнительный кодекс Российской Федерации.pdf,69
"Когда подлежит исполнению обязанность по уплате ввозных таможенных пошлин, налогов при единовременной уплате?","Обязанность по уплате ввозных таможенных пошлин, налогов, специальных, 
антидемпинговых, компенсационных пошлин в отношении товаров, помещаемых (помещенных) 
под таможенную процедуру таможенного склада, прекращается у лиц, указанных в пунктах 2 и 3 
настоящей статьи, при наступлении следующих обстоятельств: 
1) помещение товаров, в отношении которых действие таможенной процедуры таможенного 
склада прекращено, под таможенные процедуры в соответствии с пунктом 7 статьи 129 настоящего 
Кодекса; 
2) исполнение обязанности по уплате ввозных таможенных пошлин, налогов, специальных, 
антидемпинговых, компенсационных пошлин и (или) их взыскание в размерах, исчисленных и 
подлежащих уплате в соответствии с пунктом 7 настоящей статьи; 
3) признание таможенным органом в соответствии с законодательством государств-членов о 
таможенном регулировании факта уничтожения и (или) безвозвратной утраты иностранных 
товаров вследствие аварии или действия непреодолимой силы либо факта безвозвратной утраты 
этих товаров в результате естественной убыли при нормальных условиях перевозки 
(транспортировки) и (или) хранения, за исключением случаев, когда до таких уничтожения или 
безвозвратной утраты в соответствии с настоящим Кодексом в отношении этих иностранных 
товаров 
наступил 
срок 
уплаты 
ввозных 
таможенных 
пошлин, 
налогов, 
специальных, 
антидемпинговых, компенсационных пошлин; 
4) отказ в выпуске товаров в соответствии с таможенной процедурой таможенного склада - в 
отношении обязанности по уплате ввозных таможенных пошлин, налогов, специальных, 
антидемпинговых, компенсационных пошлин, возникшей при регистрации декларации на товары; 
5) отзыв декларации на товары в соответствии со статьей 113 настоящего Кодекса и (или) 
аннулирование выпуска товаров в соответствии с пунктом 4 статьи 118 настоящего Кодекса -в 
отношении обязанности по уплате ввозных таможенных пошлин, налогов, специальных,",Таможенный кодекс Евразийского экономического союза.pdf,185
"Какая номенклатура используется для составления сводного расчета затрат российских организаций в смешанных ценах, согласно ГОСТ МДС 81-21.2000?","Сводный сметный расчет стоимости строительства в смешанных ценах
Приложение 1 Перечень действующих нормативных документов Госстроя России, на
основании которых определяется стоимость строительства в Российской Федерации
Приложение 2 Перечень прочих работ и затрат, учитываемых в главе 9 сводного
сметного расчета (сводного расчета) стоимости строительства во внутренних ценах
Российской Федерации
Приложение 3 Сводный сметный расчет   стоимости строительства в смешанных
ценах
Приложение 4 Номенклатура сводного сметного расчета стоимости строительства в
смешанных ценах
Приложение 5 Расчет по определению сметной стоимости в смешанных ценах по
объемам работ (затрат), выполняемым российскими организациями
Приложение 6 Расчет по определению разницы в стоимости материальных ресурсов,
поставляемых из-за границы взамен изготавливаемых в Российской Федерации
Приложение 6.1 Пояснения по составлению Расчета по определению разницы в
стоимости 
материальных 
ресурсов, 
поставляемых 
из-за 
границы 
взамен
изготавливаемых в Российской Федерации, по форме № 3 (прил.",Data1_2_2082_index.pdf,30
Какие знаки предназначены для заложения в капитальные сооружения в Приложении 5 к СНиП 3.01.03-84?,"В тех случаях, когда точность построения внешней разбивочной сети здания
(сооружения) 
не 
регламентирована 
допусками 
СНиП 
3.01.03-84, 
выполняют
индивидуальный расчет исходя из требований точности построения минимального
межосевого размера данного сооружения, при этом можно пользоваться таблицей или
графиком, приведенными в прил.",Data1_11_11285_index.pdf,4
Какие затраты учитываются при использовании метода оценки на основе сложения стоимости согласно статье 23?,"МЕТОД НА ОСНОВЕ СЛОЖЕНИЯ СТОИМОСТИ
При использовании метода оценки на основе сложения стоимости в качестве основы для
определения таможенной стоимости товара принимается цена товара, рассчитанная путем сложения:
а) стоимости материалов и издержек, понесенных изготовителем в связи с производством
оцениваемого товара;
б) общих затрат, характерных для продажи в Российскую Федерацию из страны вывоза товаров
того же вида, в том числе расходов на транспортировку, погрузочные и разгрузочные работы,
страхование до места пересечения таможенной границы Российской Федерации и иных затрат;
в) прибыли, обычно получаемой экспортером в результате поставки в Российскую Федерацию
таких товаров.",Data1_2_2082_index.pdf,21
На каких условиях товарищество собственников жилья может получить кредиты от банков?,"Решение о разделении товарищества может быть принято на 
общем собрании его членов большинством голосов членов товарищества от числа голосов членов 
товарищества, присутствующих на его общем собрании, при условии согласия на такое разделение общего 
собрания собственников помещений в каждом многоквартирном доме, решение о котором принято 
большинством голосов от общего числа голосов собственников помещений в каждом многоквартирном 
доме в течение двух лет с момента проведения общего собрания собственников помещений в 
многоквартирном доме, собственники помещений в котором инициировали такое разделение.",Жилищный кодекс Российской Федерации.pdf,106
"Как должна соответствовать номенклатура оборудования и видов работ, включаемая в сборники РСН, номенклатуре сборников расценок на монтаж оборудования (СНиП 4.06-91)?","Территориальные коэффициенты к федеральным единичным расценкам на
монтаж оборудования разрабатываются по видам работ применительно к сборникам
ФЕРм и в соответствии со сложившейся специализацией подрядных организаций:
электромонтажные работы; теплоэнергетическое оборудование; компрессорные
установки, насосы и вентиляторы; технологическое оборудование предприятий
соответствующей отрасли и т.д.",Data1_10_10754_index.pdf,16
Какие действия могут быть совершены бесплатно при государственной регистрации актов гражданского состояния для физических лиц?,"При таможенном декларировании вывозимых с таможенной территории Союза гробов с 
телами (останками) и урн с прахом (пеплом) умерших представляются следующие документы: 
1) свидетельство о смерти, выдаваемое отделами записи актов гражданского состояния в 
порядке, установленном для регистрации актов гражданского состояния в государствах-членах, 
либо медицинское свидетельство о смерти, либо нотариально заверенные копии указанных 
документов, а при отсутствии таких документов в связи с давностью захоронения - иные 
документы, позволяющие идентифицировать вывозимые останки; 
2) заключение в произвольной форме местных органов государственного санитарного 
надзора о возможности проведения эксгумации в случае перезахоронения; 
3) акт (справка) в произвольной форме специализированной организации, осуществлявшей 
ритуальные услуги по запайке цинковых гробов, с указанием, что в них отсутствуют посторонние",Таможенный кодекс Евразийского экономического союза.pdf,303
Какие услуги включены в пункт 1 перечня продукции и услуг проектного института согласно ГОСТ МДС 11-11.2000?,"П Р И Л ОЖ Е Н И Е  1
ПЕРЕЧЕНЬ НОРМАТИВНО-МЕТОДИЧЕСКИХ ДОКУМЕНТОВ,
ИСПОЛЬЗУЕМЫХ ПРИ СОСТАВЛЕНИИ СМЕТ НА ПУСКОНАЛАДОЧНЫЕ
РАБОТЫ БАЗИСНО-ИНДЕКСНЫМ И РЕСУРСНЫМ МЕТОДАМИ
(по состоянию на 01.01.97 г.)
№
п/п
Наименование документа
Данные о введении в
действие
1
2
3
1
Свод правил по определению стоимости строительства в составе
предпроектной и проектно-сметной документации (СП 81-01-94)
Письмо Минстроя России от
29.12.94 № ВБ-12-276
2
Порядок 
определения 
стоимости 
строительства 
и 
свободных
(договорных) цен на строительную продукцию в условиях развития
рыночных отношений
Письмо Госстроя России от
29.12.93 № 12-349
3
Методические 
рекомендации 
по 
определению 
стоимости
строительства и свободных (договорных) цен на строительную
продукцию в условиях развития рыночных отношений
Письмо Минстроя России от
10.11.92 № БФ-926/12
4
Методические основы определения потребности в материалах,
конструкциях и изделиях в составе рабочей документации на
строительство
Письмо Минстроя России от
18.11.92 № БФ-958/12
5
Методические рекомендации по расчету величины накладных
расходов при определении стоимости строительной продукции
Письмо Минстроя России от
30.10.92 № БФ-907/12
6
Методические рекомендации по определению величины сметной
прибыли при формировании свободных цен на строительную
продукцию
Письмо Минстроя России от
30.10.92 № БФ-906/12
7
Методические рекомендации по определению затрат на строительство
временных зданий и сооружений, дополнительных затрат при
производстве строительно-монтажных работ в зимнее время, затрат на
содержание заказчика-застройщика и технического надзора, прочих
работ и затрат при определении стоимости строительной продукции
Письмо Минстроя России от
03.11.92 № БФ-925/12",Data1_10_10864_index.pdf,13
"Какие документы необходимы для возмещения суммы акциза, уплаченной при вывозе подакцизных товаров за пределы территории Российской Федерации?","Комментарии к статьям на сайте
https://nkodeksrf.ru/
о включении налогоплательщика в реестр поставщиков бункерного топлива, или копия действующего на 
дату представления в налоговый орган технического паспорта нефтебазы и копия лицензии на 
осуществление погрузочно-разгрузочной деятельности (применительно к опасным грузам на 
железнодорожном транспорте, внутреннем водном транспорте, в морских портах), или копия договора, на 
основании которого используются объекты, посредством которых осуществляется бункеровка (заправка) 
водных судов, заключенного налогоплательщиком с российской организацией, включенной в реестр 
поставщиков бункерного топлива; 
копия договора поручения, договора комиссии либо агентского договора налогоплательщика с 
поверенным, комиссионером или агентом, предусматривающих оказание налогоплательщику услуг по 
осуществлению указанной в пункте 4 статьи 183 настоящего Кодекса реализации средних дистиллятов (при 
реализации средних дистиллятов через поверенного, комиссионера или агента по договору поручения, 
договору комиссии либо агентскому договору); 
копия контракта налогоплательщика с иностранным юридическим лицом на поставку топлива, 
относящегося в целях настоящей главы к средним дистиллятам (или, если этот контракт содержит сведения, 
составляющие государственную тайну, выписки из него, содержащей информацию, необходимую для 
проведения налогового контроля); 
копии документов, подтверждающих факт реализации топлива, относящегося в целях настоящей главы к 
средним дистиллятам, иностранной организации в соответствии с указанным в абзаце четвертом 
настоящего пункта контрактом (первичных документов, оформленных на имя указанной в этом контракте 
иностранной организации); 
копии документов, подтверждающих вывоз за пределы территории Российской Федерации реализованного 
налогоплательщиком топлива, относящегося в целях настоящей главы к средним дистиллятам, в качестве 
припасов на водных судах в соответствии с правом Евразийского экономического союза (копии 
транспортных, товаросопроводительных или иных документов, содержащих в том числе сведения о 
количестве припасов, подтверждающих вывоз таких припасов за пределы территории Российской 
Федерации водными судами).",Налоговый кодекс Российской Федерации.pdf,616
Что должно быть предусмотрено на площадке для детей от 2 до 4-5 лет согласно МДС 35-7.2000?,"Площадка для детей от 2 до 4 - 5 лет:
1 - фонтанчик с отводными коробами; 2 - песочница со скамьями по периметру; 3 - теневой навес; 4 -
горка-лабиринт; 5 - горка-манеж с пологой лестницей; 6 - столики-барьеры; 7 - деревянная
стилизованная «лошадь»; 8 - качели; 9 - качалки; 10 - бревна для упражнений на равновесие; 11 - стенки
для рисования; 12 - корзина для забрасывания мяча; 13 - шест для набрасывания колец; 14 - паровоз; 15
- двойная горка; 16 - «рыба-кит» - горка для скатывания; рукоход; наклонные лестницы; 17 - карусель;
18 - площадка для игры в крокет",Data1_10_10847_index.pdf,13
Что включает в себя лицензионный договор о предоставлении права использования произведения?,"Если изобретение или промышленный образец не используется либо недостаточно используется 
патентообладателем в течение четырех лет со дня выдачи патента, а полезная модель - в течение трех лет 
со дня выдачи патента, что приводит к недостаточному предложению соответствующих товаров, работ или 
услуг на рынке, любое лицо, желающее и готовое использовать такие изобретение, полезную модель или 
промышленный образец, при отказе патентообладателя от заключения с этим лицом лицензионного 
договора на условиях, соответствующих установившейся практике, вправе обратиться в суд с иском к 
патентообладателю о предоставлении принудительной простой (неисключительной) лицензии на 
использование на территории Российской Федерации изобретения, полезной модели или промышленного 
образца.",Гражданский кодекс Российской Федерации.pdf,568
Какова максимальная из средних скоростей ветра по румбам за январь в г. Дружина согласно документу МДС 31-8.2002?,* v - максимальная из средних скоростей ветра по румбам за январь.,Data1_10_10846_index.pdf,16
С какого момента начинаются сроки выпуска товаров при предварительном таможенном декларировании?,"При совершении в соответствии с пунктом 1 настоящей статьи таможенных операций, 
связанных с таможенным декларированием товаров, лица, указанные в подпунктах 1 - 3 пункта 1 
статьи 83 настоящего Кодекса, обязаны совершить таможенные операции, связанные с 
помещением товаров на временное хранение в соответствии с главой 16 настоящего Кодекса, в 
течение 3 часов с момента получения: 
1) разрешения таможенного органа на отзыв таможенной декларации в соответствии со 
статьей 113 настоящего Кодекса; 
2) решения таможенного органа о приостановлении срока выпуска товаров в соответствии 
со статьей 124 настоящего Кодекса; 
3) отказа в выпуске товаров в соответствии со статьей 125 настоящего Кодекса.",Таможенный кодекс Евразийского экономического союза.pdf,176
Какие коэффициенты применяются при демонтаже сборных железобетонных и бетонных конструкций?,"При отсутствии в сборниках ГЭСН необходимых сметных норм на демонтаж
(разборку) конструкций зданий и сооружений, внутренних санитарно-технических
устройств и наружных сетей, затраты на демонтаж должны определяться по
соответствующим нормам сборников ГЭСН с применением к нормам затрат труда
рабочих-строителей машинистов и нормам времени эксплуатации машин и
механизмов, следующих коэффициентов:
а) при демонтаже сборных железобетонных и бетонных конструкций - 0,8 (нормы
расходов материальных ресурсов не учитываются);
б) то же, сборных деревянных конструкций - 0,8 (нормы расходов материальных
ресурсов не учитываются);
в) 
то 
же, 
внутренних 
санитарно-технических 
устройств 
(водопровода,
канализации, 
водостоков, 
отопления, 
вентиляции) 
- 
0,4 
(нормы 
расходов
материальных ресурсов не учитываются);
г) то же, наружных сетей водопровода, канализации, теплоснабжения и
газоснабжения - 0,6 (нормы расходов материальных ресурсов не учитываются);
д) то же, металлических конструкций:
0,6 - к затратам труда рабочих-строителей;
0,7 - ко времени эксплуатации машин в т.ч.",Data1_10_10062_index.pdf,5
Какие технические задания предусмотрены в Методических рекомендациях по определению сметной стоимости строительства на базе показателей на отдельные виды работ (ПВР) согласно ГОСТ МДС 81-10.2000?,"ГОСУДАРСТВЕННЫЙ КОМИТЕТ РОССИЙСКОЙ ФЕДЕРАЦИИ
ПО ВОПРОСАМ АРХИТЕКТУРЫ И СТРОИТЕЛЬСТВА
(ГОССТРОЙ РОССИИ)
МЕТОДИЧЕСКИЕ РЕКОМЕНДАЦИИ
по определению сметной стоимости строительства
на базе показателей на отдельные виды работ (ПВР)
МДС 81-10.2000
Москва 1993
СОДЕРЖАНИЕ
1.",Data1_2_2076_index.pdf,1
"Как устраняются неплотности в резьбовых соединениях, согласно ГОСТ МДС 13-18.2000?","Исправить и устранить неплотности в резьбовых соединениях трубопроводов и
регистров полотенцесушителей ванных комнат путем разборки частей трубопроводов с
последующей очисткой резьбы от ржавчины и заменой уплотняющего материала
льняной прядью, пропитанной суриком, замешанным на олифе, или уплотнительной
лентой ФУМ.",Data1_10_10852_index.pdf,22
Какие меры следует принять для предотвращения увлажнения и промерзания цоколя согласно ГОСТ МДС 13-18.2000?,"Ослабление
крепления выступающих
деталей (карнизов,
балконов, поясков,
кронштейнов, розеток, тяг и
др.)
Не допускается
При появлении нарушений
следует принять охранные
меры по предотвращению
несчастных случаев.",Data1_10_10861_index.pdf,16
Какие размеры шкафчиков для хранения одежды должны быть в пределах досягаемости инвалидами согласно ГОСТ МДС 35-7.2000?,"Шкафчики для хранения
одежды должны быть в пределах досягаемости инвалидами разного возраста - от 300
до 1100 мм от пола.",Data1_10_10847_index.pdf,33
"Какие требования предъявляются к местным источникам отопления (печи, АГВ, ВНИИСТО и др.) согласно ГОСТ МДС 13-18.2000?","6
Входные двери и подъезды, оконные заполнения на лестничных
клетках и в квартирах (дата и номер акта сдачи)
 
 
7
Доводчики на входных дверях и лестничных клетках и
запирающие устройства (дата и номер акта сдачи)
 
 
8
Техподполье, подвальные помещения, состояние продухов,
установка регулируемых решеток, изоляция трубопроводов
Входные двери и другие работы по приведению в соответствие с
требованиями «Правил безопасности в газовом хозяйстве» (дата
и номер акта сдачи), ограждения приямков в подвалах и ЦТП
 
 
9
Внутридомовая система отопления (указать дату и номер акта
сдачи теплоснабжающей организации)
 
 
10
Помещение и оборудование местного теплового узла
 
 
11
Централизованный источник теплоснабжения (ЦТП, газ и
угольная котельная)
 
 
12
Местные источники отопления (печи, АГВ, ВНИИСТО и др.)
 
 
13
Водопроводно-канализационная 
система 
(исправность,
утепленность, дата и номер акта сдачи)
 
 
14
Электрохозяйство (дата и номер акта сдачи)
 
 
15
Дымоходы, вентиляционные каналы (дата и номер акта)
 
 
16
Отмостки.",Data1_10_10852_index.pdf,37
"Какие требования предъявляет ГОСТ к качеству железобетонных изделий, используемых в строительстве?","В области материально-технического обеспечения: обеспечивает, с учетом
действующей общегосударственной системы снабжения и сбыта, строительство объектов
технологическим, электротехническим, энергетическим и общезаводским оборудованием и
аппаратурой, а также материалами, поставка которых возложена на заказчика;
осуществляет согласование и своевременное представление в установленном порядке
заявок на оборудование (включая нестандартизированное), аппаратуру и материалы,
получение и распределение их на пусковые комплексы и объекты, представление
обоснований, спецификаций, технических характеристик и необходимой заказной
технической документации в снабженческо-сбытовые организации, заключение договоров
на изготовление и поставку оборудования, аппаратуры и материалов, а также контроль за
их реализацией;
осуществляет приемку, учет и надлежащее хранение находящегося на складах
оборудования, изделий и материалов;
предъявляет 
претензии 
к 
заводам-изготовителям 
или 
поставщикам 
в 
случае
установления некомплектности или дефектов оборудования и аппаратуры, ненадлежащего
качества материалов, а также несвоевременной их поставки или недопоставки;
своевременно 
передает 
подрядным 
организациям 
оборудование, 
материалы 
и
аппаратуру, подлежащие монтажу, с обеспечением их доставки на приобъектные склады;
не допускает хранения оборудования на складах сверх нормативного срока, а в случае
нарушения производит тщательные предмонтажные ревизии оборудования и устранение
дефектов, вызванных его длительным хранением;
не допускает образования сверхнормативных запасов материальных ценностей, а также
реализует в установленном порядке лишние и неиспользованные материалы, изделия и
оборудование.",Data1_1_1804_index.pdf,4
Какие действия предполагаются при устранении отдельных свищей в стенах проходных каналах и заделке отдельных выпадающих кирпичей согласно ГОСТ МДС 14-13.2000?,"МИНИСТЕРСТВО СТРОИТЕЛЬСТВА РОССИЙСКОЙ ФЕДЕРАЦИИ
(МИНСТРОЙ РОССИИ)
 
МЕТОДИЧЕСКИЕ РЕКОМЕНДАЦИИ
ПО РАСЧЕТУ ИНДЕКСОВ ЦЕН
НА СТРОИТЕЛЬНУЮ ПРОДУКЦИЮ
ДЛЯ ПОДРЯДНЫХ СТРОИТЕЛЬНО-МОНТАЖНЫХ
ОРГАНИЗАЦИЙ
 
МДС 81-14.2000
 
(приняты и введены в действие письмом
Минстроя РФ от 13 ноября 1996 г.",Data1_2_2117_index.pdf,1
"Что означает передача товаров подрядчику (субподрядчику) или иному лицу, которые будут осуществлять строительные и (или) монтажные подрядные работы на территории свободного склада?","К 
иностранным товарам, которые участвуют или содействуют изготовлению (получению) товаров 
при совершении операций по переработке товаров, помещенных под таможенную процедуру 
свободного склада, не относятся товары, являющиеся вспомогательными средствами в 
технологическом процессе (например, оборудование, станки, приспособления); 
5) использование (эксплуатация) оборудования, машин и агрегатов, запасных частей к ним в 
целях совершения операций по переработке товаров, помещенных под таможенную процедуру 
свободного склада, а также иных операций, связанных с эксплуатацией и функционированием 
свободного склада; 
6) использование товаров в целях строительства объектов недвижимости производственного 
назначения и вспомогательной инфраструктуры (далее в настоящей главе - объекты недвижимости) 
на территории свободного склада; 
7) отбор проб и (или) образцов товаров в соответствии со статьей 17 настоящего Кодекса; 
8) иные операции, устанавливаемые законодательством государств-членов о таможенном 
регулировании в соответствии с целями создания свободных складов.",Таможенный кодекс Евразийского экономического союза.pdf,244
Какие методы уравнивания геодезических сетей существуют согласно СНиП 3.01.03-84?,"В отраслевом фонде алгоритмов и программ
института ЦНИИПРОЕКТ Госстроя СССР имеются: пакеты программ предварительной
математической обработки геодезических сетей (ГЕОПС-1А) [2], составление
уравнений погрешностей, нормальных уравнений, оценки качества; уравнивание
параметрическим методом (ГЕОПС-2А) приведено в работе [3].",Data1_11_11285_index.pdf,12
Что такое код главного администратора доходов бюджета?,"Код классификации доходов бюджетов Российской Федерации состоит из: 
1) кода главного администратора доходов бюджета; 
2) кода вида доходов; 
3) кода подвида доходов; 
4) утратил силу.",Бюджетный кодекс Российской Федерации.pdf,16
Как сравнивается сумма резерва по сомнительным долгам с суммой остатка резерва?,"Участники консолидированной группы налогоплательщиков не формируют резервы по сомнительным 
долгам в соответствии со статьей 266 настоящего Кодекса в части задолженности одних участников этой 
группы перед другими участниками такой группы.",Налоговый кодекс Российской Федерации.pdf,1047
"Что происходит с юридическими лицами, созданными в результате реорганизации, если они недобросовестно способствовали принятию решения о реорганизации?","Комментарии к статьям на сайте 
https://gkodeksrf.ru/ 
  
 
недобросовестно способствовавшими принятию решения о реорганизации, отвечают юридические лица, 
созданные в результате реорганизации на основании указанного решения.",Гражданский кодекс Российской Федерации.pdf,32
Какую ответственность несет саморегулируемая организация по обязательствам своих членов в рамках компенсационного фонда обеспечения договорных обязательств?,"Саморегулируемая организация в пределах средств компенсационного фонда обеспечения договорных 
обязательств несет субсидиарную ответственность по обязательствам своих членов в случаях, 
предусмотренных статьей 60.1 настоящего Кодекса.",Градостроительный кодекс Российской Федерации.pdf,213
Какие значения указаны в столбце 'Остановочные пункты и павильоны' для обычных трамвайных линий в таблице 37 согласно СНиП?,"ДАНИЛЮКА
(согласно СНиП II-4-79*)
Определение КЕО в точках помещения, расположенных на пересечении вертикальной плоскости
характерного разреза помещения и условной рабочей поверхности или пола, производится по формуле
                                                (1)
где eср - среднее геометрическое значение КЕО в помещении, освещаемом зенитными фонарями, определяют
по формуле
                                                          (2)
где 
  - площадь световых проемов фонарей, определенная согласно расчетам по 3.7.7, 3.7.9 настоящих
Рекомендаций.",Data1_10_10846_index.pdf,33
Что определяет порядок укомплектования буксируемого объекта экипажем?,"Порядок 
укомплектования буксируемого объекта экипажем или проводниками определяется соглашением 
сторон, если иное не предусмотрено правилами буксировки.",Кодекс внутреннего водного транспорта Российской Федерации.pdf,52
Что такое ответственные хранители и заемщики материальных ценностей?,"Поклажедатель отвечает за убытки, причиненные в связи с хранением таких вещей хранителю и третьим 
лицам.",Гражданский кодекс Российской Федерации.pdf,373
Какое основание для проектирования должно быть указано в задании согласно ГОСТ МДС 11-7.2000?,"ПРИЛОЖЕНИЕ 3
ОСНОВНЫЕ ТРЕБОВАНИЯ К ЗАДАНИЮ НА РАЗРАБОТКУ СХЕМЫ И ПРОЕКТА
РАЙОННОЙ ПЛАНИРОВКИ, ГЕНЕРАЛЬНОГО ПЛАНА ГОРОДА, ДРУГОГО
ПОСЕЛЕНИЯ, ТЕРРИТОРИИ СЕЛЬСКОГО ОРГАНА МЕСТНОГО
САМОУПРАВЛЕНИЯ
В задании на разработку схемы и проекта районной планировки, генерального плана
города, другого поселения, территории сельского органа моечного самоуправления должны
быть указаны:
наименование объекта, его основные характеристики (местоположение, численность
населения, территория, основные виды ресурсов, профилирующие отрасли производства,
административная 
структура, 
условия 
обеспечения 
инженерно-транспортной
инфраструктурой, другие специфические характеристики);
основание для проектирования;
состав 
участников 
разработки 
и 
согласования 
проектных 
материалов 
и 
их
взаимообязательства;
кем и в какие сроки должны выдаваться исходные данные для проектирования;
состав 
подлежащих 
передаче 
материалов 
и 
услуг 
по 
этапам 
(если 
они
предусматриваются), сроки и стоимость работ;
требования к содержанию и форме представляемых материалов, сроки проектирования;",Data1_1_1904_index.pdf,27
"Какие сведения о местоположении, площади и границах территории комплексного развития должны быть включены в договор?","Условиями соглашения являются: 
1) сведения о границах территории (в том числе кадастровые номера земельных участков (при наличии), их 
площадь, местоположение, перечень расположенных на них объектов недвижимого имущества), в 
отношении которой предполагается осуществление комплексного развития территории по инициативе 
правообладателей;",Градостроительный кодекс Российской Федерации.pdf,307
Что вправе совершать представитель иностранного государства от имени представляемого им иностранного государства?,"Представитель иностранного государства вправе совершать от имени представляемого им 
иностранного государства все процессуальные действия, за исключением действий, указанных в 
части 4 настоящей статьи, если иное не предусмотрено в доверенности или ином соответствующем 
документе, выданном представляемым иностранным государством.",Арбитражный процессуальный кодекс Российской Федерации.pdf,168
"Какой документ должен быть утвержден при согласовании затрат российских организаций в смешанных ценах, согласно ГОСТ МДС 81-21.2000?","ПРОТОКОЛ
согласования затрат российских организаций в смешанных ценах",Data1_2_2069_index.pdf,12
Можно ли применять территориальные единичные расценки других регионов на территории субъекта Российской Федерации?,"Материалы по обоснованию схем территориального планирования субъекта Российской Федерации в 
текстовой форме содержат: 
1) сведения об утвержденных документах стратегического планирования Российской Федерации и 
субъектов Российской Федерации, указанных в части 5.1 статьи 9 настоящего Кодекса, о национальных 
проектах, межгосударственных программах, об инвестиционных программах субъектов естественных 
монополий, о решениях органов государственной власти, иных главных распорядителей средств 
соответствующих бюджетов, предусматривающих создание объектов регионального значения; 
2) обоснование выбранного варианта размещения объектов регионального значения на основе анализа 
использования соответствующей территории, возможных направлений ее развития и прогнозируемых 
ограничений ее использования; 
3) оценку возможного влияния планируемых для размещения объектов регионального значения на 
комплексное развитие соответствующей территории; 
4) сведения об образовании, утилизации, обезвреживании, о размещении твердых коммунальных отходов, 
содержащиеся в территориальных схемах в области обращения с отходами, в том числе с твердыми 
коммунальными отходами.",Градостроительный кодекс Российской Федерации.pdf,43
Какие права переходят к страховщику при страховании имущества в полной стоимости?,"При этом 
страховые премии (взносы) по договорам сострахования включаются в состав доходов страховщика 
(состраховщика) только в размере его доли страховой премии, установленной в договоре сострахования; 
2) суммы уменьшения (возврата) страховых резервов, образованных в предыдущие отчетные периоды с 
учетом изменения доли перестраховщиков в страховых резервах; 
3) вознаграждения и тантьемы (форма вознаграждения страховщика со стороны перестраховщика) по 
договорам перестрахования; 
4) вознаграждения от страховщиков по договорам сострахования; 
5) суммы возмещения перестраховщиками доли страховых выплат по рискам, переданным в 
перестрахование; 
6) суммы процентов на депо премий по рискам, принятым в перестрахование; 
7) доходы от реализации перешедшего к страховщику в соответствии с действующим законодательством 
права требования страхователя (выгодоприобретателя) к лицам, ответственным за причиненный ущерб; 
8) суммы санкций за неисполнение условий договоров страхования, признанные должником добровольно 
либо по решению суда; 
9) вознаграждения за оказание услуг страхового агента, брокера; 
10) вознаграждения, полученные страховщиком за оказание услуг сюрвейера (осмотр принимаемого в 
страхование имущества и выдачу заключений об оценке страхового риска) и аварийного комиссара 
(определение причин, характера и размеров убытков при страховом событии); 
11) суммы возврата части страховых премий (взносов) по договорам перестрахования в случае их 
досрочного прекращения; 
11.1) сумма положительной разницы, возникшей у страховщика, осуществившего прямое возмещение 
убытков, в результате превышения средней суммы страховой выплаты, полученной от страховщика, 
застраховавшего гражданскую ответственность лица, причинившего вред, над суммой выплаты 
потерпевшему, осуществленной в порядке прямого возмещения убытков в соответствии с 
законодательством Российской Федерации об обязательном страховании гражданской ответственности 
владельцев транспортных средств; 
11.2) сумма положительной разницы, возникшей у страховщика, застраховавшего гражданскую 
ответственность лица, причинившего вред, в результате превышения страховой выплаты по договору 
обязательного страхования гражданской ответственности владельцев транспортных средств, 
осуществленной в порядке прямого возмещения убытков, над средней суммой страховой выплаты, 
возмещенной страховщику, осуществившему прямое возмещение убытков в соответствии с 
законодательством Российской Федерации об обязательном страховании гражданской ответственности 
владельцев транспортных средств; 
12) другие доходы, полученные при осуществлении страховой деятельности.",Налоговый кодекс Российской Федерации.pdf,1147
Какова пеня за несвоевременное внесение платы за пользование водным объектом?,"Несвоевременное внесение водопользователем платы за пользование водным объектом 
влечет за собой уплату пеней в размере одной стопятидесятой действующей на день уплаты пеней 
ставки рефинансирования Центрального банка Российской Федерации, но не более чем в размере 
двух десятых процента за каждый день просрочки.",Водный кодекс Российской Федерации.pdf,10
Какова минимальная высота гидроизоляции на фундаменте относительно уровня отмостки согласно СНиП 2.04.02-84?,"4.108
СНиП 2.04.02-84
Разрушение или
неправильная установка
водосточных труб
Водосточные трубы
устанавливаются на 20 - 40
см выше уровня тротуара.",Data1_10_10861_index.pdf,15
Как определяются расходы на изготовление или приобретение материалов и расходы на производство?,"К указанным расходам относятся также 
расходы на обновление программ для ЭВМ и баз данных; 
20) расходы на рекламу производимых (приобретенных) и (или) реализуемых товаров (работ, услуг), 
товарного знака и знака обслуживания; 
21) расходы на подготовку и освоение новых производств, цехов и агрегатов; 
22) суммы налогов и сборов, уплаченные в соответствии с законодательством о налогах и сборах, за 
исключением налога, уплаченного в соответствии с настоящей главой, и налога на добавленную стоимость, 
уплаченного в бюджет в соответствии с пунктом 5 статьи 173 настоящего Кодекса; 
23) расходы по оплате стоимости товаров, приобретенных для дальнейшей реализации (уменьшенные на 
величину расходов, указанных в подпункте 8 настоящего пункта), а также расходы, связанные с 
приобретением и реализацией указанных товаров, в том числе расходы по хранению, обслуживанию и 
транспортировке товаров; 
23.1) расходы в виде стоимости имущества (включая денежные средства), предназначенного для 
использования в целях предупреждения и предотвращения распространения, а также диагностики и 
лечения новой коронавирусной инфекции, безвозмездно переданного медицинским организациям, 
являющимся некоммерческими организациями, органам государственной власти и управления и (или) 
органам местного самоуправления, государственным и муниципальным учреждениям, государственным и 
муниципальным унитарным предприятиям; 
24) расходы на выплату комиссионных, агентских вознаграждений и вознаграждений по договорам 
поручения; 
25) расходы на оказание услуг по гарантийному ремонту и обслуживанию; 
26) расходы на подтверждение соответствия продукции или иных объектов, процессов производства, 
эксплуатации, хранения, перевозки, реализации и утилизации, выполнения работ или оказания услуг 
требованиям технических регламентов, положениям стандартов или условиям договоров; 
27) расходы на проведение (в случаях, установленных законодательством Российской Федерации) 
обязательной оценки в целях контроля за правильностью уплаты налогов в случае возникновения спора об 
исчислении налоговой базы; 
28) плата за предоставление информации о зарегистрированных правах; 
29) расходы на оплату услуг специализированных организаций по изготовлению документов кадастрового 
и технического учета (инвентаризации) объектов недвижимости (в том числе правоустанавливающих 
документов на земельные участки и документов о межевании земельных участков);",Налоговый кодекс Российской Федерации.pdf,1502
Какие технологии геодезических выверок и контроля строительно-монтажных работ разрабатываются согласно СНиП 3.01.03-84?,"ЦЕНТРАЛЬНЫЙ НАУЧНО-ИССЛЕДОВАТЕЛЬСКИЙ
И ПРОЕКТНО-ЭКСПЕРИМЕНТАЛЬНЫЙ ИНСТИТУТ
ОРГАНИЗАЦИИ, МЕХАНИЗАЦИИ И ТЕХНИЧЕСКОЙ ПОМОЩИ
СТРОИТЕЛЬСТВУ (ЦНИИОМТП)
ГОССТРОЯ СССР
ПОСОБИЕ
ПО ПРОИЗВОДСТВУ ГЕОДЕЗИЧЕСКИХ РАБОТ
В СТРОИТЕЛЬСТВЕ
(к СНиП 3.01.03-84)
Утверждено приказом ЦНИИОМТП № 147
от 10 июля 1985 г.",Data1_11_11285_index.pdf,1
Как определяется количество исходного раствора закрепляющего реагента для приготовления раствора рабочей концентрации согласно ГОСТ (к СНиП 3.02.01-83)?,"Количество исходного раствора закрепляющего реагента (л), необходимое для приготовления любого заданного объема
раствора рабочей концентрации, в общем случае определяется по формуле
                                                             (7)
где rрк - плотность раствора рабочей концентрации, г/см3; rв - плотность воды, г/см3, принимаемая равной 1; rик - плотность
исходного раствора, г/см3; Qрк - количество раствора рабочей концентрации, л.",Data1_11_11295_index.pdf,13
Какие меры следует предпринять при недогреве или непрогреве отдельных отопительных приборов согласно СНиП 2.08.01-85?,"Характер
неисправности
Признаки
Причины
неисправности
Способы предупреждения или устранения
неисправности
1
2
3
4
Непрогрев 
(или
недостаточный
прогрев)
отдельных
отапливаемых
приборов 
и
стояков
Существенное
отличие
температуры 
на
поверхности
отопительного
прибора 
от
температуры 
на
поверхности
стояка
Загрязнение 
(засор)
трубопроводов
(подводящих 
и
отводящих),
регулировочной
арматуры, приборов;
завоздушивание
системы; 
дефекты
резьбовых и сварных
соединений,
нарушение тепловой
изоляции
трубопроводов,
неотрегулированность
систем отопления
Промыть трубопроводы, если засор в
трубопроводе или арматуре при общей
промывке системы устранить не удалось,
то соответствующую часть трубопровода и
арматуры следует разобрать и прочистить.",Data1_10_10852_index.pdf,31
"Какой штраф налагается на должностных лиц за непредставление информации для ведения реестра владельцев ценных бумаг хозяйственным обществом, имеющим стратегическое значение для оборонно-промышленного комплекса и безопасности Российской Федерации?","Непредставление либо представление недостоверных сведений хозяйственным обществом, имеющим 
стратегическое значение для оборонно-промышленного комплекса и безопасности Российской 
Федерации, или обществом, находящимся под его прямым или косвенным контролем, которые указаны в 
Федеральном законе от 21 июля 2014 года N 213-ФЗ ""Об открытии банковских счетов и аккредитивов, о 
заключении договоров банковского вклада, договора на ведение реестра владельцев ценных бумаг 
хозяйственными обществами, имеющими стратегическое значение для оборонно-промышленного 
комплекса и безопасности Российской Федерации, и внесении изменений в отдельные законодательные 
акты Российской Федерации"", или федеральным унитарным предприятием, имеющим стратегическое 
значение для оборонно-промышленного комплекса и безопасности Российской Федерации, или 
хозяйственным обществом, находящимся под его прямым или косвенным контролем, которые указаны в 
Федеральном законе от 14 ноября 2002 года N 161-ФЗ ""О государственных и муниципальных унитарных 
предприятиях"", в федеральный орган исполнительной власти, уполномоченный осуществлять функции по 
противодействию легализации (отмыванию) доходов, полученных преступным путем, финансированию 
терроризма и финансированию распространения оружия массового уничтожения, о каждом открытии, 
закрытии, изменении реквизитов счета, покрытого (депонированного) аккредитива в иностранном банке, 
заключении, расторжении договора банковского счета или договора банковского вклада (депозита) с 
иностранным банком или внесении в них изменений либо о приобретении или об отчуждении ценных 
бумаг иностранного банка в соответствии с требованиями нормативных правовых актов Российской 
Федерации - 
влечет наложение административного штрафа на должностных лиц в размере от тридцати тысяч до 
пятидесяти тысяч рублей; на юридических лиц - от семисот тысяч до одного миллиона рублей.",Административный кодекс Российской Федерации.pdf,348
"Какие доходы по договорам займа, привлеченным для финансирования добычи углеводородного сырья, включаются в налоговую базу?","В случае направления в соответствии со статьей 333.44 настоящего Кодекса в налоговый орган уведомления 
об освобождении от исполнения обязанностей налогоплательщика по налогу на дополнительный доход от 
добычи углеводородного сырья в отношении участков недр, указанных в подпункте 1 пункта 1 статьи 333.44 
настоящего Кодекса, при добыче нефти обессоленной, обезвоженной и стабилизированной, добытой на 
таких участках недр, ставка налога на добычу полезных ископаемых применяется в соответствии с 
подпунктом 9 настоящего пункта начиная с 1 января года вступления в силу главы 25.4 настоящего Кодекса 
(с 1 января года, следующего за годом, в котором запасы нефти впервые поставлены на государственный 
баланс запасов полезных ископаемых, - для участков недр, по которым такие запасы отсутствуют в 
государственном балансе запасов полезных ископаемых на 1 января 2018 года).",Налоговый кодекс Российской Федерации.pdf,1395
Что происходит с неправильно удержанными суммами за причиненный материальный ущерб?,"Освобождение собственника судна от ответственности 
Собственник судна не несет ответственность за ущерб, причиненный опасными и вредными 
веществами, если докажет, что: 
ущерб причинен вследствие военных или враждебных действий, народных волнений или 
исключительного по своему характеру, неизбежного и непреодолимого стихийного явления; 
ущерб полностью причинен действиями или бездействием третьих лиц с намерением 
причинить ущерб; 
ущерб полностью причинен по неосторожности или в результате иных противоправных 
действий публичных властей, отвечающих за содержание в порядке огней и других навигационных 
средств, при исполнении ими указанной функции; 
непредоставление отправителем или любым другим лицом информации об опасном и о 
вредном характере погруженных на судно веществ полностью или частично причинило ущерб либо 
привело к тому, что собственник судна не получил страхование в соответствии со статьей 334 
настоящего Кодекса.",Кодекс торгового мореплавания Российской Федерации.pdf,106
Какие работы по земляному полотну подъездных и внутризаводских железнодорожных путей предусмотрены в ГОСТ МДС 14-13.2000?,"За счет средств на капитальный ремонт можно восстанавливать отдельные “нетитульные”
искусственные сооружения на автомобильных дорогах или железнодорожных путях (трубы и
мосты, входящие в единую балансовую стоимость всего объекта или земляного полотна).",Data1_1_1879_index.pdf,7
Какие условия освобождают от уголовной ответственности за участие в подготовке террористического акта?,"Лица, достигшие ко времени совершения преступления четырнадцатилетнего возраста, подлежат 
уголовной ответственности за убийство (статья 105), умышленное причинение тяжкого вреда здоровью 
(статья 111), умышленное причинение средней тяжести вреда здоровью (статья 112), похищение человека 
(статья 126), изнасилование (статья 131), насильственные действия сексуального характера (статья 132), 
кражу (статья 158), грабеж (статья 161), разбой (статья 162), вымогательство (статья 163), неправомерное 
завладение автомобилем или иным транспортным средством без цели хищения (статья 166), умышленные 
уничтожение или повреждение имущества при отягчающих обстоятельствах (часть вторая статьи 167), 
террористический акт (статья 205), прохождение обучения в целях осуществления террористической 
деятельности (статья 205.3), участие в террористическом сообществе (часть вторая статьи 205.4), участие в 
деятельности террористической организации (часть вторая статьи 205.5), несообщение о преступлении 
(статья 205.6), захват заложника (статья 206), заведомо ложное сообщение об акте терроризма (статья 207), 
участие в незаконном вооруженном формировании (часть вторая статьи 208), угон судна воздушного или 
водного транспорта либо железнодорожного подвижного состава (статья 211), участие в массовых 
беспорядках (часть вторая статьи 212), хулиганство при отягчающих обстоятельствах (части вторая и третья 
статьи 213), вандализм (статья 214), незаконные приобретение, передачу, сбыт, хранение, перевозку или 
ношение взрывчатых веществ или взрывных устройств (статья 222.1), незаконное изготовление взрывчатых 
веществ или взрывных устройств (статья 223.1), хищение либо вымогательство оружия, боеприпасов, 
взрывчатых веществ и взрывных устройств (статья 226), хищение либо вымогательство наркотических 
средств или психотропных веществ (статья 229), приведение в негодность транспортных средств или путей 
сообщения (статья 267), посягательство на жизнь государственного или общественного деятеля (статья 
277), нападение на лиц или учреждения, которые пользуются международной защитой (статья 360), акт 
международного терроризма (статья 361).",Уголовный кодекс Российской Федерации.pdf,5
По состоянию на какую дату включены законодательные акты по налогообложению в пособие по учету налогов в сметной документации на строительство?,"НАЛОГИ, ВЗИМАЕМЫЕ НА ТЕРРИТОРИИ РОССИЙСКОЙ ФЕДЕРАЦИИ ПО ОТРАСЛИ
""СТРОИТЕЛЬСТВО""
(по состоянию на 1 января 1994 г.)
№
п/
п
Вид налога
Законодательный
акт,
регулирующий
порядок уплаты
налога
Ставка налога
Источник покрытия
налога
Включение в
сметную
стоимость
Примечание
ФЕДЕРАЛЬНЫЕ НАЛОГИ
1
Налог на
добавочную
стоимость
Закон РФ от
06.12.91 № 1992-1
""О налоге на
добавленную
стоимость"" с
учетом изменений
и дополнений,
внесенных
законами РФ:
от 22.05.92 №
2813-1 «О
внесении
изменений и
дополнений в
Закон РСФСР ""О
налоге на
добавленную
стоимость""»;
от 16.07.92 №
3317-1 ""О
внесении
изменений и
дополнений в
налоговую
систему России"";
от 22.12.92 №
4178-1 ""О
внесении
изменений и
дополнений в
20 процентов от
стоимости
реализованной
строительной
продукции (работ,
услуг)
Сумма НДС
включается в
свободную
(договорную) цену на
строительную
продукцию без
отнесения на
себестоимость работ
Средства на
покрытие
затрат по
уплате НДС
показываются
за итогом
свободного
сметного
расчета
стоимости
строительства
Налога на добавленную
стоимость (НДС)
представляет собой
форму изъятия в бюджет
части добавленную
стоимости, создаваемой
на всех стадиях
производства и
определяемой как
разница между
стоимостью
реализованных товаров,
работ и услуг и
стоимости
материальных затрат,
отнесенных на издержки
производства и
обращения.",Data1_2_2070_index.pdf,2
В какие сроки должно быть составлено мотивированное решение суда по делу о публичном мероприятии?,"Если по окончании судебного разбирательства по 
административному делу об оспаривании решения, действия (бездействия) органа, организации, 
лица, наделенных государственными или иными публичными полномочиями, связанному с 
проведением 
публичного 
мероприятия 
(собрания, 
митинга, 
демонстрации, 
шествия, 
пикетирования), в судебном заседании объявлена только резолютивная часть решения суда, 
мотивированное решение суда об отказе в удовлетворении соответствующего административного 
иска должно быть составлено судом в день принятия данного решения в возможно короткие сроки 
после окончания судебного заседания.",Кодекс административного судопроизводства Российской Федерации.pdf,124
"Какие основные нормативные требования по использованию, содержанию и ремонту жилищного фонда приведены в МДС 17-13.2000?","Финансовые санкции за несоблюдение установленных минимальных нормативно-
технических требований по использованию, сохранности и эксплуатации жилищного
фонда, придомовых территорий и связанных с ними объектов коммунального назначения
применяются к юридическим лицам (плательщикам) - собственникам, нанимателям и
арендаторам жилых и нежилых помещений, расположенных в жилищном фонде или на
придомовых 
участках, 
независимо 
от 
формы 
собственности 
и 
ведомственной
принадлежности, а также и предприятиям и организациям, занятым содержанием и
техническим обслуживанием жилищного фонда по поручению в установленном порядке
или на основании заключенных договоров.",Data1_10_10861_index.pdf,36
"Какая сумма налогового вычета применяется, если организация реализует проекты по созданию новых производственных мощностей по переработке этана и сжиженных углеводородных газов?","При добыче нефти на участках недр, расположенных полностью или частично в границах Иркутской 
области, налогоплательщиком, реализующим (в том числе через прямое участие в дочернем 
хозяйственном обществе, непосредственно реализующем проект) по состоянию на 1 января 2021 года в 
Иркутской области проект по созданию новых производственных мощностей по переработке этана и (или) 
сжиженных углеводородных газов в товары, являющиеся продукцией нефтехимии, сумма налогового 
вычета за налоговый период (
), выраженная в миллионах рублей, определяется в совокупности 
по указанным в настоящем пункте участкам недр и принимается равной 5000 миллионов рублей, но не 
более суммы исчисленного налога за соответствующий налоговый период.",Налоговый кодекс Российской Федерации.pdf,1457
В каких случаях разрабатываются ФЕРм на монтажные работы с применением импортных машин и материалов?,"В ФЕРм не учтены и должны оплачиваться отдельно, в случаях когда ПОС
обосновано применение лесов для монтажных работ, затраты, связанные с подвозкой
деталей наружных и внутренних лесов с центрального склада на объект (на
приобъектный склад); с объекта на центральный склад, либо на приобъектный склад
другого объекта.",Data1_10_10754_index.pdf,13
"Что означает, что семена и племенной материал не явно отличаются от охраняемых сортов или пород?","Исключительное право на селекционное достижение распространяется также на семена, племенной 
материал, которые: 
существенным образом наследуют признаки других охраняемых (исходных) сорта растений или породы 
животных, если эти охраняемые сорт или порода сами не являются селекционными достижениями, 
существенным образом наследующими признаки других селекционных достижений; 
не явно отличаются от охраняемых сорта растений или породы животных; 
требуют неоднократного использования охраняемого сорта растений для производства семян.",Гражданский кодекс Российской Федерации.pdf,604
"Какие гарантии предоставляются работнику, усыновившему ребенка, в отношении отпусков?","До истечения шести месяцев непрерывной работы оплачиваемый отпуск по заявлению работника должен 
быть предоставлен: 
женщинам - перед отпуском по беременности и родам или непосредственно после него; 
работникам в возрасте до восемнадцати лет; 
работникам, усыновившим ребенка (детей) в возрасте до трех месяцев; 
в других случаях, предусмотренных федеральными законами.",Трудовой кодекс Российской Федерации.pdf,77
Какие требования к диспетчерской связи с теплоснабжающей организацией должны быть указаны в технических условиях согласно СНиП?,"Заявка заказчика на получение технических условий, подаваемая в
теплоснабжающую организацию, должна содержать, как правило, следующие
данные:
наименование и место расположения объекта (с приложением копии акта о выборе
площадки строительства или решения органа местного самоуправления об отводе
земельного участка);
срок строительства и ввода в эксплуатацию;
характеристики тепловых нагрузок (расчетные максимальные часовые и
среднечасовые расходы тепловой энергии и соответствующие им расчетные расходы
теплоносителей 
на 
технологические 
нужды, 
отопление, 
вентиляцию,
кондиционирование воздуха и горячее водоснабжение);
вид и параметры теплоносителей (давление и температура);
режимы теплопотребления (непрерывный, одно- или двухсменный и т.п.);
расположение узла учета тепловой энергии и теплоносителей и контроля их
качества;
требования к надежности теплоснабжения (допустимые перерывы в подаче
теплоносителей по продолжительности, периодам года и т.п.) и категорию
потребителя по надежности теплоснабжения в соответствии со строительными
нормами и правилами (СНиП);
наличие и возможность использования собственных источников тепла для
резервирования тепловой нагрузки.",Data1_10_10871_index.pdf,6
Какой штраф предусмотрен за нарушение порядка рассмотрения жалоб на нарушение порядка предоставления государственной или муниципальной услуги?,"Нарушение порядка предоставления документации об обязательных в соответствии с 
законодательством Российской Федерации торгах, порядка разъяснения такой документации, порядка 
приема заявок на участие в торгах, заявок на участие в продаже государственного или муниципального 
имущества, за исключением случаев, предусмотренных статьями 7.30 и 7.32.3 настоящего Кодекса, - 
влечет наложение административного штрафа на должностных лиц в размере от двенадцати тысяч до 
пятнадцати тысяч рублей; на юридических лиц - от двадцати тысяч до тридцати тысяч рублей.",Административный кодекс Российской Федерации.pdf,103
Какие работы по герметизации швов предусмотрены в соответствии с ГОСТ МДС 13-18.2000?,"Накладные расходы (графы 2 и 3) рассчитываются по нормам по
видам работ в соответствии с Методическими указаниями по определению величины
накладных расходов в строительстве (МДС 81-4.99, МДС 81-5.99).",Data1_10_10754_index.pdf,18
Что регулирует Глава 24.1?,"Налоговая ставка, установленная настоящим подпунктом, применяется по доходам, полученным до 1 
января 2029 года, и при условии, что иностранные организации, в порядке редомициляции которых 
зарегистрированы такие компании, или организации, указанные в пункте 1.1 статьи 24.2 настоящего 
Кодекса, являлись публичными компаниями по состоянию на 1 января 2018 года; 
2) 13 процентов - по доходам, полученным в виде дивидендов от российских и иностранных организаций 
российскими организациями, не указанными в подпункте 1 настоящего пункта, а также по доходам в виде 
дивидендов, полученных по акциям, права на которые удостоверены депозитарными расписками; 
3) 15 процентов - по доходам, полученным иностранной организацией в виде дивидендов по акциям 
российских организаций, а также дивидендов от участия в капитале организации в иной форме.",Налоговый кодекс Российской Федерации.pdf,1091
"В каких случаях таможенный орган не направляет уведомление о неуплаченных суммах таможенных пошлин, налогов?","В случае неисполнения или ненадлежащего исполнения обязанности по уплате 
таможенных пошлин, налогов таможенный орган в порядке и сроки, которые устанавливаются 
законодательством государств-членов, направляет плательщику таможенных пошлин, налогов, а 
также лицам, которые в соответствии с настоящим Кодексом несут с плательщиком таможенных 
пошлин, налогов солидарную обязанность по уплате таможенных пошлин, налогов или, если это 
предусмотрено законодательством государств-членов, - субсидиарную обязанность по уплате 
таможенных пошлин, налогов, уведомление о не уплаченных в установленный срок суммах 
таможенных пошлин, налогов, за исключением случаев, предусмотренных пунктом 4 настоящей 
статьи, и случаев, установленных законодательством государств-членов в соответствии с пунктом 5 
настоящей статьи.",Таможенный кодекс Евразийского экономического союза.pdf,55
Какие положения Кодекса применяются при приватизации государственного и муниципального имущества?,"В случае, если до даты приватизации первого жилого помещения в многоквартирном доме такой 
многоквартирный дом был включен в перспективный и (или) годовой план капитального ремонта 
жилищного фонда в соответствии с нормами о порядке разработки планов капитального ремонта 
жилищного фонда, действовавшими на указанную дату, но капитальный ремонт на дату приватизации 
первого жилого помещения проведен не был, и при условии, что капитальный ремонт общего имущества в 
многоквартирном доме после даты приватизации первого жилого помещения до даты включения такого 
многоквартирного дома в региональную программу капитального ремонта не проводился за счет средств 
федерального бюджета, средств бюджета субъекта Российской Федерации, местного бюджета, 
капитальный ремонт общего имущества в многоквартирном доме в соответствии с требованиями 
настоящей статьи проводит орган государственной власти или орган местного самоуправления, 
уполномоченные на дату приватизации первого жилого помещения в многоквартирном доме выступать 
соответственно от имени Российской Федерации, субъекта Российской Федерации, муниципального 
образования в качестве собственника жилого помещения государственного или муниципального 
жилищного фонда, являвшиеся наймодателем (далее - бывший наймодатель).",Жилищный кодекс Российской Федерации.pdf,182
Что происходит при неисполнении обязанности по уплате налога?,"Обязанность по уплате ввозных таможенных пошлин, налогов, специальных, 
антидемпинговых, компенсационных пошлин в отношении временно ввезенных транспортных 
средств международной перевозки у лиц, указанных в подпунктах 2 и 3 пункта 1 настоящей статьи, 
прекращается при передаче в установленном порядке временно ввезенного железнодорожного 
транспортного средства или перевозимых на железнодорожных транспортных средствах 
контейнеров другому железнодорожному перевозчику государства-члена, другому перевозчику 
при перевозке в рамках единого договора перевозки различными видами транспорта либо 
получателю в соответствии с договором перевозки при условии, что до такой передачи не наступил 
срок 
уплаты 
ввозных 
таможенных 
пошлин, 
налогов, 
специальных, 
антидемпинговых, 
компенсационных пошлин.",Таможенный кодекс Евразийского экономического союза.pdf,342
"Какие дополнительные требования предъявляются к некоммерческой организации, если члены подают заявления о намерении принимать участие в заключении договоров подряда на подготовку проектной документации?","Не допускается освобождение члена саморегулируемой организации от обязанности внесения взноса в 
компенсационный фонд возмещения вреда, в том числе за счет его требований к саморегулируемой 
организации, а также освобождение члена саморегулируемой организации, подавшего заявление о 
намерении принимать участие в заключении договоров подряда на выполнение инженерных изысканий, 
подготовку проектной документации, договоров строительного подряда, договоров подряда на 
осуществление сноса с использованием конкурентных способов заключения договоров, от обязанности 
внесения взноса в компенсационный фонд обеспечения договорных обязательств в случае, если 
саморегулируемой организацией принято решение о формировании такого компенсационного фонда.",Градостроительный кодекс Российской Федерации.pdf,213
Какие образовательные программы могут быть реализованы без налогообложения?,"Работодатель обязан предоставить отпуск без сохранения заработной платы: 
работникам, допущенным к вступительным испытаниям, - 10 календарных дней; 
работникам, осваивающим имеющие государственную аккредитацию образовательные программы 
среднего профессионального образования по очной форме обучения и совмещающим получение 
образования с работой, для прохождения промежуточной аттестации - 10 календарных дней в учебном 
году, для прохождения государственной итоговой аттестации - до двух месяцев.",Трудовой кодекс Российской Федерации.pdf,101
В каких сферах коллективного управления может быть получена государственная аккредитация?,"Организация по управлению правами на коллективной основе может получить государственную 
аккредитацию на осуществление деятельности в следующих сферах коллективного управления: 
1) управление исключительными правами на обнародованные музыкальные произведения (с текстом или 
без текста) и отрывки музыкально-драматических произведений в отношении их публичного исполнения, 
сообщения в эфир или по кабелю, в том числе путем ретрансляции (подпункты 6 - 8.1 пункта 2 статьи 1270); 
2) осуществление прав авторов музыкальных произведений (с текстом или без текста), использованных в 
аудиовизуальном произведении, на получение вознаграждения за публичное исполнение либо сообщение 
в эфир или по кабелю, в том числе путем ретрансляции, такого аудиовизуального произведения (пункт 3 
статьи 1263); 
3) управление правом следования в отношении произведения изобразительного искусства, а также 
авторских рукописей (автографов) литературных и музыкальных произведений (статья 1293); 
4) осуществление прав авторов, исполнителей, изготовителей фонограмм и аудиовизуальных 
произведений на получение вознаграждения за воспроизведение фонограмм и аудиовизуальных 
произведений в личных целях (статья 1245); 
5) осуществление прав исполнителей на получение вознаграждения за публичное исполнение, а также за 
сообщение в эфир или по кабелю фонограмм, опубликованных в коммерческих целях (статья 1326);",Гражданский кодекс Российской Федерации.pdf,506
Какая площадь монтажа элементов (сборных) с/без зимней защиты должна быть предусмотрена согласно ГОСТ МДС-80-8.2000?,"м2
 
Монтаж элементов (сборных) с/без зимней защиты
..................",Data1_10_10865_index.pdf,29
Какой разряд зрительной работы установлен для кабинетов обслуживающих видов труда согласно ГОСТ МДС 31-8.2002?,"Вид здания
Характеристика зрительной работы
Наименьший
размер объекта
различения, мм
Разряд
зрительной
работы
Подразряд
зрительной
работы
Нормируемое значение КЕО,
ен, %
при
естественном
освещении
при
совмещенном
освещении
при 
высокой 
насыщенности
помещений светом
Г
-
3,0
1,8
при нормальной насыщенности
помещений светом
Д
-
2,5
1,5
при 
низкой 
насыщенности
помещений светом
Е
-
2,0
1,2
Общая 
ориентировка 
в
пространстве интерьера и зонах
передвижения 
при 
большом 
и
малом скоплении людей
То же
Ж
-
Не регламентируется
З
-
Производственные
Наивысшей точности
Менее 0,15
I
-
-
6,0
Очень высокой точности
От 0,15 до 0,30
II
-
-
4,2
Высокой точности
От 0,30 до 0,50
III
-
-
3,0
Средней точности
Свыше 0,5 до 1,0
IV
-
4,0
2,4
Малой точности и грубая (очень
малой 
точности) 
работа 
со
светящимися изделиями в горячих
цехах
Свыше 1,0
V, VI, VII
-
3,0
1,8
Общее 
наблюдение 
за 
ходом
производственного процесса:
 
 
 
 
 
постоянное
 
VIII
-
3
1,8
периодическое при постоянном
пребывании людей в помещении
 
 
 
1
0,7
периодическое 
при
непостоянном пребывании людей в
помещении
 
 
 
0,7
0,5
общее 
наблюдение 
за
инженерными коммуникациями
 
 
 
0,3
0,2
* Относительная продолжительность зрительной работы, %.",Data1_10_10846_index.pdf,13
"Какое наказание предусмотрено за незаконные действия по усыновлению (удочерению) детей, передаче их под опеку (попечительство), на воспитание в приемные семьи, совершенные неоднократно или из корыстных побуждений?","Дети, оставшиеся без попечения родителей, подлежат передаче в семью на воспитание 
(усыновление (удочерение), под опеку или попечительство, в приемную семью либо в случаях, 
предусмотренных законами субъектов Российской Федерации, в патронатную семью), а при 
отсутствии такой возможности временно, на период до их устройства на воспитание в семью, 
передаются в организации для детей-сирот и детей, оставшихся без попечения родителей, всех 
типов (статья 155.1 настоящего Кодекса).",Семейный кодекс Российской Федерации.pdf,36
Какие действия должны быть предприняты после установки реперов согласно СНиП 3.01.03-84?,"3 и 4
СНиП
2.08.01-
89
Затхлый сырой запах из-
за нарушения
температурно-
влажностного режима
подвалов и техподполий
Температура воздуха должна
быть не ниже +5 град.",Data1_10_10861_index.pdf,24
Какие работы необходимо провести в тепловых сетях согласно ГОСТ МДС 13-18.2000?,"Таблица 2
Способ прокладки
тепловых сетей
Материалы для защитного гидроизоляционного покрытия теплоизоляционных
конструкций
рекомендуемые к
применению
ГОСТ, ТУ
допускаемые к
применению
ГОСТ, ТУ
Подземный 
в
непроходных каналах и
тоннелях
Армопластмассовые
материалы АПП-1,
АПМ-2, АПМ-К
ТУ-362168-85 Стеклотекстолит
покрывной
Материал СТПЛ
ТУ 36-1583-83
Стеклорубероид
ГОСТ 15879-70
Стеклопластик
рулонный 
для
теплоизоляции РСТ
ТУ-6-11-145-8 Фольгоизол**
ГОСТ 20429-84
Пленка 
винипластовая
каландрированная
КПО**
ГОСТ 16398-81
Рубероид*
ГОСТ 10923-82
Подземный 
в
непроходных каналах и
тоннелях
 
 
Фольга 
алюминиевая
дублированная 
для
теплоизоляционных
конструкций
ТУ 36-1177-77
 
 
Штукатурка
асбестоцементная 
по
металлической 
сетке
(при небольших объемах
работ)
* Применять только для прокладки в непроходных каналах.",Data1_10_10852_index.pdf,16
"Можно ли изменить выбранный метод начисления амортизации? Если да, то с какой периодичностью?","Идеальный набор методов определяется таким количеством факторов, что можно
дать только самые общие рекомендации:
предпочтительно комбинировать несколько методов маркетинга (которые, если
возможно, должны взаимно усиливать друг друга); однако лучше избегать тех, которые
лично неприятны и требуют затрат отсутствующих ресурсов;
хотя «холодные» контакты и считаются наименее эффективными (будь это личные
контакты, переписка или разговоры по телефону), ими не следует пренебрегать,
особенно начинающим управляющим проектами;
следует отдавать предпочтение методам, которые быстро и напрямую свяжут
управляющего проектом с потенциальными заказчиками.",Data1_10_10858_index.pdf,22
"Что грозит за производство, хранение, перевозку или сбыт товаров и продукции, не отвечающих требованиям безопасности?","Производство, приобретение, хранение, перевозка в целях сбыта или сбыт продовольственных товаров 
без маркировки и (или) нанесения информации, предусмотренной законодательством Российской 
Федерации, в случае, если такая маркировка и (или) нанесение такой информации обязательны (за 
исключением продукции, указанной в части пятой настоящей статьи), либо производство, приобретение, 
хранение, перевозка в целях сбыта или сбыт продовольственных товаров с использованием заведомо 
поддельных средств идентификации для маркировки товаров, совершенные в крупном размере, - 
наказываются штрафом в размере до четырехсот тысяч рублей или в размере заработной платы или иного 
дохода осужденного за период до двух лет, либо принудительными работами на срок до трех лет, либо 
лишением свободы на срок до трех лет со штрафом в размере до восьмидесяти тысяч рублей или в 
размере заработной платы или иного дохода осужденного за период до шести месяцев.",Уголовный кодекс Российской Федерации.pdf,98
Какова цель настоящего Положения?,"В случае, если цена, примененная в анализируемой сделке, находится в пределах интервала рыночных 
цен, определенного в соответствии с положениями настоящей статьи, для целей налогообложения 
признается, что такая цена соответствует рыночной цене.",Налоговый кодекс Российской Федерации.pdf,294
Какая площадь жилого городка (Подрядчик) и сколько персонала должно быть предусмотрено согласно ГОСТ МДС-80-8.2000?,"ПОДГОТОВКА ПЛОЩАДКИ СТРОИТЕЛЬСТВА
Ведомости объемов работ по разборке существующих зданий, сооружений, фундаментов; рубке леса;
корчевке кустарника
Исходные данные по выносу существующих инженерных сетей и сооружений
 
ГРАФИК СТРОИТЕЛЬСТВА
График начала и окончания строительства (пообъектно)
О Б РА З Е Ц
ГРАФИКА РАБОТ
ТЕНДЕР
Городок:
ГРАФИК РАБОТ
Подрядчик должен подготовить график согласно образцу, из которого был бы виден ход подготовки
утверждаемой и исполнительной частей проектной документации по отдельным зданиям и
сооружениям.",Data1_10_10865_index.pdf,29
Кто осуществляет снос самовольной постройки?,"В случаях, предусмотренных пунктами 2 и 3 части 13 настоящей статьи, орган местного самоуправления, 
осуществивший снос самовольной постройки или ее приведение в соответствие с установленными 
требованиями, вправе требовать возмещения расходов на выполнение работ по сносу самовольной 
постройки или ее приведению в соответствие с установленными требованиями от лиц, указанных в части 6 
настоящей статьи, за исключением случая, если в соответствии с федеральным законом орган местного 
самоуправления имеет право на возмещение за счет казны Российской Федерации расходов местного 
бюджета на выполнение работ по сносу самовольной постройки или ее приведению в соответствие с 
установленными требованиями.",Градостроительный кодекс Российской Федерации.pdf,258
Что признаются однородными требованиями?,"В целях настоящей статьи однородными признаются в том числе требования по поставке имеющих 
одинаковый объем прав ценных бумаг одного эмитента, одного вида, одной категории (типа) или одного 
паевого инвестиционного фонда (для инвестиционных паев паевых инвестиционных фондов), а также 
требования по уплате денежных средств в той же валюте.",Налоговый кодекс Российской Федерации.pdf,1163
На каких условиях создается комиссия по совместной подготовке проектов?,"№ 585, в технической части
тендерной документации для претендента должны быть четкие соответствующие рекомендации по
составу каждого раздела технической части оферты, по каким разделам технической части тендерной
документации претенденту необходимо строго соблюдать условия тендера, а по каким - возможны
отклонения и их параметры (при наличии альтернативного предложения оферента) в разрабатываемой
оферте предложения, направленные на улучшение проектных решений и повышение эффективности
инвестиций в объект торгов, а также на внедрение прогрессивных технологий и оборудования.",Data1_10_10865_index.pdf,36
"Какое наказание предусмотрено за нарушение требований пожарной безопасности, если это повлекло по неосторожности причинение тяжкого вреда здоровью человека?","Нарушение требований пожарной безопасности, совершенное лицом, на котором лежала обязанность 
по их соблюдению, если это повлекло по неосторожности причинение тяжкого вреда здоровью человека, -",Уголовный кодекс Российской Федерации.pdf,162
Как определить стоимость единицы измерения материала в соответствии с Формой № 5?,"Наименование
материалов-
представителей
и
единиц
измерения
Приведенный
расход
материалов-
представителей
прямые
затраты
основная
зарплата
эксплуатация
машин
материалы
всего с
накладными
расходами и
сметной
прибылью
трудоемкость
в том числе
зарплата
машинистов
1
2
3
4
5
6
7
8
9
10
11
12
13
Форма № 3-в
__________________________________________________
(наименование стройки)
ОБЪЕКТНЫЙ СМЕТНЫЙ РАСЧЕТ № ________________________
(Объектная смета)
на строительство ___________________________________________
(наименование объекта)
Сметная стоимость _________________ тыс.",Data1_2_2076_index.pdf,15
Какие этапы разработки градостроительной документации предусмотрены ГОСТ МДС 11-7.2000?,"11 Стоимость разработки рабочих чертежей архитектурных решений интерьеров (ГОСТ 21.507-81), предусмотренных
заданием на проектирование, определяется по ценам настоящего раздела с коэффициентом до 1,2 к архитектурно-строительной
части.",Data1_11_11835_index.pdf,9
"Какова эффективность рекламы, согласно ГОСТ МДС 11-11.2000?","11; другие характеристики закрепленных грунтов определяют согласно действующим нормам и пособиям
(руководствам) на изыскания и проектирование оснований и фундаментов сооружений и соответствующим ГОСТам.",Data1_11_11295_index.pdf,26
Какая расчетная температура воздуха в помещениях для взрослых больных в больницах согласно ГОСТ МДС 31-8.2002?,"8;
для шума, создаваемого в помещениях установками кондиционирования воздуха, вентиляции и
воздушного отопления, - на 5 дБ меньше фактических уровней шума в этих помещениях (измеренных
или определенных расчетом), если последние не превышают значений, указанных в табл.",Data1_10_10865_index.pdf,21
"Что такое ""индикатор риска""?","Принцип предупреждения и профилактики опасностей означает, что работодатель систематически должен 
реализовывать мероприятия по улучшению условий труда, включая ликвидацию или снижение уровней 
профессиональных рисков или недопущение повышения их уровней, с соблюдением приоритетности 
реализации таких мероприятий.",Трудовой кодекс Российской Федерации.pdf,115
Что такое счет неустановленных лиц и для каких организаций он предназначен?,"Сообщение кодированных сигналов признается сообщением в эфир, если средства 
декодирования предоставляются неограниченному кругу лиц организацией эфирного вещания или с ее 
согласия; 
2) сообщение по кабелю, то есть сообщение исполнения для всеобщего сведения посредством его 
передачи по радио или телевидению с помощью кабеля, провода, оптического волокна или аналогичных 
средств (в том числе путем ретрансляции); 
3) доведение исполнения до всеобщего сведения таким образом, что любое лицо может получить к нему 
доступ из любого места и в любое время по собственному выбору (доведение до всеобщего сведения); 
4) запись исполнения, то есть фиксация звуков и (или) изображения или их отображений с помощью 
технических средств в какой-либо материальной форме, позволяющей осуществлять их неоднократное 
восприятие, воспроизведение или сообщение; 
5) воспроизведение записи исполнения, то есть изготовление одного и более экземпляра записи 
исполнения или ее части в любой материальной форме.",Гражданский кодекс Российской Федерации.pdf,547
Что такое инвестиционный налоговый вычет и как он влияет на уменьшение доходов от реализации объекта основных средств?,"При этом при реализации покупных товаров расходы, связанные с их покупкой и реализацией, 
формируются с учетом положений статьи 320 настоящего Кодекса; 
4) при реализации объекта основных средств (нематериального актива), в отношении которого 
налогоплательщик использовал право на применение инвестиционного налогового вычета, до истечения 
срока его полезного использования - на первоначальную стоимость такого объекта основных средств 
(нематериального актива) при условии восстановления в соответствии с пунктом 12 статьи 286.1 настоящего 
Кодекса суммы налога, не уплаченной в связи с применением такого вычета; 
5) при реализации объекта основных средств, в отношении которого налогоплательщик использовал право 
на применение инвестиционного налогового вычета в части стоимости основного средства, - на остаточную 
стоимость амортизируемого имущества, определяемую в соответствии с пунктом 1 статьи 257 настоящего 
Кодекса, соответствующую части первоначальной стоимости такого объекта основных средств, 
сформированной за счет расходов, в части которых налогоплательщик не использовал право на применение 
инвестиционного налогового вычета.",Налоговый кодекс Российской Федерации.pdf,996
"Какой штраф грозит председателю или члену избирательной комиссии, комиссии референдума за нарушение установленного законом порядка подсчета голосов?","Нарушение председателем или членом избирательной комиссии, комиссии референдума 
установленного законом порядка подсчета голосов либо установленного законом порядка обработки 
итогов голосования, определения результатов выборов, референдума, общероссийского голосования - 
влечет наложение административного штрафа в размере от пятисот до одной тысячи пятисот рублей.",Административный кодекс Российской Федерации.pdf,41
"Какие гарантии и льготы предоставляются лицам, воспитывающим детей без матери?","Гарантии, предусмотренные частью второй настоящей статьи, предоставляются также работникам, 
имеющим детей-инвалидов, работникам, осуществляющим уход за больными членами их семей в 
соответствии с медицинским заключением, выданным в порядке, установленном федеральными законами 
и иными нормативными правовыми актами Российской Федерации, матерям и отцам, воспитывающим без 
супруга (супруги) детей в возрасте до четырнадцати лет, опекунам детей указанного возраста, родителю, 
имеющему ребенка в возрасте до четырнадцати лет, в случае, если другой родитель работает вахтовым 
методом, призван на военную службу по мобилизации или проходит военную службу по контракту, 
заключенному в соответствии с пунктом 7 статьи 38 Федерального закона от 28 марта 1998 года N 53-ФЗ ""О 
воинской обязанности и военной службе"", либо заключил контракт о добровольном содействии в 
выполнении задач, возложенных на Вооруженные Силы Российской Федерации, а также работникам, 
имеющим трех и более детей в возрасте до восемнадцати лет, в период до достижения младшим из детей 
возраста четырнадцати лет.",Трудовой кодекс Российской Федерации.pdf,155
"Какое состояние должны иметь водосточные трубы и окрытия оголовков, парапетов и т.п. согласно ГОСТ МДС 13-18.2000?","Желоба, лотки, воронки и
водосточные трубы должны
быть выполнены как единая
водоприемная система с
соблюдением необходимых
уклонов, для чего лежачие
фальцы загибают по уклону,
лотки в нижней части заводят
под желоба; колена и звенья
водосточных труб вставляют
один в другой (верхние
внутрь нижних)
Водоотводящие устройства
привести в технически
исправное состояние до
наступления оттепелей
«П и Н»
п.",Data1_10_10861_index.pdf,15
Каковы лимиты на учетный период для суммированного учета рабочего времени?,"В случае, если по причинам сезонного и (или) технологического характера для отдельных категорий 
работников, занятых на работах с вредными и (или) опасными условиями труда, установленная 
продолжительность рабочего времени не может быть соблюдена в течение учетного периода 
продолжительностью три месяца, отраслевым (межотраслевым) соглашением и коллективным договором 
может быть предусмотрено увеличение учетного периода для учета рабочего времени таких работников, 
но не более чем до одного года.",Трудовой кодекс Российской Федерации.pdf,71
По какому документу (СНиП 3.01.03-84) указываются места установки рабочих реперов?,"9
гр.4
зарплата рабочих-
строителей
трудоемкость, чел-
ч
стоимость
материалов
стоимость
эксплуатации
машин
в том числе
зарплата
машинистов
всего
в том
числе
зарплата
1
2
3
4
5
6
7
8
9
10
01.02.10 Устройство монолитных
фундаментов 
общего
назначения
100м3
6996
18540 441
437432
3851 1155
459823
19695
493114 22620
70,49
01.02.20 Устройство бутобетонных
фундаментов
100м3
6078
24360 587
360593
3301
990
388254
25350
431981 29712
71,08
01.02.30 Установка 
сборных
бетонных блоков
100м3
8527
6034
06
588986
34879
7685
629900
13719
640922 7490
75,16
01.02.40 Укладка 
сборных
железобетонных блоков и
плит
100м3
14733
18660 435
694120
77862 13906
790642
32566
824475 22989
55,96
01.02.51 Погружение 
дизель-
молотом на экскаваторе
железобетонных свай
м3
185
166
4
8109
1891
207
10166 372
10468 205
56,64
01.02.52 Устройство
буронабивных 
свай 
в
сухих 
устойчивых
грунтах с бурением
м3
201
55
1
15346
519
61
15919
116
16019
68
79,89
01.02.60 Укладка 
балок
фундаментных
100м3
16584
27968 605
1118584
29149 5745
1175701
33713
1226023
34193
73,93
01.02.70 Установка 
анкерных
болтов 
и 
закладных
деталей
т
1584
12660 289
88059
210
63
100929
12723
123643 15434
78,08
01.02.80 Обмазочная 
битумная
гидроизоляция в 2 слоя
стен и фундаментов
100м2
190
996
21
12646
148
45
13791
1041
15579 1215
81,93
01.02.90 Оклеечная гидроизоляций
по 
выровненной
поверхности 
бутовои
кладки кирпичу бетону
100м2
285
238
10
23508
277
83
24033 321
24452 291
85,88
01.20.10 Гидроизоляция 
стен 
и
фундаментов цементная с
жидким стеклом
100м2
203
1548
38
11331
162
49
13041
1597
15820 1888
77,94
ПРИЛОЖЕНИЕ 4
Форма № 2-к
ПОПРАВОЧНЫЕ КОЭФФИЦИЕНТЫ К ПОКАЗАТЕЛЯМ СБОРНИКА УПБС ВР
Шифр
УПБС
ВР
Текст поправки
 
Коэффициенты к
основной
заработной
плате
нормам
затрат
труда
стоимости
эксплуата
ци и машин
заработной
плате ма
шинистов
нормам расхода материала
код
коэффициент
1
2
3
4
5
6
7
8
01.01.11
На емкость ковша 1 м3
0,53
0,53
0,73
0,72
04.01.02
1,00",Data1_2_2079_index.pdf,16
Какое административное наказание предусмотрено за нарушение сроков обслуживания и погашения государственного (муниципального) долга?,"При расчете показателя, предусмотренного настоящим абзацем, в объеме 
государственного долга субъектов Российской Федерации не учитываются бюджетные кредиты, 
предоставленные из федерального бюджета бюджету субъекта Российской Федерации на 
финансовое обеспечение реализации инфраструктурных проектов; 
не более 13 процентов для показателя ""Годовая сумма платежей по погашению и 
обслуживанию государственного долга субъекта Российской Федерации (муниципального долга), 
возникшего по состоянию на 1 января очередного финансового года, без учета платежей, 
направляемых на досрочное погашение долговых обязательств со сроками погашения после 1 
января года, следующего за очередным финансовым годом, к общему объему налоговых и 
неналоговых доходов бюджета субъекта Российской Федерации (местного бюджета) и дотаций из 
бюджетов 
бюджетной 
системы 
Российской 
Федерации"".",Бюджетный кодекс Российской Федерации.pdf,155
Могут ли собственники установить взнос на капитальный ремонт выше минимального?,"Минимальный размер взноса на капитальный ремонт устанавливается нормативным правовым актом 
субъекта Российской Федерации в соответствии с методическими рекомендациями, утвержденными 
уполномоченным Правительством Российской Федерации федеральным органом исполнительной власти, 
в порядке, установленном законом субъекта Российской Федерации, исходя из занимаемой общей 
площади помещения в многоквартирном доме, принадлежащего собственнику такого помещения, и 
может быть дифференцирован в зависимости от муниципального образования, в котором расположен 
многоквартирный дом, с учетом его типа и этажности, стоимости проведения капитального ремонта 
отдельных элементов строительных конструкций и инженерных систем многоквартирного дома, 
нормативных сроков их эффективной эксплуатации до проведения очередного капитального ремонта 
(нормативных межремонтных сроков), а также с учетом установленного настоящим Кодексом и 
нормативным правовым актом субъекта Российской Федерации перечня работ по капитальному ремонту 
общего имущества в многоквартирном доме.",Жилищный кодекс Российской Федерации.pdf,121
"Какие действия должен предпринять налоговый орган после принятия решения об отказе, приостановлении, возобновлении или аннулировании свидетельства?","Налоговый орган, выдавший (выдающий) свидетельство, обязан уведомить в письменной форме 
организацию об отказе в выдаче свидетельства, о приостановлении его действия, неполном устранении 
нарушений, повлекших за собой приостановление действия свидетельства, о возобновлении действия 
свидетельства или об аннулировании свидетельства в трехдневный срок со дня принятия соответствующего 
решения.",Налоговый кодекс Российской Федерации.pdf,584
Какие телефоны доступны для бесплатной юридической консультации в Москве и Московской области?,"Бесплатная юридическая консультация по телефонам: 
• 8 (499) 938-53-71 (Москва и МО); 
 
• 8 (812) 467-95-28 (Санкт-Петербург и ЛО); 
• 8 (800) 301-92-12 (Регионы РФ).",Градостроительный кодекс Российской Федерации.pdf,265
"Какие решения принимаются о подготовке и реализации бюджетных инвестиций в объекты государственной собственности Российской Федерации, находящиеся в оперативном управлении или хозяйственном ведении федеральных государственных учреждений стоимостью менее 3 миллиардов рублей?","Комментарии к статьям на сайте 
https://budkod.ru/ 
 
 
 
средства, получаемые в виде процентов по остаткам бюджетных средств на счетах в 
Центральном банке Российской Федерации и в кредитных организациях; 
средства, получаемые от передачи имущества, находящегося в государственной или 
муниципальной 
собственности 
(за 
исключением 
имущества 
бюджетных 
и 
автономных 
учреждений, а также имущества государственных и муниципальных унитарных предприятий, в том 
числе казенных, и имущества, переданного в доверительное управление юридическим лицам, 
созданным 
в 
организационно-правовой 
форме 
государственной 
компании), 
в 
залог, 
в 
доверительное управление; 
плата за пользование бюджетными кредитами; 
доходы в виде прибыли, приходящейся на доли в уставных (складочных) капиталах 
хозяйственных товариществ и обществ, или дивидендов по акциям, принадлежащим Российской 
Федерации, субъектам Российской Федерации или муниципальным образованиям, за исключением 
случаев, установленных федеральными законами; 
часть прибыли государственных и муниципальных унитарных предприятий, остающаяся 
после уплаты налогов и иных обязательных платежей; 
другие 
предусмотренные 
законодательством 
Российской 
Федерации 
доходы 
от 
использования имущества, находящегося в государственной или муниципальной собственности, за 
исключением 
имущества 
бюджетных 
и 
автономных 
учреждений, 
а 
также 
имущества 
государственных и муниципальных унитарных предприятий, в том числе казенных, земельных 
участков и иных объектов недвижимого имущества, находящихся в федеральной собственности, 
используемых единым институтом развития в жилищной сфере в соответствии с Федеральным 
законом от 24 июля 2008 года N 161-ФЗ ""О содействии развитию жилищного строительства"".",Бюджетный кодекс Российской Федерации.pdf,34
Что происходит с пунктами 3.1 и 4 статьи 183?,"Договор поручительства должен соответствовать следующим требованиям: 
договор поручительства должен быть оформлен в соответствии со статьей 74 настоящего Кодекса и должен 
предусматривать обязанность поручителя уплатить акциз в случае непредставления налогоплательщиком 
документов в порядке и сроки, которые установлены пунктами 7, 7.1, 7.2 статьи 198 настоящего Кодекса, и 
неуплаты налогоплательщиком соответствующей суммы акциза; 
сумма, на которую заключен договор поручительства, должна обеспечивать исполнение обязательства по 
уплате в бюджет в полном объеме суммы акциза, исчисленной в соответствии с пунктом 1 статьи 202 
настоящего Кодекса по операциям, указанным в подпунктах 4, 4.1, 4.2 пункта 1 статьи 183 настоящего 
Кодекса; 
срок действия договора поручительства, предоставляемого в целях освобождения от уплаты акциза при 
совершении операций, предусмотренных подпунктами 4, 4.1, 4.2 пункта 1 статьи 183 настоящего Кодекса, 
должен составлять не менее 10 месяцев со дня истечения установленного срока исполнения 
налогоплательщиком обязанности по уплате акциза, обеспеченной поручительством, и должен быть не 
более одного года со дня заключения договора поручительства.",Налоговый кодекс Российской Федерации.pdf,609
Какие примеры расчета приведенных затрат приведены в разделе «Экономическая оценка» согласно ГОСТ МДС 80-3.2000?,"Пример расчета индекса изменения стоимости строительно-монтажных работ по их видам на основе ресурсно-
индексного метода с использованием ресурсно-технологических моделей на укрупненные виды работ приведен в прил.3 к
настоящим Методическим рекомендациям.",Data1_2_2117_index.pdf,5
Какой ГОСТ определяет стоимость 1 м² общей площади для культурно-бытового строительства?,"Код ресурсно-
технологической
модели (РТМ)
Наименование отраслей народного хозяйства и объектов-представителей
1
2
1.0800.03.10
Крупноблочные 1-этажные дома
1.0800.03.20
Крупноблочные 5-этажные дома
1.0800.03.30
Крупноблочные 10 этажные дома
1.0802.04.00
Деревянные для села
1.0800.04.10
Деревянные 1-этажные дома
1.0800.06.00
Монолитные в целом
1.0801.06.00
Монолитные для города
1.0802.06.00
Монолитные для села
1.0900.00.00
Культурно-бытовое строительство
1.0900.01.00
Коммунальное строительство
01.01
Гостиница вместимостью 300 мест
01.02
Котельная, инженерные сети и очистные сооружения
01.03
Трансформаторная подстанция на 2 х 400 кВт
1.0900.02.00
Наука и научное обслуживание
02.01
Физический институт им.",Data1_2_2080_index.pdf,33
Какие сведения подлежат указанию в декларации на товары в отношении сделки с товарами и ее условий?,"Комментарии к статьям на сайте 
https://tkeaes.ru/ 
 
 
 
интеллектуальной собственности, идентификации, отнесения к одному 10-значному коду Товарной 
номенклатуры внешнеэкономической деятельности; 
код товаров в соответствии с Товарной номенклатурой внешнеэкономической деятельности; 
происхождение товаров; 
наименование страны отправления и страны назначения; 
производитель товаров; 
товарный знак; 
наименование места происхождения товара, являющееся объектом интеллектуальной 
собственности, включенным 
в 
единый 
таможенный 
реестр 
объектов 
интеллектуальной 
собственности 
государств-членов 
и 
(или) 
национальный 
таможенный 
реестр 
объектов 
интеллектуальной собственности, который ведется таможенным органом государства-члена, 
таможенному органу которого подается декларация на товары; 
описание упаковок; 
цена, количество в килограммах (вес брутто и вес нетто) и в дополнительных единицах 
измерения; 
таможенная стоимость товаров (величина, метод определения таможенной стоимости 
товаров); 
статистическая стоимость; 
5) об исчислении таможенных платежей, специальных, антидемпинговых, компенсационных 
пошлин: 
ставки таможенных пошлин, налогов, таможенных сборов, специальных, антидемпинговых, 
компенсационных пошлин; 
льготы по уплате таможенных платежей; 
тарифные преференции; 
суммы исчисленных таможенных пошлин, налогов, таможенных сборов, специальных, 
антидемпинговых, компенсационных пошлин; 
курс валют, применяемый для исчисления таможенных пошлин, налогов, специальных, 
антидемпинговых, компенсационных пошлин в соответствии с настоящим Кодексом; 
6) о сделке с товарами и ее условиях; 
7) о соблюдении запретов и ограничений в соответствии со статьей 7 настоящего Кодекса; 
8) о соблюдении условий помещения товаров под таможенную процедуру; 
9) о документах, подтверждающих сведения, заявленные в декларации на товары, указанных 
в статье 108 настоящего Кодекса; 
10) о документах, подтверждающих соблюдение законодательства государств-членов, 
контроль за соблюдением которого возложен на таможенные органы; 
11) о лице, заполнившем декларацию на товары, и дата ее составления; 
12) иные сведения, определяемые Комиссией.",Таможенный кодекс Евразийского экономического союза.pdf,116
Как определяется сметная стоимость ремонта основных средств?,"Совокупная стоимость основных средств определяется как сумма первоначальной стоимости всех 
амортизируемых основных средств, введенных в эксплуатацию по состоянию на начало налогового 
периода, в котором образуется резерв предстоящих расходов на ремонт основных средств.",Налоговый кодекс Российской Федерации.pdf,1215
Каков расход химически очищенной воды при испытании паровых котлов ДЕ-16-14ГМ по ГОСТ МДС 81-8.2000?,"оборудования (на
2 котла)
1
2
3
4
5
6
7
8
   
Расход
материалов при
испытании
паровых котлов
ДЕ-16-14ГМ 
(2
котла)
 
 
 
 
 
1 Счет
поставщика
Газ
естественный
тыс.",Data1_10_10864_index.pdf,29
Какие права и ответственности разъясняются специалисту?,"В договоре следует, как
правило, предусматривать, на какой объем реализации передается заказчику
авторское право специалиста (автора проекта, держателя «ноу-хау» и др.), а также
указывать на запрещение использовать интеллектуальную собственность в иных, не
предусмотренных соглашением случаях и масштабах.",Data1_10_10851_index.pdf,5
Какие ставки используются для определения платежей по процентам за кредиты банков?,"Прочие расходы (транспортные*, экспедиционные, страховые, уплата процентов за пользование
ссудами банка) определяются в текущих или прогнозных ценах (в зависимости от метода составления
сводного сметного расчета на строительство в смешанных ценах) по соответствующим тарифам и
ставкам (без НДС и специального налога).",Data1_2_2082_index.pdf,8
"Что делать водителю, если документы о ДТП не могут быть оформлены без участия сотрудников полиции?","Иметь при себе и по требованию сотрудников полиции передавать им, для проверки: 
водительское 
удостоверение 
или 
временное 
разрешение 
на 
право 
управления 
транспортным средством соответствующей категории или подкатегории; 
регистрационные документы на данное транспортное средство (кроме мопедов), а при 
наличии прицепа - и на прицеп (кроме прицепов к мопедам); 
в установленных случаях разрешение на осуществление деятельности по перевозке 
пассажиров и багажа легковым такси, путевой лист, лицензионную карточку и документы на 
перевозимый груз (транспортная накладная, заказ-наряд, сопроводительная ведомость, которые 
могут быть представлены на бумажном носителе, либо в форме электронного документа, либо его 
копии на бумажном носителе), а также специальные разрешения, при наличии которых в 
соответствии с законодательством об автомобильных дорогах и о дорожной деятельности 
допускается движение по автомобильным дорогам тяжеловесного транспортного средства, 
крупногабаритного транспортного средства либо транспортного средства, осуществляющего 
перевозки опасных грузов; 
документ, подтверждающий факт установления инвалидности, в случае управления 
транспортным средством, на котором установлен опознавательный знак ""Инвалид""; 
абзац утратил силу с 2 января 2020 г.",ПДД Российской Федерации.pdf,6
Какие данные должны содержаться в сводке объемов и стоимости подрядных работ согласно ГОСТ МДС 81-10.2000?,"ГОССТРОЙ РОССИИ
М Е Т О Д И Ч Е С К И Е  Р Е К О М Е Н Д А Ц И И
ПО РАЗРАБОТКЕ
ТЕХНИЧЕСКОЙ ЧАСТИ
ТЕНДЕРНОЙ ДОКУМЕНТАЦИИ
И ОФЕРТЫ ПРЕТЕНДЕНТА
МДС-80-8.2000
МОСКВА 2000
Методические 
рекомендации 
по 
разработке 
технической 
части 
тендерной 
документации
предназначены 
для 
всех 
субъектов 
инвестиционной 
деятельности: 
заказчиков 
(инвесторов),
организаторов торгов, тендерных комитетов всех уровней, подрядных и субподрядных организаций,
представленных в качестве претендентов и оферентов, консалтинговых, инженерно-консультационных,
финансовых, страховых и иных организаций, в том числе иностранных партнеров, участвующих в
подрядных торгах на территории Российской Федерации, а также университетов и институтов
повышения квалификации руководящих работников и специалистов организаций вне зависимости от
видов и форм собственности.",Data1_10_10865_index.pdf,1
Какие меры наказания управляющего проекта за неудачное управление конкурентностью работников указаны в ГОСТ МДС 80-2.2000?,"Наличие конкуренции между работниками внутри проектного института
означает, что созданы такие организационные, экономические и социальные условия,
которые позволяют директору института, управляющему проектом (ГИПу, ГАПу) и
начальнику основного проектного отдела (мастерской) принимать решения о том,
кому поручить выполнение работы, за какую цену и в какие сроки на конкурентной
основе, т.е.",Data1_10_10872_index.pdf,3
Какие показатели включены в информацию о жилых кварталах и микрорайонах согласно ГОСТ МДС 11-7.2000?,"ПРИЛОЖЕНИЕ 14
ОСНОВНЫЕ ТЕХНИКО-ЭКОНОМИЧЕСКИЕ ПОКАЗАТЕЛИ ПРОЕКТА
ДЕТАЛЬНОЙ ПЛАНИРОВКИ
Показатель
Единица измерения
Территория
Территория в границе проекта (всего)
га
в том числе:
 
жилые кварталы, микрорайоны
га/м2/чел
из них:
 
многоэтажной застройки
-""-
индивидуальной застройки
-""-
участки учреждений и предприятий обслуживания (кроме микрорайонного
значения)
-""-
территории общего пользования
-""-
из них:",Data1_1_1904_index.pdf,41
В какие сроки должен быть направлен запрос о подтверждении выполнения соглашения?,"Выдача лица может быть произведена в случаях: 
1) если уголовный закон предусматривает за совершение этих деяний наказание в виде лишения свободы 
на срок свыше одного года или более тяжкое наказание, когда выдача лица производится для уголовного 
преследования; 
2) если лицо, в отношении которого направлен запрос о выдаче, осуждено к лишению свободы на срок не 
менее шести месяцев или к более тяжкому наказанию; 
3) когда иностранное государство, направившее запрос, может гарантировать, что лицо, в отношении 
которого направлен запрос о выдаче, будет преследоваться только за преступление, которое указано в 
запросе, и после окончания судебного разбирательства и отбытия наказания сможет свободно покинуть 
территорию данного государства, а также не будет выслано, передано либо выдано третьему государству 
без согласия Российской Федерации.",Уголовно-процессуальный кодекс Российской Федерации.pdf,292
Какие размеры площадки для мини-волейбола указаны для детей 9 - 12 лет согласно ГОСТ МДС 35-7.2000?,"Площадка для детей от 2 до 4 - 5 лет:
1 - фонтанчик с отводными коробами; 2 - песочница со скамьями по периметру; 3 - теневой навес; 4 -
горка-лабиринт; 5 - горка-манеж с пологой лестницей; 6 - столики-барьеры; 7 - деревянная
стилизованная «лошадь»; 8 - качели; 9 - качалки; 10 - бревна для упражнений на равновесие; 11 - стенки
для рисования; 12 - корзина для забрасывания мяча; 13 - шест для набрасывания колец; 14 - паровоз; 15
- двойная горка; 16 - «рыба-кит» - горка для скатывания; рукоход; наклонные лестницы; 17 - карусель;
18 - площадка для игры в крокет",Data1_10_10847_index.pdf,13
Какие регионы освобождаются от уплаты налога на прибыль?,"Освободить
предприятия,
находящиеся
(передислоцированные)
в регионах,
пострадавших от
радиоактивного
загрязнения вследствие
чернобыльской и других
радиационных
катастроф, от уплаты
налога на прибыль,
полученную ими от
выполнения проектно-
конструкторских,",Data1_2_2070_index.pdf,11
Какие основания существуют для отказа в открытии лицевого счета участнику казначейского сопровождения?,"Комментарии к статьям на сайте 
https://budkod.ru/ 
 
 
 
единый счет бюджета - казначейский счет (совокупность казначейских счетов для 
федерального 
бюджета, 
бюджетов 
государственных 
внебюджетных 
фондов 
Российской 
Федерации), открытый (открытых) в Федеральном казначействе отдельно по каждому бюджету 
бюджетной системы Российской Федерации для осуществления и отражения операций с 
денежными средствами по поступлениям в бюджет и перечислениям из бюджета; 
казначейское обслуживание - проведение Федеральным казначейством в системе 
казначейских платежей операций участников системы казначейских платежей с денежными 
средствами с их отражением на соответствующих казначейских счетах; 
бюджетный мониторинг в системе казначейских платежей - деятельность Федерального 
казначейства по своевременному предупреждению и предотвращению финансовых нарушений 
участников системы казначейских платежей; 
участник 
казначейского 
сопровождения 
- 
юридическое 
лицо, 
индивидуальный 
предприниматель, физическое лицо - производитель товаров, работ, услуг, получающие средства, 
определенные в соответствии со статьями 242.25 и 242.26 настоящего Кодекса, использование 
которых осуществляется после подтверждения на соответствие условиям и (или) целям, 
установленным при предоставлении средств; 
казначейское сопровождение - проведение Федеральным казначейством (финансовыми 
органами субъектов Российской Федерации (муниципальных образований) операций с денежными 
средствами участника казначейского сопровождения; 
государственные (муниципальные) услуги (работы) - услуги (работы), оказываемые 
(выполняемые) 
органами 
государственной 
власти 
(органами 
местного 
самоуправления), 
государственными 
(муниципальными) 
учреждениями 
и 
в 
случаях, 
установленных 
законодательством Российской Федерации, иными юридическими лицами; 
государственное (муниципальное) задание - документ, устанавливающий требования к 
составу, качеству и (или) объему (содержанию), условиям, порядку и результатам оказания 
государственных (муниципальных) услуг (выполнения работ); 
бюджетные инвестиции - бюджетные средства, направляемые на создание или увеличение 
за счет средств бюджета стоимости государственного (муниципального) имущества; 
налоговые расходы публично-правового образования - выпадающие доходы бюджетов 
бюджетной 
системы 
Российской 
Федерации, 
обусловленные 
налоговыми 
льготами, 
освобождениями и иными преференциями по налогам, сборам, таможенным платежам, страховым 
взносам на обязательное 
социальное 
страхование, 
предусмотренными 
в 
качестве мер 
государственной (муниципальной) поддержки в соответствии с целями государственных 
(муниципальных) программ и (или) целями социально-экономической политики публично-
правового образования, не относящимися к государственным (муниципальным) программам; 
финансовые органы - Министерство финансов Российской Федерации, органы 
исполнительной власти субъектов Российской Федерации, осуществляющие составление и 
организацию исполнения бюджетов субъектов Российской Федерации (финансовые органы 
субъектов Российской Федерации), органы (должностные лица) местных администраций 
муниципальных образований, осуществляющие составление и организацию исполнения местных 
бюджетов (финансовые органы муниципальных образований); 
главный распорядитель бюджетных средств (главный распорядитель средств 
соответствующего бюджета) - орган государственной власти (государственный орган), орган 
управления государственным внебюджетным фондом, орган местного самоуправления, орган 
местной администрации, а также наиболее значимое учреждение науки, образования, культуры и",Бюджетный кодекс Российской Федерации.pdf,5
Какие нормы СНиП регулируют использование товарного раствора?,"При отсутствии укрупненных нормативов или объектов-аналогов определение стоимости во внутренних (базисных) ценах Российской
Федерации производится:
по строительно-монтажным работам - на основании объемов основных строительных и монтажных работ, определенных в ТЭО или ТЭП, с
использованием “Сметных норм и расценок на стромительные работы” (СНиР-91) и “Расценок на монтаж оборудования” (СНиП 4.06-91), а
остальных строительно-монтажных работ - в процентах к стоимости основных работ, определяемых расчетом проектной организации;*
по оборудованию - по приводимым в составе ТЭО или ТЭП спецификациям на основное оборудование** или укрупненным показателям
стоимости этого оборудования, а по остальному оборудованию - в процентах к стоимости основного оборудования, определяемых расчетом
проектной организации*.",Data1_2_2069_index.pdf,4
Какие сроки и процедуры заключения соглашений о недопущении конкуренции описаны в ГОСТ МДС 80-2.2000?,"________________________________                   ________________________________
дата                                                                                          дата
ПРИЛОЖЕНИЕ 2
СОГЛАШЕНИЕ
о недопущении конкуренции со стороны работника
Форма 1
При поступлении на работу по найму в
___________________________________________________________________________
наименование организации
я, нижеподписавший(ая)ся, обязуюсь по окончании срока найма и независимо от
причин его окончания не конкурировать с организацией, а также с ее преемниками и
правопреемниками.",Data1_10_10872_index.pdf,8
Какие меры рекомендованы для предотвращения попадания конденсата на перекрытия через стыки канализационных стояков согласно ГОСТ МДС 17-13.2000?,"При передаче точек разбивочной сети на этажи здания, сооружения методом
вертикального проектирования отверстия в перекрытиях должны быть ограждены
таким образом, чтобы исключить возможность попадания в них строительного мусора и
других предметов.",Data1_11_11285_index.pdf,77
Что может требовать правообладатель в случае незаконного использования товарного знака?,"Для целей настоящей статьи использованием товарного знака признается его использование 
правообладателем или лицом, которому такое право предоставлено на основании лицензионного 
договора в соответствии со статьей 1489 настоящего Кодекса, либо другим лицом, осуществляющим 
использование товарного знака под контролем правообладателя, при условии, что использование 
товарного знака осуществляется в соответствии с пунктом 2 статьи 1484 настоящего Кодекса, за 
исключением случаев, когда соответствующие действия не связаны непосредственно с введением товара в 
гражданский оборот, а также использование товарного знака с изменением его отдельных элементов, не 
меняющим существа товарного знака и не ограничивающим охрану, предоставленную товарному знаку.",Гражданский кодекс Российской Федерации.pdf,631
Какие значения коэффициентов ψa и ψb приведены в таблице 8 согласно СНиП 3.01.03-84?,"5 мг/м3 пыли, дыма и
копоти
Агломерационные фабрики, цементные
заводы и обрубные отделения литейных
цехов
2,0
1,8
1,7
1,5
4
б) от 1 до 5 мг/м3 пыли, дыма
и копоти
Цехи 
кузнечные, 
литейные,
мартеновские, сборного железобетона
1,8
1,6
1,5
1,4
3
в) менее 1 мг/м3 пыли, дыма и
копоти
Цехи инструментальные, сборочные,
механические, 
механосборочные,
пошивочные
1,6
1,5
1,4
1,3
2
г) значительные концентрации
паров, кислот, щелочей, газов,
способных при соприкосновении
с влагой образовывать слабые
растворы 
кислот, 
щелочей, 
а
также 
обладающих 
большой
корродирующей способностью
Цехи химических заводов по выработке
кислот, щелочей, едких химических
реактивов, ядохимикатов, удобрений,
цехи 
гальванических 
покрытий 
и
различных отраслей промышленности с
применением электролиза
2,0
1,8
1,7
1,5
3
П р и м е ч а н и е  - При применении узорчатого стекла значения коэффициента запаса следует умножать на 1,1.",Data1_10_10846_index.pdf,33
Какие телефонные номера доступны для бесплатной юридической консультации в регионах России?,"Бесплатная юридическая консультация по телефонам: 
• 8 (499) 938-53-71 (Москва и МО); 
 
• 8 (812) 467-95-28 (Санкт-Петербург и ЛО); 
• 8 (800) 301-92-12 (Регионы РФ).",Административный кодекс Российской Федерации.pdf,347
Какие меры предусмотрены для ликвидации волосяных трещин в стенах согласно ГОСТ МДС 13-18.2000?,"Для наклейки плиток
можно применять мастики
битумно-силикатную,
известковолатексную,
цементно-
поливинилацетатную, слой
мастики 2 - 3 мм
СНиП 2.08.01-89 Выявлены промерзания
стен, наледь вдоль
Влажность материалов по
СНиП II-3-79** 1991 г.:
Устранить причины
увлажнения, привести в",Data1_10_10861_index.pdf,16
Какие рекомендации по расчету материальных затрат и прочих расходов даны в ГОСТ МДС 81-7.2000?,"П Р И Л ОЖ Е Н И Е  1
ПЕРЕЧЕНЬ НОРМАТИВНО-МЕТОДИЧЕСКИХ ДОКУМЕНТОВ,
ИСПОЛЬЗУЕМЫХ ПРИ СОСТАВЛЕНИИ СМЕТ НА ПУСКОНАЛАДОЧНЫЕ
РАБОТЫ БАЗИСНО-ИНДЕКСНЫМ И РЕСУРСНЫМ МЕТОДАМИ
(по состоянию на 01.01.97 г.)
№
п/п
Наименование документа
Данные о введении в
действие
1
2
3
1
Свод правил по определению стоимости строительства в составе
предпроектной и проектно-сметной документации (СП 81-01-94)
Письмо Минстроя России от
29.12.94 № ВБ-12-276
2
Порядок 
определения 
стоимости 
строительства 
и 
свободных
(договорных) цен на строительную продукцию в условиях развития
рыночных отношений
Письмо Госстроя России от
29.12.93 № 12-349
3
Методические 
рекомендации 
по 
определению 
стоимости
строительства и свободных (договорных) цен на строительную
продукцию в условиях развития рыночных отношений
Письмо Минстроя России от
10.11.92 № БФ-926/12
4
Методические основы определения потребности в материалах,
конструкциях и изделиях в составе рабочей документации на
строительство
Письмо Минстроя России от
18.11.92 № БФ-958/12
5
Методические рекомендации по расчету величины накладных
расходов при определении стоимости строительной продукции
Письмо Минстроя России от
30.10.92 № БФ-907/12
6
Методические рекомендации по определению величины сметной
прибыли при формировании свободных цен на строительную
продукцию
Письмо Минстроя России от
30.10.92 № БФ-906/12
7
Методические рекомендации по определению затрат на строительство
временных зданий и сооружений, дополнительных затрат при
производстве строительно-монтажных работ в зимнее время, затрат на
содержание заказчика-застройщика и технического надзора, прочих
работ и затрат при определении стоимости строительной продукции
Письмо Минстроя России от
03.11.92 № БФ-925/12",Data1_10_10864_index.pdf,13
Какие лица не требуют членства в саморегулируемых организациях при выполнении работ по договорам строительного подряда с федеральными органами исполнительной власти?,"Не требуется членство в саморегулируемых организациях в области строительства, реконструкции, 
капитального ремонта объектов капитального строительства: 
1) государственных и муниципальных унитарных предприятий, в том числе государственных и 
муниципальных казенных предприятий, государственных и муниципальных учреждений в случае 
заключения ими договоров строительного подряда с федеральными органами исполнительной власти, 
государственными корпорациями, осуществляющими нормативно-правовое регулирование в 
соответствующей области, органами государственной власти субъектов Российской Федерации, органами 
местного самоуправления, в ведении которых находятся такие предприятия, учреждения, или в случае 
выполнения такими предприятиями, учреждениями функций технического заказчика от имени указанных 
федеральных органов исполнительной власти, государственных корпораций, органов государственной 
власти субъектов Российской Федерации, органов местного самоуправления; 
2) коммерческих организаций, в уставных (складочных) капиталах которых доля государственных и 
муниципальных унитарных предприятий, государственных и муниципальных автономных учреждений 
составляет более пятидесяти процентов, в случае заключения такими коммерческими организациями 
договоров строительного подряда с указанными предприятиями, учреждениями, а также с федеральными 
органами исполнительной власти, государственными корпорациями, органами государственной власти 
субъектов Российской Федерации, органами местного самоуправления, которые предусмотрены пунктом 1 
настоящей части и в ведении которых находятся указанные предприятия, учреждения, или в случае 
выполнения такими коммерческими организациями функций технического заказчика от имени указанных 
предприятий, учреждений, федеральных органов исполнительной власти, государственных корпораций, 
органов государственной власти субъектов Российской Федерации, органов местного самоуправления; 
3) юридических лиц, созданных публично-правовыми образованиями (за исключением юридических лиц, 
предусмотренных пунктом 1 настоящей части), в случае заключения указанными юридическими лицами 
договоров строительного подряда в установленных сферах деятельности (в областях, для целей 
осуществления деятельности в которых созданы такие юридические лица), а также коммерческих 
организаций, в уставных (складочных) капиталах которых доля указанных юридических лиц составляет 
более пятидесяти процентов, в случае заключения такими коммерческими организациями договоров 
строительного подряда с указанными юридическими лицами или в случае выполнения такими 
коммерческими организациями функций технического заказчика от имени указанных юридических лиц; 
4) юридических лиц, в уставных (складочных) капиталах которых доля публично-правовых образований 
составляет более пятидесяти процентов, в случае заключения указанными юридическими лицами 
договоров строительного подряда с федеральными органами исполнительной власти, органами 
государственной власти субъектов Российской Федерации, органами местного самоуправления, в 
установленных сферах деятельности которых указанные юридические лица осуществляют уставную 
деятельность, или в случае выполнения указанными юридическими лицами функций технического 
заказчика от имени этих федеральных органов исполнительной власти, органов государственной власти 
субъектов Российской Федерации, органов местного самоуправления, а также коммерческих организаций,",Градостроительный кодекс Российской Федерации.pdf,164
Как переводится годовой объем капитальных вложений в цены 1984 г. согласно ГОСТ МДС 81-7.2000?,"Коэффициенты перехода разработаны в дополнение к «Основным положениям расчета индексов цен
по капитальным вложениям и элементам их технологической структуры» в 1992 г.",Data1_2_2081_index.pdf,5
"Какой штраф может быть наложен на граждан за незаконное перемещение физическими лицами табачной продукции, не маркированной специальными (акцизными) марками?","Изготовление в целях сбыта или сбыт поддельных акцизных марок либо федеральных специальных 
марок для маркировки алкогольной продукции либо поддельных специальных (акцизных) марок для 
маркировки табачных изделий - 
наказываются штрафом в размере от трехсот тысяч до пятисот тысяч рублей или в размере заработной 
платы или иного дохода осужденного за период от одного года до двух лет, либо принудительными 
работами на срок до пяти лет, либо лишением свободы на срок до восьми лет со штрафом в размере от 
семисот тысяч до одного миллиона рублей или в размере заработной платы или иного дохода 
осужденного за период до пяти лет либо без такового.",Уголовный кодекс Российской Федерации.pdf,259
Какие телефоны доступны для бесплатной юридической консультации в Москве и Московской области?,"Бесплатная юридическая консультация по телефонам: 
• 8 (499) 938-53-71 (Москва и МО); 
 
• 8 (812) 467-95-28 (Санкт-Петербург и ЛО); 
• 8 (800) 301-92-12 (Регионы РФ).",Градостроительный кодекс Российской Федерации.pdf,265
Какой ГОСТ регламентирует стоимость 1 м² общей площади?,"ТЕХНИКО-ЭКОНОМИЧЕСКИЕ ДАННЫЕ И ПОКАЗАТЕЛИ
Всего
Удельные показатели
на расчетную единицу
Расчетная единица - 1 м2 общей площади жилого здания
 
 
ТЕХНИЧЕСКИЕ ХАРАКТЕРИСТИКИ
Площадь, м2
застройки
 
 
общая площадь, в том числе:
подземная часть
 
 
летних помещений
 
 
Объем строительный, м3
общий
 
 
СТОИМОСТЬ СТРОИТЕЛЬСТВА
Сметная стоимость
общая
в том
числе
строительно-монтажных
работ
 
 
оборудования
 
 
МАТЕРИАЛОЕМКОСТЬ",Data1_10_10849_index.pdf,6
"Что происходит с решениями иностранных судов, которые не требуют принудительного исполнения?","Решения иностранных судов и иностранные арбитражные решения, не требующие 
принудительного исполнения, признаются в Российской Федерации без какого-либо дальнейшего 
производства, если со стороны заинтересованного лица не поступят возражения относительно 
этого.",Арбитражный процессуальный кодекс Российской Федерации.pdf,158
"В каких случаях законные представители могут передать земельные участки, наследуемые несовершеннолетними, в аренду?","Если договор аренды изымаемого земельного участка, договор безвозмездного пользования 
изымаемым земельным участком либо право постоянного (бессрочного) пользования или право 
пожизненного наследуемого владения изымаемым земельным участком не зарегистрированы в Едином 
государственном реестре недвижимости, уполномоченный орган исполнительной власти или орган 
местного самоуправления, предусмотренные статьей 56.2 настоящего Кодекса, а в случае, если изъятие 
осуществляется на основании ходатайства об изъятии, организация, подавшая это ходатайство, направляют 
уведомление о прекращении указанных прав в исполнительный орган государственной власти или орган 
местного самоуправления, предусмотренные статьей 39.2 настоящего Кодекса.",Земельный кодекс Российской Федерации.pdf,151
В какие сроки должна быть представлена транзитная декларация при перевозке товаров автомобильным транспортом?,"Комментарии к статьям на сайте 
https://tkeaes.ru/ 
 
 
 
товаров вследствие аварии или действия непреодолимой силы либо факта безвозвратной утраты 
этих товаров в результате естественной убыли при нормальных условиях перевозки 
(транспортировки) и (или) хранения, за исключением случаев, когда до таких уничтожения или 
безвозвратной утраты в соответствии с настоящим Кодексом в отношении этих иностранных 
товаров 
наступил 
срок 
уплаты 
ввозных 
таможенных 
пошлин, 
налогов, 
специальных, 
антидемпинговых, компенсационных пошлин; 
4) отказ в выпуске товаров в соответствии с таможенной процедурой таможенного транзита 
- в отношении обязанности по уплате ввозных таможенных пошлин, налогов, специальных, 
антидемпинговых, компенсационных пошлин, возникшей при регистрации транзитной декларации; 
5) отзыв транзитной декларации в соответствии со статьей 113 настоящего Кодекса и (или) 
аннулирование выпуска товаров в соответствии с пунктом 4 статьи 118 настоящего Кодекса - в 
отношении обязанности по уплате ввозных таможенных пошлин, налогов, специальных, 
антидемпинговых, компенсационных пошлин, возникшей при регистрации транзитной декларации.",Таможенный кодекс Евразийского экономического союза.pdf,367
На каком сайте можно найти комментарии к статьям?,"Комментарии к статьям на сайте 
https://gkodeksrf.ru/ 
  
 
 
Статья 1254.",Гражданский кодекс Российской Федерации.pdf,517
Как устанавливаются порядок и сроки внесения платы за подключение объектов капитального строительства?,"Отклонение параметров объекта капитального строительства от проектной документации, 
необходимость которого выявилась в процессе строительства, реконструкции, капитального ремонта 
такого объекта, допускается только на основании вновь утвержденной застройщиком, техническим 
заказчиком, лицом, ответственным за эксплуатацию здания, сооружения, или региональным оператором 
проектной документации после внесения в нее соответствующих изменений в соответствии с настоящим 
Кодексом, в том числе в порядке, предусмотренном частями 3.8 и 3.9 статьи 49 настоящего Кодекса.",Градостроительный кодекс Российской Федерации.pdf,167
Как определяется количество циркулирующего теплоносителя в случае самовольного присоединения по ГОСТ МДС 41-3.2000?,"«баланс тепловой энергии системы теплоснабжения (тепловой баланс)» - итог
распределения количеств тепловой энергии, отпущенной источником (источниками)
тепла с учетом потерь при передаче и распределении тепловой энергии до границ
эксплуатационной ответственности и использованной абонентами;
«баланс 
теплоносителей 
системы 
теплоснабжения 
(водный 
баланс;
пароконденсатный баланс)» - итог распределения количеств теплоносителей
(сетевая вода; пар; конденсат), отпущенных источником (источниками) тепла с
учетом потерь при транспортировании до границ эксплуатационной ответственности
и использованных абонентами;
«бронь аварийная» - минимальный расход тепловой энергии и (или)
теплоносителей, обеспечивающий безопасное для персонала и окружающей среды
состояние предприятия с полностью остановленным технологическим процессом;
«бронь технологическая» - наименьший расход тепловой энергии и (или)
теплоносителей и продолжительность времени, необходимые потребителю для
безопасного завершения технологического процесса, цикла производства, после чего
может быть произведено отключение соответствующего теплоиспользующего
оборудования;
«ввод в эксплуатацию» - заполнение тепловых сетей и систем теплопотребления
абонента теплоносителем и постановка их под давление, производимые после
надлежащего оформления допуска объекта в эксплуатацию;
«граница балансовой принадлежности» - линия раздела элементов систем
теплоснабжения между их владельцами по признаку собственности, хозяйственного
ведения, оперативного управления или аренды;
«граница эксплуатационной ответственности» - линия раздела элементов
систем 
теплоснабжения 
по 
признаку 
обязанностей 
(ответственности) 
по
эксплуатации тех или иных элементов систем теплоснабжения, устанавливаемая
соглашением сторон;
«договорное потребление тепловой энергии» - установленная договором
величина годового, квартального, месячного потребления тепловой энергии;
«договорное потребление теплоносителя» - установленная договором величина
годового, квартального, месячного потребления абонентом теплоносителя (без
возврата в тепловую сеть или на источник тепла);
«допуск в эксплуатацию» - порядок определения и документального оформления
готовности 
теплопотребляющих 
установок 
и 
тепловых 
сетей 
к 
приему
теплоносителей и использованию тепловой энергии в соответствии с нормативно-
техническими документами;
«заказчик» - юридическое лицо, имеющее намерение по присоединению своих
теплопотребляющих установок и (или) тепловых сетей к тепловым сетям
теплоснабжающей организации;
«максимальная расчетная тепловая нагрузка (мощность)» - максимальный
часовой расход тепла и соответствующий ей максимальный часовой расход
теплоносителя;
«ограничение теплоснабжения» - снижение отпуска абоненту тепловой энергии
и теплоносителей за счет сокращения расхода теплоносителя и (или) снижения его
температуры против значений, указанных в договоре; к ограничению относится
также прекращение отпуска теплоносителя на нужды горячего водоснабжения при
снижении отпуска тепловой энергии на другие цели;
«перерыв (отключение) теплоснабжения» - полное прекращение подачи
абоненту теплоносителя (тепловой энергии);
«присоединенная тепловая сеть» - совокупность устройств, предназначенных
для передачи и распределения тепловой энергии и теплоносителя абонентам
(потребителям);
«режим теплопотребления» - установленные договором величины потребления
тепловой энергии (мощности), циркуляционных расходов и количества используемых",Data1_10_10871_index.pdf,2
Как привязываются затраты на эксплуатацию строительных машин и определяются затраты на заработную плату машинистов согласно ГОСТ МДС 81-10.2000?,"При этом может быть использован как прямой счет (путем
калькулирования), так и метод унифицированных ресурсно-технологических моделей (РТМ) по соответствующим
группам строительных машин, в которых приводятся данные о потребности в материальных ресурсах (топливо,
смазочные материалы, электроэнергия, запчасти, амортизация, затраты труда машинистов, а также о заработной плате
рабочих, занятых на обслуживании и перебазировании машин, и другие статьи затрат), и базисная стоимость ресурсов,
сопоставляемая с текущим уровнем цен на эти ресурсы.",Data1_2_2117_index.pdf,2
Какие требования предъявляются к столику штатива согласно СНиП 3.01.03-84?,"Проект сборника и обосновывающие материалы должны быть оформлены с
соблюдением требований СНиП 1.01.03-83*.",Data1_2_2073_index.pdf,6
На что не имеют права участники судебных прений?,"Соблюдения досудебного порядка урегулирования спора не требуется по делам об 
установлении фактов, имеющих юридическое значение, делам о присуждении компенсации за 
нарушение права на судопроизводство в разумный срок или права на исполнение судебного акта в 
разумный срок, делам о несостоятельности (банкротстве), делам по корпоративным спорам, делам 
о защите прав и законных интересов группы лиц, делам приказного производства, делам, 
связанным с выполнением арбитражными судами функций содействия и контроля в отношении 
третейских судов, делам о признании и приведении в исполнение решений иностранных судов и 
иностранных арбитражных решений, а также, если иное не предусмотрено законом, при обращении 
в арбитражный суд прокурора, государственных органов, органов местного самоуправления и иных 
органов в защиту публичных интересов, прав и законных интересов организаций и граждан в сфере 
предпринимательской и иной экономической деятельности (статьи 52, 53 настоящего Кодекса).",Арбитражный процессуальный кодекс Российской Федерации.pdf,2
Какой максимальный срок лишения свободы может быть назначен за нарушение требований по защите государственной тайны?,"То же деяние: 
а) совершенное группой лиц по предварительному сговору или организованной группой; 
б) сопряженное с умышленным созданием угрозы распространения сведений, составляющих 
государственную тайну, - 
наказывается штрафом в размере до семисот тысяч рублей или в размере заработной платы или иного 
дохода осужденного за период до двух лет либо лишением свободы на срок до четырех лет.",Уголовный кодекс Российской Федерации.pdf,160
Что такое совместная собственность?,"Признание имущества каждого из супругов их совместной собственностью 
Имущество каждого из супругов может быть признано судом их совместной 
собственностью, если будет установлено, что в период брака за счет общего имущества супругов 
или имущества каждого из супругов либо труда одного из супругов были произведены вложения, 
значительно увеличивающие стоимость этого имущества (капитальный ремонт, реконструкция, 
переоборудование и другие).",Семейный кодекс Российской Федерации.pdf,9
Как определяются подлежащие оплате количества потребленной тепловой энергии и использованного теплоносителя при неполном укомплектовании узла учета согласно ГОСТ?,"Определение подлежащих оплате количеств потребленной тепловой энергии и
использованного теплоносителя производится по данным узла коммерческого учета,
укомплектованного средствами и системами измерения в полном объеме (приборный
метод учета).",Data1_10_10871_index.pdf,11
На каком сайте можно найти комментарии к статьям Кодекса?,"Комментарии к статьям на сайте 
https://gpkodeksrf.ru/ 
 
 
 
 
 
 
Объяснения сторон и третьих лиц, показания свидетелей могут быть получены путем использования 
систем видеоконференц-связи в порядке, установленном статьей 155.1 настоящего Кодекса, либо путем 
использования системы веб-конференции в порядке, установленном статьей 155.2 настоящего Кодекса.",Гражданский процессуальный кодекс Российской Федерации.pdf,24
Можно ли применять разные налоговые ставки в зависимости от покупателя?,"Для целей исчисления таможенных пошлин, налогов, взимаемых по единым ставкам, 
базой для их исчисления в зависимости от категорий товаров для личного пользования и 
применяемых видов ставок являются стоимость товаров для личного пользования и (или) их 
физическая характеристика в натуральном выражении (количество, масса, в том числе с учетом 
первичной упаковки товара, которая неотделима от товара до его потребления и (или) в которой 
товар представляется для розничной продажи, объем или иные характеристики товара).",Таможенный кодекс Евразийского экономического союза.pdf,314
Кто может заключить договор безвозмездного пользования лесным участком?,"При предоставлении лесных участков в постоянное (бессрочное) пользование, аренду (в 
случае заключения договора аренды лесного участка в соответствии с частью 3 статьи 73.1 
настоящего Кодекса), безвозмездное пользование выполнение работ по подготовке проектной 
документации лесных участков может быть обеспечено заинтересованным лицом.",Лесной кодекс Российской Федерации.pdf,56
Какие методы установки шпунтовых ограждений описаны в СНиП 3.02.01-83?,"9
гр.4
зарплата рабочих-
строителей
трудоемкость, чел-
ч
стоимость
материалов
стоимость
эксплуатации
машин
в том числе
зарплата
машинистов
всего
в том
числе
зарплата
1
2
3
4
5
6
7
8
9
10
01.02.10 Устройство монолитных
фундаментов 
общего
назначения
100м3
6996
18540 441
437432
3851 1155
459823
19695
493114 22620
70,49
01.02.20 Устройство бутобетонных
фундаментов
100м3
6078
24360 587
360593
3301
990
388254
25350
431981 29712
71,08
01.02.30 Установка 
сборных
бетонных блоков
100м3
8527
6034
06
588986
34879
7685
629900
13719
640922 7490
75,16
01.02.40 Укладка 
сборных
железобетонных блоков и
плит
100м3
14733
18660 435
694120
77862 13906
790642
32566
824475 22989
55,96
01.02.51 Погружение 
дизель-
молотом на экскаваторе
железобетонных свай
м3
185
166
4
8109
1891
207
10166 372
10468 205
56,64
01.02.52 Устройство
буронабивных 
свай 
в
сухих 
устойчивых
грунтах с бурением
м3
201
55
1
15346
519
61
15919
116
16019
68
79,89
01.02.60 Укладка 
балок
фундаментных
100м3
16584
27968 605
1118584
29149 5745
1175701
33713
1226023
34193
73,93
01.02.70 Установка 
анкерных
болтов 
и 
закладных
деталей
т
1584
12660 289
88059
210
63
100929
12723
123643 15434
78,08
01.02.80 Обмазочная 
битумная
гидроизоляция в 2 слоя
стен и фундаментов
100м2
190
996
21
12646
148
45
13791
1041
15579 1215
81,93
01.02.90 Оклеечная гидроизоляций
по 
выровненной
поверхности 
бутовои
кладки кирпичу бетону
100м2
285
238
10
23508
277
83
24033 321
24452 291
85,88
01.20.10 Гидроизоляция 
стен 
и
фундаментов цементная с
жидким стеклом
100м2
203
1548
38
11331
162
49
13041
1597
15820 1888
77,94
ПРИЛОЖЕНИЕ 4
Форма № 2-к
ПОПРАВОЧНЫЕ КОЭФФИЦИЕНТЫ К ПОКАЗАТЕЛЯМ СБОРНИКА УПБС ВР
Шифр
УПБС
ВР
Текст поправки
 
Коэффициенты к
основной
заработной
плате
нормам
затрат
труда
стоимости
эксплуата
ци и машин
заработной
плате ма
шинистов
нормам расхода материала
код
коэффициент
1
2
3
4
5
6
7
8
01.01.11
На емкость ковша 1 м3
0,53
0,53
0,73
0,72
04.01.02
1,00",Data1_2_2079_index.pdf,16
Какие меры следует предпринять при невыполнении мероприятий по качественной регулировке систем отопления и экономии расхода теплоты согласно ПН-5-17?,"Установить отопительный прибор по
проекту
ПН-5-8
Невыполнение
мероприятий по
качественной
регулировке систем
отопления и экономии
расхода теплоты
Поддержание температуры воды,
поступающей и возвращаемой из
системы отопления в соответствии с
графиком качественного
регулирования температуры воды в
системе отопления
Выполнить дополнительную
регулировку системы в течение 1
недели",Data1_10_10861_index.pdf,30
На основании каких сведений осуществляется постановка на учет иностранной организации через отделения некоммерческих неправительственных организаций?,"Комментарии к статьям на сайте
https://nkodeksrf.ru/
филиалов и представительств международных организаций и иностранных некоммерческих 
неправительственных организаций, сообщаемых органом, указанным в пункте 9 статьи 85 настоящего 
Кодекса; 
через представительство иностранной религиозной организации осуществляется на основании сведений, 
содержащихся в реестре представительств иностранных религиозных организаций, открытых в Российской 
Федерации, сообщаемых органом, указанным в пункте 9 статьи 85 настоящего Кодекса; 
через иные обособленные подразделения осуществляется на основании заявления о постановке на учет 
(снятии с учета) иностранной организации.",Налоговый кодекс Российской Федерации.pdf,202
"Какие условия должны соблюдаться при вселении граждан, постоянно проживающих с нанимателем?","Временные жильцы 
Наниматель и граждане, постоянно с ним проживающие, по общему согласию и с предварительным 
уведомлением наймодателя вправе разрешить безвозмездное проживание в жилом помещении 
временным жильцам (пользователям).",Гражданский кодекс Российской Федерации.pdf,302
Какова максимальная величина смещения теодолита с оси ряда колонн согласно СНиП 3.01.03-84?,"Теодолит устанавливают со смещением с оси ряда колонн на произвольную
величину (не более 1000 мм) так, чтобы визирная ось выходила за ребро колонны не
менее чем на 100 мм.",Data1_11_11285_index.pdf,48
Какие данные должны быть указаны в тендерной документации?,"ПРИ РАЗРАБОТКЕ ТЕХНИЧЕСКОЙ ЧАСТИ ОФЕРТЫ ПРИ НАЛИЧИИ В ТЕНДЕРНОЙ
ДОКУМЕНТАЦИИ УТВЕРЖДЕННЫХ ТЭО/ТЭР И УСЛОВИЙ ЗАКАЗЧИКА/ИНВЕСТОРА
Претендентам должно быть дано указание на рекомендуемую инструктивную систему и системы
инженерного оборудования объекта торгов.",Data1_10_10865_index.pdf,36
Кто разработал Пособие по производству геодезических работ в строительстве?,"В ППГР дополнительно к требованиям по разработке проектов организации
строительства и проектов производства работ должны приводиться:
на подготовительный период строительства: схема расположения и закрепления
знаков внешней разбивочной сети здания (сооружения), потребность в материальных и
людских ресурсах, график выполнения геодезических работ;
на возведение объекта: точность и метод создания внутренней разбивочной сети
здания (сооружения), схема расположения и закрепления знаков сети, типы центров
знаков; точность и методы выполнения детальных разбивочных работ, контрольных
измерений, исполнительных съемок; потребность в материальных и людских ресурсах,
график выполнения геодезических работ;
на период наблюдения за перемещениями и деформациями зданий и сооружений:
точность, методы, средства и порядок производства наблюдений за перемещениями и
деформациями объектов строительства, схема геодезической сети, точность и методы ее
построения, типы центров знаков, график выполнения работ.",Data1_11_11285_index.pdf,3
Какие телефоны доступны для бесплатной юридической консультации в Санкт-Петербурге и Ленинградской области?,"Бесплатная юридическая консультация по телефонам: 
• 8 (499) 938-53-84 (Москва и МО); 
 
• 8 (812) 467-95-33 (Санкт-Петербург и ЛО); 
• 8 (800) 301-79-07 (Регионы РФ).",Водный кодекс Российской Федерации.pdf,24
"Что происходит, если налогоплательщик не уплатил или не полностью уплатил суммы, указанные в требовании об уплате налога и процентов?","При определении подлежащей уплате налогоплательщиком суммы налогов, указанных в пункте 3 статьи 13, 
пункте 3 статьи 14 и пунктах 1 и 2 статьи 15 настоящего Кодекса, налоговым органом учитываются 
имеющиеся у налогоплательщика на дату формирования налогового уведомления суммы излишне 
уплаченных таких налогов и (или) пеней по таким налогам путем уменьшения суммы указанных налогов, 
подлежащих уплате, последовательно начиная с меньшей суммы, если до наступления такой даты 
налоговым органом не получено заявление налогоплательщика о зачете (возврате) указанных сумм 
излишне уплаченных налогов.",Налоговый кодекс Российской Федерации.pdf,136
"Какие переходные положения существуют для свободных складов, владельцы которых включены в реестр владельцев свободных складов до 1 мая 2010 г.?","Основаниями для исключения владельца свободного склада из реестра владельцев 
свободных складов являются: 
1) неисполнение владельцем свободного склада обязанностей, предусмотренных абзацами 
вторым - девятым статьи 424 настоящего Кодекса; 
2) заявление владельца свободного склада об исключении его из реестра владельцев 
свободных складов; 
3) ликвидация юридического лица, включенного в реестр владельцев свободных складов; 
4) реорганизация юридического лица, включенного в реестр владельцев свободных складов, 
за исключением случаев, устанавливаемых законодательством государств-членов.",Таможенный кодекс Евразийского экономического союза.pdf,467
Что такое зоны с особыми условиями использования земель?,"Убытки возмещаются: 
1) гражданам и юридическим лицам - собственникам земельных участков; 
2) арендаторам земельных участков, землепользователям и землевладельцам, которым предоставлены 
земельные участки, находящиеся в государственной или муниципальной собственности; 
3) публично-правовым образованиям, органы государственной власти или органы местного 
самоуправления которых осуществляют полномочия по предоставлению земельных участков, находящихся 
в государственной или муниципальной собственности (в случае включения в границы зоны с особыми 
условиями использования территории земель и (или) земельных участков, находящихся в государственной 
или муниципальной собственности); 
4) собственникам зданий, сооружений, помещений в них, объектов незавершенного строительства в 
случае, если строительство таких зданий, сооружений, объектов начато до дня установления или 
изменения зоны с особыми условиями использования территории и в отношении их не принято решение о 
сносе самовольной постройки либо решение о сносе самовольной постройки или ее приведении в 
соответствие с установленными требованиями (кроме случаев, если данное решение принято 
исключительно в связи с несоответствием таких зданий, сооружений, объектов предельному количеству 
этажей и (или) предельной высоте зданий, сооружений, установленным правилами землепользования и 
застройки, документацией по планировке территории, федеральными законами, требованиями 
разрешений на строительство (далее - обязательные требования к количеству этажей и (или) высоте 
объекта); 
5) гражданам - нанимателям жилых помещений по договорам социального найма или договорам найма 
жилых помещений государственного либо муниципального жилищного фонда в многоквартирных домах в 
случае, если строительство таких многоквартирных домов начато до дня установления, изменения зоны с 
особыми условиями использования территории.",Земельный кодекс Российской Федерации.pdf,156
Какие законодательные акты лежат в основе Рекомендаций? (ГОСТ),"Рекомендации направлены на обеспечение надежного функционирования систем
коммунального 
теплоснабжения, 
создание 
условий 
равноправного 
и
равноответственного участия абонентов (потребителей) и теплоснабжающих
организаций всех организационно-правовых форм в сфере рационального и
энергоресурсоэффективного 
пользования 
централизованными 
системами
коммунального теплоснабжения на основе соблюдения требований законодательства
Российской Федерации и иных правовых актов.",Data1_10_10871_index.pdf,3
Какие операции по управлению остатками средств на едином счете местного бюджета включают привлечение средств?,"N 278-ФЗ 
объем средств, направляемых на погашение иных долговых обязательств муниципального 
образования в валюте Российской Федерации; 
разница между средствами, полученными от возврата предоставленных из местного 
бюджета юридическим лицам бюджетных кредитов, и суммой предоставленных из местного 
бюджета юридическим лицам бюджетных кредитов в валюте Российской Федерации; 
разница между средствами, полученными от возврата предоставленных из местного 
бюджета другим бюджетам бюджетной системы Российской Федерации бюджетных кредитов, и 
суммой предоставленных из местного бюджета другим бюджетам бюджетной системы Российской 
Федерации бюджетных кредитов в валюте Российской Федерации; 
разница между средствами, перечисленными с единого счета местного бюджета, и 
средствами, зачисленными на единый счет местного бюджета, при проведении операций по 
управлению остатками средств на едином счете местного бюджета.",Бюджетный кодекс Российской Федерации.pdf,135
Как определяется разряд и подразряд зрительных работ для помещений торговых залов магазинов согласно ГОСТ МДС 31-8.2002?,"Помещения
Разряд и подразряд
зрительной работы
обслуживания, помещения для подготовки товаров к продаже
34
Рекламно-декорационные мастерские, мастерские ремонта оборудования и инвентаря, помещения
бракеров, помещения для нарезки тканей, гладильные мастерские, мастерские в магазинах радио-
и электротоваров
Б-1
35
Мастерские подгонки готового платья
А-2
Ж.",Data1_10_10846_index.pdf,31
Какие товары Союза могут быть использованы при переработке иностранных товаров?,"В случае если ни оцениваемые, ни идентичные оцениваемым, ни однородные с 
оцениваемыми товары не продаются на таможенной территории Союза в том же состоянии, в 
котором они были ввезены на таможенную территорию Союза, по заявлению декларанта 
таможенная стоимость оцениваемых товаров определяется на основе цены единицы таких товаров, 
по которой их наибольшее совокупное количество продается после переработки (обработки) лицам, 
не являющимся взаимосвязанными с лицами, у которых они покупают эти товары на таможенной 
территории Союза, при условии вычета стоимости, добавленной в результате переработки 
(обработки), и сумм, указанных в пункте 2 настоящей статьи.",Таможенный кодекс Евразийского экономического союза.pdf,44
"Какие данные могут быть использованы для определения коэффициентов для пусконаладочных работ, если отсутствуют сметы во внутренних (базисных) ценах Российской Федерации, согласно ГОСТ МДС 81-21.2000?","В случае отсутствия по объектам-аналогам смет во внутренних (базисных) ценах Российской Федерации на
пусконаладочные работы для этих целей могут быть использованы коэффициенты, определенные по тем же объектам-аналогам для
строительно-монтажных работ, с внесением соответствующих поправок на различия в структуре строительно-монтажных и пусконаладочных
работ.",Data1_2_2069_index.pdf,8
Какая средняя температура за июль в Вендинге согласно ГОСТ МДС 31-8.2002?,"Республика, край область, пункт
Средняя
температура
наиболее
холодной
пятидневки, °С
Период со среднесуточной
температурой воздуха < 8 °С
Среднемесячная
температура за
июль, °С
Максимальная из
средних
скоростей ветра
по румбам за
январь, м/с
продолжительность,
сут
средняя
температура, °С
Октябрьская
- 25
281
- 3,5
13,9
6,4
Усть-Воямполка - Корякский АО
- 35
295
- 6,2
13,7
9,1
Усть-Камчатск
- 28
277
- 4
15,6
7,1
Усть-Хайрюзово
- 31
278
- 5,2
15,5
8,1
Карачаево-Черкесская Республика
 
 
 
 
 
Черкесск
- 18
169
0,6
27,2
-
Республика Карелия
 
 
 
 
 
Кемь
- 27
258
- 3,2
17,8
5,7
Лоухи
- 31
261
- 4,2
19,8
-
Олонец
- 29
233
- 3,2
29,1
6,5
Паданы
- 29
251
- 3,5
20
4,6
Петрозаводск
- 29
240
- 3,1
20,3
5,9
Реболы
- 32
251
- 4
20,6
-
Кемеровская область
 
 
 
 
 
Кемерово
- 39
231
- 8,3
25,1
6,8
Киселевск
- 39
227
- 7,3
24,9
5,5
Кондома
- 40
236
- 7,8
24,7
3,6
Мариинск
- 40
235
- 7,7
24,5
5,7
Тайга
- 39
240
- 8,3
23,6
6,6
Тисуль
- 40
236
- 7,3
24,3
-
Топки
- 39
235
- 8,2
23,8
-
Усть-Кабырза
- 41
241
- 9
24,6
-
Кировская область
 
 
 
 
 
Вятка
- 33
231
- 5,4
23,1
5,3
Нагорское
- 34
239
- 5,8
22,2
-
Савали
- 33
220
- 5,7
24,4
-
Республика Коми
 
 
 
 
 
Вендинга
- 39
257
- 5,9
22
3,8
Воркута
- 41
306
- 9,1
18
10,1
Объячево
- 34
239
- 5,3
22,3
-
Петрунь
- 43
286
- 8,6
19,2
-
Печора
- 43
270
- 7,9
21,7
5,6
Сыктывкар
- 36
245
- 5,8
22,2
5,5
Троицко-Печорск
- 41
258
- 6,9
21,6
4,8
Усть-Уса
- 41
279
- 7,6
19,5
-
Усть-Цильма
- 39
272
- 6,6
19,7
-
Усть-Щугор
- 45
268
- 7,9
21
5
Ухта
- 39
261
- 6,4
21,3
4,8
Костромская область
 
 
 
 
 
Кострома
- 31
222
- 3,9
23,1
5,8
Чухлома
- 32
230
- 4,3
22,5
-
Шарья
- 32
228
- 4,7
23,1
4,5
Краснодарский край
 
 
 
 
 
Краснодар
- 19
149
2
29,8
3,2
Сочи
- 3
72
6,4
26,6
6,5
Тихорецк
- 22
158
1,1
30
6,8
Красноярский край
 
 
 
 
 
Агата
- 53
293
- 16,3
20,4
-
Ачинск
- 41
237
- 7,6
24,2
5,7
Байкит - Эвенкийский АО
- 50
267
- 13,9
24,5
19
Боготол
- 39
239
- 7,6
23,8
-
Богучаны
- 46
245
- 10,8
25,7
5,3
Ванавара - Эвенкийский АО
- 51
262
- 13,7
24,7
3,3
Бельмо
- 49
264
- 12,5
24,3
-
Верхнеимбатск
- 48
266
- 11,5
22,7
4,3
Волочанка
- 50
306
- 16,1
18
6,1
Диксон - Таймырский АО
- 41
365
- 11,4
7,5
12,2
Дудинка - Таймырский АО
- 47
303
- 14,3
18,1
7,7
Енисейск
- 46
245
- 9,6
24,5
3,7
Ессей - Эвенкийский АО
- 55
298
- 17,7
18,8
2,5
Игарка
- 49
285
- 13,9
20,3
7,8
Канск
- 42
237
- 8,8
25,5
7,3
Кежма
- 48
252
- 12,3
24,9
4,5
Ключи
- 39
240
- 7,4
24,5
-
Красноярск
- 40
234
- 7,1
24,3
6,2
Минусинск
- 40
225
- 8,8
26,6
4,8
Таимба
- 51
264
- 13,6
24,9
-
Троицкое
- 47
251
- 9,8
25,4
-
Тура - Эвенкийский АО
- 55
271
- 16,9
23,5
2,7
Туруханск
- 50
279
- 12,9
21,4
5,7
Хатанга - Таймырский АО
- 49
311
- 17,1
17,6
5,8
Челюскин, мыс - Таймырский АО
- 41
365
- 14,7
3,9
9,3",Data1_10_10846_index.pdf,24
Какие требования к оценке результатов конкурентности работников указаны в ГОСТ МДС 80-2.2000?,"ГОССТРОЙ РОССИИ
М Е Т О Д И Ч Е С К И Е  Р Е К О М Е Н Д А Ц И И
ПО РАЗРАБОТКЕ
ТЕХНИЧЕСКОЙ ЧАСТИ
ТЕНДЕРНОЙ ДОКУМЕНТАЦИИ
И ОФЕРТЫ ПРЕТЕНДЕНТА
МДС-80-8.2000
МОСКВА 2000
Методические 
рекомендации 
по 
разработке 
технической 
части 
тендерной 
документации
предназначены 
для 
всех 
субъектов 
инвестиционной 
деятельности: 
заказчиков 
(инвесторов),
организаторов торгов, тендерных комитетов всех уровней, подрядных и субподрядных организаций,
представленных в качестве претендентов и оферентов, консалтинговых, инженерно-консультационных,
финансовых, страховых и иных организаций, в том числе иностранных партнеров, участвующих в
подрядных торгах на территории Российской Федерации, а также университетов и институтов
повышения квалификации руководящих работников и специалистов организаций вне зависимости от
видов и форм собственности.",Data1_10_10865_index.pdf,1
Какие административные правонарушения имеют срок давности привлечения к ответственности два месяца?,"Дела о привлечении к административной ответственности лиц, осуществляющих 
предпринимательскую и иную экономическую деятельность, рассматриваются в судебном 
заседании судьей единолично в срок, не превышающий двух месяцев со дня поступления в 
арбитражный суд заявления о привлечении к административной ответственности, включая срок на 
подготовку дела к судебному разбирательству и принятие решения по делу, если иной срок 
рассмотрения не установлен федеральным законом об административных правонарушениях.",Арбитражный процессуальный кодекс Российской Федерации.pdf,106
Какие проверки должны проводиться в процессе строительства сооружений кабельной канализации согласно СНиП 3.01.03-84?,"В процессе строительства сооружений кабельной канализации должен
осуществляться пооперационный контроль за укладкой трубопроводов и установкой
смотровых устройств, заключающийся в проверке глубины заложения и качества стыков
труб, прямолинейности трубопровода, горизонтальности и вертикальности установки
смотровых устройств.",Data1_11_11285_index.pdf,25
Какие законы регулируют установление транспортного налога?,"Общие положения 
Транспортный налог (далее в настоящей главе - налог) устанавливается настоящим Кодексом и законами 
субъектов Российской Федерации о налоге, вводится в действие в соответствии с настоящим Кодексом 
законами субъектов Российской Федерации о налоге и обязателен к уплате на территории 
соответствующего субъекта Российской Федерации, если иное не предусмотрено статьей 356.1 настоящего 
Кодекса.",Налоговый кодекс Российской Федерации.pdf,1552
"Как долго должен работодатель ждать перед тем, как принять окончательное решение об увольнении?","Работодатель должен сообщить работнику 
о целях, предполагаемых источниках и способах получения персональных данных, а также о характере 
подлежащих получению персональных данных и последствиях отказа работника дать письменное согласие 
на их получение; 
4) работодатель не имеет права получать и обрабатывать сведения о работнике, относящиеся в 
соответствии с законодательством Российской Федерации в области персональных данных к специальным 
категориям персональных данных, за исключением случаев, предусмотренных настоящим Кодексом и 
другими федеральными законами; 
5) работодатель не имеет права получать и обрабатывать персональные данные работника о его членстве в 
общественных объединениях или его профсоюзной деятельности, за исключением случаев, 
предусмотренных настоящим Кодексом или иными федеральными законами; 
6) при принятии решений, затрагивающих интересы работника, работодатель не имеет права основываться 
на персональных данных работника, полученных исключительно в результате их автоматизированной 
обработки или электронного получения;",Трудовой кодекс Российской Федерации.pdf,62
По каким основаниям судья оставляет без движения административное искове заявление о признании нормативного правового акта недействующим?,"Судья оставляет без движения административное исковое заявление о признании 
нормативного правового акта недействующим на основании части 1 статьи 130 настоящего 
Кодекса в случае несоответствия указанного заявления требованиям, установленным статьей 209 
настоящего Кодекса.",Кодекс административного судопроизводства Российской Федерации.pdf,111
Какой законодательный акт регулирует порядок уплаты налога на добавленную стоимость (НДС) согласно ГОСТ МДС 81-23.2000?,"Средства на покрытие затрат по уплате налога на добавленную стоимость (НДС) включаются
в сводный сметный расчет* в установленном порядке (см.",Data1_2_2082_index.pdf,5
Какие нормы накладных расходов учитываются? (ГОСТ МДС 81-8.2000),"Составление сводной сметы на ввод в эксплуатацию предприятий, зданий и
сооружений в текущем уровне цен
Приложение 1 Перечень нормативно-методических документов, используемых
при составлении смет на пусконаладочные работы базисно-индексным и
ресурсным методами (по состоянию на 01.01.97 г.)
Приложение 2 Инструкция «О порядке составления смет на пусконаладочные
работы на вводимых в эксплуатацию предприятиях, зданиях и сооружениях» СН
534-81 (Извлечения)
Приложение 3 Указания по применению ценников на пусконаладочные работы
(Извлечения)
Приложение 4 Пример составления локального сметного расчета (локальной
сметы) на пусконаладочные работы в текущем уровне цен базисно-индексным
методом
Приложение 5
Письмо Госстроя СССР от 30.01.91 № ЛЗ-90-10 «О составлении смет и
договорных цен на пусконаладочные работы»
Приложение 6 Постановление от 29 декабря 1990 г № 116 «Об утверждении
предельных норм накладных расходов и нормы плановых накоплений на
пусконаладочные работы»
Приложение 7 Пример разработки локальной ресурсной ведомости на
пусконаладочные работы по теплосиловому оборудованию котельной
Приложение 8 Пример составления локального ресурсного сметного расчета
(локальной сметы) на пусконаладочные работы в текущем уровне цен
Приложение 9 Пример определения расчетного фонда оплаты труда (ФОТ)
пусконаладочного персонала в текущем уровне цен",Data1_10_10864_index.pdf,1
Какая информация должна быть включена в единую государственную автоматизированную информационную систему учета древесины и сделок с ней?,"В случае, если информация, которая должна представляться для включения в единую 
государственную автоматизированную информационную систему учета древесины и сделок с ней, 
содержится в иных государственных информационных системах и включается в иные 
государственные информационные системы в обязательном порядке, такая информация и 
информация, содержащаяся в материалах дистанционного зондирования, подлежат включению в 
единую государственную автоматизированную информационную систему учета древесины и 
сделок с ней из иных государственных информационных систем.",Лесной кодекс Российской Федерации.pdf,33
Какие координаты центра тяжести фигуры используются в примере согласно СНиП 3.01.03-84?,"Точность построения внутренней разбивочной сети здания (сооружения) следует
принимать в соответствии с требованиями СНиП 3.01.03-84 (табл.",Data1_11_11285_index.pdf,35
"Кто составляет акт о морском протесте, и какие данные используются для его составления?","По окончании дознания дознаватель составляет обвинительный акт, в котором указываются: 
1) дата и место его составления; 
2) должность, фамилия, инициалы лица, его составившего; 
3) данные о лице, привлекаемом к уголовной ответственности; 
4) место и время совершения преступления, его способы, мотивы, цели, последствия и другие 
обстоятельства, имеющие значение для данного уголовного дела; 
5) формулировка обвинения с указанием пункта, части, статьи Уголовного кодекса Российской Федерации; 
6) перечень доказательств, подтверждающих обвинение, и краткое изложение их содержания, а также 
перечень доказательств, на которые ссылается сторона защиты, и краткое изложение их содержания; 
7) обстоятельства, смягчающие и отягчающие наказание; 
8) данные о потерпевшем, характере и размере причиненного ему вреда; 
9) список лиц, подлежащих вызову в суд.",Уголовно-процессуальный кодекс Российской Федерации.pdf,155
"Какой метод учета изменений уровня цен может предлагаться оферентом, согласно ГОСТ МДС 80-3.2000?","ГОССТРОЙ РОССИИ
М Е Т О Д И Ч Е С К И Е  Р Е К О М Е Н Д А Ц И И
ПО РАЗРАБОТКЕ
ТЕХНИЧЕСКОЙ ЧАСТИ
ТЕНДЕРНОЙ ДОКУМЕНТАЦИИ
И ОФЕРТЫ ПРЕТЕНДЕНТА
МДС-80-8.2000
МОСКВА 2000
Методические 
рекомендации 
по 
разработке 
технической 
части 
тендерной 
документации
предназначены 
для 
всех 
субъектов 
инвестиционной 
деятельности: 
заказчиков 
(инвесторов),
организаторов торгов, тендерных комитетов всех уровней, подрядных и субподрядных организаций,
представленных в качестве претендентов и оферентов, консалтинговых, инженерно-консультационных,
финансовых, страховых и иных организаций, в том числе иностранных партнеров, участвующих в
подрядных торгах на территории Российской Федерации, а также университетов и институтов
повышения квалификации руководящих работников и специалистов организаций вне зависимости от
видов и форм собственности.",Data1_10_10865_index.pdf,1
Какой ГОСТ или СНиП определяет методы разработки УПБС на основе ресурсной технологической модели?,"Индексы стоимости (цен, затрат) в строительстве представляют собой отношения текущих
(прогнозных) стоимостных показателей к базисным стоимостным показателям на сопоставимые по
номенклатуре и структуре ресурсы, наборы ресурсов или ресурсно-технологические модели
строительной продукции, а также ее отдельных калькуляционных составляющих*.",Data1_2_2075_index.pdf,1
Какие подотраслевые индексы существуют?,"Вид работы
Индекс
Устройство 
покрытий 
из 
чугунных 
и 
стальных 
штампованных 
плиток, 
монтаж
металлоконструкций фальшполов
79,5
Устройство покрытий из торцевой шашки
56,0
Устройство полов бесшовных, полиэфирных, полимерцементных, поливинилацетатных
91,1
Монтаж каркасов подвесных потолков с подвесками и деталями крепления
88,8
Монтаж подвесных потолков комбинированных с облицовкой алюминиевыми листами
75,6
Штукатурка по камню и бетону поверхностей фасадов и внутри зданий
128,8
Окраска поверхностей красками
149,7
Окраска поверхностей лаками
75,6
Окраска поверхностей эмалями, масляными красками
115,4
Облицовка поверхностей стен, столбов, пилястр, откосов керамическими плитками
89,6
Обшивка каркасов стен плитами древесно-стружечными
60,3
Обшивка стен и потолков древесно-стружечными плитами с декоративной отделкой
80,7
Обшивка поверхностей гипсовыми, гипсоволокнистыми плитами, листом
112,3
Обшивка поверхностей акустическими плитами
126,7
Теплоизоляция поверхностей плитами и блоками
46,5
Обивка стен, потолков, дверей кровельной сталью с прокладкой асбеста
105,8
Экранирование помещений стальными листами и сеткой
177,2
Обшивка поверхностей досками
68,8
СОДЕРЖАНИЕ
1.",Data1_2_2075_index.pdf,17
Какова цель дублирования при подготовке оперативных руководителей и персонала? (МДС 15-13.2000),"Оперативные руководители, оперативный и оперативно-ремонтный персонал, ремонтный и наладочный
персонал при профессиональной подготовке по новой должности после прохождения обучения или одновременно с
ним, в целях практического овладения специальностью, адаптации к объектам обслуживания и управления,
приобретения практических навыков быстрого ориентирования и других приемов работы проходят стажировку на
рабочем месте под руководством ответственного обучающего лица.",Data1_10_10862_index.pdf,2
Что не допускается при нарушении отделочного слоя согласно СНиП III-21-73* 1981?,"Устранение выполняется по
проекту при капитальном
ремонте
СНиП III-21-73*
1981
Выпадение облицовочной
плитки
Не допустимо наличие
переувлажнения контактного
слоя из-за различия
теплофизических
характеристик материалов.",Data1_10_10861_index.pdf,16
"Какие изменения внесены в Закон ""Об акцизах"" в статье 1?","5.2 настоящего
приложения)
1.6
06.08.93 № 5604-
1
""О внесении изменений в
Закон 
Российской
Федерации ""Об акцизах""
Внесены изменения в п.2 статьи 3 Закона.",Data1_2_2082_index.pdf,25
Какой штраф грозит должностным лицам за воспрепятствование осуществлению права на свободу совести и свободу вероисповедания?,"Воспрепятствование проведению собрания, митинга, демонстрации, шествия, 
пикетирования или участию в них 
Незаконное воспрепятствование проведению собрания, митинга, демонстрации, шествия, пикетирования 
или участию в них либо принуждение к участию в них, если эти деяния совершены должностным лицом с 
использованием своего служебного положения либо с применением насилия или с угрозой его 
применения, - 
наказываются штрафом в размере до трехсот тысяч рублей или в размере заработной платы или иного 
дохода осужденного за период до двух лет, либо принудительными работами на срок до трех лет с 
лишением права занимать определенные должности или заниматься определенной деятельностью на 
срок до трех лет или без такового, либо лишением свободы на срок до трех лет с лишением права 
занимать определенные должности или заниматься определенной деятельностью на срок до трех лет или 
без такового.",Уголовный кодекс Российской Федерации.pdf,78
"Какие затраты, связанные с командированием работников подрядных организаций на стройки при обязанности российской организации относятся на объемы работ, выполняемые российскими организациями (ГОСТ)?","контроль за соответствием объемов и качества выполненных и предъявленных к оплате
строительно-монтажных работ проектно-сметной документации;
проведение учета объемов и стоимости принятых и оплаченных строительно-
монтажных работ, а также объемов и стоимости некачественно выполненных подрядной
организацией строительно-монтажных работ и затрат на устранение дефектов и переделки;
контроль наличия и правильности ведения первичной исполнительной технической
документации 
(исполнительных 
схем 
инструментальной 
съемки 
смонтированных
конструкций, частей зданий, сооружений и инженерных коммуникаций, общих и
специальных журналов работ) и внесение в нее изменений в связи с выявленными
недостатками и дефектами при производстве строительно-монтажных работ;
контроль за исполнением строительно-монтажными организациями указаний и
предписаний авторского надзора и органов государственного строительного контроля, а
также требований технического надзора заказчика, относящихся к вопросам качества
выполняемых строительно-монтажных работ и применяемых конструкций, изделий,
материалов и оборудования, обеспечение своевременного устранения дефектов и
недоделок, выявленных при приемке отдельных видов работ, конструктивных элементов
зданий, сооружений и объектов в целом;
участие в проведении рабочими комиссиями (приемочными комиссиями) проверок
качества отдельных конструкций и узлов, видов строительно-монтажных работ,
оборудования и механизмов при их приемке;
участие в освидетельствовании объектов, зданий и сооружений, подлежащих
консервации, и в оформлении документации на консервацию или временное прекращение
строительства предприятий, зданий и сооружений, а также в оценке технического
состояния объектов при передаче их строительно-монтажным организациям для
продолжения работ;
участие в проверках, проводимых органами государственного надзора и строительного
контроля, отделениями и конторами финансирующих банков, а также ведомственными
инспекциями и комиссиями;
извещение органов государственного строительного контроля о всех случаях аварийного
состояния на объектах строительства и объемах работ по ликвидации аварий.",Data1_1_1804_index.pdf,9
Какие обосновывающие документы требуются для расчета затрат на приобретение малоценного и хозяйственного инвентаря согласно ГОСТ МДС 81-7.2000?,"МИНИСТЕРСТВО СТРОИТЕЛЬСТВА РОССИЙСКОЙ ФЕДЕРАЦИИ
(МИНСТРОЙ РОССИИ)
 
МЕТОДИЧЕСКИЕ РЕКОМЕНДАЦИИ
ПО РАСЧЕТУ ИНДЕКСОВ ЦЕН
НА СТРОИТЕЛЬНУЮ ПРОДУКЦИЮ
ДЛЯ ПОДРЯДНЫХ СТРОИТЕЛЬНО-МОНТАЖНЫХ
ОРГАНИЗАЦИЙ
 
МДС 81-14.2000
 
(приняты и введены в действие письмом
Минстроя РФ от 13 ноября 1996 г.",Data1_2_2117_index.pdf,1
Когда вступает в силу решение об аннулировании свидетельства?,"Решение налогового органа об аннулировании свидетельства вступает в силу со дня его принятия и 
действует с учетом следующих особенностей: 
1) при наступлении случая, указанного в подпункте 1 пункта 5.2 настоящей статьи, свидетельство 
аннулируется со дня, указанного в заявлении; 
2) при наступлении случаев, указанных в подпунктах 2 - 7 пункта 5.2 настоящей статьи, свидетельство 
аннулируется со дня наступления соответствующих обстоятельств;",Налоговый кодекс Российской Федерации.pdf,549
"Какие исключения существуют для домов и дворцов культуры, расположенных в городах, районных центрах, поселках городского типа?","Для целей настоящей статьи деятельностью музеев, театров, библиотек, учредителями которых являются 
субъекты Российской Федерации или муниципальные образования, домов и дворцов культуры, клубов, 
учредителями которых являются муниципальные образования (за исключением указанных домов и 
дворцов культуры, клубов, располагающихся в городах, районных центрах (кроме административных 
центров муниципальных районов, являющихся единственным населенным пунктом муниципального 
района), поселках городского типа), признается деятельность, включенная в Перечень видов культурной 
деятельности, установленный Правительством Российской Федерации.",Налоговый кодекс Российской Федерации.pdf,1111
Какой индекс в прогнозном уровне указан для монтажных работ в 1994 году для объектов производственного назначения?,"4.8 «Временного положения о порядке
применения свободных (рыночных) цен и тарифов на продукцию производственно-технического
назначения, товары народного потребления и услуги», утвержденного Министерством экономики и
финансов РСФСР 23.12.91 № Р-339;
сравнивать фактическую цену поставщика (с учетом его затрат на транспорт этой продукции),
по которой она была приобретена подрядной организацией, с отпускной ценой предприятия-
изготовителя, и в случае превышения первой цены над второй более чем в 1,25 раза (с учетом
налога на добавленную стоимость), исключать эту информацию из базы для расчета индексов цен
на строительные и монтажные работы;
сопоставлять расценки на эксплуатацию строительных машин и тарифы на транспортные
услуги, устанавливаемые конкретными трестами и управлениями механизации, транспортными
предприятиями, с расценками и тарифами аналогичных предприятий в данном и близлежащих
регионах и по предприятиям-монополистам выявлять причины необоснованного завышения
расценок и тарифов путем анализа деклараций этих предприятий о повышении свободных цен;
не учитывать размер оплаты труда и прибыль, полученные за счет других сфер деятельности
подрядных организаций, в составе уровня соответствующих показателей, предназначенных для",Data1_2_2075_index.pdf,3
Какие разделы могут входить в техническую часть тендерной документации согласно ГОСТ МДС-80-8.2000?,"ГОССТРОЙ РОССИИ
М Е Т О Д И Ч Е С К И Е  Р Е К О М Е Н Д А Ц И И
ПО РАЗРАБОТКЕ
ТЕХНИЧЕСКОЙ ЧАСТИ
ТЕНДЕРНОЙ ДОКУМЕНТАЦИИ
И ОФЕРТЫ ПРЕТЕНДЕНТА
МДС-80-8.2000
МОСКВА 2000
Методические 
рекомендации 
по 
разработке 
технической 
части 
тендерной 
документации
предназначены 
для 
всех 
субъектов 
инвестиционной 
деятельности: 
заказчиков 
(инвесторов),
организаторов торгов, тендерных комитетов всех уровней, подрядных и субподрядных организаций,
представленных в качестве претендентов и оферентов, консалтинговых, инженерно-консультационных,
финансовых, страховых и иных организаций, в том числе иностранных партнеров, участвующих в
подрядных торгах на территории Российской Федерации, а также университетов и институтов
повышения квалификации руководящих работников и специалистов организаций вне зависимости от
видов и форм собственности.",Data1_10_10865_index.pdf,1
Как выполняются приконьковые продухи согласно ГОСТ МДС 13-18.2000?,"Определенно прочности при одноосном сжатии - одной из важнейших характеристик закрепленных грунтов - выполняется
согласно прил.",Data1_11_11295_index.pdf,26
Как назначаются контрольные и дополнительные рабочие скважины в ходе работ (ГОСТ 3.02.01-83)?,"В ходе работ по данным исполнительной документации назначаются контрольные, а при необходимости и
дополнительные рабочие скважины.",Data1_11_11295_index.pdf,25
Какая дата считается датой осуществления внереализационных и прочих расходов для расходов на содержание служебного транспорта?,"N 335-ФЗ 
9) суммы процентов, уплачиваемые за предоставление в пользование денежных средств (кредитов, 
займов), а также расходы, связанные с оплатой услуг, оказываемых кредитными организациями, в том 
числе связанные с продажей иностранной валюты при взыскании налога, сбора, пеней и штрафа в порядке, 
предусмотренном статьей 46 настоящего Кодекса; 
10) расходы на обеспечение пожарной безопасности в соответствии с законодательством Российской 
Федерации, расходы на услуги по охране имущества, обслуживанию охранно-пожарной сигнализации, 
расходы на приобретение услуг пожарной охраны и иных услуг охранной деятельности; 
11) суммы таможенных платежей, уплачиваемые при ввозе (вывозе) товаров на территорию Российской 
Федерации и иные территории, находящиеся под ее юрисдикцией, и не подлежащие возврату 
налогоплательщикам в соответствии с таможенным законодательством Таможенного союза и 
законодательством Российской Федерации о таможенном деле; 
12) расходы на содержание служебного транспорта, а также расходы на компенсацию за использование 
для служебных поездок личных легковых автомобилей и мотоциклов в пределах норм, установленных 
Правительством Российской Федерации; 
13) расходы на командировки, в частности на: 
проезд работника к месту командировки и обратно к месту постоянной работы;",Налоговый кодекс Российской Федерации.pdf,1482
Какие объекты налогообложения исключаются из налогооблагаемой базы для налога на пользователей автомобильных дорог согласно ГОСТ МДС 81-23.2000?,"В отношении объекта налогообложения, образованного в течение налогового периода, налоговая база в 
данном налоговом периоде определяется как его кадастровая стоимость на день внесения в Единый 
государственный реестр недвижимости сведений, являющихся основанием для определения кадастровой 
стоимости такого объекта.",Налоговый кодекс Российской Федерации.pdf,1604
"При каких условиях суд устанавливает факты, имеющие юридическое значение?","Условия, необходимые для установления фактов, имеющих юридическое 
значение 
Суд устанавливает факты, имеющие юридическое значение, только при невозможности получения 
заявителем в ином порядке надлежащих документов, удостоверяющих эти факты, или при невозможности 
восстановления утраченных документов.",Гражданский процессуальный кодекс Российской Федерации.pdf,110
Какие земли муниципальной собственности упоминаются в ГОСТ МДС 11-7.2000?,"Комментарии к статьям на сайте 
https://zkodeksrf.ru/ 
 
 
 
 
2) не представлено в письменной форме согласие лиц, указанных в пункте 4 статьи 11.2 настоящего 
Кодекса, если земельные участки, которые предлагается перераспределить, обременены правами 
указанных лиц; 
3) на земельном участке, на который возникает право частной собственности, в результате 
перераспределения земельного участка, находящегося в частной собственности, и земель и (или) 
земельных участков, находящихся в государственной или муниципальной собственности, будут 
расположены здание, сооружение, объект незавершенного строительства, находящиеся в государственной 
или муниципальной собственности, в собственности других граждан или юридических лиц, за 
исключением сооружения (в том числе сооружения, строительство которого не завершено), размещение 
которого допускается на основании сервитута, публичного сервитута, или объекта, размещенного в 
соответствии с пунктом 3 статьи 39.36 настоящего Кодекса; 
4) проектом межевания территории или схемой расположения земельного участка предусматривается 
перераспределение земельного участка, находящегося в частной собственности, и земель и (или) 
земельных участков, находящихся в государственной или муниципальной собственности и изъятых из 
оборота или ограниченных в обороте, за исключением случаев, если такое перераспределение 
осуществляется в соответствии с проектом межевания территории с земельными участками, указанными в 
подпункте 7 пункта 5 статьи 27 настоящего Кодекса; 
5) образование земельного участка или земельных участков предусматривается путем перераспределения 
земельного участка, находящегося в частной собственности, и земель и (или) земельного участка, 
находящихся в государственной или муниципальной собственности и зарезервированных для 
государственных или муниципальных нужд; 
6) проектом межевания территории или схемой расположения земельного участка предусматривается 
перераспределение земельного участка, находящегося в частной собственности, и земельного участка, 
находящегося в государственной или муниципальной собственности и являющегося предметом аукциона, 
извещение о проведении которого размещено в соответствии с пунктом 19 статьи 39.11 настоящего 
Кодекса, либо в отношении такого земельного участка принято решение о предварительном согласовании 
его предоставления, срок действия которого не истек; 
7) образование земельного участка или земельных участков предусматривается путем перераспределения 
земельного участка, находящегося в частной собственности, и земель и (или) земельных участков, которые 
находятся в государственной или муниципальной собственности и в отношении которых подано заявление 
о предварительном согласовании предоставления земельного участка или заявление о предоставлении 
земельного участка и не принято решение об отказе в этом предварительном согласовании или этом 
предоставлении; 
8) в результате перераспределения земельных участков площадь земельного участка, на который 
возникает право частной собственности, будет превышать установленные предельные максимальные 
размеры земельных участков; 
9) образование земельного участка или земельных участков предусматривается путем перераспределения 
земельного участка, находящегося в частной собственности, и земель, из которых возможно образовать 
самостоятельный земельный участок без нарушения требований, предусмотренных статьей 11.9 
настоящего Кодекса, за исключением случаев перераспределения земельных участков в соответствии с 
подпунктами 1 и 4 пункта 1 статьи 39.28 настоящего Кодекса; 
10) границы земельного участка, находящегося в частной собственности, подлежат уточнению в 
соответствии с Федеральным законом ""О государственной регистрации недвижимости"";",Земельный кодекс Российской Федерации.pdf,89
Сколько опорных точек должно быть передано на монтажные горизонты согласно СНиП 3.01.03-84?,"Число опорных точек, передаваемых на монтажные горизонты, должно быть не
менее трех.",Data1_11_11285_index.pdf,36
Что такое перенос убытков на будущее?,"Если налогоплательщик понес убытки более чем в одном налоговом периоде, перенос таких убытков на 
будущее производится в той очередности, в которой они понесены.",Налоговый кодекс Российской Федерации.pdf,1077
Может ли правообладатель распоряжаться исключительным правом на произведение?,"Правообладатель может 
распоряжаться исключительным правом на топологию.",Гражданский кодекс Российской Федерации.pdf,618
Какие элементы должны быть показаны на схемах современного использования территории и схемах комплексной оценки территории для городов с расчетной численностью населения 250 - 500 тысяч человек согласно ГОСТ МДС 11-7.2000?,"ПРИЛОЖЕНИЕ 3
ОСНОВНЫЕ ТРЕБОВАНИЯ К ЗАДАНИЮ НА РАЗРАБОТКУ СХЕМЫ И ПРОЕКТА
РАЙОННОЙ ПЛАНИРОВКИ, ГЕНЕРАЛЬНОГО ПЛАНА ГОРОДА, ДРУГОГО
ПОСЕЛЕНИЯ, ТЕРРИТОРИИ СЕЛЬСКОГО ОРГАНА МЕСТНОГО
САМОУПРАВЛЕНИЯ
В задании на разработку схемы и проекта районной планировки, генерального плана
города, другого поселения, территории сельского органа моечного самоуправления должны
быть указаны:
наименование объекта, его основные характеристики (местоположение, численность
населения, территория, основные виды ресурсов, профилирующие отрасли производства,
административная 
структура, 
условия 
обеспечения 
инженерно-транспортной
инфраструктурой, другие специфические характеристики);
основание для проектирования;
состав 
участников 
разработки 
и 
согласования 
проектных 
материалов 
и 
их
взаимообязательства;
кем и в какие сроки должны выдаваться исходные данные для проектирования;
состав 
подлежащих 
передаче 
материалов 
и 
услуг 
по 
этапам 
(если 
они
предусматриваются), сроки и стоимость работ;
требования к содержанию и форме представляемых материалов, сроки проектирования;",Data1_1_1904_index.pdf,27
Какие отраслевые положения применяются при эксплуатации железнодорожных путей общего пользования согласно ГОСТ МДС 14-13.2000?,"ГОСУДАРСТВЕННЫЙ КОМИТЕТ СОВЕТА МИНИСТРОВ СССР ПО ДЕЛАМ СТРОИТЕЛЬСТВА
(ГОССТРОЙ СССР)
ПОЛОЖЕНИЕ
О ПРОВЕДЕНИИ ПЛАНОВО-ПРЕДУПРЕДИТЕЛЬНОГО РЕМОНТА
ПРОИЗВОДСТВЕННЫХ ЗДАНИЙ И СООРУЖЕНИЙ
МДС 13-14.2000
(Утверждено Постановлением Госстроя СССР от 29 декабря 1973 г.",Data1_1_1879_index.pdf,1
"Какое наказание предусмотрено за сокрытие информации, совершенное лицом, занимающим государственную должность?","Лишение права занимать определенные должности или заниматься определенной деятельностью 
может назначаться в качестве дополнительного вида наказания и в случаях, когда оно не предусмотрено 
соответствующей статьей Особенной части настоящего Кодекса в качестве наказания за соответствующее 
преступление, если с учетом характера и степени общественной опасности совершенного преступления и 
личности виновного суд признает невозможным сохранение за ним права занимать определенные 
должности или заниматься определенной деятельностью.",Уголовный кодекс Российской Федерации.pdf,14
"Что происходит, если вред причинен в период действия концессионного соглашения?","Владелец источника повышенной опасности не отвечает за вред, причиненный этим источником, если 
докажет, что источник выбыл из его обладания в результате противоправных действий других лиц.",Гражданский кодекс Российской Федерации.pdf,431
Какие копии лицензий должны быть представлены при необходимости?,"Дополнительные материалы должны быть представлены в течение трех месяцев 
со дня направления такого запроса.",Гражданский кодекс Российской Федерации.pdf,569
Какие действия необходимо предпринять при выпадении отдельных камней или кирпичей из кладки цоколя согласно ГОСТ МДС 13-18.2000?,"м3
 
9
Оклеенная гидроизоляция подземной части здания с защитной стенкой из кирпича
или плоскими листами шифера
м2
 
10
Обратная засыпка пазух
1000 м3
 
11
Предварительная (грубая) вертикальная планировка площадки строительства
1000 м2
 
12
Укладка подкрановых путей с рихтовкой и монтажом башенных кранов
шт/м
 
13
Прокладка магистральных инженерных подземных коммуникаций в жилом городке:
 
 
 
коллектор для теплотрассы
1000 м/м3
 
 
водопровод
1000 м
 
 
канализация хоз/фекал.",Data1_10_10865_index.pdf,22
В какие сроки уполномоченный орган должен направить проект договора аренды иным правообладателям?,"В случае, если победитель аукциона или иное лицо, с которым договор купли-продажи или договор 
аренды земельного участка заключается в соответствии с пунктом 13, 14 или 20 настоящей статьи, в 
течение тридцати дней со дня направления им уполномоченным органом проекта указанного договора не 
подписали и не представили в уполномоченный орган указанные договоры, уполномоченный орган в 
течение пяти рабочих дней со дня истечения этого срока направляет сведения, предусмотренные 
подпунктами 1 - 3 пункта 29 настоящей статьи, в уполномоченный Правительством Российской Федерации 
федеральный орган исполнительной власти для включения их в реестр недобросовестных участников 
аукциона.",Земельный кодекс Российской Федерации.pdf,61
В каких случаях защитник участвует в уголовном деле с момента начала процессуальных действий?,"Судья, а при коллегиальном рассмотрении дела председательствующий в судебном 
заседании: 
1) открывает судебное заседание и объявляет, какое дело подлежит рассмотрению; 
2) проверяет явку в судебное заседание лиц, участвующих в деле, их представителей и иных 
участников арбитражного процесса, устанавливает их личность и проверяет полномочия; 
устанавливает, извещены ли надлежащим образом лица, не явившиеся в судебное заседание, и 
какие имеются сведения о причинах их неявки; 
3) выясняет вопрос о возможности слушания дела; 
4) объявляет состав арбитражного суда, сообщает, кто ведет протокол судебного заседания, 
кто участвует в качестве эксперта, переводчика, и разъясняет лицам, участвующим в деле, их право 
заявлять отводы; 
5) разъясняет лицам, участвующим в деле, и иным участникам арбитражного процесса их 
процессуальные права и обязанности; 
6) удаляет из зала судебного заседания явившихся свидетелей до начала их допроса; 
7) предупреждает переводчика об уголовной ответственности за заведомо неправильный 
перевод, эксперта за дачу заведомо ложного заключения, свидетелей (непосредственно перед их 
допросом) за дачу заведомо ложных показаний и отказ от дачи показаний; 
8) определяет с учетом мнений лиц, участвующих в деле, последовательность проведения 
процессуальных действий и продолжительность выступлений; 
9) выясняет, поддерживает ли истец иск, признает ли иск ответчик, не хотят ли стороны 
закончить дело мировым соглашением или применить процедуру медиации, о чем делаются 
соответствующие записи в протоколе судебного заседания; 
10) руководит судебным заседанием, обеспечивает условия для всестороннего и полного 
исследования доказательств и обстоятельств дела, обеспечивает рассмотрение заявлений и 
ходатайств лиц, участвующих в деле; 
11) принимает меры по обеспечению в судебном заседании надлежащего порядка.",Арбитражный процессуальный кодекс Российской Федерации.pdf,78
"Почему важно не обещать больше, чем можно сделать, согласно ГОСТ МДС 11-11.2000?","Успешному маркетингу содействует соблюдение следующих общих принципов:
1) не обещайте больше, чем можете сделать!",Data1_10_10858_index.pdf,15
Какие общесоюзные ценники на пусконаладочные работы перечислены в Приложении 1 к МДС 81-8.2000?,"Цену пусконаладочных работ по серийному вновь осваиваемому промышленностью
оборудованию, неосвоенному уникальному оборудованию, не включенному в ценники,
следует принимать по цене аналогичного оборудования (близкого по конструкции и
технологическому назначению), предусмотренного ценником, с коэффициентом 1,2, а
при отсутствии аналога - на основе индивидуальной калькуляции, составленной и
утвержденной в установленном порядке.",Data1_10_10864_index.pdf,19
Какое максимальное количество баллов можно получить за показатель «Использование местных материалов» согласно ГОСТ МДС 80-3.2000?,"По другим показателям величину максимального числа баллов рекомендуется
устанавливать:
по показателю «опыт сооружения аналогичных объектов или выполнения
комплекса работ с требуемым уровнем качества», если речь идет о строительстве
таких объектов, где очень важно наличие соответствующего опыта у подрядчика - до
200 баллов;
по показателю «альтернативное предложение по ускорению выполнения работ»,
если для инвестора очень важны предложения оферентов по ускорению
строительства - до 300 баллов;
по показателю «использование местных материальных и трудовых ресурсов», если
в районе строительства имеются существенные резервы мощностей по производству
местных материалов и свободные трудовые ресурсы - до 100 баллов.",Data1_10_10869_index.pdf,4
Какие сведения должны содержаться в определении по делу о выдаче исполнительного листа на принудительное исполнение решения третейского суда?,"В определении по делу о выдаче исполнительного листа на принудительное исполнение 
решения третейского суда должны содержаться: 
1) сведения о составе третейского суда, принявшего это решение; 
2) 
наименование 
постоянно 
действующего 
арбитражного 
учреждения, 
администрировавшего третейское разбирательство, его место нахождения (в случае наличия 
постоянно действующего арбитражного учреждения); 
3) наименования сторон третейского разбирательства; 
4) сведения о решении третейского суда, о выдаче исполнительного листа на 
принудительное исполнение которого ходатайствует заявитель; 
5) указание на выдачу исполнительного листа на принудительное исполнение решения 
третейского суда или отказ в выдаче исполнительного листа.",Арбитражный процессуальный кодекс Российской Федерации.pdf,150
При каких условиях объявляются торги несостоявшимися?,"В состав показателей для оценки коммерческой части оферт могут входить:
предложенная оферентом цена, предмета подрядных торгов (осуществления
строительства, выполнения комплекса работ, оказания услуг, поставки продукции) с
указанием, в какой валюте и на каком уровне (в ценах какого периода) рассчитана
предложенная цена;
предложенный оферентом метод учета при осуществлении расчетов за
выполненные работы последующих изменений уровня цен в связи с инфляцией,
изменением законодательства в области налоговой политики и по другим вопросам;
предложения оферента по условиям и порядку финансирования и кредитования
подрядных работ;
удельные стоимостные показатели по предмету торгов, если торг проводятся на
проектирование объекта или на проектирование и строительство объектов «под
ключ».",Data1_10_10869_index.pdf,2
Кому направляются копии постановления судьи?,"Исполнительный лист вместе с копиями приговора, определения, постановления 
суда может направляться судом для исполнения в органы принудительного исполнения Российской 
Федерации в форме электронного документа, подписанного судьей усиленной квалифицированной 
электронной подписью в порядке, установленном законодательством Российской Федерации.",Уголовно-процессуальный кодекс Российской Федерации.pdf,241
Каковы требования к коагулянту (кремнефтористо-водородная кислота) при однорастворной двухкомпонентной силикатизации по СНиП 3.02.01-83?,"Пособие
по производству работ при устройстве оснований и фундаментов
(к СНиП 3.02.01-83)
 
Часть 1
Раздел 1 Общая часть
Раздел 2 Естественные основания
Раздел 3 Уплотнение грунтов
Раздел 4 Строительное водопонижение
Раздел 5 Закрепление грунтов
Раздел 6 Искусственное замораживание грунтов
Часть 2
Раздел 7 Сооружения, устраиваемые способом ""стена в грунте""
Раздел 8 Свайные фундаменты, шпунтовые ограждения и анкеры
Раздел 9 Опускные колодцы и кессоны
Приложения",Data1_11_11293_index.pdf,1
"В каких случаях доходы, полученные физическими лицами за оказание услуг для личных, домашних и (или) иных подобных нужд, освобождаются от налогообложения?","Освобождение доходов от налогообложения, предусмотренное настоящим пунктом, не применяется в 
следующих случаях: 
при участии налогоплательщика в программах российских и иностранных организаций, указанных в абзаце 
первом настоящего пункта, присоединение к которым осуществляется не на условиях публичной оферты; 
при присоединении налогоплательщика к программам российских и иностранных организаций, указанным 
в абзаце первом настоящего пункта, условиями публичной оферты в которых предусмотрен срок для 
акцепта менее 30 дней и (или) которыми предусмотрена возможность досрочного отзыва оферты; 
при выплате доходов, указанных в абзаце первом настоящего пункта, в качестве вознаграждения лицам, 
состоящим с организацией в трудовых отношениях, за выполнение должностных обязанностей, а также в 
качестве оплаты (вознаграждения) за поставленные налогоплательщиком товары (выполненные работы, 
оказанные услуги) или материальной помощи; 
69) доходы в денежной и (или) натуральной формах, полученные налогоплательщиками в соответствии с 
Федеральным законом от 12 января 1995 года N 5-ФЗ ""О ветеранах"", Законом Российской Федерации от 15 
января 1993 года N 4301-I ""О статусе Героев Советского Союза, Героев Российской Федерации и полных 
кавалеров ордена Славы"", Федеральным законом от 9 января 1997 года N 5-ФЗ ""О предоставлении 
социальных гарантий Героям Социалистического Труда, Героям Труда Российской Федерации и полным 
кавалерам ордена Трудовой Славы""; 
70) доходы в виде выплат (вознаграждений), полученных физическими лицами, не являющимися 
индивидуальными предпринимателями, от физических лиц за оказание им следующих услуг для личных, 
домашних и (или) иных подобных нужд: 
по присмотру и уходу за детьми, больными лицами, лицами, достигшими возраста 80 лет, а также иными 
лицами, нуждающимися в постоянном постороннем уходе по заключению медицинской организации; 
по репетиторству; 
по уборке жилых помещений, ведению домашнего хозяйства.",Налоговый кодекс Российской Федерации.pdf,822
"Что происходит с средствами финансовой поддержки, если условия их получения нарушены?","Средства финансовой поддержки, полученные за счет средств бюджетов бюджетной системы Российской 
Федерации по сертификату на привлечение трудовых ресурсов в субъекты Российской Федерации, 
включенные в перечень субъектов Российской Федерации, привлечение трудовых ресурсов в которые 
является приоритетным, в соответствии с Законом Российской Федерации от 19 апреля 1991 года N 1032-I 
""О занятости населения в Российской Федерации"", учитываются в составе доходов в течение трех 
налоговых периодов с одновременным отражением соответствующих сумм в составе расходов в пределах 
фактически осуществленных расходов каждого налогового периода, предусмотренных условиями 
получения указанных средств финансовой поддержки.",Налоговый кодекс Российской Федерации.pdf,1506
Какие требования к устойчивости фонарей к температурным перепадам установлены ГОСТ МДС 31-8.2002?,"Общие требования к территории
ПЛАНИРОВАНИЕ УЧАСТКА
· Желательно избегать перепадов уровней земли на путях передвижения
занимающихся между блоками вспомогательных помещений и площадками.",Data1_10_10847_index.pdf,4
Какие права имеет прокурор в пределах своих полномочий?,"Комментарии к статьям на сайте 
https://kodasrf.ru/ 
 
 
 
Уполномоченный по правам человека в Российской Федерации, уполномоченный по правам 
человека в субъекте Российской Федерации, Уполномоченный при Президенте Российской 
Федерации по правам ребенка, уполномоченный по правам ребенка в субъекте Российской 
Федерации, иные органы, организации и лица, а также прокурор в пределах своей компетенции 
могут обратиться в суд с административными исковыми заявлениями о признании незаконными 
решений, действий (бездействия) органов, организаций, лиц, наделенных государственными или 
иными публичными полномочиями, в защиту прав, свобод и законных интересов иных лиц, если 
полагают, что оспариваемые решения, действия (бездействие) не соответствуют нормативному 
правовому акту, нарушают права, свободы и законные интересы граждан, организаций, иных лиц, 
создают препятствия к осуществлению их прав, свобод и реализации законных интересов или на 
них незаконно возложены какие-либо обязанности.",Кодекс административного судопроизводства Российской Федерации.pdf,117
Должны ли быть едиными индексы пересчета от цен 2000 г. в текущие цены для ТЕРм и ФЕРм?,"В территориальных и отраслевых указаниях по применению ТЕРм (ОЕРм) должны
быть указаны:
- порядок, в соответствии с которым в данном регионе (отрасли) были определены
транспортные затраты на основные и вспомогательные материалы, используемые для
монтажных работ (в процентном отношении от отпускных цен, на основании
калькуляций транспортных затрат и т.д.);
- порядок, в соответствии с которым в данном регионе (отрасли) были определены
сметные цены на указанные выше материалы (зональные, базовые с районными
коэффициентами и т.д.), а также наличие в сметных ценах наценок снабженческо-
сбытовых и посреднических фирм.",Data1_10_10754_index.pdf,15
Что является основанием для проведения предварительного слушания согласно части второй статьи 229?,"В случае если при принятии предварительного решения о происхождении товара 
обнаружены признаки того, что представленный сертификат о происхождении товара является 
неподлинным и (или) содержит недостоверные сведения, таможенный орган вправе направить 
такой сертификат о происхождении товара в государственный орган (уполномоченную 
организацию), выдавший и (или) уполномоченный проверять сертификат о происхождении товара, 
для проведения проверки такого сертификата о происхождении товара.",Таможенный кодекс Евразийского экономического союза.pdf,31
Какие единые нормативы отчислений в бюджеты муниципальных районов могут быть установлены законом субъекта РФ?,"Налоговые доходы от налога на доходы физических лиц, взимаемого на территориях 
сельских поселений, и от единого сельскохозяйственного налога, взимаемого на территориях 
сельских поселений, предусмотренные пунктом 2 настоящей статьи, подлежащие зачислению в 
бюджет муниципального района, могут быть переданы органами государственной власти субъекта 
Российской Федерации в соответствии с законом субъекта Российской Федерации в бюджеты 
сельских поселений по единым для всех сельских поселений нормативам отчислений в размерах 
соответственно до 8 процентов и до 20 процентов в случае, если законами субъекта Российской 
Федерации и принятыми в соответствии с ними уставом муниципального района и уставами 
сельских поселений за сельскими поселениями закреплены другие вопросы местного значения из 
числа вопросов местного значения городских поселений, решаемых муниципальным районом на 
территориях сельских поселений.",Бюджетный кодекс Российской Федерации.pdf,62
"Когда был принят Указ Президиума Верховного Совета СССР ""О внесении дополнений в Кодекс торгового мореплавания Союза ССР""?","384); 
Указ Президиума Верховного Совета СССР от 2 октября 1987 года N 7812-XI ""О внесении 
изменений в Воздушный кодекс Союза ССР"" (Ведомости Верховного Совета СССР, 1987, N 40, ст.",Воздушный кодекс Российской Федерации.pdf,72
Какие требования к разработке чертежей архитектурно-строительной части зданий и сооружений указаны в ГОСТ МДС-80-8.2000?,"ГОССТРОЙ РОССИИ
М Е Т О Д И Ч Е С К И Е  Р Е К О М Е Н Д А Ц И И
ПО РАЗРАБОТКЕ
ТЕХНИЧЕСКОЙ ЧАСТИ
ТЕНДЕРНОЙ ДОКУМЕНТАЦИИ
И ОФЕРТЫ ПРЕТЕНДЕНТА
МДС-80-8.2000
МОСКВА 2000
Методические 
рекомендации 
по 
разработке 
технической 
части 
тендерной 
документации
предназначены 
для 
всех 
субъектов 
инвестиционной 
деятельности: 
заказчиков 
(инвесторов),
организаторов торгов, тендерных комитетов всех уровней, подрядных и субподрядных организаций,
представленных в качестве претендентов и оферентов, консалтинговых, инженерно-консультационных,
финансовых, страховых и иных организаций, в том числе иностранных партнеров, участвующих в
подрядных торгах на территории Российской Федерации, а также университетов и институтов
повышения квалификации руководящих работников и специалистов организаций вне зависимости от
видов и форм собственности.",Data1_10_10865_index.pdf,1
Какие цены могут быть приняты за базисный уровень стоимости согласно СНиПу?,"Та бл и ц а  2
Наименование, период
осуществления видов
затрат, учтенных в
соответствующем уровне
цен
Стоимость в
соответствующих
уровнях цен за
предшествующий
период
Индекс к базисному
уровню сметных
цен, введенных
01.01.91
Индекс цен по
работам (затратам) в
заданном периоде по
сравнению с
базисным уровнем
сметных цен
Стоимость в ценах
заданного периода
обозначение
размер,
млн.",Data1_2_2075_index.pdf,5
Какие действия должен предпринять исполнитель для приобретения прав на результат интеллектуальной деятельности?,"Обязанности исполнителя 
Исполнитель в договорах на выполнение научно-исследовательских работ, опытно-конструкторских и 
технологических работ обязан: 
выполнить работы в соответствии с согласованным с заказчиком техническим заданием и передать 
заказчику их результаты в предусмотренный договором срок; 
согласовать с заказчиком необходимость использования охраняемых результатов интеллектуальной 
деятельности, принадлежащих третьим лицам, и приобретение прав на их использование;",Гражданский кодекс Российской Федерации.pdf,327
Какие элементы должны быть показаны на схеме современного использования и комплексной оценки территории в концепции генерального плана согласно ГОСТ МДС 11-7.2000?,"ПРИЛОЖЕНИЕ 7
ОСНОВНЫЕ ТРЕБОВАНИЯ К ИСХОДНОЙ ИНФОРМАЦИИ ДЛЯ РАЗРАБОТКИ
СХЕМЫ И ПРОЕКТА РАЙОННОЙ ПЛАНИРОВКИ, ГЕНЕРАЛЬНОГО ПЛАНА
ГОРОДА, ДРУГОГО ПОСЕЛЕНИЯ
Материалы исходной информации должны содержать:
сведения об изученности объекта планирования (охваченности его территории
материалами изысканий различного масштаба и направленности, наличии архивных и
литературных источников, данных о его истории и так далее, перечень ранее выполненных
научно-исследовательских, проектно-планировочных и прочих работ, учет которых
обязателен при проектировании;
данные по современному состоянию и имеющимся программам развития территории;
сведения по современному использованию территории (в виде схем землепользования и
табличного материала);
данные обследований и прогнозов санитарно-гигиенических условий и экологической
ситуации;
данные социологических и социально-экономических обследований;
данные по демографической ситуации;
данные 
по 
характеристике 
жилой 
и 
общественной 
застройки, 
объектов
промышленности, коммунального хозяйства, транспортной системы и строительной базы;",Data1_1_1904_index.pdf,30
Что влечет наложение административного штрафа на граждан за нарушение правил найма жилого помещения жилищного фонда социального использования?,"Комментарии к статьям на сайте 
https://koapkodeksrf.ru/ 
 
 
 
 
заключенного на срок не менее года, или на основании договора найма жилого помещения жилищного 
фонда социального использования, - 
влечет наложение административного штрафа на граждан в размере пяти тысяч рублей; на должностных 
лиц - пятидесяти тысяч рублей; на лиц, осуществляющих предпринимательскую деятельность без 
образования юридического лица, - ста тысяч рублей; на юридических лиц - двухсот тысяч рублей.",Административный кодекс Российской Федерации.pdf,420
"Какие ограничения могут быть установлены в границах зон с особыми условиями использования территории, если они не предусмотрены федеральным законом?","Комментарии к статьям на сайте 
https://zkodeksrf.ru/ 
 
 
 
 
Федерального закона (далее также - подзоны), а также перечень ограничений использования земельных 
участков, водных объектов, которые могут быть установлены в границах указанных территорий (за 
исключением случаев, если перечень этих ограничений в отношении каждой территории установлен 
федеральным законом); 
8) информация о возможности или невозможности установления отдельных ограничений использования 
земельных участков, водных объектов, их частей при установлении зоны с особыми условиями 
использования территории, ее подзон из перечней ограничений, предусмотренных подпунктами 6 и 7 
настоящего пункта, в зависимости от характеристик объектов или территорий, в отношении которых 
устанавливается зона с особыми условиями использования территории; 
9) федеральные органы исполнительной власти, уполномоченные на принятие решений об установлении, 
изменении, о прекращении существования зоны с особыми условиями использования территории, за 
исключением случаев, если федеральным законом принятие указанных решений отнесено к полномочиям 
органов государственной власти субъектов Российской Федерации, органов местного самоуправления; 
10) сведения о праве иных лиц, не являющихся правообладателями зданий, сооружений, в связи с 
размещением которых устанавливается зона с особыми условиями использования территории, 
застройщиками, обеспечивающими строительство, реконструкцию таких зданий, сооружений, обратиться с 
заявлением об установлении, изменении или о прекращении существования зоны с особыми условиями 
использования территории; 
11) исчерпывающий перечень документов, представляемых для принятия решений об установлении, 
изменении, о прекращении существования зоны с особыми условиями использования территории, 
способы их представления, а в случае подачи данных документов в форме электронных документов - 
требования к формату электронных документов; 
12) случаи, при которых требуется изменение зоны с особыми условиями использования территории, а 
также при необходимости случаи, при которых требуется изменение зоны с особыми условиями 
использования территории, установленной в отношении планируемого к строительству, реконструкции 
объекта капитального строительства, после ввода такого объекта капитального строительства в 
эксплуатацию по итогам оценки фактического воздействия такого объекта, сроки обращения 
правообладателя такого объекта в уполномоченные органы с заявлением об изменении зоны; 
13) основания прекращения существования зоны с особыми условиями использования территории.",Земельный кодекс Российской Федерации.pdf,188
Может ли банк использовать имеющиеся на счете денежные средства?,"В отношении налога на прибыль организаций по консолидированной группе налогоплательщиков 
налоговый орган вправе взыскать налог за счет иного имущества одного или нескольких участников этой 
группы при недостаточности или отсутствии денежных средств (драгоценных металлов) на счетах в банках 
всех участников указанной консолидированной группы налогоплательщиков или их электронных денежных 
средств либо при отсутствии информации о счетах этих лиц или информации о реквизитах их 
корпоративных электронных средств платежа, используемых для переводов электронных денежных 
средств.",Налоговый кодекс Российской Федерации.pdf,125
Какие данные о материалах-представителях содержатся в форме № 4 согласно ГОСТ Р 54501-2011?,"Проект инъекционного химзакрепления грунтов в целом разрабатывается на основе следующих материалов:
а) материалов проекта сооружения, содержащих полные технические данные о нем, включая генплан и разрезы с данными о
наземных конструкциях, фундаментах и основаниях, в том числе ожидаемые нагрузки на основание, а также сведения о
расположенных вблизи сооружения других объектах;
б) для существующих сооружений на основе имеющихся архивных материалов о данном сооружении и результатов
инженерного обследования сооружения с техническим заключением;
в) результатов инженерных изысканий, согласно требований СНиП и пособий на проектирование оснований и фундаментов
зданий и сооружений, и на инженерные изыскания в строительстве, а также результатов специальных исследований, согласно
разд.",Data1_11_11295_index.pdf,10
"Как определяется право собственности и иные вещные права на судно, подлежащее государственной регистрации?","Право, подлежащее применению к вещным правам 
Право собственности и иные вещные права на недвижимое и движимое имущество определяются по 
праву страны, где это имущество находится.",Гражданский кодекс Российской Федерации.pdf,479
Как назначается и освобождается от должности главный государственный инспектор труда Российской Федерации?,"Рассматривать дела об административных правонарушениях от имени органов, указанных в части 1 
настоящей статьи, вправе: 
1) главный государственный инспектор Российской Федерации по использованию и охране земель, его 
заместители; 
2) главные государственные инспектора субъектов Российской Федерации по использованию и охране 
земель, их заместители; 
3) главные государственные инспектора городов и районов по использованию и охране земель, их 
заместители; 
4) главный государственный инспектор Российской Федерации в области охраны окружающей среды, его 
заместители; 
5) главные государственные инспектора Российской Федерации в области охраны окружающей среды по 
субъектам Российской Федерации, их заместители; 
6) главные государственные инспектора в области охраны окружающей среды по городам, районам, их 
заместители.",Административный кодекс Российской Федерации.pdf,470
На каком сайте можно найти комментарии к статьям?,"Комментарии к статьям на сайте 
https://gkodeksrf.ru/ 
  
 
 
Статья 1254.",Гражданский кодекс Российской Федерации.pdf,517
"Для каких целей применяются реагенты, описанные в Приложении 16 к ГОСТ (к СНиП 3.02.01-83)?","Параметры глинистого раствора
Добавка
цемента на 1
м3
цементно-
глинистого
раствора, кг
Плотность,
г/см3
Параметры цементно-глинистого раствора
плотность,
г/см3
подвижность,
см
водоотделение,
%
подвижность,
см
водоотделение,
%
стабильность,
г/см3
предел
прочности
на сжатие,
МПа
Расход материала на 1
м3 раствора
цемент
глина
вода
1
1,21
30
10
300
1,39
19
4
0,02
0,5
300
295
794
2
1,21
30
10
400
1,45
18
2
0,01
0,8
400
285
767
3
1,21
30
10
500
1,52
17
1
0
1,3
500
275
741
4
1,23
28
8
300
1,41
17
2
0,01
0,7
300
323
784
5
1,23
28
8
400
1,47
16,5
1
0
1
400
312
755
6
1,23
28
8
500
1,53
16
0
0
1,4
500
302
732
7
1,25
26
6
300
1,43
15
0
0
1
300
351
774
8
1,25
26
6
400
1,49
14
0
0
1,2
400
339
784
9
1,25
26
6
500
1,55
13
0
0
1,7
500
328
722
В табл.",Data1_11_11295_index.pdf,39
Какое определение дается аэропорту федерального значения?,"В генеральной схеме расселения определяется государственная политика в области
расселения и организации территорий Российской Федерации, зонирование территории,
даются обоснования особенностей территориальной организации и расселения в границах
важнейших межрегиональных объектов и территорий федерального значения и особого
регулирования градостроительной деятельности, определяются основные принципы
проведения политики в области расселения и организации территории на региональном
уровне.",Data1_1_1904_index.pdf,5
Какие основные критерии используются для рассмотрения заявок претендентов в ГОСТ МДС 80-5.2000?,"ГОССТРОЙ РОССИИ
М Е Т О Д И Ч Е С К И Е  Р Е К О М Е Н Д А Ц И И
ПО РАЗРАБОТКЕ
ТЕХНИЧЕСКОЙ ЧАСТИ
ТЕНДЕРНОЙ ДОКУМЕНТАЦИИ
И ОФЕРТЫ ПРЕТЕНДЕНТА
МДС-80-8.2000
МОСКВА 2000
Методические 
рекомендации 
по 
разработке 
технической 
части 
тендерной 
документации
предназначены 
для 
всех 
субъектов 
инвестиционной 
деятельности: 
заказчиков 
(инвесторов),
организаторов торгов, тендерных комитетов всех уровней, подрядных и субподрядных организаций,
представленных в качестве претендентов и оферентов, консалтинговых, инженерно-консультационных,
финансовых, страховых и иных организаций, в том числе иностранных партнеров, участвующих в
подрядных торгах на территории Российской Федерации, а также университетов и институтов
повышения квалификации руководящих работников и специалистов организаций вне зависимости от
видов и форм собственности.",Data1_10_10865_index.pdf,1
Можно ли начать строительство или реконструкцию объекта капитального строительства без выполнения инженерных изысканий?,"Комментарии к статьям на сайте 
https://grkodeksrf.ru/ 
 
 
 
 
 
показателей функционирования таких объектов (мощности, грузоподъемности и других) или при котором 
требуется изменение границ полос отвода и (или) охранных зон таких объектов; 
14.2) капитальный ремонт объектов капитального строительства (за исключением линейных объектов) - 
замена и (или) восстановление строительных конструкций объектов капитального строительства или 
элементов таких конструкций, за исключением несущих строительных конструкций, замена и (или) 
восстановление систем инженерно-технического обеспечения и сетей инженерно-технического 
обеспечения объектов капитального строительства или их элементов, а также замена отдельных элементов 
несущих строительных конструкций на аналогичные или иные улучшающие показатели таких конструкций 
элементы и (или) восстановление указанных элементов; 
14.3) капитальный ремонт линейных объектов - изменение параметров линейных объектов или их 
участков (частей), которое не влечет за собой изменение класса, категории и (или) первоначально 
установленных показателей функционирования таких объектов и при котором не требуется изменение 
границ полос отвода и (или) охранных зон таких объектов, если иное не предусмотрено настоящим 
Кодексом; 
14.4) снос объекта капитального строительства - ликвидация объекта капитального строительства путем 
его разрушения (за исключением разрушения вследствие природных явлений либо противоправных 
действий третьих лиц), разборки и (или) демонтажа объекта капитального строительства, в том числе его 
частей; 
15) инженерные изыскания - изучение природных условий и факторов техногенного воздействия в целях 
рационального и безопасного использования территорий и земельных участков в их пределах, подготовки 
данных по обоснованию материалов, необходимых для территориального планирования, планировки 
территории и архитектурно-строительного проектирования; 
16) застройщик - физическое или юридическое лицо, обеспечивающее на принадлежащем ему земельном 
участке или на земельном участке иного правообладателя (которому при осуществлении бюджетных 
инвестиций в объекты капитального строительства государственной (муниципальной) собственности 
органы государственной власти (государственные органы), Государственная корпорация по атомной 
энергии ""Росатом"", Государственная корпорация по космической деятельности ""Роскосмос"", органы 
управления государственными внебюджетными фондами или органы местного самоуправления передали 
в случаях, установленных бюджетным законодательством Российской Федерации, на основании 
соглашений свои полномочия государственного (муниципального) заказчика или которому в соответствии 
со статьей 13.3 Федерального закона от 29 июля 2017 года N 218-ФЗ ""О публично-правовой компании 
""Фонд развития территорий"" и о внесении изменений в отдельные законодательные акты Российской 
Федерации"" передали на основании соглашений свои функции застройщика) строительство, 
реконструкцию, капитальный ремонт, снос объектов капитального строительства, а также выполнение 
инженерных изысканий, подготовку проектной документации для их строительства, реконструкции, 
капитального ремонта.",Градостроительный кодекс Российской Федерации.pdf,2
Какие требования предъявляются к поставщикам промышленной продукции согласно ГОСТ МДС 81-9.2000?,"К элементам покрытий не предъявляются требования по пределам огнестойкости и
пределам распространения огня, при этом элементы чердачного покрытия из древесины подвергаются
огнезащитной обработке
IIIа
Здания преимущественно с каркасной конструктивной схемой.",Data1_10_10865_index.pdf,15
Когда был принят Семейный кодекс Российской Федерации?,"Супруг, чье нотариально удостоверенное согласие на совершение указанной сделки не было 
получено, вправе требовать признания сделки недействительной в судебном порядке в течение года 
со дня, когда он узнал или должен был узнать о совершении данной сделки, по правилам статьи 
173.1 Гражданского кодекса Российской Федерации.",Семейный кодекс Российской Федерации.pdf,9
"Какие требования предъявляются к проектированию, строительству, реконструкции, вводу в эксплуатацию и эксплуатации зданий, строений, сооружений для рекреационных целей?","Основанием для отказа в выдаче разрешения на ввод объекта в эксплуатацию, во внесении изменений в 
разрешение на ввод объекта капитального строительства в эксплуатацию является: 
1) отсутствие документов, указанных в частях 3 и 4 настоящей статьи; 
2) несоответствие объекта капитального строительства требованиям к строительству, реконструкции 
объекта капитального строительства, установленным на дату выдачи представленного для получения 
разрешения на строительство градостроительного плана земельного участка, или в случае строительства, 
реконструкции, капитального ремонта линейного объекта требованиям проекта планировки территории и 
проекта межевания территории (за исключением случаев, при которых для строительства, реконструкции 
линейного объекта не требуется подготовка документации по планировке территории), требованиям, 
установленным проектом планировки территории, в случае выдачи разрешения на ввод в эксплуатацию 
линейного объекта, для размещения которого не требуется образование земельного участка; 
3) несоответствие объекта капитального строительства требованиям, установленным в разрешении на 
строительство, за исключением случаев изменения площади объекта капитального строительства в 
соответствии с частью 6.2 настоящей статьи; 
4) несоответствие параметров построенного, реконструированного объекта капитального строительства 
проектной документации, за исключением случаев изменения площади объекта капитального 
строительства в соответствии с частью 6.2 настоящей статьи;",Градостроительный кодекс Российской Федерации.pdf,185
Что такое площадь стоянки для транспортных средств согласно определению в тексте?,"""Парковка (парковочное место)"" - специально обозначенное и при необходимости 
обустроенное и оборудованное место, являющееся в том числе частью автомобильной дороги и 
(или) примыкающее к проезжей части и (или) тротуару, обочине, эстакаде или мосту либо 
являющееся частью подэстакадных или подмостовых пространств, площадей и иных объектов 
улично-дорожной сети, зданий, строений или сооружений и предназначенное для организованной 
стоянки транспортных средств на платной основе или без взимания платы по решению 
собственника или иного владельца автомобильной дороги, собственника земельного участка либо 
собственника соответствующей части здания, строения или сооружения.",ПДД Российской Федерации.pdf,3
"Что происходит, если организация не представит повторное уведомление об освобождении от исполнения обязанностей налогоплательщика?","В целях освобождения от исполнения обязанностей налогоплательщика организация представляет в 
налоговый орган по месту постановки на учет в качестве налогоплательщика (по месту постановки на учет в 
качестве крупнейшего налогоплательщика - для организаций, отнесенных к категории крупнейших 
налогоплательщиков) уведомление об освобождении от исполнения обязанностей налогоплательщика по 
налогу с указанием наименований участков недр, в отношении которых используется право на 
освобождение от исполнения обязанностей налогоплательщика по налогу, с приложением копий лицензий 
на право пользования недрами по соответствующим участкам недр (включая все приложения к указанным 
лицензиям).",Налоговый кодекс Российской Федерации.pdf,1326
Какие единицы измерения могут использоваться в Форме № 3-св согласно ГОСТ?,"1
2
3
4
5
Форма № 3-св
СВОДКА
ОБЪЕМОВ И СТОИМОСТИ ПОДРЯДНЫХ РАБОТ
на _______________________________________________________
(наименование объекта)
Наименование и количество единиц измерения
№
№
п/
п
Коды КЭ и
конструктивных
решений
Наименование
разделов,
конструктивных
элементов и
устройств
Единица
измерения
Коли-
чество
Сметная стоимость в текущем уровне цен, тыс.",Data1_2_2076_index.pdf,15
Какова продолжительность периода со среднесуточной температурой воздуха < 8 °C в г. Джарджан согласно документу МДС 31-8.2002?,"Республика, край область, пункт
Средняя
температура
наиболее
холодной
пятидневки, °С
Период со среднесуточной
температурой воздуха < 8 °С
Среднемесячная
температура за
июль, °С
Максимальная из
средних
скоростей ветра
по румбам за
январь, м/с
продолжительность,
сут
средняя
температура, °С
Хоринск
- 39
241
- 10,8
25,9
-
Владимирская область
 
 
 
 
 
Владимир
- 28
213
- 3,5
23,3
4,5
Муром
- 30
214
- 4
23,3
-
Волгоградская область
 
 
 
 
 
Волгоград
- 25
178
- 2,2
30
8,1
Котельниково
- 24
176
- 1,6
30,8
4,2
Эльтон
- 26
181
- 3,6
31,3
4,6
Вологодская область
 
 
 
 
 
Вологда
- 32
231
- 4,1
22,3
6
Вытегра
- 32
235
- 3,4
21,9
5,3
Никольск
- 34
236
- 4,9
22,7
-
Тотьма
- 32
235
- 4,5
22,4
4,5
Воронежская область
 
 
 
 
 
Воронеж
- 26
196
- 3,1
25,9
5,1
Республика Дагестан
 
 
 
 
 
Дербент
- 9
138
3,7
28,2
5,2
Махачкала
- 14
148
2,7
28,6
8,5
Ивановская область
 
 
 
 
 
Иваново
- 30
219
- 3,9
23,3
4,9
Кинешма
- 31
221
- 4,1
23,8
-
Иркутская область
 
 
 
 
 
Алыгджер
- 36
264
- 6,4
22,3
3,8
Бодайбо
- 47
254
- 13,9
26,1
-
Братск
- 43
249
- 8,6
23,5
3,4
Верхняя Гутара
- 37
273
- 7,7
21,9
-
Дубровское
- 50
257
- 12,3
25,5
-
Ербогачен
- 51
264
- 14,8
24,3
3,1
Жигалово
- 47
252
- 13,3
25,6
-
Зима
- 42
239
- 9,7
24,8
4,8
Ика
- 50
262
- 13
24,1
-
Илимск
- 45
255
- 11
25,5
-
Иркутск
- 36
240
- 8,5
24,7
2,9
Ичера
- 50
254
- 12,9
25,1
-
Киренск
- 49
251
- 12,3
25,1
4,4
Мама
- 46
255
- 12,6
25,8
-
Марково
- 49
250
- 12,3
25,6
4,2
Наканно
- 54
268
- 16,5
23,9
-
Невон
- 48
253
- 11,1
25
-
Непа
- 50
261
- 12,9
24,2
-
Орлинга
- 46
253
- 11,6
25,1
-
Перевоз
- 46
262
- 12,4
24,9
-
Преображенка
- 50
259
- 13,3
24,5
-
Слюдянка
- 28
254
- 6,4
19,8
1,5
Тайшет
- 40
240
- 8,3
24,8
6,4
Тулун
- 40
247
- 9
24,0
4,4
Усть-Ордынский - Бурятский АО
- 41
243
- 10,9
25,2
-
Кабардино-Балкарская Республика
 
 
 
 
 
Нальчик
- 18
168
0,6
27
2,5
Калининградская область
 
 
 
 
 
Калининград
- 19
193
1,1
22,4
5,9
Республика Калмыкия - Хальмг
Тангч
 
 
 
 
 
Элиста
- 23
173
- 1,2
31
7,6
Калужская область
 
 
 
 
 
Калуга
- 27
210
- 2,9
23,4
4,9
Камчатская область
 
 
 
 
 
Апука - Корякский АО
- 29
300
- 5,1
13,2
-
Ича - Корякский АО
- 25
282
- 3,8
14,1
-
Ключи
- 35
257
- 6,3
19,5
7,2
Козыревск
- 37
256
- 7,3
21,1
-
Корф - Корякский АО
- 30
281
- 6,9
15,5
-
Лопатка, мыс
- 13
306
0
11,4
-
Мильково
- 38
256
- 8,3
21,3
-
Начики
- 36
280
- 7,0
18
5,4
о.",Data1_10_10846_index.pdf,23
Какие критерии оценки эффективности деятельности органов государственной власти субъектов Российской Федерации по осуществлению переданных полномочий устанавливаются?,"Методика оценки эффективности осуществления органами государственной власти 
субъектов Российской Федерации переданных им полномочий утверждается уполномоченным 
федеральным органом исполнительной власти.",Лесной кодекс Российской Федерации.pdf,79
Что такое конкурентность в контексте ГОСТ МДС 80-2.2000?,"ГОССТРОЙ РОССИИ
М Е Т О Д И Ч Е С К И Е  Р Е К О М Е Н Д А Ц И И
ПО РАЗРАБОТКЕ
ТЕХНИЧЕСКОЙ ЧАСТИ
ТЕНДЕРНОЙ ДОКУМЕНТАЦИИ
И ОФЕРТЫ ПРЕТЕНДЕНТА
МДС-80-8.2000
МОСКВА 2000
Методические 
рекомендации 
по 
разработке 
технической 
части 
тендерной 
документации
предназначены 
для 
всех 
субъектов 
инвестиционной 
деятельности: 
заказчиков 
(инвесторов),
организаторов торгов, тендерных комитетов всех уровней, подрядных и субподрядных организаций,
представленных в качестве претендентов и оферентов, консалтинговых, инженерно-консультационных,
финансовых, страховых и иных организаций, в том числе иностранных партнеров, участвующих в
подрядных торгах на территории Российской Федерации, а также университетов и институтов
повышения квалификации руководящих работников и специалистов организаций вне зависимости от
видов и форм собственности.",Data1_10_10865_index.pdf,1
Какие исходные данные необходимы для разработки годового плана технического обслуживания и ремонта кранов?,"ПРИЛОЖЕНИЕ 9
СОСТАВ И СОДЕРЖАНИЕ ИСХОДНЫХ ДАННЫХ ДЛЯ РАЗРАБОТКИ ПРОЕКТА
ДЕТАЛЬНОЙ ПЛАНИРОВКИ
Для разработки проекта детальной планировки заказчик выдает генеральному
проектировщику следующие исходные данные:
материалы топографо-геодезических и инженерно-геологических изысканий;
материалы оценки современного и ожидаемого санитарно-гигиенического состояния
окружающей среды в границах проектируемого района;
перечень ранее выполненных работ (научно-исследовательских, проектных и прочих),
учет которых обязателен при проектировании;
инвентаризационные данные по землепользованию, жилищному фонду, предприятиям и
учреждениям обслуживания;
данные о промышленных предприятиях, объектах коммунального хозяйства, улично-
дорожной и транспортной сети, гаражах и стоянках личного автотранспорта, организации
дорожного движения (по материалам анкет, выдаваемых проектной организацией);
технические условия на инженерное оборудование территории;
проекты зон охраны памятников истории и культуры; материалы по курортологическим
ресурсам и медицинскому зонированию для курортов.",Data1_1_1904_index.pdf,32
Какие данные должны быть указаны в договоре теплоснабжения при установке узла учета не на границе эксплуатационной ответственности?,"поддерживать на границе эксплуатационной ответственности давление и
температуру пара в соответствии с договором, с отклонениями не более, чем
обусловлено договором;
поддерживать 
температуру 
сетевой 
воды 
на 
границе 
эксплуатационной
ответственности в соответствии с приложенным к договору температурным
графиком, не допуская отклонения среднесуточной температуры более, чем
обусловлено договором; в периоды снижения температуры наружного воздуха ниже
расчетных значений, температура сетевой воды должна поддерживаться на уровне не
ниже ее значения для расчетной температуры наружного воздуха;
поддерживать давление сетевой воды в подводящем и отводящем (в том числе
статическое) трубопроводах на границе эксплуатационной ответственности в
соответствии с договором при условии не превышения абонентом установленных
договором расхода сетевой воды в подводящем трубопроводе, нормированных
значений утечек и сливов из сетей и систем теплопотребления, величины водоразбора
из сети при открытой системе теплоснабжения;
разрабатывать гидравлические и тепловые режимы системы централизованного
теплоснабжения 
до 
границ 
эксплуатационной 
ответственности 
между
теплоснабжающей организацией и абонентами, обеспечивающих нормальное
функционирование систем теплопотребления абонентов с расчетными параметрами в
соответствии с техническими условиями на присоединение;
обеспечивать качество пара в соответствии с договором, качество сетевой воды и
воды для подпитки тепловых сетей - в пределах, установленных действующими
правилами технической эксплуатации электрических станций и сетей, и нести
экономическую ответственность за отклонения от указанных показателей, если это
(при соблюдении абонентом договорных расходов сетевой воды на нужды горячего
водоснабжения при открытой схеме и норм утечки, а также недопущении им
несанкционированного разбора сетевой воды из тепловых сетей и систем
теплопотребления) послужило причиной повреждений или преждевременного
выхода из строя тепловых сетей и систем теплопотребления абонентов; факты
повреждений и преждевременного выхода из строя определяются совместной
комиссией с привлечением в необходимых случаях независимых экспертов;
участвовать в приемке в эксплуатацию устройств и сооружений, присоединяемых
к тепловым сетям, а также узлов учета;
оперативно извещать абонента о нарушениях, вызывающих перерывы или
ограничения теплоснабжения, их причинах и сроках восстановления нормального
режима;
предупреждать абонентов, органы местного самоуправления и соответствующие
органы государственного надзора о прекращении (ограничении) отпуска тепловой
энергии и (или) теплоносителей в порядке и случаях, предусмотренных
законодательством, иными правовыми актами и настоящими Рекомендациями.",Data1_10_10871_index.pdf,14
"Что делать, если сведения, подлежащие представлению, не содержатся в представленных перевозчиком документах?","Если в представленных в качестве декларации на транспортное средство стандартных 
документах перевозчика, предусмотренных международными договорами государств-членов с 
третьей стороной в области транспорта, не содержатся сведения, подлежащие указанию в 
декларации на транспортное средство, таможенное декларирование транспортных средств 
международной перевозки осуществляется путем представления декларации на транспортное 
средство установленной формы.",Таможенный кодекс Евразийского экономического союза.pdf,339
Кто имеет право вводить режим особых условий?,"Комментарии к статьям на сайте 
https://tkodeksrf.ru/ 
  
 
Особенности режима рабочего времени и времени отдыха работников транспорта, связи и других, 
имеющих особый характер работы, определяются в порядке, устанавливаемом Правительством 
Российской Федерации.",Трудовой кодекс Российской Федерации.pdf,70
Какие лазерные приборы используются для определения прямолинейности и высотного положения рельсов согласно СНиП 3.01.03-84?,"Для контроля монтажа и определения элементов рихтовки подкрановых путей
рекомендуется применять лазерный прибор ЛВ-5М и комплект приспособлений ПЛВ
или приставку лазерную ПЛ-1.",Data1_11_11285_index.pdf,50
Какие сведения должен предоставить страхователь при заключении договора страхования?,"При заключении договора имущественного страхования между страхователем и страховщиком должно 
быть достигнуто соглашение: 
1) об определенном имуществе либо ином имущественном интересе, являющемся объектом страхования; 
2) о характере события, на случай наступления которого осуществляется страхование (страхового случая); 
3) о размере страховой суммы; 
4) о сроке действия договора.",Гражданский кодекс Российской Федерации.pdf,390
Что влечет иное нарушение требований к порядку ведения реестра владельцев ценных бумаг?,"Должностное лицо налогового органа, проводящее налоговую проверку, вправе истребовать у 
контрагента, у лица, которое осуществляет (осуществляло) ведение реестра владельцев ценных бумаг, или у 
иных лиц, располагающих документами (информацией), касающимися деятельности проверяемого 
налогоплательщика (плательщика сбора, плательщика страховых взносов, налогового агента), эти 
документы (информацию), в том числе связанные с ведением реестра владельца ценных бумаг.",Налоговый кодекс Российской Федерации.pdf,244
"Когда проценты, начисленные налоговым органом, подлежат уплате налогоплательщику без заявления?","При отсутствии у налогоплательщика недоимки по налогу, иным налогам, задолженности по 
соответствующим пеням и (или) штрафам, подлежащим уплате или взысканию в случаях, предусмотренных 
настоящим Кодексом, сумма налога, подлежащая возмещению по решению налогового органа, 
возвращается по заявлению налогоплательщика на открытый в банке счет налогоплательщика, указанный 
им в заявлении о возврате суммы налога.",Налоговый кодекс Российской Федерации.pdf,534
Может ли срок защиты прав превышать срок действия исключительного права правообладателя?,"Срок, на который заключается лицензионный договор, не может превышать срок действия 
исключительного права на результат интеллектуальной деятельности или на средство индивидуализации.",Гражданский кодекс Российской Федерации.pdf,498
В каких случаях принимается решение о внесении изменений в предварительное решение о происхождении товара?,"Решение о внесении изменений в предварительное решение о происхождении товара 
принимается в случае выявления таможенным органом или заявителем ошибок, которые допущены 
при принятии этого предварительного решения о происхождении товара и которые не влияют на 
сведения о происхождении товара.",Таможенный кодекс Евразийского экономического союза.pdf,32
"Что происходит, если в производстве арбитражного суда, суда общей юрисдикции, третейского суда имеется дело по спору между теми же лицами, о том же предмете и по тем же основаниям?","Арбитражный суд оставляет исковое заявление без рассмотрения, если после его 
принятия к производству установит, что: 
1) в производстве арбитражного суда, суда общей юрисдикции, третейского суда имеется 
дело по спору между теми же лицами, о том же предмете и по тем же основаниям; 
2) истцом не соблюден претензионный или иной досудебный порядок урегулирования спора 
с ответчиком, за исключением случаев, если его соблюдение не предусмотрено федеральным 
законом; 
3) при рассмотрении заявления об установлении фактов, имеющих юридическое значение, 
выясняется, что возник спор о праве; 
4) заявлено требование, которое в соответствии с федеральным законом должно быть 
рассмотрено в деле о банкротстве; 
5) имеется соглашение сторон о рассмотрении данного спора третейским судом, если любая 
из сторон не позднее дня представления своего первого заявления по существу спора в 
арбитражном суде первой инстанции заявит по этому основанию возражение в отношении 
рассмотрения дела в арбитражном суде, за исключением случаев, если арбитражный суд установит, 
что это соглашение недействительно, утратило силу или не может быть исполнено; 
6) стороны заключили соглашение о передаче спора на разрешение третейского суда во",Арбитражный процессуальный кодекс Российской Федерации.pdf,75
Какая форма используется для составления локальной сметы по ГОСТ МДС 81-8.2000?,"В приложении 8 в примере составления
локальной ресурсной сметы (локальной сметы) на производство пусконаладочных работ
по теплосиловому оборудованию накладные расходы условно приняты в размере 65 % от
полного фонда оплаты труда, что составляет 41 504 967 × 0,65 = 26 978 229 руб.",Data1_10_10864_index.pdf,10
Какие условия и порядок возмещения ущерба должны быть определены в соглашении о проведении реконструкции?,"В случае, если подлежащие изъятию земельные участки предстоит образовать путем перераспределения 
земель или земельных участков, находящихся в государственной или муниципальной собственности, и 
земельных участков, принадлежащих гражданину или юридическому лицу, соглашение об изъятии 
недвижимости должно предусматривать условия такого перераспределения, включая размер возмещения 
и порядок его предоставления за изымаемые земельные участки и (или) расположенные на них объекты 
недвижимого имущества.",Земельный кодекс Российской Федерации.pdf,147
Какие полномочия имеют федеральные органы исполнительной власти в области охраны труда?,"Государственная экспертиза условий труда 
Государственная экспертиза условий труда осуществляется федеральным органом исполнительной власти, 
уполномоченным на проведение федерального государственного контроля (надзора) за соблюдением 
трудового законодательства и иных нормативных правовых актов, содержащих нормы трудового права, и 
органами исполнительной власти субъектов Российской Федерации в области охраны труда в порядке, 
установленном федеральным органом исполнительной власти, осуществляющим функции по выработке и 
реализации государственной политики и нормативно-правовому регулированию в сфере труда.",Трудовой кодекс Российской Федерации.pdf,119
Как отказывается от судебного иммунитета международной организации?,"Отказ от судебного иммунитета должен быть произведен в порядке, предусмотренном правилами 
международной организации.",Гражданский процессуальный кодекс Российской Федерации.pdf,163
Как предотвращаются перегрузки строительных конструкций согласно МДС 14-13.2000?,"Коды ресурсов приняты в соответствии с номенклатурой строительных машин и
механизмов и номенклатурой материалов, изделий и конструкций, введенными в
действие письмом Госстроя России от 23.12.2000 № ЛБ-6064/10.",Data1_10_10062_index.pdf,3
Какие административные правонарушения могут рассматриваться руководителем подразделения центрального аппарата Министерства внутренних дел Российской Федерации по вопросам миграции и его заместителями?,"Рассматривать дела об административных правонарушениях от имени органов, указанных в части 1 
настоящей статьи, в пределах своих полномочий вправе: 
1) руководитель федерального органа исполнительной власти, осуществляющего федеральный 
государственный строительный надзор, его заместители; 
2) руководители структурных подразделений федерального органа исполнительной власти, 
осуществляющего федеральный государственный строительный надзор, их заместители; 
3) руководители территориальных органов федерального органа исполнительной власти, 
осуществляющего федеральный государственный строительный надзор, их заместители; 
4) руководители органов исполнительной власти субъектов Российской Федерации, осуществляющих 
региональный государственный строительный надзор, их заместители; 
5) утратил силу по истечении тридцати дней после дня официального опубликования Федерального закона 
от 14 октября 2014 г.",Административный кодекс Российской Федерации.pdf,492
Как определяется стоимость материалов-представителей в текущем уровне цен согласно ГОСТ МДС 81-10.2000?,"При определении стоимости материалов, конструкций и изделий в текущем
уровне 
цен 
методом 
калькулирования 
следует 
учитывать 
положения
Методических указаний по разработке сборников (каталогов) сметных цен на
материалы, изделия, конструкции и сборников сметных цен на перевозку грузов
для строительства и капитального ремонта зданий и сооружений (МДС 81-2.99).",Data1_10_10848_index.pdf,6
Какие характеристики оборудования для цементации грунтов описаны в Приложении 20 к ГОСТ (к СНиП 3.02.01-83)?,"ГЕРСЕВАНОВА
ГОССТРОЯ СССР
ПОСОБИЕ
ПО ХИМИЧЕСКОМУ ЗАКРЕПЛЕНИЮ ГРУНТОВ
ИНЪЕКЦИЕЙ В ПРОМЫШЛЕННОМ
И ГРАЖДАНСКОМ СТРОИТЕЛЬСТВЕ
(к СНиП 3.02.01-83)
Утверждено приказом НИИОСП им.",Data1_11_11295_index.pdf,1
Как обеспечивается соизмеримость наборов ресурсов и показателей затрат согласно ГОСТ?,"Для обеспечения соизмеримости наборы ресурсов и показатели затрат по
основным калькуляционным элементам устанавливаются для всех объектов-
представителей на 1 млн.",Data1_2_2080_index.pdf,4
Какие предприятия и учреждения охватываются рекомендациями?,"Настоящие «Рекомендации по организации учета тепловой энергии и
теплоносителей на предприятиях, в учреждениях и организациях жилищно-
коммунального хозяйства и бюджетной сферы» (далее - Рекомендации) разработаны в
качестве практического пособия для коммунальных теплоснабжающих организаций,
осуществляющих 
отпуск 
абонентам 
(потребителям) 
тепловой 
энергии 
и
теплоносителей, для абонентов - юридических лиц, теплоснабжение которых
осуществляется от водяных систем коммунального теплоснабжения, при:
- реализации постановления Правительства Российской Федерации от 8 июля 1997
г.",Data1_10_10870_index.pdf,2
Какие нормокомплекты геодезических приборов и приспособлений указываются в ППГР согласно СНиП 3.01.03-84?,"В ППГР как на отдельные объекты, так и на все строительство в целом по
производственным 
подразделениям 
должны 
указываться 
нормокомплекты
геодезических приборов и приспособлений (прил.",Data1_11_11285_index.pdf,5
"Как определяется облагаемый оборот для строительных, строительно-монтажных и ремонтно-строительных организаций по ГОСТ МДС 81-23.2000?","Государственный комитет     
  Российской Федерации           
по вопросам архитектуры        
       и строительства                       
     (Госстрой России)
 
Министерство внешних
    экономических связей
Российской Федерации
        (МВЭС России)
 
 
 
ПОРЯДОК
ОПРЕДЕЛЕНИЯ РАСЧЕТНОЙ СТОИМОСТИ СТРОИТЕЛЬСТВА
И РАСЧЕТНЫХ ЗАТРАТ В СОСТАВЕ ТЕХНИКО-ЭКОНОМИЧЕСКИХ
ОБОСНОВАНИЙ И ТЕХНИКО-ЭКОНОМИЧЕСКИХ ПРЕДЛОЖЕНИЙ
ПО СТРОИТЕЛЬСТВУ ОБЪЕКТОВ ЗА ГРАНИЦЕЙ
ПРИ УЧАСТИИ ОРГАНИЗАЦИЙ
РОССИЙСКОЙ ФЕДЕРАЦИИ
МДС 81-21.2000
Москва 1993
“Порядок определения расчетной стоимости строительства и расчетных затрат в составе технико-экономических обоснований и технико-
экономических предложений по строительству объектов за границей при участии организаций Российской Федерации“   разработан
Внешнеэкономическим объединением “Стройкомплектэкспорт” Министерства внешних экономических связей Российской Федерации (МВЭС
России) и представлен для введения в действие Главным управлением ценообразования, сметных норм и расхода строительных материалов
(Главценооразованием) Госстроя России и Главным управлением инвестиций и технического содействия МВЭС России.",Data1_2_2069_index.pdf,1
"Когда признаются доходы в виде положительной переоценки стоимости драгоценных металлов и требований, выраженных в драгоценных металлах?","Комментарии к статьям на сайте
https://nkodeksrf.ru/
установленных Центральным банком Российской Федерации на дату перехода права собственности на 
драгоценные металлы (на дату отражения по обезличенному металлическому счету операции купли-
продажи драгоценных металлов); 
5.1) по операциям купли-продажи драгоценных камней в виде разницы между ценой реализации и учетной 
стоимостью; 
6) от операций по предоставлению банковских гарантий, авалей и поручительств за третьих лиц, 
предусматривающих исполнение в денежной форме; 
7) в виде положительной разницы между полученной при прекращении или реализации (последующей 
уступке) права требования (в том числе ранее приобретенного) суммой средств и учетной стоимостью 
данного права требования; 
8) от депозитарного обслуживания клиентов; 
9) от предоставления в аренду специально оборудованных помещений или сейфов для хранения 
документов и ценностей; 
10) в виде платы за доставку, перевозку денежных средств, ценных бумаг, иных ценностей и банковских 
документов (кроме инкассации); 
11) в виде платы за перевозку и хранение драгоценных металлов и драгоценных камней; 
12) в виде платы, получаемой банком от экспортеров и импортеров, за выполнение функций агентов 
валютного контроля; 
13) по операциям купли-продажи коллекционных монет в виде разницы между ценой реализации и ценой 
приобретения; 
14) в виде сумм, полученных банком по возвращенным кредитам (ссудам), убытки от списания которых 
были ранее учтены в составе расходов, уменьшивших налоговую базу, либо списанных за счет созданных 
резервов, отчисления на создание которых ранее уменьшали налоговую базу; 
15) в виде полученной банком компенсации понесенных расходов по оплате услуг сторонних организаций 
по контролю за соответствием стандартам слитков драгоценных металлов, получаемых банком у 
физических и юридических лиц; 
16) от осуществления форфейтинговых и факторинговых операций; 
17) от оказания услуг, связанных с установкой и эксплуатацией электронных систем документооборота 
между банком и клиентами, в том числе систем ""клиент-банк""; 
18) в виде комиссионных сборов (вознаграждений) при проведении операций с валютными ценностями; 
19) в виде положительной переоценки драгоценных металлов и требований (обязательств), выраженных в 
драгоценных металлах, осуществляемой в порядке, установленном нормативными актами Центрального 
банка Российской Федерации; 
20) в виде сумм восстановленного резерва на возможные потери по ссудам, расходы на формирование 
которого были приняты в составе расходов в порядке и на условиях, которые установлены статьей 292 
настоящего Кодекса;",Налоговый кодекс Российской Федерации.pdf,1142
Какие районы Амурской области входят в перечень районов Крайнего Севера согласно ГЭСН-2001?,"Порядок определения сметных норм на - демонтаж конструкций и
устройств
Приложение 1 Перечень сборников государственных сметных норм на
строительные 
и 
специальные 
строительные 
работы
(ГЭСН-2001)
Приложение 2 Коэффициенты к нормам затрат труда и нормам времени
эксплуатации 
машин 
(включая 
затраты 
труда 
рабочих,
обслуживающих машины), учитывающие влияние условий
производства работ, предусмотренных проектами
Приложение 3 Перечень районов Крайнего Севера и приравненных к ним
местностей",Data1_10_10062_index.pdf,10
"В каких случаях правила, установленные главой о морской перевозке груза, не применяются?","Правила, установленные настоящей главой об ответственности перевозчика за утрату или 
повреждение багажа и об ограничении такой ответственности, не применяются при его перевозке в 
каботаже.",Кодекс торгового мореплавания Российской Федерации.pdf,74
"Какие условия должны быть соблюдены при помещении иностранных товаров, помещенных под таможенную процедуру временного ввоза (допуска), под таможенную процедуру таможенного транзита согласно статье 306?","До истечения срока действия таможенной процедуры временного ввоза (допуска), 
установленного таможенным органом, действие этой таможенной процедуры может быть 
завершено: 
1) помещением временно ввезенных товаров под таможенные процедуры, применимые в 
отношении иностранных товаров, на условиях, предусмотренных настоящим Кодексом, за 
исключением таможенной процедуры таможенного транзита, если иное не установлено настоящим 
пунктом; 
2) возобновлением действия таможенной процедуры переработки на таможенной 
территории, действие которой было приостановлено в соответствии с пунктом 3 статьи 173 
настоящего Кодекса; 
3) помещением временно ввезенных товаров под таможенную процедуру таможенного 
транзита, если эти товары помещены под эту таможенную процедуру для перевозки 
(транспортировки) 
по 
таможенной 
территории 
Союза 
с 
территории 
государства-члена, 
таможенным органом которого произведен выпуск товаров при их помещении под таможенную 
процедуру временного ввоза (допуска), на территорию иного государства-члена.",Таможенный кодекс Евразийского экономического союза.pdf,262
"Что грозит за внесение пожертвований в крупных размерах в избирательный фонд, фонд референдума через подставных лиц?","Передача кандидату, избирательному объединению в целях достижения определенного результата на 
выборах денежных средств в крупных размерах, минуя соответствующий избирательный фонд, или 
расходование в целях достижения определенного результата на выборах не перечисленных в 
избирательные фонды денежных средств в крупных размерах, или передача кандидату, избирательному 
объединению в целях достижения определенного результата на выборах материальных ценностей в 
крупных размерах без компенсации за счет средств соответствующего избирательного фонда, или 
выполнение оплачиваемых работ, реализация товаров, оказание платных услуг, прямо или косвенно 
связанных с выборами и направленных на получение определенного результата на выборах, 
осуществленные в крупных размерах без оплаты из соответствующего избирательного фонда или с оплатой 
из соответствующего избирательного фонда по необоснованно заниженным расценкам, или передача 
инициативной группе по проведению референдума, иной группе участников референдума в целях 
достижения определенного результата на референдуме денежных средств в крупных размерах, минуя 
соответствующий фонд референдума, или расходование в целях достижения определенного результата на 
референдуме не перечисленных в фонды референдума денежных средств в крупных размерах, или 
передача инициативной группе по проведению референдума, иной группе участников референдума в 
целях достижения определенного результата на референдуме материальных ценностей в крупных 
размерах без компенсации за счет средств соответствующего фонда референдума, или выполнение 
оплачиваемых работ, реализация товаров, оказание платных услуг, прямо или косвенно связанных с 
референдумом и направленных на выдвижение инициативы проведения референдума, на достижение 
определенного результата на референдуме, осуществленные в крупных размерах без оплаты из 
соответствующего фонда референдума или с оплатой из соответствующего фонда референдума по 
необоснованно заниженным расценкам, а также внесение пожертвований в крупных размерах в 
избирательный фонд, фонд референдума через подставных лиц - 
наказываются штрафом в размере от двухсот тысяч до пятисот тысяч рублей или в размере заработной 
платы или иного дохода осужденного за период от одного года до трех лет, либо обязательными работами 
на срок до трехсот шестидесяти часов, либо исправительными работами на срок до одного года, либо 
принудительными работами на срок до одного года, либо лишением свободы на тот же срок.",Уголовный кодекс Российской Федерации.pdf,71
"Что происходит, если значение коэффициента КНДД меньше единицы?","В случае, если значение показателя 
, определенное для налогового периода, оказалось меньше 
100 долларов США за 1 тонну, значение коэффициента 
 в таком налоговом периоде принимается 
равным произведению 1 доллара США и среднего значения за налоговый период курса доллара США к 
рублю Российской Федерации, устанавливаемого Центральным банком Российской Федерации (P).",Налоговый кодекс Российской Федерации.pdf,1446
Какова температура при промывке систем отопления соляной кислотой с ингибитором АКХ-ИФХАН по МДС 13-18.2000?,"В технических условиях, выдаваемых теплоснабжающей организацией,
должны быть указаны:
а) источник теплоснабжения и точки присоединения к тепловым сетям;
б) максимальные часовые и среднечасовые тепловые нагрузки по видам
теплоносителя (горячая вода, пар различных параметров) и видам теплопотребления
(отопление, вентиляция, кондиционирование, технология, горячее водоснабжение), а
также схемы присоединения теплопотребляющих установок;
в) максимальные расчетные и среднечасовые расходы теплоносителей, в том числе
с водоразбором из сети (при открытой системе теплоснабжения);
г) параметры (давление; температура) теплоносителей и пределы их отклонений в
точках присоединения к тепловой сети с учетом роста нагрузок в системе",Data1_10_10871_index.pdf,6
"Какие питающие линии электроснабжения, обеспечивающие системы пожарной безопасности, исключаются из графиков временного отключения электрической энергии согласно ГОСТ МДС 13-19.2001?","N 530 настоящее постановление
признано утратившим силу
ПОЛОЖЕНИЕ
ОБ ОГРАНИЧЕНИИ ИЛИ ВРЕМЕННОМ ПРЕКРАЩЕНИИ
ПОДАЧИ ЭЛЕКТРИЧЕСКОЙ ЭНЕРГИИ (МОЩНОСТИ)
ПОТРЕБИТЕЛЯМ ПРИ ВОЗНИКНОВЕНИИ ИЛИ УГРОЗЕ
ВОЗНИКНОВЕНИЯ АВАРИИ В РАБОТЕ
СИСТЕМ ЭЛЕКТРОСНАБЖЕНИЯ
МДС 13-19.2001
Москва 2001
ПОСТАНОВЛЕНИЕ ПРАВИТЕЛЬСТВА РОССИЙСКОЙ ФЕДЕРАЦИИ
Об утверждении Положения об ограничении или временном
прекращении подачи электрической энергии (мощности)
потребителям при возникновении или угрозе
возникновения аварии в работе
систем электроснабжения
В целях обеспечения устойчивой работы систем электроснабжения при
возникновении или угрозе возникновения аварии и регламентации взаимоотношений
энергоснабжающих организаций и потребителей по вопросам режима потребления
электрической энергии Правительство Российской Федерации постановляет:
1.",Data1_10_10853_index.pdf,1
Какой размер пошлины установлен за внесение изменений в решение о выдаче визы?,"56 Инструкции
За счет прибыли
Не включается Государственная
пошлина взимается:
с подаваемых в суд
исковых заявлений, с
заявлении по
преддоговорным спорам,
с заявлений (жалоб) по
делам особого
производства, с
кассационных жалоб, а
также за выдачу судом
копий (дубликатов)
документов;
с подаваемых в
арбитражный суд
исковых заявлений
имущественного
характера, с исковых
заявлений по опорам,
возникающим при
заключении, изменении
или расторжении
договоров (контрактов),
с исковых заявлении
неимущественного
характера, в том числе с
заявлений о признании
недействительными
актов государственных
или иных органов, с
кассационных жалоб на
решения и определения
арбитражного суда;
за совершение любых
нотариальных действий
в уполномоченных на то
государственных
учреждениях, а также за
выдачу копии
(дубликатов)
нотариально
удостоверенных
документов;
за оформление
документов на право
выезда за границу, а
также за внесение
изменений в эти
документы и т.д.",Data1_2_2070_index.pdf,17
Когда доводятся показатели бюджетной росписи по расходам и лимитов бюджетных обязательств?,"Показатели бюджетной росписи по расходам и лимитов бюджетных обязательств доводятся 
до подведомственных распорядителей и (или) получателей бюджетных средств до начала 
очередного финансового года, за исключением случаев, предусмотренных статьями 190 и 191 
настоящего Кодекса.",Бюджетный кодекс Российской Федерации.pdf,323
Какой ГОСТ или СНиП регламентирует расчет затрат труда на строительной площадке?,"Переход от базисной стоимости, определенной с помощью УПБС, к стоимости
в текущих ценах возможно осуществлять двумя основными методами:
использованием интегрального индекса цен на строительно-монтажные работы по
объекту-представителю или группе объектов;
использованием отдельных индексов цен на материальные ресурсы, потребляемые
в строительстве, по оплате труда, стоимости эксплуатации строительных машин и
другим калькуляционным статьям затрат.",Data1_2_2080_index.pdf,7
Кто выполняет функции заказчика-застройщика по заключению подрядных и других договоров? (ГОСТ не указан),"Права и обязанности заказчика-застройщика по заключению подрядных и других
договоров, финансированию строительства, самостоятельному приобретению и оплате
материалов и оборудования, а также права и обязанности распорядителя кредитов на
группу технического надзора не распространяются.",Data1_1_1804_index.pdf,9
Могут ли учреждения участвовать в хозяйственных обществах?,"Учреждения могут быть участниками хозяйственных обществ и вкладчиками в товариществах на вере с 
разрешения собственника имущества учреждения, если иное не установлено законом.",Гражданский кодекс Российской Федерации.pdf,42
Каков размер штрафа для должностных лиц по статье 16.6?,"Заявление в декларации на товары недостоверных сведений о них либо представление 
недействительных документов, если такие сведения и документы могли послужить основанием для 
помещения товаров под таможенную процедуру, предусматривающую полное или частичное 
освобождение от уплаты таможенных пошлин, налогов либо возврат уплаченных сумм и (или) 
неприменение мер нетарифного регулирования, за исключением случаев, предусмотренных частью 3 
статьи 16.1, частями 2 и 3 статьи 16.2, статьей 16.17 настоящего Кодекса, - 
влечет наложение административного штрафа на граждан в размере от одной тысячи пятисот до двух 
тысяч пятисот рублей с конфискацией товаров, явившихся предметами административного 
правонарушения, или без таковой либо конфискацию предметов административного правонарушения; на 
должностных лиц - от пяти тысяч до двадцати тысяч рублей; на юридических лиц - от ста тысяч до пятисот 
тысяч рублей с конфискацией товаров, явившихся предметами административного правонарушения, или 
без таковой либо конфискацию предметов административного правонарушения.",Административный кодекс Российской Федерации.pdf,361
"Какую информацию о претенденте следует указывать в форме 'Наименование организации, фирмы, консорциума' согласно ГОСТ МДС 80-5.2000?","Приложение 4
Наименование организации, фирмы, консорциума
Реквизиты
Головная фирма
Филиалы и дочерние
предприятия
Адрес
 
 
Телефон
 
 
Телекс
 
 
Телефакс
 
 
Ответственное лицо
 
 
Форма общества
 
 
Уставной капитал
 
 
Годовой 
оборот 
при 
выполнении
строительно-монтажных работ, млн.",Data1_10_10867_index.pdf,5
"Что происходит, если соглашение явилось основанием для выдачи свидетельства о регистрации лица, совершающего операции по переработке сжиженных углеводородных газов?","Получение свидетельства не препятствует получению организацией-заявителем также свидетельства о 
регистрации лица, совершающего операции по переработке сжиженных углеводородных газов, в том числе 
в случае, если одни и те же новые производственные мощности используются как для переработки этана, 
так и для переработки СУГ в товары, являющиеся продукцией нефтехимии, при условии, что проектная 
мощность по сырью таких производственных мощностей составляет не менее 600 тысяч тонн этана и СУГ в 
совокупности в год.",Налоговый кодекс Российской Федерации.pdf,585
Какие требования предъявляются к устройству ограждения площадки строительства в подготовительных работах согласно таблице 9 ГОСТ МДС-80-8.2000?,"ГОССТРОЙ РОССИИ
М Е Т О Д И Ч Е С К И Е  Р Е К О М Е Н Д А Ц И И
ПО РАЗРАБОТКЕ
ТЕХНИЧЕСКОЙ ЧАСТИ
ТЕНДЕРНОЙ ДОКУМЕНТАЦИИ
И ОФЕРТЫ ПРЕТЕНДЕНТА
МДС-80-8.2000
МОСКВА 2000
Методические 
рекомендации 
по 
разработке 
технической 
части 
тендерной 
документации
предназначены 
для 
всех 
субъектов 
инвестиционной 
деятельности: 
заказчиков 
(инвесторов),
организаторов торгов, тендерных комитетов всех уровней, подрядных и субподрядных организаций,
представленных в качестве претендентов и оферентов, консалтинговых, инженерно-консультационных,
финансовых, страховых и иных организаций, в том числе иностранных партнеров, участвующих в
подрядных торгах на территории Российской Федерации, а также университетов и институтов
повышения квалификации руководящих работников и специалистов организаций вне зависимости от
видов и форм собственности.",Data1_10_10865_index.pdf,1
"Какие административные правонарушения рассматривают органы, указанные в статье 23.30, в части нарушения установленного порядка предоставления обеспечения исполнения обязательств по оплате тепловой энергии?","Рассматривать дела об административных правонарушениях от имени органов, указанных в части 1 
настоящей статьи, вправе: 
1) руководитель федерального органа исполнительной власти, осуществляющего функции по контролю и 
надзору в сфере транспорта, его заместители, руководители структурных подразделений федерального 
органа исполнительной власти, осуществляющего функции по контролю и надзору в сфере транспорта, их 
заместители, руководители территориальных органов федерального органа исполнительной власти, 
осуществляющего функции по контролю и надзору в сфере транспорта, их заместители, иные должностные 
лица федерального органа исполнительной власти, осуществляющего функции по контролю и надзору в 
сфере транспорта, уполномоченные осуществлять контроль и надзор в сфере транспорта (государственные 
транспортные инспектора), - об административных правонарушениях, совершенных в гражданской 
авиации и предусмотренных статьями 8.2, 8.2.1, 8.2.2, 8.2.3 (в части нарушения экологических требований 
на воздушном транспорте), статьей 8.3 (в части нарушения правил обращения с пестицидами и 
агрохимикатами на воздушном транспорте), статьями 8.22, 8.23, статьей 9.13 (в части уклонения от 
исполнения требований к обеспечению доступности для инвалидов объектов гражданской авиации и услуг 
по перевозке пассажиров в области гражданской авиации), частями 1, 3 - 6 статьи 11.3, статьей 11.3.1, 
частями 1 - 6, 8 и 9 статьи 11.5, частью 1 статьи 11.14, статьей 11.15, частью 1 статьи 11.15.1, частью 1 
статьи 11.15.2, статьей 11.16, частями 4 и 6 статьи 11.17, статьями 11.30, 11.31, частью 10 статьи 19.5,",Административный кодекс Российской Федерации.pdf,485
"Что происходит с определениями, не указанными в части 1 статьи 313?","Копии определения о принятии заявления о присуждении указанной в части 1 настоящей 
статьи компенсации направляются заявителю, в орган, организацию или должностному лицу, на 
которые возложены обязанности по исполнению соответствующего судебного акта в связи с его 
неисполнением в разумный срок, что явилось основанием для обращения заявителя в суд с 
требованием о присуждении компенсации, а также другим заинтересованным лицам.",Арбитражный процессуальный кодекс Российской Федерации.pdf,117
Какие требования предъявляются к поверхностям площадок согласно МДС 35-7.2000?,"Площадка с зоной водных игр (проект) (ФРГ)
а - зона физкультурно-игровых устройств, суммарная площадь песочниц 60 - 100 м2; б - зона игр с
глинистым песком для лепки, площадь ямы с песком 40 - 60 м2; в - зона с плескательным бассейном,
глубина воды 0 - 50 см, площадь поверхности воды 40 - 100 м2:
1 - деревянная башня; 2 - яма с песком, 3 - канатный мост; 4 - песочница; 5 - сидячие места для игр; 6 -
канатная подвесная дорога; 7 - качалка; 8 - канатные сетки для лазания; 9 - дерево для лазания; 10 -
катофон; 11 - песочный холм
· Основные требования к организации площадок для слепых и ограниченно зрячих
(ОЗ):
А - игровое пространство необходимо ограничивать загородкой высотой 600 - 900
мм;
Б - пешеходные и беговые дорожки должны быть снабжены направляющими
поручнями;
В - выступы на поручне обозначают конец дорожки;
Г - перепады рельефа отмечаются повышением или понижением направляющего
поручня;
Д - повороты дорожек обозначаются изменением качества и фактуры покрытия:
твердое - мягкое, гладкое - неровное, с выпуклыми или вогнутыми плитами;
Е - на пешеходных дорожках устанавливается указатель направления движения к
площадке со стационарным игровым оборудованием.",Data1_10_10847_index.pdf,17
Как рассчитывается коэффициент для показателя «Предусматриваемые в офертах затраты труда местных рабочих» согласно ГОСТ МДС 80-3.2000?,"Затраты 
на 
эксплуатацию 
машин 
учитывают 
оплату 
труда 
рабочих,
обслуживающих машины, с районным коэффициентом, равным 1, и рассчитаны по
10-ти разрядной сетке, в которой оплата труда рабочего со средним тарифным
разрядом 4,3 принята в размере 1760 руб.",Data1_10_10754_index.pdf,3
Какова производительность установки получения элементарной серы методом Клауса согласно ГОСТу МДС 81-8.2000?,"Таблица 2
Способ прокладки
тепловых сетей
Материалы для защитного гидроизоляционного покрытия теплоизоляционных
конструкций
рекомендуемые к
применению
ГОСТ, ТУ
допускаемые к
применению
ГОСТ, ТУ
Подземный 
в
непроходных каналах и
тоннелях
Армопластмассовые
материалы АПП-1,
АПМ-2, АПМ-К
ТУ-362168-85 Стеклотекстолит
покрывной
Материал СТПЛ
ТУ 36-1583-83
Стеклорубероид
ГОСТ 15879-70
Стеклопластик
рулонный 
для
теплоизоляции РСТ
ТУ-6-11-145-8 Фольгоизол**
ГОСТ 20429-84
Пленка 
винипластовая
каландрированная
КПО**
ГОСТ 16398-81
Рубероид*
ГОСТ 10923-82
Подземный 
в
непроходных каналах и
тоннелях
 
 
Фольга 
алюминиевая
дублированная 
для
теплоизоляционных
конструкций
ТУ 36-1177-77
 
 
Штукатурка
асбестоцементная 
по
металлической 
сетке
(при небольших объемах
работ)
* Применять только для прокладки в непроходных каналах.",Data1_10_10852_index.pdf,16
"Какие требования безопасности приведены в документе, регламентированном ГОСТ МДС 31-8.2002, при проектировании и устройстве фонарей?","При проектировании и устройстве фонарей наряду с настоящими Рекомендациями следует
руководствоваться действующими нормативными документами по строительству и эксплуатации зданий и
сооружений, технике безопасности, производственной санитарии, пожаро- и взрывобезопасности и другими
документами, учитывающими особенности размещаемых в здании организаций и производств.",Data1_10_10846_index.pdf,2
Какие промерзания стен и повышенный влаго- и воздухо- проницаемость стыков относятся к категории А согласно ГОСТ МДС 17-13.2000?,"водо- и
воздухоизоляции
стыков панелей
наружных стен
Имеется повышенная влаго-
и воздухопроницаемость
стыков между панелями и
балконами, разрушение
Регламентируемое раскрытие
стыков от температурных
деформаций:
- вертикальных 2 - 3 мм;
Стыковые соединения,
имеющие протечки должны
быть заделаны с наружной
стороны эффективными
герметизирующими",Data1_10_10861_index.pdf,17
Что влечет наложение административного штрафа на должностных лиц за предоставление заведомо ложных сведений о цели пребывания иностранных граждан?,"Представление при осуществлении миграционного учета заведомо ложных сведений об иностранном 
гражданине или о лице без гражданства либо подложных документов принимающей стороной, если эти 
действия не содержат признаков уголовно наказуемого деяния, - 
влечет наложение административного штрафа на граждан в размере от двух тысяч до пяти тысяч рублей; 
на должностных лиц - от тридцати пяти тысяч до пятидесяти тысяч рублей; на юридических лиц - от трехсот 
пятидесяти тысяч до восьмисот тысяч рублей.",Административный кодекс Российской Федерации.pdf,422
В какой срок должностное лицо должно сообщить в суд о исполнении приговора?,"Должностные лица или граждане, не имеющие возможности представить истребуемое доказательство 
вообще или в установленный судом срок, должны известить об этом суд в течение пяти дней со дня 
получения запроса с указанием причин.",Гражданский процессуальный кодекс Российской Федерации.pdf,24
Какие условия необходимы для обеспечения равного доступа к информации о спросе и предложении на проектную продукцию согласно ГОСТ МДС 80-2.2000?,"ГОССТРОЙ РОССИИ
ГОСУДАРСТВЕННОЕ ПРЕДПРИЯТИЕ
ЦЕНТР НАУЧНО-МЕТОДИЧЕСКОГО ОБЕСПЕЧЕНИЯ ИНЖЕНЕРНОГО
СОПРОВОЖДЕНИЯ ИНВЕСТИЦИЙ В СТРОИТЕЛЬСТВЕ
ГП «ЦЕНТРИНВЕСТпроект»
ИСПОЛЬЗОВАНИЕ КОНКУРЕНЦИИ
МЕЖДУ РАБОТНИКАМИ
ПРОЕКТНОЙ ОРГАНИЗАЦИИ
ДЛЯ ВЫЖИВАНИЯ НА РЫНКЕ
МДС 80-2.2000
Руководство для директора
МОСКВА 1998
Даются общие положения по организации внутренней конкуренции в проектной
организации, рассматриваются методы содействия развитию конкуренции и
практические вопросы организации внутренней конкуренции для различных уровней
управления.",Data1_10_10872_index.pdf,1
Какие нормы регулируют изменение и расторжение договора аренды лесного участка?,"Изменение и расторжение договора аренды лесного участка, находящегося в 
государственной или муниципальной собственности 
1.",Лесной кодекс Российской Федерации.pdf,60
Почему никто не вправе извлекать преимущество из своего незаконного или недобросовестного поведения?,"Суд по требованию кредитора вправе присудить в 
его пользу денежную сумму (пункт 1 статьи 330) на случай неисполнения указанного судебного акта в 
размере, определяемом судом на основе принципов справедливости, соразмерности и недопустимости 
извлечения выгоды из незаконного или недобросовестного поведения (пункт 4 статьи 1).",Гражданский кодекс Российской Федерации.pdf,164
Какие критерии используются для оценки доказательств?,"При оценке копии документа или иного письменного доказательства суд выясняет, не 
произошло ли при копировании изменение содержания копии документа по сравнению с его 
подлинником, с помощью какого технического приема выполнено копирование, гарантирует ли 
копирование тождественность копии документа и его подлинника, каким образом сохранялась 
копия документа.",Кодекс административного судопроизводства Российской Федерации.pdf,49
Какова правомочность общего собрания членов жилищного кооператива?,"Общее собрание членов жилищного кооператива избирает органы управления жилищного кооператива 
и органы контроля за его деятельностью.",Жилищный кодекс Российской Федерации.pdf,93
Какие категории инвалидов могут заниматься в зале для общей физической подготовки согласно МДС 35-7.2000?,"Физкультурно-оздоровительные занятия инвалидов имеют две формы:
начальная или общая подготовка (для увеличения мышечной силы, подвижности
суставов, улучшения координации движений, развития выносливости);
активный отдых (игры и занятия для улучшения физического и духовного
состояния организма).",Data1_10_10847_index.pdf,2
В каком случае применяется метод оценки на основе вычитания стоимости согласно статье 22?,"Определения таможенной стоимости по методу оценки на основе вычитания стоимости
производится в том случае, если оцениваемые, идентичные или однородные товары будут продаваться
на территории Российской Федерации без изменения своего первоначального состояния.",Data1_2_2082_index.pdf,21
Какие способы крепления и герметизации элементов светопропускающего заполнения фонарей должны обеспечивать независимость их температурных деформаций от несущих элементов согласно ГОСТ МДС 31-8.2002?,"Способы крепления и герметизации элементов светопропускающего заполнения фонарей должны
обеспечивать независимость их температурных деформаций от несущих элементов.",Data1_10_10846_index.pdf,9
Какой стандарт (ГОСТ) регламентирует площадь гранитной брусчатки?,"Он обязан соблюдать требования
действующего законодательства, государственных стандартов, строительных норм и
правил, технических условий, других нормативных документов, регламентирующих
инвестиционно-строительную деятельность, а также положения соответствующей
проектно-сметной документации.",Data1_10_10851_index.pdf,3
"Как устанавливается порядок определения рыночной цены ценных бумаг, расчетной цены ценных бумаг, а также предельной границы колебаний рыночной цены?","Порядок определения рыночной цены ценных бумаг, расчетной цены ценных бумаг, а также порядок 
определения предельной границы колебаний рыночной цены устанавливаются в целях настоящей главы 
Центральным банком Российской Федерации по согласованию с Министерством финансов Российской 
Федерации с учетом положений настоящего пункта.",Налоговый кодекс Российской Федерации.pdf,747
"Какая доля ресурсов в группе составляет 44,02% для раствора товарного?","1
2
3
4
5
6
7
8
9
10
11
12
13
1.0000
Здания
 
 
 
 
 
 
 
 
 
 
 
1.01.00
Земляные работы
 
 
 
 
 
 
 
 
 
 
 
1.01.11
Механизированная разработка
грунта второй группы
экскаватором емкостью ковша
0,5 м3 с погрузкой на
автосамосвалы
1000 м3
8,32
13,00
4
0,045
м3
15,80
7,17
0,72
060247
28,20
7,25
1,28
204,45
36,10
266,23
337,17
1.01.12
Разработка грунта второй
группы бульдозером
1000 м3
 
 
 
 
 
070148
11,5
5,29
1,16
60,83
13,34
60,83
80,93
1.01.13
Обратная засыпка грунта
второй группы бульдозером
1000 м3
 
 
 
 
 
070148
8,06
5,29
1,16
42,64
9,35
42,64
56,73
1.01.21
Разработка грунта второй
группы вручную
100 м3
97,30
154,00
 
 
 
 
 
 
 
97,30
271,86
1.01.22
Обратная засыпка грунта
второй группы вручную
100 м3
59,60
97,20
 
 
 
 
 
 
 
59,60
166,52
1.01.23
Уплотнение грунта второй
группы пневматическими
трамбовками
100 м3
7,57
10,80
 
 
 
 
 
 
3,78
11,35
24,93
1.01.31
Транспортировка грунта
второй группы на расстояние 2
км
100 м3
 
 
 
 
 
 
 
59,50
59,50
59,50
1.01.41
Крепление стен инвентарными
щитами
 
100 м2
27,10
39,20
06.01.02
0,187
м3
165,14
150,29
57,26
 
 
5,42
1,63
89,78
141,32
 
 
06.01.01
0,422
м3
62,61
44,27
 
 
 
 
 
 
ПРИЛОЖЕНИЕ 2
Форма № 4
УНИФИЦИРОВАННАЯ НОМЕНКЛАТУРА МАТЕРИАЛОВ-ПРЕДСТАВИТЕЛЕЙ, УЧИТЫВАЕМЫХ ПРИ РАЗРАБОТКЕ
УПБС ВР
Наименование групп
материальных ресурсов
Доля
ресурса в
группе
Код и наименование материалов-представителей
Единица
измерения
Сметная цена для Московской
области в базисном уровне цен
(01.01.91), руб.",Data1_2_2079_index.pdf,9
"Что делать в тех регионах страны, в которых отсутствуют утвержденные в установленном порядке сборники ТЕРм?","В тех регионах страны, в которых отсутствуют утвержденные в установленном
порядке сборники ТЕРм, при составлении сметной документации и расчетах за
выполненные работы могут применяться федеральные единичные расценки с учетом
их привязки к местным условиям строительства и пересчета в текущий уровень цен
на потребляемые ресурсы путем применения коэффициентов, учитывающих местные
условия, и индексов для перехода от цен 2000 г.",Data1_10_10754_index.pdf,16
Какое место расположения объекта должно быть указано в техническом задании согласно СНиП 3.01.03-84?,"Рабочие места геодезистов, расположенные вблизи перепадов по высоте на 1,3
м и более, должны быть ограждены защитными или сигнальными ограждениями в
соответствии с требованиями СНиП III-4-80.",Data1_11_11285_index.pdf,76
"Какое наказание предусмотрено за незаконные добычу и оборот особо ценных диких животных и водных биологических ресурсов, совершенные лицом с использованием своего служебного положения?","Незаконные приобретение или продажа особо ценных диких животных и водных биологических 
ресурсов, принадлежащих к видам, занесенным в Красную книгу Российской Федерации и (или) 
охраняемым международными договорами Российской Федерации, их частей и дериватов (производных) 
с использованием средств массовой информации либо электронных или информационно-
телекоммуникационных сетей, в том числе сети ""Интернет"", - 
наказываются принудительными работами на срок до пяти лет со штрафом в размере от пятисот тысяч до 
одного миллиона пятисот тысяч рублей или в размере заработной платы или иного дохода осужденного за 
период от одного года до трех лет или без такового и с ограничением свободы на срок до двух лет или без 
такового либо лишением свободы на срок до пяти лет со штрафом в размере от пятисот тысяч до одного 
миллиона пятисот тысяч рублей или в размере заработной платы или иного дохода осужденного за период 
от одного года до трех лет или без такового и с ограничением свободы на срок до двух лет или без 
такового.",Уголовный кодекс Российской Федерации.pdf,202
Какие действия должен выполнить обслуживающий персонал согласно ГОСТ МДС 13-18.2000 при получении сигнала об аварийной обстановке?,"Приложение 1 Способы ремонта отопительных котельных
Приложение 2 Способ ремонта элементов систем теплоснабжения при авариях
Приложение 3 Возможные неисправности в работе системы отопления и способы
их устранения
Приложение 4 Порядок действия обслуживающего персонала внутридомовой
системы отопления в аварийной ситуации
Приложение 5 Типовые формы готовности объектов жилищно-коммунального
хозяйства к зиме
Приложение 6 Форма паспорта готовности дома к эксплуатации в зимних условиях",Data1_10_10852_index.pdf,41
Какие классы материалов представлены в Приложении 5 согласно ГОСТ?,"1
2
3
4
5
6
7
8
9
10
11
12
13
1.0000
Здания
 
 
 
 
 
 
 
 
 
 
 
1.01.00
Земляные работы
 
 
 
 
 
 
 
 
 
 
 
1.01.11
Механизированная разработка
грунта второй группы
экскаватором емкостью ковша
0,5 м3 с погрузкой на
автосамосвалы
1000 м3
8,32
13,00
4
0,045
м3
15,80
7,17
0,72
060247
28,20
7,25
1,28
204,45
36,10
266,23
337,17
1.01.12
Разработка грунта второй
группы бульдозером
1000 м3
 
 
 
 
 
070148
11,5
5,29
1,16
60,83
13,34
60,83
80,93
1.01.13
Обратная засыпка грунта
второй группы бульдозером
1000 м3
 
 
 
 
 
070148
8,06
5,29
1,16
42,64
9,35
42,64
56,73
1.01.21
Разработка грунта второй
группы вручную
100 м3
97,30
154,00
 
 
 
 
 
 
 
97,30
271,86
1.01.22
Обратная засыпка грунта
второй группы вручную
100 м3
59,60
97,20
 
 
 
 
 
 
 
59,60
166,52
1.01.23
Уплотнение грунта второй
группы пневматическими
трамбовками
100 м3
7,57
10,80
 
 
 
 
 
 
3,78
11,35
24,93
1.01.31
Транспортировка грунта
второй группы на расстояние 2
км
100 м3
 
 
 
 
 
 
 
59,50
59,50
59,50
1.01.41
Крепление стен инвентарными
щитами
 
100 м2
27,10
39,20
06.01.02
0,187
м3
165,14
150,29
57,26
 
 
5,42
1,63
89,78
141,32
 
 
06.01.01
0,422
м3
62,61
44,27
 
 
 
 
 
 
ПРИЛОЖЕНИЕ 2
Форма № 4
УНИФИЦИРОВАННАЯ НОМЕНКЛАТУРА МАТЕРИАЛОВ-ПРЕДСТАВИТЕЛЕЙ, УЧИТЫВАЕМЫХ ПРИ РАЗРАБОТКЕ
УПБС ВР
Наименование групп
материальных ресурсов
Доля
ресурса в
группе
Код и наименование материалов-представителей
Единица
измерения
Сметная цена для Московской
области в базисном уровне цен
(01.01.91), руб.",Data1_2_2079_index.pdf,9
Какие элементы должны быть включены в договор на разработку градостроительной документации?,"Договор на разработку градостроительной документации должен быть оформлен
заказчиком и исполнителем работ, действующими на основании Положения, иного
юридического документа, регламентирующего статус заказчика и Устава организации-
исполнителя.",Data1_1_1904_index.pdf,26
Должны ли обеспечительные меры быть соразмерны заявленному требованию?,"В случае, если требование истца носит неимущественный характер, размер встречного 
обеспечения определяется арбитражным судом исходя из размера возможных убытков ответчика, 
причиненных обеспечительными мерами, но для физических лиц не может быть менее чем 
пятьдесят тысяч рублей, для юридических лиц - сто тысяч рублей.",Арбитражный процессуальный кодекс Российской Федерации.pdf,125
Какие действия допускаются общедоступными библиотеками и архивами при условии отсутствия цели извлечения прибыли?,"Определения 
Для целей настоящей главы используются понятия, которые означают следующее: 
""взаимосвязанные лица"" - лица, которые отвечают хотя бы одному из следующих 
условий: 
они являются сотрудниками или директорами (руководителями) организаций друг друга; 
они являются юридически признанными деловыми партнерами, то есть связаны 
договорными отношениями, действуют в целях извлечения прибыли и совместно несут расходы и 
убытки, связанные с осуществлением совместной деятельности; 
они являются работодателем и работником; 
какое-либо лицо прямо или косвенно владеет, контролирует или является держателем 5 или 
более процентов выпущенных в обращение голосующих акций обоих из них; 
одно из них прямо или косвенно контролирует другое; 
оба они прямо или косвенно контролируются третьим лицом; 
вместе они прямо или косвенно контролируют третье лицо; 
они являются родственниками или членами одной семьи.",Таможенный кодекс Евразийского экономического союза.pdf,33
Что грозит за транспортировку древесины без оформленного сопроводительного документа для должностных лиц?,"N 1747 
В случаях, прямо предусмотренных законодательством Российской Федерации, иметь и 
передавать для проверки уполномоченным должностным лицам Федеральной службы по надзору в 
сфере транспорта карточку допуска на транспортное средство для осуществления международных 
автомобильных перевозок, путевой лист и документы на перевозимый груз (транспортная 
накладная, заказ-наряд, сопроводительная ведомость, которые могут быть представлены на 
бумажном носителе, либо в форме электронного документа, либо его копии на бумажном 
носителе), специальные разрешения, при наличии которых в соответствии с законодательством об 
автомобильных дорогах и о дорожной деятельности допускается движение по автомобильным 
дорогам тяжеловесного и (или) крупногабаритного транспортного средства, транспортного 
средства, осуществляющего перевозки опасных грузов, а также предоставлять транспортное 
средство для осуществления весового и габаритного контроля.",ПДД Российской Федерации.pdf,6
Какие соглашения об освобождении перевозчика от ответственности или уменьшении пределов его ответственности могут быть заключены по статье 175?,"В случае, если судно арестовано для обеспечения морского требования или обеспечение 
предоставлено для предотвращения ареста судна либо для освобождения его от ареста, любое 
другое судно, которое могло бы быть арестовано по тому же морскому требованию, не подлежит 
аресту, если только: 
1) размер уже полученного обеспечения по тому же морскому требованию является 
недостаточным; 
2) применяются правила, установленные подпунктами 2 и 3 пункта 1 настоящей статьи.",Кодекс торгового мореплавания Российской Федерации.pdf,134
Какие действия предпринимаются при обнаружении неправильных показаний коммерческих средств и систем измерения согласно ГОСТ?,"При обнаружении неправильных показаний коммерческих средств и систем
измерения теплоснабжающая организация производит расчет расхода тепловой
энергии и теплоносителя как для абонента, временно не имеющего приборного учета
с начала расчетного периода.",Data1_10_10871_index.pdf,11
Какие документы подтверждают осуществление прав по ценным бумагам и налоговое резидентство физического лица?,"В качестве документального подтверждения соответствующих расходов физическим лицом должны быть 
представлены оригиналы или надлежащим образом заверенные копии документов, на основании которых 
это физическое лицо произвело соответствующие расходы, брокерские отчеты, документы, 
подтверждающие факт перехода налогоплательщику прав по соответствующим ценным бумагам, факт и 
сумму оплаты соответствующих расходов.",Налоговый кодекс Российской Федерации.pdf,877
Какие права имеет потерпевший по делу об административном правонарушении?,"Потерпевший вправе знакомиться со всеми материалами дела об административном правонарушении, 
давать объяснения, представлять доказательства, заявлять ходатайства и отводы, пользоваться 
юридической помощью представителя, обжаловать постановление по данному делу, пользоваться иными 
процессуальными правами в соответствии с настоящим Кодексом.",Административный кодекс Российской Федерации.pdf,511
Какой код материала-представителя используется для укладки стильных труб с устройством компенсаторов согласно ГОСТ?,"Код вида работ
Конструктивные элементы вида работ
Код материала -
представителя
1
2
3
806001
То же, из колотого и булыжного камня, м2
4
807001
Установка бортовых камней, м
18
808001
Устройство однорядного настила дорог и тротуаров, м2
214
809001
Установка дорожных рамных металлических конструкций обустройства дорог, т
263
810001
Укладка водопропускных труб, м
44
811101
Баластировка железнодорожных путей, м3
4
811201
Укладка железнодорожных путей нормальной колеи отдельными элементами с
послеосадочным ремонтом, км пути
211
212
812101
Устройство железобетонных оград, м2
37
812201
Устройство оград и ограждений из сетки, сетчатых панелей, колючей проволоки, м2
263
812301
Навеска ворот и калиток, м2
264
813101
Механизированная и ручная обработка почв, 100 м2 площади
299
813201
Посадка деревьев и кустарников, 10 шт.",Data1_2_2081_index.pdf,19
Как оформляется решение о принудительном исполнении?,"Решение о принудительном исполнении является исполнительным документом, оформляется в 
соответствии с требованиями, установленными законодательством Российской Федерации об 
исполнительном производстве, и в течение трех рабочих дней после дня принятия данного решения 
направляется государственным инспектором труда по почте заказным письмом с уведомлением или в 
форме электронного документа, подписанного усиленной квалифицированной электронной подписью, 
работодателю, который имеет право в течение десяти дней со дня получения обжаловать данное решение 
в суд.",Трудовой кодекс Российской Федерации.pdf,230
Какие материалы могут быть списаны на основе ГЭСН?,"Текущий уровень сметных цен на материальные ресурсы может быть определен и на основе базисного уровня сметных
цен, приведенных в Сборнике сметных цен на материалы, изделия и конструкции (СНиП 4.04-91) и региональных
сборниках (каталогах) сметных цен, с применением индексов изменения стоимости материалов, рассчитанных исходя из
имеющейся информации о текущих ценах на материальные ресурсы.",Data1_2_2117_index.pdf,3
Как утеплить окна без наплава согласно ГОСТ МДС 13-18.2000?,"В окнах без
наплавов в притворах, где
петли отсутствуют,
прокладки крепят к
четвертям коробок таким
образом, чтобы широкие
грани прокладок были
параллельны плоскости
элемента.",Data1_10_10861_index.pdf,20
Какие требования к кровлям установлены СНиП II-26-76?,"Работы по устройству гидроизоляции опорных элементов фонарей должны производиться с учетом
требований СНиП II-26-76.",Data1_10_10846_index.pdf,19
Какой минимальный объем бюджетных ассигнований должен быть предусмотрен для Федерального дорожного фонда?,"Комментарии к статьям на сайте 
https://budkod.ru/ 
 
 
 
в случае перераспределения бюджетных ассигнований, предоставляемых на конкурсной 
основе; 
в случае перераспределения бюджетных ассигнований между текущим финансовым годом и 
плановым периодом - в пределах предусмотренного законом (решением) о бюджете общего объема 
бюджетных 
ассигнований 
главному 
распорядителю 
бюджетных 
средств 
на 
оказание 
государственных (муниципальных) услуг на соответствующий финансовый год; 
в случае получения уведомления о предоставлении субсидий, субвенций, иных 
межбюджетных трансфертов, имеющих целевое назначение, предоставления из федерального 
бюджета бюджету субъекта Российской Федерации бюджетного кредита на финансовое 
обеспечение реализации инфраструктурных проектов, поступления в бюджет субъекта Российской 
Федерации дотаций из федерального бюджета (заключения соглашения о предоставлении из 
федерального бюджета бюджету субъекта Российской Федерации дотации) в течение текущего 
финансового года и получения имеющих целевое назначение безвозмездных поступлений от 
физических и юридических лиц сверх объемов, утвержденных законом (решением) о бюджете, а 
также в случае сокращения (возврата при отсутствии потребности) указанных средств; 
в случае изменения типа (подведомственности) государственных (муниципальных) 
учреждений и организационно-правовой формы государственных (муниципальных) унитарных 
предприятий; 
в случае увеличения бюджетных ассигнований текущего финансового года на оплату 
заключенных государственных (муниципальных) контрактов на поставку товаров, выполнение 
работ, оказание услуг, подлежавших в соответствии с условиями этих государственных 
(муниципальных) контрактов оплате в отчетном финансовом году, в том числе на сумму 
неисполненного казначейского обеспечения обязательств, выданного в соответствии со статьей 
242.22 настоящего Кодекса, в объеме, не превышающем остатка не использованных на начало 
текущего финансового года бюджетных ассигнований на исполнение указанных государственных 
(муниципальных) контрактов в соответствии с требованиями, установленными настоящим 
Кодексом; 
в 
случае 
увеличения 
бюджетных 
ассигнований 
текущего 
финансового 
года 
на 
предоставление субсидий юридическим лицам, предоставление которых в отчетном финансовом 
году осуществлялось в пределах средств, необходимых для оплаты денежных обязательств 
получателей субсидий, источником финансового обеспечения которых являлись такие субсидии, в 
объеме, не превышающем остатка не использованных на начало текущего финансового года 
бюджетных ассигнований на предоставление субсидий в соответствии с требованиями, 
установленными настоящим Кодексом; 
в случае перераспределения бюджетных ассигнований на осуществление бюджетных 
инвестиций и предоставление субсидий на осуществление капитальных вложений в объекты 
государственной (муниципальной) собственности (за исключением бюджетных ассигнований 
дорожных фондов) при изменении способа финансового обеспечения реализации капитальных 
вложений в указанный объект государственной (муниципальной) собственности после внесения 
изменений в решения, указанные в пункте 2 статьи 78.2 и пункте 2 статьи 79 настоящего Кодекса, 
государственные (муниципальные) контракты или соглашения о предоставлении субсидий на 
осуществление капитальных вложений, а также в целях подготовки обоснования инвестиций и 
проведения его технологического и ценового аудита, если подготовка обоснования инвестиций в 
соответствии с законодательством Российской Федерации является обязательной; 
в случае увеличения бюджетных ассигнований текущего финансового года на оплату",Бюджетный кодекс Российской Федерации.pdf,312
Какие условия должны быть соблюдены для временного вывоза транспортных средств с территории СЭЗ на остальную часть таможенной территории Союза?,"Сроком уплаты ввозных таможенных пошлин, налогов, специальных, антидемпинговых, 
компенсационных пошлин считается: 
1) 
при 
нарушении 
установленных 
настоящим 
Кодексом 
условий 
использования 
транспортных средств международной перевозки, указанных в пункте 10 настоящей статьи, при 
осуществлении перевозки товаров, пассажиров, багажа между территориями СЭЗ, указанных в 
пункте 10 настоящей статьи, и территориями государств, не являющихся членами Союза, либо при 
осуществлении перевозки товаров, пассажиров, багажа между территориями СЭЗ, указанных в 
пункте 10 настоящей статьи, и остальной частью территории Российской Федерации - первый день 
нарушения таких условий, а если этот день не установлен, - день выявления факта такого 
нарушения; 
2) при нарушении указанных в пункте 35 настоящей статьи условий вывоза с территорий 
СЭЗ, указанных в пункте 25 настоящей статьи, на остальную часть таможенной территории Союза 
физическим лицом транспортного средства для личного пользования, помещенного под 
таможенную процедуру свободной таможенной зоны, - первый день нарушения таких условий, а 
если этот день не установлен, - день выявления факта такого нарушения; 
3) при вывозе с территории единицы административно-территориального устройства, на 
которой создана СЭЗ Российской Федерации из указанных в подпункте 1 пункта 1 настоящей 
статьи, которая имеет общую сухопутную границу с остальной частью таможенной территории 
Союза, на остальную часть таможенной территории Союза физическими лицами транспортных 
средств для личного пользования, помещенных под таможенную процедуру свободной таможенной 
зоны, - день вывоза указанных товаров с территории единицы административно-территориального 
устройства, на которой создана такая СЭЗ, а если этот день не установлен, - день выявления факта",Таможенный кодекс Евразийского экономического союза.pdf,506
В какие сроки рассматривает представленный протокол заказчик согласно Методическим рекомендациям по процедуре подрядных торгов?,"Тендерный комитет осуществляет следующие основные функции:
собирает заявки на участие претендентов в предварительной квалификации, а также
регистрирует и хранит конкурсные предложения и другую входящую документацию;
оформляет все необходимые документы, обеспечивающие подготовку и проведение
торгов;
разрабатывает тендерную документацию или заказывает ее разработку инженерно-
консультационной организации;
разрабатывает документацию по предварительной квалификации (или заказывает ее
разработку);
проводит заседания согласно утвержденному регламенту и оформляет их
протоколами;
определяет победителя торгов и предоставляет протокол на утверждение заказчику
(организатору торгов);
рассматривает споры между участниками торгов, а также претензии участников к
тендерному комитету в первой инстанции.",Data1_10_10866_index.pdf,5
Как формируются средние базисные цены по унифицированному перечню материальных ресурсов согласно ГОСТ?,"Формирование средних базисных цен по унифицированному перечню
материальных ресурсов
3.7.",Data1_2_2080_index.pdf,5
"Какие права имеют лица на ознакомление и уточнение информации, собранной таможенными органами?","Лица, указанные в пункте 1 настоящей статьи, имеют право на ознакомление с 
документированной информацией о себе, имеющейся у таможенных органов, и уточнение этой 
информации в целях обеспечения ее полноты и достоверности.",Таможенный кодекс Евразийского экономического союза.pdf,429
Кто может установить дополнительные основания и условия предоставления отсрочки и рассрочки по уплате региональных и местных налогов?,"Комментарии к статьям на сайте
https://nkodeksrf.ru/
Нормативными правовыми актами представительного органа федеральной территории ""Сириус"" о местных 
налогах, подлежащих уплате в федеральной территории ""Сириус"", могут быть установлены иные основания 
и условия предоставления инвестиционного налогового кредита, включая сроки действия инвестиционного 
налогового кредита и ставки процентов на сумму кредита.",Налоговый кодекс Российской Федерации.pdf,164
Какие виды работ включают использование сборных бетонных блоков согласно ГОСТ?,"Код вида работ
Конструктивные элементы вида работ
Код материала -
представителя
1
2
3
25041
То же, древесно-волокнистыми плитами, 100 м2
229
25042
То же, древесно-стружечными плитами с декоративной отделкой, 100 м2
230
25043
Обшивка поверхностей досками, 100 м2
215
25051
То же, акустическими плитами, 100 м2
231
25061
Изоляция поверхностей теплоизоляционными плитами и блоками, 100 м2
232
25062
Теплоизоляция поверхностей минераловатными плитами, 100 м2
231
25063
То же, минеральной ватой, 100 м2
221
25071
Обивка поверхностей кровельной сталью, 100 м2
204
25072
Экранирование помещений стальными листами и сеткой, 100 м2
204
25081
Окраска поверхностей красками, 100 м2
224
25082
То же, лаками, 100 м2
223
25083
То же, масляными красками, 100 м2
225
25084
Антикоррозионная защита бетонных оштукатуренных поверхностей, 100 м2
223
26000
Наружная отделка, м2
 
26011
Штукатурка по камню и бетону поверхностей фасадов, 100 м2
12
26021
Наружная облицовка искусственными плитами, 100 м2
228
26031
Окраска фасадов, 100 м2
224
26041
Обделки на фасадах, 100 м2 фасада
204
27000
Неучтенные работы
 
28000
Особостроительные работы, м2 общей площади
 
28011
Устройство конструкций из монолитного бетона, железобетона, опор, подливка
фундаментов, 100 м3
9
201
215
28012
Устройство монолитных каналов, тоннелей, лотков, днищ, галерей, 100 м3
9
201
215
28021
Установка сборных железобетонных подпольных каналов, 100 м3
39
28022
Перекрытие каналов плитами, 100 м3
39
28031
Кирпичная кладка каналов, приямков, 100 м3
1
12
28032
Кладка, обмуровка и футеровка поверхностей огнеупорными изделиями или
кирпичом керамическим, м3
1
12
28041
Перекрытие каналов рифленой сталью, 10 м2
204
28042
Монтаж металлоконструкций сушил, кожухов, экранов, камер, подин, балок,
каркасов рам, конструкций печей, труб, т
263
28051
Устройство монолитных бетонных и железобетонных подпорных стен, 100 м3
9
201
215
29000
Отопление - внутренние устройства, 1 кВт
 
29011
Прокладка трубопроводов из труб стальных электросварных, 100 м
241
29012
То же, из стальных бесшовных и сварных труб, 100 м
242
29013
То же, из труб стальных водогазопроводных, 100 м
243
29014
Установка гребенок, грязевиков и запорной арматуры, шт.",Data1_2_2081_index.pdf,16
"Какие условия должны быть соблюдены для участников региональных инвестиционных проектов, чтобы продолжать применение пониженных налоговых ставок?","В случае, если налогоплательщик - участник регионального инвестиционного проекта применил положения, 
предусмотренные пунктом 6.1 статьи 342.3 настоящего Кодекса, последним налоговым периодом 
применения налоговой ставки, предусмотренной пунктом 1.5 статьи 284 настоящего Кодекса, и пониженных 
налоговых ставок, установленных законами субъектов Российской Федерации в соответствии с пунктом 3 
настоящей статьи, будет являться налоговый период, предшествующий календарному году, в котором в 
соответствии с пунктом 6.1 статьи 342.3 настоящего Кодекса коэффициент 
 принимается равным 1.",Налоговый кодекс Российской Федерации.pdf,1100
"Какие данные должны быть указаны в реестре перевозочных документов, оформляемых при перевозках товаров, порожнего железнодорожного подвижного состава или контейнеров железнодорожным транспортом?","Положения настоящего подпункта применяются при условии, что на перевозочных документах проставлены 
указанные в пункте 5 статьи 165 настоящего Кодекса отметки таможенных органов; 
9.1) выполняемых (оказываемых) российскими перевозчиками на железнодорожном транспорте: 
работ (услуг) по перевозке или транспортировке товаров, вывозимых с территории Российской Федерации 
на территорию государства - члена Евразийского экономического союза, и работ (услуг), непосредственно 
связанных с перевозкой или транспортировкой указанных товаров, стоимость которых указана в 
перевозочных документах на перевозку товаров; 
работ (услуг) по перевозке или транспортировке товаров, порожнего железнодорожного подвижного 
состава или контейнеров, перемещаемых через территорию Российской Федерации с территории 
иностранного государства, не являющегося членом Евразийского экономического союза, в том числе через 
территорию государства - члена Евразийского экономического союза, или с территории государства - члена 
Евразийского экономического союза на территорию другого иностранного государства, в том числе 
являющегося членом Евразийского экономического союза, и работ (услуг), непосредственно связанных с",Налоговый кодекс Российской Федерации.pdf,454
Какие телефоны доступны для бесплатной юридической консультации в Санкт-Петербурге и Ленинградской области?,"Бесплатная юридическая консультация по телефонам: 
• 8 (499) 938-53-84 (Москва и МО); 
 
• 8 (812) 467-95-33 (Санкт-Петербург и ЛО); 
• 8 (800) 301-79-07 (Регионы РФ).",Водный кодекс Российской Федерации.pdf,24
"Какое решение принимается, если оспариваемый ненормативный правовой акт, решение и действия (бездействие) не соответствуют закону?","В случае, если арбитражный суд установит, что оспариваемый ненормативный правовой 
акт, решения и действия (бездействие) органов, осуществляющих публичные полномочия, 
должностных лиц соответствуют закону или иному нормативному правовому акту и не нарушают 
права и законные интересы заявителя, суд принимает решение об отказе в удовлетворении 
заявленного требования.",Арбитражный процессуальный кодекс Российской Федерации.pdf,104
"Какие действия выполняет суд кассационной инстанции при извещении лиц, участвующих в деле, о передаче кассационных жалобы, представления?","Извещение лиц, участвующих в деле, о передаче кассационных жалобы, 
представления с делом для рассмотрения в судебном заседании судебной коллегии 
Верховного Суда Российской Федерации 
Суд кассационной инстанции направляет лицам, участвующим в деле, копии определения о передаче 
кассационных жалобы, представления с делом для рассмотрения в судебном заседании суда 
кассационной инстанции и копии кассационных жалобы, представления.",Гражданский процессуальный кодекс Российской Федерации.pdf,148
Какая степень осушки газа должна быть указана согласно ГОСТ МДС-80-8.2000?,"Затраты
труда,
чел.-ч
1
2
3
4
5
76
Блок из шести пылеуловителей циклонного типа
(совместно с системой сбора конденсата и механических
примесей)
Комплект
243
222
77
Блок подготовки масла (включает в себя установку
очистки и насосную масел)
Блок
164
158
78
Электростанция 
передвижная 
газотурбинная 
типа
ПАЭС-2500, стационарная ЭГ(ЭД)-1000
Комплект
637
602
79
Устройство камеры запуска (камеры приема) очистного
поршня (совместно с системой сброса конденсата и
механических примесей)
Устройство
584
562
80
Установка блочно-комплектная подготовки пускового,
топливного и импульсного газа, ГП-606-01, 02, 03, 04,
05, 06, 07 (блок очистки газа, блок подогревателя газа,
блок осушки и хранения импульсного газа, блок замера
газа, блок замера и редуцирования газа собственных
нужд, блок редуцирования топливного, пускового газа,
блок подогревателя газа регенерации адсорберов)
Комплект
455
420
81
Блок 
из 
шести 
фильтров-сепараторов 
подготовки
технологического газа
Блок
356
325
82
Система пожаротушения (газовая) укрытия ГПА (с
регенератором типа углекислота, хладон, галон)
Система
166
160
 
Группа 5
 
 
 
 
Автомобильные 
газонаполнительные 
компрессорные
станции (АГНКС)
 
 
 
110
Станция автомобильная газонаполнительная в блочно-
контейнерном 
исполнении 
АГНКС 
БКИ-250
производительностью 
1200-2000 
нм3/ч 
(блок
компрессорных установок с тремя компрессорами
4ГМ2,5-1,8/5-250, блок осушки газа, блок обеспечения,
колонны заправочные - 6 шт., блок аккумуляторов газа)
Станция
7845
7691
Отдел 2
Оборудование газовых промыслов
№
позиции
Наименование и техническая характеристика
оборудования или видов работ
Единица
измерения
Прямые затраты
(основная
зарплата), руб.",Data1_10_10864_index.pdf,36
Какие министерства и ведомства утверждают ценники на технологическое оборудование предприятий легкой промышленности согласно ГОСТ МДС 81-8.2000?,"Министерство, ведомство,
утверждающее ценник
Наименование ценника
Госкомиздат СССР
Технологическое 
оборудование 
предприятий 
полиграфической
промышленности
Минуглепром СССР
Технологическое 
оборудование 
предприятий 
угольной 
и 
сланцевой
промышленности
Минхимпром
Производства химической промышленности
Миннефтехимпром СССР
Оборудование предприятий нефтеперерабатывающей и нефтехимической
промышленности
Часть 1.",Data1_10_10864_index.pdf,21
Какие категории инвалидов могут заниматься игрой мяч через шнур согласно МДС 35-7.2000?,"Мезенцева
РЕКОМЕНДАЦИИ
ПО ПРОЕКТИРОВАНИЮ
ОКРУЖАЮЩЕЙ СРЕДЫ, ЗДАНИЙ И СООРУЖЕНИЙ
С УЧЕТОМ ПОТРЕБНОСТЕЙ ИНВАЛИДОВ И ДРУГИХ
МАЛОМОБИЛЬНЫХ ГРУПП НАСЕЛЕНИЯ
МДС 35-7.2000
Выпуск 13
ОБЩЕСТВЕННЫЕ ЗДАНИЯ И СООРУЖЕНИЯ.",Data1_10_10847_index.pdf,1
Какие характеристики точек подключения временных сетей указаны в ГОСТ МДС-80-8.2000?,"МАТЕРИАЛЫ, ПРИЛАГАЕМЫЕ К ГЕНЕРАЛЬНОМУ И СИТУАЦИОННОМУ ПЛАНАМ
 
Ситуационный план (карта) города, местности с нанесенными объектами строительства,
реконструкции, внеплощадочными сетями в удобном для чтения масштабе
 
Генеральный план, согласованный в установленном порядке на геоподоснове в М 1:1000, содержащий:
экспликацию сооружений;
границу производства работ силами подрядчика с указанием координат точек на ней;
розу ветров;
при наличии подъездной дороги план дороги на геоподоснове в М 1:1000 с указаниями границ
производства работ подрядчиком координатами точек;
материалы инженерных изысканий по дороге;
категории автодорог в соответствии со СНиП 2.05.02-85
 
Генеральные планы внеплощадочных зданий и сооружений, согласованных в установленном порядке,
на геоподоснове в М 1:1000, содержащие:
экспликацию сооружений;
границу производства работ силами подрядчика с указанием координат точек на ней;
розу ветров;
промеры по осям внутриплощадочных дорог, площадок, тротуаров, стоянок;
при наличии подъездной дороги план дороги на геоподоснове в М 1:1000 с указанием границ
производства работ подрядчиком координатами точек;
материалы инженерных изысканий по дороге;
категории автодорог в соответствии со СНиП 2.05.02-85
Акты выбора площадок, согласованные в установленном порядке
Архитектурно-планировочное задание
Материалы землеотвода для площадки городка, внеплощадочных сооружений, постоянных
подъездных дорог либо договор на аренду земли, или документы, подтверждающие собственность на нее
Материалы временного землеотвода для внеплощадочных сетей, временных подъездных дорог,
временных городков и промбаз строителей
Зональная схема района строительства городка
Разрешение на строительство
Разрешение на рубку леса
Требования по рекультивации земель
 
3.2.10.",Data1_10_10865_index.pdf,9
Какие действия допускаются до вступления международных договоров в силу при перемещении товаров трубопроводным транспортом или по линиям электропередачи?,"Переходные положения о совершении таможенных операций при перемещении 
товаров трубопроводным транспортом или по линиям электропередачи 
До вступления в силу международных договоров государства-члена с третьей стороной, 
являющейся сопредельным государством, которые определяют порядок доступа должностных лиц 
таможенных органов к предусмотренным пунктами 1 - 4 статьи 292 настоящего Кодекса приборам 
учета товаров, перемещаемых трубопроводным транспортом или по линиям электропередачи, 
допускается использовать представляемые перевозчиком показания приборов учета товаров, 
перемещаемых трубопроводным транспортом или по линиям электропередачи, которые 
расположены на территории сопредельного государства.",Таможенный кодекс Евразийского экономического союза.pdf,510
Какие меры принимаются при нарушениях стыков плит коробов и шахт согласно ГОСТ МДС 13-18.2000?,"Высотная съемка плит перекрытий подвальной (цокольной) части здания
производится по четырем углам каждой плиты, при монолитном перекрытии - по углам
и в центре перекрываемой монолитной шахты.",Data1_11_11285_index.pdf,35
"Какие требования предъявляет ГОСТ МДС 17-13.2000 к протечкам кровельного покрытия (металлического, рулонного, безрулонного, мастичного, шиферного, черепичного)?","Таблица 2
Способ прокладки
тепловых сетей
Материалы для защитного гидроизоляционного покрытия теплоизоляционных
конструкций
рекомендуемые к
применению
ГОСТ, ТУ
допускаемые к
применению
ГОСТ, ТУ
Подземный 
в
непроходных каналах и
тоннелях
Армопластмассовые
материалы АПП-1,
АПМ-2, АПМ-К
ТУ-362168-85 Стеклотекстолит
покрывной
Материал СТПЛ
ТУ 36-1583-83
Стеклорубероид
ГОСТ 15879-70
Стеклопластик
рулонный 
для
теплоизоляции РСТ
ТУ-6-11-145-8 Фольгоизол**
ГОСТ 20429-84
Пленка 
винипластовая
каландрированная
КПО**
ГОСТ 16398-81
Рубероид*
ГОСТ 10923-82
Подземный 
в
непроходных каналах и
тоннелях
 
 
Фольга 
алюминиевая
дублированная 
для
теплоизоляционных
конструкций
ТУ 36-1177-77
 
 
Штукатурка
асбестоцементная 
по
металлической 
сетке
(при небольших объемах
работ)
* Применять только для прокладки в непроходных каналах.",Data1_10_10852_index.pdf,16
Какие проекты бюджетных смет предложены законодательными (представительными) органами?,"Доходы бюджета прогнозируются на основе прогноза социально-экономического 
развития территории, действующего на день внесения проекта закона (решения) о бюджете в 
законодательный (представительный) орган, а также принятого на указанную дату и вступающего в 
силу в очередном финансовом году и плановом периоде законодательства о налогах и сборах и 
бюджетного законодательства Российской Федерации и законодательства Российской Федерации, 
законов субъектов Российской Федерации и муниципальных правовых актов представительных 
органов муниципальных 
образований, устанавливающих 
неналоговые 
доходы 
бюджетов 
бюджетной системы Российской Федерации.",Бюджетный кодекс Российской Федерации.pdf,281
Какие нормативные правовые акты регулируют организацию и осуществление государственного строительного надзора?,"Организация и осуществление государственного строительного надзора регулируются Федеральным 
законом от 31 июля 2020 года N 248-ФЗ ""О государственном контроле (надзоре) и муниципальном 
контроле в Российской Федерации"", а в случаях, указанных в части 10 настоящей статьи, нормативными 
правовыми актами Государственной корпорации по атомной энергии ""Росатом"", соответствующих 
федеральных органов исполнительной власти, принимаемыми по согласованию с федеральным органом 
исполнительной власти, осуществляющим функции по выработке и реализации государственной политики 
и нормативно-правовому регулированию в сфере строительства, архитектуры, градостроительства.",Градостроительный кодекс Российской Федерации.pdf,177
"Как исчисляются ввозные таможенные пошлины, налоги, специальные, антидемпинговые, компенсационные пошлины в случае помещения товаров под таможенные процедуры?","В случае помещения товаров под таможенные процедуры, применимые к иностранным 
товарам, задержания таможенными органами товаров в соответствии с главой 51 настоящего 
Кодекса, размещения на временное хранение, после исполнения обязанности по уплате ввозных 
таможенных пошлин, налогов, специальных, антидемпинговых, компенсационных пошлин и (или) 
их взыскания (полностью или частично) суммы ввозных таможенных пошлин, налогов, 
специальных, антидемпинговых, компенсационных пошлин, уплаченные и (или) взысканные в 
соответствии с настоящей статьей, подлежат возврату (зачету) в соответствии с главой 10 и 
статьей 76 настоящего Кодекса.",Таможенный кодекс Евразийского экономического союза.pdf,112
Какие требования к согласованию проектной документации с надзорными органами указаны в ГОСТ МДС-80-8.2000?,"ПРИЛОЖЕНИЕ 3
ОСНОВНЫЕ ТРЕБОВАНИЯ К ЗАДАНИЮ НА РАЗРАБОТКУ СХЕМЫ И ПРОЕКТА
РАЙОННОЙ ПЛАНИРОВКИ, ГЕНЕРАЛЬНОГО ПЛАНА ГОРОДА, ДРУГОГО
ПОСЕЛЕНИЯ, ТЕРРИТОРИИ СЕЛЬСКОГО ОРГАНА МЕСТНОГО
САМОУПРАВЛЕНИЯ
В задании на разработку схемы и проекта районной планировки, генерального плана
города, другого поселения, территории сельского органа моечного самоуправления должны
быть указаны:
наименование объекта, его основные характеристики (местоположение, численность
населения, территория, основные виды ресурсов, профилирующие отрасли производства,
административная 
структура, 
условия 
обеспечения 
инженерно-транспортной
инфраструктурой, другие специфические характеристики);
основание для проектирования;
состав 
участников 
разработки 
и 
согласования 
проектных 
материалов 
и 
их
взаимообязательства;
кем и в какие сроки должны выдаваться исходные данные для проектирования;
состав 
подлежащих 
передаче 
материалов 
и 
услуг 
по 
этапам 
(если 
они
предусматриваются), сроки и стоимость работ;
требования к содержанию и форме представляемых материалов, сроки проектирования;",Data1_1_1904_index.pdf,27
"Что происходит, если поданное заявление не соответствует требованиям частей пятой и шестой статьи 318?","Арбитражный суд возвращает заявление о присуждении компенсации за нарушение права 
на судопроизводство в разумный срок или права на исполнение судебного акта в разумный срок, 
если при рассмотрении вопроса о принятии заявления к производству установит, что: 
1) заявление подано лицом, не имеющим права на его подачу; 
2) заявление подано с нарушением порядка и сроков, которые установлены частью 2 статьи 
222.1 и частью 1 статьи 222.2 настоящего Кодекса.",Арбитражный процессуальный кодекс Российской Федерации.pdf,117
Какие требования предъявляются к благоустройству и озеленению территории согласно ГОСТ МДС 11-7.2000?,"требования 
к 
основным 
направлениям 
социально-экономического 
развития,
архитектурно-планировочной и функциональной организации территории, организации
транспортного обслуживания, благоустройству и озеленению территории, инженерной
подготовке и инженерному оборудованию территории, охране окружающем среды,
памятников природы, истории и культуры, инженерно-техническим мероприятиям
гражданской обороны;
особенности и проблемы объекта проектирования, вызывающие необходимость
дополнительных, углубленных или специализированных проработок (особенности
природных 
условий, 
экологической, 
демографической 
ситуации, 
развития
производственной, 
социальной, 
инженерно-транспортной 
инфраструктур, 
охраны
историко-культурного и природного наследия и т.п.);
отклонения (дополнения или изменения) от требований настоящей Инструкции,
предъявляемых к составу и содержанию проекта (схемы) и основным технико-
экономическим показателям;
порядок согласования и экспертизы проектов.",Data1_1_1904_index.pdf,28
Какие данные о лесных декларациях должны быть представлены в системе?,"В декларации о сделках с древесиной указываются: 
1) информация о собственниках древесины, сторонах сделок с древесиной (наименование, 
организационно-правовая форма, место нахождения - для юридического лица; фамилия, имя, 
отчество, 
данные 
документа, 
удостоверяющего 
личность, 
- 
для 
индивидуального 
предпринимателя); 
2) сведения об объеме древесины, о ее видовом (породном) и сортиментном составе; 
3) сведения о документах, на основании которых была осуществлена заготовка древесины: 
а) сведения о договоре аренды лесного участка или об ином документе о предоставлении 
лесного участка (наименования сторон этого договора, организационно-правовая форма, место 
нахождения 
- 
для 
юридического 
лица; 
фамилия, 
имя, 
отчество, 
данные 
документа,",Лесной кодекс Российской Федерации.pdf,29
Что входит в обсуждение с работодателем вопросов о работе организации?,"Комментарии к статьям на сайте 
https://tkodeksrf.ru/ 
  
 
получать информацию от руководителей и иных должностных лиц организаций, работодателей - 
индивидуальных предпринимателей о состоянии условий и охраны труда, а также о всех несчастных 
случаях на производстве и профессиональных заболеваниях; 
защищать права и законные интересы членов профессионального союза по вопросам возмещения вреда, 
причиненного их здоровью на производстве (работе); 
предъявлять работодателям требования о приостановке работ в случаях непосредственной угрозы жизни и 
здоровью работников; 
направлять работодателям представления об устранении выявленных нарушений трудового 
законодательства и иных нормативных правовых актов, содержащих нормы трудового права, 
обязательные для рассмотрения; 
осуществлять проверку состояния условий и охраны труда, выполнения обязательств работодателей, 
предусмотренных коллективными договорами и соглашениями; 
принимать участие в работе комиссий по испытаниям и приему в эксплуатацию средств производства в 
качестве независимых экспертов; 
принимать участие в рассмотрении трудовых споров, связанных с нарушением трудового законодательства 
и иных нормативных правовых актов, содержащих нормы трудового права, обязательств, 
предусмотренных коллективными договорами и соглашениями, а также с изменениями условий труда; 
принимать участие в разработке проектов федеральных законов и иных нормативных правовых актов 
Российской Федерации, законов и иных нормативных правовых актов субъектов Российской Федерации, 
нормативных правовых актов органов местного самоуправления, содержащих нормы трудового права; 
принимать участие в разработке проектов подзаконных нормативных правовых актов, устанавливающих 
государственные нормативные требования охраны труда, а также согласовывать их в порядке, 
установленном Правительством Российской Федерации; 
обращаться в соответствующие органы с требованием о привлечении к ответственности лиц, виновных в 
нарушении трудового законодательства и иных актов, содержащих нормы трудового права, сокрытии 
фактов несчастных случаев на производстве.",Трудовой кодекс Российской Федерации.pdf,233
Сколько касок должно быть у строительно-монтажного треста согласно Приложению 6 к СНиП 3.01.03-84?,"Рекомендуемый порядок определения стоимости строительства на ранней
стадии проектирования с использованием нормативной базы в регионах
Приложение 
1 
Перечень 
объектов-представителей, 
принимаемых 
для
разработки УПБС, (их технико-экономические показатели)
Приложение 2 Расчет величины накладных расходов и сметной прибыли при
определении стоимости строительства
Приложение 3 Структура затрат строительно-монтажных работ по панельному
9-этажному дому серии 90  (базисный уровень на 01.01.91)
Приложение 4 Р а с ч е т  №1 стоимости строительства 9-этажного 108-
квартирного дома серии 85-012, 013/1.2 в ценах на I кв.",Data1_2_2080_index.pdf,34
На каком сайте можно найти комментарии к статьям Налогового кодекса РФ?,"Комментарии к статьям на сайте
https://nkodeksrf.ru/
5) приостанавливать операции по счетам налогоплательщика, плательщика сбора или налогового агента в 
банках и налагать арест на имущество налогоплательщика, плательщика сбора или налогового агента в 
порядке, предусмотренном настоящим Кодексом; 
6) в порядке, предусмотренном статьей 92 настоящего Кодекса, осматривать любые используемые 
налогоплательщиком для извлечения дохода либо связанные с содержанием объектов налогообложения 
независимо от места их нахождения производственные, складские, торговые и иные помещения и 
территории, проводить инвентаризацию принадлежащего налогоплательщику имущества.",Налоговый кодекс Российской Федерации.pdf,92
Какие требования предъявляются к описанию видов работ в разделе ведомостей физических объемов работ согласно ГОСТ МДС-80-8.2000?,"ГОССТРОЙ РОССИИ
М Е Т О Д И Ч Е С К И Е  Р Е К О М Е Н Д А Ц И И
ПО РАЗРАБОТКЕ
ТЕХНИЧЕСКОЙ ЧАСТИ
ТЕНДЕРНОЙ ДОКУМЕНТАЦИИ
И ОФЕРТЫ ПРЕТЕНДЕНТА
МДС-80-8.2000
МОСКВА 2000
Методические 
рекомендации 
по 
разработке 
технической 
части 
тендерной 
документации
предназначены 
для 
всех 
субъектов 
инвестиционной 
деятельности: 
заказчиков 
(инвесторов),
организаторов торгов, тендерных комитетов всех уровней, подрядных и субподрядных организаций,
представленных в качестве претендентов и оферентов, консалтинговых, инженерно-консультационных,
финансовых, страховых и иных организаций, в том числе иностранных партнеров, участвующих в
подрядных торгах на территории Российской Федерации, а также университетов и институтов
повышения квалификации руководящих работников и специалистов организаций вне зависимости от
видов и форм собственности.",Data1_10_10865_index.pdf,1
"Какие действия предпринимаются, если уведомление не соответствует установленным параметрам?","Комментарии к статьям на сайте 
https://grkodeksrf.ru/ 
 
 
 
 
 
планировке территории, или обязательных требований к параметрам объектов капитального 
строительства, которые установлены настоящим Кодексом, другими федеральными законами, действуют 
на дату поступления уведомления о планируемом строительстве и которым не соответствуют параметры 
объекта индивидуального жилищного строительства или садового дома, указанные в уведомлении о 
планируемом строительстве, а также в случае недопустимости размещения объекта индивидуального 
жилищного строительства или садового дома на земельном участке - установленный вид разрешенного 
использования земельного участка, виды ограничений использования земельного участка, в связи с 
которыми не допускается строительство или реконструкция объекта индивидуального жилищного 
строительства или садового дома, или сведения о том, что лицо, подавшее или направившее уведомление 
о планируемом строительстве, не является застройщиком в связи с отсутствием у него прав на земельный 
участок.",Градостроительный кодекс Российской Федерации.pdf,161
Что такое мошенничество при получении выплат согласно статье 159.2 УК РФ?,"Мелкое хищение чужого имущества, стоимость которого не превышает одну тысячу рублей, путем 
кражи, мошенничества, присвоения или растраты при отсутствии признаков преступлений, 
предусмотренных частями второй, третьей и четвертой статьи 158, статьей 158.1, частями второй, третьей и 
четвертой статьи 159, частями второй, третьей и четвертой статьи 159.1, частями второй, третьей и 
четвертой статьи 159.2, частями второй, третьей и четвертой статьи 159.3, частями второй, третьей и 
четвертой статьи 159.5, частями второй, третьей и четвертой статьи 159.6 и частями второй и третьей статьи 
160 Уголовного кодекса Российской Федерации, за исключением случаев, предусмотренных 
статьей 14.15.3 настоящего Кодекса,- 
влечет наложение административного штрафа в размере до пятикратной стоимости похищенного 
имущества, но не менее одной тысячи рублей, либо административный арест на срок до пятнадцати суток, 
либо обязательные работы на срок до пятидесяти часов.",Административный кодекс Российской Федерации.pdf,89
Как определяется плановое положение подземных сетей на застроенной территории согласно СНиП 3.01.03-84?,"Плановое положение всех подземных сетей и относящихся к ним сооружений
может быть определено:
на застроенной территории от твердых точек капитальной застройки, от пунктов
геодезической или разбивочной сети и съемочного обоснования, от точек специально
проложенных теодолитных ходов;
на незастроенной территории от точек съемочного обоснования, пунктов
геодезической сети или от точек специально проложенных теодолитных ходов.",Data1_11_11285_index.pdf,64
Как устанавливается порядок организации работ и распределение средств в ГОСТ МДС 11-11.2000?,"Утверждено
постановлением Госстроя России
от 11.11.98 № 13
П О Л О Ж Е Н И Е
О ПРОВЕДЕНИИ ЭКСПЕРТИЗЫ
ЭКОНОМИЧЕСКОГО ОБОСНОВАНИЯ
ТАРИФОВ НА ТОВАРЫ, РАБОТЫ И УСЛУГИ, УЧИТЫВАЕМЫХ
В ОПЛАТЕ ЖИЛЬЯ И КОММУНАЛЬНЫХ УСЛУГ
МДС 13-13.2000
МОСКВА 2001
1.",Data1_10_10863_index.pdf,1
Какие виды ремонта должен выполнять отправитель плотов?,"Комментарии к статьям на сайте 
https://jkodeksrf.ru/ 
 
 
 
 
предусмотренный региональной программой капитального ремонта, и при этом в соответствии с порядком 
установления необходимости проведения капитального ремонта общего имущества в многоквартирном 
доме требуется оказание какого-либо вида услуг и (или) выполнение какого-либо вида работ, 
предусмотренных для этого многоквартирного дома региональной программой капитального ремонта, 
орган местного самоуправления в течение одного месяца со дня получения соответствующего 
уведомления принимает решение о формировании фонда капитального ремонта на счете регионального 
оператора и направляет такое решение владельцу специального счета.",Жилищный кодекс Российской Федерации.pdf,181
Что означает знак 5.15.6?,"Желтый фон на знаках 1.8, 1.15, 1.16, 1.18-1.21, 1.33, 2.6, 3.11-3.16, 3.18.1-3.25, 
установленных в местах производства дорожных работ, означает, что эти знаки являются 
временными.",ПДД Российской Федерации.pdf,50
Как проводится закрепление грунтов способом газовой силикатизации?,"Та бл и ц а  8
Способ закрепления
Вид грунта
Коэффициент фильтрации,
м/сут
Радиус закрепления грунта,
м
Силикатизация двухрастворная
Пески разной крупности
5 - 10
10 - 20
20 - 50
50 - 80
0,3 - 0,4
0,4 - 0,6
0,6 - 0,8
0,8 - 1
Силикатизация однорастворная двухкомпонентная
То же
0,5 - 1
1 - 2
2 - 5
0,4 - 0,6
0,6 - 0,8
0,8 - 1
Силикатизация газовая
»
0,5 - 1
1 - 5
5 - 20
0,3 - 0,5
0,5 - 0,8
0,8 - 1
Силикатизация однорастворная однокомпонентная
Просадочный лессовый грунт
0,2 - 0,3
0,3 - 0,5
0,5 - 2
0,4 - 0,7
0,7 - 0,8
0,8 - 1,0
Смолизация однорастворная двухкомпонентная
Пески разной крупности
0,5 - 1
1 - 5
5 - 10
10 - 20
20 - 50
0,3 - 0,5
0,5 - 0,6
0,65 - 0,85
0,85 - 0,95
0,95 - 1
4.13.",Data1_11_11295_index.pdf,12
"Какие меры принуждения могут быть применены к лицам, нарушающим порядок в судебном заседании?","К лицам, нарушающим порядок в судебном заседании или не подчиняющимся законным 
распоряжениям председательствующего в судебном заседании, после устного замечания могут 
быть применены меры процессуального принуждения, предусмотренные настоящим Кодексом.",Кодекс административного судопроизводства Российской Федерации.pdf,85
Какие обязанности могут быть незаконно возложены на заявителя?,"Гражданин, организация, иные лица могут обратиться в суд с требованиями об 
оспаривании решений, действий (бездействия) органа государственной власти, органа местного 
самоуправления, иного органа, организации, наделенных отдельными государственными или 
иными публичными полномочиями (включая решения, действия (бездействие) квалификационной 
коллегии судей, экзаменационной комиссии), должностного лица, государственного или 
муниципального служащего (далее - орган, организация, лицо, наделенные государственными или 
иными публичными полномочиями), если полагают, что нарушены или оспорены их права, 
свободы и законные интересы, созданы препятствия к осуществлению их прав, свобод и 
реализации законных интересов или на них незаконно возложены какие-либо обязанности.",Кодекс административного судопроизводства Российской Федерации.pdf,116
Какие данные необходимы для определения потребности в воде и газе для коммунально-бытовых и промышленных нужд согласно ГОСТ МДС 11-7.2000?,"7 - 11 и соответствующим ГОСТам:
коэффициента фильтрации грунтов, зависимости времени гелеобразования от объемного соотношения компонентов
закрепляющих смесей при однорастворной силикатизации и смолизации песчаных грунтов, пробное закрепление песчаных и
просадочных лессовых грунтов с последующими определениями прочностных и деформационных характеристик закрепленных
грунтов (угла внутреннего трения, модуля общей деформации, временного сопротивления при одноосном сжатии, коэффициента
Пуассона) и водостойкости;
в) для закрепляемых водонасыщенных грунтов при необходимости определение направления и скорости грунтовых вод;
г) для просадочных грунтов дополнительно определяют следующие характеристики согласно прил.",Data1_11_11295_index.pdf,9
Какие объекты проектирования указаны в таблице 4 согласно СНиП?,"Буфет
-
1,07
1,07
1,07
1,07
1,07
1,10
1,10
1,10
Таблица 8 Сооружения для плавания и прыжков в воду
№ п/п
Наименование объекта проектирования
Единица
измерения
основного
показателя
объекта
Постоянные величины базовой цены
разработки проектной документации тыс.",Data1_11_11835_index.pdf,6
"Какие иные объекты, территории и зоны отображаются на картах?","Материалы по обоснованию схем территориального планирования Российской Федерации в виде карт 
отображают: 
1) местоположение существующих и строящихся объектов федерального значения в соответствующей 
области; 
2) границы субъектов Российской Федерации, муниципальных образований, на территориях которых 
планируется размещение объектов федерального значения в соответствующей области; 
3) объекты капитального строительства, иные объекты, территории, зоны, которые оказали влияние на 
определение планируемого размещения объектов федерального значения, в том числе: 
а) планируемые для размещения объекты регионального значения, объекты местного значения в 
соответствии с документами территориального планирования двух и более субъектов Российской 
Федерации, документами территориального планирования субъекта Российской Федерации, документами 
территориального планирования муниципальных образований; 
б) особые экономические зоны; 
в) особо охраняемые природные территории федерального, регионального, местного значения; 
г) территории объектов культурного наследия; 
д) зоны с особыми условиями использования территорий; 
е) территории, подверженные риску возникновения чрезвычайных ситуаций природного и техногенного 
характера; 
ж) иные объекты, иные территории и (или) зоны.",Градостроительный кодекс Российской Федерации.pdf,36
Какие права имеет юридическое лицо на доступ к материалам дела?,"Лица, участвующие в деле, имеют право знакомиться с материалами дела, делать выписки из них, 
снимать копии, заявлять отводы, представлять доказательства и участвовать в их исследовании, задавать 
вопросы другим лицам, участвующим в деле, свидетелям, экспертам и специалистам; заявлять 
ходатайства, в том числе об истребовании доказательств; давать объяснения суду в устной и письменной 
форме; приводить свои доводы по всем возникающим в ходе судебного разбирательства вопросам, 
возражать относительно ходатайств и доводов других лиц, участвующих в деле; получать судебные 
повестки и иные судебные извещения, а также судебные постановления и их копии на бумажном носителе 
или в электронном виде, в том числе в форме электронного документа; обжаловать судебные 
постановления и использовать предоставленные законодательством о гражданском судопроизводстве 
другие процессуальные права.",Гражданский процессуальный кодекс Российской Федерации.pdf,16
Какой методический подход к оценке оферт установлен в ГОСТ МДС 80-3.2000?,"ГОССТРОЙ РОССИИ
М Е Т О Д И Ч Е С К И Е  Р Е К О М Е Н Д А Ц И И
ПО РАЗРАБОТКЕ
ТЕХНИЧЕСКОЙ ЧАСТИ
ТЕНДЕРНОЙ ДОКУМЕНТАЦИИ
И ОФЕРТЫ ПРЕТЕНДЕНТА
МДС-80-8.2000
МОСКВА 2000
Методические 
рекомендации 
по 
разработке 
технической 
части 
тендерной 
документации
предназначены 
для 
всех 
субъектов 
инвестиционной 
деятельности: 
заказчиков 
(инвесторов),
организаторов торгов, тендерных комитетов всех уровней, подрядных и субподрядных организаций,
представленных в качестве претендентов и оферентов, консалтинговых, инженерно-консультационных,
финансовых, страховых и иных организаций, в том числе иностранных партнеров, участвующих в
подрядных торгах на территории Российской Федерации, а также университетов и институтов
повышения квалификации руководящих работников и специалистов организаций вне зависимости от
видов и форм собственности.",Data1_10_10865_index.pdf,1
"Что влечет нарушение порядка и (или) сроков передачи налогоплательщиками сведений о произведенных расчетах при реализации товаров (работ, услуг, имущественных прав)?","Нарушение налогоплательщиком установленных Федеральным законом от 27 ноября 2018 года N 422-ФЗ 
""О проведении эксперимента по установлению специального налогового режима ""Налог на 
профессиональный доход"" порядка и (или) сроков передачи в налоговый орган сведений о произведенном 
расчете, связанном с получением дохода от реализации товаров (работ, услуг, имущественных прав), 
являющегося объектом налогообложения налогом на профессиональный доход, 
влечет взыскание штрафа в размере 20 процентов от суммы такого расчета.",Налоговый кодекс Российской Федерации.pdf,365
Какие средства должны быть в портах для защиты окружающей среды?,"· В специализированных детских учреждениях организация среды обитания
должна быть направлена на предоставление возможности детям во время игры
получить необходимую для полноценного развития физическую нагрузку.",Data1_10_10847_index.pdf,3
Какие работы необходимо провести для ревизии и ремонта насосов согласно МДС 13-18.2000?,"ГОССТРОЙ РОССИИ
СОЮЗ РАБОТНИКОВ
ЖИЛИЩНО-КОММУНАЛЬНОГО ХОЗЯЙСТВА
РОССИИ
РЕКОМЕНДАЦИИ
ПО ПОДГОТОВКЕ ЖИЛИЩНОГО ФОНДА К ЗИМЕ
МДС 13-18.2000
Москва 2002
Рассмотрены основные вопросы, связанные с подготовкой к зиме зданий и систем их
инженерного обеспечения, а также других объектов жилищно-коммунального хозяйства
с учетом специфики их эксплуатации.",Data1_10_10852_index.pdf,1
Как устанавливается минимальный размер взноса на капитальный ремонт?,"Законом субъекта Российской Федерации устанавливается минимальный размер фондов капитального 
ремонта в отношении многоквартирных домов, собственники помещений в которых формируют указанные 
фонды на специальных счетах, который не может превышать пятьдесят процентов оценочной стоимости 
капитального ремонта многоквартирного дома, определенной в соответствии с методическими 
рекомендациями, утвержденными федеральным органом исполнительной власти, осуществляющим 
функции по выработке и реализации государственной политики и нормативно-правовому регулированию в 
сфере жилищно-коммунального хозяйства.",Жилищный кодекс Российской Федерации.pdf,157
Из каких источников формируются бюджетные ассигнования дорожного фонда субъекта Российской Федерации?,"Объем бюджетных ассигнований дорожного фонда субъекта Российской Федерации 
утверждается законом субъекта Российской Федерации о бюджете субъекта Российской Федерации 
на очередной финансовый год и плановый период в размере не менее прогнозируемого объема 
установленных законом субъекта Российской Федерации, указанным в абзаце первом настоящего 
пункта: 
доходов бюджета субъекта Российской Федерации от акцизов на автомобильный бензин, 
прямогонный бензин, дизельное топливо, моторные масла для дизельных и (или) карбюраторных 
(инжекторных) двигателей, производимые на территории Российской Федерации, подлежащих 
зачислению в бюджет субъекта Российской Федерации; 
доходов бюджета субъекта Российской Федерации от транспортного налога (за 
исключением доходов, установленных законом субъекта Российской Федерации в виде единых 
нормативов отчислений от транспортного налога в местные бюджеты); 
доходов бюджета субъекта Российской Федерации от денежных взысканий (штрафов) за 
нарушение законодательства Российской Федерации о безопасности дорожного движения; 
доходов бюджета субъекта Российской Федерации от иных поступлений в бюджет субъекта 
Российской 
Федерации, 
утвержденных 
законом 
субъекта 
Российской 
Федерации, 
предусматривающим создание дорожного фонда субъекта Российской Федерации; 
межбюджетных трансфертов из федерального бюджета бюджетам субъектов Российской 
Федерации.",Бюджетный кодекс Российской Федерации.pdf,289
Что подразумевается под возвращенным жертвователю денежным эквивалентом недвижимого имущества и ценных бумаг?,"Оценка стоимости указанной в настоящем пункте продукции 
производится в соответствии с порядком оценки остатков готовой продукции, установленным статьей 319 
настоящего Кодекса; 
22) в виде сумм корректировки прибыли налогоплательщика вследствие применения методов определения 
для целей налогообложения соответствия цен, примененных в сделках, рыночным ценам (рентабельности), 
предусмотренным статьями 105.12 и 105.13 настоящего Кодекса; 
23) в виде возвращенного жертвователю или его правопреемникам денежного эквивалента недвижимого 
имущества и (или) ценных бумаг, переданных на пополнение целевого капитала некоммерческой 
организации в порядке, установленном Федеральным законом от 30 декабря 2006 года N 275-ФЗ ""О 
порядке формирования и использования целевого капитала некоммерческих организаций"", за вычетом 
следующих сумм: 
стоимость (остаточная стоимость) недвижимого имущества, по которой оно было учтено в налоговом учете 
жертвователя на дату передачи такого имущества на пополнение целевого капитала некоммерческой 
организации в порядке, установленном Федеральным законом от 30 декабря 2006 года N 275-ФЗ ""О 
порядке формирования и использования целевого капитала некоммерческих организаций"", - при возврате 
денежного эквивалента недвижимого имущества; 
стоимость, по которой ценные бумаги были учтены в налоговом учете жертвователя на дату их передачи на 
пополнение целевого капитала некоммерческой организации в порядке, установленном Федеральным 
законом от 30 декабря 2006 года N 275-ФЗ ""О порядке формирования и использования целевого капитала 
некоммерческих организаций"", - при возврате денежного эквивалента ценных бумаг; 
24) в виде разницы между суммой налоговых вычетов из сумм акциза, начисленных при совершении 
операций, указанных в подпунктах 21, 23 - 34, 39, 40 пункта 1 статьи 182 настоящего Кодекса, и указанных 
сумм акциза; 
25) в виде прибыли контролируемой иностранной компании, определяемой в соответствии с настоящим 
Кодексом, - для организаций, признаваемых в соответствии с настоящим Кодексом контролирующими 
лицами этой иностранной компании; 
26) в виде денежных средств, причитающихся к получению налогоплательщиком - обладателем цифровых 
финансовых активов и (или) цифровых прав, включающих одновременно цифровые финансовые активы и 
утилитарные цифровые права, в соответствии с обязательствами, предусмотренными решением о выпуске 
этих цифровых финансовых активов и (или) цифровых прав, не связанными с выкупом у налогоплательщика 
этих цифровых финансовых активов и (или) цифровых прав; 
27) в виде сумм налога на добавленную стоимость, заявленного к вычету в соответствии с главой 21 
настоящего Кодекса в результате выкупа цифрового права, включающего одновременно цифровой 
финансовый актив и утилитарное цифровое право, в случае, если указанное цифровое право было 
приобретено налогоплательщиком не у лица, выпустившего указанное цифровое право.",Налоговый кодекс Российской Федерации.pdf,912
Какие обосновывающие документы требуются для расчета командировочных расходов согласно ГОСТ МДС 81-7.2000?,"МИНСТРОЙ РОССИИ
МЕТОДИЧЕСКИЕ РЕКОМЕНДАЦИИ
ПО ФОРМИРОВАНИЮ УКРУПНЕННЫХ ПОКАЗАТЕЛЕЙ БАЗОВОЙ СТОИМОСТИ
НА ВИДЫ РАБОТ И ПОРЯДКУ ИХ ПРИМЕНЕНИЯ
ДЛЯ СОСТАВЛЕНИЯ ИНВЕСТОРСКИХ СМЕТ
И ПРЕДЛОЖЕНИЙ ПОДРЯДЧИКА
(УПБС ВР)
МДС 81-18.2000
МОСКВА 1994
СОДЕРЖАНИЕ
1.",Data1_2_2079_index.pdf,1
Как корректируются показатели затрат труда пусконаладочного персонала?,"Показатели затрат труда пусконаладочного персонала не корректируются в связи с
изменением квалификационного и количественного состава исполнителей на конкретном
объекте.",Data1_10_10864_index.pdf,8
Какова процедура назначения членов предварительной квалификационной комиссии согласно ГОСТ МДС 80-5.2000?,"Иногда целесообразно при тендерном комитете создавать небольшой оперативно работающий коллектив в
виде предварительной квалификационной комиссии, которая утверждается тендерным комитетом из числа его
членов в количестве не менее 3 чел.",Data1_10_10867_index.pdf,2
Какие требования предъявляются к работе стеклоочистителей?,К нему же предъявляются требования о возмещении вреда.,Гражданский кодекс Российской Федерации.pdf,437
Какие ГОСТы или СНиПы определяют составление сметной документации в текущих ценах?,"При определении стоимости строительства в сметной документации подрядных организаций помимо базовых цен,
единых для заказчиков и подрядчиков, могут использоваться цены в текущем или прогнозном уровне, определяемые на
основе фирменных сметных норм (ФСН) подрядных организаций.",Data1_2_2117_index.pdf,4
Что происходит в случае нарушения требований к инвестиционному соглашению?,"Стороны обязательства, действуя при осуществлении ими предпринимательской деятельности, могут 
своим соглашением предусмотреть обязанность одной стороны возместить имущественные потери другой 
стороны, возникшие в случае наступления определенных в таком соглашении обстоятельств и не 
связанные с нарушением обязательства его стороной (потери, вызванные невозможностью исполнения 
обязательства, предъявлением требований третьими лицами или органами государственной власти к 
стороне или к третьему лицу, указанному в соглашении, и т.п.).",Гражданский кодекс Российской Федерации.pdf,218
Какая форма используется для предоставления информации о выплатах из средств компенсационного фонда?,"Комментарии к статьям на сайте
https://nkodeksrf.ru/
14) денежные средства, полученные некоммерческими организациями - собственниками целевого 
капитала от управляющих компаний, осуществляющих доверительное управление имуществом, 
составляющим целевой капитал, в соответствии с Федеральным законом ""О порядке формирования и 
использования целевого капитала некоммерческих организаций""; 
15) денежные средства, полученные некоммерческими организациями от специализированных 
организаций управления целевым капиталом в соответствии с Федеральным законом ""О порядке 
формирования и использования целевого капитала некоммерческих организаций""; 
16) имущественные права в виде права безвозмездного пользования имуществом, полученные 
некоммерческими организациями на ведение ими уставной деятельности; 
17) средства, которые получены профессиональным объединением страховщиков, созданным в 
соответствии с Федеральным законом от 14 июня 2012 года N 67-ФЗ ""Об обязательном страховании 
гражданской ответственности перевозчика за причинение вреда жизни, здоровью, имуществу пассажиров и 
о порядке возмещения такого вреда, причиненного при перевозках пассажиров метрополитеном"": 
для финансирования компенсационных выплат, предусмотренных указанным Федеральным законом; 
для компенсации недостающей части активов при передаче страхового портфеля; 
в соответствии с указанным Федеральным законом в виде сумм возмещения компенсационных выплат и 
расходов, понесенных в связи с рассмотрением требований потерпевших о компенсационных выплатах; 
17.1) средства, которые получены профессиональным объединением страховщиков, созданным в 
соответствии с Федеральным законом от 27 июля 2010 года N 225-ФЗ ""Об обязательном страховании 
гражданской ответственности владельца опасного объекта за причинение вреда в результате аварии на 
опасном объекте"": 
для осуществления компенсационных выплат, предусмотренных указанным Федеральным законом; 
для компенсации недостающей части активов при передаче страхового портфеля; 
в соответствии с указанным Федеральным законом в виде сумм возмещения компенсационных выплат и 
расходов, понесенных в связи с рассмотрением требований потерпевших о компенсационных выплатах; 
18) средства, которые получены объединением туроператоров в сфере выездного туризма, созданным в 
соответствии с Федеральным законом от 24 ноября 1996 года N 132-ФЗ ""Об основах туристской 
деятельности в Российской Федерации"", в виде взносов, перечисленных в резервный фонд объединения 
туроператоров в сфере выездного туризма и фонды персональной ответственности туроператоров в сфере 
выездного туризма, предназначенные для финансирования предусмотренных указанным Федеральным 
законом расходов на оказание экстренной помощи туристам и на возмещение реального ущерба туристам, 
возникшего в результате неисполнения туроператором обязательств по договору о реализации туристского 
продукта в сфере выездного туризма; 
19) средства, которые получены объединением страховщиков, созданным в соответствии с Федеральным 
законом от 25 июля 2011 года N 260-ФЗ ""О государственной поддержке в сфере сельскохозяйственного 
страхования и о внесении изменений в Федеральный закон ""О развитии сельского хозяйства"", и 
предназначены для формирования фонда компенсационных выплат и осуществления компенсационных 
выплат, предусмотренных указанным Федеральным законом;",Налоговый кодекс Российской Федерации.pdf,932
Какова сметная стоимость стекла матового полированного витринного по ГОСТ МДС 81-10.2000?,"Сметная прибыль (графы 2 и 3) рассчитывается по нормам по видам работ в
соответствии с Методическими указаниями по определению величины сметной
прибыли в строительстве (МДС 81-25.2001).",Data1_10_10754_index.pdf,18
Какие документы подтверждают полномочия ответственного участника?,"Комментарии к статьям на сайте
https://nkodeksrf.ru/
2) подписанные уполномоченными лицами участников консолидированной группы налогоплательщиков 
два экземпляра соглашения об изменении договора; 
3) документы, подтверждающие полномочия лиц, подписавших соглашение о внесении изменений в 
договор; 
4) документы, подтверждающие выполнение условий, предусмотренных статьей 25.2 настоящего Кодекса, с 
учетом внесенных изменений в договор; 
5) два экземпляра решения о продлении срока действия договора.",Налоговый кодекс Российской Федерации.pdf,49
"Какие штрафы предусмотрены для должностных лиц за нарушения, предусмотренные частью 1 статьи 6.34?","Нарушение должностным лицом заказчика, должностным лицом уполномоченного органа, 
должностным лицом уполномоченного учреждения, специализированной организацией сроков 
размещения в единой информационной системе в сфере закупок товаров, работ, услуг для обеспечения 
государственных и муниципальных нужд (далее - единая информационная система в сфере закупок) 
информации и документов, размещение которых предусмотрено законодательством Российской 
Федерации о контрактной системе в сфере закупок, при проведении конкурса, аукциона, за исключением 
случаев, предусмотренных частями 1.2 и 1.3 настоящей статьи, не более чем на два рабочих дня - 
влечет наложение административного штрафа на должностных лиц в размере пяти тысяч рублей; на 
юридических лиц - пятнадцати тысяч рублей.",Административный кодекс Российской Федерации.pdf,93
Какие требования предъявляет ПН-5-95 к состоянию дымоходов и вентиляционных каналов?,"6
Входные двери и подъезды, оконные заполнения на лестничных
клетках и в квартирах (дата и номер акта сдачи)
 
 
7
Доводчики на входных дверях и лестничных клетках и
запирающие устройства (дата и номер акта сдачи)
 
 
8
Техподполье, подвальные помещения, состояние продухов,
установка регулируемых решеток, изоляция трубопроводов
Входные двери и другие работы по приведению в соответствие с
требованиями «Правил безопасности в газовом хозяйстве» (дата
и номер акта сдачи), ограждения приямков в подвалах и ЦТП
 
 
9
Внутридомовая система отопления (указать дату и номер акта
сдачи теплоснабжающей организации)
 
 
10
Помещение и оборудование местного теплового узла
 
 
11
Централизованный источник теплоснабжения (ЦТП, газ и
угольная котельная)
 
 
12
Местные источники отопления (печи, АГВ, ВНИИСТО и др.)
 
 
13
Водопроводно-канализационная 
система 
(исправность,
утепленность, дата и номер акта сдачи)
 
 
14
Электрохозяйство (дата и номер акта сдачи)
 
 
15
Дымоходы, вентиляционные каналы (дата и номер акта)
 
 
16
Отмостки.",Data1_10_10852_index.pdf,37
"Как определяется методика расчета стоимости строительства в валюте страны строительства в разделе 4 документа, регламентированного ГОСТом МДС 81-21.2000?","Государственный комитет     
  Российской Федерации           
по вопросам архитектуры        
       и строительства                       
     (Госстрой России)
 
Министерство внешних
    экономических связей
Российской Федерации
        (МВЭС России)
 
 
 
ПОРЯДОК
ОПРЕДЕЛЕНИЯ РАСЧЕТНОЙ СТОИМОСТИ СТРОИТЕЛЬСТВА
И РАСЧЕТНЫХ ЗАТРАТ В СОСТАВЕ ТЕХНИКО-ЭКОНОМИЧЕСКИХ
ОБОСНОВАНИЙ И ТЕХНИКО-ЭКОНОМИЧЕСКИХ ПРЕДЛОЖЕНИЙ
ПО СТРОИТЕЛЬСТВУ ОБЪЕКТОВ ЗА ГРАНИЦЕЙ
ПРИ УЧАСТИИ ОРГАНИЗАЦИЙ
РОССИЙСКОЙ ФЕДЕРАЦИИ
МДС 81-21.2000
Москва 1993
“Порядок определения расчетной стоимости строительства и расчетных затрат в составе технико-экономических обоснований и технико-
экономических предложений по строительству объектов за границей при участии организаций Российской Федерации“   разработан
Внешнеэкономическим объединением “Стройкомплектэкспорт” Министерства внешних экономических связей Российской Федерации (МВЭС
России) и представлен для введения в действие Главным управлением ценообразования, сметных норм и расхода строительных материалов
(Главценооразованием) Госстроя России и Главным управлением инвестиций и технического содействия МВЭС России.",Data1_2_2069_index.pdf,1
"На какой основе осуществляются перевозки грузов, пассажиров и их багажа, буксировка судов и плавучих объектов, погрузка и выгрузка грузов, оказание услуг в речных портах?","Комментарии к статьям на сайте 
https://tkeaes.ru/ 
 
 
 
весе брутто товаров (в килограммах) либо объеме товаров (в кубических метрах); 
наличии (отсутствии) товаров, ввоз которых на таможенную территорию Союза запрещен 
или ограничен; 
месте и дате составления международной товаротранспортной накладной; 
идентификационных номерах контейнеров; 
2) при международной перевозке водным транспортом: 
общая декларация; 
декларация о грузе; 
декларация о судовых припасах; 
декларация о личных вещах экипажа судна; 
судовая роль; 
список пассажиров; 
транспортные (перевозочные) документы, если сведения о товаре, предусмотренные 
настоящим подпунктом, не содержатся в декларации о грузе; 
документы, сопровождающие международные почтовые отправления при их перевозке, 
определенные актами Всемирного почтового союза; 
сведения о: 
регистрации судна и его национальной принадлежности; 
судне (наименование и описание); 
капитане судна (фамилия); 
судовом агенте (фамилия и адрес); 
пассажирах на судне (количество, фамилии, имена, гражданство (подданство), даты и места 
рождения, порты посадки и высадки); 
количестве и составе членов экипажа судна; 
порте отправления и порте захода судна (наименования); 
количестве грузовых мест, их маркировке и видах упаковок товаров; 
товарах (наименования, общее количество и описание); 
порте погрузки и порте выгрузки товаров (наименования); 
номерах транспортных (перевозочных) документов на товары, подлежащие выгрузке в 
данном порту; 
портах выгрузки остающихся на борту товаров (наименования); 
первоначальных портах отправления товаров (наименования); 
судовых припасах, имеющихся на судне (наименования и количество); 
наличии (отсутствии) на борту судна международных почтовых отправлений; 
наличии (отсутствии) на борту судна лекарственных средств, в составе которых содержатся 
наркотические, сильнодействующие средства, психотропные и ядовитые вещества; 
наличии (отсутствии) на борту судна опасных товаров, включая оружие, боеприпасы; 
идентификационных номерах контейнеров; 
3) при международной перевозке воздушным транспортом: 
стандартный документ перевозчика, предусмотренный международными договорами в 
области гражданской авиации (генеральная декларация); 
документ, содержащий сведения о перевозимых на борту воздушного судна товарах 
(грузовая ведомость); 
документ, содержащий сведения о бортовых припасах; 
транспортные (перевозочные) документы;",Таможенный кодекс Евразийского экономического союза.pdf,94
Какие коэффициенты применяются к базовой цене проектирования театров для двух или более трупп согласно СНиП?,"4 При проектировании объектов, состоящих из многократно (более 3-х раз) повторяющихся секций или корпусов, базовая цена
устанавливается с применением поправочных коэффициентов к стоимости работ по повторяющимся секциям (корпусам) в
соответствии с п.",Data1_11_11835_index.pdf,3
Кто осуществляет государственное регулирование деятельности в области государственной авиации?,"Государственное регулирование деятельности в области авиации 
Статья 20.",Воздушный кодекс Российской Федерации.pdf,7
"Как можно подать исковое заявление, заявление, жалобу, представление и иные документы в арбитражный суд?","Исковое заявление, заявление, жалоба, представление и иные документы могут быть поданы в суд на 
бумажном носителе или в электронном виде, в том числе в форме электронного документа.",Гражданский процессуальный кодекс Российской Федерации.pdf,1
Какие организации разработали этот документ? (ГОСТ),"Помимо краткости изложения и полноты содержания, ППГР должен быть
наглядно оформлен, иметь штамп с указанием реквизитов организации, разработавшей
ППГР, и штампы согласований с организациями заказчиков.",Data1_11_11285_index.pdf,5
"В какие сроки лицо, лишенное специального права, должно сдать документы?","Управление автомобилем, трамваем либо другим механическим транспортным средством лицом, 
лишенным права управления транспортными средствами и подвергнутым административному наказанию 
за деяние, предусмотренное частью 4 статьи 12.7 Кодекса Российской Федерации об административных 
правонарушениях, - 
наказывается штрафом в размере от ста пятидесяти тысяч до двухсот пятидесяти тысяч рублей или в 
размере заработной платы или иного дохода осужденного за период от одного года до двух лет с 
лишением права занимать определенные должности или заниматься определенной деятельностью на 
срок до двух лет, либо обязательными работами на срок до трехсот шестидесяти часов с лишением права 
занимать определенные должности или заниматься определенной деятельностью на срок до двух лет, 
либо принудительными работами на срок до одного года с лишением права занимать определенные 
должности или заниматься определенной деятельностью на срок до двух лет, либо лишением свободы на 
срок до одного года с лишением права занимать определенные должности или заниматься определенной 
деятельностью на срок до двух лет.",Уголовный кодекс Российской Федерации.pdf,210
В каких условиях применяется метод триангуляции согласно СНиП 3.01.03-84?,"СНиП II-22-81,
СНиП 2.03.01-84*
Деформация конструкций,
отклонение конструкции от
вертикали или осадка
конструкции
Не допускается.",Data1_10_10861_index.pdf,17
"Какие значения для панели зданий до 3,5 м указаны в графиках относительных погрешностей согласно СНиП 3.01.03-84?","5 мг/м3 пыли, дыма и
копоти
Агломерационные фабрики, цементные
заводы и обрубные отделения литейных
цехов
2,0
1,8
1,7
1,5
4
б) от 1 до 5 мг/м3 пыли, дыма
и копоти
Цехи 
кузнечные, 
литейные,
мартеновские, сборного железобетона
1,8
1,6
1,5
1,4
3
в) менее 1 мг/м3 пыли, дыма и
копоти
Цехи инструментальные, сборочные,
механические, 
механосборочные,
пошивочные
1,6
1,5
1,4
1,3
2
г) значительные концентрации
паров, кислот, щелочей, газов,
способных при соприкосновении
с влагой образовывать слабые
растворы 
кислот, 
щелочей, 
а
также 
обладающих 
большой
корродирующей способностью
Цехи химических заводов по выработке
кислот, щелочей, едких химических
реактивов, ядохимикатов, удобрений,
цехи 
гальванических 
покрытий 
и
различных отраслей промышленности с
применением электролиза
2,0
1,8
1,7
1,5
3
П р и м е ч а н и е  - При применении узорчатого стекла значения коэффициента запаса следует умножать на 1,1.",Data1_10_10846_index.pdf,33
Какие обязанности управляющего проектом описаны в ГОСТ МДС 80-2.2000?,"ГОССТРОЙ РОССИИ
М Е Т О Д И Ч Е С К И Е  Р Е К О М Е Н Д А Ц И И
ПО РАЗРАБОТКЕ
ТЕХНИЧЕСКОЙ ЧАСТИ
ТЕНДЕРНОЙ ДОКУМЕНТАЦИИ
И ОФЕРТЫ ПРЕТЕНДЕНТА
МДС-80-8.2000
МОСКВА 2000
Методические 
рекомендации 
по 
разработке 
технической 
части 
тендерной 
документации
предназначены 
для 
всех 
субъектов 
инвестиционной 
деятельности: 
заказчиков 
(инвесторов),
организаторов торгов, тендерных комитетов всех уровней, подрядных и субподрядных организаций,
представленных в качестве претендентов и оферентов, консалтинговых, инженерно-консультационных,
финансовых, страховых и иных организаций, в том числе иностранных партнеров, участвующих в
подрядных торгах на территории Российской Федерации, а также университетов и институтов
повышения квалификации руководящих работников и специалистов организаций вне зависимости от
видов и форм собственности.",Data1_10_10865_index.pdf,1
Какие действия должен выполнить ответственный за безопасную эксплуатацию котельной согласно ГОСТ МДС 13-18.2000?,"В случаях, когда увольняется и вновь принимается на работу весь рабочий персонал котельной, дублирование на
рабочем месте может быть заменено противоаварийной и противопожарной тренировкой длительностью не менее 2
смен (дней), проводимой ответственным за безопасную эксплуатацию котельной (района тепловой сети) по
программе, утвержденной руководителем организации специально для рассматриваемого случая.",Data1_10_10862_index.pdf,3
Какие органы исполнительной власти субъектов Российской Федерации осуществляют региональный государственный надзор в области технического состояния самоходных машин и других видов техники?,"Органы исполнительной власти субъектов Российской Федерации, 
осуществляющие региональный государственный надзор в области технического 
состояния самоходных машин и других видов техники 
1.",Административный кодекс Российской Федерации.pdf,481
Как уплачиваются взносы на капитальный ремонт собственниками нежилых помещений?,"Взносы на капитальный ремонт уплачиваются собственниками жилых помещений на основании 
платежного документа, предоставляемого в порядке и на условиях, которые установлены частью 2 статьи 
155 настоящего Кодекса, если иные порядок и условия не определены решением общего собрания 
собственников помещений в многоквартирном доме.",Жилищный кодекс Российской Федерации.pdf,158
Какие показатели электроснабжения и электрооборудования указаны для фабрики массовой печати кинофильмов мощностью 150 млн. м пленки в год согласно СНиП?,"4
от 180 до 250
П
2,8
2,5
12,5
10,8
1,0
4,1
1,7
0,5
4,0
1,0
20,6
5,5
7,3
Р
-
1,2
14,8
10,8
1,2
6,0
3,9
-
2,3
-
26,8
6,9
6,8
РД
0,8
1,4
15,3
10,3
1,1
5,7
3,6
0,1
2,5
0,3
24,8
6,6
7,0
Фабрика массовой
печати
кинофильмов
мощностью, 
150
млн.",Data1_11_11835_index.pdf,27
"Какие объекты относятся к объектам, указанным в пункте 5.1 статьи 6 настоящего Кодекса?","К полномочиям органов местного самоуправления муниципальных районов в области 
градостроительной деятельности относятся: 
1) подготовка и утверждение документов территориального планирования муниципальных районов; 
2) утверждение местных нормативов градостроительного проектирования муниципальных районов; 
3) утверждение правил землепользования и застройки соответствующих межселенных территорий; 
4) утверждение документации по планировке территории в случаях, предусмотренных настоящим 
Кодексом; 
5) выдача разрешений на строительство, разрешений на ввод объектов в эксплуатацию при осуществлении 
строительства, реконструкции объектов капитального строительства, расположенных на соответствующих 
межселенных территориях; 
5.1) направление уведомлений, предусмотренных пунктом 2 части 7, пунктом 3 части 8 статьи 51.1 и 
пунктом 5 части 19 статьи 55 настоящего Кодекса, при осуществлении строительства, реконструкции 
объектов индивидуального жилищного строительства, садовых домов на земельных участках, 
расположенных на соответствующих межселенных территориях; 
6) ведение государственных информационных систем обеспечения градостроительной деятельности в 
части, касающейся осуществления градостроительной деятельности на территориях муниципальных 
районов, и предоставление сведений, документов и материалов, содержащихся в государственных 
информационных системах обеспечения градостроительной деятельности; 
7) принятие решения о сносе самовольной постройки либо решения о сносе самовольной постройки или 
ее приведении в соответствие с установленными требованиями в случаях, предусмотренных гражданским 
законодательством, осуществление сноса самовольной постройки или ее приведения в соответствие с 
установленными требованиями в случаях, предусмотренных настоящим Кодексом.",Градостроительный кодекс Российской Федерации.pdf,26
"Какие страны, кроме Афганистана, упоминаются в тексте?","Комментарии к статьям на сайте
https://nkodeksrf.ru/
предоставляется супругам погибших военнослужащих и государственных служащих, если они не вступили в 
повторный брак; 
граждан, уволенных с военной службы или призывавшихся на военные сборы, выполнявших 
интернациональный долг в Республике Афганистан и других странах, в которых велись боевые действия, а 
также граждан, принимавших участие в соответствии с решениями органов государственной власти 
Российской Федерации в боевых действиях на территории Российской Федерации; 
3) утратил силу с 1 января 2012 г.; 
4) налоговый вычет за каждый месяц налогового периода распространяется на родителя, супруга (супругу) 
родителя, усыновителя, на обеспечении которых находится ребенок, в следующих размерах: 
1 400 рублей - на первого ребенка; 
1 400 рублей - на второго ребенка; 
3 000 рублей - на третьего и каждого последующего ребенка; 
12 000 рублей - на каждого ребенка в случае, если ребенок в возрасте до 18 лет является ребенком-
инвалидом, или учащегося очной формы обучения, аспиранта, ординатора, интерна, студента в возрасте до 
24 лет, если он является инвалидом I или II группы; 
налоговый вычет за каждый месяц налогового периода распространяется на опекуна, попечителя, 
приемного родителя, супруга (супругу) приемного родителя, на обеспечении которых находится ребенок, в 
следующих размерах: 
1 400 рублей - на первого ребенка; 
1 400 рублей - на второго ребенка; 
3 000 рублей - на третьего и каждого последующего ребенка; 
6 000 рублей - на каждого ребенка в случае, если ребенок в возрасте до 18 лет является ребенком-
инвалидом, или учащегося очной формы обучения, аспиранта, ординатора, интерна, студента в возрасте до 
24 лет, если он является инвалидом I или II группы.",Налоговый кодекс Российской Федерации.pdf,833
Какой коэффициент-дефлятор применяется к налоговой ставке на антрацит?,"В случаях, если по состоянию на 1 января 2024 года налогоплательщик не завершил добычу 
кондиционных руд черных металлов на участке недр, на котором применялся коэффициент, установленный 
подпунктом 1 пункта 1 настоящей статьи, либо если налогоплательщик самостоятельно отказался от 
применения коэффициента, установленного подпунктом 1 пункта 1 настоящей статьи, сумма налога, 
исчисленная по этим рудам, подлежит перерасчету исходя из коэффициента 
, установленного 
подпунктом 2 пункта 1 настоящей статьи, начиная с того налогового периода, в котором впервые был 
применен коэффициент 
, установленный подпунктом 1 пункта 1 настоящей статьи, и уплате в 
бюджет с применением ставки пени, равной одной трехсотой действующей в этот период ставки 
рефинансирования Центрального банка Российской Федерации.",Налоговый кодекс Российской Федерации.pdf,1400
Что такое хранение вещей с обезличением по статье 890 ГК РФ?,"Если договором хранения ценностей в банке с предоставлением клиенту индивидуального банковского 
сейфа не предусмотрено иное, банк освобождается от ответственности за несохранность содержимого 
сейфа, если докажет, что по условиям хранения доступ кого-либо к сейфу без ведома клиента был 
невозможен либо стал возможным вследствие непреодолимой силы.",Гражданский кодекс Российской Федерации.pdf,380
Какие расходы включаются в подпункте 1 пункта 1 статьи 44?,"Комментарии к статьям на сайте
https://nkodeksrf.ru/
Социальные налоговые вычеты, предусмотренные подпунктами 2 - 7 пункта 1 настоящей статьи (за 
исключением вычетов в размере расходов на обучение детей налогоплательщика, указанных в подпункте 2 
пункта 1 настоящей статьи, и расходов на дорогостоящее лечение, указанных в подпункте 3 пункта 1 
настоящей статьи), предоставляются в размере фактически произведенных расходов, но в совокупности не 
более 120 000 рублей за налоговый период.",Налоговый кодекс Российской Федерации.pdf,841
На какие транспортные средства устанавливаются проблесковые маячки желтого или оранжевого цвета?,"Проблесковый маячок желтого или оранжевого цвета должен быть включен на 
транспортных средствах в следующих случаях: 
выполнение работ по строительству, ремонту или содержанию дорог, погрузке 
поврежденных, неисправных и перемещаемых транспортных средств; 
движение крупногабаритных транспортных средств, а также перевозка взрывчатых, 
легковоспламеняющихся, радиоактивных веществ и ядовитых веществ высокой степени опасности; 
сопровождение тяжеловесных и (или) крупногабаритных транспортных средств, а также 
транспортных средств, осуществляющих перевозки опасных грузов; 
сопровождение организованных групп велосипедистов при проведении тренировочных 
мероприятий на автомобильных дорогах общего пользования; 
организованная перевозка группы детей.",ПДД Российской Федерации.pdf,11
"В каких случаях протокол об административном правонарушении не составляется, а постановление выносится без участия лица, в отношении которого возбуждено дело?","В случае выявления административного правонарушения, предусмотренного главой 12 настоящего 
Кодекса, или административного правонарушения в области благоустройства территории, 
предусмотренного законом субъекта Российской Федерации, совершенных с использованием 
транспортного средства либо собственником или иным владельцем земельного участка либо другого 
объекта недвижимости, зафиксированных с применением работающих в автоматическом режиме 
специальных технических средств, имеющих функции фото- и киносъемки, видеозаписи, или средств фото- 
и киносъемки, видеозаписи, либо в случае подтверждения в соответствии с частью 2 статьи 2.6.1 
настоящего Кодекса содержащихся в сообщении или заявлении собственника (владельца) транспортного 
средства данных о том, что в момент фиксации административного правонарушения транспортное 
средство находилось во владении или в пользовании другого лица, протокол об административном 
правонарушении не составляется, а постановление по делу об административном правонарушении 
выносится без участия лица, в отношении которого возбуждено дело об административном 
правонарушении, и оформляется в порядке, предусмотренном статьей 29.10 настоящего Кодекса.",Административный кодекс Российской Федерации.pdf,567
"Кто принимает окончательное решение в случае разногласий между заказчиком проекта, генпроектировщиком объекта и органами, выдающими технические условия и участвующими в согласовании задания?","Состав и требования к содержанию разделов проектной документации, представляемой на экспертизу 
проектной документации и в органы государственного строительного надзора, устанавливаются 
Правительством Российской Федерации и дифференцируются применительно к различным видам 
объектов капитального строительства (в том числе к линейным объектам), а также в зависимости от 
назначения объектов капитального строительства, видов работ (строительство, реконструкция, 
капитальный ремонт объектов капитального строительства), их содержания, источников финансирования 
работ и выделения отдельных этапов строительства, реконструкции в соответствии с требованиями 
настоящей статьи и с учетом следующих особенностей: 
1) подготовка проектной документации осуществляется в объеме отдельных разделов применительно к 
различным видам объектов капитального строительства (в том числе к линейным объектам), а также на 
основании задания застройщика или технического заказчика на проектирование в зависимости от 
содержания работ, выполняемых при реконструкции объектов капитального строительства (в случае 
проведения реконструкции объекта капитального строительства); 
2) проект организации строительства объектов капитального строительства должен содержать проект 
организации работ по сносу объектов капитального строительства, их частей (в случае необходимости 
сноса объектов капитального строительства, их частей для строительства, реконструкции других объектов 
капитального строительства);",Градостроительный кодекс Российской Федерации.pdf,119
Каковы коэффициенты к минимальной заработной плате для нарушений категории «Б» согласно ГОСТ МДС 17-13.2000?,"Финансовые санкции устанавливаются в виде коэффициентов к размеру минимальной
заработной платы (МЗП), действующему на момент их применения.",Data1_10_10861_index.pdf,36
Кто обязан представлять подлинники решений и протокола общего собрания в орган государственного жилищного надзора?,"В случае принятия общим собранием собственников помещений в многоквартирном доме решения об 
изменении способа управления многоквартирным домом жилищным кооперативом в течение пяти 
рабочих дней со дня принятия этого решения жилищным кооперативом представляются в орган 
государственного жилищного надзора сведения о прекращении управления многоквартирным домом 
жилищным кооперативом в порядке, установленном федеральным органом исполнительной власти, 
осуществляющим функции по выработке и реализации государственной политики и нормативно-
правовому регулированию в сфере жилищно-коммунального хозяйства.",Жилищный кодекс Российской Федерации.pdf,90
"Какие должностные лица уполномочены рассматривать дела об административных правонарушениях, предусмотренных статьями 19.25, 21.1 - 21.7 настоящего Кодекса?","Комментарии к статьям на сайте 
https://koapkodeksrf.ru/ 
 
 
 
 
обращения лекарственных средств для ветеринарного применения), частью 2 (за исключением обращения 
лекарственных средств для ветеринарного применения) и частью 3 (за исключением оборота 
фальсифицированных биологически активных добавок и обращения лекарственных средств для 
ветеринарного применения) статьи 6.33, частью 1 статьи 6.34, статьей 11.32, частью 4 статьи 14.4.2, 
частью 3 статьи 14.43, частью 5 статьи 14.46.2, частью 1 статьи 19.4, частью 15 статьи 19.5, статьями 19.5.1, 
19.33 настоящего Кодекса; 
19) должностные лица органов, осуществляющих федеральный государственный санитарно-
эпидемиологический надзор, - об административных правонарушениях, предусмотренных статьей 6.1, 
частями 2 и 3 статьи 6.3, частями 1 и 3 статьи 6.33 (в части оборота фальсифицированных биологически 
активных добавок), статьей 14.26, частью 1 статьи 14.34, частью 3 статьи 14.43, статьей 14.46.1, частью 5 
статьи 14.46.2, частью 1 статьи 19.4, частями 1 и 15 статьи 19.5, статьями 19.6, 19.7, 19.33 настоящего 
Кодекса; 
20) утратил силу; 
21) должностные лица органов, осуществляющих федеральный государственный ветеринарный надзор, - 
об административных правонарушениях, предусмотренных частью 3 статьи 14.43, частью 5 статьи 14.46.2, 
частью 1 статьи 19.4, частью 15 статьи 19.5, статьями 19.6, 19.7, 19.33 настоящего Кодекса; 
22) должностные лица органов, осуществляющих федеральный государственный карантинный 
фитосанитарный надзор, государственный надзор в области безопасного обращения с пестицидами и 
агрохимикатами и государственный земельный надзор (в отношении использования и охраны земель 
сельскохозяйственного назначения, оборот которых регулируется Федеральным законом от 24 июля 2002 
года N 101-ФЗ ""Об обороте земель сельскохозяйственного назначения""), - об административных 
правонарушениях, предусмотренных частью 3 статьи 14.43, частью 5 статьи 14.46.2, частью 1 статьи 19.4, 
частями 1, 15, 25, 26 статьи 19.5, статьями 19.6, 19.7, 19.33 настоящего Кодекса; 
23) утратил силу; 
24) утратил силу; 
25) утратил силу; 
26) утратил силу; 
27) должностные лица органов, осуществляющих государственный надзор в области племенного 
животноводства, - об административных правонарушениях, предусмотренных статьей 10.11, частью 1 
статьи 19.4, частью 1 статьи 19.5, статьями 19.6, 19.7 настоящего Кодекса; 
28) утратил силу по истечении тридцати дней после дня официального опубликования Федерального 
закона от 14 октября 2014 г.",Административный кодекс Российской Федерации.pdf,552
Какие инструментальные проверки проводятся при приемке трубопроводов и сооружений водоснабжения и канализации согласно СНиП 3.01.03-84?,"При сдаче и приемке законченных работ, кроме проекта, должны быть предъявлены следующие технические документы:
технические паспорта и документы с результатами проверки качества исходных химических материалов;
документы с результатами проверки качества рабочих реагентов;
журналы погружения инъекторов, бурения скважин и нагнетания и грунты реагентов;
планы, профили и сечения закрепленного грунтового массива с указанием действительного расположения инъекторов и
инъекционных скважин и с нанесением исполнительных данных нагнетания закрепляющих реагентов, а также с указанием
расположения контрольных выработок;
акты вскрытия контрольных шурфов, журналы контрольного бурения и результаты определения физико-механических
характеристик закрепленных грунтов;
журналы наблюдений за скоростью движения и уровнем грунтовых вод по пьезометрам;
ведомости или графики с результатами инструментальных наблюдений за осадками фундаментов сооружений.",Data1_11_11295_index.pdf,26
Как интерпретировать шифр таблиц ФЕРм?,"Шифр нормы состоит из номера сборника (два знака), номера раздела сборника
(два знака), порядкового номера таблицы в данном разделе сборника (три знака) и
порядкового номера нормы в данной таблице (один-два знака).",Data1_10_10062_index.pdf,3
Какие телефоны доступны для бесплатной юридической консультации в Санкт-Петербурге и Ленинградской области?,"Бесплатная юридическая консультация по телефонам: 
• 8 (499) 938-53-84 (Москва и МО); 
 
• 8 (812) 467-95-33 (Санкт-Петербург и ЛО); 
• 8 (800) 301-79-07 (Регионы РФ).",Водный кодекс Российской Федерации.pdf,24
На какие территории разрабатывается проект районной планировки согласно ГОСТ МДС 11-7.2000?,"Проект районной планировки разрабатывается на территорию территориально-
производственного 
комплекса, 
агломерации, 
группы 
административных 
районов,
административного района, пригородной зоны, природно-заповедной зоны, территорию
оздоровительного, курортного, рекреационного назначения, историко-культурного и
природного наследия, других территориальных объектов.",Data1_1_1904_index.pdf,10
Какие транспортно-экспедиционные услуги освобождаются от налогообложения?,"В случае, если на дату передачи недвижимого имущества некоммерческой организации на пополнение ее 
целевого капитала в порядке, установленном Федеральным законом от 30 декабря 2006 года N 275-ФЗ ""О 
порядке формирования и использования целевого капитала некоммерческих организаций"", такое 
имущество находилось в собственности налогоплательщика-жертвователя три и более года, при возврате 
денежного эквивалента такого имущества от налогообложения освобождается полученный жертвователем 
доход в полном объеме; 
53) единовременная выплата, осуществляемая в порядке, установленном Федеральным законом ""О 
порядке финансирования выплат за счет средств пенсионных накоплений""; 
54) срочная пенсионная выплата, осуществляемая в порядке, установленном Федеральным законом ""О 
порядке финансирования выплат за счет средств пенсионных накоплений""; 
55) доходы в натуральной форме в виде оплаты услуг, оказываемых туристам при предоставлении им 
экстренной помощи в соответствии с Федеральным законом от 24 ноября 1996 года N 132-ФЗ ""Об основах 
туристской деятельности в Российской Федерации""; 
56) доходы в денежной и натуральной формах, полученные за выполнение трудовых обязанностей в виде 
выплат в любой форме в период до 31 декабря 2019 года от FIFA (Federation Internationale de Football 
Association) и иностранных дочерних организаций FIFA, конфедераций, иностранных национальных 
футбольных ассоциаций, иностранных производителей медиаинформации FIFA, иностранных поставщиков 
товаров (работ, услуг) FIFA, указанных в Федеральном законе ""О подготовке и проведении в Российской 
Федерации чемпионата мира по футболу FIFA 2018 года, Кубка конфедераций FIFA 2017 года, чемпионата 
Европы по футболу UEFA 2020 года и внесении изменений в отдельные законодательные акты Российской 
Федерации""; 
57) доходы в денежной и натуральной формах, полученные за поставки товаров и оказание услуг от 
иностранных организаций лицами, включенными в списки FIFA, определенными Федеральным законом ""О 
подготовке и проведении в Российской Федерации чемпионата мира по футболу FIFA 2018 года, Кубка 
конфедераций FIFA 2017 года, чемпионата Европы по футболу UEFA 2020 года и внесении изменений в 
отдельные законодательные акты Российской Федерации"", въехавшими на территорию Российской 
Федерации и покинувшими ее в течение шестидесяти дней до дня проведения первого матча чемпионата 
мира по футболу FIFA 2018 года, Кубка конфедераций FIFA 2017 года и шестидесяти дней после дня 
проведения последнего матча каждого из спортивных соревнований, предусмотренных указанным 
Федеральным законом; 
58) доходы, полученные от иностранной организации, фактическим источником выплаты которых являются 
российские организации, на которые налогоплательщик имеет фактическое право и с которых удержан 
налог с учетом положений статьи 312 настоящего Кодекса.",Налоговый кодекс Российской Федерации.pdf,815
За сколько времени до срока представления оферт должно быть произведено объявление о торгах?,"Торги могут быть объявлены тендерным комитетом несостоявшимися, если:
до момента окончания срока закрытия торгов не поступило ни одной оферты;
все представленные оферты не содержат банковских гарантий.",Data1_10_10866_index.pdf,8
"Кто обязан страховать транспортное средство и (или) страховать ответственность за ущерб, который может быть причинен им или в связи с его эксплуатацией, если такое страхование является обязательным?","Исключения из ограничения ответственности 
Правила, установленные настоящей главой, не применяются к требованиям: 
вознаграждения за осуществление спасательной операции, в том числе уплаты специальной 
компенсации в соответствии со статьей 343 настоящего Кодекса, или взноса по общей аварии; 
возмещения ущерба от загрязнения с судов нефтью, как он определен в подпункте 5 пункта 
2 статьи 316 настоящего Кодекса; 
возмещения ущерба в связи с морской перевозкой опасных и вредных веществ, как он 
определен в подпункте 1 пункта 2 статьи 326 настоящего Кодекса; 
возмещения ядерного ущерба; 
в связи с удалением затонувшего имущества; 
в связи с удалением, уничтожением или обезвреживанием груза с судна; 
возмещения 
вреда, 
причиненного 
жизни, 
здоровью 
или 
имуществу 
работников 
судовладельца или спасателя, обязанности которых связаны с судном или со спасательными 
операциями, а также наследников указанных работников, лиц, находившихся у них на иждивении 
или имевших право на получение от них содержания, если к трудовому договору, заключенному 
между судовладельцем или спасателем и такими работниками, применяется законодательство 
Российской Федерации; 
возмещения вреда, причиненного жизни или здоровью пассажиров судна, в случаях, если 
судовладелец и пассажир являются организациями или гражданами Российской Федерации; 
возмещения вреда, причиненного жизни, здоровью или имуществу гражданина в прямой 
связи с эксплуатацией судна или со спасательными операциями, в случаях, если судовладелец и 
гражданин либо спасатель и гражданин являются организациями или гражданами Российской",Кодекс торгового мореплавания Российской Федерации.pdf,120
Какие работы и затраты не включаются в сводный расчет стоимости строительства?,"Затраты на строительство временных зданий и сооружений, дополнительные затраты при производстве строительно-
монтажных работ в зимнее время, затраты на содержание заказчика-застройщика и технического надзора, стоимость прочих
работ и прочие затраты в сводном сметном расчете учитываются в соответствии с Методическими рекомендациями (письмо
Минстроя России от 03.11.92 № БФ-925/12).",Data1_2_2079_index.pdf,5
Каков размер административного штрафа для юридических лиц за нарушение процесса функционирования единой системы идентификации и аутентификации?,"Нарушение должностным лицом заказчика, должностным лицом уполномоченного органа, 
должностным лицом уполномоченного учреждения, специализированной организацией сроков 
размещения в единой информационной системе в сфере закупок товаров, работ, услуг для обеспечения 
государственных и муниципальных нужд (далее - единая информационная система в сфере закупок) 
информации и документов, размещение которых предусмотрено законодательством Российской 
Федерации о контрактной системе в сфере закупок, при проведении конкурса, аукциона, за исключением 
случаев, предусмотренных частями 1.2 и 1.3 настоящей статьи, не более чем на два рабочих дня - 
влечет наложение административного штрафа на должностных лиц в размере пяти тысяч рублей; на 
юридических лиц - пятнадцати тысяч рублей.",Административный кодекс Российской Федерации.pdf,93
Какие действия может предпринять суд в предварительном заседании?,"Если в предварительном судебном заседании присутствуют лица, участвующие в деле, 
либо лица, участвующие в деле, отсутствуют в предварительном судебном заседании, но они 
извещены о времени и месте судебного заседания или совершения отдельного процессуального 
действия и ими не были заявлены возражения относительно рассмотрения дела в их отсутствие, суд 
вправе завершить предварительное судебное заседание и открыть судебное заседание в первой 
инстанции, за исключением случая, если в соответствии с настоящим Кодексом требуется 
коллегиальное рассмотрение данного дела.",Арбитражный процессуальный кодекс Российской Федерации.pdf,69
Какие требования предъявляются к монтажу оборудования и подводящим коммуникациям согласно ГОСТ (к СНиП 3.02.01-83)?,"СНиП 2.08.01-89*                   Жилые здания
СНиП 2.01.07-85                     Нагрузки и воздействия
Дополнение
к СНиП 2.01.07-85                  Прогибы и перемещения
СНиП 2.01.02-85                     Противопожарные нормы
СНиП II-3-79*, изд.",Data1_10_10865_index.pdf,30
Какие работы не включены в состав пусконаладочных работ согласно ГОСТу МДС 81-8.2000?,"В состав пусконаладочных работ не включены:
различного вида испытания, которые согласно техническим условиям на изготовление
и поставку оборудования должны производиться на стадии его изготовления или
монтажа.",Data1_10_10864_index.pdf,32
Какие данные должны быть указаны в итоговой строке формы протокола согласования затрат российских организаций в смешанных ценах согласно ГОСТу МДС 81-21.2000?,"ПРОТОКОЛ
согласования затрат российских организаций в смешанных ценах",Data1_2_2069_index.pdf,12
Как указывается наименование и количество единиц измерения мощности объекта в Форме № 3-в согласно ГОСТ?,"Наименование
Данные
Претендента
Примечание
1
Наименование производственного оборудования
 
 
1.1
Тип (марка, модель)
 
 
1.2
Изготовитель
 
 
1.3
Год начала производства
 
 
2
Установленная мощность, кВт
 
 
3
Требуемая площадь для каждой машины (длина × ширина),
включая рабочее помещение обслуживающего персонала
 
 
4
Материал формовочной оснастки
 
 
5
Количество форм на единицу оборудования
 
 
6
Вес полного комплекта форм (все части формы)
 
 
7
Гарантированное количество отливок на форму
 
 
8
Количество циклов литья в час
 
 
9
Количество циклов литья в сутки (3 смены)
 
 
10
Количество отлитых изделий в час
 
 
11
Количество отлитых изделий в сутки (24 ч)
 
 
12
Количество отлитых изделий в год (365 дн.)
 
 
13
Выпуск доброкачественной продукции, %
 
 
14
Количество доброкачественных изделий для дальнейшей обработки
с учетом коэффициента нагрузки 0,75:
 
 
 
штук в сутки (24 ч)
 
 
 
штук в год (365 дн.)
 
 
15
Обслуживающий персонал на единицу оборудования, включая
побочные работы: очистка форм, перестановка форм с машины на
транспортное устройство
 
 
16
Выполняет ли обслуживающий персонал работы по затиранию
поверхности?",Data1_10_10865_index.pdf,25
В каких случаях оспаривание займа по безденежности не допускается?,"Операция займа ценными бумагами считается ненадлежаще исполненной (неисполненной) в следующих 
случаях: 
если в срок, установленный договором для возврата займа, обязательство по возврату ценных бумаг 
полностью или частично не прекращено; 
если договором займа не установлен срок возврата ценных бумаг (договор займа с открытой датой) или 
указанный срок определен моментом востребования и в течение года с даты предоставления займа ценные 
бумаги не были возвращены заемщиком кредитору; 
если обязательство по возврату ценных бумаг было прекращено выплатой кредитору денежных средств или 
передачей иного отличного от ценных бумаг имущества.",Налоговый кодекс Российской Федерации.pdf,778
"Как определяется размер возмещения при приведении параметров зданий, сооружений в соответствие с установленными требованиями?","Порядок определения состава и размера убытков, предусмотренных настоящей главой, в том числе в 
связи с необходимостью сноса здания, сооружения, объекта незавершенного строительства, приведения 
их параметров и (или) разрешенного использования (назначения), разрешенного использования 
земельных участков в соответствие с ограничениями использования земельных участков, установленными 
в границах зон с особыми условиями использования территорий, порядок заключения соглашения о 
возмещении убытков, условия такого соглашения и порядок возмещения убытков устанавливаются 
Правительством Российской Федерации.",Земельный кодекс Российской Федерации.pdf,156
"Какой штраф предусмотрен за допуск к управлению транспортным средством водителя, не имеющего российского национального водительского удостоверения?","Допуск к управлению транспортным средством водителя, не имеющего 
российского национального водительского удостоверения 
Допуск к управлению транспортным средством водителя, не имеющего в случаях, предусмотренных 
законодательством Российской Федерации о безопасности дорожного движения, российского 
национального водительского удостоверения, - 
влечет наложение административного штрафа на должностных лиц, ответственных за техническое 
состояние и эксплуатацию транспортных средств, в размере пятидесяти тысяч рублей.",Административный кодекс Российской Федерации.pdf,197
Какие методы используются для уполаживания берегов водных объектов?,"Водные объекты, содержащие природные лечебные ресурсы, используются для лечебных 
и оздоровительных целей в порядке, установленном законодательством Российской Федерации о 
природных лечебных ресурсах, лечебно-оздоровительных местностях и курортах.",Водный кодекс Российской Федерации.pdf,30
Какова производительность установки осушки природного газа (однопоточная) согласно ГОСТу МДС 81-8.2000?,"Таблица 2
Способ прокладки
тепловых сетей
Материалы для защитного гидроизоляционного покрытия теплоизоляционных
конструкций
рекомендуемые к
применению
ГОСТ, ТУ
допускаемые к
применению
ГОСТ, ТУ
Подземный 
в
непроходных каналах и
тоннелях
Армопластмассовые
материалы АПП-1,
АПМ-2, АПМ-К
ТУ-362168-85 Стеклотекстолит
покрывной
Материал СТПЛ
ТУ 36-1583-83
Стеклорубероид
ГОСТ 15879-70
Стеклопластик
рулонный 
для
теплоизоляции РСТ
ТУ-6-11-145-8 Фольгоизол**
ГОСТ 20429-84
Пленка 
винипластовая
каландрированная
КПО**
ГОСТ 16398-81
Рубероид*
ГОСТ 10923-82
Подземный 
в
непроходных каналах и
тоннелях
 
 
Фольга 
алюминиевая
дублированная 
для
теплоизоляционных
конструкций
ТУ 36-1177-77
 
 
Штукатурка
асбестоцементная 
по
металлической 
сетке
(при небольших объемах
работ)
* Применять только для прокладки в непроходных каналах.",Data1_10_10852_index.pdf,16
Какие долговые обязательства субъекта Российской Федерации могут быть среднесрочными?,"Долговые обязательства субъекта Российской Федерации могут быть краткосрочными 
(менее одного года), среднесрочными (от одного года до пяти лет) и долгосрочными (от пяти до 30 
лет включительно).",Бюджетный кодекс Российской Федерации.pdf,144
Когда начинается рассмотрение евразийской заявки на изобретение?,"Дополнительные материалы в части, изменяющей заявку по существу, 
при рассмотрении заявки на изобретение во внимание не принимаются.",Гражданский кодекс Российской Федерации.pdf,587
Какие регионы относятся к районам Крайнего Севера в Мурманской области?,"Регионы
Районы Крайнего Севера
Местности, приравненные к районам
Крайнего Севера
Хабаровский край
районы: Аяно-Майский,
Охотский
районы: 
Ванинский, 
Вернебуреинский,
Комсомольский, 
Николаевский, 
имени
Полины 
Осипенко, 
Советско-Гаванский,
Солнечный, Тугуро - Чумиканский, Ульчский,
г.г.",Data1_10_10062_index.pdf,10
Что запрещено водителю после ДТП?,"Прежде чем начать обгон, водитель обязан убедиться в том, что полоса движения, на 
которую он собирается выехать, свободна на достаточном для обгона расстоянии и в процессе 
обгона он не создаст опасности для движения и помех другим участникам дорожного движения.",ПДД Российской Федерации.pdf,21
Какое решение может быть принято по результатам рассмотрения материалов проверки?,"В ходе 
рассмотрения материалов налоговой проверки может быть принято решение о привлечении в случае 
необходимости к участию в этом рассмотрении свидетеля, эксперта, специалиста.",Налоговый кодекс Российской Федерации.pdf,256
Какие ГОСТы или СНиПы регламентируют применение вычислительной техники при составлении сметной документации?,"1)
Рекомендуемый объем документации
Iа, б
Техническое заключение по результатам предварительного (визуального) обследования
Ведомости объемов работ
Ведомости потребности в материалах и оборудовании (при необходимости - по ГОСТ 21.110-
95)
Сметная документация
II
Техническое заключение по результатам предварительного (визуального) обследования
Техническое заключение по результатам детального инструментального обследования (при
необходимости)
Чертежи восстановления конструктивных элементов
Ведомости потребности в материалах и оборудовании (при необходимости - по ГОСТ 21.110-
95)
Сметная документация
IIIа, б
Техническое заключение по результатам предварительного (визуального) обследования
Техническое заключение по результатам детального инструментального обследования
Рабочий проект восстановления объекта (краткая пояснительная записка с обоснованием
принимаемых решений и рабочая документация со сметой)
Ведомости потребности в материалах и оборудовании (при необходимости - по ГОСТ 21.110-
95)
Технико-экономическое сравнение стоимости затрат на восстановление со стоимостью
строительства нового аналогичного объекта или другое обоснование необходимости
восстановления объекта
Техническое заключение и решение о нецелесообразности восстановления объекта
Сметная документация затрат по сносу объекта
СОДЕРЖАНИЕ
1.",Data1_10_10859_index.pdf,8
В каких случаях суд может взыскать алименты в твердой денежной сумме?,"При отсутствии соглашения родителей об уплате алиментов на несовершеннолетних 
детей и в случаях, если родитель, обязанный уплачивать алименты, имеет нерегулярный, 
меняющийся заработок и (или) иной доход, либо если этот родитель получает заработок и (или) 
иной доход полностью или частично в натуре или в иностранной валюте, либо если у него 
отсутствует заработок и (или) иной доход, а также в других случаях, если взыскание алиментов в 
долевом отношении к заработку и (или) иному доходу родителя невозможно, затруднительно или 
существенно нарушает интересы одной из сторон, суд вправе определить размер алиментов, 
взыскиваемых ежемесячно, в твердой денежной сумме или одновременно в долях (в соответствии 
со статьей 81 настоящего Кодекса) и в твердой денежной сумме.",Семейный кодекс Российской Федерации.pdf,24
Какие объекты проектирования указаны в главе 4 согласно СНиП?,"Проект инъекционного химзакрепления грунтов в целом разрабатывается на основе следующих материалов:
а) материалов проекта сооружения, содержащих полные технические данные о нем, включая генплан и разрезы с данными о
наземных конструкциях, фундаментах и основаниях, в том числе ожидаемые нагрузки на основание, а также сведения о
расположенных вблизи сооружения других объектах;
б) для существующих сооружений на основе имеющихся архивных материалов о данном сооружении и результатов
инженерного обследования сооружения с техническим заключением;
в) результатов инженерных изысканий, согласно требований СНиП и пособий на проектирование оснований и фундаментов
зданий и сооружений, и на инженерные изыскания в строительстве, а также результатов специальных исследований, согласно
разд.",Data1_11_11295_index.pdf,10
Кто составляет проекты бюджетов государственных внебюджетных фондов Российской Федерации?,"Бюджетные полномочия Министерства финансов Российской Федерации 
Министерство финансов Российской Федерации обладает следующими бюджетными 
полномочиями: 
на основании и во исполнение настоящего Кодекса, иных актов бюджетного 
законодательства 
Российской 
Федерации, 
актов 
Президента 
Российской 
Федерации 
и 
Правительства Российской Федерации принимает нормативные акты в установленной сфере 
деятельности; 
организует составление и составляет проект федерального бюджета, представляет его в 
Правительство Российской Федерации, принимает участие в разработке проектов бюджетов 
государственных внебюджетных фондов Российской Федерации; 
осуществляет методологическое руководство в области составления и исполнения бюджетов 
бюджетной системы Российской Федерации; 
разрабатывает и представляет в Правительство Российской Федерации основные 
направления бюджетной, налоговой и таможенно-тарифной политики Российской Федерации; 
ведет реестр расходных обязательств Российской Федерации, а также утверждает порядок, 
формы и сроки представления в Министерство финансов Российской Федерации реестра 
расходных обязательств субъекта Российской Федерации, свода реестров расходных обязательств 
муниципальных образований, входящих в состав субъекта Российской Федерации; 
разрабатывает прогноз основных параметров бюджетов бюджетной системы Российской 
Федерации, в том числе прогноз консолидированного бюджета Российской Федерации; 
получает от федеральных органов исполнительной власти, органов исполнительной власти 
субъектов Российской Федерации, органов управления государственными внебюджетными 
фондами Российской Федерации и органов (должностных лиц) местных администраций 
муниципальных образований материалы, необходимые для составления проекта федерального 
бюджета, прогноза основных параметров бюджетов бюджетной системы Российской Федерации и 
прогноза консолидированного бюджета Российской Федерации; 
проектирует предельные объемы бюджетных ассигнований по главным распорядителям 
средств федерального бюджета либо субъектам бюджетного планирования; 
разрабатывает 
по 
поручению 
Правительства 
Российской 
Федерации 
программу 
государственных внутренних заимствований Российской Федерации, условия выпуска и 
размещения государственных займов Российской Федерации, выступает в качестве эмитента 
государственных ценных бумаг Российской Федерации; 
осуществляет по решению Правительства Российской Федерации сотрудничество с",Бюджетный кодекс Российской Федерации.pdf,261
Какие работы включает в себя возобновление защитного слоя в железобетонных конструкциях каналов и камер согласно ГОСТ МДС 14-13.2000?,"В ФЕРм учтены:
- сметные цены на материалы, изделия и конструкции - по Федеральному сборнику
сметных цен на материалы, изделия и конструкции, применяемые в монтажных
работах (включают средние сложившиеся отпускные цены и транспортные затраты в
размере до 13 % от отпускных цен, учитывающих доставку от франко-склада
изготовителя до франко-приобъектного склада строительства объекта, включая
заготовительно-складские расходы и расходы посредников в сфере обращения);
- затраты труда рабочих, кроме занятых управлением и обслуживанием машин, - в
разрезе квалификационных разрядов, рассчитанные исходя из уровня оплаты труда
рабочих строительного комплекса базового района по состоянию на 1 января 2000 г.",Data1_10_10754_index.pdf,2
Какие телефоны доступны для бесплатной юридической консультации в Москве и Московской области?,"Бесплатная юридическая консультация по телефонам: 
• 8 (499) 938-53-71 (Москва и МО); 
 
• 8 (812) 467-95-28 (Санкт-Петербург и ЛО); 
• 8 (800) 301-92-12 (Регионы РФ).",Градостроительный кодекс Российской Федерации.pdf,265
На каком сайте можно найти комментарии к статьям?,"Комментарии к статьям на сайте 
https://gkodeksrf.ru/ 
  
 
 
Статья 1254.",Гражданский кодекс Российской Федерации.pdf,517
Какие требования к устойчивости фонарей к воздействию радиационных факторов предъявляет ГОСТ МДС 31-8.2002?,"Снижение нагрузки не распространяется на
фонари, защищенные от прямого воздействия ветра соседними зданиями и сооружениями, удаленными менее
чем на 10Н, где H - превышение здания над фонарем (5.5 СНиП 2.01.07-85*);
S0 - вес снегового покрова на 1 м2 горизонтальной поверхности земли, принимаемый в соответствии с
указаниями 5.2 СНиП 2.01.07-85*;
μ - коэффициент перехода от веса снегового покрова земли к снеговой нагрузке на светопропускающее
заполнение, принимается по прил.",Data1_10_10846_index.pdf,16
Какие требования предъявляются к растворам-крепителям при силикатизации и смолизации грунтов согласно ГОСТ (к СНиП 3.02.01-83)?,"Пособие
по производству работ при устройстве оснований и фундаментов
(к СНиП 3.02.01-83)
 
Часть 1
Раздел 1 Общая часть
Раздел 2 Естественные основания
Раздел 3 Уплотнение грунтов
Раздел 4 Строительное водопонижение
Раздел 5 Закрепление грунтов
Раздел 6 Искусственное замораживание грунтов
Часть 2
Раздел 7 Сооружения, устраиваемые способом ""стена в грунте""
Раздел 8 Свайные фундаменты, шпунтовые ограждения и анкеры
Раздел 9 Опускные колодцы и кессоны
Приложения",Data1_11_11293_index.pdf,1
"Какие основные задачи Государственной жилищной инспекции по контролю за использованием, содержанием и ремонтом жилищного фонда приведены в МДС 17-13.2000?","В Методических рекомендациях приведены:
основные нормативные требования по использованию, содержанию и ремонту
жилищного фонда, придомовых территорий и объектов коммунального назначения, за
соблюдением которых осуществляет контроль государственная жилищная инспекция;
технические мероприятия по устранению выявленных нарушений, которые не
исчерпывают возможных способов и носят рекомендательный характер;
технические рекомендации по инспектированию жилищного фонда (раздел 1) как
консультативный материал, являющийся с точки зрения разработчиков полезным в стадии
создания и начала работы государственной жилищной инспекции;
сроки устранения выявленных нарушений.",Data1_10_10861_index.pdf,1
Что такое единая методология бюджетного учета и бюджетной отчетности?,"Комментарии к статьям на сайте 
https://budkod.ru/ 
 
 
 
на едином счете бюджета, операций, связанных с единым налоговым платежом, операций, 
связанных с авансовым платежом, предусмотренным в отношении обязательных платежей правом 
Евразийского экономического союза и законодательством Российской Федерации, операций, 
связанных с денежным залогом, предусмотренным правом Евразийского экономического союза и 
законодательством Российской Федерации о таможенном регулировании); 
обеспечивает адресность и целевой характер использования выделенных в его распоряжение 
ассигнований, предназначенных для погашения источников финансирования дефицита бюджета; 
распределяет бюджетные ассигнования по подведомственным администраторам источников 
финансирования дефицита бюджета и исполняет соответствующую часть бюджета; 
абзац шестой утратил силу; 
формирует бюджетную отчетность главного администратора источников финансирования 
дефицита бюджета; 
утверждает методику прогнозирования поступлений по источникам финансирования 
дефицита бюджета в соответствии с общими требованиями к такой методике, установленными 
Правительством Российской Федерации; 
составляет обоснования бюджетных ассигнований.",Бюджетный кодекс Российской Федерации.pdf,255
Кто выполняет распоряжения диспетчерских органов о отключении электрической энергии?,"СОДЕРЖАНИЕ
Положение 
об 
ограничении 
или 
временном 
прекращении 
подачи
электрической энергии (мощности) потребителям при возникновении или
угрозе возникновения аварии в работе систем электроснабжения
Приложение Перечень потребителей электрической энергии (отдельных
объектов), которые не включаются в графики временного отключения
электрической энергии",Data1_10_10853_index.pdf,4
"Какие преимущества имеют средства индивидуализации, исключительное право на которые возникло ранее?","В случае, когда изготовление, распространение или иное использование, а также импорт, перевозка или 
хранение материальных носителей, в которых выражены результат интеллектуальной деятельности или 
средство индивидуализации, приводят к нарушению исключительного права на такой результат или на 
такое средство, такие материальные носители считаются контрафактными и по решению суда подлежат 
изъятию из оборота и уничтожению без какой бы то ни было компенсации, если иные последствия не 
предусмотрены настоящим Кодексом.",Гражданский кодекс Российской Федерации.pdf,514
В каких случаях государственная пошлина не уплачивается при пересылке свидетельств и документов в соответствии с международными договорами?,"Если физическое лицо в заявлении о приеме (восстановлении) в гражданство (гражданстве) 
Российской Федерации одновременно просит принять (восстановить) в гражданство (гражданстве) 
Российской Федерации своих несовершеннолетних детей, подопечных, государственная пошлина 
уплачивается в размере, определенном подпунктом 25 пункта 1 статьи 333.28 настоящего Кодекса, как за 
рассмотрение одного заявления; 
3) при приеме в гражданство Российской Федерации детей-сирот и детей, оставшихся без попечения 
родителей, государственная пошлина не уплачивается; 
4) за выдачу гражданину Российской Федерации, местом жительства которого является Калининградская 
область, документов, предусмотренных подпунктами 1, 2, 5 и 6 пункта 1 статьи 333.28 настоящего Кодекса, 
государственная пошлина не уплачивается; 
5) за выдачу, продление срока действия и восстановление в исключительных случаях виз иностранным 
гражданам и лицам без гражданства представительствами федерального органа исполнительной власти, 
ведающего вопросами иностранных дел, находящимися в пунктах пропуска через Государственную границу 
Российской Федерации, государственная пошлина может быть уплачена в иностранной валюте по курсу, 
установленному Центральным банком Российской Федерации на дату ее уплаты; 
6) за регистрацию по месту жительства в Российской Федерации иностранных граждан и лиц без 
гражданства, являющихся участниками Государственной программы по оказанию содействия 
добровольному переселению в Российскую Федерацию соотечественников, проживающих за рубежом, а 
также членов их семей, совместно переселившихся на постоянное место жительства в Российскую 
Федерацию, государственная пошлина не уплачивается.",Налоговый кодекс Российской Федерации.pdf,1271
Как вносятся сведения о характеристиках древесины в государственный лесной реестр?,"Лица, которым на законных основаниях принадлежат объекты лесоперерабатывающей 
инфраструктуры, осуществляют в порядке, установленном статьей 50.1 настоящего Кодекса, 
внесение в государственный лесной реестр сведений о характеристиках: 
1) древесины, которая поступает на объект лесоперерабатывающей инфраструктуры; 
2) древесины, которая перерабатывается; 
3) продукции переработки древесины.",Лесной кодекс Российской Федерации.pdf,29
Какие работы выполняются с повышенными требованиями к качеству и классу точности?,"Действие ФЕРм не распространяется на:
- работы, нормы на которые отсутствуют в сборниках ГЭСНм;
- монтаж оборудования, техническая характеристика, условия поставки и способ
монтажа которого существенно отличаются от предусмотренных сборниками;
- монтаж оборудования, к качеству и классу точности монтажа которого
предъявляются требования, превышающие требования и допуски, приведенные в
сборниках СНиП, часть 3 «Правила производства и приемки работ»;
- работы с применением машин и оборудования, в том числе импортного, не
имеющих 
аналогов 
отечественного 
производства, 
существенно 
изменяющих
технологию производства работ и расход ресурсов по сравнению с ФЕРм;
- работы, выполняемые в высокогорных районах на высоте более 3500 м.",Data1_10_10754_index.pdf,2
Какие положения МДС 81-3.99 следует учитывать при определении стоимости затрат на эксплуатацию строительных машин и механизмов?,"Результаты расчетов по определению стоимости дорожных работ
оформляются в соответствии с формами приложения 3 Методических указаний
по определению стоимости строительной продукции на территории Российской
Федерации (МДС 81-1.99).",Data1_10_10848_index.pdf,3
Что включает техническая приемка перед монтажом конструкций фонарей согласно ГОСТ МДС 31-8.2002?,"Перед монтажом конструкций фонарей производителем работ должна быть произведена техническая
приемка отдельных их элементов и выполнены подготовительные работы.",Data1_10_10846_index.pdf,18
Какие документы регулируют оптовые цены на оборудование?,"В случае, если монтажные и пусконаладочные работы на объекте по какому-либо
оборудованию выполняются одним и тем же звеном (бригадой), цену пусконаладочных
работ по такому оборудованию следует принимать с коэффициентом 0,8.",Data1_10_10864_index.pdf,34
Какие виды грантов не подлежат налогообложению?,"В случае, если информация, предусмотренная пунктом 5 настоящей статьи, не была представлена в 
отношении доходов в виде дивидендов по акциям (долям) международной холдинговой компании, 
которая является публичной компанией на день принятия решения такой компанией о выплате дивидендов 
и являлась публичной компанией по состоянию на 1 января 2018 года, указанные доходы подлежат 
налогообложению по налоговой ставке, установленной пунктом 1 статьи 224 настоящего Кодекса.",Налоговый кодекс Российской Федерации.pdf,786
Является ли ассоциация (союз) собственником своего имущества?,"Юридические лица, являющиеся некоммерческими организациями, могут создаваться в 
организационно-правовых формах: 
1) потребительских кооперативов, к которым относятся в том числе жилищные, жилищно-строительные и 
гаражные кооперативы, общества взаимного страхования, кредитные кооперативы, фонды проката, 
сельскохозяйственные потребительские кооперативы; 
2) общественных организаций, к которым относятся в том числе политические партии и созданные в 
качестве юридических лиц профессиональные союзы (профсоюзные организации), органы общественной 
самодеятельности, территориальные общественные самоуправления; 
2.1) общественных движений; 
3) ассоциаций (союзов), к которым относятся в том числе некоммерческие партнерства, саморегулируемые 
организации, объединения работодателей, объединения профессиональных союзов, кооперативов и 
общественных организаций, торгово-промышленные палаты; 
4) товариществ собственников недвижимости, к которым относятся в том числе товарищества 
собственников жилья, садоводческие или огороднические некоммерческие товарищества; 
5) казачьих обществ, внесенных в государственный реестр казачьих обществ в Российской Федерации;",Гражданский кодекс Российской Федерации.pdf,21
Какие единицы измерения рекомендуются для разработки УПБС согласно ГОСТу?,"Сборник УПБС ВР разрабатывается по отдельным конструктивным элементам, видам работ и устройств объекта (КЭ)
с едиными для каждого КЭ единицами измерения, отражающими потребительские свойства объектов строительства, что
обеспечивает возможность выполнения расчетов по взаимозаменяемости конструктивных решений при различных вариантах
проектных решений.",Data1_2_2079_index.pdf,3
Что такое постоянное местонахождение иностранной организации?,"Налоговая ставка 0 процентов, предусмотренная пунктом 4.1 статьи 284 настоящего Кодекса, применяется 
к налоговой базе, определяемой по доходам от операций по реализации или иного выбытия (в том числе 
погашения) акций (долей участия в уставном капитале) российских и (или) иностранных организаций, при 
условии, что на дату реализации или иного выбытия (в том числе погашения) таких акций (долей участия в 
уставном капитале организаций) они непрерывно принадлежат налогоплательщику на праве собственности 
или на ином вещном праве более пяти лет.",Налоговый кодекс Российской Федерации.pdf,1097
"Что влечет наложение административного штрафа на должностных лиц за нарушение правил эксплуатации, неиспользование сооружений, оборудования или аппаратуры для очистки газов и контроля выбросов вредных веществ в атмосферный воздух?","Нарушение правил эксплуатации, неиспользование сооружений, оборудования или аппаратуры для 
очистки газов и контроля выбросов вредных веществ в атмосферный воздух, которые могут привести к его 
загрязнению, либо использование неисправных указанных сооружений, оборудования или аппаратуры, за 
исключением случаев, предусмотренных статьей 8.51 настоящего Кодекса, - 
влечет наложение административного штрафа на должностных лиц в размере от одной тысячи до двух 
тысяч рублей; на лиц, осуществляющих предпринимательскую деятельность без образования 
юридического лица, - от одной тысячи до двух тысяч рублей или административное приостановление 
деятельности на срок до девяноста суток; на юридических лиц - от десяти тысяч до двадцати тысяч рублей 
или административное приостановление деятельности на срок до девяноста суток.",Административный кодекс Российской Федерации.pdf,121
"Что такое мониторинг, основанный на добровольном участии контролируемых лиц?","В случае признания налогоплательщика контролирующим лицом на основании подпункта 2 пункта 3 статьи 
25.13 настоящего Кодекса налогоплательщик вправе представить в налоговый орган одновременно с 
уведомлением о контролируемых иностранных компаниях соответствующие пояснения и (или) документы, 
подтверждающие, что ему не было известно о том, что в календарном году, за который не было 
представлено уведомление о контролируемых иностранных компаниях, доля участия в иностранной 
организации всех лиц, признаваемых налоговыми резидентами Российской Федерации (для физических лиц 
- совместно с супругами и несовершеннолетними детьми), составляла более 50 процентов.",Налоговый кодекс Российской Федерации.pdf,81
При каких условиях выгодоприобретатель принимает обязательства по договору морского страхования?,"Права страхователя по договору морского страхования в пользу 
выгодоприобретателя 
При страховании в пользу выгодоприобретателя страхователь пользуется всеми правами по 
договору морского страхования без доверенности выгодоприобретателя.",Кодекс торгового мореплавания Российской Федерации.pdf,84
Какое наименование должно быть присвоено выпуску проектной документации?,"СК-2
Наименование проектной
документации
Обозначение
Порядковый
№ __
Обозначение серии
Обозначение выпуска
Наименование серии
Наименование
выпуска
 
 
 
 
АВТОР
(Наименование ведущей организации - разработчика
проектной документации (ПД), почтовый адрес)
УТВЕРЖДЕНИЕ
(Наименование организации (инстанции),
утвердившей ПД)
(Наименование, дата и номер документа)
ВВЕДЕНИЕ В ДЕЙСТВИЕ
(Наименование организации, которая ввела ПД в
действие)
(Наименование, дата и номер документа)
СРОК ДЕЙСТВИЯ
Начало (месяц, год)
Окончание (месяц, год)
ПОСТАВЩИК ДОКУМЕНТАЦИИ
(Наименование организации, распространяющей
ПД, почтовый адрес)
 
Инв.",Data1_10_10849_index.pdf,18
Как определяется геометрический КЕО в расчетной точке по ГОСТ МДС 31-8.2002?,"Подсчет количества лучей для определения геометрического КЕО производится в следующей
последовательности:
график I накладывается на поперечный разрез помещения, центр графика «0» совмещается с расчетной
точкой, а нижняя линия графика - со следом рабочей поверхности;
подсчитывается количество лучей n1, попадающих в расчетную точку через световые проемы;
отмечается номер полуокружности графика I, которая проходит через середину светового проема;
график II накладывается на продольный разрез помещения, при этом его вертикальная ось и горизонталь,
номер которой соответствует номеру полуокружности по графику I, проходит через середину светового проема;
подсчитывается количество лучей n2 по графику II, проходящих через световые проемы;
определяется eв по формуле (1).",Data1_10_10846_index.pdf,34
Препятствует ли прекращение производства обращению других лиц?,"Комментарии к статьям на сайте 
https://koapkodeksrf.ru/ 
 
 
 
 
3) проверяются полномочия законных представителей физического или юридического лица, защитника и 
представителя; 
4) выясняется, извещены ли участники производства по делу в установленном порядке, выясняются 
причины неявки участников производства по делу и принимается решение о рассмотрении дела в 
отсутствие указанных лиц либо об отложении рассмотрения дела; 
5) разъясняются лицам, участвующим в рассмотрении дела, их права и обязанности; 
6) рассматриваются заявленные отводы и ходатайства; 
7) выносится определение об отложении рассмотрения дела в случае: 
а) поступления заявления о самоотводе или об отводе судьи, члена коллегиального органа, должностного 
лица, рассматривающих дело, если их отвод препятствует рассмотрению дела по существу; 
б) отвода специалиста, эксперта или переводчика, если указанный отвод препятствует рассмотрению дела 
по существу; 
в) необходимости явки лица, участвующего в рассмотрении дела, истребования дополнительных 
материалов по делу или назначения экспертизы; 
8) выносится определение о приводе лица, участие которого признается обязательным при рассмотрении 
дела, в соответствии с частью 3 статьи 29.4 настоящего Кодекса; 
9) выносится определение о передаче дела на рассмотрение по подведомственности в соответствии со 
статьей 29.5 настоящего Кодекса.",Административный кодекс Российской Федерации.pdf,576
"В каких случаях судебные расходы, понесенные судом, взыскиваются с административного ответчика?","В случае, если иск удовлетворен частично, а ответчик освобожден от уплаты судебных расходов, 
издержки, понесенные судом в связи с рассмотрением дела, взыскиваются в доход бюджета, за счет 
средств которого они были возмещены, с истца, не освобожденного от уплаты судебных расходов, 
пропорционально той части исковых требований, в удовлетворении которой ему отказано.",Гражданский процессуальный кодекс Российской Федерации.pdf,40
Какова цель документа МДС 41-3.2000?,"ГОСУДАРСТВЕННЫЙ КОМИТЕТ РОССИЙСКОЙ ФЕДЕРАЦИИ
ПО СТРОИТЕЛЬСТВУ И ЖИЛИЩНО-КОММУНАЛЬНОМУ КОМПЛЕКСУ
(ГОССТРОЙ РОССИИ)
Утверждено
приказом Госстроя России
от 21.04.2000 №92
ОРГАНИЗАЦИОННО-МЕТОДИЧЕСКИЕ
РЕКОМЕНДАЦИИ
ПО ПОЛЬЗОВАНИЮ СИСТЕМАМИ
КОММУНАЛЬНОГО ТЕПЛОСНАБЖЕНИЯ
В ГОРОДАХ И ДРУГИХ НАСЕЛЕННЫХ
ПУНКТАХ РОССИЙСКОЙ ФЕДЕРАЦИИ
МДС 41-3.2000
Москва
2000
I.",Data1_10_10871_index.pdf,1
"Как определяется рыночная стоимость земельного участка, если разрешенное использование изменено для строительства объектов федерального значения?","Комментарии к статьям на сайте 
https://zkodeksrf.ru/ 
 
 
 
 
или земельный участок образован из земельного участка, в отношении которого с другим лицом заключен 
договор о комплексном развитии территории, за исключением случаев, если такой земельный участок 
предназначен для размещения объектов федерального значения, объектов регионального значения или 
объектов местного значения и с заявлением о предоставлении такого земельного участка обратилось лицо, 
уполномоченное на строительство указанных объектов; 
10) указанный в заявлении о предоставлении земельного участка земельный участок образован из 
земельного участка, в отношении которого заключен договор о комплексном развитии территории, и в 
соответствии с утвержденной документацией по планировке территории предназначен для размещения 
объектов федерального значения, объектов регионального значения или объектов местного значения, за 
исключением случаев, если с заявлением о предоставлении в аренду земельного участка обратилось лицо, 
с которым заключен договор о комплексном развитии территории, предусматривающий обязательство 
данного лица по строительству указанных объектов; 
11) указанный в заявлении о предоставлении земельного участка земельный участок является предметом 
аукциона, извещение о проведении которого размещено в соответствии с пунктом 19 статьи 39.11 
настоящего Кодекса; 
12) в отношении земельного участка, указанного в заявлении о его предоставлении, поступило 
предусмотренное подпунктом 6 пункта 4 статьи 39.11 настоящего Кодекса заявление о проведении 
аукциона по его продаже или аукциона на право заключения договора его аренды при условии, что такой 
земельный участок образован в соответствии с подпунктом 4 пункта 4 статьи 39.11 настоящего Кодекса и 
уполномоченным органом не принято решение об отказе в проведении этого аукциона по основаниям, 
предусмотренным пунктом 8 статьи 39.11 настоящего Кодекса; 
13) в отношении земельного участка, указанного в заявлении о его предоставлении, опубликовано и 
размещено в соответствии с подпунктом 1 пункта 1 статьи 39.18 настоящего Кодекса извещение о 
предоставлении земельного участка для индивидуального жилищного строительства, ведения личного 
подсобного хозяйства, ведения гражданами садоводства для собственных нужд или осуществления 
крестьянским (фермерским) хозяйством его деятельности; 
14) разрешенное использование земельного участка не соответствует целям использования такого 
земельного участка, указанным в заявлении о предоставлении земельного участка, за исключением 
случаев размещения линейного объекта в соответствии с утвержденным проектом планировки 
территории; 
14.1) испрашиваемый земельный участок полностью расположен в границах зоны с особыми условиями 
использования территории, установленные ограничения использования земельных участков в которой не 
допускают использования земельного участка в соответствии с целями использования такого земельного 
участка, указанными в заявлении о предоставлении земельного участка; 
15) испрашиваемый земельный участок не включен в утвержденный в установленном Правительством 
Российской Федерации порядке перечень земельных участков, предоставленных для нужд обороны и 
безопасности и временно не используемых для указанных нужд, в случае, если подано заявление о 
предоставлении земельного участка в соответствии с подпунктом 10 пункта 2 статьи 39.10 настоящего 
Кодекса; 
16) площадь земельного участка, указанного в заявлении о предоставлении земельного участка 
садоводческому или огородническому некоммерческому товариществу, превышает предельный размер, 
установленный пунктом 6 статьи 39.10 настоящего Кодекса;",Земельный кодекс Российской Федерации.pdf,71
На каком сайте можно найти комментарии к статьям Налогового кодекса РФ?,"Комментарии к статьям на сайте
https://nkodeksrf.ru/
5) приостанавливать операции по счетам налогоплательщика, плательщика сбора или налогового агента в 
банках и налагать арест на имущество налогоплательщика, плательщика сбора или налогового агента в 
порядке, предусмотренном настоящим Кодексом; 
6) в порядке, предусмотренном статьей 92 настоящего Кодекса, осматривать любые используемые 
налогоплательщиком для извлечения дохода либо связанные с содержанием объектов налогообложения 
независимо от места их нахождения производственные, складские, торговые и иные помещения и 
территории, проводить инвентаризацию принадлежащего налогоплательщику имущества.",Налоговый кодекс Российской Федерации.pdf,92
"Как можно снизить вязкость растворов силиката при радиусах закрепления 0,7 м и более (ГОСТ 3.02.01-83)?","Допускается появление
мути
Плотность при 20 °С, г/см3
1,15 - 1,2
1,15 - 1,2
1,15 - 1,2
1,25 - 1,27
Вязкость при 20 °С по вискозиметру ВЗ-1, с
4 - 10
4 - 10
4 - 35
40 - 100
Концентрация водородных ионов (pH)
7,2 - 9
7,2 - 9
7 - 9
7,5 - 8,5
Содержание свободного формальдегида, %,
не более
Не определяется
2
0,5
3
Растворимость в воде
Растворяется, допускается
легкий осадок на дне
Не определяется
В соотношении 1:1
При смешивании воды и смолы
раствор не должен коагулировать
П р и м е ч а н и е .",Data1_11_11295_index.pdf,8
Какие дополнительные выплаты стимулирующего характера учитываются в расчетах согласно ГОСТ МДС 81-7.2000?,"Основные понятия и определения 
Заработная плата (оплата труда работника) - вознаграждение за труд в зависимости от квалификации 
работника, сложности, количества, качества и условий выполняемой работы, а также компенсационные 
выплаты (доплаты и надбавки компенсационного характера, в том числе за работу в условиях, 
отклоняющихся от нормальных, работу в особых климатических условиях и на территориях, подвергшихся 
радиоактивному загрязнению, и иные выплаты компенсационного характера) и стимулирующие выплаты 
(доплаты и надбавки стимулирующего характера, премии и иные поощрительные выплаты).",Трудовой кодекс Российской Федерации.pdf,80
Какие данные о гранулометрическом составе грунтов необходимы для проектирования инъекционного химзакрепления согласно СНиП 3.02.01-83?,"Проект инъекционного химзакрепления грунтов в целом разрабатывается на основе следующих материалов:
а) материалов проекта сооружения, содержащих полные технические данные о нем, включая генплан и разрезы с данными о
наземных конструкциях, фундаментах и основаниях, в том числе ожидаемые нагрузки на основание, а также сведения о
расположенных вблизи сооружения других объектах;
б) для существующих сооружений на основе имеющихся архивных материалов о данном сооружении и результатов
инженерного обследования сооружения с техническим заключением;
в) результатов инженерных изысканий, согласно требований СНиП и пособий на проектирование оснований и фундаментов
зданий и сооружений, и на инженерные изыскания в строительстве, а также результатов специальных исследований, согласно
разд.",Data1_11_11295_index.pdf,10
Какая средняя температура за июль в Печоре согласно ГОСТ МДС 31-8.2002?,"Республика, край область, пункт
Средняя
температура
наиболее
холодной
пятидневки, °С
Период со среднесуточной
температурой воздуха < 8 °С
Среднемесячная
температура за
июль, °С
Максимальная из
средних
скоростей ветра
по румбам за
январь, м/с
продолжительность,
сут
средняя
температура, °С
Октябрьская
- 25
281
- 3,5
13,9
6,4
Усть-Воямполка - Корякский АО
- 35
295
- 6,2
13,7
9,1
Усть-Камчатск
- 28
277
- 4
15,6
7,1
Усть-Хайрюзово
- 31
278
- 5,2
15,5
8,1
Карачаево-Черкесская Республика
 
 
 
 
 
Черкесск
- 18
169
0,6
27,2
-
Республика Карелия
 
 
 
 
 
Кемь
- 27
258
- 3,2
17,8
5,7
Лоухи
- 31
261
- 4,2
19,8
-
Олонец
- 29
233
- 3,2
29,1
6,5
Паданы
- 29
251
- 3,5
20
4,6
Петрозаводск
- 29
240
- 3,1
20,3
5,9
Реболы
- 32
251
- 4
20,6
-
Кемеровская область
 
 
 
 
 
Кемерово
- 39
231
- 8,3
25,1
6,8
Киселевск
- 39
227
- 7,3
24,9
5,5
Кондома
- 40
236
- 7,8
24,7
3,6
Мариинск
- 40
235
- 7,7
24,5
5,7
Тайга
- 39
240
- 8,3
23,6
6,6
Тисуль
- 40
236
- 7,3
24,3
-
Топки
- 39
235
- 8,2
23,8
-
Усть-Кабырза
- 41
241
- 9
24,6
-
Кировская область
 
 
 
 
 
Вятка
- 33
231
- 5,4
23,1
5,3
Нагорское
- 34
239
- 5,8
22,2
-
Савали
- 33
220
- 5,7
24,4
-
Республика Коми
 
 
 
 
 
Вендинга
- 39
257
- 5,9
22
3,8
Воркута
- 41
306
- 9,1
18
10,1
Объячево
- 34
239
- 5,3
22,3
-
Петрунь
- 43
286
- 8,6
19,2
-
Печора
- 43
270
- 7,9
21,7
5,6
Сыктывкар
- 36
245
- 5,8
22,2
5,5
Троицко-Печорск
- 41
258
- 6,9
21,6
4,8
Усть-Уса
- 41
279
- 7,6
19,5
-
Усть-Цильма
- 39
272
- 6,6
19,7
-
Усть-Щугор
- 45
268
- 7,9
21
5
Ухта
- 39
261
- 6,4
21,3
4,8
Костромская область
 
 
 
 
 
Кострома
- 31
222
- 3,9
23,1
5,8
Чухлома
- 32
230
- 4,3
22,5
-
Шарья
- 32
228
- 4,7
23,1
4,5
Краснодарский край
 
 
 
 
 
Краснодар
- 19
149
2
29,8
3,2
Сочи
- 3
72
6,4
26,6
6,5
Тихорецк
- 22
158
1,1
30
6,8
Красноярский край
 
 
 
 
 
Агата
- 53
293
- 16,3
20,4
-
Ачинск
- 41
237
- 7,6
24,2
5,7
Байкит - Эвенкийский АО
- 50
267
- 13,9
24,5
19
Боготол
- 39
239
- 7,6
23,8
-
Богучаны
- 46
245
- 10,8
25,7
5,3
Ванавара - Эвенкийский АО
- 51
262
- 13,7
24,7
3,3
Бельмо
- 49
264
- 12,5
24,3
-
Верхнеимбатск
- 48
266
- 11,5
22,7
4,3
Волочанка
- 50
306
- 16,1
18
6,1
Диксон - Таймырский АО
- 41
365
- 11,4
7,5
12,2
Дудинка - Таймырский АО
- 47
303
- 14,3
18,1
7,7
Енисейск
- 46
245
- 9,6
24,5
3,7
Ессей - Эвенкийский АО
- 55
298
- 17,7
18,8
2,5
Игарка
- 49
285
- 13,9
20,3
7,8
Канск
- 42
237
- 8,8
25,5
7,3
Кежма
- 48
252
- 12,3
24,9
4,5
Ключи
- 39
240
- 7,4
24,5
-
Красноярск
- 40
234
- 7,1
24,3
6,2
Минусинск
- 40
225
- 8,8
26,6
4,8
Таимба
- 51
264
- 13,6
24,9
-
Троицкое
- 47
251
- 9,8
25,4
-
Тура - Эвенкийский АО
- 55
271
- 16,9
23,5
2,7
Туруханск
- 50
279
- 12,9
21,4
5,7
Хатанга - Таймырский АО
- 49
311
- 17,1
17,6
5,8
Челюскин, мыс - Таймырский АО
- 41
365
- 14,7
3,9
9,3",Data1_10_10846_index.pdf,24
Какая специальная информационная дорожка должна предусматриваться в зале для специальной физической подготовки инвалидов согласно ГОСТ МДС 35-7.2000?,"· В зале размером 9´15 м для специальной физической подготовки инвалидов
проводится разработка отдельных суставов, «накачка» определенных групп мышц.",Data1_10_10847_index.pdf,27
"Какова важность правильного реагирования на запросы заказчиков, согласно ГОСТ МДС 11-11.2000?","СИСТЕМА НОРМАТИВНЫХ ДОКУМЕНТОВ В СТРОИТЕЛЬСТВЕ
РУКОВОДЯЩИЙ ДОКУМЕНТ
ИНСТРУКЦИЯ
о составе, порядке разработки, согласования и утверждения
градостроительной документации
МДС 11-7.2000
Государственный комитет Российской Федерации
по вопросам архитектуры и строительства
(Госстрой России)
СОДЕРЖАНИЕ
1.",Data1_1_1904_index.pdf,1
Какова роль канатного моста (элемент 3) в проекте площадки с зоной водных игр согласно ГОСТ МДС 35-7.2000?,"Площадка с зоной водных игр (проект) (ФРГ)
а - зона физкультурно-игровых устройств, суммарная площадь песочниц 60 - 100 м2; б - зона игр с
глинистым песком для лепки, площадь ямы с песком 40 - 60 м2; в - зона с плескательным бассейном,
глубина воды 0 - 50 см, площадь поверхности воды 40 - 100 м2:
1 - деревянная башня; 2 - яма с песком, 3 - канатный мост; 4 - песочница; 5 - сидячие места для игр; 6 -
канатная подвесная дорога; 7 - качалка; 8 - канатные сетки для лазания; 9 - дерево для лазания; 10 -
катофон; 11 - песочный холм
· Основные требования к организации площадок для слепых и ограниченно зрячих
(ОЗ):
А - игровое пространство необходимо ограничивать загородкой высотой 600 - 900
мм;
Б - пешеходные и беговые дорожки должны быть снабжены направляющими
поручнями;
В - выступы на поручне обозначают конец дорожки;
Г - перепады рельефа отмечаются повышением или понижением направляющего
поручня;
Д - повороты дорожек обозначаются изменением качества и фактуры покрытия:
твердое - мягкое, гладкое - неровное, с выпуклыми или вогнутыми плитами;
Е - на пешеходных дорожках устанавливается указатель направления движения к
площадке со стационарным игровым оборудованием.",Data1_10_10847_index.pdf,17
"Какова ответственность за нарушение правил использования на территории Российской Федерации спутниковых сетей связи, находящихся под юрисдикцией иностранных государств, для должностных лиц?","Лицо, находящееся под стражей на территории иностранного государства, вызывается в порядке, 
установленном настоящей статьей, при условии, что это лицо временно передается на территорию 
Российской Федерации компетентным органом или должностным лицом иностранного государства для 
совершения действий, указанных в запросе о вызове.",Административный кодекс Российской Федерации.pdf,584
Как определяется базовая цена проектирования объединенных или сблокированных зданий научно-исследовательских учреждений согласно СНиП?,"3 Базовая цена проектирования объединенных или сблокированных зданий, если это объединение или блокировка не учтены
ценой, определяется суммированием цен этих зданий.",Data1_11_11835_index.pdf,11
"Какие статьи КоАП рассматривают судьи, если дело возбуждено инспектором Счетной палаты Российской Федерации, согласно пункту 1.1 статьи 23.1?","Суммы штрафов, установленных Кодексом Российской Федерации об административных 
правонарушениях, в случае, если постановления о наложении административных штрафов 
вынесены мировыми судьями, комиссиями по делам несовершеннолетних и защите их прав, 
подлежат зачислению (если иное не установлено пунктами 3, 5 - 5.2 и 6 настоящей статьи): 
1) в бюджет субъекта Российской Федерации по нормативу 50 процентов; 
2) в бюджет муниципального района, муниципального округа, городского округа, 
городского округа с внутригородским делением (по месту нахождения органа или должностного 
лица, принявших решение о наложении административного штрафа) по нормативу 50 процентов.",Бюджетный кодекс Российской Федерации.pdf,35
Кто должен подписывать диагностическую карту крана согласно ТИПОВЫМ НОРМАМ?,"Дата
проведения
работ
Наименование
и марка
(индекс)
крана
Заводской
номер
Фактическая
наработка
крана с
начала
эксплуатации
или
капитального
ремонта на
день
непланового
ремонта, ч
Наименование
неисправностей
или характер
проявления
неисправности
Режим работы
и условия
использования
Причина
появления
неисправности
и принятые
меры по ее
устранению,
перечень
замененных
сборочных
единиц и
деталей
Фактическая
трудоемкость
работ, чел.-ч
Фактическая
продолжительность
пребывания крана
в ремонте, ч
1
2
3
4
5
6
7
8
9
ТИПОВЫЕ НОРМЫ
ПЕРИОДИЧНОСТИ, ТРУДОЕМКОСТИ И ПРОДОЛЖИТЕЛЬНОСТИ
ТЕХНИЧЕСКОГО ОБСЛУЖИВАНИЯ И РЕМОНТА
ГРУЗОПОДЪЕМНЫХ КРАНОВ
Вид кранов
Вид
технического
обслуживания
и ремонта
Периодичность
выполнения
технического
обслуживания и
ремонта, ч
Трудоемкость выполнения одного технического
обслуживания и ремонта, чел.-ч
Продолжительность
выполнения, ч
Всего
В том числе по видам работ
диагностические слесарные
прочие
КРАНЫ БАШЕННЫЕ
 
 
 
 
 
 
 
Краны башенные с грузовым
моментом до 25 тм
ТО-1
200
12
0,8
11,2
-
5
ТО-2
600
51
1,8
49,2
-
25
СО
2 раза в год
10
-
10
-
3
Т
1200
235
3
160
72
23
К
12000
510
-
330
180
70
То же, с грузовым моментом
26-60 тм
ТО-1
200
13
0,9
12,1
-
6
ТО-2
600
52
1,9
50,1
-
26
СО
2 раза в год
10
-
10
-
3
Т
1200
245
3,1
169,9
72
24
К
12000
575
-
380
195
80
То же, с грузовым моментом
61-100 тм
ТО-1
200
14
1
13
-
7
ТО-2
600
53
2
51
-
27
СО
2 раза в год
11
-
11
-
3
Т
1200
260
3,2
179,8
77
26
к
12000
670
-
450
220
95
То же, с грузовым моментом
101-160 тм
ТО-1
200
16
1,1
14,9
-
8
ТО-2
600
56
2,2
53,8
-
28
СО
2 раза в год
13
-
13
-
4
Т
1200
291
3,3
199,7
88
29
К
12000
870
-
568
302
120
То же, с грузовым моментом
161-250 тм
ТО-1
200
19
1,2
17,8
-
9
ТО-2
600
61
2,3
58,7
-
30
СО
2 раза в год
17
-
17
-
5
Т
1200
339
3,5
230,5
105
35
К
14400
1200
-
750
450
160
То же, с грузовым моментом
251-400 тм
ТО-1
200
21
1,3
19,7
-
10,0
ТО-2
600
65
2,4
62,6
-
32
СО
2 раза в год
20
-
20
-
6
Т
1200
392
3,7
266,3
122
39
К
14400
1500
-
920
580
210
То же, с грузовым моментом
401-630 тм
ТО-1
200
27
1,4
25,6
-
13
ТО-2
600
73
2,5
70,5
-
36
СО
2 раза в год
26
-
26
-
8
Т
1200
495
3,9
341,1
150
50
К
14400
2130
-
1385
745
275
То же, с грузовым моментом
631-1000 тм
ТО-1
200
31
1,5
29,5
-
15
ТО-2
600
78
2,6
75,4
-
39
СО
2 раза в год
30
-
30
-
10
Т
1200
560
4,2
388,8
167
56
К
14400
2550
-
1715
835
325
То же, с грузовым моментом
1001-1400 тм
ТО-1
200
35
1,6
33,4
-
17
ТО-2
600
84
2,7
81,3
-
42
СО
2 раза в год
34
-
34
-
11
Т
1200
615
4,5
426,5
184
60
К
14400
2900
-
1905
995
375
КРАНЫ СТРЕЛОВЫЕ
ГУСЕНИЧНЫЕ
 
 
 
 
 
 
 
Краны грузоподъемностью до
16 т
ТО-1
50
7
0,5
6,5
-
3
ТО-2
250
27
1,4
25,6
-
13
СО
2 раза в год
28
-
28
-
9
Т
1000
780
4,3
580,7
195
80
в т.ч.: ТО-3
-
34
4,3
29,7
-
-",Data1_10_10855_index.pdf,4
Какие полномочия имеют законные представители?,"Полномочия законных представителей подтверждаются представленными суду документами, 
удостоверяющими их статус и полномочия.",Гражданский процессуальный кодекс Российской Федерации.pdf,23
Когда считается дата подачи заявки на товарный знак?,"Если в дополнительных материалах содержится перечень товаров, не указанных в заявке на дату ее 
подачи, или существенно изменяется заявленное обозначение товарного знака, такие дополнительные 
материалы не принимаются к рассмотрению.",Гражданский кодекс Российской Федерации.pdf,636
"Какие действия следует предпринять при обнаружении осадочных трещин согласно ТП-70 С., СНиП II-22-81, СНиП 2.03.01-84*?","Стальные конструкции
                                                  Инструкция о составе, порядке разработки, согласования и утверждения
градостроительной документации
СНиП 2.03.06-85                     Алюминиевые конструкции
СНиП II-22-81                         Каменные и армокаменные конструкции
СНиП II-25-80                         Деревянные конструкции
СНиП 2.02.03-85                     Свайные фундаменты
СНиП 2.02.01-83*                   Основания зданий и сооружений
СНиП 2.02.05-87                     Фундаменты машин с динамическими нагрузками
СНиП II-26-76                         Кровли
СНиП 2.03.13-88                     Полы
СНиП 2.04.01-85                     Внутренний водопровод и канализация зданий
СНиП 2.04.03-85                     Канализация.",Data1_10_10865_index.pdf,30
Какое заключение должен дать эксперт?,"Несогласие суда с заключением 
эксперта должно быть мотивировано в решении суда по делу либо в определении суда о назначении 
дополнительной или повторной экспертизы, проводимой в случаях и в порядке, которые предусмотрены 
статьей 87 настоящего Кодекса.",Гражданский процессуальный кодекс Российской Федерации.pdf,78
Какой СНиП документа указан в методических рекомендациях по разработке сборников ресурсных сметных норм на монтаж оборудования?,"Для учета факторов, связанных со становлением рыночных отношений, при разработке сборника УПБС ВР используются:
нормы накладных расходов в строительстве, применяемые в соответствии с Методическими рекомендациями по расчету
величины накладных расходов при определении стоимости строительной продукции (письмо Минстроя России от 30.10.92 №
БФ-907/12);
сметные нормы затрат на строительство временных зданий и сооружений с учетом положений к ним, приведенных в
Методических рекомендациях (письмо Минстроя России от 03.11.92 №  БФ-925/12):
положения по сметным нормам дополнительных затрат при производстве строительно-монтажных работ в зимнее время,
приведенные в Методических рекомендациях (письмо Минстроя России от 03.11.92 № БФ-925/12).",Data1_2_2079_index.pdf,3
Какие требования к увеличению пропускной способности существующей сети и производительности подогревательной и насосной установок должны быть указаны в технических условиях согласно СНиП?,"В технических условиях, выдаваемых теплоснабжающей организацией,
должны быть указаны:
а) источник теплоснабжения и точки присоединения к тепловым сетям;
б) максимальные часовые и среднечасовые тепловые нагрузки по видам
теплоносителя (горячая вода, пар различных параметров) и видам теплопотребления
(отопление, вентиляция, кондиционирование, технология, горячее водоснабжение), а
также схемы присоединения теплопотребляющих установок;
в) максимальные расчетные и среднечасовые расходы теплоносителей, в том числе
с водоразбором из сети (при открытой системе теплоснабжения);
г) параметры (давление; температура) теплоносителей и пределы их отклонений в
точках присоединения к тепловой сети с учетом роста нагрузок в системе",Data1_10_10871_index.pdf,6
Какие требования предъявляются к технической документации на узел учета?,"Владелец узла учета отпуска тепловой энергии и теплоносителей обязан
обеспечить беспрепятственный допуск на узел учета представителей абонентов,
имеющих границу эксплуатационной ответственности с ним, для технического
осмотра средств измерений и представлять по их требованию документацию для
проверки правильности расчетов отпуска тепловой энергии.",Data1_10_10870_index.pdf,9
Какой ГОСТ или СНиП определяет методику расчета сметной прибыли?,"При отсутствии укрупненных нормативов или объектов-аналогов определение стоимости во внутренних (базисных) ценах Российской
Федерации производится:
по строительно-монтажным работам - на основании объемов основных строительных и монтажных работ, определенных в ТЭО или ТЭП, с
использованием “Сметных норм и расценок на стромительные работы” (СНиР-91) и “Расценок на монтаж оборудования” (СНиП 4.06-91), а
остальных строительно-монтажных работ - в процентах к стоимости основных работ, определяемых расчетом проектной организации;*
по оборудованию - по приводимым в составе ТЭО или ТЭП спецификациям на основное оборудование** или укрупненным показателям
стоимости этого оборудования, а по остальному оборудованию - в процентах к стоимости основного оборудования, определяемых расчетом
проектной организации*.",Data1_2_2069_index.pdf,4
Какие организации могут разрабатывать и применять собственные РСН на монтируемое ими оборудование согласно МДС 81-13.2000?,"Заинтересованные организации вправе разрабатывать и применять собственные
РСН на монтируемое ими оборудование и выполнение работы.",Data1_2_2073_index.pdf,1
"Каков максимальный срок наказания по совокупности приговоров, если оно менее строгое, чем лишение свободы?","При любом виде рецидива преступлений, если судом установлены смягчающие обстоятельства, 
предусмотренные статьей 61 настоящего Кодекса, срок наказания может быть назначен менее одной 
третьей части максимального срока наиболее строгого вида наказания, предусмотренного за совершенное 
преступление, но в пределах санкции соответствующей статьи Особенной части настоящего Кодекса, а при 
наличии исключительных обстоятельств, предусмотренных статьей 64 настоящего Кодекса, может быть 
назначено более мягкое наказание, чем предусмотрено за данное преступление.",Уголовный кодекс Российской Федерации.pdf,24
Какие лицензии должны иметь инженерно-консультационные организации?,"В качестве консультантов могут
привлекаться 
физические 
лица 
или 
специализированные 
инженерно-
консультационные организации, в том числе проектные, имеющие лицензии на
необходимые виды деятельности.",Data1_10_10866_index.pdf,2
Что влечет наложение административного штрафа по статье 16.8?,"Комментарии к статьям на сайте 
https://koapkodeksrf.ru/ 
 
 
 
 
незаконно, либо с представлением документов, содержащих недостоверные сведения, за исключением 
случаев, предусмотренных статьями 16.1, 16.3, 16.19 настоящего Кодекса, - 
влечет наложение административного штрафа на граждан, должностных лиц и юридических лиц в размере 
стоимости товаров, информации, работ, услуг либо результатов интеллектуальной деятельности, 
явившихся предметами административного правонарушения, с их конфискацией или без таковой либо 
конфискацию предметов административного правонарушения.",Административный кодекс Российской Федерации.pdf,266
Какой минимальный уровень расчетных налоговых доходов должен быть установлен?,"Указанный уровень определяется по городским, сельским поселениям (внутригородским 
районам) по единой для указанных видов муниципальных образований методике, обеспечивающей 
сопоставимость расчетных налоговых доходов городских, сельских поселений (внутригородских 
районов) без учета налоговых доходов по дополнительным нормативам отчислений, и по 
муниципальным районам (муниципальным округам, городским округам, городским округам с 
внутригородским делением) по единой для указанных видов муниципальных образований 
методике, обеспечивающей сопоставимость расчетных налоговых доходов муниципальных 
районов (муниципальных округов, городских округов, городских округов с внутригородским 
делением) без учета налоговых доходов по дополнительным нормативам отчислений, и не может 
быть установлен ниже 1,3-кратного среднего уровня в расчете на одного жителя соответственно по 
городским, сельским поселениям (внутригородским районам) и соответственно по муниципальным 
районам (муниципальным округам, городским округам, городским округам с внутригородским 
делением) субъекта Российской Федерации.",Бюджетный кодекс Российской Федерации.pdf,231
Какие формулы используются для вычисления центральных координат точек базисной фигуры согласно СНиП 3.01.03-84?,"При
этом вначале вычисляют угол разворота δα:
                        (32)
где хiи, yiи, хiм, yiм - координаты точек базисной фигуры на исходном и монтажном
горизонтах; x0i, y0i - центральные координаты точек базисной фигуры, определяемые
через координаты центра тяжести ее по формулам
x0 = Σxiи/n; y = Σyiи/n
x0i = хiм - х0; y0i = yiи - y0,                                                  (33)
где n - число точек базисной фигуры.",Data1_11_11285_index.pdf,42
Какая дата указывается в постановлении о досрочном прекращении исполнения административного наказания?,"В постановлении о досрочном прекращении исполнения административного наказания в виде 
административного приостановления деятельности указываются сведения, предусмотренные статьей 29.10 
настоящего Кодекса, а также дата возобновления деятельности лица, осуществляющего 
предпринимательскую деятельность без образования юридического лица, или юридического лица, его 
филиала, представительства, структурного подразделения, производственного участка, а также 
эксплуатации агрегатов, объектов, зданий или сооружений, осуществления отдельных видов деятельности 
(работ), оказания услуг.",Административный кодекс Российской Федерации.pdf,610
Какие работы по усилению стропильных ног предусмотрены в соответствии с ГОСТ МДС 14-13.2000?,"Накладные расходы (графы 2 и 3) рассчитываются по нормам по
видам работ в соответствии с Методическими указаниями по определению величины
накладных расходов в строительстве (МДС 81-4.99, МДС 81-5.99).",Data1_10_10754_index.pdf,18
Какие отходы приобретают статус иностранных товаров?,"Отходы, образовавшиеся в результате уничтожения товаров, за исключением отходов, 
указанных в пункте 5 настоящей статьи, приобретают статус иностранных товаров.",Таможенный кодекс Евразийского экономического союза.pdf,289
Какие действия может совершать представитель в арбитражном суде?,"Граждане, организации и иные лица вправе обратиться в арбитражный суд с заявлением о 
признании недействительными ненормативных правовых актов, незаконными решений и действий 
(бездействия) органов, осуществляющих публичные полномочия, должностных лиц, если 
полагают, что оспариваемый ненормативный правовой акт, решение и действие (бездействие) не 
соответствуют закону или иному нормативному правовому акту и нарушают их права и законные 
интересы в сфере предпринимательской и иной экономической деятельности, незаконно возлагают 
на 
них 
какие-либо 
обязанности, 
создают 
иные 
препятствия 
для 
осуществления 
предпринимательской и иной экономической деятельности.",Арбитражный процессуальный кодекс Российской Федерации.pdf,101
Какие сроки давности привлечения к административной ответственности должны быть учтены?,"Комментарии к статьям на сайте 
https://apkodrf.ru/ 
 
 
 
проверяет законность и обоснованность оспариваемого решения, устанавливает наличие 
соответствующих полномочий административного органа, принявшего оспариваемое решение, 
устанавливает, имелись ли законные основания для привлечения к административной 
ответственности, соблюден ли установленный порядок привлечения к ответственности, не истекли 
ли сроки давности привлечения к административной ответственности, а также иные 
обстоятельства, имеющие значение для дела.",Арбитражный процессуальный кодекс Российской Федерации.pdf,110
Какие документы регулируют порядок исчисления налогов на пользователей автомобильных дорог согласно ГОСТ МДС 81-23.2000?,"УРН разрабатываются на основе действующих Государственных
элементных сметных норм в соответствии с Техническими спецификациями на
виды работ при строительстве, реконструкции и ремонте автомобильных дорог
и искусственных сооружений на них (утверждены распоряжением Росавтодора
от 23.10.2000 № 177-р).",Data1_10_10848_index.pdf,11
Как проводится предварительное судебное заседание?,Предварительное судебное заседание проводится судьей единолично.,Гражданский процессуальный кодекс Российской Федерации.pdf,61
"Какие данные используются для определения средств на обеспечение периода гарантийной эксплуатации, согласно ГОСТ МДС 81-21.2000?","МИНИСТЕРСТВО СТРОИТЕЛЬСТВА РОССИЙСКОЙ ФЕДЕРАЦИИ
(МИНСТРОЙ РОССИИ)
 
МЕТОДИЧЕСКИЕ РЕКОМЕНДАЦИИ
ПО РАСЧЕТУ ИНДЕКСОВ ЦЕН
НА СТРОИТЕЛЬНУЮ ПРОДУКЦИЮ
ДЛЯ ПОДРЯДНЫХ СТРОИТЕЛЬНО-МОНТАЖНЫХ
ОРГАНИЗАЦИЙ
 
МДС 81-14.2000
 
(приняты и введены в действие письмом
Минстроя РФ от 13 ноября 1996 г.",Data1_2_2117_index.pdf,1
Как определяется коэффициент теплоотдачи ограждения согласно ГОСТ МДС 31-8.2002?,"При добыче углеводородного сырья на новых морских месторождениях, по которым истек срок, 
установленный подпунктами 1 - 4 пункта 6 статьи 338 настоящего Кодекса, в течение которого налоговая 
база по углеводородному сырью, добытому на указанных месторождениях (за исключением газа 
природного горючего), определяется как стоимость добытых полезных ископаемых, и применяются 
налоговые ставки, установленные пунктом 2.1 статьи 342 настоящего Кодекса, начиная с налогового 
периода, в котором в отношении указанных месторождений начато применение налоговых ставок, 
установленных подпунктами 9 и 10 пункта 2 статьи 342 настоящего Кодекса, значение коэффициента 
 
принимается равным нулю: 
до 31 марта 2032 года (включительно) - для месторождений, указанных в подпунктах 1, 2 и абзаце втором 
подпункта 3 пункта 6 статьи 338 настоящего Кодекса; 
до 31 марта 2042 года (включительно) - для месторождений, указанных в абзаце первом подпункта 3 пункта 
6 статьи 338 настоящего Кодекса; 
без ограничения срока - для месторождений, указанных в подпункте 4 пункта 6 статьи 338 настоящего 
Кодекса.",Налоговый кодекс Российской Федерации.pdf,1427
Какой СНиП определяет стоимость строительства в уровне цен I кв. 1993 г.?,"к
базису
Стоимость
строительства в
уровне цен I кв.",Data1_2_2080_index.pdf,18
Как определяется подрядные торги в ГОСТ МДС-80-8.2000?,"ГОССТРОЙ РОССИИ
МЕТОДИЧЕСКИЕ РЕКОМЕНДАЦИИ
ПО ОЦЕНКЕ ОФЕРТ
И ВЫБОРУ ЛУЧШЕГО ПРЕДЛОЖЕНИЯ
ИЗ ПРЕДСТАВЛЕННЫХ
НА ПОДРЯДНЫЕ ТОРГИ
МДС 80-3.2000
МОСКВА 1998
РАЗРАБОТАНЫ 
Межрегиональным 
научно-методическим 
центром
ценообразования в строительстве ЦНИИЭУС Госстроя России (МЦЦС) (канд.",Data1_10_10869_index.pdf,1
Как подсудимый может быть удален из зала заседания?,Подсудимый может быть удален из зала судебного заседания до окончания прений сторон.,Уголовно-процессуальный кодекс Российской Федерации.pdf,179
Какие коэффициенты применяются для изготовления макетов в разных масштабах? (СНиП),"Применение разных индексов пересчета в текущие цены от цен 2000 года для
ТЕРм и для ФЕРм, пересчитанных в цены какого-либо региона, не допускается.",Data1_10_10754_index.pdf,18
Каков индекс текущего уровня цен для прочих работ и затрат в II квартале 1993 года?,"Приведение сметной стоимости в составе проекта (эскизного проекта), определенной по
объектному сметному расчету в базисных сметных ценах, в уровень текущих (прогнозных) цен
производится путем перемножения ее по каждой строке и по каждому из элементов
технологической структуры капитальных вложений (стоимость строительных работ, монтажных
работ, оборудования, прочие затраты) на соответствующий текущий (прогнозный) индекс по
отрасли (подотрасли), виду работ с последующим суммированием общих итогов указанного
сметного расчета по соответствующим графам.",Data1_2_2075_index.pdf,7
"Какова основная задача генеральной схемы расселения, природопользования и территориальной организации производительных сил Российской Федерации, согласно ГОСТ МДС 11-7.2000?","Генеральная схема расселения, природопользования и территориальной
организации производительных сил Российской Федерации, региональные схемы
расселения, территориальные схемы охраны природы и природопользования, схемы
районной планировки административно-территориальных образований, в которых
решаются вопросы федерального значения, генеральные планы городов с расчетной
численностью населения 500 тысяч человек и более, курортных городов и городов-
новостроек, а также исторических городов, наследие которых имеет общереспубликанскую
ценность, рассматриваются до их утверждения Главным управлением государственной
вневедомственной экспертизы при Госстрое Российской Федерации (Главгосэкспертизой
России), которое обеспечивает проведение комплексной экспертизы градостроительной
документации 
и 
подготавливает 
с 
участием 
подразделений 
по 
архитектуре 
и
градостроительству Госстроя России сводное экспертное заключение с участием органов
государственных 
экспертиз, 
местных 
архитектурных 
органов, 
заинтересованных
министерств, ведомств и организаций, а также с учетом результатов общественного
обсуждения.",Data1_1_1904_index.pdf,25
Какие нормы ГОСТ или СНиП применяются к теплоснабжению при проектировании троллейбусного депо?,"11; другие характеристики закрепленных грунтов определяют согласно действующим нормам и пособиям
(руководствам) на изыскания и проектирование оснований и фундаментов сооружений и соответствующим ГОСТам.",Data1_11_11295_index.pdf,26
Как определяется прогнозный индекс к сметной стоимости в Форме № 3-в согласно ГОСТ?,"8 попозиционно проставляются вместо прямых цен на ресурсы
соответствующие текущие (прогнозные) индексы, рассчитанные по отношению к базисному
уровню сметных цен, и общая сметная стоимость в текущем (прогнозном) уровне по гр.",Data1_2_2075_index.pdf,7
Какой индекс изменения стоимости СМР был в Читинской области в I кв. 1993 г. по сравнению с базисным уровнем на 01.01.91 согласно МДС 81-9.2000?,"На основе приводимой стоимости показателей для анализируемого периода рассчитываются индексы изменения
стоимости строительно-монтажных работ по отношению к базисному уровню (на 01.01.91) 3.",Data1_2_2117_index.pdf,1
Как перечисляется плата за нормативные и сверхнормативные выбросы и сбросы согласно ГОСТ МДС 81-23.2000?,"23 ""Положения о
составе затрат по
производству и
реализации
продукции (работ,
услуг), включаемых в
себестоимость
продукции (работ,
услуг)"",
утвержденного
постановлением
Российской
Федерации от 05.08,92
№ 552)
Глава IX
""Прочие
работы и
затраты""
сводного
сметного
расчета
стоимости
строительства
Плата за нормативные и
сверхнормативные
выбросы и сбросы
вредных веществ,
размещение отходов
перечисляется
предприятиями,
учреждениями,
организациями в
бесспорном порядке:
90% - на специальные
счета внебюджетных
государственных
экологических фондов;
10% - в доход
республиканского
бюджета Российской
Федерации для
финансирования
деятельности
территориальных
органов
государственного
управления в области
охраны окружающей
природной среды.",Data1_2_2070_index.pdf,7
"Как изменяются максимальные суммы банковских гарантий для банков, у которых утвержден план по предупреждению банкротства?","В течение срока реализации утвержденного Советом директоров Центрального банка Российской 
Федерации в соответствии с Федеральным законом от 26 октября 2002 года N 127-ФЗ ""О несостоятельности 
(банкротстве)"" плана участия Центрального банка Российской Федерации в осуществлении мер по 
предупреждению банкротства банка (далее в настоящей статье - план по предупреждению банкротства 
банка), включенного в перечень на дату утверждения плана по предупреждению банкротства банка, и при 
условии принятия Советом директоров Центрального банка Российской Федерации решения о 
гарантировании непрерывности деятельности этого банка банковскими гарантиями этого банка может 
обеспечиваться исполнение обязанности налогоплательщика по уплате налога вне зависимости от 
соответствия (несоответствия) банка установленным подпунктами 2 и 3 пункта 3 настоящей статьи 
требованиям.",Налоговый кодекс Российской Федерации.pdf,171
"Какое напряжение считается высоким напряжением, согласно СНиП?","ЗНАЧЕНИЯ КОЭФФИЦИЕНТА ЗАПАСА kз
(согласно СНиП 23-05-95)
№
п.п.",Data1_10_10846_index.pdf,33
"Что означает ""посягательство на жизнь сотрудника правоохранительного органа""?","Комментарии к статьям на сайте 
https://ukodeksrf.ru/ 
 
 
 
 
Посягательство на жизнь сотрудника правоохранительного органа, военнослужащего, а равно их близких в 
целях воспрепятствования законной деятельности указанных лиц по охране общественного порядка и 
обеспечению общественной безопасности либо из мести за такую деятельность - 
наказывается лишением свободы на срок от двенадцати до двадцати лет с ограничением свободы на срок 
до двух лет, либо пожизненным лишением свободы, либо смертной казнью.",Уголовный кодекс Российской Федерации.pdf,253
Какие решения должны быть заранее продуманы для эффективного использования строительных механизмов согласно ГОСТ МДС 14-13.2000?,"Применение строительных механизмов должно осуществляться на основе заранее
продуманных решений, обеспечивающих эффективное их использование.",Data1_1_1879_index.pdf,12
Кто назначает и освобождает начальника управления (отдела) капитального строительства предприятия? (СНиП),"Права и обязанности единого заказчика могут возлагаться на управления (отделы)
капитального строительства Советов Министров автономных республик, исполкомов
краевых, областных, городских Советов народных депутатов, а также предприятий с их
согласия по решениям Советов Министров автономных республик и исполкомов местных
Советов народных депутатов.",Data1_1_1804_index.pdf,6
Как определяется точность выноса в натуру линий при использовании способа прямоугольных координат согласно СНиП 3.01.03-84?,"Точность построения внутренней разбивочной сети здания (сооружения) следует
принимать в соответствии с требованиями СНиП 3.01.03-84 (табл.",Data1_11_11285_index.pdf,35
Какая сумма государственной пошлины установлена за выдачу удостоверения эксперта по культурным ценностям?,"За совершение нотариальных действий нотариусами государственных нотариальных контор и (или) 
должностными лицами органов исполнительной власти, органов местного самоуправления, 
уполномоченными в соответствии с законодательными актами Российской Федерации и (или) 
законодательными актами субъектов Российской Федерации на совершение нотариальных действий, 
государственная пошлина уплачивается в следующих размерах: 
1) за удостоверение доверенностей на совершение сделок (сделки), требующих (требующей) нотариальной 
формы в соответствии с законодательством Российской Федерации, - 200 рублей; 
2) за удостоверение прочих доверенностей, требующих нотариальной формы в соответствии с 
законодательством Российской Федерации, - 200 рублей; 
3) за удостоверение доверенностей, выдаваемых в порядке передоверия, в случаях, если такое 
удостоверение обязательно в соответствии с законодательством Российской Федерации, - 200 рублей; 
4) за удостоверение договоров об ипотеке, если данное требование установлено законодательством 
Российской Федерации: 
за удостоверение договоров об ипотеке жилого помещения в обеспечение возврата кредита (займа), 
предоставленного на приобретение или строительство жилого дома, квартиры, - 200 рублей; 
за удостоверение договоров об ипотеке другого недвижимого имущества, за исключением морских и 
воздушных судов, а также судов внутреннего плавания, - 0,3 процента суммы договора, но не более 3 000 
рублей; 
за удостоверение договоров об ипотеке морских и воздушных судов, а также судов внутреннего плавания - 
0,3 процента суммы договора, но не более 30 000 рублей; 
4.1) за удостоверение договоров купли-продажи и залога доли или части доли в уставном капитале 
общества с ограниченной ответственностью в зависимости от суммы договора: 
до 1 000 000 рублей - 0,5 процента суммы договора, но не менее 1 500 рублей; 
от 1 000 001 рубля до 10 000 000 рублей включительно - 5 000 рублей плюс 0,3 процента суммы договора, 
превышающей 1 000 000 рублей; 
свыше 10 000 001 рубля - 32 000 рублей плюс 0,15 процента суммы договора, превышающей 10 000 000 
рублей, но не более 150 000 рублей; 
5) за удостоверение прочих договоров, предмет которых подлежит оценке, если такое удостоверение 
обязательно в соответствии с законодательством Российской Федерации, - 0,5 процента суммы договора, но 
не менее 300 рублей и не более 20 000 рублей; 
6) за удостоверение сделок, предмет которых не подлежит оценке и которые в соответствии с 
законодательством Российской Федерации должны быть нотариально удостоверены, - 500 рублей; 
7) за удостоверение договоров уступки требования по договору об ипотеке жилого помещения, а также по 
кредитному договору и договору займа, обеспеченному ипотекой жилого помещения, - 300 рублей;",Налоговый кодекс Российской Федерации.pdf,1263
"Что происходит, если соответствующей статьей Особенной части УК РФ предусмотрены смертная казнь или пожизненное лишение свободы, согласно статье 65 УК РФ?","Если 
соответствующей статьей Особенной части настоящего Кодекса предусмотрены смертная казнь или 
пожизненное лишение свободы, эти виды наказаний не применяются, а наказание назначается в пределах 
санкции, предусмотренной соответствующей статьей Особенной части настоящего Кодекса.",Уголовный кодекс Российской Федерации.pdf,23
Какие требования к протяженности улично-дорожной сети установлены в ГОСТ МДС 11-7.2000?,"Транспорт
Протяженность улично-дорожной сети
 
в том числе:
 
магистральных дорог
км
магистральных улиц:
-""-
общегородского значения
-""-
районного значения
-""-
жилых улиц и проездов
-""-
Протяженность линий общественного транспорта:
 
трамвай
-""-
троллейбус
-""-
автобус
-""-
Гаражи, автомобильные стоянки:
 
постоянного хранения
маш.-место
временного хранения
-""-
Инженерное оборудование и благоустройство
Общее водопотребление
тыс.",Data1_1_1904_index.pdf,43
"Что происходит, если выручка за реализуемые товары поступает на счета нескольких организаций?","Положения настоящего подпункта также применяются, если налоговым органом в указанных случаях будет 
установлено, что перечисление выручки за реализуемые товары (работы, услуги), передача денежных 
средств, иного имущества производятся лицам, признанным судом иным образом зависимыми с 
налогоплательщиком, за которым числится недоимка.",Налоговый кодекс Российской Федерации.pdf,109
Что понимается под работой для целей налогообложения?,"Для целей применения настоящей статьи: 
1) под центральными таможенными органами понимаются: 
для Республики Армения - Комитет государственных доходов при Правительстве 
Республики Армения; 
для Республики Беларусь - Государственный таможенный комитет Республики Беларусь; 
для Республики Казахстан - Комитет государственных доходов Министерства финансов 
Республики Казахстан; 
для Кыргызской Республики - Государственная таможенная служба при Правительстве 
Кыргызской Республики; 
для Российской Федерации - Федеральная таможенная служба; 
2) под территориальными таможенными органами понимаются: 
для Республики Армения - таможни, таможенные пункты; 
для Республики Беларусь - таможни; 
для Республики Казахстан - территориальные подразделения Комитета государственных 
доходов Министерства финансов Республики Казахстан по областям (городам республиканского 
значения, столице), таможни; 
для Кыргызской Республики - таможни; 
для Российской Федерации - региональные таможенные управления, таможни.",Таможенный кодекс Евразийского экономического союза.pdf,511
"Каков размер штрафа за представление заведомо недостоверных сведений, предусмотренных законодательством об иностранных инвестициях на территории Российской Федерации?","Непредставление в федеральный орган исполнительной власти, уполномоченный на выполнение 
функций по контролю за осуществлением иностранных инвестиций в Российской Федерации, ходатайств, 
предусмотренных законодательством об иностранных инвестициях на территории Российской Федерации, 
представление ходатайств, содержащих заведомо недостоверные сведения, либо нарушение 
установленных законодательством об иностранных инвестициях на территории Российской Федерации 
порядка и сроков подачи ходатайств - 
влечет наложение административного штрафа на граждан в размере от трех тысяч до пяти тысяч рублей; 
на должностных лиц - от тридцати тысяч до пятидесяти тысяч рублей; на юридических лиц - от пятисот 
тысяч до одного миллиона рублей.",Административный кодекс Российской Федерации.pdf,412
Какие требования предъявляются к проверке узла учета комиссией?,"Внеочередная эксплуатационная проверка функционирования узла учета и
(или) внеочередная поверка установленных на нем средств измерений могут
проводиться по требованию теплоснабжающей организации (у абонента) или
абонента (у теплоснабжающей организации).",Data1_10_10870_index.pdf,9
По истечении какого срока действие соглашения о сохранении занятости прекращается?,"Рентный коэффициент 
, равный 1, применяется по основаниям, указанным в настоящем 
подпункте, в течение или пятнадцати следующих подряд календарных лет, начинающихся с года начала 
промышленной добычи полезных ископаемых на участке недр, или срока действия соглашения о защите и 
поощрении капиталовложений, или срока действия специального инвестиционного контракта в 
зависимости от того, какой срок истекает позднее; 
4) налоговых ставок, установленных пунктом 2 статьи 342 настоящего Кодекса для отдельных видов 
полезных ископаемых, добытых на участках недр, указанных в настоящем подпункте, при условии 
заключения организацией, владеющей лицензиями на пользование такими участками недр и не 
являющейся участником регионального инвестиционного проекта, соглашения о добыче и сохранении 
занятости (далее в настоящей статье - соглашение о сохранении занятости) в соответствии с пунктами 4 - 10 
настоящей статьи.",Налоговый кодекс Российской Федерации.pdf,1437
"Какие статьи КоАП рассматривают органы, осуществляющие государственный надзор в области охраны и использования особо охраняемых природных территорий, в части нарушения водоохранного режима на водосборах подземных водных объектов?","Органы, осуществляющие государственный экологический надзор, рассматривают дела об 
административных правонарушениях, предусмотренных частью 2 статьи 7.2 (об уничтожении и о 
повреждении знаков особо охраняемых природных территорий, а также знаков, устанавливаемых 
пользователями животным миром или органами, осуществляющими федеральный государственный 
надзор в области охраны, воспроизводства и использования объектов животного мира и среды их 
обитания, зданий и других сооружений, принадлежащих указанным пользователям и органам), статьей 7.6, 
частью 1 статьи 7.11, статьями 8.1, 8.2, 8.2.1, 8.2.2, 8.2.3, 8.4, 8.5, 8.5.1, статьями 8.6 и 8.7 (за исключением 
административных правонарушений, совершенных на землях сельскохозяйственного назначения, оборот 
которых регулируется Федеральным законом от 24 июля 2002 года N 101-ФЗ ""Об обороте земель 
сельскохозяйственного назначения""), статьей 8.12 (в части нарушения порядка отвода земельных участков 
в водоохранных зонах и прибрежных полосах водных объектов), частями 1, 2, 4 статьи 8.13, частью 1 статьи 
8.14, статьей 8.15, частями 1 и 3 статьи 8.17, статьями 8.18, 8.19, 8.21 - 8.23, частями 2 и 3 статьи 8.31, 
статьями 8.33 - 8.36, частью 3 статьи 8.37, статьями 8.39, 8.41, 8.41.1, 8.46, 8.47, 8.50, 8.51, частями 1 и 2 
статьи 14.43, частями 38 и 39 статьи 19.5 настоящего Кодекса.",Административный кодекс Российской Федерации.pdf,477
Какой срок отсрочки или рассрочки уплаты ввозных таможенных пошлин может быть предоставлен?,"С сумм ввозных таможенных пошлин, налогов, специальных, антидемпинговых, 
компенсационных пошлин, уплачиваемых (взыскиваемых) в соответствии с пунктом 5 настоящей 
статьи, подлежат уплате проценты, как если бы в отношении указанных сумм была предоставлена 
отсрочка их уплаты со дня помещения товаров под таможенную процедуру свободного склада по 
день 
истечения 
срока 
уплаты 
ввозных 
таможенных 
пошлин, 
налогов, 
специальных, 
антидемпинговых, компенсационных пошлин.",Таможенный кодекс Евразийского экономического союза.pdf,253
"Какие условия должны быть соблюдены для участников региональных инвестиционных проектов, для которых не требуется включение в реестр участников региональных инвестиционных проектов?","В целях настоящей статьи доходы (расходы), полученные (произведенные) при осуществлении иной 
хозяйственной деятельности участником регионального инвестиционного проекта, для которого не 
требуется включение в реестр участников региональных инвестиционных проектов, учитываются при 
исчислении налоговой базы только при выполнении условия, предусмотренного пунктом 1 статьи 284.3-1 
настоящего Кодекса.",Налоговый кодекс Российской Федерации.pdf,1139
В каких случаях допускается предусматривать совмещенное освещение согласно ГОСТ МДС 31-8.2002?,"Допускается не предусматривать естественное освещение в зданиях соцкультбыта для следующих
помещений:
конференц-залы, залы заседаний, выставочные залы;
раздевальные, отделения стиральные и хранения материалов, сушильно-гладильные отделения,
санитарно-бытовые помещения;
ожидальные медучреждений, помещения личной гигиены, коридоры, проходы и переходы;
лекционные аудитории и кулуары, торговые залы магазинов, салоны для посетителей пунктов
бытового обслуживания, спортивные залы, комнаты инструкторов и тренеров, буфетные, приемные
изолятора и комнаты персонала детских садов-яслей, наркозные, предоперационные, аппаратные,
весовые, санпропускники и другие подобные помещения.",Data1_10_10865_index.pdf,20
"Когда уплачиваются акцизы для налогоплательщиков, имеющих свидетельство о регистрации для операций с прямогонным бензином?","В случае, если по итогам налогового периода сумма налоговых вычетов превышает общую сумму 
исчисленного налога, полученная разница подлежит возмещению (зачету, возврату) в порядке, 
установленном настоящей статьей, следующим налогоплательщикам: 
1) имеющим свидетельство на переработку прямогонного бензина; 
2) имеющим свидетельство на совершение операций с бензолом, параксилолом или ортоксилолом; 
3) имеющим свидетельство, предусмотренное статьей 179.5 настоящего Кодекса; 
4) включенным в Реестр эксплуатантов гражданской авиации Российской Федерации и имеющим 
сертификат (свидетельство) эксплуатанта; 
5) указанным в подпунктах 30 и (или) 31 пункта 1 статьи 182 настоящего Кодекса; 
6) имеющим свидетельство о регистрации лица, совершающего операции по переработке средних 
дистиллятов; 
7) имеющим свидетельство о регистрации лица, совершающего операции по переработке нефтяного сырья; 
8) имеющим свидетельство о регистрации лица, совершающего операции по переработке этана; 
9) имеющим свидетельство о регистрации лица, совершающего операции по переработке СУГ; 
10) в отношении которых на дату представления налоговой декларации проводится (проведен) налоговый 
мониторинг при представлении налоговой декларации за налоговый период года, за который проводится 
(проведен) налоговый мониторинг.",Налоговый кодекс Российской Федерации.pdf,708
Как определяется стоимость проектирования свайных фундаментов? (СНиП),"В составе ТЭО И ТЭП* по строительству объектов, осуществляемому за границей с участием организаций Российской Федерации,
определяются:
при строительстве на подрядных условиях:
расчетная стоимость строительства во внутренних (базисных) ценах Российской Федерации;
расчетные затраты российских организаций в смешанных ценах;
расчетная стоимость строительства в валюте страны строительства с выделением расчетной стоимости поставок и услуг российских
организаций;
__________________________________________________________
* Разработка ТЭО или ТЭП производится в случаях, предусмотренных действующим порядком проектирования объектов для строительства за границей.",Data1_2_2069_index.pdf,2
Какие права управляющего проектом предусмотрены в МДС 11-11.2000?,"Управляющему проектом рекомендуется согласовывать с заказчиком и
предусматривать в контрактной документации на проектирование и строительство
пользование следующими правами:
4.2.1.",Data1_10_10858_index.pdf,6
Какие дополнительные сведения должны быть указаны в судебном приказе о взыскании алиментов?,"В судебном приказе о взыскании алиментов на несовершеннолетних детей кроме сведений, 
предусмотренных пунктами 1 - 5 части первой настоящей статьи, указываются место работы должника, имя 
и дата рождения каждого ребенка, на содержание которых присуждены алименты, размер платежей, 
взыскиваемых ежемесячно с должника, и срок их взыскания.",Гражданский процессуальный кодекс Российской Федерации.pdf,50
Как утепляются канализационные стояки согласно ГОСТ МДС 13-18.2000?,"В ФЕРм учтены:
- сметные цены на материалы, изделия и конструкции - по Федеральному сборнику
сметных цен на материалы, изделия и конструкции, применяемые в монтажных
работах (включают средние сложившиеся отпускные цены и транспортные затраты в
размере до 13 % от отпускных цен, учитывающих доставку от франко-склада
изготовителя до франко-приобъектного склада строительства объекта, включая
заготовительно-складские расходы и расходы посредников в сфере обращения);
- затраты труда рабочих, кроме занятых управлением и обслуживанием машин, - в
разрезе квалификационных разрядов, рассчитанные исходя из уровня оплаты труда
рабочих строительного комплекса базового района по состоянию на 1 января 2000 г.",Data1_10_10754_index.pdf,2
В какие сроки должно быть уведомление об одностороннем отказе от договора аренды земельного участка?,"Уведомление об одностороннем отказе от 
договора аренды такого земельного участка или исполнения договора аренды такого земельного участка 
направляется исполнительным органом государственной власти или органом местного самоуправления, 
предусмотренными статьей 39.2 настоящего Кодекса, в течение одного месяца со дня поступления от 
органа местного самоуправления поселения, городского округа по месту нахождения самовольной 
постройки или в случае, если самовольная постройка расположена на межселенной территории, органа 
муниципального района уведомления о невыполнении арендатором указанных обязанностей в срок, 
установленный решением о сносе самовольной постройки либо решением о сносе самовольной постройки 
или ее приведении в соответствие с установленными требованиями, или уведомления о невыполнении 
арендатором таких обязательств по истечении срока, установленного для выполнения таких обязательств 
договором аренды такого земельного участка, за исключением случаев, указанных в пунктах 5 и 7 
настоящей статьи.",Земельный кодекс Российской Федерации.pdf,121
Как может осуществляться разработка проектно-сметной документации на капитальный ремонт сложных объектов согласно ГОСТ МДС 14-13.2000?,"Состав и требования к содержанию разделов проектной документации, представляемой на экспертизу 
проектной документации и в органы государственного строительного надзора, устанавливаются 
Правительством Российской Федерации и дифференцируются применительно к различным видам 
объектов капитального строительства (в том числе к линейным объектам), а также в зависимости от 
назначения объектов капитального строительства, видов работ (строительство, реконструкция, 
капитальный ремонт объектов капитального строительства), их содержания, источников финансирования 
работ и выделения отдельных этапов строительства, реконструкции в соответствии с требованиями 
настоящей статьи и с учетом следующих особенностей: 
1) подготовка проектной документации осуществляется в объеме отдельных разделов применительно к 
различным видам объектов капитального строительства (в том числе к линейным объектам), а также на 
основании задания застройщика или технического заказчика на проектирование в зависимости от 
содержания работ, выполняемых при реконструкции объектов капитального строительства (в случае 
проведения реконструкции объекта капитального строительства); 
2) проект организации строительства объектов капитального строительства должен содержать проект 
организации работ по сносу объектов капитального строительства, их частей (в случае необходимости 
сноса объектов капитального строительства, их частей для строительства, реконструкции других объектов 
капитального строительства);",Градостроительный кодекс Российской Федерации.pdf,119
"Что означает ""запреты и ограничения"" в статье 143?","Комментарии к статьям на сайте 
https://budkod.ru/ 
 
 
 
Принцип эффективности использования бюджетных средств означает, что при составлении 
и исполнении бюджетов участники бюджетного процесса в рамках установленных им бюджетных 
полномочий должны исходить из необходимости достижения заданных результатов с 
использованием наименьшего объема средств (экономности) и (или) достижения наилучшего 
результата с использованием определенного бюджетом объема средств (результативности).",Бюджетный кодекс Российской Федерации.pdf,29
"Какой размер штрафа предусмотрен для лиц, осуществляющих предпринимательскую деятельность без образования юридического лица, за невыполнение правил поведения при чрезвычайной ситуации или угрозе ее возникновения?","Нарушение требований пожарной безопасности, за исключением случаев, предусмотренных статьями 
8.32 и 11.16 настоящего Кодекса и частями 6, 6.1 и 7 настоящей статьи, - 
влечет предупреждение или наложение административного штрафа на граждан в размере от пяти тысяч до 
пятнадцати тысяч рублей; на должностных лиц - от двадцати тысяч до тридцати тысяч рублей; на лиц, 
осуществляющих предпринимательскую деятельность без образования юридического лица, - от сорока 
тысяч до шестидесяти тысяч рублей; на юридических лиц - от трехсот тысяч до четырехсот тысяч рублей.",Административный кодекс Российской Федерации.pdf,436
Какие ключевые термины и определения приведены в разделе 'Общие положения' ГОСТ МДС 81-13.2000?,"Накладные расходы (графы 2 и 3) рассчитываются по нормам по
видам работ в соответствии с Методическими указаниями по определению величины
накладных расходов в строительстве (МДС 81-4.99, МДС 81-5.99).",Data1_10_10754_index.pdf,18
Как заказчик-застройщик проверяет цены и предъявленные к оплате документы подрядных организаций в соответствии с СНиП?,"Заказчик-застройщик несет ответственность за ввод в действие в установленные
сроки производственных мощностей и объектов, сооружаемых в соответствии с
утвержденной проектно-сметной документацией, за своевременную подготовку их к
эксплуатации, 
обеспечение 
высокого 
уровня 
архитектуры 
и 
градостроительства,
проектных решений и качества строительства, определение и соблюдение утвержденной
сметной стоимости строительства, договорных цен (не допуская необоснованного их
превышения), своевременную поставку оборудования, а также оплату выполненных
строительно-монтажных работ и поставляемого оборудования.",Data1_1_1804_index.pdf,2
Какие требования к сокращенному объему проектной документации предъявляет ГОСТ?,"Дополнительные указания по разработке проектно-сметной документации
(обеспечение потребностей инвалидов, выпуск документации в сокращенном
объеме и другие требования)
 
 
ЗАКАЗЧИК
___________________________________
(наименование организации)
___________________________________
___________________________________
(должность)
___________________________________
(подпись)                      (фамилия)
«__» _____________________ 199__ г.",Data1_10_10859_index.pdf,7
"Какие исключения предусмотрены ГОСТ МДС 81-8.2000 для финансирования пусконаладочных работ в детских учреждениях, школах и домах-интернатах?","Однако, учитывая особую социальную значимость детских учреждений, школ и
домов-интернатов, Управление ценообразования Минстроя России письмом от 01.11.96 г.",Data1_10_10864_index.pdf,3
Какой разряд зрительной работы установлен для лестничных клеток согласно ГОСТ МДС 31-8.2002?,"Вид здания
Характеристика зрительной работы
Наименьший
размер объекта
различения, мм
Разряд
зрительной
работы
Подразряд
зрительной
работы
Нормируемое значение КЕО,
ен, %
при
естественном
освещении
при
совмещенном
освещении
при 
высокой 
насыщенности
помещений светом
Г
-
3,0
1,8
при нормальной насыщенности
помещений светом
Д
-
2,5
1,5
при 
низкой 
насыщенности
помещений светом
Е
-
2,0
1,2
Общая 
ориентировка 
в
пространстве интерьера и зонах
передвижения 
при 
большом 
и
малом скоплении людей
То же
Ж
-
Не регламентируется
З
-
Производственные
Наивысшей точности
Менее 0,15
I
-
-
6,0
Очень высокой точности
От 0,15 до 0,30
II
-
-
4,2
Высокой точности
От 0,30 до 0,50
III
-
-
3,0
Средней точности
Свыше 0,5 до 1,0
IV
-
4,0
2,4
Малой точности и грубая (очень
малой 
точности) 
работа 
со
светящимися изделиями в горячих
цехах
Свыше 1,0
V, VI, VII
-
3,0
1,8
Общее 
наблюдение 
за 
ходом
производственного процесса:
 
 
 
 
 
постоянное
 
VIII
-
3
1,8
периодическое при постоянном
пребывании людей в помещении
 
 
 
1
0,7
периодическое 
при
непостоянном пребывании людей в
помещении
 
 
 
0,7
0,5
общее 
наблюдение 
за
инженерными коммуникациями
 
 
 
0,3
0,2
* Относительная продолжительность зрительной работы, %.",Data1_10_10846_index.pdf,13
Что такое субсидии на оплату жилого помещения и коммунальных услуг?,"Размер расходов граждан и организаций в составе платы за содержание жилого помещения в 
многоквартирном доме на оплату коммунальных ресурсов, потребляемых при использовании и 
содержании общего имущества в многоквартирном доме, определяется при наличии коллективного 
(общедомового) прибора учета исходя из норматива потребления соответствующего вида коммунальных 
ресурсов, потребляемых при использовании и содержании общего имущества в многоквартирном доме, 
который утверждается органами государственной власти субъектов Российской Федерации в порядке, 
установленном Правительством Российской Федерации, по тарифам, установленным органами 
государственной власти субъектов Российской Федерации, с проведением перерасчета размера таких 
расходов исходя из показаний коллективного (общедомового) прибора учета в порядке, установленном 
Правительством Российской Федерации.",Жилищный кодекс Российской Федерации.pdf,121
Какая высота борта ванны зависит от волн согласно ГОСТ МДС 35-7.2000?,"1 - пандус; 2 - обходная дорожка; 3 - камера волнообразующей машины; 4 - высота борта (зависит от
волн); 5 - нормальный уровень воды
ДЕТАЛИ И ЭЛЕМЕНТЫ ДЕТСКИХ ВАНН
· Для детей слепых и ограниченно зрячих необходима тактильная и цветовая
разметка пола для ориентации в помещении.",Data1_10_10847_index.pdf,32
Может ли законодательство государств-членов устанавливать иные основания для исключения таможенного перевозчика из реестра?,"Декларантами товаров для личного пользования могут выступать достигшие 16-летнего 
возраста физические лица государств-членов или иностранные физические лица: 
1) имеющие на момент пересечения таможенной границы Союза право владения, 
пользования и (или) распоряжения в отношении товаров для личного пользования, перемещаемых 
через таможенную границу Союза в сопровождаемом багаже; 
2) передавшие (передающие) перевозчику товары для личного пользования, в том числе 
транспортные средства для личного пользования, перемещаемые через таможенную границу Союза 
в несопровождаемом багаже; 
3) являющиеся отправителями товаров для личного пользования, а в случаях, 
устанавливаемых законодательством государств-членов, - получателями товаров для личного 
пользования, пересылаемых в международных почтовых отправлениях; 
4) в адрес которых или от которых товары для личного пользования, в том числе 
транспортные средства для личного пользования, доставляются перевозчиком; 
5) обладающие правом собственности в отношении транспортного средства для личного 
пользования, таможенное декларирование которого осуществляется для выпуска в свободное 
обращение; 
6) следующие через таможенную границу Союза в транспортном средстве для личного 
пользования, принадлежащем им на праве владения, пользования и (или) распоряжения, если иное 
не установлено настоящей главой; 
7) приобретшие право владения, пользования и (или) распоряжения транспортным 
средством для личного пользования, находящимся на таможенной территории Союза под 
таможенным контролем, в том числе по решению суда либо праву наследования; 
8) обладающие правом владения, пользования и (или) распоряжения транспортным 
средством для личного пользования, находящимся на таможенной территории Союза под 
таможенным контролем, помещаемым под таможенную процедуру таможенного транзита; 
9) осуществляющие вывоз с таможенной территории Союза временно ввезенного 
транспортного средства для личного пользования, переданного им в соответствии с подпунктами 2 
и 3 пункта 8 и пунктом 9 статьи 264 настоящего Кодекса; 
10) сопровождающие физических лиц, не достигших 16-летнего возраста (один из 
родителей, усыновителей, опекунов или попечителей этих лиц, иное сопровождающее лицо либо 
представитель перевозчика при отсутствии сопровождающих лиц, а при организованном выезде 
(въезде) группы несовершеннолетних лиц без сопровождения родителей, усыновителей, опекунов 
или попечителей, иных лиц - руководитель группы либо представитель перевозчика), - в 
отношении товаров для личного пользования физических лиц, не достигших 16-летнего возраста;",Таможенный кодекс Евразийского экономического союза.pdf,302
"Какие документы необходимы для подтверждения права на имущественный налоговый вычет при приобретении прав на квартиру, комнату или долю в строящемся доме?","Комментарии к статьям на сайте
https://nkodeksrf.ru/
расходы на приобретение жилого дома или доли (долей) в нем, в том числе не оконченного 
строительством; 
расходы, связанные с работами или услугами по строительству (достройке жилого дома или доли (долей) в 
нем, не оконченного строительством) и отделке; 
расходы на подключение к сетям электро-, водо- и газоснабжения и канализации или создание автономных 
источников электро-, водо- и газоснабжения и канализации; 
4) в фактические расходы на приобретение квартиры, комнаты или доли (долей) в них могут включаться 
следующие расходы: 
расходы на приобретение квартиры, комнаты или доли (долей) в них либо прав на квартиру, комнату или 
доли (долей) в них в строящемся доме; 
расходы на приобретение отделочных материалов; 
расходы на работы, связанные с отделкой квартиры, комнаты или доли (долей) в них, а также расходы на 
разработку проектной и сметной документации на проведение отделочных работ; 
5) принятие к вычету расходов на достройку и отделку приобретенного жилого дома или доли (долей) в них 
либо отделку приобретенной квартиры, комнаты или доли (долей) в них возможно в том случае, если 
договор, на основании которого осуществлено такое приобретение, предусматривает приобретение не 
завершенных строительством жилого дома, квартиры, комнаты (прав на квартиру, комнату) без отделки или 
доли (долей) в них; 
6) если иное не предусмотрено пунктом 8.1 настоящей статьи, для подтверждения права на имущественный 
налоговый вычет налогоплательщик представляет в налоговый орган: 
договор о приобретении жилого дома или доли (долей) в нем - при приобретении жилого дома или доли 
(долей) в нем; 
договор о строительстве жилого дома или доли (долей) в нем - при привлечении в целях строительства 
жилого дома или доли (долей) в нем сторонних лиц; 
договор о приобретении квартиры, комнаты или доли (долей) в них - при приобретении квартиры, комнаты 
или доли (долей) в них в собственность; 
договор участия в долевом строительстве и передаточный акт или иной документ о передаче объекта 
долевого строительства застройщиком и принятии его участником долевого строительства, подписанный 
сторонами, - при приобретении прав на квартиру, комнату или долю (доли) в них в строящемся доме; 
договор о приобретении земельного участка или доли (долей) в нем - при приобретении земельного 
участка или доли (долей) в нем, предоставленного для индивидуального жилищного строительства, и 
земельного участка, на котором расположены приобретаемые жилой дом или доля (доли) в нем; 
свидетельство о рождении ребенка - при приобретении родителями жилого дома, квартиры, комнаты или 
доли (долей) в них, земельных участков или доли (долей) в них, предоставленных для индивидуального 
жилищного строительства, и земельных участков или доли (долей) в них, на которых расположены 
приобретаемые жилые дома или доля (доли) в них, в собственность своих детей в возрасте до 18 лет;",Налоговый кодекс Российской Федерации.pdf,854
Как определяются правомочия доверительного управляющего по распоряжению ценными бумагами?,"Комментарии к статьям на сайте
https://nkodeksrf.ru/
выплате (об объявлении) дохода, на открытом держателем реестра счете неустановленных лиц, лицам, в 
отношении которых установлено их право на получение такого дохода; 
5) депозитарий, осуществляющий выплату налогоплательщику дохода по ценным бумагам, выпущенным 
российскими организациями, права по которым учитываются в таком депозитарии на дату, определенную в 
решении о выплате (об объявлении) дохода, на следующих счетах: 
счете депо владельца этих ценных бумаг, в том числе торговом счете депо владельца; 
депозитном счете депо; 
счете депо доверительного управляющего, если этот доверительный управляющий на дату, на которую в 
соответствии с решением организации определяются лица, имеющие право на получение дохода, не 
является профессиональным участником рынка ценных бумаг; 
субсчете депо, открытом в депозитарии в соответствии с Федеральным законом от 7 февраля 2011 года N 7-
ФЗ ""О клиринге и клиринговой деятельности"", за исключением субсчета депо номинального держателя; 
субсчете депо, открытом в соответствии с Федеральным законом от 29 ноября 2001 года N 156-ФЗ ""Об 
инвестиционных фондах""; 
6) депозитарий, осуществляющий выплату налогоплательщику дохода по ценным бумагам, выпущенным 
российской организацией, которые учитываются на дату, определенную в решении о выплате (об 
объявлении) дохода по ценным бумагам, на открытом этим депозитарием счете неустановленных лиц, 
лицам, в отношении которых установлено их право на получение такого дохода; 
7) депозитарий, осуществляющий на основании депозитарного договора выплату (перечисление) 
налогоплательщику дохода в денежной форме по следующим видам ценных бумаг, которые учитываются 
на счете депо иностранного номинального держателя, счете депо иностранного уполномоченного 
держателя и (или) счете депо депозитарных программ: 
по государственным ценным бумагам Российской Федерации с обязательным централизованным 
хранением; 
по государственным ценным бумагам субъектов Российской Федерации с обязательным централизованным 
хранением; 
по муниципальным ценным бумагам с обязательным централизованным хранением независимо от даты 
государственной регистрации их выпуска; 
по эмиссионным ценным бумагам с обязательным централизованным хранением, выпущенным 
российскими организациями, выпуск (государственная регистрация) которых или присвоение 
идентификационного номера которым осуществлены после 1 января 2012 года; 
по иным эмиссионным ценным бумагам, выпущенным российскими организациями, за исключением 
эмиссионных ценных бумаг с обязательным централизованным хранением выпусков, государственная 
регистрация которых или присвоение идентификационного номера которым осуществлены до 1 января 
2012 года.",Налоговый кодекс Российской Федерации.pdf,876
Какие данные о совместном применении указываются в указаниях по применению?,"(Графические материалы)
ТЕХНИЧЕСКАЯ ХАРАКТЕРИСТИКА
Шифр
Габаритные размеры, мм
Масса изделия, т
(Другие данные, необходимые для
характеристики изделия, узла)
L
В
Н
Д
 
 
 
 
 
 
 
УКАЗАНИЯ ПО ПРИМЕНЕНИЮ
(сведения о назначении (использовании) конструкций, изделий,
их функциональных особенностях, об использовании как в
сейсмических, так и в несейсмических районах, совместному их
применению и др.)
Продолжение формы 6
СК-2
Наименование проектной
документации
Обозначение
Порядковый
№ __
ДОПОЛНИТЕЛЬНЫЕ ДАННЫЕ
(расшифровка маркировки конструкции, изделия, сведения о
преимуществах вновь разработанной серии и др.)
СОСТАВ ПРОЕКТНОЙ ДОКУМЕНТАЦИИ
Обозначение выпуска
Наименование выпуска
 
 
Полный объем проектных материалов, приведенных к формату А4
ПРИМЕНЕННАЯ ПРОЕКТНАЯ ДОКУМЕНТАЦИЯ
Обозначение серии
Обозначение
выпуска
Наименование серии
Наименование
выпуска",Data1_10_10849_index.pdf,16
Какая основная заработная плата указана в таблице 1 согласно ГОСТ?,"2.4, 2.7;
- районные в размерах, установленных действующим законодательством;
- 
установленные 
решениями 
директивных 
органов 
для 
отдельных 
строек,
расположенных в высокогорных, безводных, пустынных и других сложных условиях;
- начислить в установленных размерах накладные расходы на скорректированную
основную заработную плату и плановые накопления на сумму прямых затрат и
накладных расходов;
- учесть затраты на увеличение заработной платы пусконаладочного персонала
согласно п.",Data1_10_10864_index.pdf,34
Какие машины могут учитываться в расчете затрат на эксплуатацию?,"Затраты на перебазирование строительных машин, не учтенные в составе
сметных расценок на эксплуатацию строительных машин, учитываются в сметной
документации отдельной строкой на основании калькуляций, учитывающих
фактические условия перевозки, монтажа и демонтажа машин в соответствии с
проектом производства работ.",Data1_10_10754_index.pdf,3
Какие данные необходимы для расчета коэффициента пересчета сметной стоимости работ по монтажу оборудования согласно Форме № 4?,"Порядок дополнения сборников федеральных единичных расценок
Приложение 1 Перечень сборников ФЕРм-2001
Приложение 2 Форма выходной таблицы ФЕРм-2001
Приложение 3 Рекомендуемые коэффициенты к нормам затрат труда, оплате
труда рабочих-монтажников (с учетом коэффициентов к расценкам из
технической части сборников), затратам на эксплуатацию машин (включая
оплату труда рабочих, обслуживающих машины), для учета в сметах влияния
условий производства работ, предусмотренных проектами
Приложение 4 Формы, используемые при расчете коэффициентов для
пересчета федеральных единичных расценок на монтаж оборудования (ФЕРм)
в территориальный (отраслевой) уровень цен
Приложение 5 Пример расчета коэффициентов к федеральным единичным
расценкам на монтаж оборудования при применении их для региона (отрасли),
в которых отсутствуют территориальные (отраслевые) расценки
Форма № 1 – Ведомость потребных ресурсов по РТМ
Форма № 2 - Расчет коэффициента пересчета оплаты труда рабочих-
монтажников
Форма № 3 - Расчет коэффициента пересчета стоимости эксплуатации
машин и оплаты труда машинистов
Форма № 4 - Расчет коэффициента пересчета стоимости материалов
Форма № 5 Расчет коэффициента пересчета сметной стоимости работ по
монтажу оборудования.",Data1_10_10754_index.pdf,31
В какие сроки должны быть выданы или направлены решения о предоставлении жилых помещений по договорам социального найма?,"Решения о предоставлении жилых помещений по договорам социального найма выдаются или 
направляются гражданам, в отношении которых данные решения приняты, не позднее чем через три 
рабочих дня со дня принятия данных решений.",Жилищный кодекс Российской Федерации.pdf,56
Какие виды профессиональной тайны упоминаются в тексте?,"Если специалист в соответствии с заключенным соглашением действует в
качестве представителя (посредника, доверенного лица) заказчика, он обязан,
соблюдая законные интересы заказчика в отношениях с другими участниками
инвестиционного 
процесса, 
выносить 
профессиональные 
добросовестные 
и
беспристрастные решения, не давая предпочтения какой-либо стороне.",Data1_10_10851_index.pdf,4
Какие меры предписаны ГОСТ МДС 17-13.2000 при протекании канализационной сети?,"ПАМФИЛОВА)
МЕТОДИЧЕСКИЕ РЕКОМЕНДАЦИИ
ПО ЛИКВИДАЦИИ НАРУШЕНИЙ
В СОДЕРЖАНИИ И ИСПОЛЬЗОВАНИИ
ЖИЛИЩНОГО ФОНДА
И ПРИДОМОВЫХ ТЕРРИТОРИЙ
МДС 13-17.2000
УТВЕРЖДЕНЫ
приказом директора Департамента
жилищно-коммунального хозяйства
Министерства строительства Российской Федерации
29 марта 1995 г.",Data1_10_10861_index.pdf,1
Какие типы оборудования перечислены в Приложении 19 к ГОСТ (к СНиП 3.02.01-83) для силикатизации и смолизации грунтов?,"Пособие
по производству работ при устройстве оснований и фундаментов
(к СНиП 3.02.01-83)
 
Часть 1
Раздел 1 Общая часть
Раздел 2 Естественные основания
Раздел 3 Уплотнение грунтов
Раздел 4 Строительное водопонижение
Раздел 5 Закрепление грунтов
Раздел 6 Искусственное замораживание грунтов
Часть 2
Раздел 7 Сооружения, устраиваемые способом ""стена в грунте""
Раздел 8 Свайные фундаменты, шпунтовые ограждения и анкеры
Раздел 9 Опускные колодцы и кессоны
Приложения",Data1_11_11293_index.pdf,1
Какие требования предъявляются к разработке альтернативного варианта оферты согласно ГОСТ МДС-80-8.2000?,"Тендерная документация должна содержать исходную информацию о технических, коммерческих,
организационных и иных характеристиках объекта и предмета торгов, определяющих требования к
разработке оферты и критериям оценки выбора победителя торгов.",Data1_10_10865_index.pdf,2
В каких случаях срок пребывания руководителя научной организации в должности может быть продлен?,"В случае поступления ходатайств от участников производства по делу об административном 
правонарушении либо в случае необходимости в дополнительном выяснении обстоятельств дела срок 
рассмотрения дела может быть продлен судьей, органом, должностным лицом, рассматривающими дело, 
но не более чем на один месяц.",Административный кодекс Российской Федерации.pdf,575
Кто такие экспертные организации?,"Комментарии к статьям на сайте 
https://grkodeksrf.ru/ 
 
 
 
 
 
1) саморегулируемая организация в пределах средств компенсационного фонда возмещения вреда в 
случае, если лицо, выполнившее работы по инженерным изысканиям, подготовке проектной 
документации, внесению изменений в такую проектную документацию в соответствии с настоящим 
Кодексом, по строительству, реконструкции, капитальному ремонту объекта капитального строительства, 
или лицо, осуществившее функции технического заказчика в отношении такого объекта, являлось членом 
такой саморегулируемой организации; 
1.1) соответствующее Национальное объединение саморегулируемых организаций в случае исключения 
сведений об указанной в пункте 1 настоящей части саморегулируемой организации из государственного 
реестра саморегулируемых организаций в пределах средств компенсационного фонда возмещения вреда 
указанной саморегулируемой организации, зачисленных на счет такого Национального объединения, либо 
саморегулируемая организация, членом которой стали технический заказчик и (или) лицо, выполнившее 
работы по инженерным изысканиям, подготовке проектной документации, по строительству, 
реконструкции, капитальному ремонту объекта капитального строительства, вследствие недостатков 
которых причинен вред, в случае, если такое Национальное объединение саморегулируемых организаций 
перечислило в порядке, предусмотренном частью 16 статьи 55.16 настоящего Кодекса, средства 
компенсационного фонда возмещения вреда на счет указанной саморегулируемой организации; 
2) организация, которая провела государственную экспертизу результатов инженерных изысканий или 
негосударственную экспертизу результатов инженерных изысканий, если вред причинен в результате 
несоответствия результатов инженерных изысканий требованиям технических регламентов и имеется 
положительное заключение государственной экспертизы результатов инженерных изысканий или 
положительное заключение негосударственной экспертизы результатов инженерных изысканий; 
3) организация, которая провела государственную экспертизу проектной документации или 
негосударственную экспертизу проектной документации, если вред причинен в результате несоответствия 
проектной документации требованиям, указанным в пункте 1 части 5 статьи 49 настоящего Кодекса, и (или) 
результатам инженерных изысканий и имеется положительное заключение государственной экспертизы 
проектной документации или положительное заключение негосударственной экспертизы проектной 
документации; 
3.1) организации, проводившей экспертизу проектной документации и осуществлявшей экспертное 
сопровождение внесения изменений в такую проектную документацию, если вред причинен в результате 
несоответствия этих изменений требованиям, указанным в пункте 1 части 5 статьи 49 настоящего Кодекса, 
и (или) результатам инженерных изысканий; 
4) Российская Федерация или субъект Российской Федерации, если вред причинен в результате 
несоответствия построенного, реконструированного объекта капитального строительства и (или) работ, 
выполненных в процессе строительства, реконструкции объекта капитального строительства, требованиям 
утвержденной в соответствии с частями 15, 15.2 и 15.3 статьи 48 настоящего Кодекса проектной 
документации и имеется положительное заключение органа государственного строительного надзора.",Градостроительный кодекс Российской Федерации.pdf,284
Как федеральный орган исполнительной власти уведомляет организацию о результате взаимосогласительной процедуры?,"Предусмотренное настоящим пунктом соглашение о ценообразовании основывается на взаимном 
соглашении федерального органа исполнительной власти, уполномоченного по контролю и надзору в 
области налогов и сборов, и уполномоченного органа исполнительной власти иностранного государства, 
достигнутом по результатам проведенной с учетом положений главы 20.3 настоящего Кодекса 
взаимосогласительной процедуры, предусмотренной международным договором Российской Федерации 
по вопросам налогообложения.",Налоговый кодекс Российской Федерации.pdf,332
"Как учреждение или орган, на которые возложено исполнение наказания, извещает суд о месте отбывания наказания осужденным?","Учреждение или орган, на которые возложено исполнение наказания, должны извещать суд, 
постановивший приговор, о месте отбывания наказания осужденным.",Уголовно-процессуальный кодекс Российской Федерации.pdf,241
В каких случаях налогоплательщик - участник соглашения о защите и поощрении капиталовложений может уменьшать подлежащие уплате суммы налогов?,"Комментарии к статьям на сайте
https://nkodeksrf.ru/
В отношении налогоплательщиков, являющихся стороной соответствующего соглашения о защите и 
поощрении капиталовложений, заключенного с субъектом Российской Федерации, не применяются 
положения последующих актов законодательства о налогах и сборах в части изменения порядка 
определения налоговой базы, налоговых ставок, налоговых льгот, порядка и (или) сроков уплаты по налогу 
на имущество организаций и транспортному налогу.",Налоговый кодекс Российской Федерации.pdf,7
Какие санкции могут быть применены к нарушителям положений Примерного профессионального кодекса инженеров-строителей согласно ГОСТу и СНиП?,"Нарушение положений Кодекса влечет за собой применение к нарушителю
следующих санкций со стороны коллег:
предупреждение;
общественное порицание;
ходатайство 
перед 
соответствующими 
должностными 
лицами 
и 
(или)
организациями о временном или постоянном ограничении профессиональной
деятельности специалиста;
выражение профессионального недоверия специалисту и его исключение из
членов 
профессиональной 
общественной 
организации 
в 
совокупности 
с
ходатайством об увольнении специалиста из соответствующего предприятия
(организации).",Data1_10_10851_index.pdf,6
Какое сечение проводов должно быть рассчитано при проектировании воздушной линии электропередачи на напряжение 35 кВ согласно ГОСТ МДС-80-8.2000?,"Под охранной зоной вдоль воздушных линий электропередачи рассматривается участок земли и
пространства, заключенный между вертикальными плоскостями, проходящими через параллельные
прямые, отстоящие от крайних проводов (при не отклоненном их положении) на следующие
расстояния:
Линии напряжением, кВ
м
1
2
1 до 20
10
35
15
110
20
150
25
220, 330
25
400
30
500
30
750
40
800 (постоянный ток)
30
2.",Data1_10_10754_index.pdf,22
Кто обязан представлять уведомления об участии в международной группе компаний?,"При обнаружении налогоплательщиком в уведомлении об участии в международной группе компаний 
неполноты сведений, неточностей либо ошибок в его заполнении налогоплательщик вправе представить 
уточненное уведомление об участии в международной группе компаний.",Налоговый кодекс Российской Федерации.pdf,314
"Какой закон РФ вносит изменения и дополнения в Закон РСФСР ""О медицинском страховании граждан в РСФСР""?","Закон РФ от
02.04.93 № 4741-1
«О внесении
изменений и
дополнений в Закон
РСФСР ""О
медицинском
страховании
граждан в РСФСР""».",Data1_2_2070_index.pdf,33
"Какое углеводородное сырье, добытое на морском месторождении углеводородного сырья, освобождается от налогообложения?","В случае, если налогоплательщик, указанный в пункте 1 настоящей статьи, в течение отчетного 
(налогового) периода передает углеводородное сырье, добытое на новом морском месторождении 
углеводородного сырья, на переработку другим структурным подразделениям этого же налогоплательщика 
или передает такое сырье третьим лицам для переработки на давальческой основе и при этом такая 
переработка углеводородного сырья другими структурными подразделениями налогоплательщика или 
третьими лицами не относится к осуществлению деятельности, связанной с добычей углеводородного 
сырья на новом морском месторождении углеводородного сырья, такой налогоплательщик при исчислении 
налоговой базы за соответствующий отчетный (налоговый) период проводит следующие корректировки 
доходов от реализации и расходов, связанных с производством и реализацией: 
при исчислении налоговой базы при осуществлении деятельности, связанной с добычей углеводородного 
сырья на указанном новом морском месторождении углеводородного сырья, доходы от реализации 
увеличиваются на стоимость такого углеводородного сырья; 
при исчислении налоговой базы, к которой применяется налоговая ставка, установленная 
пунктом 1 статьи 284 настоящего Кодекса, расходы, связанные с производством и реализацией, 
увеличиваются на стоимость такого углеводородного сырья.",Налоговый кодекс Российской Федерации.pdf,1035
"Какой год издания у рекомендаций по проектированию, устройству и эксплуатации светопрозрачных конструкций промышленных зданий, выпущенных ЦНИИпромзданий Госстроя СССР?","Рекомендации по проектированию, устройству и эксплуатации светопрозрачных конструкций
промышленных зданий/ЦНИИпромзданий Госстроя СССР.",Data1_10_10846_index.pdf,54
Может ли принципал ссылаться на отсутствие у агента надлежащих полномочий в отношениях с третьими лицами?,"В случаях, когда в агентском договоре, заключенном в письменной форме, предусмотрены общие 
полномочия агента на совершение сделок от имени принципала, последний в отношениях с третьими 
лицами не вправе ссылаться на отсутствие у агента надлежащих полномочий, если не докажет, что третье 
лицо знало или должно было знать об ограничении полномочий агента.",Гражданский кодекс Российской Федерации.pdf,408
Какой телефон можно использовать для получения бесплатной юридической консультации в регионах России?,"Бесплатная юридическая консультация по телефонам: 
• 8 (499) 938-53-71 (Москва и МО); 
 
• 8 (812) 467-95-28 (Санкт-Петербург и ЛО); 
• 8 (800) 301-92-12 (Регионы РФ).",Административный кодекс Российской Федерации.pdf,347
"Какой штраф предусмотрен за представление странового отчета, содержащего недостоверные сведения?","Представление налоговым агентом налоговому органу документов, предусмотренных настоящим 
Кодексом, содержащих недостоверные сведения, если такое деяние не содержит признаков налогового 
правонарушения, предусмотренного статьей 126.2 настоящего Кодекса, 
влечет взыскание штрафа в размере 500 рублей за каждый представленный документ, содержащий 
недостоверные сведения.",Налоговый кодекс Российской Федерации.pdf,359
Какие требования к отчетности об исполнении государственного (муниципального) задания должны быть указаны?,"ПРИЛОЖЕНИЕ 3
ОСНОВНЫЕ ТРЕБОВАНИЯ К ЗАДАНИЮ НА РАЗРАБОТКУ СХЕМЫ И ПРОЕКТА
РАЙОННОЙ ПЛАНИРОВКИ, ГЕНЕРАЛЬНОГО ПЛАНА ГОРОДА, ДРУГОГО
ПОСЕЛЕНИЯ, ТЕРРИТОРИИ СЕЛЬСКОГО ОРГАНА МЕСТНОГО
САМОУПРАВЛЕНИЯ
В задании на разработку схемы и проекта районной планировки, генерального плана
города, другого поселения, территории сельского органа моечного самоуправления должны
быть указаны:
наименование объекта, его основные характеристики (местоположение, численность
населения, территория, основные виды ресурсов, профилирующие отрасли производства,
административная 
структура, 
условия 
обеспечения 
инженерно-транспортной
инфраструктурой, другие специфические характеристики);
основание для проектирования;
состав 
участников 
разработки 
и 
согласования 
проектных 
материалов 
и 
их
взаимообязательства;
кем и в какие сроки должны выдаваться исходные данные для проектирования;
состав 
подлежащих 
передаче 
материалов 
и 
услуг 
по 
этапам 
(если 
они
предусматриваются), сроки и стоимость работ;
требования к содержанию и форме представляемых материалов, сроки проектирования;",Data1_1_1904_index.pdf,27
Как уполномоченный орган выдает заключение об исчезновении характерных условий?,"Подготовка предусмотренных пунктом 10 настоящей статьи сведений о границах зоны с особыми 
условиями использования территории обеспечивается собственниками зданий, сооружений, в связи с 
размещением которых устанавливаются или изменяются соответствующие зоны (концессионером, 
частным партнером в период действия концессионного соглашения, соглашения о государственно-частном 
партнерстве, соглашения о муниципально-частном партнерстве, предметом которых является эксплуатация 
(использование) таких здания, сооружения, если иное не предусмотрено указанными соглашениями), 
иным правообладателем таких здания, сооружения, если данная обязанность предусмотрена документом, 
на основании которого им осуществляются владение и (или) пользование такими зданием, сооружением, 
застройщиками в случае установления зоны с особыми условиями использования территории в связи с 
размещением планируемого к строительству объекта, а при отсутствии правообладателей, застройщиков 
или в случае установления зон с особыми условиями использования территорий по основаниям, не 
связанным с размещением зданий, сооружений, - органами государственной власти или органами 
местного самоуправления, уполномоченными на принятие решений об установлении, изменении, о 
прекращении существования зоны с особыми условиями использования территории, органами 
государственной власти или органами местного самоуправления, уполномоченными на установление 
границ зоны с особыми условиями использования территории, возникающей в силу федерального закона.",Земельный кодекс Российской Федерации.pdf,190
Кто проводит экспертизу?,"Оценка соответствия изменений, внесенных в проектную документацию, получившую положительное 
заключение экспертизы проектной документации (в том числе изменений, не предусмотренных частью 3.8 
настоящей статьи), требованиям технических регламентов, санитарно-эпидемиологическим требованиям, 
требованиям в области охраны окружающей среды, требованиям государственной охраны объектов 
культурного наследия, требованиям к безопасному использованию атомной энергии, требованиям 
промышленной безопасности, требованиям к обеспечению надежности и безопасности 
электроэнергетических систем и объектов электроэнергетики, требованиям антитеррористической 
защищенности объекта, заданию застройщика или технического заказчика на проектирование, 
результатам инженерных изысканий по решению застройщика или технического заказчика может 
осуществляться в форме экспертного сопровождения органом исполнительной власти или организацией, 
проводившими экспертизу проектной документации, которые подтверждают соответствие внесенных в 
проектную документацию изменений указанным в настоящей части требованиям.",Градостроительный кодекс Российской Федерации.pdf,127
"Проводится ли предварительное судебное заседание в делах, рассматриваемых в порядке упрощенного производства?","Комментарии к статьям на сайте 
https://kodasrf.ru/ 
 
 
 
ответчику и заинтересованному лицу посредством размещения в установленном порядке в 
информационно-телекоммуникационной сети ""Интернет"" в разделе, доступ к которому 
предоставляется лицам, участвующим в деле, и иным участникам процесса (далее также - в режиме 
ограниченного доступа), и (или) указанным лицам сообщается о возможности ознакомления с 
такими документами и изготовления их копий в суде; 
2) вызывает стороны, их представителей и разъясняет им процессуальные права и 
обязанности, последствия совершения или несовершения сторонами процессуальных действий в 
установленный процессуальный срок; опрашивает административного истца, административного 
ответчика, их представителей по существу заявленных требований и возражений; выясняет, 
поддерживает ли административный истец административное исковое заявление полностью или в 
части, признает ли административный ответчик административное исковое заявление полностью 
или в части; 
3) разрешает вопрос о вступлении в административное дело других административных 
истцов, административных ответчиков и заинтересованных лиц, а также вопрос о замене 
ненадлежащего административного ответчика; 
4) рассматривает вопрос о соединении или разъединении нескольких требований; 
5) рассматривает вопрос о получении необходимых доказательств и предлагает представить 
их в определенный судом срок; 
6) при необходимости оказывает лицам, не обладающим властными и иными публичными 
полномочиями, 
содействие 
в 
представлении 
доказательств 
и 
истребует 
их; 
истребует 
доказательства по своей инициативе, разрешает вопросы о вызове свидетелей, назначении 
экспертизы, привлечении к участию в судебном процессе специалиста, переводчика; в случаях, не 
терпящих отлагательства, разрешает вопрос об исследовании и осмотре на месте письменных и 
вещественных доказательств, а также принимает иные меры, связанные с представлением 
доказательств; 
7) направляет судебные поручения; 
8) по ходатайству административного истца или его представителя разрешает вопрос о 
применении мер предварительной защиты по административному иску; 
9) по ходатайству лиц, участвующих в деле, их представителей или по своей инициативе 
разрешает вопрос о возможности участия в судебном заседании, в том числе в предварительном 
судебном заседании, лиц, участвующих в деле, путем использования систем видеоконференц-связи 
либо системы веб-конференции, а также принимает меры по обеспечению такого участия.",Кодекс административного судопроизводства Российской Федерации.pdf,75
"Какие организации могут принимать от граждан в залог движимые вещи, предназначенные для личного потребления?","Спонсорство табака или никотинсодержащей продукции либо стимулирование продажи табака, 
табачной продукции, никотинсодержащей продукции, устройств для потребления никотинсодержащей 
продукции или кальянов и (или) потребления табака или потребления никотинсодержащей продукции, за 
исключением случаев, предусмотренных частями 2 и 3 настоящей статьи, - 
влечет наложение административного штрафа на граждан в размере от двух тысяч до трех тысяч рублей; 
на должностных лиц - от пяти тысяч до пятнадцати тысяч рублей; на юридических лиц - от восьмидесяти 
тысяч до ста пятидесяти тысяч рублей.",Административный кодекс Российской Федерации.pdf,245
В каком случае арбитражный суд может поручить другому арбитражному суду произвести определенные процессуальные действия?,"Арбитражный суд, рассматривающий дело, в случае невозможности получения 
доказательств, находящихся на территории другого субъекта Российской Федерации, в порядке, 
предусмотренном 
статьей 
66 
настоящего 
Кодекса, 
вправе 
поручить 
соответствующему 
арбитражному суду произвести определенные процессуальные действия.",Арбитражный процессуальный кодекс Российской Федерации.pdf,35
Какие виды инспекционных проверок выполняются Государственной жилищной инспекцией согласно МДС 17-13.2000?,"Основанием 
для 
применения 
финансовых 
санкций 
является 
выданное
государственной жилищной инспекцией предписание об установлении фактов нарушения
установленных нормативных требований к содержанию и использованию жилищного
фонда и придомовых территорий, а также акты проверки исполнения выданного
предписания.",Data1_10_10861_index.pdf,36
"Кто осуществляет контроль за межбюджетными субсидиями, субвенциями, трансфертами и кредитами?","Государственный финансовый контроль за соблюдением целей, порядка и условий 
предоставления из федерального бюджета (бюджетов государственных внебюджетных фондов 
Российской Федерации) межбюджетных субсидий, субвенций, иных межбюджетных трансфертов, 
имеющих целевое назначение, бюджетных кредитов, а также за соблюдением условий договоров 
(соглашений) об их предоставлении и контрактов (договоров, соглашений), источником 
финансового обеспечения (софинансирования) которых являются указанные межбюджетные 
трансферты, бюджетные кредиты на финансовое обеспечение реализации инфраструктурных 
проектов, осуществляется Счетной палатой Российской Федерации и Федеральным казначейством 
в отношении: 
главных администраторов (администраторов) средств федерального бюджета (бюджетов 
государственных внебюджетных фондов Российской Федерации); 
финансовых органов и главных администраторов (администраторов) средств бюджетов 
субъектов Российской Федерации, бюджетов территориальных государственных внебюджетных 
фондов, высших исполнительных органов государственной власти субъектов Российской 
Федерации; 
финансовых органов и главных администраторов (администраторов) средств бюджетов 
муниципальных образований, местных администраций; 
юридических и физических лиц, индивидуальных предпринимателей (с учетом положений 
пункта 2 настоящей статьи), которым предоставлены средства из бюджетов субъектов Российской 
Федерации (местных бюджетов).",Бюджетный кодекс Российской Федерации.pdf,391
Что такое «договорное потребление теплоносителя» в документе МДС 41-3.2000?,"получать 
информацию 
от 
теплоснабжающей 
организации 
о 
качестве
теплоносителей и контролировать его;
получить технические условия на присоединение к системе коммунального
теплоснабжения или увеличения тепловой нагрузки теплопотребляющих установок;
предлагать изменение договорных величин тепловой нагрузки (мощности),
максимальных часовых расходов теплоносителей, потребления тепловой энергии и
теплоносителей на условиях и в сроки, установленные договором;
предъявлять претензии за недоотпуск тепловой энергии и теплоносителя, а также
за отпуск тепловой энергии и теплоносителей пониженного качества при наличии у
абонента приборного учета в соответствии с законодательством;
требовать проверки расчетных (коммерческих) приборов учета тепловой энергии и
теплоносителей, принадлежащих теплоснабжающей организации, и замены при
обнаружении их неисправности.",Data1_10_10871_index.pdf,17
На какие расходы не распространяется данное положение?,"Положения настоящей статьи не распространяются на признание для целей налогообложения расходов 
налогоплательщиков, выполняющих научные исследования и (или) опытно-конструкторские разработки по 
договору в качестве исполнителя (подрядчика или субподрядчика).",Налоговый кодекс Российской Федерации.pdf,968
Какие документы должны быть представлены для допуска тепловых сетей и систем теплопотребления в эксплуатацию согласно ГОСТ?,"После проведения приемосдаточных испытаний тепловые сети и системы
теплопотребления должны быть предъявлены для осмотра и допуска в эксплуатацию
органу государственного энергетического надзора и теплоснабжающей организации.",Data1_10_10871_index.pdf,9
Как специалист должен действовать в качестве представителя заказчика согласно СНиП?,"Если специалист в соответствии с заключенным соглашением действует в
качестве представителя (посредника, доверенного лица) заказчика, он обязан,
соблюдая законные интересы заказчика в отношениях с другими участниками
инвестиционного 
процесса, 
выносить 
профессиональные 
добросовестные 
и
беспристрастные решения, не давая предпочтения какой-либо стороне.",Data1_10_10851_index.pdf,4
Какова сметная стоимость труб асбестоцементных по ГОСТ МДС 81-10.2000?,"Результаты расчетов по определению стоимости дорожных работ
оформляются в соответствии с формами приложения 3 Методических указаний
по определению стоимости строительной продукции на территории Российской
Федерации (МДС 81-1.99).",Data1_10_10848_index.pdf,3
"Что грозит индивидуальным предпринимателям за нарушение обязательных требований при обращении драгоценных металлов, драгоценных камней и продукции из них?","Нарушение правил сдачи государству драгоценных металлов и драгоценных 
камней 
Уклонение от обязательной сдачи на аффинаж или обязательной продажи государству добытых из недр, 
полученных из вторичного сырья, а также поднятых и найденных драгоценных металлов или драгоценных 
камней, если это деяние совершено в крупном размере, - 
наказывается штрафом в размере до двухсот тысяч рублей или в размере заработной платы или иного 
дохода осужденного за период до восемнадцати месяцев, либо принудительными работами на срок до 
пяти лет, либо арестом на срок до шести месяцев, либо лишением свободы на срок до пяти лет.",Уголовный кодекс Российской Федерации.pdf,120
"Какие ставки таможенных пошлин действовали согласно Указу Президента Российской Федерации ""О Временном импортном таможенном тарифе Российской Федерации""?","Дата и номер
законодательного
акта
Наименование
законодательного акта
Номер статей и пунктов, регламентирующих положения,
относящиеся к порядку определения стоимости строительства с
участием иностранных фирм, и их краткое содержание
1
2
3
4
Временного 
импортного
таможенного 
тарифа
Российской Федерации""
после вступления в силу данного Указа, облагаются таможенной
пошлиной по новым ставкам Временного импортного тарифа
Российской Федерации, приведенным в приложении к данному
Указу, и предусмотрено (п.5), что в дальнейшем изменение ставок
Временного 
импортного 
тарифа 
Российской 
Федерации
производится в порядке, определяемом Правительством Российской
Федерации (см.",Data1_2_2082_index.pdf,26
Какие требования к строительной климатологии и геофизике установлены СНиП 2.01.01-82?,"Распределение договорного количества тепловой энергии по кварталам и месяцам
должно производится с учетом температур наружного воздуха, приведенных в СНиП
2.01.01-82 «Строительная климатология и геофизика».",Data1_10_10871_index.pdf,4
Какие границы эксплуатационной ответственности между теплоснабжающей организацией и заказчиком должны быть указаны в технических условиях согласно СНиП?,"поддерживать на границе эксплуатационной ответственности давление и
температуру пара в соответствии с договором, с отклонениями не более, чем
обусловлено договором;
поддерживать 
температуру 
сетевой 
воды 
на 
границе 
эксплуатационной
ответственности в соответствии с приложенным к договору температурным
графиком, не допуская отклонения среднесуточной температуры более, чем
обусловлено договором; в периоды снижения температуры наружного воздуха ниже
расчетных значений, температура сетевой воды должна поддерживаться на уровне не
ниже ее значения для расчетной температуры наружного воздуха;
поддерживать давление сетевой воды в подводящем и отводящем (в том числе
статическое) трубопроводах на границе эксплуатационной ответственности в
соответствии с договором при условии не превышения абонентом установленных
договором расхода сетевой воды в подводящем трубопроводе, нормированных
значений утечек и сливов из сетей и систем теплопотребления, величины водоразбора
из сети при открытой системе теплоснабжения;
разрабатывать гидравлические и тепловые режимы системы централизованного
теплоснабжения 
до 
границ 
эксплуатационной 
ответственности 
между
теплоснабжающей организацией и абонентами, обеспечивающих нормальное
функционирование систем теплопотребления абонентов с расчетными параметрами в
соответствии с техническими условиями на присоединение;
обеспечивать качество пара в соответствии с договором, качество сетевой воды и
воды для подпитки тепловых сетей - в пределах, установленных действующими
правилами технической эксплуатации электрических станций и сетей, и нести
экономическую ответственность за отклонения от указанных показателей, если это
(при соблюдении абонентом договорных расходов сетевой воды на нужды горячего
водоснабжения при открытой схеме и норм утечки, а также недопущении им
несанкционированного разбора сетевой воды из тепловых сетей и систем
теплопотребления) послужило причиной повреждений или преждевременного
выхода из строя тепловых сетей и систем теплопотребления абонентов; факты
повреждений и преждевременного выхода из строя определяются совместной
комиссией с привлечением в необходимых случаях независимых экспертов;
участвовать в приемке в эксплуатацию устройств и сооружений, присоединяемых
к тепловым сетям, а также узлов учета;
оперативно извещать абонента о нарушениях, вызывающих перерывы или
ограничения теплоснабжения, их причинах и сроках восстановления нормального
режима;
предупреждать абонентов, органы местного самоуправления и соответствующие
органы государственного надзора о прекращении (ограничении) отпуска тепловой
энергии и (или) теплоносителей в порядке и случаях, предусмотренных
законодательством, иными правовыми актами и настоящими Рекомендациями.",Data1_10_10871_index.pdf,14
Какую роль играет управляющий проектом в выборе и согласовании места размещения объекта по ГОСТ МДС 11-11.2000?,"Контроль заданных проектом форм и размеров закрепленных грунтовых массивов, а также требований в отношении
сплошности и однородности закрепления может осуществляться посредством следующих контрольных мероприятий,
выполняемых по завершению всех инъекционных работ на объекте:
вскрытием области закрепления контрольными шурфами и скважинами и соответствующим обследованием качества
закрепления грунтов;
прощупыванием и фиксацией контуров закрепленных массивов способами статического или динамического зондирования,
руководствуясь соответствующими ГОСТами на испытания;
обследованием 
области 
закрепления 
геофизическими 
методами 
(радиометрическим, 
электрометрическим 
или
сейсмоакустическим).",Data1_11_11295_index.pdf,26
Какие требования предъявляются к эксплуатации теплопотребляющих установок и тепловых сетей абонентом согласно ГОСТ?,"При выдаче технических условий теплоснабжающая организация и заказчик
могут заключить договор, по которому стороны устанавливают взаимные
обязательства и ответственность по объему и срокам выполнения работ по
присоединению тепловых сетей и теплопотребляющих установок, а также обязуются
заключить в будущем договор теплоснабжения после выполнения технических
условий и допуска тепловых сетей и теплопотребляющих установок заказчика к
эксплуатации.",Data1_10_10871_index.pdf,8
Какие финансовые показатели должны быть указаны в форме 'Опыт работы претендента по самому крупному построенному объекту сопоставимого вида и объем работы в России или за рубежом' согласно ГОСТ МДС 80-5.2000?,"Приложение 5
Опыт работы претендента по самому крупному
построенному объекту сопоставимого вида
и объем работы в России или за рубежом
Наименование претендента
 
Наименование объекта
(краткое описание)
 
Расположение объекта
(страна, место)
 
Заказчик
(точный адрес, телефон, телекс, телефакс,
ответственное лицо)
 
Начало строительства
(месяц/год)
 
Окончание строительства
(месяц/год)
 
Стоимость объекта
 
Объем выполненных работ, в том числе
собственными силами
 
Руководитель__________________                                            _______________________
                                                                                             
(подпись)                                                                                                                             (дата)
М.П.",Data1_10_10867_index.pdf,5
"Какие действия необходимо предпринять при обнаружении неисправности расположенных на крыше карнизов, водоотводящих устройств, ограждений, гильз, анкеров, устройств молниезащиты согласно ГОСТ МДС 17-13.2000?","При периодических осмотрах крыши необходимо обращать внимание на:
- сохранность железобетонных элементов крыши (местные повреждения, коррозию
металлических элементов);
 - состояние горловины патрубка водосточной воронки и защитного колпака;
- состояние герметизации аварийного переливного устройства в водоотводном лотке.",Data1_10_10852_index.pdf,9
Как уведомляется подозреваемый или обвиняемый о принятых мерах?,О принятых мерах следователь или дознаватель уведомляет подозреваемого или обвиняемого.,Уголовно-процессуальный кодекс Российской Федерации.pdf,113
Какие источники информации используются для определения текущих цен на материальные ресурсы в МДС 81-14.2000?,"При определении стоимости материалов, конструкций и изделий в текущем
уровне 
цен 
методом 
калькулирования 
следует 
учитывать 
положения
Методических указаний по разработке сборников (каталогов) сметных цен на
материалы, изделия, конструкции и сборников сметных цен на перевозку грузов
для строительства и капитального ремонта зданий и сооружений (МДС 81-2.99).",Data1_10_10848_index.pdf,6
Какие работы по утеплению зданий должны быть выполнены согласно ГОСТ МДС 13-18.2000?,"В пояснительной, записке к проекту застройки должны быть приведены
обоснования принятых архитектурно-планировочного и объемно-пространственного
решений застройки, очередности строительства, примененных типов и видов зданий и их
конструктивных решений, системы инженерного обустройства и озеленения территории,
уточнены расчеты проекта детальной планировки по потребности в зданиях и помещениях
обслуживания 
населения, 
приведены 
технико-экономические 
показатели 
проекта
застройки согласно приложению 15.",Data1_1_1904_index.pdf,22
"Когда не допускается раздел, перераспределение или выдел земельных участков, если сохраняемые обременения не позволяют использовать земельные участки в соответствии с разрешенным использованием?","Не допускается раздел, перераспределение или выдел земельных участков, если сохраняемые в 
отношении образуемых земельных участков обременения (ограничения) не позволяют использовать 
указанные земельные участки в соответствии с разрешенным использованием.",Земельный кодекс Российской Федерации.pdf,12
Какова периодичность капитального ремонта металлической кровли согласно ГОСТ МДС 14-13.2000?,"Ремонт металлической кровли отдельными местами со сменой до 10 % кровли общей
площади покрытия.",Data1_1_1879_index.pdf,18
Какие телефоны доступны для бесплатной юридической консультации в регионах России?,"Бесплатная юридическая консультация по телефонам: 
• 8 (499) 938-53-71 (Москва и МО); 
 
• 8 (812) 467-95-28 (Санкт-Петербург и ЛО); 
• 8 (800) 301-92-12 (Регионы РФ).",Административный кодекс Российской Федерации.pdf,347
"Какая информация должна быть указана в журнале учета проверки знаний норм, правил, инструкций согласно ГОСТ МДС 15-13.2000?","Лица, допущенные к самостоятельной работе, должны иметь удостоверения о проверке знаний норм и правил
установленного образца.",Data1_10_10862_index.pdf,3
По каким основаниям заявитель не допускается к участию в аукционе?,"Торги признаются несостоявшимися в следующих случаях: 
1) не подано ни одной заявки на участие в торгах либо принято решение об отказе в допуске к участию в 
торгах всех заявителей; 
2) на дату окончания срока подачи заявок на участие в торгах подана только одна заявка на участие в 
торгах; 
3) только один заявитель допущен к участию в торгах; 
4) в торгах, проводимых в форме аукциона, участвовали менее чем два участника аукциона; 
5) после троекратного объявления начальной цены предмета торгов, проводимых в форме аукциона, ни 
один из участников не заявил о своем намерении приобрести предмет аукциона по начальной цене.",Градостроительный кодекс Российской Федерации.pdf,306
В каких случаях осужденные могут содержаться в одиночных камерах?,"По просьбе осужденных и в иных необходимых случаях по 
постановлению начальника исправительной колонии при возникновении угрозы личной 
безопасности осужденных они могут содержаться в одиночных камерах.",Уголовно-исполнительный кодекс Российской Федерации.pdf,73
Как проводятся повторные измерения времени падения уровня воды?,"После того как выбрана и установлена на инъектор необходимая измерительная емкость, произвести многократные
измерения падения уровня до стабилизации отсчетов времени.",Data1_11_11295_index.pdf,40
"Какое название имеет документ, регламентирующий использование текущих и прогнозных индексов стоимости при составлении сметной документации? (ГОСТ МДС 81-9.2000)","ГО С С Т Р О Й  Р О С С И И
МЕТОДИЧЕСКИЕ РЕКОМЕНДАЦИИ
ПО ИСПОЛЬЗОВАНИЮ ТЕКУЩИХ И ПРОГНОЗНЫХ ИНДЕКСОВ
СТОИМОСТИ ПРИ СОСТАВЛЕНИИ СМЕТНОЙ ДОКУМЕНТАЦИИ,
ОПРЕДЕЛЕНИИ СВОБОДНЫХ (ДОГОВОРНЫХ) ЦЕН НА СТРОИТЕЛЬНУЮ
ПРОДУКЦИЮ И РАСЧЕТАХ ЗА ВЫПОЛНЕННЫЕ РАБОТЫ
МДС 81-9.2000
Москва 2001
 
Настоящие Методические рекомендации определяют порядок использования текущих и
прогнозных индексов стоимости при составлении расчетов и смет, формировании свободных
(договорных) цен на строительную продукцию и расчет за выполненные работы между
участниками инвестиционного процесса, осуществляющими строительство на территории
Российской Федерации.",Data1_2_2075_index.pdf,1
"Какие основные разделы содержит документ, регламентированный ГОСТом МДС 81-21.2000?","11 Стоимость разработки рабочих чертежей архитектурных решений интерьеров (ГОСТ 21.507-81), предусмотренных
заданием на проектирование, определяется по ценам настоящего раздела с коэффициентом до 1,2 к архитектурно-строительной
части.",Data1_11_11835_index.pdf,9
Какие специальные знания могут потребоваться при составлении диспаши?,"Специалист может отказаться от дачи консультации по вопросам, выходящим за пределы 
его специальных знаний, а также в случае, если предоставленных ему материалов недостаточно для 
дачи консультации.",Кодекс административного судопроизводства Российской Федерации.pdf,32
Как должны быть закрыты проемы и отверстия при работе геодезиста на монтажном горизонте в СНиП 3.01.03-84?,"С;
относительная влажность
воздуха - не выше 60 %
Организовать сквозное
проветривание, открыв все продухи,
люки, двери в сухие и не морозные
дни; установить причину нарушения
режима в 10-дневный срок
СНиП
2.08.01-
89
Отсутствуют или
закрыты продухи,
вытяжные каналы или
вентиляционные
отверстия в окнах,
цоколях
Площадь продухов должна
составлять примерно 1/400
площади пола техподполья или
подвала;
располагаются продухи на
противоположных стенах для
сквозного проветривания (не
менее двух продухов на каждую
секцию дома) желательно
оборудовать продухи
жалюзийными решетками
Открыть продухи или
вентиляционные отверстия в течение
суток; устройство продухов при их
отсутствии выполнить при
подготовке домов к зиме
«П и Н»
п.",Data1_10_10861_index.pdf,24
Как переносятся затраты труда рабочих-монтажников в таблицу ресурсных сметных норм согласно ГОСТ МДС 81-13.2000?,"Накладные расходы в текущем уровне цен определяются в процентах от
сметных затрат на оплату труда основных рабочих и механизаторов в
соответствии с нормативами накладных расходов по видам строительных и
монтажных работ, приведенными в приложении 3 Методических указаний по
определению величины накладных расходов в строительстве (МДС 81-4.99).",Data1_10_10848_index.pdf,7
"Кто может рассматривать дела об административных правонарушениях от имени органов, осуществляющих контроль в сфере естественных монополий?","Рассматривать дела об административных правонарушениях от имени органов, указанных в части 1 
настоящей статьи, вправе: 
1) руководители федеральных органов исполнительной власти, осуществляющих функции по контролю 
(надзору) в сфере обращения товаров, подлежащих маркировке средствами идентификации, с 
использованием информационной системы мониторинга, их заместители; 
2) руководители структурных подразделений федеральных органов исполнительной власти, 
осуществляющих функции по контролю (надзору) в сфере обращения товаров, подлежащих маркировке 
средствами идентификации, с использованием информационной системы мониторинга, их заместители; 
3) руководители территориальных органов федеральных органов исполнительной власти, осуществляющих 
функции по контролю (надзору) в сфере обращения товаров, подлежащих маркировке средствами 
идентификации, с использованием информационной системы мониторинга, их заместители.",Административный кодекс Российской Федерации.pdf,506
Какие виды технического обслуживания и ремонта предусмотрены для кранов башенных с грузовым моментом до 25 тм согласно ТИПОВЫМ НОРМАМ?,"Настоящие типовые нормы содержат сводные данные из эксплуатационной и ремонтной документации о
видах технического обслуживания и ремонта, периодичности их проведения для каждого вида и типа кранов.",Data1_10_10855_index.pdf,2
"Какие работы необходимо выполнить для подготовки систем горячего водоснабжения, согласно ГОСТ МДС 13-18.2000?","СИСТЕМЫ ГОРЯЧЕГО ВОДОСНАБЖЕНИЯ
Необходимо выполнить следующие работы:
1.",Data1_10_10852_index.pdf,21
"Что происходит, если обеспеченное обязательство было изменено без согласия поручителя?","Изменение предшествующего договора залога после заключения последующего договора залога, если 
последующий договор залога заключен с соблюдением условий, предусмотренных для него 
предшествующим договором залога, или такие условия не были предусмотрены предшествующим 
договором залога, не затрагивает права последующего залогодержателя при условии, что такое изменение 
влечет ухудшение обеспечения его требования и произведено без согласия последующего 
залогодержателя.",Гражданский кодекс Российской Федерации.pdf,179
Какие методы могут использоваться для построения геодезических сетей сгущения согласно СНиП 3.01.03-84?,"Точность построения внутренней разбивочной сети здания (сооружения) следует
принимать в соответствии с требованиями СНиП 3.01.03-84 (табл.",Data1_11_11285_index.pdf,35
"При каких обстоятельствах прекращается обязанность по уплате ввозных таможенных пошлин, налогов, специальных, антидемпинговых, компенсационных пошлин в отношении иностранных товаров, перемещаемых трубопроводным транспортом, согласно статье 295?","При наступлении обстоятельства, указанного в пункте 3 настоящей статьи, ввозные 
таможенные пошлины, налоги, специальные, антидемпинговые, компенсационные пошлины 
подлежат уплате, как если бы иностранные товары, перемещаемые трубопроводным транспортом, 
помещенные под таможенную процедуру таможенного транзита, помещались под таможенную 
процедуру выпуска для внутреннего потребления без применения тарифных преференций и льгот 
по уплате ввозных таможенных пошлин, налогов.",Таможенный кодекс Евразийского экономического союза.pdf,367
Какие методы используются для проверки прямолинейности оси труб в горизонтальной плоскости согласно СНиП 3.01.03-84?,"нижней рамы и поясов металлокаркасной шахты от горизонтальной плоскости,
стояков - от вертикали;
осей проемов дверей шахты относительно общей вертикальной оси;
опорных поверхностей тумб для установки буферов от горизонтальной плоскости;
вертикальных осей, оставляемых в тумбах колодцев для анкерных буферных
подставок (из плоскости направляющих).",Data1_11_11285_index.pdf,61
Как и когда уплачиваются авансовые платежи и налог?,"Налог и авансовые платежи по налогу уплачиваются налогоплательщиками-организациями в бюджет по 
месту нахождения земельных участков, признаваемых объектом налогообложения в соответствии со 
статьей 389 настоящего Кодекса.",Налоговый кодекс Российской Федерации.pdf,1602
Какие данные должны быть указаны в определении судебной коллегии Верховного Суда Российской Федерации?,"N 451-ФЗ 
3) вступившие в законную силу решения и определения судебных коллегий Верховного 
Суда Российской Федерации, принятые им по первой инстанции, если указанные решения и 
определения были предметом апелляционного рассмотрения; 
4) определения Апелляционной коллегии Верховного Суда Российской Федерации; 
5) утратил силу с 1 октября 2019 г.",Кодекс административного судопроизводства Российской Федерации.pdf,213
Какие действия предпринимаются при выявлении дефектов в ходе технического осмотра согласно ГОСТ МДС 14-13.2000?,"Проверка правильности заложенных в проект расчетных параметров закрепления и технических условий на производство
работ при силикатизации и смолизации грунтов (радиус, величина заходки по глубине, единичный объем химреагента на одну
заходку, расход и давление при нагнетании, данные для предварительной активизации грунтов, прочностные, деформационные и
другие характеристики и закрепленных грунтов) осуществляется посредством контрольного закрепления непосредственно при
производстве работ на их начальной стадии и по ходу дальнейших работ.",Data1_11_11295_index.pdf,25
Какие расходы по уплате налога на содержание жилищного фонда и объектов социально-культурной сферы относятся на финансовые результаты деятельности предприятий согласно ГОСТ МДС 81-23.2000?,"РАО ГАЗПРОМ
МЕТОДИЧЕСКОЕ ПОСОБИЕ
ПО СОСТАВЛЕНИЮ СМЕТ
НА ПУСКОНАЛАДОЧНЫЕ РАБОТЫ
БАЗИСНО-ИНДЕКСНЫМ
И РЕСУРСНЫМ МЕТОДАМИ
МДС 81-8.2000
Москва 2001
Настоящее пособие разработано АООТ Гидротехмонтаж по согласованию с РАО
Газпром, рекомендовано для применения участниками инвестиционного процесса,
осуществляемого на объектах газовой промышленности, и может быть использовано для
аналогичных целей в других отраслях промышленности.",Data1_10_10864_index.pdf,1
Что предусмотрено частью 2 статьи 20.2 КоАП РФ?,"Комментарии к статьям на сайте 
https://koapkodeksrf.ru/ 
 
 
 
 
статьи 7.14.1, статьями 7.14.2, 7.15, 7.16, частью 1 статьи 13.2.1, частью 10 статьи 13.15, частями 2.2 и 4 
статьи 13.31, частями 2.1, 4 - 6 статьи 13.40, частью 2 статьи 13.46, частями 8 и 10 статьи 14.3, частью 4 
статьи 14.4.2, частями 1 и 2 статьи 15.48, частью 2.1 статьи 17.15, частью 1 статьи 19.5.2, статьей 19.34, 
частями 1 - 4 и 6.1, 7, 8 статьи 20.2, статьями 20.2.2, 20.18 настоящего Кодекса, - шестисот тысяч рублей, в 
случаях, предусмотренных частью 7 статьи 13.40, статьями 19.7.10-1, 19.7.10-2, частью 2 статьи 19.7.10-3 
настоящего Кодекса, - семисот тысяч рублей, в случаях, предусмотренных статьями 7.5, 11.20.1, частями 2 
и 3 статьи 13.2.1, частью 9 статьи 13.11, частью 2 статьи 13.37, частями 3 - 5 статьи 13.41, частью 2 статьи 
13.49 настоящего Кодекса, - восьмисот тысяч рублей, а в случаях, предусмотренных частью 3 статьи 6.3, 
статьей 11.7.1, частью 11 статьи 13.15, частью 6 статьи 13.41, частью 3 статьи 13.49, частью 3 статьи 14.17, 
частью 4 статьи 14.57, частью 1 статьи 15.36, частями 1 - 5 статьи 15.39, статьей 15.40, частью 2 статьи 19.5.2, 
частью 2 статьи 20.6.1 настоящего Кодекса, - одного миллиона рублей; для юридических лиц - одного 
миллиона рублей, в случаях, предусмотренных статьей 5.61.1, частью 1.1 статьи 6.13, частью 4 статьи 8.32, 
частью 10.1 статьи 13.15, частью 2 статьи 13.39, частью 4 статьи 13.40, частями 1, 1.1 и 1.2 статьи 14.1.1, 
частями 7 и 9 статьи 14.3, статьей 14.15.3, частью 2 статьи 14.56, частью 2.1 статьи 17.15, частью 2 статьи 
19.7.10-1, частью 2 статьи 19.7.10-2, частью 2 статьи 19.7.10-3, частью 6.1 статьи 20.4 настоящего Кодекса, - 
трех миллионов рублей, в случаях, предусмотренных статьями 6.19, 6.20, частью 1 статьи 7.13, частью 3 
статьи 7.14.1, статьей 7.14.2, частью 2 статьи 11.7.1, статьей 11.20.1, частями 4, 4.1 и 10.2 статьи 13.15, 
частью 2 статьи 13.34, частью 2 статьи 13.37, частями 2.1, 5 и 6 статьи 13.40, частями 1 и 2 статьи 13.41, 
частью 2 статьи 13.42, частью 5 статьи 14.32, статьями 14.40, 14.42, частью 3 статьи 14.51, частью 4 статьи 
14.57, частью 3 статьи 19.34.1 настоящего Кодекса, - пяти миллионов рублей, в случаях, предусмотренных 
статьей 6.33, частью 8 статьи 13.11, частями 2.2 и 4 статьи 13.31, частью 2 статьи 13.46, частями 8 и 10 статьи 
14.3, частью 1 статьи 19.5.2 настоящего Кодекса, - шести миллионов рублей, а в случаях, предусмотренных 
статьей 7.5, частью 2 статьи 7.13, статьей 7.14.1, частью 2 статьи 7.15, частью 9 статьи 13.11, частью 11 статьи 
13.15, частью 7 статьи 13.40, частями 3 и 4 статьи 13.41, частью 1 статьи 14.51, статьей 15.27.1, частями 1 - 5 
статьи 15.39, частью 2 статьи 19.5.2 настоящего Кодекса, - шестидесяти миллионов рублей, или может 
выражаться в величине, кратной: 
1) стоимости предмета административного правонарушения на момент окончания или пресечения 
административного правонарушения; 
2) сумме неуплаченных и подлежащих уплате на момент окончания или пресечения административного 
правонарушения налогов, сборов или таможенных пошлин, либо сумме незаконной валютной операции, 
либо сумме денежных средств, переведенных без открытия банковского счета с использованием 
электронных средств платежа, предоставленных иностранными поставщиками платежных услуг, либо 
сумме средств, зачисленных на электронное средство платежа, предоставленное иностранным 
поставщиком платежных услуг, за отчетный период, либо сумме денежных средств, не зачисленных в 
установленный срок на счета в уполномоченных банках, либо сумме денежных средств, кратной размеру 
ключевой ставки Центрального банка Российской Федерации от суммы денежных средств, зачисленных на 
счета в уполномоченных банках с нарушением установленного срока, либо сумме денежных средств, не 
возвращенных в установленный срок в Российскую Федерацию, либо сумме денежных средств, 
причитающихся резиденту от нерезидента, либо сумме денежных средств, стоимости ценных бумаг, иного 
имущества или стоимости услуг имущественного характера, незаконно переданных или оказанных от 
имени юридического лица, либо сумме неуплаченного административного штрафа, либо сумме расчета 
без применения контрольно-кассовой техники; 
3) сумме выручки правонарушителя от реализации товара (работы, услуги), на рынке которого совершено 
административное правонарушение, либо сумме расходов правонарушителя на приобретение товара 
(работы, услуги), на рынке которого совершено административное правонарушение, за календарный год, 
предшествующий году, в котором было выявлено административное правонарушение, либо за 
предшествующую дате выявления административного правонарушения часть календарного года, в",Административный кодекс Российской Федерации.pdf,13
Как можно обжаловать решение арбитражного суда первой инстанции в апелляционную инстанцию?,"Решение арбитражного суда первой инстанции может быть обжаловано в арбитражный 
суд апелляционной инстанции, если иное не предусмотрено настоящим Кодексом.",Арбитражный процессуальный кодекс Российской Федерации.pdf,91
Кто уполномочен проводить расследование аварий и инцидентов на море?,"Руководитель следственного органа уполномочен: 
1) поручать производство предварительного следствия следователю либо нескольким следователям, а 
также изымать уголовное дело у следователя и передавать его другому следователю с обязательным 
указанием оснований такой передачи, создавать следственную группу, изменять ее состав либо принимать 
уголовное дело к своему производству; 
2) проверять материалы проверки сообщения о преступлении или материалы уголовного дела, отменять 
незаконные или необоснованные постановления следователя; 
2.1) отменять по находящимся в производстве подчиненного следственного органа уголовным делам 
незаконные или необоснованные постановления руководителя, следователя (дознавателя) другого органа 
предварительного расследования; 
3) давать следователю указания о направлении расследования, производстве отдельных следственных 
действий, привлечении лица в качестве обвиняемого, об избрании в отношении подозреваемого, 
обвиняемого меры пресечения, о квалификации преступления и об объеме обвинения, лично 
рассматривать сообщения о преступлении, участвовать в проверке сообщения о преступлении; 
4) давать согласие следователю на возбуждение перед судом ходатайства об избрании, о продлении, об 
отмене или изменении меры пресечения либо о производстве иного процессуального действия, которое 
допускается на основании судебного решения, лично допрашивать подозреваемого, обвиняемого без 
принятия уголовного дела к своему производству при рассмотрении вопроса о даче согласия следователю 
на возбуждение перед судом указанного ходатайства; 
5) разрешать отводы, заявленные следователю, а также его самоотводы; 
6) отстранять следователя от дальнейшего производства расследования, если им допущено нарушение 
требований настоящего Кодекса; 
7) отменять незаконные или необоснованные постановления нижестоящего руководителя следственного 
органа в порядке, установленном настоящим Кодексом; 
7.1) возбуждать перед судом ходатайство о разрешении отмены постановления о прекращении уголовного 
дела или уголовного преследования в случае, предусмотренном частью первой.1 статьи 214 настоящего 
Кодекса; 
8) продлевать срок предварительного расследования; 
9) утверждать постановление следователя о прекращении производства по уголовному делу, а также об 
осуществлении государственной защиты; 
10) давать согласие следователю, производившему предварительное следствие по уголовному делу, на 
обжалование в порядке, установленном частью четвертой статьи 221 настоящего Кодекса, решения 
прокурора, вынесенного в соответствии с пунктом 2 части первой статьи 221 настоящего Кодекса; 
11) возвращать уголовное дело следователю со своими указаниями о производстве дополнительного 
расследования; 
12) осуществлять иные полномочия, предусмотренные настоящим Кодексом.",Уголовно-процессуальный кодекс Российской Федерации.pdf,28
Какие требования предъявляются к допросу обвиняемого?,"С момента вступления в уголовное дело защитник вправе: 
1) иметь с подозреваемым, обвиняемым свидания в соответствии с пунктом 3 части четвертой статьи 46 и 
пунктом 9 части четвертой статьи 47 настоящего Кодекса; 
2) собирать и представлять доказательства, необходимые для оказания юридической помощи, в порядке, 
установленном частью третьей статьи 86 настоящего Кодекса; 
3) привлекать специалиста в соответствии со статьей 58 настоящего Кодекса; 
4) присутствовать при предъявлении обвинения; 
5) участвовать в допросе подозреваемого, обвиняемого, а также в иных следственных действиях, 
производимых с участием подозреваемого, обвиняемого либо по его ходатайству или ходатайству самого 
защитника в порядке, установленном настоящим Кодексом; 
6) знакомиться с протоколом задержания, постановлением о применении меры пресечения, протоколами 
следственных действий, произведенных с участием подозреваемого, обвиняемого, иными документами, 
которые предъявлялись либо должны были предъявляться подозреваемому, обвиняемому; 
7) знакомиться по окончании предварительного расследования со всеми материалами уголовного дела, 
выписывать из уголовного дела любые сведения в любом объеме, снимать за свой счет копии с 
материалов уголовного дела, в том числе с помощью технических средств;",Уголовно-процессуальный кодекс Российской Федерации.pdf,43
"Что такое ""лабиринт"" в контексте ГОСТ МДС 35-7.2000?","Вид кранов
Вид
технического
обслуживания
и ремонта
Периодичность
выполнения
технического
обслуживания и
ремонта, ч
Трудоемкость выполнения одного технического
обслуживания и ремонта, чел.-ч
Продолжительность
выполнения, ч
Всего
В том числе по видам работ
диагностические слесарные
прочие
К
5000
1800
-
1360
440
180
То же, грузоподъемностью
17-25 т
ТО-1
50
8
0,6
7,4
-
4
ТО-2
250
29
1,5
27,5
-
14
СО
2 раза в год
30
-
30
-
10
Т
1000
880
4,5
665,5
210
90
в т.ч.: ТО-3
-
38
4,5
33,5
-
-
К
6000
2020
-
1520
500
200
То же, грузоподъемностью
26-40 т
ТО-1
50
9
0,7
8,3
-
4
ТО-2
250
31
1,7
29,3
-
15
СО
2 раза в год
32
-
32
-
11
Т
1000
950
4,7
715,3
230
95
в т.ч.: ТО-3
-
41
4,7
36,3
-
-
К
6000
2350
-
1750
600
220
То же, грузоподъемностью
41-63 т
ТО-1
100
10
0,8
9,2
-
5
ТО-2
250
33
1,8
31,2
-
16
СО
2 раза в год
33
-
33
-
11
Т
1000
1070
4,9
780,1
285
100
в т.ч.: ТО-3
-
43
4,9
38,1
-
-
К
7000
2650
-
2000
650
250
То же, грузоподъемностью
64-100 т
ТО-1
100
11
0,9
10,1
-
5
ТО-2
250
35
2,0
33
-
17
СО
2 раза в год
35
-
35
-
12
Т
1000
1170
5,1
849,9
315
105
в т.ч.: ТО-3
-
45
5,1
39,9
-
-
К
7000
3000
-
2300
700
280
КРАНЫ СТРЕЛОВЫЕ
ПНЕВМОКОЛЕСНЫЕ
 
 
 
 
 
 
 
Краны грузоподъемностью до
16 т
ТО-1
50
6
0,7
5,3
-
3
ТО-2
250
25
1,6
23,4
-
12
СО
2 раза в год
26
-
26
-
8
Т
1000
750
4,3
565,7
180
75
в т.ч.: ТО-3
-
33
4,3
28,7
-
-
К
5000
1540
-
1160
380
150
То же, грузоподъемностью
17-25 т
ТО-1
50
7
0,8
6,2
-
3
ТО-2
250
27
1,8
25,2
-
13
СО
2 раза в год
28
-
28
-
9
Т
1000
820
4,5
620,5
195
80
в т.ч.: ТО-3
-
36
4,5
31,5
-
-
К
6000
1650
-
1240
410
160
То же, грузоподъемностью
26-40 т
ТО-1
50
8
0,9
7,1
-
4
ТО-2
250
30
2,0
28
-
14
СО
2 раза в год
31
-
31
-
10
Т
1000
900
4,7
685,3
210
90
в т.ч.: ТО-3
-
40
4,7
35,3
-
-
К
6000
1800
-
1340
460
180
То же, грузоподъемностью
41-63 т
ТО-1
100
9
1,0
8
-
4
ТО-2
250
32
2,2
29,8
-
15
СО
2 раза в год
33
-
33
-
11
Т
1000
970
4,9
735,1
230
100
в т.ч.: ТО-3
-
42
4,9
37,1
-
-
К
7000
2100
-
1570
530
200
То же, грузоподъемностью
64-100 т
ТО-1
100
10
1,1
8,9
-
5
ТО-2
250
35
2,4
32,6
-
16
СО
2 раза в год
34
-
34
-
12
Т
1000
1070
5,1
819,9
245
110
в т.ч.: ТО-3
-
45
5,1
39,9
-
-
К
7000
2300
-
1740
560
220
То же, грузоподъемностью
101-200 т
ТО-1
250
12
1,3
10,7
-
6
ТО-2
500
37
2,6
34,4
-
17
СО
2 раза в год
36
-
36
-
13
Т
2000
1200
5,3
830
364,7
120
в т.ч.: ТО-3
-
49
5,3
43,7
-
-
К
8000
2500
-
1800
700
250
То же, грузоподъемностью
201-300 т
ТО-1
250
14
1,4
12,6
-
7
ТО-2
500
39
2,8
36,2
-
18
СО
2 раза в год
38
-
38
-
14
Т
2000
1400
5,6
900
494,4
140
в т.ч.: ТО-3
-
52
5,6
-
-
-
К
10000
2600
-
1850
750
260
КРАНЫ СТРЕЛОВЫЕ
АВТОМОБИЛЬНЫЕ",Data1_10_10855_index.pdf,5
Что такое оборудование негабаритное (крупногабаритное) согласно Указаниям по применению федеральных единичных расценок на монтаж оборудования (ФЕРм-2001)?,"ГОСУДАРСТВЕННЫЙ КОМИТЕТ РОССИЙСКОЙ ФЕДЕРАЦИИ
ПО СТРОИТЕЛЬСТВУ И ЖИЛИЩНО-КОММУНАЛЬНОМУ
КОМПЛЕКСУ
(Госстрой России)
УКАЗАНИЯ
ПО ПРИМЕНЕНИЮ
ФЕДЕРАЛЬНЫХ ЕДИНИЧНЫХ РАСЦЕНОК
НА МОНТАЖ ОБОРУДОВАНИЯ
(ФЕРм-2001)
МДС 81-37.2004
Москва 2004
Указания по применению федеральных единичных расценок на монтаж
оборудования (ФЕРм-2001) МДС 81-37.2004 /Госстрой России/ Москва, 2004
РАЗРАБОТАНЫ      ЦНИИЭУС Госстроя России (к.э.н.",Data1_10_10754_index.pdf,1
Какая схема нормативно-правового регулирования строительства (услуг) приведена в Приложении 3 согласно ГОСТ МДС-80-8.2000?,"Наименование
материала
Государственный
стандарт
Плотность,
кг/м3
Коэффициент
линейного
расширения
(×106), °С-1
Модуль
упругости
материала,
ГПа
Коэффициент
светопропускания
Коэффициент
теплопроводности
материала,
Вт/(м·°С)
Пожарно-
техническая
характеристика
по горючести
1
Стекло листовое
ГОСТ 111-2001
2500
8,5
70
0,85-0,87
0,76
НГ
2
Стекло закаленное
строительное
ГОСТ 
30698-
2000
2500
8,5
70
0,85-0,87
0,76
НГ
3
Стекло
армированное
листовое
ГОСТ 7481-78
2500
8,5
70
0,65-0,75
0,76
НГ
4
Стекло 
листовое
энергосберегающее
ГОСТ 
30773-
2000
2500
8,5
70
0,6-0,75
0,76
НГ
5
Стекло 
защитное
многослойное
ГОСТ Р 51136-
98
2500
8,5
70
0,6-0,8
0,76
НГ
6
Стекло 
листовое
узорчатое
ГОСТ 5533-86
2500
8,5
70
0,6
0,76
НГ
7
Органическое
техническое стекло ГОСТ 17622-72*
Е
1200
80
2,8
0,9
0,18
Г3, Г4
8
Поликарбонат
-
1400
60-80
2,8
0,85
0,2
Г2, Г3
9
Поливинилхлорид
(ПВХ) прозрачный
-
1400
60-80
3,2
0,85
0,16
Г2, Г3
3.2.5.",Data1_10_10846_index.pdf,5
Что считается контрафактными товарами?,"При использовании методов таможенной оценки на основании положений статьи 20 и настоящей
статьи:
а) товары не считаются идентичными оцениваемым или однородными с ними, если они не были
произведены в той же стране, что и оцениваемые товары;
б) товары, произведенные не производителем оцениваемых товаров, а другим лицом, принимаются
во внимание только в том случае, если не имеется ни идентичных, ни однородных товаров,
произведенных лицом-производителем оцениваемых товаров;
в) товары не считаются идентичными или однородными, если их проектирование, опытно-
конструкторские работы над ними, их художественное оформление, дизайн, эскизы и чертежи и иные
аналогичные работы выполнены в Российской Федерации.",Data1_2_2082_index.pdf,21
Что включает в себя общий технический осмотр согласно ГОСТ МДС 14-13.2000?,"ГОССТРОЙ РОССИИ
М Е Т О Д И Ч Е С К И Е  Р Е К О М Е Н Д А Ц И И
ПО РАЗРАБОТКЕ
ТЕХНИЧЕСКОЙ ЧАСТИ
ТЕНДЕРНОЙ ДОКУМЕНТАЦИИ
И ОФЕРТЫ ПРЕТЕНДЕНТА
МДС-80-8.2000
МОСКВА 2000
Методические 
рекомендации 
по 
разработке 
технической 
части 
тендерной 
документации
предназначены 
для 
всех 
субъектов 
инвестиционной 
деятельности: 
заказчиков 
(инвесторов),
организаторов торгов, тендерных комитетов всех уровней, подрядных и субподрядных организаций,
представленных в качестве претендентов и оферентов, консалтинговых, инженерно-консультационных,
финансовых, страховых и иных организаций, в том числе иностранных партнеров, участвующих в
подрядных торгах на территории Российской Федерации, а также университетов и институтов
повышения квалификации руководящих работников и специалистов организаций вне зависимости от
видов и форм собственности.",Data1_10_10865_index.pdf,1
Какой документ регулирует порядок определения плательщиков специального налога?,"Определение
плательщиков
специального налога и
объектов
налогообложения,
облагаемого оборота,
порядка и сроков
уплаты, порядка
применения налоговых
льгот, а также
ответственности
плательщиков за
правильность и
своевременность уплаты
специального налога
производится в
соответствии с Законом
Российской Федерации
""О налоге на
добавленную
стоимость"".",Data1_2_2070_index.pdf,18
Какие требования к размерам самонесущих элементов зенитных фонарей согласно ГОСТ МДС 31-8.2002?,"ПРИЛОЖЕНИЕ 1
СПРАВОЧНЫЕ ЗНАЧЕНИЯ СОПРОТИВЛЕНИЯ ТЕПЛОПЕРЕДАЧЕ ЭЛЕМЕНТОВ
СВЕТОПРОПУСКАЮЩЕГО ЗАПОЛНЕНИЯ ФОНАРЕЙ
(согласно ГОСТ 24866-99)
№ п.п.",Data1_10_10846_index.pdf,20
Какие проценты предусмотрены для разработки вариантов проектных решений отдельных элементов зданий? (СНиП),"Глава 12 Разработка вариантов проектных решений отдельных элементов жилых и гражданских зданий для типовых
проектов
Разработка вариантов проектных решений отдельных элементов жилых и гражданских зданий для типовых проектов,
предусмотренных заданием на проектирование (в процентах от стоимости проектной документации).",Data1_11_11835_index.pdf,19
Какие данные должны быть занесены в удостоверение о проверке знаний на первой странице согласно ГОСТ МДС 15-13.2000?,"Лица, допущенные к самостоятельной работе, должны иметь удостоверения о проверке знаний норм и правил
установленного образца.",Data1_10_10862_index.pdf,3
Как определяется стоимость оборудования при отсутствии укрупненных нормативов или объектов-аналогов?,"Размер затрат российского заказчика, устанавливаемых по смете в смешанных ценах для объекта-аналога, определяется в процентах от
стоимости строительно-монтажных работ или оборудования с внесением, в случае необходимости, соответствующих поправок.",Data1_2_2069_index.pdf,8
Какой СНиП устанавливает требования для строительной теплотехники?,"При разработке сборников РСН необходимо учитывать правила и требования:
соответствующих глав 3-й части СНиП «Организация производства и приемки
работ»;
государственных и отраслевых стандартов, технических условий на поставку и
монтаж оборудования;
органов государственного надзора за безопасной эксплуатацией оборудования,
охраной труда и техники безопасности;
нормы затрат труда, предусмотренные в единых и ведомственных нормах и
расценках на строительные, монтажные и ремонтно-строительные работы (ЕНиР,
ВНиР, действующие на 1 января 1990 г.);
отраслевые нормы расхода материалов;
проектов производства работ для крупного оборудования, типовых решений
технологических процессов монтажа других видов оборудования;
правил 
разработки, 
изложения 
и 
оформления 
нормативных 
документов,
установленные СНиП 1.01.03-83*.",Data1_2_2073_index.pdf,2
Какие объекты включены в Главу 4 Справочника? (Объекты образования и дошкольных учреждений),"Таможенные органы государства-члена принимают меры по защите прав на объекты 
интеллектуальной 
собственности, 
включенные 
в 
единый 
таможенный 
реестр 
объектов 
интеллектуальной собственности государств-членов и (или) национальный таможенный реестр 
объектов интеллектуальной собственности, который ведется таможенными органами такого 
государства-члена.",Таможенный кодекс Евразийского экономического союза.pdf,443
"Какие требования предъявляются к пределу огнестойкости ограждающих стен и конструкций пристройки, согласно ГОСТ или СНиП?","5.2 При размещении тепловых агрегатов суммарной мощностью до 150 кВт
в отдельном помщении, расположенном на любом этаже жилого здания,
помещение должно отвечать следующим требованиям:
- высота не менее 2,5 м;
- объем и площадь помещения проектируются из условий удобного
обслуживания тепловых агрегатов и вспомогательного оборудования, но не
менее 15 м3;
- 
помещение 
должно 
быть 
отделено 
от 
смежных 
помещений
ограждающими стенами с пределом огнестойкости 0,75 ч, а предел
распространения огня по конструкции равен нулю;
- естественное освещение - из расчета остекления 0,03 м2 на 1 м3 объема
помещения;
- в помещении должна предусматриваться вентиляция из расчета - вытяжка
в объеме 3- кратного воздухообмена помещения в час, приток в объеме
вытяжки плюс количество воздуха на горение газа;
5.3 При размещении тепловых агрегатов суммарной мощностью до 350 кВт
в отдельном помещении на первом этаже, в цокольном или подвальном этаже
жилого здания помещение должно отвечать следующим требованиям:
- высота не менее 2,5 м;",Data1_2_2096_index.pdf,3
Какое состояние должна иметь водопроводно-канализационная система согласно ГОСТ МДС 13-18.2000?,"силикат натрия должен иметь модуль в пределах 2,7 - 3 и плотность 1,2 - 1,45 г/см3 при закреплении песчаных грунтов и 1,13 -
1,2 г/см3 - при закреплении просадочных грунтов;
карбамидная смола должна иметь плотность 1,08 - 1,18 г/см3.",Data1_11_11295_index.pdf,6
"Как определяется стоимость блок-секций, разрабатываемых на основе базовой блок-секции? (с коэффициентом до 0,7)","Жилые дома свыше 20 этажей
""
1859,616
0,132
Примечания
1 Стоимость разработки типовых проектов блок-секций с торцевыми фасадами и колясочной определяется по ценам жилых домов.",Data1_11_11835_index.pdf,3
Какие требования к определению модуля силиката натрия указаны в СНиП 3.02.01-83?,Согласно главе СНиП 3.02.01-83 (разд.,Data1_11_11295_index.pdf,25
При каких условиях может быть назначено принудительное лечение в стационарных условиях общего типа?,"Принудительное лечение в медицинской организации, оказывающей психиатрическую помощь в 
стационарных условиях, общего типа может быть назначено лицу, которое по своему психическому 
состоянию нуждается в лечении и наблюдении в стационарных условиях, но не требует интенсивного 
наблюдения.",Уголовный кодекс Российской Федерации.pdf,43
Какие документы должны быть приложены к административному исковому заявлению?,"К административному исковому заявлению о медицинском освидетельствовании 
несовершеннолетнего в недобровольном порядке должны прилагаться: 
1) материалы прекращенного уголовного дела или материалы об отказе в возбуждении 
уголовного дела в отношении несовершеннолетнего либо заверенные в установленном порядке 
копии таких материалов; 
2) постановление комиссии по делам несовершеннолетних и защите их прав, содержащее 
ходатайство о направлении несовершеннолетнего в учебное учреждение закрытого типа; 
3) доказательства, подтверждающие отказ либо уклонение несовершеннолетнего или его 
законных представителей от медицинского освидетельствования несовершеннолетнего; 
4) документы, подтверждающие направление другим лицам, участвующим в деле, копий 
административного искового заявления и приложенных к нему документов; 
5) документы, указанные в пункте 5 части 1 статьи 126 настоящего Кодекса.",Кодекс административного судопроизводства Российской Федерации.pdf,182
Какой СНиП документа регулирует учет налогов в сметной документации на строительство?,"на отдельную продукцию в условиях развития рыночных отношений (письмо Минстроя
России от 10 ноября 1992 года № БФ 926/12) и состоит из:
сводных сметных расчетов стоимости строительства;
сводки затрат по направлениям капитальных вложений, объединяющей сводные
сметные расчеты (допускается вместо составления указанной сводки показывать за итогом
сводного сметного расчета стоимости строительства данные о затратах по направлениям
капитальных вложений, а расчет распределения средств по направлениям капитальных
вложений приводить в составе пояснительной записки к сметному расчету стоимости
строительства);
смет на проектные и изыскательские работы, в том числе по определению стоимости
разработки рабочей документации;
пояснительной записки к сметной документации с учетом указанных материалов, а
также законодательства Российской Федерации об инвестиционной деятельности.",Data1_1_1904_index.pdf,22
Кто обязан возмещать убытки согласно пункту 8 статьи 57.1?,"В случае возмещения правообладателю земельного участка и (или) расположенного на нем объекта 
недвижимого имущества убытков в соответствии со статьей 57.1 настоящего Кодекса, за исключением 
убытков, предусмотренных пунктами 6 и 7 статьи 57.1 настоящего Кодекса, выкуп земельного участка и 
(или) расположенного на нем объекта недвижимого имущества, возмещение за прекращение прав на 
земельный участок в соответствии с пунктами 7 и 8 настоящей статьи не осуществляются.",Земельный кодекс Российской Федерации.pdf,196
Какие данные используются для определения стоимости строительства общественных зданий согласно ГОСТ?,"Для учета факторов, связанных со становлением рыночных отношений, при разработке сборников ПВР используются:
нормы накладных расходов в строительстве, применяемые в соответствии с Методическими рекомендациями по расчету
величины накладных расходов при определении стоимости строительной продукции (письмо Минстроя России от 30.09.92 №
БФ-907/12);
сметные нормы затрат на строительство временных зданий и сооружений с учетом положений по ним, приведенных в
Методических рекомендациях (письмо Минстроя России от 03.11.92 № БФ-925/12);
положения по сметным нормам дополнительных затрат при производстве строительно-монтажных работ в зимнее время,
приведенные в Методических рекомендациях (письмо Минстроя России от 03.11.92 № БФ-925/12).",Data1_2_2076_index.pdf,3
Какие действия может совершать председатель правления без одобрения правления или общего собрания?,"Председатель правления товарищества собственников жилья действует без доверенности от имени 
товарищества, подписывает платежные документы и совершает сделки, которые в соответствии с 
законодательством, уставом товарищества не требуют обязательного одобрения правлением 
товарищества или общим собранием членов товарищества, разрабатывает и выносит на утверждение 
общего собрания членов товарищества правила внутреннего распорядка товарищества в отношении 
работников, в обязанности которых входят содержание и ремонт общего имущества в многоквартирном 
доме, положение об оплате их труда, утверждение иных внутренних документов товарищества, 
предусмотренных настоящим Кодексом, уставом товарищества и решениями общего собрания членов 
товарищества.",Жилищный кодекс Российской Федерации.pdf,112
Какие обязанности возлагаются на теплоснабжающую организацию в случае запроса абонента на результаты расчетов? (п. 44),"По соглашению между
теплоснабжающей организацией и абонентом допускается использовать результаты
измерений, выполняемых на узле учета источника тепла, при этом потери тепловой
энергии 
и 
теплоносителей 
до 
границы 
эксплуатационной 
ответственности
определяются расчетом.",Data1_10_10871_index.pdf,11
Что представляют собой платежи по договорам добровольного личного страхования?,"Комментарии к статьям на сайте
https://nkodeksrf.ru/
48.1) расходы работодателя по выплате в соответствии с законодательством Российской Федерации 
пособия по временной нетрудоспособности (за исключением несчастных случаев на производстве и 
профессиональных заболеваний) за дни временной нетрудоспособности работника, которые оплачиваются 
за счет средств работодателя и число которых установлено Федеральным законом от 29 декабря 2006 года 
N 255-ФЗ ""Об обязательном социальном страховании на случай временной нетрудоспособности и в связи с 
материнством"", в части, не покрытой страховыми выплатами, произведенными работникам страховыми 
организациями, имеющими лицензии, выданные в соответствии с законодательством Российской 
Федерации на осуществление соответствующего вида деятельности, по договорам с работодателями в 
пользу работников на случай их временной нетрудоспособности (за исключением несчастных случаев на 
производстве и профессиональных заболеваний) за дни временной нетрудоспособности, которые 
оплачиваются за счет средств работодателя и число которых установлено Федеральным законом от 29 
декабря 2006 года N 255-ФЗ ""Об обязательном социальном страховании на случай временной 
нетрудоспособности и в связи с материнством""; 
48.2) платежи (взносы) работодателей по договорам добровольного личного страхования, заключенным со 
страховыми организациями, имеющими лицензии, выданные в соответствии с законодательством 
Российской Федерации на осуществление соответствующего вида деятельности, в пользу работников на 
случай их временной нетрудоспособности (за исключением несчастных случаев на производстве и 
профессиональных заболеваний) за дни временной нетрудоспособности, которые оплачиваются за счет 
средств работодателя и число которых установлено Федеральным законом от 29 декабря 2006 года N 255-
ФЗ ""Об обязательном социальном страховании на случай временной нетрудоспособности и в связи с 
материнством"".",Налоговый кодекс Российской Федерации.pdf,976
Какие ГОСТы или СНиПы регламентируют сметные нормы и расценки на строительные работы (СНиР-91)?,"При отсутствии укрупненных нормативов или объектов-аналогов определение стоимости во внутренних (базисных) ценах Российской
Федерации производится:
по строительно-монтажным работам - на основании объемов основных строительных и монтажных работ, определенных в ТЭО или ТЭП, с
использованием “Сметных норм и расценок на стромительные работы” (СНиР-91) и “Расценок на монтаж оборудования” (СНиП 4.06-91), а
остальных строительно-монтажных работ - в процентах к стоимости основных работ, определяемых расчетом проектной организации;*
по оборудованию - по приводимым в составе ТЭО или ТЭП спецификациям на основное оборудование** или укрупненным показателям
стоимости этого оборудования, а по остальному оборудованию - в процентах к стоимости основного оборудования, определяемых расчетом
проектной организации*.",Data1_2_2069_index.pdf,4
Какие неисправности котлов и оборудования должны быть устранены согласно ГОСТ МДС 13-18.2000?,"Должны быть устранены неисправности котлов, обмуровки, дымоходов, боровов,
арматуры, автоматических регуляторов и контрольно-измерительных приборов.",Data1_10_10852_index.pdf,14
Какой код материала-представителя используется для устройства компенсаторных ниш согласно ГОСТ?,"Код вида работ
Конструктивные элементы вида работ
Код материала -
представителя
1
2
3
39000
Монтаж основного технологического оборудования, % стоимости оборудования
273
200000
Объемные сооружения, единица мощности
 
400000
Теплоснабжение и газопроводы - наружные сети, м трассы
 
401001
Устройство каналов из сборных железобетонных элементов, 100 м3
39
401002
Устройство тоннелей из сборных железобетонных элементов, 100 м3
39
401003
Устройство углов поворота, 100 м3
39
401004
Устройство компенсаторных ниш, 100 м3
39
401005
Устройство теплофикационных камер, 100 м3
14
39
9
401006
Устройство неподвижных щитовых опор, 100 м3
9
39
402001
Установка сборных железобетонных конструкций эстакад, 100 м3
23
403001
Монтаж металлоконструкций эстакад, т
263
403002
Антикоррозионная защита металлоконструкций, т
223
404001
Укладка стильных труб с устройством компенсаторов, м
241
500000
Водопровод - наружные сети, м3/ч расхода воды
 
501001
Устройство оснований под трубопроводы из песка, м2
5
501002
То же, из бетона, м3
9
502001
Устройство конструкций опускных колодцев, ванн, бассейнов, емкостных
сооружений водопровода из монолитного железобетона, м
9
201
215
503001
Установка наружных стеновых панелей и перегородок резервуаров и других
сооружений водопровода и канализации из сборного железобетона, 100 м3
39
503002
Установка плит покрытий и днищ сооружений водопровода и канализации, 100 м3
39
503003
Установка сборных железобетонных водопроводных и канализационных колодцев,
шт.",Data1_2_2081_index.pdf,18
Кто имеет право на полное освобождение от уплаты налога на приобретение автотранспортных средств согласно ГОСТ МДС 81-23.2000?,"65
Инструкции от
30.03.93)
Суммы платежей по
налогу на
приобретение
автотранспортных
средств включаются
плательщиками в
состав затрат по
производству и
реализации
продукции,
выполненным
работам и
предоставленным
услугам по мере
начисления износа
(амортизации)
основных средств (п.",Data1_2_2070_index.pdf,15
Какую шкалу ареометра следует использовать при навернутом объемном грузе согласно ГОСТ (к СНиП 3.02.01-83)?,"Если ареометр при навернутом съемном грузе погрузился ниже последнего оцифрованного деления на шкале (1,7 г/см3),
следует снять съемный груз и отсчет брать по правой шкале с цифровкой 1,6 - 2,4 г/см3.",Data1_11_11295_index.pdf,37
Какие документы и соглашения могут влиять на установление размера платы за наем жилого помещения?,"Договором об освоении территории в целях строительства и эксплуатации наемного дома социального 
использования устанавливается, что размер платы за наем жилого помещения в таком доме по договору 
найма жилого помещения жилищного фонда социального использования в расчете на один квадратный 
метр общей площади жилого помещения не может превышать: 
1) максимальный размер платы за наем жилого помещения, указанный в извещении о проведении 
аукциона на право заключения данного договора, если аукцион проводился в соответствии с пунктом 1 
части 6 статьи 55.28 настоящего Кодекса, или размер платы за наем жилого помещения, указанный в 
протоколе о результатах аукциона на право заключения данного договора, либо в случаях, 
предусмотренных частями 26 - 28 статьи 55.28 настоящего Кодекса, начальную цену аукциона, если 
аукцион проводился в соответствии с пунктом 2 части 6 статьи 55.28 настоящего Кодекса, при заключении 
договора найма жилого помещения жилищного фонда социального использования в течение первого года 
после даты ввода наемного дома социального использования в эксплуатацию; 
2) размер платы за наем жилого помещения, указанный в пункте 1 настоящей части, с учетом его 
ежегодной индексации в соответствии с установленным Правительством Российской Федерации порядком 
установления, изменения и ежегодной индексации платы за наем жилых помещений по договорам найма 
жилых помещений жилищного фонда социального использования при заключении договора найма жилого 
помещения жилищного фонда социального использования по истечении одного года после даты ввода 
наемного дома социального использования в эксплуатацию, если указанный размер платы за наем жилого 
помещения с учетом ежегодной индексации не превышает установленный в соответствии с жилищным 
законодательством максимальный размер платы за наем жилых помещений по договорам найма жилых 
помещений жилищного фонда социального использования; 
3) установленный в соответствии с жилищным законодательством максимальный размер платы за наем 
жилых помещений по договорам найма жилых помещений жилищного фонда социального использования 
при заключении договора найма жилого помещения жилищного фонда социального использования по 
истечении одного года после даты ввода наемного дома социального использования в эксплуатацию, если 
указанный в пункте 2 настоящей части размер платы за наем жилого помещения с учетом ежегодной 
индексации превышает установленный в соответствии с жилищным законодательством максимальный 
размер платы за наем жилых помещений по договорам найма жилых помещений жилищного фонда 
социального использования.",Градостроительный кодекс Российской Федерации.pdf,238
Какой ГОСТ или СНиП регулирует расчет стоимости строительства в базисном уровне цен?,"В сводном расчете стоимости строительства во внутренних (базисных) ценах Российской Федерации средства распределяются по главам,
перечисленным в п.4.4 “Инструкции о составе, порядке разработки, согласования и утверждения проектно-сметной документации на
строительство предприятий, зданий и сооружений” (СНиП 1.02.01-85).",Data1_2_2069_index.pdf,4
"Что грозит за непредставление оператором связи, собственником или иным владельцем технологической сети связи, имеющими уникальный идентификатор совокупности средств связи и иных технических средств в информационно-телекоммуникационной сети ""Интернет"", информации, представление которой предусмотрено Федеральным законом от 7 июля 2003 года N 126-ФЗ ""О связи""?","Комментарии к статьям на сайте
https://nkodeksrf.ru/
Указанная в настоящем пункте налоговая ставка применяется при условии, что по итогам отчетного 
(налогового) периода в сумме всех доходов организации, осуществляющей деятельность в области 
информационных технологий, учитываемых при определении налоговой базы по налогу в соответствии с 
настоящей главой, не менее 70 процентов составляют доходы: 
от реализации экземпляров разработанных, адаптированных и (или) модифицированных данной 
организацией либо лицом, входящим в одну группу лиц с данной организацией, программ для электронных 
вычислительных машин, баз данных (далее в настоящей статье - собственные программы для ЭВМ, базы 
данных); 
от передачи исключительных прав на собственные программы для ЭВМ, базы данных; 
от предоставления данной организацией прав использования собственных программ для ЭВМ, баз данных, 
в том числе путем предоставления удаленного доступа к собственным программам для ЭВМ, базам данных, 
включая обновления к ним и дополнительные функциональные возможности, через информационно-
телекоммуникационную сеть, в том числе через информационно-телекоммуникационную сеть ""Интернет"" 
(далее в настоящей статье - сеть ""Интернет"") (за исключением доходов от предоставления прав 
использования программ для ЭВМ, баз данных (в том числе путем предоставления удаленного доступа к 
ним через сеть ""Интернет""), если такие права состоят в получении возможности размещать предложения о 
приобретении (реализации) товаров (работ, услуг), имущественных прав в сети ""Интернет"", осуществлять 
поиск информации о потенциальных покупателях (продавцах) и (или) заключать сделки); 
 от предоставления данной организацией прав использования собственных программ для ЭВМ, баз 
данных, в том числе путем предоставления удаленного доступа к собственным программам для ЭВМ, базам 
данных, включая обновления к ним и дополнительные функциональные возможности, через 
информационно-телекоммуникационную сеть, в том числе через информационно-телекоммуникационную 
сеть ""Интернет"" (далее в настоящей статье - сеть ""Интернет"") (за исключением доходов от предоставления 
указанных прав, если указанные права состоят в получении возможности в отношении определенного 
товара разместить в сети ""Интернет"" предложение, объявление о заключении договора купли-продажи 
товара и заключить договор купли-продажи, произвести предварительную оплату такого товара, при этом 
данная организация также обеспечивает возможность хранения, упаковки, доставки, выдачи такого товара 
покупателю с использованием недвижимого имущества и (или) транспортных средств, находящихся у нее на 
праве собственности, аренды или на ином праве, либо с привлечением данной организацией по 
гражданско-правовому договору взаимозависимого лица, которое признается таковым в соответствии с 
пунктом 2 статьи 105.1 настоящего Кодекса и у которого эти объекты находятся на праве собственности, 
аренды или на ином праве; в получении возможности участвовать в процедуре закупок, предусмотренных 
Федеральным законом от 5 апреля 2013 года N 44-ФЗ ""О контрактной системе в сфере закупок товаров, 
работ, услуг для обеспечения государственных и муниципальных нужд"" и Федеральным законом от 18 июля 
2011 года N 223-ФЗ ""О закупках товаров, работ, услуг отдельными видами юридических лиц""; в получении 
возможности участвовать в организованных торгах на товарном рынке; в получении возможности 
инициировать и осуществлять операции по безналичному переводу денежных средств; в получении 
банковских, финансовых услуг, в том числе услуг финансирования под уступку денежного требования, услуг 
на рынке ценных бумаг (дилерская деятельность, брокерская деятельность, деятельность форекс-дилеров), 
предоставляемых (оказываемых) банками, кредитными организациями, небанковскими кредитными 
организациями и иными организациями; в получении услуг, связанных с совершением сделок с 
недвижимым имуществом, в отношении объектов недвижимости продавцов и (или) застройщиков и (или) 
объектов долевого строительства; в получении возможности разместить информацию о потенциальном",Налоговый кодекс Российской Федерации.pdf,1085
Что такое обезжиривание согласно Указаниям по применению федеральных единичных расценок на монтаж оборудования (ФЕРм-2001)?,"Порядок дополнения сборников федеральных единичных расценок
Приложение 1 Перечень сборников ФЕРм-2001
Приложение 2 Форма выходной таблицы ФЕРм-2001
Приложение 3 Рекомендуемые коэффициенты к нормам затрат труда, оплате
труда рабочих-монтажников (с учетом коэффициентов к расценкам из
технической части сборников), затратам на эксплуатацию машин (включая
оплату труда рабочих, обслуживающих машины), для учета в сметах влияния
условий производства работ, предусмотренных проектами
Приложение 4 Формы, используемые при расчете коэффициентов для
пересчета федеральных единичных расценок на монтаж оборудования (ФЕРм)
в территориальный (отраслевой) уровень цен
Приложение 5 Пример расчета коэффициентов к федеральным единичным
расценкам на монтаж оборудования при применении их для региона (отрасли),
в которых отсутствуют территориальные (отраслевые) расценки
Форма № 1 – Ведомость потребных ресурсов по РТМ
Форма № 2 - Расчет коэффициента пересчета оплаты труда рабочих-
монтажников
Форма № 3 - Расчет коэффициента пересчета стоимости эксплуатации
машин и оплаты труда машинистов
Форма № 4 - Расчет коэффициента пересчета стоимости материалов
Форма № 5 Расчет коэффициента пересчета сметной стоимости работ по
монтажу оборудования.",Data1_10_10754_index.pdf,31
Как формируются ресурсно-технологические модели (РТМ)?,"Для определения сметной стоимости строительства отдельных зданий и сооружений с
использованием УПБС в реальных ценах параллельно разрабатываются объектные ресурсно-
технологические модели (РТМ), которые дифференцируют стоимость по экономическим статьям затрат
и на основании которых рассчитываются индексы изменения стоимости в текущих (прогнозных) ценах
по отношению к базисному уровню УПБС.",Data1_2_2081_index.pdf,4
Какова периодичность капитального ремонта металлических ферм согласно ГОСТ МДС 14-13.2000?,"В ФЕРм учтены:
- сметные цены на материалы, изделия и конструкции - по Федеральному сборнику
сметных цен на материалы, изделия и конструкции, применяемые в монтажных
работах (включают средние сложившиеся отпускные цены и транспортные затраты в
размере до 13 % от отпускных цен, учитывающих доставку от франко-склада
изготовителя до франко-приобъектного склада строительства объекта, включая
заготовительно-складские расходы и расходы посредников в сфере обращения);
- затраты труда рабочих, кроме занятых управлением и обслуживанием машин, - в
разрезе квалификационных разрядов, рассчитанные исходя из уровня оплаты труда
рабочих строительного комплекса базового района по состоянию на 1 января 2000 г.",Data1_10_10754_index.pdf,2
Кто может входить в группу ОГП по СНиП 3.01.03-84?,"4
СНиП 2.08.01.89
СНиП 3.03.01.87
«Пособие по
проектированию
ограждающих
конструкций
зданий»,
Стройиздат, 1983
г.",Data1_10_10861_index.pdf,21
Как действует гексаметафосфат натрия на глинистый раствор и цементные растворы согласно ГОСТ (к СНиП 3.02.01-83)?,"Параметры глинистого раствора
Добавка
цемента на 1
м3
цементно-
глинистого
раствора, кг
Плотность,
г/см3
Параметры цементно-глинистого раствора
плотность,
г/см3
подвижность,
см
водоотделение,
%
подвижность,
см
водоотделение,
%
стабильность,
г/см3
предел
прочности
на сжатие,
МПа
Расход материала на 1
м3 раствора
цемент
глина
вода
1
1,21
30
10
300
1,39
19
4
0,02
0,5
300
295
794
2
1,21
30
10
400
1,45
18
2
0,01
0,8
400
285
767
3
1,21
30
10
500
1,52
17
1
0
1,3
500
275
741
4
1,23
28
8
300
1,41
17
2
0,01
0,7
300
323
784
5
1,23
28
8
400
1,47
16,5
1
0
1
400
312
755
6
1,23
28
8
500
1,53
16
0
0
1,4
500
302
732
7
1,25
26
6
300
1,43
15
0
0
1
300
351
774
8
1,25
26
6
400
1,49
14
0
0
1,2
400
339
784
9
1,25
26
6
500
1,55
13
0
0
1,7
500
328
722
В табл.",Data1_11_11295_index.pdf,39
"Кто утверждает формы бланков исполнительных листов и порядок их изготовления, учета, хранения и уничтожения?","Формы бланков исполнительных листов, порядок их изготовления, учета, хранения и уничтожения, 
требования к форматам исполнительных листов, направляемых для исполнения в форме электронного 
документа, утверждаются Правительством Российской Федерации.",Гражданский процессуальный кодекс Российской Федерации.pdf,189
"Какое наказание предусмотрено за регистрацию заведомо незаконных сделок с недвижимым имуществом, умышленное искажение сведений государственного кадастра недвижимости и (или) Единого государственного реестра прав на недвижимое имущество и сделок с ним, а равно занижение кадастровой стоимости объектов недвижимости?","Отсутствие в Едином государственном реестре недвижимости сведений о зарегистрированных правах на 
земельные участки, подлежащие изъятию, и (или) на расположенные на них объекты недвижимого 
имущества, а также отсутствие в Едином государственном реестре недвижимости сведений о координатах 
характерных точек границ таких земельных участков или сведений об указанных объектах недвижимого 
имущества либо пересечение одной из границ земельного участка, подлежащего изъятию, и одной из 
границ другого земельного участка в соответствии с кадастровыми сведениями о последнем, наличие 
споров о правах на такие земельные участки и (или) на расположенные на них объекты недвижимого 
имущества не являются препятствием для принятия решения об изъятии.",Земельный кодекс Российской Федерации.pdf,140
Какие телефоны доступны для бесплатной юридической консультации в Санкт-Петербурге и Ленинградской области?,"Бесплатная юридическая консультация по телефонам: 
• 8 (499) 938-53-84 (Москва и МО); 
 
• 8 (812) 467-95-33 (Санкт-Петербург и ЛО); 
• 8 (800) 301-79-07 (Регионы РФ).",Водный кодекс Российской Федерации.pdf,24
Какие элементы должны быть показаны на плане благоустройства согласно ГОСТ МДС 11-7.2000?,"В тех случаях, когда в процессе осмотра фонарей выявлены элементы конструкций с дефектами,
которые не могут быть устранены, они должны быть заменены на новые с такими же характеристиками.",Data1_10_10846_index.pdf,20
"Как устанавливается порядок мониторинга разработки и утверждения программ комплексного развития систем коммунальной, транспортной и социальной инфраструктуры?","N 494-ФЗ 
8) проведение осмотра зданий, сооружений на предмет их технического состояния и надлежащего 
технического обслуживания в соответствии с требованиями технических регламентов, предъявляемыми к 
конструктивным и другим характеристикам надежности и безопасности указанных объектов, 
требованиями проектной документации, выдача рекомендаций о мерах по устранению выявленных 
нарушений в случаях, предусмотренных настоящим Кодексом; 
9) разработка и утверждение программ комплексного развития систем коммунальной инфраструктуры 
городских округов, программ комплексного развития транспортной инфраструктуры городских округов, 
программ комплексного развития социальной инфраструктуры городских округов; 
10) заключение договоров о комплексном развитии территории по инициативе правообладателей 
земельных участков и (или) расположенных на них объектов недвижимого имущества; 
11) принятие решений о комплексном развитии территорий в случаях, предусмотренных настоящим 
Кодексом; 
12) принятие решения о сносе самовольной постройки либо решения о сносе самовольной постройки или 
ее приведении в соответствие с установленными требованиями в случаях, предусмотренных гражданским 
законодательством, осуществление сноса самовольной постройки или ее приведения в соответствие с 
установленными требованиями в случаях, предусмотренных настоящим Кодексом.",Градостроительный кодекс Российской Федерации.pdf,27
В какой очередности переносятся убытки на будущие налоговые периоды?,"Если налогоплательщики получили убытки более чем в одном налоговом периоде, перенос таких убытков 
на будущие налоговые периоды производится в той очередности, в которой они получены.",Налоговый кодекс Российской Федерации.pdf,1490
"Какие ГОСТы или СНиПы регулируют проектирование комплексных приемных пунктов, включая парикмахерские и другие виды бытовых услуг?","Программы комплексного развития систем коммунальной 
инфраструктуры поселения, городского округа разрабатываются и утверждаются органами местного 
самоуправления поселения, городского округа на основании утвержденных в порядке, установленном 
настоящим Кодексом, генеральных планов таких поселения, городского округа и должны обеспечивать 
сбалансированное, перспективное развитие систем коммунальной инфраструктуры в соответствии с 
потребностями в строительстве объектов капитального строительства и соответствующие установленным 
требованиям надежность, энергетическую эффективность указанных систем, снижение негативного 
воздействия на окружающую среду и здоровье человека и повышение качества поставляемых для 
потребителей товаров, оказываемых услуг в сферах электро-, газо-, тепло-, водоснабжения и 
водоотведения, а также услуг по обработке, утилизации, обезвреживанию и захоронению твердых 
коммунальных отходов; 
24) система коммунальной инфраструктуры - комплекс технологически связанных между собой объектов 
и инженерных сооружений, предназначенных для осуществления поставок товаров и оказания услуг в 
сферах электро-, газо-, тепло-, водоснабжения и водоотведения до точек подключения (технологического 
присоединения) к инженерным системам электро-, газо-, тепло-, водоснабжения и водоотведения 
объектов капитального строительства, а также объекты, используемые для обработки, утилизации, 
обезвреживания, захоронения твердых коммунальных отходов; 
25) транспортно-пересадочный узел - комплекс объектов недвижимого имущества, включающий в себя 
земельный участок либо несколько земельных участков с расположенными на них, над или под ними 
объектами транспортной инфраструктуры, а также другими объектами, предназначенными для 
обеспечения безопасного и комфортного обслуживания пассажиров в местах их пересадок с одного вида 
транспорта на другой; 
26) нормативы градостроительного проектирования - совокупность расчетных показателей, 
установленных в соответствии с настоящим Кодексом в целях обеспечения благоприятных условий",Градостроительный кодекс Российской Федерации.pdf,4
Какой предел огнестойкости должен быть у кровельного покрытия согласно ГОСТ МДС-80-8.2000?,"Таблица 2
Способ прокладки
тепловых сетей
Материалы для защитного гидроизоляционного покрытия теплоизоляционных
конструкций
рекомендуемые к
применению
ГОСТ, ТУ
допускаемые к
применению
ГОСТ, ТУ
Подземный 
в
непроходных каналах и
тоннелях
Армопластмассовые
материалы АПП-1,
АПМ-2, АПМ-К
ТУ-362168-85 Стеклотекстолит
покрывной
Материал СТПЛ
ТУ 36-1583-83
Стеклорубероид
ГОСТ 15879-70
Стеклопластик
рулонный 
для
теплоизоляции РСТ
ТУ-6-11-145-8 Фольгоизол**
ГОСТ 20429-84
Пленка 
винипластовая
каландрированная
КПО**
ГОСТ 16398-81
Рубероид*
ГОСТ 10923-82
Подземный 
в
непроходных каналах и
тоннелях
 
 
Фольга 
алюминиевая
дублированная 
для
теплоизоляционных
конструкций
ТУ 36-1177-77
 
 
Штукатурка
асбестоцементная 
по
металлической 
сетке
(при небольших объемах
работ)
* Применять только для прокладки в непроходных каналах.",Data1_10_10852_index.pdf,16
"Какие каналы массовой рекламы непригодны для маркетинга проектной продукции, согласно ГОСТ МДС 11-11.2000?","МИНСТРОЙ РОССИИ
МЕТОДИЧЕСКИЕ УКАЗАНИЯ
ПО СОСТАВЛЕНИЮ И ОФОРМЛЕНИЮ
КАТАЛОЖНЫХ ЛИСТОВ ПРОЕКТНОЙ ДОКУМЕНТАЦИИ
МАССОВОГО ПРИМЕНЕНИЯ,
ВКЛЮЧАЕМОЙ ВО 2-ю и 3-ю ЧАСТИ
СТРОИТЕЛЬНОГО КАТАЛОГА
МДС 11-9.2000
МОСКВА 1995
РАЗРАБОТАНЫ Государственным предприятием - Центр проектной продукции
массового применения
СОГЛАСОВАНЫ с Главным Управлением проектирования и инженерных
изысканий Минстроя России.",Data1_10_10849_index.pdf,1
Какие нормативные документы и методические указания перечислены в ГОСТ МДС 81-30.2002 для расчета стоимости дорожных работ?,"Результаты расчетов по определению стоимости дорожных работ
оформляются в соответствии с формами приложения 3 Методических указаний
по определению стоимости строительной продукции на территории Российской
Федерации (МДС 81-1.99).",Data1_10_10848_index.pdf,3
"Какие коэффициенты применяются к затратам на демонтаж легковесного и габаритного оборудования, не подлежащего дальнейшему использованию, с разборкой и резкой на части согласно Указаниям по применению ФЕРм-2001?","ГОСУДАРСТВЕННЫЙ КОМИТЕТ РОССИЙСКОЙ ФЕДЕРАЦИИ
ПО СТРОИТЕЛЬСТВУ И ЖИЛИЩНО-КОММУНАЛЬНОМУ
КОМПЛЕКСУ
(Госстрой России)
УКАЗАНИЯ
ПО ПРИМЕНЕНИЮ
ФЕДЕРАЛЬНЫХ ЕДИНИЧНЫХ РАСЦЕНОК
НА МОНТАЖ ОБОРУДОВАНИЯ
(ФЕРм-2001)
МДС 81-37.2004
Москва 2004
Указания по применению федеральных единичных расценок на монтаж
оборудования (ФЕРм-2001) МДС 81-37.2004 /Госстрой России/ Москва, 2004
РАЗРАБОТАНЫ      ЦНИИЭУС Госстроя России (к.э.н.",Data1_10_10754_index.pdf,1
Какие виды экспертизы могут быть проведены и что они включают?,"В случае уклонения стороны от участия в экспертизе, непредставления экспертам 
необходимых документов и материалов для исследования и в иных случаях, если по 
обстоятельствам административного дела без участия этой стороны экспертизу провести 
невозможно, суд в зависимости от того, какая сторона уклоняется от экспертизы, а также какое для 
данной стороны экспертиза имеет значение, вправе признать факт, для выяснения которого 
экспертиза была назначена, установленным или опровергнутым.",Кодекс административного судопроизводства Российской Федерации.pdf,46
Какие требования должны быть отражены в инструкциях по охране труда согласно ГОСТ?,"В каждой организации должен быть утвержден руководителем организации перечень инструкций, в который
включаются:
- инструкции по охране труда;
- инструкции должностные по каждому рабочему месту;
- инструкции по эксплуатации оборудования, зданий, сооружений, устройств релейной защиты, автоматики,
телемеханики и др.;
- инструкции о мерах пожарной безопасности.",Data1_10_10862_index.pdf,5
Какие права имеет осужденный к смертной казни?,"Перемещение осужденных под конвоем осуществляется с соблюдением правил 
раздельного 
содержания 
мужчин 
и 
женщин, 
женщин, 
имеющих 
при 
себе 
детей, 
несовершеннолетних и взрослых, приговоренных к смертной казни и других категорий 
осужденных, а также осужденных за совершение преступления в соучастии.",Уголовно-исполнительный кодекс Российской Федерации.pdf,42
Какие меры предупреждают отклонения инъекторов и скважин от проектного направления согласно ГОСТ (к СНиП 3.02.01-83)?,"Пособие
по производству работ при устройстве оснований и фундаментов
(к СНиП 3.02.01-83)
 
Часть 1
Раздел 1 Общая часть
Раздел 2 Естественные основания
Раздел 3 Уплотнение грунтов
Раздел 4 Строительное водопонижение
Раздел 5 Закрепление грунтов
Раздел 6 Искусственное замораживание грунтов
Часть 2
Раздел 7 Сооружения, устраиваемые способом ""стена в грунте""
Раздел 8 Свайные фундаменты, шпунтовые ограждения и анкеры
Раздел 9 Опускные колодцы и кессоны
Приложения",Data1_11_11293_index.pdf,1
Какие примеры заполнения ведомости объемов грунта приведены в СНиПе?,"Применение для этих целей геофизических методов экономически целесообразно при
больших объемах закрепления грунтов в комплексе с бурением и шурфованием.",Data1_11_11295_index.pdf,26
"Как исчисляется и уплачивается налог на доходы, полученные в виде дивидендов по акциям российских организаций?","Комментарии к статьям на сайте
https://nkodeksrf.ru/
Доходы, указанные в настоящем подпункте, не учитываются при определении налоговой базы при условии 
документального подтверждения удержания налога налоговым агентом и наличия фактического права на 
эти дивиденды; 
50.1) в виде дивидендов, полученных от иностранной организации, на которые налогоплательщик имеет 
фактическое право в соответствии с пунктом 1.6 статьи 312 настоящего Кодекса; 
51) в виде исключительных прав на изобретения, полезные модели, промышленные образцы, программы 
для электронных вычислительных машин, базы данных, топологии интегральных микросхем, секреты 
производства (ноу-хау), созданные в ходе реализации государственного контракта, которые переданы 
исполнителю этого государственного контракта его государственным заказчиком по договору о 
безвозмездном отчуждении; 
52) в виде доходов, полученных организацией, осуществляющей в соответствии с федеральным законом 
функции по обязательному страхованию вкладов физических лиц в банках Российской Федерации (далее в 
настоящем подпункте - организация), при осуществлении мер, предусмотренных статьями 3 - 3.2 
Федерального закона от 29 декабря 2014 года N 451-ФЗ ""О внесении изменений в статью 11 Федерального 
закона ""О страховании вкладов физических лиц в банках Российской Федерации"" и статью 46 Федерального 
закона ""О Центральном банке Российской Федерации (Банке России)"", а именно: 
купонного дохода по облигациям федерального займа, внесенным в качестве имущественного взноса 
Российской Федерации в имущество организации; 
доходов в виде процентов, получаемых организацией по договорам субординированного займа, 
заключенным с банками, и по субординированным облигациям банков; 
доходов в виде штрафов, уплаченных банками в связи с нарушением ими обязательств при осуществлении 
мер, предусмотренных статьями 3 - 3.2 Федерального закона от 29 декабря 2014 года N 451-ФЗ ""О внесении 
изменений в статью 11 Федерального закона ""О страховании вкладов физических лиц в банках Российской 
Федерации"" и статью 46 Федерального закона ""О Центральном банке Российской Федерации (Банке 
России)""; 
доходов в виде дивидендов, получаемых организацией по привилегированным акциям банков, 
приобретенным путем оплаты этих акций облигациями федерального займа, внесенными в качестве 
имущественного взноса Российской Федерации в имущество организации; 
доходов в виде дивидендов, получаемых организацией по обыкновенным акциям банков, приобретенным 
в результате осуществления мены требований организации по договорам субординированного займа на 
обыкновенные акции банков или конвертации субординированных облигаций банков в обыкновенные 
акции банков; 
купонного дохода по облигациям федерального займа, переданным организацией банкам по договорам 
субординированного займа, включаемого в доходы организации на основании пункта 5 статьи 282.1 
настоящего Кодекса.",Налоговый кодекс Российской Федерации.pdf,926
Какой стандарт (ГОСТ) регламентирует площадь мозаичных полов?,"Код вида работ
Конструктивные элементы вида работ
Код материала -
представителя
1
2
3
215
22031
Установка сборных железобетонных панелей перегородок, 100 м2
37
22032
Устройство перегородок из легкобетонных блоков и плит, 100 м2
15
22041
Остекление перегородок профильным стеклом, включая стеклопакеты, 100 м2
237
22042
То же, оконным стеклом, 100 м2
236
22043
Устройство перегородок из стеклоблоков, 100 м2
237
22051
То же, из асбестоцементных листов и экструзионных панелей, 100 м2
234
22061
Устройство деревянных перегородок, 100 м2
215
22071
Установка гипсобетонных панелей, перегородок, 100 м2
19
22081
Установка защитных стальных сеток, м2
263
22091
Установка перегородок из алюминиевых конструкций, м2
269
236
23000
Полы, м2
 
23011
Уплотнение грунта щебнем, 100 м2
4
23012
Гидроизоляция полов рубероидом, 100 м2
233
23013
Пропитка оснований битумом, 100 м2
222
23014
Укладка лаг, 100 м2
1
15
23021
Устройство теплоизоляции засыпным утеплителем, 100 м2
3
23022
Устройство подстилающих слоев из легкого бетона, 100 м2
9
6
23023
Устройство бетонной подготовки, 100 м2
9
6
23024
Устройство оснований из древесно-стружечных плит, 100 м2
230
23031
Устройство полов из досок, 100 м2
218
23032
Устройство паркетных полов, 100 м2
219
23033
Устройство полов из плит древесно-волокнистых, 100 м2
229
222
23034
Устройство покрытий из торцовой шашки, 100
215
222
23041
Устройство бетонных полов, 100 м2
9
6
23042
Устройство цементных полов, 100 м2
12
6
23043
Устройство металлоцементных полов, 100 м2
12
23051
Устройство полов из керамических плиток, 100 м2
227
6
23052
Покрытие полов кислотоупорными плитками, 100 м2
227
208
23053
Устройство полов из бетонных и мозаичных плит, 100 м2
17
12
23061
То же, из линолеума и полимерных плиточных материалов, 100 м2
220
23071
Устройство покрытий из булыжного камня и брусчатки, 100 м2
7
23081
Устройство покрытий из чугунных и стальных штампованных плит, 100 м2
264
9
6
23091
Устройство 
полов 
бесшовных, 
полиэфирных, 
полимерцементных,
поливинилацетатных, 100 м2
208
213
23101
Устройство асфальтобетонных полов, 100 м2
8
24000
Проходные и непроходные подвесные и подшивные потолки, 100 м2
 
24011
Монтаж металлоконструкций подвесных и подшивных потолков, т
263
24021
Устройство подшивных потолков из акустических плит, 100 м2
51
24031
Устройство подвесных потолков из алюминиевых конструкций, 100 м2
270
24051
Подшивка потолков асбестоцементными листами, 100 м2
234
24052
То же, гипсовыми и гипсоволокнистыми плитами, 100 м2
51
25000
Внутренняя отделка, 100 м2
 
25011
Штукатурка поверхностей, 100 м2
12
25021
Облицовка поверхностей керамическими плитками, 100 м2
228
25031
То же, гипсовыми и гипсоволокнистыми плитами, листами, 100 м2
51",Data1_2_2081_index.pdf,15
Какие телефоны доступны для бесплатной юридической консультации в Москве и Московской области?,"Бесплатная юридическая консультация по телефонам: 
• 8 (499) 938-53-71 (Москва и МО); 
 
• 8 (812) 467-95-28 (Санкт-Петербург и ЛО); 
• 8 (800) 301-92-12 (Регионы РФ).",Градостроительный кодекс Российской Федерации.pdf,265
Как вручаются судебные извещения через дипломатические каналы?,"Судебное 
извещение, 
адресованное 
юридическому 
лицу, 
вручается 
лицу, 
уполномоченному на получение корреспонденции.",Арбитражный процессуальный кодекс Российской Федерации.pdf,59
Что должно содержать решение о порядке следования осужденного к месту отбывания наказания в случае назначения ему отбывания лишения свободы в колонии-поселении в резолютивной части обвинительного приговора?,"Территориальный орган уголовно-исполнительной системы не позднее 10 суток со дня 
получения копии приговора (определения, постановления) суда вручает осужденному к лишению 
свободы с отбыванием наказания в колонии-поселении предписание о направлении к месту 
отбывания наказания и обеспечивает его направление в колонию-поселение.",Уголовно-исполнительный кодекс Российской Федерации.pdf,41
"Кто определяет места отбывания исправительных работ для осужденных, не имеющих основного места работы?","Исправительные работы отбываются осужденным по основному месту работы, а 
осужденным, не имеющим основного места работы, в местах, определяемых органами местного 
самоуправления по согласованию с уголовно-исполнительными инспекциями, но в районе места 
жительства осужденного.",Уголовно-исполнительный кодекс Российской Федерации.pdf,17
Как регулируется оборот земельных участков?,"Имущественные отношения, связанные с оборотом лесных участков, лесных насаждений, 
полученных при использовании лесов и осуществлении мероприятий по сохранению лесов 
древесины и иных лесных ресурсов, регулируются гражданским законодательством, а также 
Земельным кодексом Российской Федерации, если иное не установлено настоящим Кодексом, 
другими федеральными законами.",Лесной кодекс Российской Федерации.pdf,1
"Как можно предотвратить самовольное использование товарного знака, фирменного наименования или марки проектной продукции конкурента согласно ГОСТ МДС 80-2.2000?","Недобросовестная конкуренция чаще всего проявляется в следующем:
распространение ложных, неточных или искаженных сведений, способных
причинить убытки конкуренту (подразделению, специалисту) либо нанести ущерб его
деловой репутации;
введение потребителей (заказчиков проектной продукции (услуг)) в заблуждение
относительно характера, способа и места изготовления, потребительских свойств,
качества проектной продукции (услуг), разрабатываемых конкурентом;
некорректное сравнение собственных работ (услуг) с работами (услугами)
конкурентов;
самовольное использование товарного знака, фирменного наименования или марки
проектной продукции, а также копирование внешнего оформления продукции
конкурента;",Data1_10_10872_index.pdf,4
Какая ставка сбора установлена за прочие объекты водных биологических ресурсов?,"Ставки сбора за каждый объект водных биологических ресурсов, указанный в пунктах 4 и 5 настоящей 
статьи, устанавливаются в размере 0 рублей в случаях, если пользование такими объектами водных 
биологических ресурсов осуществляется при: 
рыболовстве в целях воспроизводства и акклиматизации водных биологических ресурсов; 
рыболовстве в научно-исследовательских и контрольных целях.",Налоговый кодекс Российской Федерации.pdf,1241
Какие задачи входит в область обеспечения проектно-сметной документацией согласно СНиП?,"В соответствии с основными задачами на работников, осуществляющих
технический надзор, возлагаются следующие обязанности:
контроль за соответствием строительно-монтажных работ, применяемых конструкций,
изделий, материалов и поставляемого оборудования проектным решениям, требованиям
строительных норм и правил, стандартов, технических условий и других нормативных
документов;
принятие своевременных мер и контроль за устранением выявленных дефектов в
проектно-сметной документации, ее пересмотр (в случае необходимости) и недопущение
необоснованного увеличения сметной стоимости строительства;
проверка 
наличия 
документов, 
удостоверяющих 
качество 
используемых 
на
строительстве конструкций, изделий и материалов (технических паспортов, сертификатов,
результатов лабораторных испытаний и др.);
контроль 
за 
выполнением 
геодезических 
работ 
в 
процессе 
строительства;
освидетельствование и оценка совместно с работниками строительно-монтажных
организаций выполненных работ и конструктивных элементов, скрываемых при
производстве последующих работ, а также обеспечение требований по запрещению
производства дальнейших работ до оформления актов на освидетельствование скрытых
работ;
осуществление по мере готовности с участием представителей генподрядной и
специализированной (монтажной) организаций, а также проектных организаций
промежуточной приемки ответственных конструкций зданий и сооружений - опор и
пролетных строений мостов, емкостных сооружений, несущих металлических и
железобетонных конструкций и т.",Data1_1_1804_index.pdf,8
С какого момента считается исполненным договор розничной купли-продажи товара по образцам?,"Если иное не предусмотрено договором купли-продажи, риск случайной гибели или случайного 
повреждения товара переходит на покупателя с момента, когда в соответствии с законом или договором 
продавец считается исполнившим свою обязанность по передаче товара покупателю.",Гражданский кодекс Российской Федерации.pdf,240
Какие нормативы затрат установлены для создания произведений скульптуры и монументально-декоративной живописи?,"При определении величины накладных расходов на основе нормативов
по видам строительных и монтажных работ следует иметь в виду, что в них
учтены отчисления на социальные нужды от фонда оплаты труда рабочих
(единый социальный налог) в составе прямых затрат, а при определении
величины сметной прибыли - учтены средства, необходимые для уплаты налога
на прибыль по установленным законодательством ставкам.",Data1_10_10848_index.pdf,7
Какие телефоны можно использовать для бесплатной юридической консультации в Санкт-Петербурге и Ленинградской области?,"Бесплатная юридическая консультация по телефонам: 
• 8 (499) 938-53-71 (Москва и МО); 
 
• 8 (812) 467-95-28 (Санкт-Петербург и ЛО); 
• 8 (800) 301-92-12 (Регионы РФ).",Налоговый кодекс Российской Федерации.pdf,1595
Какие элементы входят в стоимостной блок РТМ согласно СНиП?,"В блок стоимостной оценки РТМ, принимаемый в качестве базисного, включаются
показатели стоимости ресурсов в сметных ценах, введенных в действие с 01.01.91, и
в последующем периоде строительства вместо показателей в сметных ценах
приводятся показатели стоимости ресурсов в фактических ценах.",Data1_2_2080_index.pdf,5
"Что происходит, если участники не явились в заседание после перерыва?","Арбитражный суд может отложить судебное разбирательство, если признает, что оно не 
может быть рассмотрено в данном судебном заседании, в том числе вследствие неявки кого-либо 
из лиц, участвующих в деле, других участников арбитражного процесса, возникновения у суда 
обоснованных сомнений относительно того, что в судебном заседании участвует лицо, прошедшее 
идентификацию или аутентификацию, либо относительно волеизъявления такого лица, в случае 
возникновения технических неполадок при использовании технических средств ведения судебного 
заседания, в том числе систем видеоконференц-связи либо системы веб-конференции, а также при 
удовлетворении ходатайства стороны об отложении судебного разбирательства в связи с 
необходимостью представления ею дополнительных доказательств, при совершении иных 
процессуальных действий.",Арбитражный процессуальный кодекс Российской Федерации.pdf,83
Какие элементы включаются в комплексы упражнений подготовительных занятий для инвалидов по ГОСТ МДС 35-7.2000?,"В площадь подходов к оборудованию входят размеры проходов для незрячих и
«колясочников», а также место, где оставляется кресло-коляска, если для выполнения
упражнения необходима пересадка инвалида.",Data1_10_10847_index.pdf,2
Какие данные из технического журнала используются для составления дефектных ведомостей по МДС 14-13.2000?,"ГОССТРОЙ РОССИИ
М Е Т О Д И Ч Е С К И Е  Р Е К О М Е Н Д А Ц И И
ПО РАЗРАБОТКЕ
ТЕХНИЧЕСКОЙ ЧАСТИ
ТЕНДЕРНОЙ ДОКУМЕНТАЦИИ
И ОФЕРТЫ ПРЕТЕНДЕНТА
МДС-80-8.2000
МОСКВА 2000
Методические 
рекомендации 
по 
разработке 
технической 
части 
тендерной 
документации
предназначены 
для 
всех 
субъектов 
инвестиционной 
деятельности: 
заказчиков 
(инвесторов),
организаторов торгов, тендерных комитетов всех уровней, подрядных и субподрядных организаций,
представленных в качестве претендентов и оферентов, консалтинговых, инженерно-консультационных,
финансовых, страховых и иных организаций, в том числе иностранных партнеров, участвующих в
подрядных торгах на территории Российской Федерации, а также университетов и институтов
повышения квалификации руководящих работников и специалистов организаций вне зависимости от
видов и форм собственности.",Data1_10_10865_index.pdf,1
Какой телефон указан для бесплатной юридической консультации в регионах РФ?,"Бесплатная юридическая консультация по телефонам: 
• 8 (499) 938-53-84 (Москва и МО); 
 
• 8 (812) 467-95-33 (Санкт-Петербург и ЛО); 
• 8 (800) 301-79-07 (Регионы РФ).",Арбитражный процессуальный кодекс Российской Федерации.pdf,188
"Как учитываются доходы, связанные с операциями РЕПО по ценным бумагам, являющимся объектом операций займа?","Доходы, связанные с операциями РЕПО по ценным бумагам, являющимся объектом операций займа, 
учитываются в порядке, установленном статьей 214.3 настоящего Кодекса.",Налоговый кодекс Российской Федерации.pdf,781
Какие цели преследуются при технических осмотрах согласно МДС 14-13.2000?,"ГОССТРОЙ РОССИИ
ГОСУДАРСТВЕННОЕ ПРЕДПРИЯТИЕ
ЦЕНТР НАУЧНО-МЕТОДИЧЕСКОГО ОБЕСПЕЧЕНИЯ
ИНЖЕНЕРНОГО СОПРОВОЖДЕНИЯ ИНВЕСТИЦИЙ
В СТРОИТЕЛЬСТВЕ
(ГП «ЦЕНТРИНВЕСТпроект»)
ОРГАНИЗАЦИЯ РАБОТЫ
УПРАВЛЯЮЩЕГО ПРОЕКТОМ
(ГИПа, ГАПа)
В УСЛОВИЯХ РЫНКА
МЕТОДИЧЕСКИЕ РЕКОМЕНДАЦИИ
МДС 11-11.2000
МОСКВА 2002
Рассматриваются вопросы организации работы управляющего проектом в период
участия проектировщиков в проведении предварительных технико-экономических
оценок и расчетов инвестиций, проведении торгов (тендеров), при заключении
контракта (договора), проектировании, строительстве, вводе в действие объекта и
освоении проектных мощностей.",Data1_10_10858_index.pdf,1
Какие индексы указаны в таблице 1 для накладных расходов в строительстве?,"Рекомендуемый порядок определения стоимости строительства на ранней
стадии проектирования с использованием нормативной базы в регионах
Приложение 
1 
Перечень 
объектов-представителей, 
принимаемых 
для
разработки УПБС, (их технико-экономические показатели)
Приложение 2 Расчет величины накладных расходов и сметной прибыли при
определении стоимости строительства
Приложение 3 Структура затрат строительно-монтажных работ по панельному
9-этажному дому серии 90  (базисный уровень на 01.01.91)
Приложение 4 Р а с ч е т  №1 стоимости строительства 9-этажного 108-
квартирного дома серии 85-012, 013/1.2 в ценах на I кв.",Data1_2_2080_index.pdf,34
Кто представляет казначейскую отчетность в Министерство финансов Российской Федерации?,"Федеральное казначейство представляет казначейскую отчетность в Министерство 
финансов Российской Федерации.",Бюджетный кодекс Российской Федерации.pdf,381
Какие основные положения описаны в разделе 1.1 ГОСТ МДС 80-3.2000?,"ГОССТРОЙ РОССИИ
МЕТОДИЧЕСКИЕ РЕКОМЕНДАЦИИ
ПО ОЦЕНКЕ ОФЕРТ
И ВЫБОРУ ЛУЧШЕГО ПРЕДЛОЖЕНИЯ
ИЗ ПРЕДСТАВЛЕННЫХ
НА ПОДРЯДНЫЕ ТОРГИ
МДС 80-3.2000
МОСКВА 1998
РАЗРАБОТАНЫ 
Межрегиональным 
научно-методическим 
центром
ценообразования в строительстве ЦНИИЭУС Госстроя России (МЦЦС) (канд.",Data1_10_10869_index.pdf,1
Какие данные используются при определении затрат на приобретение основного и вспомогательного оборудования?,"Ценником учтены затраты на:
подготовительные работы:
организационно-инженерная 
подготовка, 
ознакомление 
с 
проектно-сметной
документацией, 
технической 
документацией 
предприятий-изготовителей,
эксплуатационно-технической документацией; проверка ее соответствия нормам,
проекту;
составление календарного графика, программы проведения пусконаладочных работ и
согласование их с заказчиком;
осмотр оборудования и проверка правильности выполнения монтажных работ в
соответствии с проектом и инструкциями заводов - изготовителей оборудования;
выдача замечаний и контроль за их устранением;
проведение 
инструктажа 
эксплуатационного 
персонала 
на 
рабочих 
местах,
ознакомление его с программой наладки, пуска и комплексного опробования
оборудования и систем;
наладочные работы:
участие в проведении индивидуальных испытаний;
наладка и пуск основного и вспомогательного оборудования установки;
опробование оборудования в комплексе на инертных средах с проверкой
правильности функционирования элементов технологической схемы;
составление ведомости дефектов и недоделок, наблюдение за их устранением;
комплексное опробование оборудования:
проведение комплексного опробования оборудования в технологической схеме после
наладки и вывод установки на технологический режим промышленной эксплуатации;
устойчивая работа оборудования на технологических режимах, установленных
проектом;
заключительные работы:
составление технического отчета по проведенным работам, оформление рабочей
приемосдаточной документации;
уборка рабочего места и приобретение проездных документов.",Data1_10_10864_index.pdf,31
Какие особенности определения налоговой базы могут быть установлены?,"В случае, если в налоговом периоде сумма налоговых вычетов, предусмотренных статьями 218 и 219, 
подпунктами 3 и 4 пункта 1 статьи 220 настоящего Кодекса, не может быть полностью учтена при 
определении основной налоговой базы, такие налоговые вычеты в части, которая не может быть учтена при 
определении основной налоговой базы, учитываются по итогам этого же налогового периода при 
определении налоговой базы по доходам, указанным в абзаце первом настоящего пункта, но в размере не 
более суммы такой налоговой базы.",Налоговый кодекс Российской Федерации.pdf,743
Какие сведения могут запрашивать представители работников у работодателя по вопросам введения технологических изменений?,"Изменение определенных сторонами условий трудового договора по причинам, 
связанным с изменением организационных или технологических условий труда 
В случае, когда по причинам, связанным с изменением организационных или технологических условий 
труда (изменения в технике и технологии производства, структурная реорганизация производства, другие 
причины), определенные сторонами условия трудового договора не могут быть сохранены, допускается их 
изменение по инициативе работодателя, за исключением изменения трудовой функции работника.",Трудовой кодекс Российской Федерации.pdf,52
Что означает пункт 11 в перечне операций с подакцизными товарами?,"Вычетам подлежат суммы акциза, начисленные при совершении операций, предусмотренных 
подпунктами 20 и 20.1 пункта 1 статьи 182 настоящего Кодекса, налогоплательщиком, имеющим 
свидетельство (свидетельства), предусмотренное (предусмотренные) пунктом 1 статьи 179.2 настоящего 
Кодекса, в случае использования полученного (оприходованного) этилового спирта для производства 
товаров, указанных в таком свидетельстве и (или) документах, представленных налогоплательщиком в 
соответствии с пунктом 4.5 статьи 179.2 настоящего Кодекса, при представлении документов в соответствии 
с пунктом 11 статьи 201 настоящего Кодекса.",Налоговый кодекс Российской Федерации.pdf,663
Как проводятся общественные обсуждения или публичные слушания по проекту решения о предоставлении разрешения на условно разрешенный вид использования земельного участка?,"В случае, если условно разрешенный вид использования земельного участка или объекта капитального 
строительства включен в градостроительный регламент в установленном для внесения изменений в 
правила землепользования и застройки порядке после проведения общественных обсуждений или 
публичных слушаний по инициативе физического или юридического лица, заинтересованного в 
предоставлении разрешения на условно разрешенный вид использования, решение о предоставлении 
разрешения на условно разрешенный вид использования такому лицу принимается без проведения 
общественных обсуждений или публичных слушаний.",Градостроительный кодекс Российской Федерации.pdf,92
"Какой документ определяет, что отчисления включаются в себестоимость продукции (работ, услуг)?","Отчисления в Фонд
социального
страхования
включаются в
себестоимость
продукции (работ,
услуг) (п.",Data1_2_2070_index.pdf,30
Что происходит с сроком действия трудового договора при переводе на должность научного работника в результате избрания по конкурсу?,"Испытание при приеме на работу не устанавливается для: 
лиц, избранных по конкурсу на замещение соответствующей должности, проведенному в порядке, 
установленном трудовым законодательством и иными нормативными правовыми актами, содержащими 
нормы трудового права; 
беременных женщин и женщин, имеющих детей в возрасте до полутора лет; 
лиц, не достигших возраста восемнадцати лет; 
лиц, получивших среднее профессиональное образование или высшее образование по имеющим 
государственную аккредитацию образовательным программам и впервые поступающих на работу по 
полученной специальности в течение одного года со дня получения профессионального образования 
соответствующего уровня; 
лиц, избранных на выборную должность на оплачиваемую работу; 
лиц, приглашенных на работу в порядке перевода от другого работодателя по согласованию между 
работодателями; 
лиц, заключающих трудовой договор на срок до двух месяцев; 
иных лиц в случаях, предусмотренных настоящим Кодексом, иными федеральными законами, 
коллективным договором.",Трудовой кодекс Российской Федерации.pdf,49
"Какие условия содержания предусмотрены для осужденных к смертной казни, в отношении которых приговор суда вступил в законную силу, но вопрос о помиловании не решен?","Мужчинам, осужденным к лишению свободы за совершение особо тяжких преступлений на срок свыше 
пяти лет, за совершение преступлений, предусмотренных статьей 205.2, частью второй статьи 205.4, частью 
первой статьи 206, частью первой статьи 211, статьями 220, 221, 360 настоящего Кодекса, а также при особо 
опасном рецидиве преступлений отбывание части срока наказания может быть назначено в тюрьме, при 
этом суд засчитывает время содержания осужденного под стражей до вступления в законную силу 
обвинительного приговора в срок отбывания наказания в тюрьме.",Уголовный кодекс Российской Федерации.pdf,19
Какова средняя площадь квартир в 24-квартирном индивидуальном проекте повторного применения?,"7 При проектировании комплексов базовая цена генерального плана, вертикальной планировки, благоустройства, озеленения и
внутриплощадочных инженерных сетей определяется с применением к цене комплекса следующих коэффициентов в
зависимости от площади отведенного участка и степени застройки объемными сооружениями:
территория от 0,5 до 3 га
площадь застройки до 30 % - 0,3,
площадь застройки свыше 30 % - 0,2;
территория от 3 до 10 га
площадь застройки до 30 % - 0.2,
площадь застройки свыше 30 % - 0,15;
территория более 10 га
площадь застройки до 30 % - 0,15,
площадь застройки свыше 30 % - 0,1.",Data1_11_11835_index.pdf,4
"Какие административные правонарушения может рассматривать федеральный орган исполнительной власти, осуществляющий функции по контролю и надзору в финансово-бюджетной сфере, согласно статье 23.7?","Рассматривать дела об административных правонарушениях от имени органов, указанных в части 1 
настоящей статьи, вправе: 
1) руководитель федерального органа исполнительной власти, осуществляющего функции по контролю и 
надзору в сфере транспорта, его заместители, руководители структурных подразделений федерального 
органа исполнительной власти, осуществляющего функции по контролю и надзору в сфере транспорта, их 
заместители, руководители территориальных органов федерального органа исполнительной власти, 
осуществляющего функции по контролю и надзору в сфере транспорта, их заместители, иные должностные 
лица федерального органа исполнительной власти, осуществляющего функции по контролю и надзору в 
сфере транспорта, уполномоченные осуществлять контроль и надзор в сфере транспорта (государственные 
транспортные инспектора), - об административных правонарушениях, совершенных в гражданской 
авиации и предусмотренных статьями 8.2, 8.2.1, 8.2.2, 8.2.3 (в части нарушения экологических требований 
на воздушном транспорте), статьей 8.3 (в части нарушения правил обращения с пестицидами и 
агрохимикатами на воздушном транспорте), статьями 8.22, 8.23, статьей 9.13 (в части уклонения от 
исполнения требований к обеспечению доступности для инвалидов объектов гражданской авиации и услуг 
по перевозке пассажиров в области гражданской авиации), частями 1, 3 - 6 статьи 11.3, статьей 11.3.1, 
частями 1 - 6, 8 и 9 статьи 11.5, частью 1 статьи 11.14, статьей 11.15, частью 1 статьи 11.15.1, частью 1 
статьи 11.15.2, статьей 11.16, частями 4 и 6 статьи 11.17, статьями 11.30, 11.31, частью 10 статьи 19.5,",Административный кодекс Российской Федерации.pdf,485
"Какие требования предъявляет ГОСТ МДС 17-13.2000 к утеплению трубопроводов, наличию или неисправности освещения продухов?","6
Входные двери и подъезды, оконные заполнения на лестничных
клетках и в квартирах (дата и номер акта сдачи)
 
 
7
Доводчики на входных дверях и лестничных клетках и
запирающие устройства (дата и номер акта сдачи)
 
 
8
Техподполье, подвальные помещения, состояние продухов,
установка регулируемых решеток, изоляция трубопроводов
Входные двери и другие работы по приведению в соответствие с
требованиями «Правил безопасности в газовом хозяйстве» (дата
и номер акта сдачи), ограждения приямков в подвалах и ЦТП
 
 
9
Внутридомовая система отопления (указать дату и номер акта
сдачи теплоснабжающей организации)
 
 
10
Помещение и оборудование местного теплового узла
 
 
11
Централизованный источник теплоснабжения (ЦТП, газ и
угольная котельная)
 
 
12
Местные источники отопления (печи, АГВ, ВНИИСТО и др.)
 
 
13
Водопроводно-канализационная 
система 
(исправность,
утепленность, дата и номер акта сдачи)
 
 
14
Электрохозяйство (дата и номер акта сдачи)
 
 
15
Дымоходы, вентиляционные каналы (дата и номер акта)
 
 
16
Отмостки.",Data1_10_10852_index.pdf,37
Что такое совокупность преступлений согласно статье 17 Уголовного кодекса РФ?,"Прокурор рассматривает уголовное дело, поступившее с обвинительным постановлением, и в течение 3 
суток принимает по нему одно из следующих решений: 
1) об утверждении обвинительного постановления и о направлении уголовного дела в суд; 
2) о возвращении уголовного дела для пересоставления обвинительного постановления в случае его 
несоответствия требованиям части первой статьи 226.7 настоящего Кодекса, устанавливая для этого срок 
не более 2 суток; 
3) о направлении уголовного дела дознавателю для производства дознания в общем порядке в следующих 
случаях: 
а) наличие обстоятельств, предусмотренных частью первой статьи 226.2 настоящего Кодекса; 
б) если при производстве по уголовному делу были допущены существенные нарушения требований 
настоящего Кодекса, повлекшие ущемление прав и законных интересов участников уголовного 
судопроизводства; 
в) если собранных доказательств в совокупности недостаточно для обоснованного вывода о событии 
преступления, характере и размере причиненного им вреда, а также о виновности лица в совершении 
преступления; 
г) наличие достаточных оснований полагать самооговор обвиняемого; 
4) о прекращении поступившего от дознавателя уголовного дела по основаниям, предусмотренным 
статьями 24, 25, 27, 28 и 28.1 настоящего Кодекса.",Уголовно-процессуальный кодекс Российской Федерации.pdf,161
Какое значение коэффициента принимается до начала применения налоговой ставки налога на прибыль организаций?,"Коэффициент 
 принимается равным 0 до начала применения участником регионального 
инвестиционного проекта, направленного на добычу полезных ископаемых, налоговой ставки налога на 
прибыль организаций, установленной пунктом 1.5 статьи 284 настоящего Кодекса, в соответствии с 
пунктом 2 статьи 284.3 настоящего Кодекса, а также резидентом территории опережающего социально-
экономического развития налоговой ставки, установленной пунктом 1.8 статьи 284 настоящего Кодекса, в 
соответствии со статьей 284.4 настоящего Кодекса.",Налоговый кодекс Российской Федерации.pdf,1405
Какие коэффициенты разрабатываются для учета изменений условий производства работ согласно ГОСТ МДС 81-10.2000?,"Технические части сборников ФЕРм содержат положения, касающиеся состава и
порядка применения всех единичных расценок данного сборника, конкретизирующие
положения настоящих Указаний или отличающиеся от них, а также коэффициенты к
единичным расценкам, учитывающие изменения условий производства монтажных
работ по сравнению с предусмотренными в единичных расценках сборников ФЕРм.",Data1_10_10754_index.pdf,4
Как рассчитываются индексы цен на строительно-монтажные работы согласно ГОСТу?,"На основе стоимостной оценки показателей, приводимых в блоке, для
анализируемого квартала (года, месяца) рассчитываются индексы фактических цен на
потребляемые ресурсы и на строительно-монтажные работы по сравнению с базовым
периодом или с фактическими ценами предшествующего периода (месяц, квартал
или год).",Data1_2_2080_index.pdf,5
Какая стоимостная оценка в базисном уровне (на 01.01.91) указана для электроконструкций в ГОСТ?,"Наименование ресурсов
Код
Единица
измерения
Объем
ресурсов по
объекту-
представителю
Стоимостная оценка в
базисном уровне цен
(на 01.01.91)
на единицу
объема,
руб.",Data1_2_2080_index.pdf,13
Какие доказательства могут быть исследованы при рассмотрении материалов налоговой проверки?,При рассмотрении материалов налоговой проверки ведется протокол.,Налоговый кодекс Российской Федерации.pdf,265
Какое решение о разработке проектной документации в сокращенном объеме должно быть включено в задание?,"С заданием на проектирование городской, поселковой черты заказчик должен
предоставлять проектной организации:
картографические материалы на территорию города, другого поселения и смежные с
ним земли;
копии 
основного 
чертежа 
генерального 
плана 
или 
другой 
действующей
градостроительной документации, определяющей развитие города, другого поселения,
территории сельского органа местного самоуправления;
данные об использовании земель города, другого поселения и намечаемых к включению
в 
его 
территорию 
земель 
по 
материалам 
государственного 
земельного 
учета
(инвентаризации);
перечень имеющихся в наличии у заказчика и в других службах обследовательских
материалов, которые могут быть использованы при разработке проекта.",Data1_1_1904_index.pdf,28
Какие меры предпринимаются в случае повреждения каналов связи?,"В случае, если род и вид, а также стоимость груза не были объявлены отправителем до 
погрузки груза и не были внесены в коносамент, ответственность перевозчика за утрату или 
повреждение принятого для перевозки груза не может превышать 666,67 расчетной единицы за 
место или другую единицу отгрузки либо две расчетные единицы за один килограмм массы брутто 
утраченного или поврежденного груза в зависимости от того, какая сумма выше.",Кодекс торгового мореплавания Российской Федерации.pdf,65
Какой индекс изменения стоимости СМР был в Брянской области в IV кв. 1992 г. по сравнению с базисным уровнем на 01.01.91 согласно МДС 81-9.2000?,"На основе приводимой стоимости показателей для анализируемого периода рассчитываются индексы изменения
стоимости строительно-монтажных работ по отношению к базисному уровню (на 01.01.91) 3.",Data1_2_2117_index.pdf,1
Какова стоимость строительных работ в II квартале 1993 года в текущем уровне цен?,"Приведение объемов капитальных вложений, рассчитанных в базисном уровне цен, в
уровень текущих (прогнозных) цен производится путем перемножения стоимости в базисном
уровне цен по каждому из элементов технологической структуры капитальных вложений
(стоимость строительно-монтажных работ, оборудования, прочие затраты) на соответствующий
текущий (прогнозный) индекс по отрасли (подотрасли), виду строительной продукции с
последующим суммированием итога по объему капитальных вложений (расчет рекомендуется
выполнять в табличной форме).",Data1_2_2075_index.pdf,4
Какие ГОСТы или СНиПы регулируют проектирование площадок для волейбола?,"Для строительства жилых и гражданских зданий (сооружений) разбивочная сеть
строительной площадки создается в виде сетей красных или других линий
регулирования застройки, для строительства подземных инженерных сетей - в виде
сетей 
теодолитных 
ходов 
(примерные 
схемы 
построения 
разбивочной 
сети
строительной площадки приведены в прил.",Data1_11_11285_index.pdf,5
Каким образом крепятся элементы светопропускающего заполнения к опорным конструкциям согласно ГОСТ МДС 31-8.2002?,"ЦЕНТРАЛЬНЫЙ НАУЧНО-ИССЛЕДОВАТЕЛЬСКИЙ
И ПРОЕКТНО-ЭКСПЕРИМЕНТАЛЬНЫЙ ИНСТИТУТ
ПРОМЫШЛЕННЫХ ЗДАНИЙ И СООРУЖЕНИЙ
ОАО «ЦНИИПРОМЗДАНИЙ»
РЕКОМЕНДАЦИИ
ПО ПРОЕКТИРОВАНИЮ
И УСТРОЙСТВУ ФОНАРЕЙ
ДЛЯ ЕСТЕСТВЕННОГО
ОСВЕЩЕНИЯ ПОМЕЩЕНИЙ
МДС 31-8.2002
Москва 2002
Рекомендованы к изданию решением Секции строительных конструкций зданий Научно-технического
совета ОАО «ЦНИИпромзданий» 10 июля 2002 г.",Data1_10_10846_index.pdf,1
"Какой период просрочки исполнения обязательства, обеспеченного залогом, считается допустимым?","При грубом нарушении залогодержателем или залогодателем указанных в пункте 1 настоящей 
статьи обязанностей, создающем угрозу утраты или повреждения заложенного имущества, залогодатель 
вправе потребовать досрочного прекращения залога, а залогодержатель - досрочного исполнения 
обязательства, обеспеченного залогом, и в случае его неисполнения - обращения взыскания на 
заложенное имущество.",Гражданский кодекс Российской Федерации.pdf,181
"Что происходит с затонувшим имуществом, если владелец отказывается от своих прав?","Если иное не предусмотрено подпунктом 2.5 настоящего пункта, при продаже имущества, полученного при 
осуществлении имущественных прав, ранее переданных налогоплательщику при ликвидации иностранной 
организации (прекращении (ликвидации) иностранной структуры без образования юридического лица) 
налогоплательщиком-акционером (участником, пайщиком, учредителем, контролирующим лицом 
иностранной организации или контролирующим лицом иностранной структуры без образования 
юридического лица), доходы которого в виде таких имущественных прав освобождаются от 
налогообложения в соответствии с пунктами 60 и (или) 60.1 статьи 217 настоящего Кодекса, 
налогоплательщик вправе уменьшить сумму своих облагаемых налогом доходов от продажи такого 
имущества на сумму, равную стоимости указанных имущественных прав по данным учета ликвидированной 
организации (структуры) на дату получения имущественных прав от такой организации (структуры), но не 
выше их рыночной стоимости, определяемой с учетом положений статьи 105.3 настоящего Кодекса на дату 
получения налогоплательщиком имущественных прав от такой иностранной организации (структуры); 
2.2) при реализации имущественных прав (в том числе долей, паев), приобретенных у контролируемой 
иностранной компании, в случае, если доходы такой контролируемой иностранной компании от 
реализации этих имущественных прав (в том числе долей, паев) и расходы в виде цены их приобретения 
исключаются из прибыли (убытка) такой иностранной компании на основании пункта 10 статьи 309.1 
настоящего Кодекса, налогоплательщиком, признаваемым контролирующим лицом такой контролируемой 
иностранной компании или являющимся российским взаимозависимым лицом такого контролирующего 
лица, сумма фактически произведенных расходов в виде стоимости имущественных прав (в том числе 
долей, паев) определяется исходя из меньшей из следующих стоимостей: 
документально подтвержденной стоимости по данным учета контролируемой иностранной компании на 
дату перехода права собственности на указанные имущественные права (в том числе доли, паи) от 
контролируемой иностранной компании; 
рыночной стоимости указанных имущественных прав (в том числе долей, паев) на дату перехода права 
собственности от контролируемой иностранной компании, определяемой с учетом положений статьи 105.3 
настоящего Кодекса; 
2.3) при реализации и (или) ином выбытии имущества (имущественных прав), полученного фактическим 
владельцем от его номинального владельца, в случае, если такое имущество и его номинальный владелец 
указаны в специальной декларации, представленной в соответствии с Федеральным законом от 8 июня",Налоговый кодекс Российской Федерации.pdf,850
Что такое земли сельскохозяйственного назначения?,"На землях сельскохозяйственного назначения могут располагаться леса, которые 
подлежат освоению с соблюдением целевого назначения таких земель.",Лесной кодекс Российской Федерации.pdf,101
Какой способ выполнения работ по капитальному ремонту рекомендует ГОСТ МДС 14-13.2000?,"В случае передачи предприятием подрядной организации объема работ по капитальному
ремонту для выполнения их подрядным способом предприятие в праве передать подрядной
организации и соответствующие лимиты по труду, фонды и материалы с последующим
сообщением об этом вышестоящему органу.",Data1_1_1879_index.pdf,9
Какие законы Российской Федерации устанавливают состав земель поселений?,"С введением в действие законов Российской Федерации, устанавливающих состав
земель поселений, они приводятся в соответствие с законодательством.",Data1_1_1904_index.pdf,15
"Какие правила применяются к правам на исполнение, созданное в пределах установленных для работника (исполнителя) трудовых обязанностей?","Исполнение, созданное в порядке выполнения служебного задания 
К правам на исполнение, созданное в пределах установленных для работника (исполнителя) трудовых 
обязанностей, в том числе к правам на созданное в таком порядке совместное исполнение, соответственно 
применяются правила статьи 1295 настоящего Кодекса.",Гражданский кодекс Российской Федерации.pdf,549
Какие элементы должны быть показаны на схеме транспорта для городов с расчетной численностью населения 500 тысяч человек и более согласно ГОСТ МДС 11-7.2000?,"Генеральная схема расселения, природопользования и территориальной
организации производительных сил Российской Федерации, региональные схемы
расселения, территориальные схемы охраны природы и природопользования, схемы
районной планировки административно-территориальных образований, в которых
решаются вопросы федерального значения, генеральные планы городов с расчетной
численностью населения 500 тысяч человек и более, курортных городов и городов-
новостроек, а также исторических городов, наследие которых имеет общереспубликанскую
ценность, рассматриваются до их утверждения Главным управлением государственной
вневедомственной экспертизы при Госстрое Российской Федерации (Главгосэкспертизой
России), которое обеспечивает проведение комплексной экспертизы градостроительной
документации 
и 
подготавливает 
с 
участием 
подразделений 
по 
архитектуре 
и
градостроительству Госстроя России сводное экспертное заключение с участием органов
государственных 
экспертиз, 
местных 
архитектурных 
органов, 
заинтересованных
министерств, ведомств и организаций, а также с учетом результатов общественного
обсуждения.",Data1_1_1904_index.pdf,25
Какие коэффициенты применяются при демонтаже сборных деревянных конструкций?,"При отсутствии в сборниках ГЭСН необходимых сметных норм на демонтаж
(разборку) конструкций зданий и сооружений, внутренних санитарно-технических
устройств и наружных сетей, затраты на демонтаж должны определяться по
соответствующим нормам сборников ГЭСН с применением к нормам затрат труда
рабочих-строителей машинистов и нормам времени эксплуатации машин и
механизмов, следующих коэффициентов:
а) при демонтаже сборных железобетонных и бетонных конструкций - 0,8 (нормы
расходов материальных ресурсов не учитываются);
б) то же, сборных деревянных конструкций - 0,8 (нормы расходов материальных
ресурсов не учитываются);
в) 
то 
же, 
внутренних 
санитарно-технических 
устройств 
(водопровода,
канализации, 
водостоков, 
отопления, 
вентиляции) 
- 
0,4 
(нормы 
расходов
материальных ресурсов не учитываются);
г) то же, наружных сетей водопровода, канализации, теплоснабжения и
газоснабжения - 0,6 (нормы расходов материальных ресурсов не учитываются);
д) то же, металлических конструкций:
0,6 - к затратам труда рабочих-строителей;
0,7 - ко времени эксплуатации машин в т.ч.",Data1_10_10062_index.pdf,5
Какие технические характеристики и допуски для метода створных наблюдений приведены в СНиП 3.01.03-84?,"ЦЕНТРАЛЬНЫЙ НАУЧНО-ИССЛЕДОВАТЕЛЬСКИЙ
И ПРОЕКТНО-ЭКСПЕРИМЕНТАЛЬНЫЙ ИНСТИТУТ
ОРГАНИЗАЦИИ, МЕХАНИЗАЦИИ И ТЕХНИЧЕСКОЙ ПОМОЩИ
СТРОИТЕЛЬСТВУ (ЦНИИОМТП)
ГОССТРОЯ СССР
ПОСОБИЕ
ПО ПРОИЗВОДСТВУ ГЕОДЕЗИЧЕСКИХ РАБОТ
В СТРОИТЕЛЬСТВЕ
(к СНиП 3.01.03-84)
Утверждено приказом ЦНИИОМТП № 147
от 10 июля 1985 г.",Data1_11_11285_index.pdf,1
"Что означает, что решение суда первой инстанции может быть изменено или отменено, если нарушение привело или могло привести к принятию неправильного решения?","Комментарии к статьям на сайте 
https://kodasrf.ru/ 
 
 
 
заседания, или если судом был разрешен вопрос о правах и об обязанностях лиц, не привлеченных 
к участию в административном деле, или если решение суда первой инстанции принято в 
соответствии с частью 5 статьи 138 настоящего Кодекса, либо в случае нарушения правил о 
ведении аудиопротоколирования судебного заседания; 
4) отменить решение суда первой инстанции полностью или в части и прекратить 
производство по административному делу либо оставить заявление без рассмотрения полностью 
или в части по основаниям, указанным в статьях 194 и 196 настоящего Кодекса; 
5) оставить апелляционные жалобу, представление без рассмотрения по существу при 
наличии оснований, предусмотренных частью 1 статьи 301 настоящего Кодекса.",Кодекс административного судопроизводства Российской Федерации.pdf,199
"Допускается ли укрупнение номенклатуры при составлении сводного расчета затрат российских организаций в смешанных ценах, согласно ГОСТ МДС 81-21.2000?","Сводный сметный расчет стоимости строительства в смешанных ценах
Приложение 1 Перечень действующих нормативных документов Госстроя России, на
основании которых определяется стоимость строительства в Российской Федерации
Приложение 2 Перечень прочих работ и затрат, учитываемых в главе 9 сводного
сметного расчета (сводного расчета) стоимости строительства во внутренних ценах
Российской Федерации
Приложение 3 Сводный сметный расчет   стоимости строительства в смешанных
ценах
Приложение 4 Номенклатура сводного сметного расчета стоимости строительства в
смешанных ценах
Приложение 5 Расчет по определению сметной стоимости в смешанных ценах по
объемам работ (затрат), выполняемым российскими организациями
Приложение 6 Расчет по определению разницы в стоимости материальных ресурсов,
поставляемых из-за границы взамен изготавливаемых в Российской Федерации
Приложение 6.1 Пояснения по составлению Расчета по определению разницы в
стоимости 
материальных 
ресурсов, 
поставляемых 
из-за 
границы 
взамен
изготавливаемых в Российской Федерации, по форме № 3 (прил.",Data1_2_2082_index.pdf,30
Могут ли органы государственной власти субъектов РФ устанавливать более высокие размеры районных коэффициентов?,"Органы государственной власти субъектов Российской Федерации и органы местного самоуправления 
вправе за счет средств соответственно бюджетов субъектов Российской Федерации и бюджетов 
муниципальных образований устанавливать более высокие размеры районных коэффициентов для 
государственных органов субъектов Российской Федерации, государственных учреждений субъектов 
Российской Федерации, органов местного самоуправления, муниципальных учреждений.",Трудовой кодекс Российской Федерации.pdf,178
"Когда не признается реализацией товаров, работ или услуг?","Не признается реализацией товаров, работ или услуг: 
1) осуществление операций, связанных с обращением российской или иностранной валюты (за 
исключением целей нумизматики); 
2) передача основных средств, нематериальных активов и (или) иного имущества организации ее 
правопреемнику (правопреемникам) при реорганизации этой организации; 
3) передача основных средств, нематериальных активов и (или) иного имущества некоммерческим 
организациям на осуществление основной уставной деятельности, не связанной с предпринимательской 
деятельностью; 
4) передача имущества, если такая передача носит инвестиционный характер (в частности, вклады в 
уставный (складочный) капитал хозяйственных обществ и товариществ, вклады по договору простого 
товарищества (договору о совместной деятельности), договору инвестиционного товарищества, паевые 
взносы в паевые фонды кооперативов); 
4.1) передача имущества и (или) имущественных прав по концессионному соглашению, соглашению о 
государственно-частном партнерстве, соглашению о муниципально-частном партнерстве в соответствии с 
законодательством Российской Федерации; 
5) передача имущества в пределах первоначального взноса участнику хозяйственного общества или 
товарищества (его правопреемнику или наследнику) при выходе (выбытии) из хозяйственного общества или 
товарищества, а также при распределении имущества ликвидируемого хозяйственного общества или 
товарищества между его участниками; 
6) передача имущества в пределах первоначального взноса участнику договора простого товарищества 
(договора о совместной деятельности), договора инвестиционного товарищества или его правопреемнику в 
случае выдела его доли из имущества, находящегося в общей собственности участников договора, или 
раздела такого имущества; 
7) передача жилых помещений физическим лицам в домах государственного или муниципального 
жилищного фонда при проведении приватизации;",Налоговый кодекс Российской Федерации.pdf,102
Какие требования предъявляются к точности разбивки длин сторон опорного контура и измерению углов и линий согласно СНиП 3.01.03-84?,"Точности разбивки длин сторон опорного контура и измерения углов и линий
при выносе его в натуру должны быть обусловлены подъемностью оболочек и
допустимыми отклонениями в плане и по высоте монтажа сборных элементов
оболочки.",Data1_11_11285_index.pdf,18
Какие задачи ставит перед собой руководство проектной организации при формировании антимонопольных воздействий согласно ГОСТ МДС 80-2.2000?,"ГОССТРОЙ РОССИИ
ГОСУДАРСТВЕННОЕ ПРЕДПРИЯТИЕ
ЦЕНТР НАУЧНО-МЕТОДИЧЕСКОГО ОБЕСПЕЧЕНИЯ ИНЖЕНЕРНОГО
СОПРОВОЖДЕНИЯ ИНВЕСТИЦИЙ В СТРОИТЕЛЬСТВЕ
ГП «ЦЕНТРИНВЕСТпроект»
ИСПОЛЬЗОВАНИЕ КОНКУРЕНЦИИ
МЕЖДУ РАБОТНИКАМИ
ПРОЕКТНОЙ ОРГАНИЗАЦИИ
ДЛЯ ВЫЖИВАНИЯ НА РЫНКЕ
МДС 80-2.2000
Руководство для директора
МОСКВА 1998
Даются общие положения по организации внутренней конкуренции в проектной
организации, рассматриваются методы содействия развитию конкуренции и
практические вопросы организации внутренней конкуренции для различных уровней
управления.",Data1_10_10872_index.pdf,1
Какие лица могут участвовать в судебном заседании через веб-конференцию?,"Лица, участвующие в деле, и иные участники арбитражного процесса могут участвовать в 
судебном заседании путем использования системы веб-конференции при условии заявления ими 
соответствующего ходатайства и при наличии в арбитражном суде технической возможности 
осуществления веб-конференции.",Арбитражный процессуальный кодекс Российской Федерации.pdf,79
В какой форме выдается судебный приказ?,"В случае взыскания государственной пошлины с должника в доход соответствующего 
бюджета на основании судебного приказа выдается исполнительный лист, который заверяется 
гербовой печатью суда и направляется судом для исполнения в этой части судебному приставу-
исполнителю.",Кодекс административного судопроизводства Российской Федерации.pdf,67
Какие товары приобретают статус товаров Союза после помещения под таможенную процедуру реимпорта?,"Отходы, образовавшиеся в результате уничтожения, не подлежащие помещению под 
таможенные процедуры, приобретают статус товаров Союза и считаются не находящимися под 
таможенным контролем со дня признания в соответствии с законодательством государств-членов 
образовавшихся отходов непригодными для их дальнейшего коммерческого использования либо со 
дня представления таможенному органу документов, подтверждающих факт захоронения, 
обезвреживания, утилизации или уничтожения образовавшихся отходов иным способом либо факт 
их передачи для совершения таких операций.",Таможенный кодекс Евразийского экономического союза.pdf,289
Какие действия должен выполнять заказчик-застройщик в части передачи оборудования и материалов в монтаж?,"контроль за соответствием объемов и качества выполненных и предъявленных к оплате
строительно-монтажных работ проектно-сметной документации;
проведение учета объемов и стоимости принятых и оплаченных строительно-
монтажных работ, а также объемов и стоимости некачественно выполненных подрядной
организацией строительно-монтажных работ и затрат на устранение дефектов и переделки;
контроль наличия и правильности ведения первичной исполнительной технической
документации 
(исполнительных 
схем 
инструментальной 
съемки 
смонтированных
конструкций, частей зданий, сооружений и инженерных коммуникаций, общих и
специальных журналов работ) и внесение в нее изменений в связи с выявленными
недостатками и дефектами при производстве строительно-монтажных работ;
контроль за исполнением строительно-монтажными организациями указаний и
предписаний авторского надзора и органов государственного строительного контроля, а
также требований технического надзора заказчика, относящихся к вопросам качества
выполняемых строительно-монтажных работ и применяемых конструкций, изделий,
материалов и оборудования, обеспечение своевременного устранения дефектов и
недоделок, выявленных при приемке отдельных видов работ, конструктивных элементов
зданий, сооружений и объектов в целом;
участие в проведении рабочими комиссиями (приемочными комиссиями) проверок
качества отдельных конструкций и узлов, видов строительно-монтажных работ,
оборудования и механизмов при их приемке;
участие в освидетельствовании объектов, зданий и сооружений, подлежащих
консервации, и в оформлении документации на консервацию или временное прекращение
строительства предприятий, зданий и сооружений, а также в оценке технического
состояния объектов при передаче их строительно-монтажным организациям для
продолжения работ;
участие в проверках, проводимых органами государственного надзора и строительного
контроля, отделениями и конторами финансирующих банков, а также ведомственными
инспекциями и комиссиями;
извещение органов государственного строительного контроля о всех случаях аварийного
состояния на объектах строительства и объемах работ по ликвидации аварий.",Data1_1_1804_index.pdf,9
Какие требования предъявляются к монтажу зенитных фонарей со светопропускающими элементами из листового стекла или стеклопакетов без установленных в световом проеме защитных металлических сеток согласно ГОСТ МДС 31-8.2002?,"Монтажные работы по устройству зенитных фонарей со светопропускающими элементами из
листового стекла или стеклопакетов без установленных в световом проеме защитных металлических сеток
производить не разрешается.",Data1_10_10846_index.pdf,18
Что грозит за установку на передней части транспортного средства световых приборов с огнями красного цвета?,"Управление транспортным средством, на передней части которого установлены световые приборы с 
огнями красного цвета или световозвращающие приспособления красного цвета, а равно световые 
приборы, цвет огней и режим работы которых не соответствуют требованиям Основных положений по 
допуску транспортных средств к эксплуатации и обязанностей должностных лиц по обеспечению 
безопасности дорожного движения, - 
влечет лишение права управления транспортными средствами на срок от шести месяцев до одного года с 
конфискацией указанных приборов и приспособлений.",Административный кодекс Российской Федерации.pdf,179
"Какую дополнительную информацию о претенденте следует указывать в форме 'Наименование организации, фирмы, консорциума' согласно ГОСТ МДС 80-5.2000?","ГОССТРОЙ РОССИИ
М Е Т О Д И Ч Е С К И Е  Р Е К О М Е Н Д А Ц И И
ПО РАЗРАБОТКЕ
ТЕХНИЧЕСКОЙ ЧАСТИ
ТЕНДЕРНОЙ ДОКУМЕНТАЦИИ
И ОФЕРТЫ ПРЕТЕНДЕНТА
МДС-80-8.2000
МОСКВА 2000
Методические 
рекомендации 
по 
разработке 
технической 
части 
тендерной 
документации
предназначены 
для 
всех 
субъектов 
инвестиционной 
деятельности: 
заказчиков 
(инвесторов),
организаторов торгов, тендерных комитетов всех уровней, подрядных и субподрядных организаций,
представленных в качестве претендентов и оферентов, консалтинговых, инженерно-консультационных,
финансовых, страховых и иных организаций, в том числе иностранных партнеров, участвующих в
подрядных торгах на территории Российской Федерации, а также университетов и институтов
повышения квалификации руководящих работников и специалистов организаций вне зависимости от
видов и форм собственности.",Data1_10_10865_index.pdf,1
Какие действия предпринимают финансовые органы для установления порядка составления бюджетной отчетности?,"Грубое нарушение требований к бюджетному (бухгалтерскому) учету, в том числе к составлению либо 
представлению бюджетной или бухгалтерской (финансовой) отчетности, либо грубое нарушение порядка 
составления (формирования) консолидированной бухгалтерской (финансовой) отчетности, если эти 
действия не содержат уголовно наказуемого деяния, - 
влечет наложение административного штрафа на должностных лиц в размере от пятнадцати тысяч до 
тридцати тысяч рублей.",Административный кодекс Российской Федерации.pdf,312
Какой телефон можно использовать для бесплатной юридической консультации в регионах РФ?,"Бесплатная юридическая консультация по телефонам: 
• 8 (499) 938-53-84 (Москва и МО); 
 
• 8 (812) 467-95-33 (Санкт-Петербург и ЛО); 
• 8 (800) 301-79-07 (Регионы РФ).",Водный кодекс Российской Федерации.pdf,32
В каком виде выдается судебный приказ?,"В судебном приказе указываются: 
1) номер дела и дата вынесения приказа; 
2) наименование суда, фамилия и инициалы судьи, вынесшего приказ; 
3) сведения о взыскателе: для гражданина-взыскателя - фамилия, имя, отчество (при наличии), дата и 
место рождения, место жительства или место пребывания, один из идентификаторов (страховой номер 
индивидуального лицевого счета, идентификационный номер налогоплательщика, серия и номер 
документа, удостоверяющего личность, серия и номер водительского удостоверения); для взыскателя, 
являющегося юридическим лицом, - наименование, адрес, идентификационный номер 
налогоплательщика; 
4) сведения о должнике, содержащиеся в заявлении о вынесении судебного приказа: для гражданина-
должника - фамилия, имя, отчество (при наличии), дата и место рождения, место жительства или место 
пребывания, место работы (если известно), один из идентификаторов (страховой номер индивидуального 
лицевого счета, идентификационный номер налогоплательщика, серия и номер документа, 
удостоверяющего личность, основной государственный регистрационный номер индивидуального 
предпринимателя, серия и номер водительского удостоверения); для организации-должника - 
наименование, адрес, идентификационный номер налогоплательщика и основной государственный 
регистрационный номер; 
5) закон, на основании которого удовлетворено требование; 
6) размер денежных сумм, подлежащих взысканию, или обозначение движимого имущества, 
подлежащего истребованию, с указанием его стоимости; 
7) размер неустойки, если ее взыскание предусмотрено федеральным законом или договором, а также 
размер пеней, если таковые причитаются; 
8) сумма государственной пошлины, подлежащая взысканию с должника в пользу взыскателя или в доход 
соответствующего бюджета; 
9) реквизиты банковского счета взыскателя, на который должны быть перечислены средства, подлежащие 
взысканию, в случае, если обращение взыскания производится на средства бюджетов бюджетной системы 
Российской Федерации; 
10) период, за который образовалась взыскиваемая задолженность по обязательствам, 
предусматривающим исполнение по частям или в виде периодических платежей.",Гражданский процессуальный кодекс Российской Федерации.pdf,49
Какие требования к фрагментам бортов ванн согласно ГОСТ МДС 35-7.2000?,"Для проверки требований ГОСТов и проекта к качеству применяемых при инъекционном химзакреплении грунтов
исходных и рабочих материалов (реагентов, цемента, гелеобразующих смесей, газов, цементных растворов) на месте работ
должны быть организованы систематические лабораторные определения соответствующих характеристик материалов.",Data1_11_11295_index.pdf,25
Что должен делать правообладатель в случае изменения сведений о себе?,"Подготовка предусмотренных пунктом 10 настоящей статьи сведений о границах зоны с особыми 
условиями использования территории обеспечивается собственниками зданий, сооружений, в связи с 
размещением которых устанавливаются или изменяются соответствующие зоны (концессионером, 
частным партнером в период действия концессионного соглашения, соглашения о государственно-частном 
партнерстве, соглашения о муниципально-частном партнерстве, предметом которых является эксплуатация 
(использование) таких здания, сооружения, если иное не предусмотрено указанными соглашениями), 
иным правообладателем таких здания, сооружения, если данная обязанность предусмотрена документом, 
на основании которого им осуществляются владение и (или) пользование такими зданием, сооружением, 
застройщиками в случае установления зоны с особыми условиями использования территории в связи с 
размещением планируемого к строительству объекта, а при отсутствии правообладателей, застройщиков 
или в случае установления зон с особыми условиями использования территорий по основаниям, не 
связанным с размещением зданий, сооружений, - органами государственной власти или органами 
местного самоуправления, уполномоченными на принятие решений об установлении, изменении, о 
прекращении существования зоны с особыми условиями использования территории, органами 
государственной власти или органами местного самоуправления, уполномоченными на установление 
границ зоны с особыми условиями использования территории, возникающей в силу федерального закона.",Земельный кодекс Российской Федерации.pdf,190
Какие стадии проектирования указаны для крытых тиров для пуевой стрельбы согласно СНиП?,"Крытый тир для стрельбы на дистанцию 25, 50 и 100 м на 5 стрелковых мест
""
187,78
-
Примечание - Базовая цена проектирования крытых тиров при включении в их состав дополнительных помещений определяется с применением
следующих коэффициентов.",Data1_11_11835_index.pdf,6
Как заключаются соглашения для социально-экономического развития поселений?,"Виды объектов регионального значения в указанных в части 3 статьи 14 настоящего Кодекса областях, 
подлежащих отображению на схеме территориального планирования субъекта Российской Федерации, 
определяются законом субъекта Российской Федерации; 
20) объекты местного значения - объекты капитального строительства, иные объекты, территории, 
которые необходимы для осуществления органами местного самоуправления полномочий по вопросам 
местного значения и в пределах переданных государственных полномочий в соответствии с федеральными 
законами, законом субъекта Российской Федерации, уставами муниципальных образований и оказывают 
существенное влияние на социально-экономическое развитие муниципальных районов, поселений, 
городских округов.",Градостроительный кодекс Российской Федерации.pdf,3
Какие расходы не учитываются при определении налоговой базы клиринговых организаций?,"Указанный убыток увеличивается на сумму накопленного процентного (купонного) дохода по таким ценным 
бумагам, ранее учтенную при определении налоговой базы в соответствии со статьями 271 и 328 
настоящего Кодекса, но фактически не полученную налогоплательщиком вследствие ликвидации 
организации-эмитента, если под него не создавался резерв по сомнительным долгам, и учитывается при 
определении налоговой базы, в которой учитывался соответствующий накопленный процентный 
(купонный) доход, на дату ликвидации организации-эмитента.",Налоговый кодекс Российской Федерации.pdf,1060
"Какие действия должен предпринять перевозчик, если груз был принят для перевозки после наступления срока прекращения обязательного приема груза?","Указанный срок исчисляется по требованиям: 
возмещения ущерба за утрату груза - по истечении тридцати дней со дня, в который груз 
должен быть выдан, при перевозке в смешанном сообщении - по истечении четырех месяцев со дня 
приема груза для перевозки; 
возмещения ущерба за повреждение груза, просрочки его доставки и возврата перебора или 
взыскания недобора провозных платежей - со дня выдачи груза и, если груз не был выдан, - со дня, 
в который он должен быть выдан; 
возмещения убытков за неподачу судна или подачу его с опозданием, платы за простой 
судна и досрочную погрузку или выгрузку груза - со дня окончания месяца, следующего за тем, в 
котором началась или должна была начаться перевозка груза; 
ко всем остальным случаям - со дня наступления события, послужившего основанием для 
предъявления требования.",Кодекс торгового мореплавания Российской Федерации.pdf,138
Какие виды геодезического контроля проводятся согласно СНиП 3.01.03-84?,"Точность построения внутренней разбивочной сети здания (сооружения) следует
принимать в соответствии с требованиями СНиП 3.01.03-84 (табл.",Data1_11_11285_index.pdf,35
"Что происходит, если банк несвоевременно зачисляет или списывает средства?","Сроки операций по счету 
Банк обязан зачислять поступившие для клиента денежные средства не позднее дня, следующего за днем 
поступления в банк соответствующего платежного документа, если более короткий срок не предусмотрен 
законом, установленными в соответствии с ним банковскими правилами или договором банковского счета.",Гражданский кодекс Российской Федерации.pdf,351
Могут ли клиринговые организации быть участниками консолидированной группы налогоплательщиков?,"В ходе рассмотрения материалов налоговой проверки руководитель (заместитель руководителя) 
налогового органа: 
1) устанавливает, совершало ли лицо, в отношении которого был составлен акт налоговой проверки 
(участник (участники) консолидированной группы налогоплательщиков), нарушение законодательства о 
налогах и сборах; 
2) устанавливает, образуют ли выявленные нарушения состав налогового правонарушения; 
3) устанавливает, имеются ли основания для привлечения лица к ответственности за совершение 
налогового правонарушения;",Налоговый кодекс Российской Федерации.pdf,256
"Какое наказание предусмотрено за незаконное получение сведений, составляющих государственную тайну?","То же деяние: 
а) совершенное группой лиц по предварительному сговору или организованной группой; 
б) сопряженное с умышленным созданием угрозы распространения сведений, составляющих 
государственную тайну, - 
наказывается штрафом в размере до семисот тысяч рублей или в размере заработной платы или иного 
дохода осужденного за период до двух лет либо лишением свободы на срок до четырех лет.",Уголовный кодекс Российской Федерации.pdf,160
Какая фирма представлена в списке основных характеристик изделий?,"Материальные ресурсы (материалы, изделия и конструкции) представлены в
ГЭСН в сокращенных наименованиях, по обобщенной номенклатуре, без указания
дополнительных технических характеристик и марок (не влияющих на числовые
значения норм) с приведением нормируемого расхода ресурсов, а в отдельных
случаях и без него.",Data1_10_10062_index.pdf,3
Какие требования к травмобезопасности комплексных игровых площадок указаны в ГОСТ МДС 35-7.2000?,"Площадка с зоной водных игр (проект) (ФРГ)
а - зона физкультурно-игровых устройств, суммарная площадь песочниц 60 - 100 м2; б - зона игр с
глинистым песком для лепки, площадь ямы с песком 40 - 60 м2; в - зона с плескательным бассейном,
глубина воды 0 - 50 см, площадь поверхности воды 40 - 100 м2:
1 - деревянная башня; 2 - яма с песком, 3 - канатный мост; 4 - песочница; 5 - сидячие места для игр; 6 -
канатная подвесная дорога; 7 - качалка; 8 - канатные сетки для лазания; 9 - дерево для лазания; 10 -
катофон; 11 - песочный холм
· Основные требования к организации площадок для слепых и ограниченно зрячих
(ОЗ):
А - игровое пространство необходимо ограничивать загородкой высотой 600 - 900
мм;
Б - пешеходные и беговые дорожки должны быть снабжены направляющими
поручнями;
В - выступы на поручне обозначают конец дорожки;
Г - перепады рельефа отмечаются повышением или понижением направляющего
поручня;
Д - повороты дорожек обозначаются изменением качества и фактуры покрытия:
твердое - мягкое, гладкое - неровное, с выпуклыми или вогнутыми плитами;
Е - на пешеходных дорожках устанавливается указатель направления движения к
площадке со стационарным игровым оборудованием.",Data1_10_10847_index.pdf,17
"Какое название имеет документ, регламентирующий проектирование и устройство фонарей для естественного освещения помещений согласно ГОСТ МДС 31-8.2002?","ЦЕНТРАЛЬНЫЙ НАУЧНО-ИССЛЕДОВАТЕЛЬСКИЙ
И ПРОЕКТНО-ЭКСПЕРИМЕНТАЛЬНЫЙ ИНСТИТУТ
ПРОМЫШЛЕННЫХ ЗДАНИЙ И СООРУЖЕНИЙ
ОАО «ЦНИИПРОМЗДАНИЙ»
РЕКОМЕНДАЦИИ
ПО ПРОЕКТИРОВАНИЮ
И УСТРОЙСТВУ ФОНАРЕЙ
ДЛЯ ЕСТЕСТВЕННОГО
ОСВЕЩЕНИЯ ПОМЕЩЕНИЙ
МДС 31-8.2002
Москва 2002
Рекомендованы к изданию решением Секции строительных конструкций зданий Научно-технического
совета ОАО «ЦНИИпромзданий» 10 июля 2002 г.",Data1_10_10846_index.pdf,1
Какие требования предъявляет ГОСТ МДС 35-7.2000 к проектированию висячего моста?,"Комментарии к статьям на сайте 
https://kvvt.ru/ 
 
 
 
Федерации или законодательство Российской Федерации, регулирующие или запрещающие 
ограничение ответственности за ядерный ущерб; 
2) требованиям, предъявленным к владельцу судна с ядерным двигателем относительно 
ядерного ущерба; 
3) требованиям работников владельца судна, спасателя или спасателей, обязанности 
которых связаны с судном, а также их наследников, иждивенцев или других лиц, имеющих право 
предъявлять такие требования, если в соответствии с законодательством, регулирующим 
отношения по трудовому договору между владельцем судна и работниками, владелец судна не 
вправе ограничить свою ответственность по этим требованиям либо если в соответствии с 
указанным законодательством он может ограничить ее только суммой, превышающей сумму, 
предусмотренную пунктом 7 настоящей статьи.",Кодекс внутреннего водного транспорта Российской Федерации.pdf,70
"Какие действия следует предпринять при обнаружении сквозных и волосных трещин согласно ТП-70 С., СНиП II-22-81, СНиП 2.03.01-84*?","Стальные конструкции
                                                  Инструкция о составе, порядке разработки, согласования и утверждения
градостроительной документации
СНиП 2.03.06-85                     Алюминиевые конструкции
СНиП II-22-81                         Каменные и армокаменные конструкции
СНиП II-25-80                         Деревянные конструкции
СНиП 2.02.03-85                     Свайные фундаменты
СНиП 2.02.01-83*                   Основания зданий и сооружений
СНиП 2.02.05-87                     Фундаменты машин с динамическими нагрузками
СНиП II-26-76                         Кровли
СНиП 2.03.13-88                     Полы
СНиП 2.04.01-85                     Внутренний водопровод и канализация зданий
СНиП 2.04.03-85                     Канализация.",Data1_10_10865_index.pdf,30
Какие инвестиции не учитываются при расчете численности аппарата заказчика-застройщика согласно ГОСТ МДС 81-7.2000?,"При строительстве нескольких объектов, для которых настоящим Положением не
предусматривается возможность создания аппарата заказчика-застройщика (единого
заказчика или дирекции) допускается создание объединенного аппарата технического
надзора.",Data1_1_1804_index.pdf,9
Как закладывают контрольные знаки перед началом бетонирования и подъема опалубки? (СНиП 3.01.03-84),Точность разбивки назначается по СНиП 3.01.03-84 (табл.,Data1_11_11285_index.pdf,17
Какие данные должны быть указаны в графе 'УТВЕРЖДЕНИЕ'?,"ПРИЛОЖЕНИЕ 3
ОСНОВНЫЕ ТРЕБОВАНИЯ К ЗАДАНИЮ НА РАЗРАБОТКУ СХЕМЫ И ПРОЕКТА
РАЙОННОЙ ПЛАНИРОВКИ, ГЕНЕРАЛЬНОГО ПЛАНА ГОРОДА, ДРУГОГО
ПОСЕЛЕНИЯ, ТЕРРИТОРИИ СЕЛЬСКОГО ОРГАНА МЕСТНОГО
САМОУПРАВЛЕНИЯ
В задании на разработку схемы и проекта районной планировки, генерального плана
города, другого поселения, территории сельского органа моечного самоуправления должны
быть указаны:
наименование объекта, его основные характеристики (местоположение, численность
населения, территория, основные виды ресурсов, профилирующие отрасли производства,
административная 
структура, 
условия 
обеспечения 
инженерно-транспортной
инфраструктурой, другие специфические характеристики);
основание для проектирования;
состав 
участников 
разработки 
и 
согласования 
проектных 
материалов 
и 
их
взаимообязательства;
кем и в какие сроки должны выдаваться исходные данные для проектирования;
состав 
подлежащих 
передаче 
материалов 
и 
услуг 
по 
этапам 
(если 
они
предусматриваются), сроки и стоимость работ;
требования к содержанию и форме представляемых материалов, сроки проектирования;",Data1_1_1904_index.pdf,27
Кто имеет право на вознаграждение в соответствии с абзацем третьим пункта 2 статьи 1295?,"Автор созданного по заказу произведения, которому не принадлежит исключительное право на 
произведение, имеет право на вознаграждение в соответствии с абзацем третьим пункта 2 статьи 1295 
настоящего Кодекса.",Гражданский кодекс Российской Федерации.pdf,540
Какой ГОСТ или СНиП определяет методику расчета трудоемкости АУП?,"При отсутствии укрупненных нормативов или объектов-аналогов определение стоимости во внутренних (базисных) ценах Российской
Федерации производится:
по строительно-монтажным работам - на основании объемов основных строительных и монтажных работ, определенных в ТЭО или ТЭП, с
использованием “Сметных норм и расценок на стромительные работы” (СНиР-91) и “Расценок на монтаж оборудования” (СНиП 4.06-91), а
остальных строительно-монтажных работ - в процентах к стоимости основных работ, определяемых расчетом проектной организации;*
по оборудованию - по приводимым в составе ТЭО или ТЭП спецификациям на основное оборудование** или укрупненным показателям
стоимости этого оборудования, а по остальному оборудованию - в процентах к стоимости основного оборудования, определяемых расчетом
проектной организации*.",Data1_2_2069_index.pdf,4
Какой индекс изоляции воздушного шума (JB) должен быть согласно ГОСТ МДС-80-8.2000?,"Индекс изоляции воздушного шума JB
дБ
*
 
 
Индекс приведенного уровня ударного
шума Jy
ДБ
*
 
 
Предел огнестойкости
ч
0,75
 
 
* Принимается соискателем по СНиП II-12-77 в зависимости от назначения зданий и помещений.",Data1_10_10865_index.pdf,39
Какие требования к цветовым решениям для предотвращения чрезмерной яркости зон отдыха указаны в ГОСТ МДС 35-7.2000?,"Мезенцева
РЕКОМЕНДАЦИИ
ПО ПРОЕКТИРОВАНИЮ
ОКРУЖАЮЩЕЙ СРЕДЫ, ЗДАНИЙ И СООРУЖЕНИЙ
С УЧЕТОМ ПОТРЕБНОСТЕЙ ИНВАЛИДОВ И ДРУГИХ
МАЛОМОБИЛЬНЫХ ГРУПП НАСЕЛЕНИЯ
МДС 35-7.2000
Выпуск 13
ОБЩЕСТВЕННЫЕ ЗДАНИЯ И СООРУЖЕНИЯ.",Data1_10_10847_index.pdf,1
Как определяется прибыль (убыток) от реализации или выбытия амортизируемого имущества?,"При определении прибыли (убытка) контролируемой иностранной компании не учитываются следующие 
доходы (расходы) этой компании за период, за который в соответствии с личным законом такой компании 
составляется финансовая отчетность за финансовый год: 
1) в виде сумм от переоценки и (или) обесценения долей в уставном (складочном) капитале (фонде) 
организаций, паев в паевых фондах кооперативов и паевых инвестиционных фондах, ценных бумаг, 
производных финансовых инструментов по справедливой стоимости, произведенных в соответствии с 
применимыми стандартами составления финансовой отчетности, признанных в составе прибыли (убытка) 
контролируемой иностранной компании до налогообложения; 
1.1) в виде сумм доходов от реализации или иного выбытия долей в уставном (складочном) капитале 
(фонде) организаций, паев в паевых фондах кооперативов и паевых инвестиционных фондах, ценных бумаг 
и расходов, признанных при выбытии указанных активов в составе прибыли (убытка) контролируемой 
иностранной компании до налогообложения; 
2) в виде сумм прибыли (убытка) дочерних (ассоциированных) организаций (за исключением дивидендов), 
признанных в финансовой отчетности контролируемой иностранной компании в соответствии с ее личным 
законом (учетной политикой этой компании для целей составления ее финансовой отчетности);",Налоговый кодекс Российской Федерации.pdf,1180
Как контролируется перенесение разбивочных осей в натуру согласно СНиП 3.01.03-84?,"Точность построения внутренней разбивочной сети здания (сооружения) следует
принимать в соответствии с требованиями СНиП 3.01.03-84 (табл.",Data1_11_11285_index.pdf,35
Какие основные данные должны быть включены в годовой план капитального ремонта согласно ГОСТ МДС 14-13.2000?,"ПРИЛОЖЕНИЕ 3
ОСНОВНЫЕ ТРЕБОВАНИЯ К ЗАДАНИЮ НА РАЗРАБОТКУ СХЕМЫ И ПРОЕКТА
РАЙОННОЙ ПЛАНИРОВКИ, ГЕНЕРАЛЬНОГО ПЛАНА ГОРОДА, ДРУГОГО
ПОСЕЛЕНИЯ, ТЕРРИТОРИИ СЕЛЬСКОГО ОРГАНА МЕСТНОГО
САМОУПРАВЛЕНИЯ
В задании на разработку схемы и проекта районной планировки, генерального плана
города, другого поселения, территории сельского органа моечного самоуправления должны
быть указаны:
наименование объекта, его основные характеристики (местоположение, численность
населения, территория, основные виды ресурсов, профилирующие отрасли производства,
административная 
структура, 
условия 
обеспечения 
инженерно-транспортной
инфраструктурой, другие специфические характеристики);
основание для проектирования;
состав 
участников 
разработки 
и 
согласования 
проектных 
материалов 
и 
их
взаимообязательства;
кем и в какие сроки должны выдаваться исходные данные для проектирования;
состав 
подлежащих 
передаче 
материалов 
и 
услуг 
по 
этапам 
(если 
они
предусматриваются), сроки и стоимость работ;
требования к содержанию и форме представляемых материалов, сроки проектирования;",Data1_1_1904_index.pdf,27
"Какие изменения внесены в Закон ""Об акцизах"" в статье 3, пункте 2?","5.2 настоящего
приложения)
1.6
06.08.93 № 5604-
1
""О внесении изменений в
Закон 
Российской
Федерации ""Об акцизах""
Внесены изменения в п.2 статьи 3 Закона.",Data1_2_2082_index.pdf,25
Какие индексы указаны в таблице 1 для отчислений на социальные нужды?,"Расчет стоимости автомобильных перевозок производят по формулам, указанным в таблице настоящего раздела, с умножением на
текущий коэффициент к автомобильным тарифам, действовавшим в районе строительства по состоянию на 1 января 1991 г.",Data1_2_2076_index.pdf,5
Какие категории земель городов и других поселений указаны в ГОСТ МДС 11-7.2000?,"На плане должны быть
показаны:
существующая юридически установленная черта поселения, а при ее отсутствии
сложившаяся граница поселения; современное использование земель поселения по их
категориям, основным землепользованиям, видам их использования; включаемые в
территорию поселения земли по их категориям, землепользованиям, видам их
использования;
проектные решения утвержденного генерального плана города, другого поселения,
территории 
сельского 
органа 
местного 
самоуправления, 
другой 
действующей
градостроительной документации, иные решения, влияющие на установление или
изменение черты поселения;
проектируемая городская, поселковая черта и черта сельского поселения;
экспликация земель, поселения с указанием площадей территорий в существующей
границе; отдельно площадей территории, включаемых (исключаемых) в состав (из состава)
поселения, по категориям земель, землепользованиям, видам их использования; полное
наименование землепользователей, землевладельцев, собственников земель, смежно
расположенных с поселением.",Data1_1_1904_index.pdf,15
Какое согласие требуется для избрания меры пресечения в виде заключения под стражу в отношении судьи Конституционного Суда Российской Федерации?,"Судебное решение об избрании в отношении судьи Конституционного Суда Российской Федерации, 
судей иных судов в качестве меры пресечения заключения под стражу исполняется с согласия 
соответственно Конституционного Суда Российской Федерации или квалификационной коллегии судей.",Уголовно-процессуальный кодекс Российской Федерации.pdf,286
Какие картографические и справочные материалы результатов инженерных изысканий и исследований должны содержаться в исходной информации согласно ГОСТ МДС 11-7.2000?,"картографические и справочные материалы результатов инженерных изысканий и
исследований, а для курортов - материалы по оценке бальнеологических и курортных
ресурсов и медицинскому зонированию;
историко-архитектурные планы, проекты зон охраны памятников истории и культуры;
материалы экономических прогнозов;
материалы 
планировочно-градостроительных 
и 
отраслевых 
территориальных
проработок;
директивные материалы по территории проектируемого объекта, имеющие отношение к
его развитию, постановления и другие документы органов государственной власти и
местного самоуправления, общественных и хозяйственных организаций;
материалы топографо-геодезической подосновы соответствующих масштабов и
инженерно-геологических изысканий.",Data1_1_1904_index.pdf,31
Какая единица измерения используется для разработки норм согласно ГОСТ МДС 81-13.2000?,"При определении стоимости материалов, конструкций и изделий в текущем
уровне 
цен 
методом 
калькулирования 
следует 
учитывать 
положения
Методических указаний по разработке сборников (каталогов) сметных цен на
материалы, изделия, конструкции и сборников сметных цен на перевозку грузов
для строительства и капитального ремонта зданий и сооружений (МДС 81-2.99).",Data1_10_10848_index.pdf,6
"Какие работы по заделке выбоин в цементных, бетонных и асфальтовых полах предусмотрены в ГОСТ МДС 14-13.2000?","В ФЕРм учтены:
- сметные цены на материалы, изделия и конструкции - по Федеральному сборнику
сметных цен на материалы, изделия и конструкции, применяемые в монтажных
работах (включают средние сложившиеся отпускные цены и транспортные затраты в
размере до 13 % от отпускных цен, учитывающих доставку от франко-склада
изготовителя до франко-приобъектного склада строительства объекта, включая
заготовительно-складские расходы и расходы посредников в сфере обращения);
- затраты труда рабочих, кроме занятых управлением и обслуживанием машин, - в
разрезе квалификационных разрядов, рассчитанные исходя из уровня оплаты труда
рабочих строительного комплекса базового района по состоянию на 1 января 2000 г.",Data1_10_10754_index.pdf,2
"Используется ли сметная стоимость по объемам работ, выполняемым иностранными firmами, при определении сметной стоимости строительства в смешанных ценах?","1
2
3
4
5
6
1
Общие итоги по
главам 1 - 12 по
объемам работ
(затрат),
выполняемым
российскими
организациями
Сметная стоимость по сводному сметному
расчету 
стоимости 
строительства 
во
внутренних ценах Российской Федерации
 
 
 
всего:
+
-
+
в том числе:
 
 
 
строительных работ
+
-
+
монтажных работ
+
-
+
оборудования, мебели, инвентаря
+
-
+
прочих затрат
+
-
+
2
 
Поправки, 
вызванные 
условиями
строительства и контрактов с иностранными
фирмами
 
 
 
2.1
Расчет №
Поправка 
на 
разницу 
в 
стоимости
материальных ресурсов при применении
материальных ресурсов, поставляемых из-за
границы 
взамен 
изготавливаемых 
в
Российской Федерации по объемам работ
(затрат), 
выполняемым 
российскими
организациями
+
+
+
 
 
 
с (+-)
с(+-)
с(+-)
2.2
Расчет №
Поправки 
на 
стоимость 
услуг,
предоставляемых 
российскими
организациями 
иностранным 
фирмам,
участвующим в данном строительстве, по
объемам 
работ 
(затрат), 
выполняемым
иностранными фирмами
 
 
 
2.2.1
Расчет №
 
+
с(+-)
+
с(-)
+
с(+-)
2.2.2
Расчет №
 
+
с(+-)
+
с(-)
+
с(-)
2.2.3
Расчет №
 
+
с(+-)
+
с(-)
+
с(+-)
и т.д.",Data1_2_2082_index.pdf,15
Какие иные документы и материалы могут быть представлены?,"При завершении проверки таможенных, иных документов и (или) сведений до выпуска 
товаров в случае, если представленные в соответствии с настоящей статьей документы и (или) 
сведения либо объяснения причин, по которым такие документы и (или) сведения не могут быть 
представлены и (или) отсутствуют, либо результаты таможенного контроля в иных формах и (или) 
таможенной экспертизы товаров и (или) документов, проведенных в рамках такой проверки, не 
подтверждают достоверность и (или) полноту проверяемых сведений и (или) не устраняют 
оснований для проведения проверки таможенных, иных документов и (или) сведений, таможенным 
органом на основании информации, имеющейся в его распоряжении, направляется требование об 
изменении (дополнении) сведений, заявленных в таможенной декларации, до выпуска товаров в 
соответствии со статьей 112 настоящего Кодекса.",Таможенный кодекс Евразийского экономического союза.pdf,399
"Какой штраф предусмотрен для юридических лиц за непредставление или несвоевременное представление данных, позволяющих идентифицировать владельца программно-аппаратных средств доступа к информационным ресурсам, информационно-телекоммуникационным сетям, доступ к которым ограничен?","Непредставление оператором связи, собственником или иным владельцем технологической сети связи, 
имеющими уникальный идентификатор совокупности средств связи и иных технических средств в 
информационно-телекоммуникационной сети ""Интернет"", собственником или иным владельцем линий 
связи, пересекающих Государственную границу Российской Федерации, иным лицом при использовании 
линий связи, пересекающих Государственную границу Российской Федерации, либо иным лицом, если 
такое лицо имеет уникальный идентификатор совокупности средств связи и иных технических средств в 
информационно-телекоммуникационной сети ""Интернет"", в орган, осуществляющий функции по контролю 
и надзору в сфере связи, информационных технологий и массовых коммуникаций, информации, 
представление которой предусмотрено Федеральным законом от 7 июля 2003 года N 126-ФЗ ""О связи"", 
либо нарушение требований к срокам, порядку, составу или формату представления перечисленными 
лицами указанной информации, за исключением случаев, предусмотренных частью 1 статьи 13.43 
настоящего Кодекса, - 
влечет наложение административного штрафа на должностных лиц в размере от пяти тысяч до десяти 
тысяч рублей.",Административный кодекс Российской Федерации.pdf,406
Как проверяется внешний облик построенного или реконструированного объекта?,"В заявлении о выдаче разрешения на ввод объекта капитального строительства в эксплуатацию 
застройщиком указываются: 
1) согласие застройщика на осуществление государственной регистрации права собственности 
застройщика на построенные, реконструированные здание, сооружение и (или) на все расположенные в 
таких здании, сооружении помещения, машино-места в случае, если строительство, реконструкция здания, 
сооружения осуществлялись застройщиком без привлечения средств иных лиц; 
2) согласие застройщика и иного лица (иных лиц) на осуществление государственной регистрации права 
собственности застройщика и (или) указанного лица (указанных лиц) на построенные, реконструированные 
здание, сооружение и (или) на все расположенные в таких здании, сооружении помещения, машино-места 
в случае, если строительство, реконструкция здания, сооружения осуществлялись с привлечением средств 
иных лиц; 
3) сведения об уплате государственной пошлины за осуществление государственной регистрации прав; 
4) адрес (адреса) электронной почты для связи с застройщиком, иным лицом (иными лицами) в случае, 
если строительство или реконструкция здания, сооружения осуществлялись с привлечением средств иных 
лиц.",Градостроительный кодекс Российской Федерации.pdf,183
Как часто следует проверять горизонтальность рядов кладки согласно СНиП 3.01.03-84?,"Точность построения внутренней разбивочной сети здания (сооружения) следует
принимать в соответствии с требованиями СНиП 3.01.03-84 (табл.",Data1_11_11285_index.pdf,35
Когда автор считается согласившимся на обнародование произведения?,"Каждый автор произведения, вошедшего составной частью в аудиовизуальное произведение, как 
существовавшего ранее (автор произведения, положенного в основу сценария, и другие), так и созданного 
в процессе работы над ним (оператор-постановщик, художник-постановщик и другие), сохраняет 
исключительное право на свое произведение, за исключением случаев, когда это исключительное право 
было передано изготовителю или другим лицам либо перешло к изготовителю или другим лицам по иным 
основаниям, предусмотренным законом.",Гражданский кодекс Российской Федерации.pdf,523
Какие документы должны быть представлены для вычета акциза при использовании стали жидкой для производства продуктов металлургического производства?,"При проведении камеральной налоговой проверки налоговой декларации по акцизам, в которой 
заявлены налоговые вычеты, предусмотренные статьей 200 настоящего Кодекса в связи с возвратом 
покупателем налогоплательщику ранее реализованных подакцизных товаров (за исключением алкогольной 
и (или) подакцизной спиртосодержащей продукции), налоговой декларации по акцизам, представленной в 
связи с возвратом налогоплательщиком - производителем алкогольной и (или) подакцизной 
спиртосодержащей продукции этилового спирта поставщику - производителю этилового спирта, налоговой 
декларации по акцизам, отражающей налоговые вычеты сумм акциза, уплаченных налогоплательщиком 
при ввозе подакцизных товаров на территорию Российской Федерации, в дальнейшем использованных в 
качестве сырья для производства подакцизных товаров, налоговый орган вправе истребовать у 
налогоплательщика первичные и иные документы, подтверждающие возврат подакцизных товаров и 
правомерность применения указанных налоговых вычетов, за исключением документов, ранее 
представленных в налоговые органы по иным основаниям.",Налоговый кодекс Российской Федерации.pdf,229
"Что влечет наложение административного штрафа в размере от одной тысячи пятисот до двух тысяч пятисот рублей с конфискацией форменной одежды, знаков различия, символики государственных военизированных организаций, правоохранительных или контролирующих органов согласно части 2 статьи 17.12?","Воспрепятствование законной деятельности должностного лица органа государственного контроля 
(надзора), органа государственного финансового контроля, должностного лица организации, 
уполномоченной в соответствии с федеральными законами на осуществление государственного надзора, 
должностного лица органа муниципального контроля, органа муниципального финансового контроля по 
проведению проверок или уклонение от таких проверок, за исключением случаев, предусмотренных 
частью 4 статьи 14.24, частью 9 статьи 15.29 и статьей 19.4.2 настоящего Кодекса, - 
влечет наложение административного штрафа на граждан в размере от пятисот до одной тысячи рублей; 
на должностных лиц - от двух тысяч до четырех тысяч рублей; на юридических лиц - от пяти тысяч до 
десяти тысяч рублей.",Административный кодекс Российской Федерации.pdf,386
Какие условия позволяют уполномоченным экономическим операторам выпускать товары до подачи декларации?,"Комментарии к статьям на сайте 
https://tkeaes.ru/ 
 
 
 
уполномоченный экономический оператор, -не позднее срока, указанного в пункте 4 статьи 441 
настоящего 
Кодекса, 
обязанность 
по 
уплате 
налогов, 
специальных, 
антидемпинговых, 
компенсационных пошлин подлежит исполнению (налоги, специальные, антидемпинговые, 
компенсационные пошлины подлежат уплате) до подачи декларации на товары.",Таможенный кодекс Евразийского экономического союза.pdf,215
Какие требования к модульной конструкции зенитных фонарей согласно ГОСТ МДС 31-8.2002?,"Транспортирование и хранение конструкций фонарей, в том числе светопропускающих элементов,
должно производиться в соответствии с требованиями ГОСТ или технических условий на эти изделия, а также
установленными правилами перевозки таких грузов.",Data1_10_10846_index.pdf,17
Какие нормативы отчислений установлены для налога на имущество физических лиц в бюджетах городских округов с внутригородским делением?,"Комментарии к статьям на сайте 
https://budkod.ru/ 
 
 
 
находящегося в муниципальной собственности, за исключением движимого имущества 
муниципальных бюджетных и автономных учреждений, а также имущества муниципальных 
унитарных предприятий, в том числе казенных, - по нормативу 100 процентов; 
доходов от платных услуг, оказываемых муниципальными казенными учреждениями; 
части прибыли муниципальных унитарных предприятий, остающейся после уплаты налогов 
и иных обязательных платежей, в размерах, определяемых в порядке, установленном 
муниципальными правовыми актами представительных органов муниципальных образований; 
платы за использование лесов, расположенных на землях, находящихся в муниципальной 
собственности, - по нормативу 100 процентов; 
платы за увеличение площади земельных участков, находящихся в частной собственности, в 
результате перераспределения таких земельных участков и земельных участков, находящихся в 
муниципальной собственности, - по нормативу 100 процентов; 
платы по соглашениям об установлении сервитута, заключенным государственными 
(муниципальными) органами, единым институтом развития в жилищной сфере, государственными 
или 
муниципальными 
предприятиями 
либо 
государственными 
или 
муниципальными 
учреждениями в отношении земельных участков, находящихся в муниципальной собственности, 
или земельных участков, государственная собственность на которые не разграничена и которые 
расположены в границах муниципальных округов, городских округов, городских округов с 
внутригородским делением, городских, сельских поселений, - по нормативу 100 процентов в 
бюджет муниципального образования, в собственности (на территории) которого находится 
земельный участок, если иное не установлено настоящей статьей; 
платы за публичный сервитут, предусмотренной решением уполномоченного органа об 
установлении публичного сервитута в отношении земельных участков, находящихся в 
муниципальной собственности, или земельных участков, государственная собственность на 
которые не разграничена, которые расположены в границах муниципальных округов, городских 
округов, городских округов с внутригородским делением, городских, сельских поселений и не 
предоставлены гражданам или юридическим лицам (за исключением органов государственной 
власти (государственных органов), органов местного самоуправления (муниципальных органов), 
органов управления государственными внебюджетными фондами и казенных учреждений), - по 
нормативу 100 процентов в бюджет муниципального образования, в собственности (на территории) 
которого находится земельный участок, если иное не установлено настоящей статьей.",Бюджетный кодекс Российской Федерации.pdf,66
В каких случаях может быть вынесено ходатайство об ограничении профессиональной деятельности специалиста согласно СНиП?,"Ходатайство об ограничении профессиональной деятельности специалиста
выносится в случаях злонамеренного, грубого или многократного нарушения
положений настоящего Кодекса, которое повлекло за собой значительный
материальный и (или) моральный ущерб для участников контрактных, договорных
соглашений, коллег, пользователей продукции, а также в случаях, связанных с
предумышленным невыполнением профессионального долга и дискредитацией
профессии.",Data1_10_10851_index.pdf,6
Как исчисляется срок обязательных работ?,"Обязательные работы, исправительные работы, ограничение по военной службе, принудительные 
работы, арест, содержание в дисциплинарной воинской части, лишение свободы на определенный срок, 
пожизненное лишение свободы, смертная казнь применяются только в качестве основных видов 
наказаний.",Уголовный кодекс Российской Федерации.pdf,13
"Как заполняется раздел 1 сводного сметного расчета при строительстве, осуществляемом в полном объеме силами и средствами иностранной firmы?","5.4.1 и
5.4.2 настоящего Порядка и разницы между ними средства на покрытие затрат по уплате НДС не
включаются (как это предусмотрено указаниями Минархстроя России от 27.01.92 № БФ-75/12),
поскольку они учитываются отдельной строкой на общий итог сметной стоимости в смешанных
ценах по объемам работ (затрат), выполняемым российскими организациями, в разделе 1 сводного
сметного расчета стоимости строительства в смешанных ценах, составляемого по форме № 1 (см.",Data1_2_2082_index.pdf,8
В каких случаях комиссионер может отступить от указаний комитента?,"Комментарии к статьям на сайте
https://nkodeksrf.ru/
3.8) в виде прав на результаты интеллектуальной деятельности, созданные по заказу Фонда перспективных 
исследований и переданные безвозмездно лицам, указанным в пункте 1 части 2 статьи 9 Федерального 
закона от 16 октября 2012 года N 174-ФЗ ""О Фонде перспективных исследований""; 
4) в виде имущества, имущественных прав, которые получены в пределах вклада (взноса) участником 
организации (его правопреемником или наследником), при уменьшении уставного (складочного) капитала 
(фонда), при выходе из организации либо при распределении имущества ликвидируемой организации 
между ее участниками; 
5) в виде имущества, имущественных прав и (или) неимущественных прав, имеющих денежную оценку, 
которые получены в пределах вклада участником договора простого товарищества (договора о совместной 
деятельности) или его правопреемником в случае выделения его доли из имущества, находящегося в 
общей собственности участников договора, или раздела такого имущества; 
6) в виде средств и иного имущества, которые получены в виде безвозмездной помощи (содействия) в 
порядке, установленном Федеральным законом ""О безвозмездной помощи (содействии) Российской 
Федерации и внесении изменений и дополнений в отдельные законодательные акты Российской 
Федерации о налогах и об установлении льгот по платежам в государственные внебюджетные фонды в 
связи с осуществлением безвозмездной помощи (содействия) Российской Федерации""; 
7) в виде основных средств и нематериальных активов, безвозмездно полученных в соответствии с 
международными договорами Российской Федерации, а также в соответствии с законодательством 
Российской Федерации атомными станциями для повышения их безопасности, используемых для 
производственных целей; 
8) в виде имущества, полученного государственными и муниципальными учреждениями по решению 
органов исполнительной власти всех уровней; 
9) в виде имущества (включая денежные средства), поступившего комиссионеру, агенту и (или) иному 
поверенному в связи с исполнением обязательств по договору комиссии, агентскому договору или другому 
аналогичному договору, а также в счет возмещения затрат, произведенных комиссионером, агентом и (или) 
иным поверенным за комитента, принципала и (или) иного доверителя, если такие затраты не подлежат 
включению в состав расходов комиссионера, агента и (или) иного поверенного в соответствии с условиями 
заключенных договоров.",Налоговый кодекс Российской Федерации.pdf,914
Какие действия запрещены в процессе эксплуатации согласно ГОСТ МДС 17-13.2000?,"Применение разных индексов пересчета в текущие цены от цен 2000 года для
ТЕРм и для ФЕРм, пересчитанных в цены какого-либо региона, не допускается.",Data1_10_10754_index.pdf,18
"Какие тарифы страховых взносов применяются для плательщиков, указанных в подпунктах 5-9 пункта 1 статьи?","Комментарии к статьям на сайте 
https://nkodeksrf.ru/ 
 
 
 
 
нетрудоспособности и в связи с материнством, на обязательное медицинское страхование в течение 2017 - 
2027 годов устанавливаются в размере 0 процентов; 
3) для плательщиков, указанных в подпунктах 5 - 9 пункта 1 настоящей статьи, в течение 2017 - 2018 годов 
тарифы страховых взносов на обязательное пенсионное страхование устанавливаются в размере 20,0 
процента, на обязательное социальное страхование на случай временной нетрудоспособности и в связи с 
материнством, на обязательное медицинское страхование - 0 процентов.",Налоговый кодекс Российской Федерации.pdf,1635
Какие данные о относительной просадочности просадочных лессовых грунтов необходимы для проектирования инъекционного химзакрепления согласно СНиП 3.02.01-83?,"Проект инъекционного химзакрепления грунтов в целом разрабатывается на основе следующих материалов:
а) материалов проекта сооружения, содержащих полные технические данные о нем, включая генплан и разрезы с данными о
наземных конструкциях, фундаментах и основаниях, в том числе ожидаемые нагрузки на основание, а также сведения о
расположенных вблизи сооружения других объектах;
б) для существующих сооружений на основе имеющихся архивных материалов о данном сооружении и результатов
инженерного обследования сооружения с техническим заключением;
в) результатов инженерных изысканий, согласно требований СНиП и пособий на проектирование оснований и фундаментов
зданий и сооружений, и на инженерные изыскания в строительстве, а также результатов специальных исследований, согласно
разд.",Data1_11_11295_index.pdf,10
Какие данные представлены в столбце 'Генплан и транспорт' для санитарно-защитных зон в таблице 28 согласно СНиП?,"Проект инъекционного химзакрепления грунтов в целом разрабатывается на основе следующих материалов:
а) материалов проекта сооружения, содержащих полные технические данные о нем, включая генплан и разрезы с данными о
наземных конструкциях, фундаментах и основаниях, в том числе ожидаемые нагрузки на основание, а также сведения о
расположенных вблизи сооружения других объектах;
б) для существующих сооружений на основе имеющихся архивных материалов о данном сооружении и результатов
инженерного обследования сооружения с техническим заключением;
в) результатов инженерных изысканий, согласно требований СНиП и пособий на проектирование оснований и фундаментов
зданий и сооружений, и на инженерные изыскания в строительстве, а также результатов специальных исследований, согласно
разд.",Data1_11_11295_index.pdf,10
"Какие субсидии могут предоставляться юридическим лицам, являющимся стороной концессионных соглашений?","Заключение договора (соглашения) о предоставлении субсидии юридическому лицу, 
являющемуся стороной соглашения о защите и поощрении капиталовложений, заключенного в 
порядке, установленном Федеральным законом от 1 апреля 2020 года N 69-ФЗ ""О защите и 
поощрении капиталовложений в Российской Федерации"", на срок, превышающий срок действия 
утвержденных лимитов бюджетных обязательств, осуществляется в пределах сроков и объемов 
возмещения затрат, определяемых в соответствии с указанным Федеральным законом.",Бюджетный кодекс Российской Федерации.pdf,86
Какие ограничения могут препятствовать завершению строительства объектов незавершенного строительства?,"Комментарии к статьям на сайте 
https://zkodeksrf.ru/ 
 
 
 
 
капитального ремонта, сноса объектов капитального строительства, включенных в программу 
деятельности указанной публично-правовой компании на текущий год и плановый период в соответствии с 
Федеральным законом ""О публично-правовой компании ""Единый заказчик в сфере строительства"" и о 
внесении изменений в отдельные законодательные акты Российской Федерации""; 
22) публично-правовой компании ""Фонд развития территорий"" для осуществления функций и полномочий, 
предусмотренных Федеральным законом от 29 июля 2017 года N 218-ФЗ ""О публично-правовой компании 
""Фонд развития территорий"" и о внесении изменений в отдельные законодательные акты Российской 
Федерации"", если завершение строительства объектов незавершенного строительства (строительство 
объектов капитального строительства) на земельном участке, переданном (который может быть передан) 
указанной публично-правовой компании по основаниям, предусмотренным Федеральным законом от 26 
октября 2002 года N 127-ФЗ ""О несостоятельности (банкротстве)"", невозможно в связи с наличием 
ограничений, установленных земельным и иным законодательством Российской Федерации, при 
подтверждении наличия таких ограничений федеральным органом исполнительной власти, органом 
исполнительной власти субъекта Российской Федерации, органом местного самоуправления, 
уполномоченным на выдачу разрешений на строительство в соответствии с Градостроительным кодексом 
Российской Федерации; 
23) публично-правовой компании ""Роскадастр"" в отношении земельных участков, предоставленных на 
праве постоянного (бессрочного) пользования федеральным государственным учреждениям, 
реорганизация которых осуществлена в соответствии с Федеральным законом ""О публично-правовой 
компании ""Роскадастр""; 
24) участнику Военного инновационного технополиса ""Эра"" Министерства обороны Российской Федерации 
в соответствии с Федеральным законом ""О Военном инновационном технополисе ""Эра"" Министерства 
обороны Российской Федерации и о внесении изменений в отдельные законодательные акты Российской 
Федерации"" на территории указанного Технополиса на срок участия в его деятельности для достижения 
целей создания и решения задач указанного Технополиса в порядке, установленном федеральным 
органом исполнительной власти, осуществляющим функции по выработке и реализации государственной 
политики, нормативно-правовому регулированию в области обороны.",Земельный кодекс Российской Федерации.pdf,48
В каких случаях доказательство может быть признано недопустимым?,"В последнем случае владельцу вещественных 
доказательств могут быть возвращены предметы того же рода и качества или их стоимость.",Гражданский процессуальный кодекс Российской Федерации.pdf,31
Как долго может длиться экспертиза оферт?,"При размещении подрядов на проектирование и строительство «под ключ»
непроизводственных объектов в качестве основных могут рассматриваться такие
показатели, как архитектурная выразительность градостроительного комплекса,
стоимость строительства и затраты на эксплуатацию возводимых зданий и
сооружений.",Data1_10_10869_index.pdf,3
"Какое право применяется, если между сторонами обязательства не заключено соглашение о праве, подлежащем применению?","Правила настоящей статьи применяются, если между сторонами обязательства, возникающего 
вследствие причинения вреда, не заключено соглашение о праве, подлежащем применению к этому 
обязательству (статья 1223.1).",Гражданский кодекс Российской Федерации.pdf,486
"Какие дела об административных правонарушениях рассматривает федеральный орган исполнительной власти, осуществляющий функции в сфере деятельности войск национальной гвардии Российской Федерации?","Федеральный орган исполнительной власти, осуществляющий функции в сфере деятельности войск 
национальной гвардии Российской Федерации, рассматривает дела об административных 
правонарушениях, предусмотренных частью 36 статьи 19.5, частями 1, 3, 4, 4.1, 5 и 6 статьи 20.8, статьей 
20.11, частями 1 - 3 статьи 20.12, статьей 20.14, частями 1, 2 - 4 статьи 20.16, частью 1 статьи 20.23, статьей 
20.24 настоящего Кодекса.",Административный кодекс Российской Федерации.pdf,502
Какие меры предусмотрены для обеспечения температурно-влажностного режима подвальных помещений согласно ГОСТ МДС 13-18.2000?,"При прогрессирующих деформациях (о чем
свидетельствует разрушение маяка) для определения причин осадки и способа ее
устранения необходимо создать комиссию с участием представителей строительных и
проектных организаций;
б) на температурно-влажностный режим подвальных помещений и технических
подполий, который достигается:
- плотностью притворов в заполнениях оконных и дверных проемов;
- плотностью закрывания загрузочных люков, дверей, мусоросборных камер;
- утеплением трубопроводов, водомеров, входных дверей;
- исправностью остекления переплетов;
- постановкой пружин или амортизаторов на входных дверях;
- устранением всех повреждений конструкций подвалов (полов, стен, потолков,
перегородок и др.).",Data1_10_10852_index.pdf,3
"Что происходит, если сторона анализируемой сделки не отвечает требованиям для сопоставления?","В случае, если сторона анализируемой сделки не отвечает требованиям, предусмотренным подпунктами 
1 - 3 пункта 6 настоящей статьи, для сопоставления с рыночным интервалом рентабельности выбирается та 
сторона анализируемой сделки, которая в наибольшей степени отвечает указанным требованиям.",Налоговый кодекс Российской Федерации.pdf,298
Какова максимальная влажность древесины должна быть согласно ГОСТ МДС 17-13.2000?,"Отсутствуют: 
на автобусе, легковом и грузовом автомобилях, колесных тракторах - медицинская аптечка, 
огнетушитель, знак аварийной остановки по ГОСТу Р 41.27-2001; 
на грузовых автомобилях с разрешенной максимальной массой свыше 3,5 т и автобусах с 
разрешенной максимальной массой свыше 5 т - противооткатные упоры (должно быть не менее 
двух); 
на мотоцикле с боковым прицепом - медицинская аптечка, знак аварийной остановки по 
ГОСТу Р 41.27-2001.",ПДД Российской Федерации.pdf,62
Какие сведения должны быть указаны в исковом заявлении?,"В 
административном исковом заявлении должны быть указаны: 
1) сведения, предусмотренные пунктами 1 - 3, 5 и 9 части 2 статьи 125 настоящего Кодекса; 
2) наименование обязательного платежа, подлежащего взысканию, размер денежной суммы, 
составляющей платеж, и ее расчет; 
3) 
положения 
федерального 
закона 
или 
иного 
нормативного 
правового 
акта, 
предусматривающие уплату обязательного платежа; 
4) сведения о направлении требования об уплате платежа в добровольном порядке; 
5) размер и расчет денежной суммы, составляющей санкцию, и положения нормативного 
правового акта, устанавливающие санкцию; 
6) сведения об отмене судебного приказа по требованию о взыскании обязательных 
платежей и санкций, вынесенного в порядке, установленном главой 11.1 настоящего Кодекса.",Кодекс административного судопроизводства Российской Федерации.pdf,186
Какие нарушения относятся к категории «В» согласно ГОСТ МДС 17-13.2000?,"ГОССТРОЙ РОССИИ
М Е Т О Д И Ч Е С К И Е  Р Е К О М Е Н Д А Ц И И
ПО РАЗРАБОТКЕ
ТЕХНИЧЕСКОЙ ЧАСТИ
ТЕНДЕРНОЙ ДОКУМЕНТАЦИИ
И ОФЕРТЫ ПРЕТЕНДЕНТА
МДС-80-8.2000
МОСКВА 2000
Методические 
рекомендации 
по 
разработке 
технической 
части 
тендерной 
документации
предназначены 
для 
всех 
субъектов 
инвестиционной 
деятельности: 
заказчиков 
(инвесторов),
организаторов торгов, тендерных комитетов всех уровней, подрядных и субподрядных организаций,
представленных в качестве претендентов и оферентов, консалтинговых, инженерно-консультационных,
финансовых, страховых и иных организаций, в том числе иностранных партнеров, участвующих в
подрядных торгах на территории Российской Федерации, а также университетов и институтов
повышения квалификации руководящих работников и специалистов организаций вне зависимости от
видов и форм собственности.",Data1_10_10865_index.pdf,1
"Что означает знак 3.33 ""Движение транспортных средств с взрывчатыми и легковоспламеняющимися грузами запрещено""?","Комментарии к статьям на сайте 
https://stpddrf.ru/ 
 
 
 
1.2 - обозначает край проезжей части; 
1.3 - разделяет транспортные потоки противоположных направлений на дорогах с четырьмя 
и более полосами для движения в обоих направлениях, с двумя или тремя полосами - при ширине 
полос более 3,75 м; 
1.4 (цвет - желтый) - обозначает места, где запрещена остановка транспортных средств; 
1.5 - разделяет транспортные потоки противоположных направлений на дорогах, имеющих 
две или три полосы; обозначает границы полос движения при наличии двух и более полос, 
предназначенных для движения в одном направлении; 
1.6 - предупреждает о приближении к разметке 1.1 или 1.11, которая разделяет 
транспортные потоки противоположных или попутных направлений; 
1.7 - обозначает полосы движения в пределах перекрестка; 
1.8 - обозначает границу между полосой разгона или торможения и основной полосой 
проезжей части; 
1.9 - обозначает границы полос движения, на которых осуществляется реверсивное 
регулирование; разделяет транспортные потоки противоположных направлений (при выключенных 
реверсивных светофорах) на дорогах, где осуществляется реверсивное регулирование; 
1.10 (цвет - желтый) - обозначает места, где запрещена стоянка транспортных средств; 
1.11 - разделяет транспортные потоки противоположных или попутных направлений на 
участках дорог, где перестроение разрешено только из одной полосы; обозначает места, где 
необходимо разрешить движение только со стороны прерывистой линии (в местах разворота, 
въезда и выезда с прилегающей территории); 
1.12 - указывает место, где водитель должен остановиться при наличии знака 2.5 или при 
запрещающем сигнале светофора (регулировщика); 
1.13 - указывает место, где водитель должен при необходимости остановиться, уступая 
дорогу транспортным средствам, движущимся по пересекаемой дороге; 
1.14.1, 1.14.2 - обозначает пешеходный переход; стрелы разметки 1.14.2 указывают 
направление движения пешеходов; 
1.15 - обозначает место, где велосипедная дорожка пересекает проезжую часть; 
1.16.1 - обозначает островки, разделяющие транспортные потоки противоположных 
направлений, места для стоянки транспортных средств (парковки) и велосипедные полосы; 
1.16.2 - обозначает островки, разделяющие транспортные потоки одного направления; 
1.16.3 - обозначает островки в местах слияния транспортных потоков; 
1.17 (цвет - желтый) - обозначает места остановок маршрутных транспортных средств и 
стоянки такси; 
1.18 - указывает разрешенные на перекрестке направления движения по полосам.",ПДД Российской Федерации.pdf,51
"Какие документы должны быть приложены к информации, предоставляемой налогоплательщиком?","К заявлению, представлению о пересмотре судебного акта по новым или вновь 
открывшимся обстоятельствам должны быть приложены: 
1) копия судебного акта, о пересмотре которого ходатайствует заявитель; 
2) копии документов, подтверждающих новые или вновь открывшиеся обстоятельства; 
3) документ, подтверждающий направление другим лицам, участвующим в деле, копий 
заявления и документов, которые у них отсутствуют, а в случае ненаправления этих копий - копии 
заявления и документов по числу других лиц, участвующих в деле; 
4) документ, подтверждающий полномочия лица на подписание заявления, а также иные 
документы, указанные в части 3 статьи 55 настоящего Кодекса, если заявление подано 
представителем.",Кодекс административного судопроизводства Российской Федерации.pdf,222
"Какие статьи КоАП рассматривают судьи районных судов, согласно пункту 4 статьи 23.1?","Кассационные жалоба, представление подаются: 
1) на вступившие в законную силу судебные приказы, определения мировых судей; на 
вступившие в законную силу решения, апелляционные и иные определения районных судов; на 
вступившие в законную силу решения и определения по административным делам, указанным в 
пунктах 1 - 6, 12 - 15 части 1, части 2 статьи 20 настоящего Кодекса, апелляционные и иные 
определения верховных судов республик, краевых, областных судов, судов городов федерального 
значения, суда автономной области, судов автономных округов; на апелляционные и иные 
определения апелляционных судов общей юрисдикции, за исключением определений по 
административным делам, указанным в пунктах 7 - 11 части 1 статьи 20 настоящего Кодекса, - в 
кассационный суд общей юрисдикции; 
2) на вступившие в законную силу решения и определения гарнизонных военных судов; на 
вступившие в законную силу решения, апелляционные и иные определения окружных (флотских) 
военных судов; на апелляционные и иные определения апелляционного военного суда - в 
кассационный военный суд; 
3) на вступившие в законную силу решения и определения районных судов, если указанные 
судебные акты были обжалованы в кассационный суд общей юрисдикции; на вступившие в 
законную силу решения и определения верховных судов республик, краевых, областных судов, 
судов городов федерального значения, суда автономной области, судов автономных округов по 
административным делам, указанным в пунктах 7 - 11 части 1 статьи 20 настоящего Кодекса; на 
вступившие в законную силу решения и определения верховных судов республик, краевых, 
областных судов, судов городов федерального значения, суда автономной области, судов 
автономных округов по административным делам, указанным в пунктах 1 - 6, 12 - 15 части 1, части 
2 статьи 20 настоящего Кодекса, если такие судебные акты были обжалованы в кассационный суд 
общей юрисдикции; на апелляционные и иные определения верховных судов республик, краевых, 
областных судов, судов городов федерального значения, суда автономной области, судов 
автономных округов, если такие судебные акты были обжалованы в кассационный суд общей 
юрисдикции; на апелляционные и иные определения апелляционных судов общей юрисдикции по 
административным делам, указанным в пунктах 7 - 11 части 1 статьи 20 настоящего Кодекса; на 
апелляционные и иные определения апелляционных судов общей юрисдикции по другим делам, 
если такие определения были обжалованы в кассационный суд общей юрисдикции; на 
кассационные и иные определения кассационных судов общей юрисдикции, за исключением 
кассационных определений, которыми не были изменены или отменены судебные акты мировых 
судей или вынесенные по результатам их обжалования судебные акты, - в Судебную коллегию по 
административным делам Верховного Суда Российской Федерации; 
4) на вступившие в законную силу решения и определения гарнизонных военных судов, 
если указанные судебные акты были обжалованы в кассационный военный суд; на вступившие в 
законную силу решения и определения окружных (флотских) военных судов, вынесенные при 
рассмотрении административных дел по первой инстанции, если указанные судебные акты были 
обжалованы в кассационный военный суд; на апелляционные и иные определения окружных 
(флотских) военных судов, если указанные судебные акты были обжалованы в кассационный",Кодекс административного судопроизводства Российской Федерации.pdf,204
Какие действия рекомендуется проводить для сопоставления расценок на эксплуатацию строительных машин и тарифов на транспортные услуги согласно ГОСТ МДС 81-9.2000?,"МИНИСТЕРСТВО СТРОИТЕЛЬСТВА РОССИЙСКОЙ ФЕДЕРАЦИИ
(МИНСТРОЙ РОССИИ)
 
МЕТОДИЧЕСКИЕ РЕКОМЕНДАЦИИ
ПО РАСЧЕТУ ИНДЕКСОВ ЦЕН
НА СТРОИТЕЛЬНУЮ ПРОДУКЦИЮ
ДЛЯ ПОДРЯДНЫХ СТРОИТЕЛЬНО-МОНТАЖНЫХ
ОРГАНИЗАЦИЙ
 
МДС 81-14.2000
 
(приняты и введены в действие письмом
Минстроя РФ от 13 ноября 1996 г.",Data1_2_2117_index.pdf,1
Какова стоимость комментариев к статьям на сайте https://nkodeksrf.ru/ для организаций?,"Комментарии к статьям на сайте
https://nkodeksrf.ru/
Стоимость имущества (имущественных прав), полученного в порядке приватизации государственного или 
муниципального имущества в виде вклада в уставный капитал организаций, признается для целей 
настоящей главы по стоимости (остаточной стоимости), определяемой на дату приватизации в соответствии 
с требованиями к бухгалтерскому учету.",Налоговый кодекс Российской Федерации.pdf,1040
"Какие действия предпринимаются при невыполнении обязанностей по сносу самовольной постройки или ее приведению в соответствие с требованиями на земельном участке, не приобретенном иным лицом на публичных торгах?","Дела об оспаривании решений органов местного самоуправления о сносе самовольных 
построек или об их приведении в соответствие с предельными параметрами разрешенного 
строительства, реконструкции объектов капитального строительства, установленными правилами 
землепользования и застройки, документацией по планировке территории, или обязательными 
требованиями к параметрам объектов капитального строительства, установленными федеральными 
законами, об оспаривании решений органов государственной власти или органов местного 
самоуправления о прекращении вещных прав на земельные участки (права пожизненного 
наследуемого владения, права постоянного (бессрочного) пользования) в связи с неисполнением 
обязанностей по сносу самовольной постройки или ее приведению в соответствие с указанными 
параметрами и требованиями рассматриваются в срок, не превышающий одного месяца со дня 
поступления соответствующего заявления в арбитражный суд, включая срок на подготовку дела к 
судебному разбирательству и принятие решения по делу.",Арбитражный процессуальный кодекс Российской Федерации.pdf,103
